scenario_id,scenario_name,run_id,timestep_index,timestamp_seconds,total_occupancy,occupancy_zone_1,occupancy_zone_2,occupancy_zone_3,occupancy_zone_4,cpu_util_comp_1,gpu_util_comp_1,workload_cat_comp_1,heat_w_comp_1,cpu_util_comp_2,gpu_util_comp_2,workload_cat_comp_2,heat_w_comp_2,cpu_util_comp_3,gpu_util_comp_3,workload_cat_comp_3,heat_w_comp_3,cpu_util_comp_4,gpu_util_comp_4,workload_cat_comp_4,heat_w_comp_4,cpu_util_comp_5,gpu_util_comp_5,workload_cat_comp_5,heat_w_comp_5,cpu_util_comp_6,gpu_util_comp_6,workload_cat_comp_6,heat_w_comp_6,cpu_util_comp_7,gpu_util_comp_7,workload_cat_comp_7,heat_w_comp_7,cpu_util_comp_8,gpu_util_comp_8,workload_cat_comp_8,heat_w_comp_8,cpu_util_comp_9,gpu_util_comp_9,workload_cat_comp_9,heat_w_comp_9,cpu_util_comp_10,gpu_util_comp_10,workload_cat_comp_10,heat_w_comp_10,outdoor_temperature_c,relative_humidity_percent,solar_irradiance_w_m2,cooling_level_ac1,setpoint_ac1,state_ac1,cooling_level_ac2,setpoint_ac2,state_ac2,cooling_level_ac3,setpoint_ac3,state_ac3,cooling_level_ac4,setpoint_ac4,state_ac4,zone_1_temperature_c,zone_2_temperature_c,zone_3_temperature_c,zone_4_temperature_c,room_average_temperature_c,max_zone_temperature_c,min_zone_temperature_c,temperature_gradient_c,comp_heat_zone_1_w,comp_heat_zone_2_w,comp_heat_zone_3_w,comp_heat_zone_4_w,occ_heat_zone_1_w,occ_heat_zone_2_w,occ_heat_zone_3_w,occ_heat_zone_4_w,env_heat_zone_1_w,env_heat_zone_2_w,env_heat_zone_3_w,env_heat_zone_4_w,interzone_heat_zone_1_w,interzone_heat_zone_2_w,interzone_heat_zone_3_w,interzone_heat_zone_4_w,hvac_cooling_zone_1_w,hvac_cooling_zone_2_w,hvac_cooling_zone_3_w,hvac_cooling_zone_4_w,net_heat_zone_1_w,net_heat_zone_2_w,net_heat_zone_3_w,net_heat_zone_4_w,total_computational_heat_w,total_occupancy_heat_w,total_envelope_heat_w,total_hvac_cooling_w,total_net_heat_w,optimal_cooling_ac1,optimal_cooling_ac2,optimal_cooling_ac3,optimal_cooling_ac4,optimal_temperature_c,optimal_hvac_action,target_objective_cost
4,High Occupancy / Low Computer Load,0,0,0.0,12,3,3,3,3,7.42,2.4,IDLE,57.88,11.42,3.44,LIGHT,64.44,8.28,2.33,IDLE,58.84,12.21,1.85,LIGHT,63.04,9.84,2.16,IDLE,60.54,12.0,1.38,LIGHT,62.07,11.12,2.86,LIGHT,63.19,7.42,1.48,IDLE,56.49,8.95,2.88,IDLE,60.51,12.35,2.74,LIGHT,64.55,27.0,58.0,160.0,0.25,22.0,COOLING,0.25,22.0,COOLING,0.25,22.0,COOLING,0.25,22.0,COOLING,21.974,21.972,21.973,21.972,21.973,21.974,21.972,0.002,244.2,122.61,119.68,125.06,255.0,255.0,255.0,255.0,167.97,207.97,247.97,207.97,0.0,0.0,0.0,0.0,875.0,875.0,875.0,875.0,-207.83,-289.42,-252.35,-286.97,611.55,1020.0,831.88,3500.0,-1036.57,0.0,0.0,0.0,0.0,22.5,ECO_MAINTAIN,0.817
4,High Occupancy / Low Computer Load,0,1,10.0,12,3,3,3,3,7.83,3.3,IDLE,59.74,11.81,3.48,LIGHT,64.98,10.19,2.84,LIGHT,62.0,12.36,2.43,LIGHT,64.09,9.78,3.74,IDLE,62.84,12.99,2.92,LIGHT,65.62,8.83,2.79,IDLE,60.22,12.3,1.42,LIGHT,62.51,10.42,3.98,LIGHT,63.99,8.86,1.89,IDLE,58.91,27.0,58.0,160.1,0.25,22.0,COOLING,0.25,22.0,COOLING,0.25,22.0,COOLING,0.25,22.0,COOLING,21.97,21.966,21.968,21.966,21.968,21.97,21.966,0.004,250.81,128.46,122.73,122.9,255.0,255.0,255.0,255.0,168.1,208.16,248.17,208.16,-0.45,0.33,-0.2,0.33,875.0,875.0,875.0,875.0,-201.54,-283.05,-249.3,-288.61,624.9,1020.0,832.59,3500.0,-1022.5,0.0,0.0,0.0,0.0,22.5,ECO_MAINTAIN,0.8347
4,High Occupancy / Low Computer Load,0,2,20.0,12,3,3,3,3,12.4,3.5,LIGHT,65.75,12.65,3.5,LIGHT,66.06,11.13,1.61,LIGHT,61.33,8.01,3.7,IDLE,60.56,10.86,2.6,LIGHT,62.48,7.91,3.19,IDLE,59.67,8.73,3.7,IDLE,61.46,9.66,1.21,IDLE,58.89,9.74,2.42,IDLE,60.8,11.84,2.79,LIGHT,63.98,27.01,58.0,160.3,0.25,22.0,COOLING,0.25,22.0,COOLING,0.25,22.0,COOLING,0.25,22.0,COOLING,21.966,21.96,21.963,21.96,21.962,21.966,21.96,0.006,253.7,122.15,120.35,124.78,255.0,255.0,255.0,255.0,168.47,208.64,248.66,208.64,-0.91,0.66,-0.41,0.66,875.0,875.0,875.0,875.0,-198.74,-288.55,-251.4,-285.92,620.98,1020.0,834.41,3500.0,-1024.61,0.0,0.0,0.0,0.0,22.5,ECO_MAINTAIN,0.8545
4,High Occupancy / Low Computer Load,0,3,30.0,12,3,3,3,3,12.96,2.9,LIGHT,65.55,9.83,2.81,IDLE,61.5,7.97,3.24,IDLE,59.82,11.58,3.42,LIGHT,64.61,8.32,3.54,IDLE,60.71,10.06,3.47,LIGHT,62.78,9.65,1.81,IDLE,59.78,9.79,3.74,IDLE,62.85,7.47,2.76,IDLE,58.48,7.7,1.2,IDLE,56.42,27.01,58.0,160.4,0.25,22.0,COOLING,0.25,22.0,COOLING,0.25,22.0,COOLING,0.25,22.0,COOLING,21.962,21.954,21.958,21.954,21.957,21.962,21.954,0.008,251.48,123.49,122.63,114.9,255.0,255.0,255.0,255.0,168.6,208.83,248.86,208.83,-1.37,0.99,-0.62,0.99,875.0,875.0,875.0,875.0,-201.29,-286.69,-249.13,-295.28,612.5,1020.0,835.12,3500.0,-1032.39,0.0,0.0,0.0,0.0,22.5,ECO_MAINTAIN,0.8751
4,High Occupancy / Low Computer Load,0,4,40.0,12,3,3,3,3,9.77,3.92,IDLE,63.09,11.3,1.59,LIGHT,61.51,10.69,3.94,LIGHT,64.27,11.12,1.89,LIGHT,61.73,11.45,3.97,LIGHT,65.27,11.59,1.37,LIGHT,61.54,12.3,3.79,LIGHT,66.06,8.28,1.82,IDLE,58.08,10.91,2.59,LIGHT,62.52,12.67,2.66,LIGHT,64.83,27.01,58.0,160.6,0.25,22.0,COOLING,0.25,22.0,COOLING,0.25,22.0,COOLING,0.25,22.0,COOLING,21.958,21.948,21.953,21.948,21.952,21.958,21.948,0.01,250.6,126.81,124.14,127.35,255.0,255.0,255.0,255.0,168.75,209.08,249.14,209.08,-1.82,1.32,-0.82,1.32,875.0,875.0,875.0,875.0,-202.47,-282.79,-247.54,-282.25,628.9,1020.0,836.05,3500.0,-1015.05,0.0,0.0,0.0,0.0,22.5,ECO_MAINTAIN,0.8929
4,High Occupancy / Low Computer Load,0,5,50.0,12,3,3,3,3,11.03,1.18,LIGHT,60.56,9.14,1.81,IDLE,59.14,10.14,1.04,LIGHT,59.23,12.73,2.34,LIGHT,64.42,11.41,2.45,LIGHT,62.94,10.75,2.22,LIGHT,61.77,7.18,1.99,IDLE,56.96,7.45,3.22,IDLE,59.14,10.99,2.02,LIGHT,61.77,9.34,1.46,IDLE,58.86,27.01,58.0,160.7,0.25,22.0,COOLING,0.25,22.0,COOLING,0.25,22.0,COOLING,0.25,22.0,COOLING,21.954,21.942,21.948,21.942,21.947,21.954,21.942,0.012,243.35,124.71,116.1,120.63,255.0,255.0,255.0,255.0,168.88,209.27,249.34,209.27,-2.27,1.65,-1.02,1.65,875.0,875.0,875.0,875.0,-210.04,-284.37,-255.58,-288.45,604.79,1020.0,836.76,3500.0,-1038.44,0.0,0.0,0.0,0.0,22.5,ECO_MAINTAIN,0.9158
4,High Occupancy / Low Computer Load,0,6,60.0,12,3,3,3,3,7.7,1.54,IDLE,56.94,9.68,2.73,IDLE,61.2,12.4,3.7,LIGHT,66.05,11.74,1.32,LIGHT,61.65,11.55,1.57,LIGHT,61.79,11.22,2.78,LIGHT,63.2,11.9,3.77,LIGHT,65.53,10.98,1.19,LIGHT,60.51,10.86,1.66,LIGHT,61.07,8.26,3.21,IDLE,60.14,27.02,58.0,160.8,0.25,22.0,COOLING,0.25,22.0,COOLING,0.25,22.0,COOLING,0.25,22.0,COOLING,21.95,21.936,21.943,21.936,21.941,21.95,21.936,0.014,245.84,124.99,126.04,121.21,255.0,255.0,255.0,255.0,169.22,209.68,249.75,209.68,-2.73,1.98,-1.23,1.98,875.0,875.0,875.0,875.0,-207.67,-283.35,-245.44,-287.13,618.08,1020.0,838.33,3500.0,-1023.59,0.0,0.0,0.0,0.0,22.5,ECO_MAINTAIN,0.9345
4,High Occupancy / Low Computer Load,0,7,70.0,12,3,3,3,3,8.34,1.39,IDLE,57.51,11.63,1.06,LIGHT,61.13,7.19,1.17,IDLE,55.74,12.63,1.87,LIGHT,63.59,9.92,2.64,IDLE,61.36,7.99,2.83,IDLE,59.23,11.18,1.19,LIGHT,60.76,8.51,3.19,IDLE,60.42,8.57,1.98,IDLE,58.68,12.12,1.69,LIGHT,62.68,27.02,58.0,161.0,0.25,22.0,COOLING,0.25,22.0,COOLING,0.25,22.0,COOLING,0.25,22.0,COOLING,21.946,21.93,21.938,21.93,21.936,21.946,21.93,0.016,237.97,120.59,121.18,121.36,255.0,255.0,255.0,255.0,169.39,209.93,250.04,209.93,-3.18,2.31,-1.44,2.31,875.0,875.0,875.0,875.0,-215.82,-287.17,-250.22,-286.4,601.1,1020.0,839.29,3500.0,-1039.61,0.0,0.0,0.0,0.0,22.5,ECO_MAINTAIN,0.9569
4,High Occupancy / Low Computer Load,0,8,80.0,12,3,3,3,3,9.93,3.41,IDLE,62.53,7.25,3.67,IDLE,59.57,7.21,3.93,IDLE,59.91,12.51,3.87,LIGHT,66.44,10.32,2.28,LIGHT,61.32,10.07,3.71,LIGHT,63.15,8.52,2.16,IDLE,58.89,8.92,1.23,IDLE,57.99,12.59,1.98,LIGHT,63.71,7.63,3.23,IDLE,59.38,27.02,58.0,161.1,0.25,22.0,COOLING,0.25,22.0,COOLING,0.25,22.0,COOLING,0.25,22.0,COOLING,21.942,21.924,21.933,21.924,21.931,21.942,21.924,0.018,248.45,124.47,116.88,123.09,255.0,255.0,255.0,255.0,169.5,210.13,250.22,210.13,-3.64,2.64,-1.64,2.64,875.0,875.0,875.0,875.0,-205.69,-282.76,-254.54,-284.14,612.89,1020.0,839.98,3500.0,-1027.13,0.0,0.0,0.0,0.0,22.5,ECO_MAINTAIN,0.9764
4,High Occupancy / Low Computer Load,0,9,90.0,12,3,3,3,3,7.28,1.75,IDLE,56.73,8.68,1.71,IDLE,58.41,12.59,1.96,LIGHT,63.68,9.12,3.72,IDLE,61.98,11.59,2.5,LIGHT,63.24,7.71,1.57,IDLE,56.99,9.36,2.33,IDLE,60.2,8.63,1.75,IDLE,58.41,11.98,2.28,LIGHT,63.4,8.43,3.46,IDLE,60.73,27.02,58.0,161.2,0.25,22.0,COOLING,0.25,22.0,COOLING,0.25,22.0,COOLING,0.25,22.0,COOLING,21.938,21.918,21.928,21.918,21.925,21.938,21.918,0.02,240.8,120.23,118.61,124.13,255.0,255.0,255.0,255.0,169.63,210.31,250.42,210.31,-4.1,2.97,-1.85,2.97,875.0,875.0,875.0,875.0,-213.67,-286.49,-252.82,-282.59,603.77,1020.0,840.67,3500.0,-1035.57,0.0,0.0,0.0,0.0,22.5,ECO_MAINTAIN,0.9985
4,High Occupancy / Low Computer Load,0,10,100.0,12,3,3,3,3,9.39,2.77,IDLE,60.89,10.1,1.06,LIGHT,59.22,11.5,1.38,LIGHT,61.45,7.02,2.62,IDLE,57.7,12.26,1.81,LIGHT,63.04,7.73,2.07,IDLE,57.77,10.77,1.3,LIGHT,60.41,8.47,1.78,IDLE,58.26,10.38,1.64,LIGHT,60.44,10.34,1.63,LIGHT,60.37,27.03,58.0,161.4,0.25,22.0,COOLING,0.25,22.0,COOLING,0.25,22.0,COOLING,0.25,22.0,COOLING,21.934,21.912,21.923,21.912,21.92,21.934,21.912,0.022,239.26,120.81,118.67,120.81,255.0,255.0,255.0,255.0,170.0,210.79,250.91,210.79,-4.55,3.3,-2.05,3.3,875.0,875.0,875.0,875.0,-215.29,-285.1,-252.47,-285.1,599.55,1020.0,842.49,3500.0,-1037.96,0.0,0.0,0.0,0.0,22.5,ECO_MAINTAIN,1.0201
4,High Occupancy / Low Computer Load,0,11,110.0,12,3,3,3,3,8.15,1.39,IDLE,57.27,7.25,3.42,IDLE,59.19,10.48,2.55,LIGHT,61.93,12.58,1.54,LIGHT,63.04,11.42,1.9,LIGHT,62.12,11.1,2.08,LIGHT,61.99,11.48,3.59,LIGHT,64.73,9.24,2.82,IDLE,60.78,11.48,1.54,LIGHT,61.66,10.76,1.82,LIGHT,61.18,27.03,58.0,161.5,0.25,22.0,COOLING,0.25,22.0,COOLING,0.25,22.0,COOLING,0.25,22.0,COOLING,21.93,21.906,21.918,21.906,21.915,21.93,21.906,0.024,241.43,124.11,125.51,122.84,255.0,255.0,255.0,255.0,170.12,210.98,251.11,210.98,-5.01,3.63,-2.25,3.63,875.0,875.0,875.0,875.0,-213.46,-281.28,-245.63,-282.55,613.89,1020.0,843.19,3500.0,-1022.92,0.0,0.0,0.0,0.0,22.5,ECO_MAINTAIN,1.0399
4,High Occupancy / Low Computer Load,0,12,120.0,12,3,3,3,3,7.82,3.98,IDLE,60.74,7.59,2.11,IDLE,57.65,8.34,3.75,IDLE,61.05,7.71,2.77,IDLE,58.79,12.28,1.77,LIGHT,63.01,11.94,2.25,LIGHT,63.3,8.93,2.73,IDLE,60.26,8.8,3.94,IDLE,61.91,8.83,1.24,IDLE,57.9,12.1,1.99,LIGHT,63.11,27.03,58.0,161.7,0.25,22.0,COOLING,0.25,22.0,COOLING,0.25,22.0,COOLING,0.25,22.0,COOLING,21.926,21.9,21.913,21.9,21.91,21.926,21.9,0.026,238.23,126.31,122.17,121.01,255.0,255.0,255.0,255.0,170.29,211.23,251.4,211.23,-5.46,3.96,-2.46,3.96,875.0,875.0,875.0,875.0,-216.94,-278.5,-248.89,-283.8,607.72,1020.0,844.15,3500.0,-1028.13,0.0,0.0,0.0,0.0,22.5,ECO_MAINTAIN,1.0623
4,High Occupancy / Low Computer Load,0,13,130.0,12,3,3,3,3,8.3,1.79,IDLE,58.06,12.33,3.51,LIGHT,65.68,7.69,1.36,IDLE,56.65,8.98,2.49,IDLE,59.96,9.3,1.4,IDLE,58.73,9.86,1.39,IDLE,59.41,7.16,1.88,IDLE,56.77,12.01,3.09,LIGHT,64.65,12.24,2.07,LIGHT,63.4,9.65,2.71,IDLE,61.13,27.04,58.0,161.8,0.25,22.0,COOLING,0.25,22.0,COOLING,0.25,22.0,COOLING,0.25,22.0,COOLING,21.922,21.894,21.908,21.894,21.904,21.922,21.894,0.028,240.35,118.14,121.42,124.53,255.0,255.0,255.0,255.0,170.62,211.63,251.8,211.63,-5.91,4.29,-2.67,4.29,875.0,875.0,875.0,875.0,-214.94,-285.94,-249.45,-279.55,604.44,1020.0,845.68,3500.0,-1029.88,0.0,0.0,0.0,0.0,22.5,ECO_MAINTAIN,1.0848
4,High Occupancy / Low Computer Load,0,14,140.0,12,3,3,3,3,8.45,2.51,IDLE,59.33,12.87,1.34,LIGHT,63.1,7.8,2.21,IDLE,58.06,8.01,3.94,IDLE,60.92,9.5,3.04,IDLE,61.44,8.51,1.23,IDLE,57.48,11.13,4.0,LIGHT,64.91,10.9,1.97,LIGHT,61.58,12.8,2.86,LIGHT,65.29,9.14,2.23,IDLE,59.77,27.04,58.0,161.9,0.25,22.0,COOLING,0.25,22.0,COOLING,0.25,22.0,COOLING,0.25,22.0,COOLING,21.918,21.888,21.903,21.888,21.899,21.918,21.888,0.03,241.41,118.92,126.49,125.06,255.0,255.0,255.0,255.0,170.75,211.83,252.0,211.83,-6.37,4.62,-2.87,4.62,875.0,875.0,875.0,875.0,-214.21,-284.63,-244.38,-278.49,611.88,1020.0,846.41,3500.0,-1021.71,0.0,0.0,0.0,0.0,22.5,ECO_MAINTAIN,1.106
4,High Occupancy / Low Computer Load,0,15,150.0,12,3,3,3,3,10.66,3.75,LIGHT,63.95,12.31,2.63,LIGHT,64.33,8.25,2.15,IDLE,58.54,12.11,1.82,LIGHT,62.87,10.9,2.89,LIGHT,62.96,12.24,3.94,LIGHT,66.21,7.88,2.58,IDLE,58.72,8.41,3.27,IDLE,60.42,12.09,2.99,LIGHT,64.6,10.68,2.77,LIGHT,62.51,27.04,58.0,162.1,0.25,22.0,COOLING,0.25,22.0,COOLING,0.25,22.0,COOLING,0.25,22.0,COOLING,21.914,21.882,21.898,21.882,21.894,21.914,21.882,0.032,249.69,129.17,119.14,127.11,255.0,255.0,255.0,255.0,170.91,212.08,252.29,212.08,-6.82,4.95,-3.07,4.95,875.0,875.0,875.0,875.0,-206.22,-273.8,-251.64,-275.86,625.11,1020.0,847.36,3500.0,-1007.52,0.0,0.0,0.0,0.0,22.5,ECO_MAINTAIN,1.1268
4,High Occupancy / Low Computer Load,0,16,160.0,12,3,3,3,3,8.52,2.9,IDLE,60.0,10.27,1.12,LIGHT,59.52,7.75,1.52,IDLE,56.97,8.09,3.68,IDLE,60.63,10.8,1.77,LIGHT,61.16,7.55,3.2,IDLE,59.24,11.5,2.39,LIGHT,62.96,9.21,3.09,IDLE,61.15,8.02,2.6,IDLE,58.92,8.78,2.26,IDLE,59.36,27.04,58.0,162.2,0.25,22.0,COOLING,0.25,22.0,COOLING,0.25,22.0,COOLING,0.25,22.0,COOLING,21.91,21.876,21.893,21.876,21.889,21.91,21.876,0.034,237.12,120.4,124.11,118.28,255.0,255.0,255.0,255.0,171.03,212.28,252.47,212.28,-7.28,5.28,-3.28,5.28,875.0,875.0,875.0,875.0,-219.13,-282.04,-246.7,-284.16,599.91,1020.0,848.06,3500.0,-1032.03,0.0,0.0,0.0,0.0,22.5,ECO_MAINTAIN,1.1527
4,High Occupancy / Low Computer Load,0,17,170.0,12,3,3,3,3,7.74,3.81,IDLE,60.39,10.88,1.46,LIGHT,60.79,9.88,3.38,IDLE,62.42,11.9,2.58,LIGHT,63.74,12.89,2.41,LIGHT,64.73,10.85,1.14,LIGHT,60.27,10.99,1.91,LIGHT,61.6,11.63,3.85,LIGHT,65.31,11.63,1.8,LIGHT,62.24,11.79,3.13,LIGHT,64.43,27.05,58.0,162.4,0.25,22.0,COOLING,0.25,22.0,COOLING,0.25,22.0,COOLING,0.25,22.0,COOLING,21.906,21.87,21.888,21.87,21.884,21.906,21.87,0.036,247.34,125.0,126.91,126.67,255.0,255.0,255.0,255.0,171.41,212.74,252.98,212.74,-7.73,5.61,-3.48,5.61,875.0,875.0,875.0,875.0,-208.98,-276.65,-243.59,-274.98,625.92,1020.0,849.87,3500.0,-1004.2,0.0,0.0,0.0,0.0,22.5,ECO_MAINTAIN,1.1721
4,High Occupancy / Low Computer Load,0,18,180.0,12,3,3,3,3,7.82,3.27,IDLE,59.68,12.85,1.61,LIGHT,63.48,7.98,3.96,IDLE,60.91,9.94,3.96,IDLE,63.36,9.2,2.57,IDLE,60.35,7.05,1.11,IDLE,55.48,9.24,2.42,IDLE,60.18,12.65,2.35,LIGHT,64.34,10.38,2.59,LIGHT,61.86,11.61,3.16,LIGHT,64.25,27.05,58.0,162.5,0.25,22.0,COOLING,0.25,22.0,COOLING,0.25,22.0,COOLING,0.25,22.0,COOLING,21.902,21.864,21.883,21.864,21.878,21.902,21.864,0.038,247.43,115.83,124.52,126.11,255.0,255.0,255.0,255.0,171.54,212.93,253.17,212.93,-8.19,5.94,-3.69,5.94,875.0,875.0,875.0,875.0,-209.22,-285.3,-246.0,-275.02,613.89,1020.0,850.57,3500.0,-1015.54,0.0,0.0,0.0,0.0,22.5,ECO_MAINTAIN,1.1971
4,High Occupancy / Low Computer Load,0,19,190.0,12,3,3,3,3,9.99,2.28,IDLE,60.91,9.89,2.2,IDLE,60.66,11.85,2.93,LIGHT,64.21,8.79,2.35,IDLE,59.51,12.52,2.29,LIGHT,64.08,8.3,2.27,IDLE,58.78,8.77,2.43,IDLE,59.61,9.35,3.92,IDLE,62.57,8.25,3.18,IDLE,60.08,11.49,1.47,LIGHT,61.57,27.05,58.0,162.6,0.25,22.0,COOLING,0.25,22.0,COOLING,0.25,22.0,COOLING,0.25,22.0,COOLING,21.898,21.858,21.878,21.858,21.873,21.898,21.858,0.04,245.29,122.86,122.18,121.65,255.0,255.0,255.0,255.0,171.65,213.12,253.36,213.12,-8.65,6.27,-3.89,6.27,875.0,875.0,875.0,875.0,-211.71,-277.75,-248.35,-278.96,611.98,1020.0,851.25,3500.0,-1016.77,0.0,0.0,0.0,0.0,22.5,ECO_MAINTAIN,1.2206
4,High Occupancy / Low Computer Load,0,20,200.0,12,3,3,3,3,7.6,1.23,IDLE,56.34,11.63,1.39,LIGHT,61.62,12.83,1.82,LIGHT,63.77,7.1,1.29,IDLE,55.81,11.46,1.96,LIGHT,62.27,12.88,1.57,LIGHT,63.45,9.17,3.01,IDLE,60.98,11.58,1.6,LIGHT,61.88,7.01,3.97,IDLE,59.72,7.54,1.88,IDLE,57.24,27.06,58.0,162.8,0.25,22.0,COOLING,0.25,22.0,COOLING,0.25,22.0,COOLING,0.25,22.0,COOLING,21.894,21.852,21.873,21.852,21.868,21.894,21.852,0.042,237.54,125.72,122.86,116.96,255.0,255.0,255.0,255.0,172.03,213.59,253.86,213.59,-9.1,6.6,-4.1,6.6,875.0,875.0,875.0,875.0,-219.53,-274.09,-247.38,-282.85,603.08,1020.0,853.07,3500.0,-1023.85,0.0,0.0,0.0,0.0,22.5,ECO_MAINTAIN,1.2452
4,High Occupancy / Low Computer Load,0,21,210.0,12,3,3,3,3,11.59,2.85,LIGHT,63.76,11.5,2.46,LIGHT,63.06,8.46,3.39,IDLE,60.66,12.57,1.1,LIGHT,62.36,10.76,1.68,LIGHT,60.97,10.44,1.38,LIGHT,60.12,9.39,3.76,IDLE,62.38,8.34,2.55,IDLE,59.25,9.9,3.93,IDLE,63.27,9.49,3.32,IDLE,61.84,27.06,58.0,162.9,0.25,22.0,COOLING,0.25,22.0,COOLING,0.25,22.0,COOLING,0.25,22.0,COOLING,21.89,21.846,21.868,21.846,21.863,21.89,21.846,0.044,249.84,121.09,121.63,125.11,255.0,255.0,255.0,255.0,172.16,213.78,254.06,213.78,-9.55,6.93,-4.31,6.93,875.0,875.0,875.0,875.0,-207.55,-278.2,-248.62,-274.18,617.67,1020.0,853.78,3500.0,-1008.55,0.0,0.0,0.0,0.0,22.5,ECO_MAINTAIN,1.2674
4,High Occupancy / Low Computer Load,0,22,220.0,13,3,3,4,3,8.73,3.42,IDLE,61.04,7.44,1.26,IDLE,56.19,7.34,3.63,IDLE,59.62,8.88,3.1,IDLE,60.75,7.73,1.4,IDLE,56.76,11.45,2.95,LIGHT,63.74,7.12,2.32,IDLE,57.38,10.62,3.46,LIGHT,63.46,8.95,3.12,IDLE,60.87,8.87,3.38,IDLE,61.16,27.06,58.0,163.1,0.25,22.0,COOLING,0.25,22.0,COOLING,0.25,22.0,COOLING,0.25,22.0,COOLING,21.886,21.84,21.865,21.84,21.858,21.886,21.84,0.046,237.6,120.5,120.84,122.03,255.0,255.0,340.0,255.0,172.31,214.04,254.34,214.04,-10.01,7.26,-4.51,7.26,875.0,875.0,875.0,875.0,-220.1,-278.2,-164.33,-276.67,600.97,1105.0,854.73,3500.0,-939.3,0.0,0.0,0.0,0.0,22.5,ECO_MAINTAIN,1.2797
4,High Occupancy / Low Computer Load,0,23,230.0,12,3,3,3,3,12.86,2.39,LIGHT,64.66,12.85,2.19,LIGHT,64.35,9.59,2.55,IDLE,60.81,8.27,2.03,IDLE,58.38,12.05,2.67,LIGHT,64.07,10.26,1.86,LIGHT,60.62,11.38,3.82,LIGHT,64.95,12.3,1.78,LIGHT,63.05,7.1,1.57,IDLE,56.23,10.68,3.34,LIGHT,63.36,27.06,58.0,163.2,0.25,22.0,COOLING,0.25,22.0,COOLING,0.25,22.0,COOLING,0.25,22.0,COOLING,21.882,21.834,21.86,21.834,21.852,21.882,21.834,0.048,248.2,124.69,128.0,119.59,255.0,255.0,255.0,255.0,172.44,214.23,254.49,214.23,-10.43,7.81,-5.18,7.81,875.0,875.0,875.0,875.0,-209.79,-273.27,-242.69,-278.37,620.48,1020.0,855.39,3500.0,-1004.12,0.0,0.0,0.0,0.0,22.5,ECO_MAINTAIN,1.3132
4,High Occupancy / Low Computer Load,0,24,240.0,13,3,4,3,3,12.9,1.59,LIGHT,63.51,7.59,3.74,IDLE,60.1,9.94,1.03,IDLE,58.97,7.29,3.75,IDLE,59.74,7.76,3.44,IDLE,59.86,10.85,3.86,LIGHT,64.35,9.3,1.73,IDLE,59.22,11.63,3.26,LIGHT,64.43,10.85,3.26,LIGHT,63.45,9.69,3.96,IDLE,63.05,27.07,58.0,163.3,0.25,22.0,COOLING,0.25,22.0,COOLING,0.25,22.0,COOLING,0.25,22.0,COOLING,21.878,21.83,21.855,21.828,21.848,21.878,21.828,0.05,242.32,124.21,123.65,126.5,255.0,340.0,255.0,255.0,172.78,214.63,254.91,214.63,-10.89,8.14,-5.39,8.14,875.0,875.0,875.0,875.0,-215.79,-188.02,-246.83,-270.73,616.68,1105.0,856.95,3500.0,-921.37,0.0,0.0,0.0,0.0,22.5,ECO_MAINTAIN,1.323
4,High Occupancy / Low Computer Load,0,25,250.0,14,4,4,3,3,8.22,2.89,IDLE,59.61,12.78,1.74,LIGHT,63.59,11.51,2.19,LIGHT,62.67,11.16,3.65,LIGHT,64.42,12.76,1.13,LIGHT,62.65,9.85,2.47,IDLE,61.02,7.37,3.79,IDLE,59.9,7.98,1.16,IDLE,56.72,8.98,2.59,IDLE,60.11,12.78,3.35,LIGHT,66.0,27.07,58.0,163.5,0.25,22.0,COOLING,0.25,22.0,COOLING,0.25,22.0,COOLING,0.25,22.0,COOLING,21.875,21.826,21.85,21.822,21.843,21.875,21.822,0.053,250.29,123.67,116.62,126.11,340.0,340.0,255.0,255.0,172.94,214.85,255.18,214.89,-11.13,8.0,-5.38,8.5,875.0,875.0,875.0,875.0,-122.9,-188.48,-253.58,-270.5,616.69,1190.0,857.86,3500.0,-835.46,0.0,0.0,0.0,0.0,22.5,ECO_MAINTAIN,1.3363
4,High Occupancy / Low Computer Load,0,26,260.0,16,4,4,4,4,9.33,2.32,IDLE,60.14,12.34,2.46,LIGHT,64.11,12.22,1.95,LIGHT,63.2,7.51,2.55,IDLE,58.21,9.39,3.84,IDLE,62.5,9.23,1.93,IDLE,59.43,11.1,1.77,LIGHT,61.53,9.72,1.48,IDLE,59.37,10.56,2.54,LIGHT,62.01,7.56,3.01,IDLE,58.97,27.07,58.0,163.6,0.25,22.0,COOLING,0.25,22.0,COOLING,0.25,22.0,COOLING,0.25,22.0,COOLING,21.872,21.822,21.847,21.818,21.84,21.872,21.818,0.054,245.66,121.93,120.9,120.98,340.0,340.0,340.0,340.0,173.04,215.0,255.38,215.08,-11.6,7.97,-5.35,8.97,875.0,875.0,875.0,875.0,-127.9,-190.1,-164.07,-189.97,609.47,1360.0,858.5,3500.0,-672.04,0.0,0.0,0.0,0.0,22.5,ECO_MAINTAIN,1.3265
4,High Occupancy / Low Computer Load,0,27,270.0,13,3,3,3,4,7.04,1.43,IDLE,55.95,10.16,2.62,LIGHT,61.63,11.08,1.31,LIGHT,60.82,11.47,1.9,LIGHT,62.19,11.12,1.01,LIGHT,60.41,11.85,1.63,LIGHT,62.26,7.35,2.34,IDLE,57.7,11.11,1.99,LIGHT,61.87,7.05,3.31,IDLE,58.78,11.69,2.02,LIGHT,62.64,27.07,58.0,163.8,0.25,22.0,COOLING,0.25,22.0,COOLING,0.25,22.0,COOLING,0.25,22.0,COOLING,21.868,21.816,21.842,21.814,21.835,21.868,21.814,0.054,240.59,122.67,119.57,121.42,255.0,255.0,255.0,340.0,173.18,215.21,255.61,215.3,-11.81,8.19,-5.57,9.19,875.0,875.0,875.0,875.0,-218.04,-273.93,-250.39,-189.09,604.25,1105.0,859.3,3500.0,-931.45,0.0,0.0,0.0,0.0,22.5,ECO_MAINTAIN,1.3843
4,High Occupancy / Low Computer Load,0,28,280.0,15,4,4,4,3,12.83,3.45,LIGHT,66.21,11.12,1.71,LIGHT,61.46,9.75,1.61,IDLE,59.6,10.53,3.27,LIGHT,63.07,10.15,3.83,LIGHT,63.43,11.37,3.22,LIGHT,64.04,10.48,3.55,LIGHT,63.42,11.23,3.61,LIGHT,64.45,9.83,1.06,IDLE,58.88,7.44,1.66,IDLE,56.79,27.08,58.0,163.9,0.25,22.0,COOLING,0.25,22.0,COOLING,0.25,22.0,COOLING,0.25,22.0,COOLING,21.865,21.812,21.839,21.808,21.831,21.865,21.808,0.057,250.34,127.47,127.87,115.67,340.0,340.0,340.0,255.0,173.52,215.62,256.03,215.66,-12.05,8.55,-5.55,9.05,875.0,875.0,875.0,875.0,-123.19,-183.36,-156.65,-279.62,621.35,1275.0,860.83,3500.0,-742.82,0.0,0.0,0.0,0.0,22.5,ECO_MAINTAIN,1.3821
4,High Occupancy / Low Computer Load,0,29,290.0,16,4,4,4,4,8.32,3.28,IDLE,60.32,11.64,2.93,LIGHT,63.95,9.81,1.58,IDLE,59.63,12.65,3.4,LIGHT,65.91,12.93,3.47,LIGHT,66.37,8.31,2.91,IDLE,59.75,7.27,1.5,IDLE,56.34,8.58,3.0,IDLE,60.23,12.56,1.78,LIGHT,63.37,10.44,3.93,LIGHT,63.95,27.08,58.0,164.0,0.25,22.0,COOLING,0.25,22.0,COOLING,0.25,22.0,COOLING,0.25,22.0,COOLING,21.862,21.808,21.836,21.804,21.828,21.862,21.804,0.058,249.81,126.12,116.57,127.32,340.0,340.0,340.0,340.0,173.62,215.76,256.18,215.85,-12.49,8.74,-5.99,9.74,875.0,875.0,875.0,875.0,-124.06,-184.38,-168.24,-182.09,619.82,1360.0,861.41,3500.0,-658.77,0.0,0.0,0.0,0.0,22.5,ECO_MAINTAIN,1.3826
4,High Occupancy / Low Computer Load,0,30,300.0,16,4,4,4,4,11.08,2.16,LIGHT,62.09,9.03,3.5,IDLE,61.54,8.87,1.13,IDLE,57.78,7.08,3.83,IDLE,59.59,11.63,3.8,LIGHT,65.24,12.19,1.41,LIGHT,62.35,7.88,2.31,IDLE,58.31,7.53,1.29,IDLE,56.35,9.74,2.36,IDLE,60.71,7.22,3.92,IDLE,59.91,27.08,58.0,164.2,0.25,22.0,COOLING,0.25,22.0,COOLING,0.25,22.0,COOLING,0.25,22.0,COOLING,21.859,21.804,21.833,21.8,21.824,21.859,21.8,0.059,241.0,127.59,114.66,120.62,340.0,340.0,340.0,340.0,173.76,215.97,256.42,216.05,-12.71,8.96,-6.21,9.96,875.0,875.0,875.0,875.0,-132.95,-182.48,-170.13,-188.37,603.87,1360.0,862.2,3500.0,-673.93,0.0,0.0,0.0,0.0,22.5,ECO_MAINTAIN,1.4015
4,High Occupancy / Low Computer Load,0,31,310.0,18,4,5,5,4,12.94,3.43,LIGHT,66.32,10.93,3.72,LIGHT,64.24,8.17,2.14,IDLE,58.42,11.44,1.56,LIGHT,61.64,12.3,2.35,LIGHT,63.9,7.24,1.95,IDLE,56.97,7.82,3.52,IDLE,60.05,12.25,2.29,LIGHT,63.75,7.18,1.2,IDLE,55.77,7.04,2.22,IDLE,57.13,27.09,58.0,164.3,0.25,22.0,COOLING,0.25,22.0,COOLING,0.25,22.0,COOLING,0.25,22.0,COOLING,21.856,21.802,21.831,21.796,21.821,21.856,21.796,0.06,250.62,120.87,123.8,112.9,340.0,425.0,425.0,340.0,174.08,216.34,256.79,216.42,-12.93,9.18,-6.43,10.18,875.0,875.0,875.0,875.0,-123.23,-103.61,-75.84,-195.5,608.19,1530.0,863.63,3500.0,-498.18,0.0,0.0,0.0,0.0,22.5,ECO_MAINTAIN,1.39
4,High Occupancy / Low Computer Load,0,32,320.0,17,4,4,5,4,10.26,3.75,LIGHT,63.45,8.38,2.06,IDLE,58.56,9.26,3.72,IDLE,62.16,10.89,2.32,LIGHT,62.09,12.04,2.97,LIGHT,64.5,12.63,3.54,LIGHT,66.1,12.91,1.44,LIGHT,63.3,8.85,2.27,IDLE,59.47,8.41,1.08,IDLE,57.13,10.16,2.94,LIGHT,62.11,27.09,58.0,164.4,0.25,22.0,COOLING,0.25,22.0,COOLING,0.25,22.0,COOLING,0.25,22.0,COOLING,21.853,21.798,21.829,21.792,21.818,21.853,21.792,0.061,246.26,130.6,122.77,119.24,340.0,340.0,425.0,340.0,174.18,216.44,256.92,216.57,-12.92,9.04,-6.66,10.54,875.0,875.0,875.0,875.0,-127.48,-178.92,-76.97,-188.65,618.87,1445.0,864.11,3500.0,-572.02,0.0,0.0,0.0,0.0,22.5,ECO_MAINTAIN,1.4164
4,High Occupancy / Low Computer Load,0,33,330.0,19,5,5,5,4,12.05,3.89,LIGHT,65.9,10.6,1.38,LIGHT,60.32,10.33,3.17,LIGHT,62.67,12.25,3.52,LIGHT,65.59,12.4,2.61,LIGHT,64.42,10.02,2.82,LIGHT,61.75,11.34,2.7,LIGHT,63.22,11.72,3.33,LIGHT,64.65,12.76,2.5,LIGHT,64.7,9.05,3.32,IDLE,61.29,27.09,58.0,164.6,0.25,22.0,COOLING,0.25,22.0,COOLING,0.25,22.0,COOLING,0.25,22.0,COOLING,21.852,21.796,21.828,21.788,21.816,21.852,21.788,0.064,254.48,126.17,127.87,125.99,425.0,425.0,425.0,340.0,174.32,216.66,257.13,216.79,-13.12,9.37,-7.12,10.87,875.0,875.0,875.0,875.0,-34.32,-97.8,-72.12,-181.35,634.51,1615.0,864.9,3500.0,-385.59,0.0,0.0,0.0,0.0,22.5,ECO_MAINTAIN,1.4036
4,High Occupancy / Low Computer Load,0,34,340.0,18,4,5,5,4,10.87,3.55,LIGHT,63.91,8.94,1.69,IDLE,58.71,12.74,1.16,LIGHT,62.67,10.4,1.51,LIGHT,60.27,9.1,2.93,IDLE,60.77,10.13,1.79,LIGHT,60.35,8.18,3.19,IDLE,60.01,11.91,1.56,LIGHT,62.23,8.37,3.86,IDLE,61.25,10.94,1.08,LIGHT,60.29,27.09,58.0,164.7,0.25,22.0,COOLING,0.25,22.0,COOLING,0.25,22.0,COOLING,0.25,22.0,COOLING,21.849,21.794,21.826,21.784,21.813,21.849,21.784,0.065,245.56,121.12,122.24,121.54,340.0,425.0,425.0,340.0,174.38,216.76,257.24,216.93,-13.56,9.56,-7.56,11.56,875.0,875.0,875.0,875.0,-128.62,-102.56,-78.08,-184.97,610.46,1530.0,865.31,3500.0,-494.23,0.0,0.0,0.0,0.0,22.5,ECO_MAINTAIN,1.4284
4,High Occupancy / Low Computer Load,0,35,350.0,19,4,5,5,5,10.76,2.37,LIGHT,62.01,10.73,2.73,LIGHT,62.51,9.59,3.95,IDLE,62.91,7.08,3.69,IDLE,59.39,10.64,3.54,LIGHT,63.61,8.12,2.9,IDLE,59.5,12.86,2.25,LIGHT,64.45,9.58,3.3,IDLE,61.93,9.42,3.72,IDLE,62.35,9.95,3.83,IDLE,63.18,27.1,58.0,164.9,0.25,22.0,COOLING,0.25,22.0,COOLING,0.25,22.0,COOLING,0.25,22.0,COOLING,21.846,21.792,21.824,21.782,21.811,21.846,21.782,0.064,246.82,123.11,126.38,125.53,340.0,425.0,425.0,425.0,174.74,217.14,257.68,217.35,-13.55,9.42,-7.8,11.92,875.0,875.0,875.0,875.0,-126.99,-100.33,-73.74,-95.2,621.84,1615.0,866.91,3500.0,-396.26,0.0,0.0,0.0,0.0,22.5,ECO_MAINTAIN,1.421
4,High Occupancy / Low Computer Load,0,36,360.0,21,5,6,5,5,8.11,3.22,IDLE,59.97,9.57,1.38,IDLE,59.03,10.2,3.21,LIGHT,62.56,9.68,1.47,IDLE,59.3,9.72,3.92,IDLE,63.03,10.35,3.59,LIGHT,63.32,11.31,1.99,LIGHT,62.12,11.31,3.69,LIGHT,64.67,7.76,1.74,IDLE,57.31,12.69,1.48,LIGHT,63.08,27.1,58.0,165.0,0.25,22.0,COOLING,0.25,22.0,COOLING,0.25,22.0,COOLING,0.25,22.0,COOLING,21.845,21.792,21.823,21.78,21.81,21.845,21.78,0.065,240.86,126.35,126.79,120.39,425.0,510.0,425.0,425.0,174.84,217.24,257.81,217.46,-13.31,9.31,-7.81,11.81,875.0,875.0,875.0,875.0,-47.61,-12.1,-73.21,-100.34,614.39,1785.0,867.35,3500.0,-233.26,0.0,0.0,0.0,0.0,22.5,ECO_MAINTAIN,1.4055
4,High Occupancy / Low Computer Load,0,37,370.0,22,5,6,6,5,7.85,3.54,IDLE,60.12,10.54,1.89,LIGHT,61.01,10.96,1.06,LIGHT,60.29,12.26,3.82,LIGHT,66.06,7.34,2.23,IDLE,57.52,7.98,1.33,IDLE,56.97,11.87,3.05,LIGHT,64.41,10.73,2.29,LIGHT,61.85,11.58,3.21,LIGHT,64.29,10.13,3.08,LIGHT,62.28,27.1,58.0,165.1,0.25,22.0,COOLING,0.25,22.0,COOLING,0.25,22.0,COOLING,0.25,22.0,COOLING,21.844,21.792,21.823,21.778,21.809,21.844,21.778,0.066,247.48,114.49,126.26,126.57,425.0,510.0,510.0,425.0,174.89,217.31,257.92,217.57,-13.31,9.06,-7.81,12.06,875.0,875.0,875.0,875.0,-40.94,-24.14,11.37,-93.8,614.8,1870.0,867.69,3500.0,-147.51,0.0,0.0,0.0,0.0,22.5,ECO_MAINTAIN,1.3974
4,High Occupancy / Low Computer Load,0,38,380.0,24,6,6,6,6,8.43,3.27,IDLE,60.44,8.18,2.12,IDLE,58.41,10.8,2.82,LIGHT,62.73,11.46,1.17,LIGHT,61.08,7.35,2.34,IDLE,57.7,7.8,3.38,IDLE,59.82,7.8,1.65,IDLE,57.23,10.72,3.82,LIGHT,64.13,12.89,2.77,LIGHT,65.27,10.58,2.22,LIGHT,61.55,27.11,58.0,165.3,0.25,22.0,COOLING,0.25,22.0,COOLING,0.25,22.0,COOLING,0.25,22.0,COOLING,21.845,21.792,21.823,21.778,21.809,21.845,21.778,0.067,242.66,117.52,121.36,126.82,510.0,510.0,510.0,510.0,175.21,217.65,258.31,217.95,-13.3,8.92,-8.05,12.42,875.0,875.0,875.0,875.0,39.57,-20.91,6.62,-7.81,608.36,2040.0,869.12,3500.0,17.47,0.0,0.0,0.0,0.0,22.5,ECO_MAINTAIN,1.3727
4,High Occupancy / Low Computer Load,0,39,390.0,23,5,6,6,6,10.03,2.34,LIGHT,61.05,12.5,3.65,LIGHT,66.1,8.58,1.1,IDLE,57.38,11.31,3.96,LIGHT,65.08,11.17,1.51,LIGHT,61.23,8.45,1.15,IDLE,57.29,12.66,1.8,LIGHT,63.53,8.09,1.75,IDLE,57.74,9.75,2.59,IDLE,61.07,12.65,2.51,LIGHT,64.58,27.11,58.0,165.4,0.25,22.0,COOLING,0.25,22.0,COOLING,0.25,22.0,COOLING,0.25,22.0,COOLING,21.844,21.792,21.823,21.778,21.809,21.844,21.778,0.066,249.61,118.52,121.27,125.65,425.0,510.0,510.0,510.0,175.22,217.72,258.39,218.02,-13.53,9.03,-8.03,12.53,875.0,875.0,875.0,875.0,-38.7,-19.73,6.63,-8.8,615.05,1955.0,869.35,3500.0,-60.6,0.0,0.0,0.0,0.0,22.5,ECO_MAINTAIN,1.3814
4,High Occupancy / Low Computer Load,0,40,400.0,24,6,6,7,5,12.4,2.94,LIGHT,64.91,8.62,1.07,IDLE,57.38,8.5,1.61,IDLE,58.04,12.67,2.82,LIGHT,65.07,9.69,1.03,IDLE,58.66,7.36,1.88,IDLE,57.02,11.29,2.7,LIGHT,63.16,9.88,2.7,IDLE,61.4,8.26,2.9,IDLE,59.68,10.82,3.82,LIGHT,64.25,27.11,58.0,165.6,0.25,22.0,COOLING,0.25,22.0,COOLING,0.25,22.0,COOLING,0.25,22.0,COOLING,21.845,21.792,21.825,21.776,21.809,21.845,21.776,0.069,245.4,115.68,124.56,123.93,510.0,510.0,595.0,425.0,175.32,217.84,258.57,218.14,-13.3,8.92,-8.05,12.42,875.0,875.0,875.0,875.0,42.42,-22.56,95.08,-95.51,609.57,2040.0,869.87,3500.0,19.43,0.0,0.0,0.0,0.0,22.5,ECO_MAINTAIN,1.3781
4,High Occupancy / Low Computer Load,0,41,410.0,25,6,7,6,6,7.67,3.28,IDLE,59.51,11.74,2.33,LIGHT,63.17,7.74,3.23,IDLE,59.52,8.67,2.75,IDLE,59.96,9.79,1.33,IDLE,59.23,8.92,3.55,IDLE,61.47,8.81,3.66,IDLE,61.5,9.5,3.95,IDLE,62.8,11.11,3.12,LIGHT,63.57,12.82,1.72,LIGHT,63.61,27.11,58.0,165.7,0.25,22.0,COOLING,0.25,22.0,COOLING,0.25,22.0,COOLING,0.25,22.0,COOLING,21.846,21.793,21.825,21.776,21.81,21.846,21.776,0.07,242.16,120.7,124.3,127.18,510.0,595.0,510.0,510.0,175.34,217.9,258.62,218.24,-13.72,9.22,-8.72,13.22,875.0,875.0,875.0,875.0,38.78,67.82,9.2,-6.36,614.34,2125.0,870.1,3500.0,109.44,0.0,0.0,0.0,0.0,22.5,ECO_MAINTAIN,1.3579
4,High Occupancy / Low Computer Load,0,42,420.0,25,6,7,6,6,11.82,2.84,LIGHT,64.03,12.39,1.09,LIGHT,62.12,9.73,1.44,IDLE,59.32,7.29,1.39,IDLE,56.2,12.06,3.04,LIGHT,64.64,10.63,2.45,LIGHT,61.96,10.91,2.7,LIGHT,62.69,8.99,3.56,IDLE,61.58,7.65,1.6,IDLE,56.96,7.93,3.42,IDLE,60.04,27.12,58.0,165.8,0.25,22.0,COOLING,0.25,22.0,COOLING,0.25,22.0,COOLING,0.25,22.0,COOLING,21.847,21.795,21.825,21.776,21.811,21.847,21.776,0.071,241.67,126.6,124.27,117.0,510.0,595.0,510.0,510.0,175.56,218.15,258.91,218.52,-13.85,9.1,-8.59,13.34,875.0,875.0,875.0,875.0,38.38,73.85,9.59,-16.14,609.54,2125.0,871.14,3500.0,105.68,0.0,0.0,0.0,0.0,22.5,ECO_MAINTAIN,1.3558
4,High Occupancy / Low Computer Load,0,43,430.0,27,7,7,7,6,9.96,2.52,IDLE,61.23,11.18,2.15,LIGHT,62.2,7.79,2.35,IDLE,58.26,8.48,2.79,IDLE,59.79,11.45,1.46,LIGHT,61.5,12.12,1.77,LIGHT,62.8,10.91,3.31,LIGHT,63.6,11.47,3.55,LIGHT,64.66,11.25,2.26,LIGHT,62.45,10.14,2.44,LIGHT,61.33,27.12,58.0,166.0,0.25,22.0,COOLING,0.25,22.0,COOLING,0.25,22.0,COOLING,0.25,22.0,COOLING,21.85,21.796,21.827,21.776,21.812,21.85,21.776,0.074,241.48,124.3,128.26,123.78,595.0,595.0,595.0,510.0,175.62,218.24,259.09,218.65,-13.86,8.73,-8.36,13.49,875.0,875.0,875.0,875.0,123.24,71.27,98.99,-9.08,617.82,2295.0,871.6,3500.0,284.42,0.0,0.0,0.0,0.0,22.5,ECO_MAINTAIN,1.3293
4,High Occupancy / Low Computer Load,0,44,440.0,26,6,7,7,6,9.13,3.15,IDLE,61.14,8.86,2.4,IDLE,59.68,8.11,1.05,IDLE,56.71,9.42,1.41,IDLE,58.89,11.37,2.6,LIGHT,63.11,9.18,3.21,IDLE,61.29,7.1,3.23,IDLE,58.72,10.36,3.02,LIGHT,62.48,8.75,3.25,IDLE,60.81,12.43,2.67,LIGHT,64.54,27.12,58.0,166.1,0.25,22.0,COOLING,0.25,22.0,COOLING,0.25,22.0,COOLING,0.25,22.0,COOLING,21.851,21.797,21.829,21.776,21.813,21.851,21.776,0.075,236.42,124.4,121.2,125.35,510.0,595.0,595.0,510.0,175.59,218.28,259.14,218.71,-14.43,9.05,-8.68,14.05,875.0,875.0,875.0,875.0,32.58,71.73,91.66,-6.89,607.37,2210.0,871.72,3500.0,189.08,0.0,0.0,0.0,0.0,22.5,ECO_MAINTAIN,1.3337
4,High Occupancy / Low Computer Load,0,45,450.0,26,6,7,7,6,11.81,1.39,LIGHT,61.85,10.96,3.73,LIGHT,64.3,10.18,1.81,LIGHT,60.44,12.52,3.18,LIGHT,65.42,10.04,2.25,LIGHT,60.92,11.88,2.31,LIGHT,63.31,9.7,2.71,IDLE,61.19,9.95,1.38,IDLE,59.51,10.53,1.45,LIGHT,60.34,8.64,3.31,IDLE,60.77,27.12,58.0,166.2,0.25,22.0,COOLING,0.25,22.0,COOLING,0.25,22.0,COOLING,0.25,22.0,COOLING,21.852,21.798,21.831,21.776,21.814,21.852,21.776,0.076,252.01,124.23,120.7,121.11,510.0,595.0,595.0,510.0,175.6,218.32,259.18,218.78,-14.52,9.14,-9.02,14.4,875.0,875.0,875.0,875.0,48.09,71.69,90.86,-10.71,618.05,2210.0,871.88,3500.0,199.93,0.0,0.0,0.0,0.0,22.5,ECO_MAINTAIN,1.329
4,High Occupancy / Low Computer Load,0,46,460.0,30,7,8,8,7,11.69,2.14,LIGHT,62.82,10.73,2.15,LIGHT,61.64,8.4,2.39,IDLE,59.09,10.72,1.3,LIGHT,60.35,11.79,1.2,LIGHT,61.54,8.35,1.11,IDLE,57.1,12.46,2.32,LIGHT,64.06,7.75,1.57,IDLE,57.04,12.13,3.0,LIGHT,64.66,7.76,1.16,IDLE,56.44,27.13,58.0,166.4,0.25,22.0,COOLING,0.25,22.0,COOLING,0.25,22.0,COOLING,0.25,22.0,COOLING,21.855,21.801,21.835,21.778,21.817,21.855,21.778,0.077,243.9,118.64,121.1,121.1,595.0,680.0,680.0,595.0,175.88,218.64,259.53,219.11,-14.62,9.24,-9.37,14.74,875.0,875.0,875.0,875.0,125.16,151.52,176.26,74.95,604.74,2550.0,873.16,3500.0,527.89,0.0,0.0,0.0,0.0,22.5,ECO_MAINTAIN,1.27
4,High Occupancy / Low Computer Load,0,47,470.0,29,7,8,7,7,7.53,3.78,IDLE,60.08,10.73,3.34,LIGHT,63.42,12.47,3.09,LIGHT,65.22,10.14,2.13,LIGHT,60.87,8.25,2.62,IDLE,59.24,12.15,2.16,LIGHT,63.43,8.08,2.06,IDLE,58.19,8.14,3.18,IDLE,59.95,12.01,3.31,LIGHT,64.98,10.56,2.36,LIGHT,61.74,27.13,58.0,166.5,0.25,22.0,COOLING,0.25,22.0,COOLING,0.25,22.0,COOLING,0.25,22.0,COOLING,21.858,21.804,21.837,21.78,21.82,21.858,21.78,0.078,249.59,122.67,118.14,126.72,595.0,680.0,595.0,595.0,175.85,218.63,259.53,219.13,-14.71,9.34,-9.71,15.09,875.0,875.0,875.0,875.0,130.73,155.64,87.96,80.94,617.12,2465.0,873.14,3500.0,455.27,0.0,0.0,0.0,0.0,22.5,ECO_MAINTAIN,1.2687
4,High Occupancy / Low Computer Load,0,48,480.0,30,7,8,8,7,10.32,2.5,LIGHT,61.65,10.05,1.61,LIGHT,59.98,9.7,1.99,IDLE,60.11,9.52,3.38,IDLE,61.97,8.76,2.83,IDLE,60.2,10.29,2.36,LIGHT,61.4,9.33,3.16,IDLE,61.4,11.78,3.53,LIGHT,65.02,8.03,3.49,IDLE,60.27,9.56,2.35,IDLE,60.48,27.13,58.0,166.7,0.25,22.0,COOLING,0.25,22.0,COOLING,0.25,22.0,COOLING,0.25,22.0,COOLING,21.861,21.807,21.841,21.782,21.823,21.861,21.782,0.079,243.71,121.6,126.42,120.75,595.0,680.0,680.0,595.0,175.86,218.7,259.66,219.21,-14.84,9.21,-9.58,15.21,875.0,875.0,875.0,875.0,124.73,154.51,181.5,75.17,612.48,2550.0,873.43,3500.0,535.91,0.0,0.0,0.0,0.0,22.5,ECO_MAINTAIN,1.2453
4,High Occupancy / Low Computer Load,0,49,490.0,31,7,8,8,8,7.11,1.13,IDLE,55.58,7.47,3.49,IDLE,59.57,11.19,2.01,LIGHT,62.0,10.13,2.33,LIGHT,61.16,8.25,3.64,IDLE,60.77,11.28,2.64,LIGHT,63.06,11.12,1.77,LIGHT,61.55,12.07,2.32,LIGHT,63.57,8.28,3.6,IDLE,60.75,9.65,2.1,IDLE,60.21,27.14,58.0,166.8,0.25,22.0,COOLING,0.25,22.0,COOLING,0.25,22.0,COOLING,0.25,22.0,COOLING,21.863,21.81,21.845,21.785,21.826,21.863,21.785,0.078,238.31,123.83,125.12,120.96,595.0,680.0,680.0,680.0,176.05,218.91,259.88,219.45,-14.93,9.31,-9.93,15.56,875.0,875.0,875.0,875.0,119.43,157.05,180.07,160.97,608.22,2635.0,874.29,3500.0,617.52,0.0,0.0,0.0,0.0,22.5,ECO_MAINTAIN,1.2162
4,High Occupancy / Low Computer Load,0,50,500.0,31,7,8,9,7,10.12,1.55,LIGHT,59.98,9.88,3.09,IDLE,61.98,8.32,3.38,IDLE,60.47,10.79,2.06,LIGHT,61.58,11.77,1.73,LIGHT,62.31,12.35,2.21,LIGHT,63.75,7.65,1.88,IDLE,57.38,9.95,3.28,IDLE,62.36,11.62,1.81,LIGHT,62.24,7.88,2.29,IDLE,58.29,27.14,58.0,166.9,0.25,22.0,COOLING,0.25,22.0,COOLING,0.25,22.0,COOLING,0.25,22.0,COOLING,21.866,21.813,21.85,21.787,21.829,21.866,21.787,0.079,244.01,126.06,119.74,120.53,595.0,680.0,765.0,595.0,176.05,218.91,259.88,219.44,-14.68,9.31,-10.18,15.55,875.0,875.0,875.0,875.0,125.38,159.28,259.44,75.52,610.34,2635.0,874.28,3500.0,619.62,0.0,0.0,0.0,0.0,22.5,ECO_MAINTAIN,1.2075
4,High Occupancy / Low Computer Load,0,51,510.0,33,7,9,9,8,12.57,2.04,LIGHT,63.77,9.1,1.74,IDLE,58.98,10.96,3.26,LIGHT,63.59,8.54,3.26,IDLE,60.56,9.28,3.24,IDLE,61.46,9.04,3.58,IDLE,61.67,12.09,3.21,LIGHT,64.93,8.26,2.85,IDLE,59.6,8.5,2.54,IDLE,59.44,7.36,3.45,IDLE,59.38,27.14,58.0,167.1,0.25,22.0,COOLING,0.25,22.0,COOLING,0.25,22.0,COOLING,0.25,22.0,COOLING,21.869,21.818,21.855,21.79,21.833,21.869,21.79,0.079,246.9,123.13,124.53,118.82,595.0,765.0,765.0,680.0,176.05,218.97,259.94,219.53,-14.76,9.51,-10.76,16.01,875.0,875.0,875.0,875.0,128.19,241.61,263.71,159.36,613.38,2805.0,874.49,3500.0,792.87,0.0,0.0,0.0,0.0,22.5,ECO_MAINTAIN,1.1636
4,High Occupancy / Low Computer Load,0,52,520.0,33,7,9,9,8,9.41,2.19,IDLE,60.05,7.03,3.79,IDLE,59.47,9.51,2.19,IDLE,60.17,12.41,1.51,LIGHT,62.78,11.55,1.19,LIGHT,61.22,7.16,1.41,IDLE,56.07,9.89,3.32,IDLE,62.34,8.32,1.42,IDLE,57.53,12.26,2.67,LIGHT,64.33,9.23,2.47,IDLE,60.24,27.14,58.0,167.2,0.25,22.0,COOLING,0.25,22.0,COOLING,0.25,22.0,COOLING,0.25,22.0,COOLING,21.872,21.823,21.86,21.793,21.837,21.872,21.793,0.079,242.47,117.29,119.87,124.57,595.0,765.0,765.0,680.0,176.03,218.92,259.93,219.53,-14.51,9.26,-11.01,16.26,875.0,875.0,875.0,875.0,123.99,235.47,258.79,165.36,604.2,2805.0,874.41,3500.0,783.61,0.0,0.0,0.0,0.0,22.5,ECO_MAINTAIN,1.1479
4,High Occupancy / Low Computer Load,0,53,530.0,31,7,8,8,8,10.36,3.92,LIGHT,63.83,8.77,1.98,IDLE,58.93,9.12,1.8,IDLE,59.1,7.34,1.28,IDLE,56.09,9.32,3.92,IDLE,62.53,12.1,3.85,LIGHT,65.9,7.65,1.3,IDLE,56.51,8.16,3.3,IDLE,60.15,10.35,2.41,LIGHT,61.55,11.83,1.54,LIGHT,62.1,27.15,58.0,167.4,0.25,22.0,COOLING,0.25,22.0,COOLING,0.25,22.0,COOLING,0.25,22.0,COOLING,21.874,21.826,21.863,21.796,21.84,21.874,21.796,0.078,237.95,128.43,116.66,123.65,595.0,680.0,680.0,680.0,176.25,219.15,260.2,219.8,-14.26,9.01,-11.26,16.51,875.0,875.0,875.0,875.0,119.94,161.59,170.6,164.96,606.69,2635.0,875.4,3500.0,617.09,0.0,0.0,0.0,0.0,22.5,ECO_MAINTAIN,1.1556
4,High Occupancy / Low Computer Load,0,54,540.0,34,8,9,9,8,11.57,1.1,LIGHT,61.11,12.63,3.65,LIGHT,66.26,12.19,3.65,LIGHT,65.71,8.66,2.93,IDLE,60.22,11.84,1.04,LIGHT,61.36,7.28,3.28,IDLE,59.02,8.92,1.36,IDLE,58.19,9.1,3.0,IDLE,60.88,9.8,3.11,IDLE,61.91,11.55,3.58,LIGHT,64.81,27.15,58.0,167.5,0.25,22.0,COOLING,0.25,22.0,COOLING,0.25,22.0,COOLING,0.25,22.0,COOLING,21.878,21.831,21.868,21.799,21.844,21.878,21.799,0.079,253.3,120.38,119.07,126.72,680.0,765.0,765.0,680.0,176.24,219.16,260.23,219.8,-14.02,8.9,-11.27,16.4,875.0,875.0,875.0,875.0,220.52,238.44,258.03,167.92,619.47,2890.0,875.43,3500.0,884.91,0.0,0.0,0.0,0.0,22.5,ECO_MAINTAIN,1.1084
4,High Occupancy / Low Computer Load,0,55,550.0,34,8,9,9,8,8.85,2.01,IDLE,59.08,8.38,3.79,IDLE,61.16,12.52,3.18,LIGHT,65.42,8.03,3.04,IDLE,59.6,8.92,2.19,IDLE,59.43,7.87,1.94,IDLE,57.75,11.17,3.3,LIGHT,63.91,9.03,1.37,IDLE,58.34,8.33,2.81,IDLE,59.63,11.43,3.54,LIGHT,64.6,27.15,58.0,167.6,0.25,22.0,COOLING,0.25,22.0,COOLING,0.25,22.0,COOLING,0.25,22.0,COOLING,21.882,21.836,21.873,21.802,21.848,21.882,21.802,0.08,245.26,117.18,122.25,124.23,680.0,765.0,765.0,680.0,176.2,219.11,260.21,219.8,-14.01,8.76,-11.51,16.76,875.0,875.0,875.0,875.0,212.45,235.05,260.95,165.79,608.92,2890.0,875.32,3500.0,874.24,0.0,0.0,0.0,0.0,22.5,ECO_MAINTAIN,1.0923
4,High Occupancy / Low Computer Load,0,56,560.0,34,8,9,9,8,7.7,2.68,IDLE,58.65,7.05,1.45,IDLE,55.99,11.51,2.02,LIGHT,62.42,10.03,2.76,LIGHT,61.68,11.52,2.64,LIGHT,63.36,8.57,2.32,IDLE,59.19,11.1,1.97,LIGHT,61.83,9.59,3.26,IDLE,61.88,9.43,2.29,IDLE,60.22,8.65,1.1,IDLE,57.46,27.16,58.0,167.8,0.25,22.0,COOLING,0.25,22.0,COOLING,0.25,22.0,COOLING,0.25,22.0,COOLING,21.886,21.841,21.878,21.805,21.852,21.886,21.805,0.081,238.74,122.55,123.71,117.68,680.0,765.0,765.0,680.0,176.4,219.35,260.49,220.08,-14.0,8.62,-11.75,17.12,875.0,875.0,875.0,875.0,206.14,240.52,262.45,159.88,602.68,2890.0,876.32,3500.0,868.99,0.0,0.0,0.0,0.0,22.5,ECO_MAINTAIN,1.0759
4,High Occupancy / Low Computer Load,0,57,570.0,34,8,9,9,8,9.29,3.66,IDLE,62.1,9.38,3.21,IDLE,61.54,12.08,1.59,LIGHT,62.48,8.23,3.41,IDLE,60.4,10.06,3.85,LIGHT,63.35,12.41,2.78,LIGHT,64.68,7.36,1.96,IDLE,57.14,11.26,2.44,LIGHT,62.73,12.53,1.71,LIGHT,63.23,7.13,1.81,IDLE,56.63,27.16,58.0,167.9,0.25,22.0,COOLING,0.25,22.0,COOLING,0.25,22.0,COOLING,0.25,22.0,COOLING,21.89,21.846,21.883,21.808,21.857,21.89,21.808,0.082,246.52,128.03,119.87,119.86,680.0,765.0,765.0,680.0,176.35,219.3,260.47,220.07,-13.98,8.48,-11.98,17.48,875.0,875.0,875.0,875.0,213.89,245.81,258.36,162.41,614.28,2890.0,876.19,3500.0,880.47,0.0,0.0,0.0,0.0,22.5,ECO_MAINTAIN,1.0578
4,High Occupancy / Low Computer Load,0,58,580.0,34,8,9,9,8,8.49,2.29,IDLE,59.05,11.39,1.27,LIGHT,61.14,10.5,3.25,LIGHT,63.0,7.27,2.19,IDLE,57.37,7.86,2.02,IDLE,57.86,7.68,3.57,IDLE,59.95,7.6,3.44,IDLE,59.66,8.8,3.15,IDLE,60.73,7.17,1.89,IDLE,56.8,11.6,1.67,LIGHT,62.01,27.16,58.0,168.1,0.25,22.0,COOLING,0.25,22.0,COOLING,0.25,22.0,COOLING,0.25,22.0,COOLING,21.894,21.851,21.888,21.811,21.861,21.894,21.811,0.083,240.56,117.81,120.39,118.81,680.0,765.0,765.0,680.0,176.34,219.31,260.55,220.13,-13.97,8.34,-12.21,17.84,875.0,875.0,875.0,875.0,207.93,235.46,258.73,161.78,597.57,2890.0,876.33,3500.0,863.9,0.0,0.0,0.0,0.0,22.5,ECO_MAINTAIN,1.043
4,High Occupancy / Low Computer Load,0,59,590.0,34,8,9,9,8,7.2,3.67,IDLE,59.51,12.91,1.53,LIGHT,63.43,11.6,3.99,LIGHT,65.48,7.77,3.73,IDLE,60.31,8.19,1.95,IDLE,58.16,8.05,1.37,IDLE,57.12,12.88,3.36,LIGHT,66.14,8.17,1.84,IDLE,57.97,7.05,1.77,IDLE,56.47,9.95,2.88,IDLE,61.76,27.16,58.0,168.2,0.25,22.0,COOLING,0.25,22.0,COOLING,0.25,22.0,COOLING,0.25,22.0,COOLING,21.898,21.856,21.893,21.814,21.865,21.898,21.814,0.084,248.73,115.28,124.11,118.23,680.0,765.0,765.0,680.0,176.29,219.26,260.52,220.12,-13.95,8.2,-12.45,18.2,875.0,875.0,875.0,875.0,216.07,232.74,262.18,161.55,606.35,2890.0,876.19,3500.0,872.54,0.0,0.0,0.0,0.0,22.5,ECO_MAINTAIN,1.0259
4,High Occupancy / Low Computer Load,0,60,600.0,34,8,9,9,8,12.37,3.63,LIGHT,65.91,8.09,3.95,IDLE,61.04,7.24,3.75,IDLE,59.67,12.04,3.85,LIGHT,65.83,9.36,3.8,IDLE,62.4,11.41,3.79,LIGHT,64.95,8.96,2.73,IDLE,60.3,7.78,2.79,IDLE,58.91,8.22,2.85,IDLE,59.55,9.32,1.18,IDLE,58.42,27.17,58.0,168.3,0.25,22.0,COOLING,0.25,22.0,COOLING,0.25,22.0,COOLING,0.25,22.0,COOLING,21.902,21.861,21.898,21.817,21.87,21.902,21.817,0.085,252.45,127.35,119.21,117.97,680.0,765.0,765.0,680.0,176.46,219.44,260.72,220.34,-13.93,8.06,-12.68,18.56,875.0,875.0,875.0,875.0,219.98,244.85,257.25,161.87,616.98,2890.0,876.96,3500.0,883.95,0.0,0.0,0.0,0.0,22.5,ECO_MAINTAIN,1.0082
4,High Occupancy / Low Computer Load,0,61,610.0,34,8,9,9,8,10.33,2.32,LIGHT,61.39,12.02,1.74,LIGHT,62.63,7.17,3.17,IDLE,58.72,9.95,2.47,IDLE,61.14,9.06,2.58,IDLE,60.2,9.89,3.95,IDLE,63.29,10.34,1.51,LIGHT,60.19,8.47,2.59,IDLE,59.47,9.24,3.06,IDLE,61.14,10.42,2.09,LIGHT,61.16,27.17,58.0,168.5,0.25,22.0,COOLING,0.25,22.0,COOLING,0.25,22.0,COOLING,0.25,22.0,COOLING,21.906,21.866,21.903,21.82,21.874,21.906,21.82,0.086,243.88,123.49,119.66,122.3,680.0,765.0,765.0,680.0,176.45,219.45,260.79,220.4,-13.92,7.92,-12.92,18.92,875.0,875.0,875.0,875.0,211.41,240.86,257.53,166.62,609.33,2890.0,877.09,3500.0,876.42,0.0,0.0,0.0,0.0,22.5,ECO_MAINTAIN,0.9929
4,High Occupancy / Low Computer Load,0,62,620.0,34,8,9,9,8,12.47,1.84,LIGHT,63.35,11.4,3.8,LIGHT,64.95,12.23,1.98,LIGHT,63.26,12.27,2.18,LIGHT,63.61,10.34,3.47,LIGHT,63.13,7.08,3.93,IDLE,59.75,8.34,1.99,IDLE,58.41,7.01,1.01,IDLE,55.28,10.69,3.23,LIGHT,63.21,7.03,1.97,IDLE,56.74,27.17,58.0,168.6,0.25,22.0,COOLING,0.25,22.0,COOLING,0.25,22.0,COOLING,0.25,22.0,COOLING,21.911,21.871,21.908,21.823,21.878,21.911,21.823,0.088,255.17,122.88,113.69,119.95,680.0,765.0,765.0,680.0,176.4,219.42,260.76,220.41,-13.9,7.78,-13.15,19.28,875.0,875.0,875.0,875.0,222.67,240.08,251.3,164.64,611.69,2890.0,876.99,3500.0,878.69,0.0,0.0,0.0,0.0,22.5,ECO_MAINTAIN,0.9759
4,High Occupancy / Low Computer Load,0,63,630.0,34,8,9,9,8,12.9,1.23,LIGHT,62.97,10.15,1.5,LIGHT,59.94,12.25,2.65,LIGHT,64.29,9.34,2.34,IDLE,60.18,8.25,1.71,IDLE,57.88,12.93,3.52,LIGHT,66.44,12.25,2.5,LIGHT,64.06,7.07,1.71,IDLE,56.4,9.83,1.1,IDLE,58.94,7.08,1.69,IDLE,56.38,27.18,58.0,168.8,0.25,22.0,COOLING,0.25,22.0,COOLING,0.25,22.0,COOLING,0.25,22.0,COOLING,21.915,21.876,21.913,21.826,21.883,21.915,21.826,0.089,247.38,124.32,120.46,115.32,680.0,765.0,765.0,680.0,176.58,219.64,261.05,220.68,-14.13,7.75,-13.38,19.75,875.0,875.0,875.0,875.0,214.83,241.71,258.13,160.75,607.48,2890.0,877.95,3500.0,875.42,0.0,0.0,0.0,0.0,22.5,ECO_MAINTAIN,0.9613
4,High Occupancy / Low Computer Load,0,64,640.0,34,8,9,9,8,12.03,3.6,LIGHT,65.44,8.2,1.4,IDLE,57.35,7.18,2.8,IDLE,58.17,10.39,2.26,LIGHT,61.38,8.9,3.87,IDLE,61.93,11.89,2.37,LIGHT,63.42,7.35,1.74,IDLE,56.8,10.06,3.39,LIGHT,62.66,12.19,2.07,LIGHT,63.34,10.57,2.33,LIGHT,61.71,27.18,58.0,168.9,0.25,22.0,COOLING,0.25,22.0,COOLING,0.25,22.0,COOLING,0.25,22.0,COOLING,21.919,21.881,21.918,21.829,21.887,21.919,21.829,0.09,242.34,125.35,119.46,125.05,680.0,765.0,765.0,680.0,176.54,219.6,261.03,220.67,-14.11,7.61,-13.61,20.11,875.0,875.0,875.0,875.0,209.77,242.56,256.88,170.83,612.2,2890.0,877.84,3500.0,880.04,0.0,0.0,0.0,0.0,22.5,ECO_MAINTAIN,0.9446
4,High Occupancy / Low Computer Load,0,65,650.0,34,8,9,9,8,7.84,3.21,IDLE,59.61,12.16,3.68,LIGHT,65.72,11.93,3.75,LIGHT,65.54,7.97,3.07,IDLE,59.57,10.89,3.81,LIGHT,64.33,11.31,3.47,LIGHT,64.34,11.11,1.2,LIGHT,60.69,12.92,1.07,LIGHT,62.76,8.89,3.65,IDLE,61.59,8.17,2.34,IDLE,58.72,27.18,58.0,169.0,0.25,22.0,COOLING,0.25,22.0,COOLING,0.25,22.0,COOLING,0.25,22.0,COOLING,21.923,21.886,21.923,21.832,21.891,21.923,21.832,0.091,250.44,128.67,123.45,120.31,680.0,765.0,765.0,680.0,176.49,219.55,261.01,220.67,-14.1,7.47,-13.84,20.47,875.0,875.0,875.0,875.0,217.83,245.69,260.62,166.45,622.87,2890.0,877.72,3500.0,890.59,0.0,0.0,0.0,0.0,22.5,ECO_MAINTAIN,0.9287
4,High Occupancy / Low Computer Load,0,66,660.0,34,8,9,9,8,10.31,2.54,LIGHT,61.7,7.01,1.57,IDLE,56.12,9.13,2.57,IDLE,60.27,8.55,3.47,IDLE,60.89,10.78,3.32,LIGHT,63.45,8.32,1.93,IDLE,58.3,11.17,3.44,LIGHT,64.12,11.76,3.06,LIGHT,64.29,9.85,3.99,IDLE,63.3,9.51,3.02,IDLE,61.42,27.18,58.0,169.2,0.25,22.0,COOLING,0.25,22.0,COOLING,0.25,22.0,COOLING,0.25,22.0,COOLING,21.927,21.891,21.928,21.835,21.895,21.928,21.835,0.093,238.98,121.75,128.41,124.72,680.0,765.0,765.0,680.0,176.48,219.57,261.08,220.73,-14.08,7.33,-14.08,20.83,875.0,875.0,875.0,875.0,206.38,238.65,265.41,171.28,613.86,2890.0,877.86,3500.0,881.72,0.0,0.0,0.0,0.0,22.5,ECO_MAINTAIN,0.9146
4,High Occupancy / Low Computer Load,0,67,670.0,34,8,9,9,8,10.33,3.82,LIGHT,63.64,12.48,3.56,LIGHT,65.94,9.42,2.01,IDLE,59.79,11.41,3.76,LIGHT,64.9,12.36,2.91,LIGHT,64.81,11.07,1.53,LIGHT,61.13,8.47,1.55,IDLE,57.91,12.11,1.11,LIGHT,61.8,9.48,1.56,IDLE,59.19,9.88,2.08,IDLE,60.47,27.19,58.0,169.3,0.25,22.0,COOLING,0.25,22.0,COOLING,0.25,22.0,COOLING,0.25,22.0,COOLING,21.932,21.896,21.933,21.838,21.9,21.933,21.838,0.095,254.27,125.94,119.71,119.66,680.0,765.0,765.0,680.0,176.64,219.74,261.27,220.94,-14.06,7.19,-14.32,21.19,875.0,875.0,875.0,875.0,221.85,242.87,256.66,166.79,619.58,2890.0,878.59,3500.0,888.17,0.0,0.0,0.0,0.0,22.5,ECO_MAINTAIN,0.898
4,High Occupancy / Low Computer Load,0,68,680.0,34,8,9,9,8,12.04,1.66,LIGHT,62.54,12.86,2.86,LIGHT,65.37,12.9,1.2,LIGHT,62.92,9.66,2.91,IDLE,61.44,11.35,3.96,LIGHT,65.13,8.71,3.95,IDLE,61.81,12.64,1.65,LIGHT,63.27,12.38,1.94,LIGHT,63.39,8.06,3.58,IDLE,60.45,9.4,2.61,IDLE,60.66,27.19,58.0,169.4,0.25,22.0,COOLING,0.25,22.0,COOLING,0.25,22.0,COOLING,0.25,22.0,COOLING,21.936,21.901,21.938,21.841,21.904,21.938,21.841,0.097,252.27,126.94,126.66,121.11,680.0,765.0,765.0,680.0,176.57,219.7,261.25,220.95,-14.28,7.16,-14.53,21.66,875.0,875.0,875.0,875.0,219.56,243.8,263.38,168.72,626.98,2890.0,878.47,3500.0,895.46,0.0,0.0,0.0,0.0,22.5,ECO_MAINTAIN,0.8827
4,High Occupancy / Low Computer Load,0,69,690.0,34,8,9,9,8,12.44,1.28,LIGHT,62.47,12.71,2.32,LIGHT,64.37,12.33,2.1,LIGHT,63.56,8.87,2.25,IDLE,59.46,12.29,3.92,LIGHT,66.24,7.14,1.49,IDLE,56.16,9.59,3.2,IDLE,61.79,7.89,2.87,IDLE,59.17,12.08,3.7,LIGHT,65.65,8.69,3.65,IDLE,61.34,27.19,58.0,169.6,0.25,22.0,COOLING,0.25,22.0,COOLING,0.25,22.0,COOLING,0.25,22.0,COOLING,21.94,21.906,21.943,21.845,21.909,21.943,21.845,0.098,249.86,122.4,120.96,126.99,680.0,765.0,765.0,680.0,176.56,219.71,261.32,221.0,-14.27,7.02,-14.77,22.02,875.0,875.0,875.0,875.0,217.15,239.13,257.51,175.01,620.21,2890.0,878.59,3500.0,888.8,0.0,0.0,0.0,0.0,22.5,ECO_MAINTAIN,0.8666
4,High Occupancy / Low Computer Load,0,70,700.0,34,8,9,9,8,7.1,2.76,IDLE,58.02,10.25,1.47,LIGHT,60.02,10.82,2.25,LIGHT,61.9,11.67,2.52,LIGHT,63.37,12.45,3.1,LIGHT,65.21,9.75,2.59,IDLE,61.07,7.12,2.36,IDLE,57.44,10.8,2.35,LIGHT,62.02,8.61,3.85,IDLE,61.54,9.37,2.49,IDLE,60.45,27.19,58.0,169.7,0.25,22.0,COOLING,0.25,22.0,COOLING,0.25,22.0,COOLING,0.25,22.0,COOLING,21.944,21.911,21.948,21.848,21.913,21.948,21.848,0.1,243.31,126.28,119.46,121.99,680.0,765.0,765.0,680.0,176.52,219.67,261.3,220.98,-14.15,6.9,-14.9,22.15,875.0,875.0,875.0,875.0,210.68,242.85,255.86,170.12,611.04,2890.0,878.47,3500.0,879.51,0.0,0.0,0.0,0.0,22.5,ECO_MAINTAIN,0.8535
4,High Occupancy / Low Computer Load,0,71,710.0,34,8,9,9,8,12.78,1.87,LIGHT,63.78,11.24,3.16,LIGHT,63.79,10.45,1.95,LIGHT,60.99,10.86,1.88,LIGHT,61.4,9.73,2.48,IDLE,60.88,9.16,1.97,IDLE,59.41,11.46,1.61,LIGHT,61.74,12.33,2.04,LIGHT,63.47,9.85,2.88,IDLE,61.63,7.87,2.19,IDLE,58.12,27.2,58.0,169.9,0.25,22.0,COOLING,0.25,22.0,COOLING,0.25,22.0,COOLING,0.25,22.0,COOLING,21.948,21.916,21.953,21.851,21.917,21.953,21.851,0.102,249.96,120.29,125.21,119.75,680.0,765.0,765.0,680.0,176.71,219.9,261.58,221.26,-14.13,6.75,-15.13,22.51,875.0,875.0,875.0,875.0,217.54,236.94,261.66,168.52,615.21,2890.0,879.45,3500.0,884.66,0.0,0.0,0.0,0.0,22.5,ECO_MAINTAIN,0.8392
4,High Occupancy / Low Computer Load,0,72,720.0,34,8,9,9,8,10.15,3.97,LIGHT,63.64,9.56,1.82,IDLE,59.68,7.67,1.76,IDLE,57.23,10.76,2.1,LIGHT,61.6,11.14,3.3,LIGHT,63.88,7.45,2.88,IDLE,58.63,8.27,2.59,IDLE,59.22,7.52,1.43,IDLE,56.55,8.65,3.88,IDLE,61.63,9.19,2.53,IDLE,60.28,27.2,58.0,170.0,0.25,22.0,COOLING,0.25,22.0,COOLING,0.25,22.0,COOLING,0.25,22.0,COOLING,21.952,21.921,21.958,21.854,21.921,21.958,21.854,0.104,242.15,122.51,115.77,121.91,680.0,765.0,765.0,680.0,176.67,219.86,261.56,221.25,-14.12,6.61,-15.36,22.87,875.0,875.0,875.0,875.0,209.7,238.98,251.97,171.03,602.34,2890.0,879.34,3500.0,871.68,0.0,0.0,0.0,0.0,22.5,ECO_MAINTAIN,0.8257
4,High Occupancy / Low Computer Load,0,73,730.0,34,8,9,9,8,7.97,2.88,IDLE,59.28,9.37,2.73,IDLE,60.81,12.26,3.93,LIGHT,66.22,11.51,2.51,LIGHT,63.15,9.74,2.19,IDLE,60.46,10.1,2.54,LIGHT,61.44,7.68,2.05,IDLE,57.68,11.02,2.63,LIGHT,62.72,9.74,2.31,IDLE,60.64,10.03,1.7,LIGHT,60.09,27.2,58.0,170.1,0.25,22.0,COOLING,0.25,22.0,COOLING,0.25,22.0,COOLING,0.25,22.0,COOLING,21.956,21.926,21.963,21.857,21.925,21.963,21.857,0.106,249.46,121.9,120.4,120.73,680.0,765.0,765.0,680.0,176.62,219.81,261.54,221.25,-14.1,6.48,-15.6,23.23,875.0,875.0,875.0,875.0,216.98,238.19,256.34,170.21,612.49,2890.0,879.22,3500.0,881.72,0.0,0.0,0.0,0.0,22.5,ECO_MAINTAIN,0.8111
4,High Occupancy / Low Computer Load,0,74,740.0,34,8,9,9,8,9.03,1.33,IDLE,58.28,10.92,1.37,LIGHT,60.7,11.75,2.41,LIGHT,63.3,8.79,2.07,IDLE,59.09,12.44,3.08,LIGHT,65.17,10.76,1.97,LIGHT,61.41,8.49,3.33,IDLE,60.61,12.2,2.82,LIGHT,64.48,10.84,2.77,LIGHT,62.7,9.91,2.89,IDLE,61.72,27.21,58.0,170.3,0.25,22.0,COOLING,0.25,22.0,COOLING,0.25,22.0,COOLING,0.25,22.0,COOLING,21.96,21.931,21.968,21.861,21.93,21.968,21.861,0.107,241.37,126.58,125.09,124.42,680.0,765.0,765.0,680.0,176.82,220.05,261.82,221.53,-14.09,6.34,-15.84,23.59,875.0,875.0,875.0,875.0,209.1,242.97,261.07,174.54,617.46,2890.0,880.22,3500.0,887.68,0.0,0.0,0.0,0.0,22.5,ECO_MAINTAIN,0.7952
4,High Occupancy / Low Computer Load,0,75,750.0,34,8,9,9,8,11.82,2.41,LIGHT,63.39,11.07,1.19,LIGHT,60.62,11.98,2.32,LIGHT,63.45,10.86,1.75,LIGHT,61.2,7.92,3.82,IDLE,60.63,8.12,3.53,IDLE,60.45,8.09,3.98,IDLE,61.08,12.32,1.15,LIGHT,62.12,8.55,3.85,IDLE,61.46,12.57,3.41,LIGHT,65.83,27.21,58.0,170.4,0.25,22.0,COOLING,0.25,22.0,COOLING,0.25,22.0,COOLING,0.25,22.0,COOLING,21.964,21.936,21.973,21.865,21.934,21.973,21.865,0.108,248.66,121.08,123.2,127.29,680.0,765.0,765.0,680.0,176.78,220.0,261.8,221.5,-13.96,6.21,-15.96,23.71,875.0,875.0,875.0,875.0,216.48,237.29,259.04,177.5,620.23,2890.0,880.08,3500.0,890.31,0.0,0.0,0.0,0.0,22.5,ECO_MAINTAIN,0.7796
4,High Occupancy / Low Computer Load,0,76,760.0,34,8,9,9,8,11.51,2.13,LIGHT,62.58,9.13,2.96,IDLE,60.85,11.97,1.52,LIGHT,62.24,12.67,1.25,LIGHT,62.71,10.74,2.78,LIGHT,62.59,9.93,3.16,IDLE,62.15,9.85,3.19,IDLE,62.1,11.23,2.28,LIGHT,62.46,7.8,1.12,IDLE,56.43,10.71,3.92,LIGHT,64.27,27.21,58.0,170.6,0.25,22.0,COOLING,0.25,22.0,COOLING,0.25,22.0,COOLING,0.25,22.0,COOLING,21.968,21.941,21.978,21.868,21.939,21.978,21.868,0.11,248.38,124.74,124.56,120.7,680.0,765.0,765.0,680.0,176.76,220.01,261.87,221.54,-13.83,6.08,-16.08,23.84,875.0,875.0,875.0,875.0,216.31,240.83,260.35,171.08,618.38,2890.0,880.18,3500.0,888.57,0.0,0.0,0.0,0.0,22.5,ECO_MAINTAIN,0.767
4,High Occupancy / Low Computer Load,0,77,770.0,34,8,9,9,8,11.94,3.07,LIGHT,64.53,9.35,2.08,IDLE,59.81,12.11,2.6,LIGHT,64.04,12.06,1.08,LIGHT,61.7,11.97,3.83,LIGHT,65.71,12.18,2.93,LIGHT,64.62,9.72,2.08,IDLE,60.27,8.79,3.35,IDLE,61.01,10.48,2.73,LIGHT,62.2,10.73,3.07,LIGHT,63.02,27.21,58.0,170.7,0.25,22.0,COOLING,0.25,22.0,COOLING,0.25,22.0,COOLING,0.25,22.0,COOLING,21.972,21.946,21.983,21.872,21.943,21.983,21.872,0.111,250.08,130.33,121.28,125.22,680.0,765.0,765.0,680.0,176.71,219.97,261.85,221.54,-13.82,5.95,-16.32,24.2,875.0,875.0,875.0,875.0,217.97,246.25,256.81,175.96,626.91,2890.0,880.07,3500.0,896.99,0.0,0.0,0.0,0.0,22.5,ECO_MAINTAIN,0.7508
4,High Occupancy / Low Computer Load,0,78,780.0,34,8,9,9,8,8.74,2.98,IDLE,60.39,9.46,2.04,IDLE,59.89,7.24,3.46,IDLE,59.24,10.59,3.2,LIGHT,63.04,7.31,3.29,IDLE,59.07,8.85,3.15,IDLE,60.79,10.5,3.51,LIGHT,63.39,12.17,1.23,LIGHT,62.06,7.21,3.03,IDLE,58.56,9.58,2.55,IDLE,60.8,27.22,58.0,170.8,0.25,22.0,COOLING,0.25,22.0,COOLING,0.25,22.0,COOLING,0.25,22.0,COOLING,21.976,21.951,21.988,21.875,21.947,21.988,21.875,0.113,242.56,119.86,125.45,119.36,680.0,765.0,765.0,680.0,176.88,220.14,262.05,221.73,-13.7,5.82,-16.44,24.32,875.0,875.0,875.0,875.0,210.74,235.82,261.06,170.41,607.23,2890.0,880.8,3500.0,878.03,0.0,0.0,0.0,0.0,22.5,ECO_MAINTAIN,0.7404
4,High Occupancy / Low Computer Load,0,79,790.0,34,8,9,9,8,7.64,2.68,IDLE,58.57,8.65,2.95,IDLE,60.24,8.75,2.86,IDLE,60.23,10.41,1.05,LIGHT,59.59,7.17,1.21,IDLE,55.78,7.11,1.23,IDLE,55.73,10.35,1.12,LIGHT,59.62,11.33,1.94,LIGHT,62.07,11.6,1.39,LIGHT,61.59,11.94,3.54,LIGHT,65.23,27.22,58.0,171.0,0.25,22.0,COOLING,0.25,22.0,COOLING,0.25,22.0,COOLING,0.25,22.0,COOLING,21.98,21.956,21.993,21.879,21.952,21.993,21.879,0.114,238.63,111.51,121.69,126.82,680.0,765.0,765.0,680.0,176.87,220.16,262.11,221.8,-13.68,5.68,-16.68,24.68,875.0,875.0,875.0,875.0,206.82,227.35,257.12,178.3,598.65,2890.0,880.94,3500.0,869.59,0.0,0.0,0.0,0.0,22.5,ECO_MAINTAIN,0.7259
4,High Occupancy / Low Computer Load,0,80,800.0,34,8,9,9,8,10.59,1.65,LIGHT,60.71,8.46,2.18,IDLE,58.85,9.07,2.71,IDLE,60.4,12.22,1.78,LIGHT,62.95,7.98,2.35,IDLE,58.5,7.81,1.98,IDLE,57.73,12.46,3.49,LIGHT,65.81,8.17,1.44,IDLE,57.37,12.6,1.33,LIGHT,62.74,10.94,2.89,LIGHT,63.01,27.22,58.0,171.1,0.25,22.0,COOLING,0.25,22.0,COOLING,0.25,22.0,COOLING,0.25,22.0,COOLING,21.984,21.961,21.998,21.883,21.956,21.998,21.883,0.115,242.91,116.23,123.18,125.75,680.0,765.0,765.0,680.0,176.82,220.12,262.09,221.77,-13.56,5.56,-16.8,24.8,875.0,875.0,875.0,875.0,211.17,231.91,258.47,177.32,608.07,2890.0,880.8,3500.0,878.87,0.0,0.0,0.0,0.0,22.5,ECO_MAINTAIN,0.7109
4,High Occupancy / Low Computer Load,0,81,810.0,34,8,9,9,8,7.93,3.3,IDLE,59.86,12.17,1.44,LIGHT,62.37,8.91,1.15,IDLE,57.86,12.89,2.78,LIGHT,65.28,7.9,3.85,IDLE,60.65,11.66,3.91,LIGHT,65.44,12.43,2.3,LIGHT,63.99,9.63,1.23,IDLE,58.88,9.65,2.0,IDLE,60.06,12.9,3.7,LIGHT,66.67,27.23,58.0,171.2,0.25,22.0,COOLING,0.25,22.0,COOLING,0.25,22.0,COOLING,0.25,22.0,COOLING,21.988,21.966,22.003,21.887,21.961,22.003,21.887,0.116,245.37,126.09,122.87,126.73,680.0,765.0,765.0,680.0,176.99,220.28,262.29,221.96,-13.43,5.43,-16.93,24.93,875.0,875.0,875.0,875.0,213.93,241.8,258.23,178.62,621.06,2890.0,881.52,3500.0,892.58,0.0,0.0,0.0,0.0,22.5,ECO_MAINTAIN,0.6954
4,High Occupancy / Low Computer Load,0,82,820.0,34,8,9,9,8,11.9,3.96,LIGHT,65.81,7.97,2.85,IDLE,59.24,9.39,2.11,IDLE,59.9,9.61,2.48,IDLE,60.73,8.44,3.9,IDLE,61.4,11.68,3.84,LIGHT,65.36,7.8,3.26,IDLE,59.64,9.43,3.69,IDLE,62.32,10.49,1.43,LIGHT,60.26,7.14,1.14,IDLE,55.63,27.23,58.0,171.4,0.25,22.0,COOLING,0.25,22.0,COOLING,0.25,22.0,COOLING,0.25,22.0,COOLING,21.992,21.971,22.008,21.89,21.965,22.008,21.89,0.118,245.68,126.76,121.96,115.89,680.0,765.0,765.0,680.0,176.97,220.3,262.35,221.99,-13.3,5.3,-17.05,25.05,875.0,875.0,875.0,875.0,214.35,242.36,257.26,167.93,610.29,2890.0,881.61,3500.0,881.9,0.0,0.0,0.0,0.0,22.5,ECO_MAINTAIN,0.6849
4,High Occupancy / Low Computer Load,0,83,830.0,34,8,9,9,8,10.13,1.07,LIGHT,59.27,11.27,2.43,LIGHT,62.73,9.11,1.99,IDLE,59.37,7.46,3.5,IDLE,59.58,12.02,3.68,LIGHT,65.55,11.71,1.29,LIGHT,61.57,12.09,3.25,LIGHT,64.99,12.75,3.9,LIGHT,66.79,8.44,2.09,IDLE,58.68,7.75,3.89,IDLE,60.52,27.23,58.0,171.5,0.25,22.0,COOLING,0.25,22.0,COOLING,0.25,22.0,COOLING,0.25,22.0,COOLING,21.996,21.976,22.013,21.894,21.97,22.013,21.894,0.119,240.95,127.12,131.78,119.2,680.0,765.0,765.0,680.0,176.93,220.26,262.33,222.0,-13.29,5.16,-17.29,25.41,875.0,875.0,875.0,875.0,209.59,242.54,266.82,171.61,619.05,2890.0,881.52,3500.0,890.56,0.0,0.0,0.0,0.0,22.5,ECO_MAINTAIN,0.6707
4,High Occupancy / Low Computer Load,0,84,840.0,34,8,9,9,8,7.85,2.55,IDLE,58.64,9.26,3.78,IDLE,62.25,11.28,3.55,LIGHT,64.42,7.83,2.22,IDLE,58.12,8.76,1.27,IDLE,57.86,7.94,1.5,IDLE,57.17,10.45,2.11,LIGHT,61.23,12.5,1.18,LIGHT,62.4,8.5,3.67,IDLE,61.13,10.08,1.58,LIGHT,59.97,27.23,58.0,171.7,0.25,22.0,COOLING,0.25,22.0,COOLING,0.25,22.0,COOLING,0.25,22.0,COOLING,22.0,21.981,22.018,21.898,21.974,22.018,21.898,0.12,243.43,115.03,123.63,121.1,680.0,765.0,765.0,680.0,176.92,220.27,262.41,222.03,-13.16,5.04,-17.42,25.54,875.0,875.0,875.0,875.0,212.19,230.34,258.62,173.67,603.19,2890.0,881.63,3500.0,874.82,0.0,0.0,0.0,0.0,22.5,ECO_MAINTAIN,0.6579
4,High Occupancy / Low Computer Load,0,85,850.0,34,8,9,9,8,12.3,2.53,LIGHT,64.17,9.44,1.57,IDLE,59.16,9.71,1.46,IDLE,59.33,12.94,2.95,LIGHT,65.6,10.16,2.72,LIGHT,61.78,11.17,1.39,LIGHT,61.05,8.71,2.81,IDLE,60.1,8.52,3.9,IDLE,61.5,11.81,3.82,LIGHT,65.49,10.95,2.08,LIGHT,61.81,27.24,58.0,171.8,0.25,22.0,COOLING,0.25,22.0,COOLING,0.25,22.0,COOLING,0.25,22.0,COOLING,22.004,21.986,22.023,21.902,21.979,22.023,21.902,0.121,248.26,122.83,121.6,127.3,680.0,765.0,765.0,680.0,177.08,220.45,262.59,222.23,-13.04,4.91,-17.54,25.67,875.0,875.0,875.0,875.0,217.3,238.19,256.65,180.2,619.99,2890.0,882.35,3500.0,892.34,0.0,0.0,0.0,0.0,22.5,ECO_MAINTAIN,0.6422
4,High Occupancy / Low Computer Load,0,86,860.0,34,8,9,9,8,9.24,2.37,IDLE,60.1,10.29,2.49,LIGHT,61.6,9.85,1.96,IDLE,60.25,12.57,1.01,LIGHT,62.23,10.31,2.63,LIGHT,61.83,7.83,3.53,IDLE,60.08,8.21,3.93,IDLE,61.16,12.44,1.01,LIGHT,62.06,9.89,3.68,IDLE,62.88,9.49,2.66,IDLE,60.85,27.24,58.0,171.9,0.25,22.0,COOLING,0.25,22.0,COOLING,0.25,22.0,COOLING,0.25,22.0,COOLING,22.008,21.991,22.028,21.906,21.983,22.028,21.906,0.122,244.18,121.91,123.22,123.73,680.0,765.0,765.0,680.0,177.03,220.4,262.58,222.21,-12.92,4.79,-17.66,25.79,875.0,875.0,875.0,875.0,213.29,237.1,258.14,176.73,613.04,2890.0,882.22,3500.0,885.26,0.0,0.0,0.0,0.0,22.5,ECO_MAINTAIN,0.6301
4,High Occupancy / Low Computer Load,0,87,870.0,34,8,9,9,8,9.72,1.77,IDLE,59.8,9.19,2.44,IDLE,60.15,8.98,3.57,IDLE,61.58,11.22,3.13,LIGHT,63.72,7.41,3.05,IDLE,58.84,9.15,2.78,IDLE,60.61,12.05,3.57,LIGHT,65.42,12.81,1.58,LIGHT,63.38,7.92,3.1,IDLE,59.55,11.38,3.36,LIGHT,64.27,27.24,58.0,172.1,0.25,22.0,COOLING,0.25,22.0,COOLING,0.25,22.0,COOLING,0.25,22.0,COOLING,22.012,21.996,22.033,21.91,21.988,22.033,21.91,0.123,245.25,119.45,128.8,123.82,680.0,765.0,765.0,680.0,177.03,220.41,262.65,222.24,-12.79,4.66,-17.79,25.92,875.0,875.0,875.0,875.0,214.49,234.52,263.66,176.98,617.32,2890.0,882.33,3500.0,889.65,0.0,0.0,0.0,0.0,22.5,ECO_MAINTAIN,0.617
4,High Occupancy / Low Computer Load,0,88,880.0,34,8,9,9,8,8.6,3.44,IDLE,60.91,7.39,1.09,IDLE,55.87,7.42,2.34,IDLE,57.78,10.75,3.53,LIGHT,63.73,9.09,3.83,IDLE,62.11,8.45,2.27,IDLE,58.97,10.97,1.45,LIGHT,60.89,12.0,3.26,LIGHT,64.89,10.14,2.34,LIGHT,61.18,8.02,3.65,IDLE,60.5,27.24,58.0,172.2,0.25,22.0,COOLING,0.25,22.0,COOLING,0.25,22.0,COOLING,0.25,22.0,COOLING,22.016,22.001,22.038,21.914,21.992,22.038,21.914,0.124,238.29,121.08,125.78,121.68,680.0,765.0,765.0,680.0,176.98,220.37,262.62,222.21,-12.67,4.54,-17.92,26.04,875.0,875.0,875.0,875.0,207.6,235.99,260.48,174.93,606.83,2890.0,882.18,3500.0,879.0,0.0,0.0,0.0,0.0,22.5,ECO_MAINTAIN,0.605
4,High Occupancy / Low Computer Load,0,89,890.0,34,8,9,9,8,12.91,1.91,LIGHT,64.0,9.1,3.88,IDLE,62.2,7.23,2.07,IDLE,57.14,10.71,3.03,LIGHT,62.93,10.33,1.27,LIGHT,59.82,12.66,1.31,LIGHT,62.79,12.09,1.74,LIGHT,62.72,8.04,3.15,IDLE,59.77,11.36,2.65,LIGHT,63.18,7.19,3.37,IDLE,59.04,27.25,58.0,172.4,0.25,22.0,COOLING,0.25,22.0,COOLING,0.25,22.0,COOLING,0.25,22.0,COOLING,22.02,22.006,22.043,21.918,21.997,22.043,21.918,0.125,246.27,122.61,122.49,122.22,680.0,765.0,765.0,680.0,177.18,220.6,262.91,222.47,-12.54,4.41,-18.04,26.16,875.0,875.0,875.0,875.0,215.91,237.62,257.36,175.85,613.59,2890.0,883.16,3500.0,886.74,0.0,0.0,0.0,0.0,22.5,ECO_MAINTAIN,0.5913
4,High Occupancy / Low Computer Load,0,90,900.0,34,8,9,9,8,7.87,1.05,IDLE,56.41,11.81,2.44,LIGHT,63.42,11.44,2.13,LIGHT,62.49,9.72,1.23,IDLE,58.99,12.97,1.38,LIGHT,63.28,8.85,2.0,IDLE,59.06,8.19,2.6,IDLE,59.14,11.85,1.23,LIGHT,61.66,12.67,2.88,LIGHT,65.16,11.71,3.95,LIGHT,65.56,27.25,58.0,172.5,0.25,22.0,COOLING,0.25,22.0,COOLING,0.25,22.0,COOLING,0.25,22.0,COOLING,22.024,22.011,22.048,21.922,22.001,22.048,21.922,0.126,241.31,122.34,120.8,130.72,680.0,765.0,765.0,680.0,177.14,220.56,262.89,222.45,-12.41,4.29,-18.16,26.29,875.0,875.0,875.0,875.0,211.04,237.19,255.53,184.46,615.17,2890.0,883.04,3500.0,888.22,0.0,0.0,0.0,0.0,22.5,ECO_MAINTAIN,0.5777
4,High Occupancy / Low Computer Load,0,91,910.0,34,8,9,9,8,7.54,1.88,IDLE,57.24,8.55,2.49,IDLE,59.42,8.17,2.48,IDLE,58.93,7.73,2.13,IDLE,57.86,7.2,2.61,IDLE,57.91,12.0,3.49,LIGHT,65.23,7.58,1.87,IDLE,57.28,9.16,3.33,IDLE,61.45,7.03,1.75,IDLE,56.41,7.41,3.19,IDLE,59.05,27.25,58.0,172.6,0.25,22.0,COOLING,0.25,22.0,COOLING,0.25,22.0,COOLING,0.25,22.0,COOLING,22.028,22.016,22.053,21.925,22.005,22.053,21.925,0.128,233.45,123.14,118.73,115.46,680.0,765.0,765.0,680.0,177.08,220.52,262.86,222.43,-12.29,4.17,-18.29,26.41,875.0,875.0,875.0,875.0,203.24,237.83,253.3,169.3,590.78,2890.0,882.89,3500.0,863.67,0.0,0.0,0.0,0.0,22.5,ECO_MAINTAIN,0.5701
4,High Occupancy / Low Computer Load,0,92,920.0,34,8,9,9,8,12.16,1.07,LIGHT,61.8,8.91,1.84,IDLE,58.9,8.69,2.31,IDLE,59.33,10.06,2.32,LIGHT,61.05,9.72,3.27,IDLE,62.05,8.28,2.1,IDLE,58.5,8.3,3.41,IDLE,60.49,7.92,1.61,IDLE,57.31,11.48,3.54,LIGHT,64.66,12.6,2.71,LIGHT,64.81,27.26,58.0,172.8,0.25,22.0,COOLING,0.25,22.0,COOLING,0.25,22.0,COOLING,0.25,22.0,COOLING,22.032,22.021,22.058,21.929,22.01,22.058,21.929,0.129,241.08,120.55,117.8,129.47,680.0,765.0,765.0,680.0,177.29,220.75,263.15,222.7,-12.27,4.03,-18.53,26.77,875.0,875.0,875.0,875.0,211.1,235.33,252.42,183.94,608.9,2890.0,883.89,3500.0,882.79,0.0,0.0,0.0,0.0,22.5,ECO_MAINTAIN,0.5549
4,High Occupancy / Low Computer Load,0,93,930.0,34,8,9,9,8,11.11,1.87,LIGHT,61.69,9.44,2.23,IDLE,60.14,12.2,2.53,LIGHT,64.05,9.85,1.92,IDLE,60.19,12.74,1.89,LIGHT,63.76,12.72,1.11,LIGHT,62.56,12.0,3.6,LIGHT,65.4,9.13,2.32,IDLE,59.89,10.92,3.22,LIGHT,63.48,8.39,1.02,IDLE,57.02,27.26,58.0,172.9,0.25,22.0,COOLING,0.25,22.0,COOLING,0.25,22.0,COOLING,0.25,22.0,COOLING,22.036,22.026,22.063,21.933,22.014,22.063,21.933,0.13,246.07,126.32,125.29,120.5,680.0,765.0,765.0,680.0,177.24,220.7,263.13,222.68,-12.15,3.9,-18.65,26.9,875.0,875.0,875.0,875.0,216.16,240.92,259.77,175.08,618.18,2890.0,883.75,3500.0,891.93,0.0,0.0,0.0,0.0,22.5,ECO_MAINTAIN,0.5435
4,High Occupancy / Low Computer Load,0,94,940.0,34,8,9,9,8,10.79,1.32,LIGHT,60.47,8.57,2.59,IDLE,59.6,10.71,1.57,LIGHT,60.74,7.0,3.57,IDLE,59.1,9.72,1.14,IDLE,58.86,7.2,2.83,IDLE,58.24,12.1,3.87,LIGHT,65.93,11.04,2.33,LIGHT,62.29,11.48,2.39,LIGHT,62.94,10.04,2.65,LIGHT,61.52,27.26,58.0,173.1,0.25,22.0,COOLING,0.25,22.0,COOLING,0.25,22.0,COOLING,0.25,22.0,COOLING,22.04,22.031,22.068,21.937,22.019,22.068,21.937,0.131,239.91,117.1,128.22,124.46,680.0,765.0,765.0,680.0,177.23,220.72,263.2,222.72,-12.03,3.78,-18.77,27.03,875.0,875.0,875.0,875.0,210.11,231.6,262.65,179.21,609.69,2890.0,883.87,3500.0,883.57,0.0,0.0,0.0,0.0,22.5,ECO_MAINTAIN,0.5321
4,High Occupancy / Low Computer Load,0,95,950.0,34,8,9,9,8,12.96,3.9,LIGHT,67.05,8.78,2.28,IDLE,59.39,12.33,1.28,LIGHT,62.33,12.66,2.41,LIGHT,64.44,9.12,3.18,IDLE,61.17,11.68,1.39,LIGHT,61.69,10.55,3.59,LIGHT,63.57,12.04,1.52,LIGHT,62.33,12.0,1.92,LIGHT,62.88,7.73,1.8,IDLE,57.36,27.26,58.0,173.2,0.25,22.0,COOLING,0.25,22.0,COOLING,0.25,22.0,COOLING,0.25,22.0,COOLING,22.045,22.036,22.073,21.941,22.024,22.073,21.941,0.132,253.21,122.86,125.9,120.24,680.0,765.0,765.0,680.0,177.18,220.67,263.18,222.69,-11.9,3.65,-18.9,27.15,875.0,875.0,875.0,875.0,223.49,237.18,260.18,175.08,622.21,2890.0,883.72,3500.0,895.93,0.0,0.0,0.0,0.0,22.5,ECO_MAINTAIN,0.519
4,High Occupancy / Low Computer Load,0,96,960.0,34,8,9,9,8,10.75,2.35,LIGHT,61.96,9.22,1.21,IDLE,58.34,12.24,2.55,LIGHT,64.12,9.67,2.18,IDLE,60.36,8.72,3.83,IDLE,61.64,12.86,2.93,LIGHT,65.47,10.79,3.33,LIGHT,63.48,8.56,2.76,IDLE,59.84,11.11,1.5,LIGHT,61.14,7.4,3.1,IDLE,58.9,27.27,58.0,173.3,0.25,22.0,COOLING,0.25,22.0,COOLING,0.25,22.0,COOLING,0.25,22.0,COOLING,22.049,22.041,22.078,21.945,22.028,22.078,21.945,0.133,244.78,127.11,123.32,120.04,680.0,765.0,765.0,680.0,177.33,220.84,263.38,222.88,-12.01,3.63,-19.01,27.39,875.0,875.0,875.0,875.0,215.1,241.58,257.69,175.31,615.25,2890.0,884.43,3500.0,889.68,0.0,0.0,0.0,0.0,22.5,ECO_MAINTAIN,0.5077
4,High Occupancy / Low Computer Load,0,97,970.0,34,8,9,9,8,11.24,1.03,LIGHT,60.59,11.13,3.16,LIGHT,63.65,10.2,3.32,LIGHT,62.73,10.91,3.16,LIGHT,63.38,8.42,2.89,IDLE,59.86,9.04,3.38,IDLE,61.37,10.24,1.64,LIGHT,60.26,7.47,2.48,IDLE,58.06,9.42,3.59,IDLE,62.16,8.8,3.63,IDLE,61.45,27.27,58.0,173.5,0.25,22.0,COOLING,0.25,22.0,COOLING,0.25,22.0,COOLING,0.25,22.0,COOLING,22.054,22.046,22.083,21.949,22.033,22.083,21.949,0.134,250.35,121.23,118.32,123.61,680.0,765.0,765.0,680.0,177.31,220.86,263.44,222.93,-11.88,3.51,-19.13,27.51,875.0,875.0,875.0,875.0,220.78,235.6,252.63,179.05,613.51,2890.0,884.54,3500.0,888.06,0.0,0.0,0.0,0.0,22.5,ECO_MAINTAIN,0.4951
4,High Occupancy / Low Computer Load,0,98,980.0,34,8,9,9,8,8.48,3.12,IDLE,60.28,11.98,1.2,LIGHT,61.77,11.62,1.24,LIGHT,61.38,7.27,3.68,IDLE,59.61,7.31,1.33,IDLE,56.13,7.53,2.22,IDLE,57.74,12.75,3.85,LIGHT,66.71,10.54,2.31,LIGHT,61.64,8.46,2.22,IDLE,58.91,11.22,1.08,LIGHT,60.64,27.27,58.0,173.6,0.25,22.0,COOLING,0.25,22.0,COOLING,0.25,22.0,COOLING,0.25,22.0,COOLING,22.058,22.051,22.088,21.953,22.038,22.088,21.953,0.135,243.04,113.87,128.35,119.55,680.0,765.0,765.0,680.0,177.24,220.82,263.42,222.9,-11.99,3.49,-19.24,27.74,875.0,875.0,875.0,875.0,213.29,228.18,262.53,175.19,604.81,2890.0,884.38,3500.0,879.19,0.0,0.0,0.0,0.0,22.5,ECO_MAINTAIN,0.4858
4,High Occupancy / Low Computer Load,0,99,990.0,34,8,9,9,8,8.09,3.58,IDLE,60.48,12.22,2.33,LIGHT,63.77,11.39,2.07,LIGHT,62.34,7.57,3.62,IDLE,59.89,10.04,2.91,LIGHT,61.91,8.76,3.85,IDLE,61.73,11.75,2.32,LIGHT,63.17,10.46,2.98,LIGHT,62.55,7.51,2.87,IDLE,58.69,10.02,1.35,LIGHT,59.55,27.27,58.0,173.8,0.25,22.0,COOLING,0.25,22.0,COOLING,0.25,22.0,COOLING,0.25,22.0,COOLING,22.062,22.056,22.093,21.957,22.042,22.093,21.957,0.136,246.48,123.64,125.72,118.24,680.0,765.0,765.0,680.0,177.23,220.83,263.48,222.94,-11.87,3.37,-19.37,27.87,875.0,875.0,875.0,875.0,216.84,237.84,259.83,174.05,614.08,2890.0,884.48,3500.0,888.56,0.0,0.0,0.0,0.0,22.5,ECO_MAINTAIN,0.474
4,High Occupancy / Low Computer Load,0,100,1000.0,34,8,9,9,8,8.22,1.33,IDLE,57.27,10.9,2.14,LIGHT,61.84,9.67,2.99,IDLE,61.57,9.27,3.15,IDLE,61.31,10.1,2.17,LIGHT,60.88,8.48,3.76,IDLE,61.24,10.63,3.8,LIGHT,63.99,9.37,2.84,IDLE,60.97,7.17,2.88,IDLE,58.28,11.79,1.25,LIGHT,61.61,27.28,58.0,173.9,0.25,22.0,COOLING,0.25,22.0,COOLING,0.25,22.0,COOLING,0.25,22.0,COOLING,22.066,22.061,22.098,21.961,22.046,22.098,21.961,0.137,241.99,122.12,124.96,119.89,680.0,765.0,765.0,680.0,177.4,221.01,263.68,223.13,-11.75,3.24,-19.49,27.99,875.0,875.0,875.0,875.0,212.64,236.37,259.15,176.01,608.96,2890.0,885.22,3500.0,884.17,0.0,0.0,0.0,0.0,22.5,ECO_MAINTAIN,0.4632
4,High Occupancy / Low Computer Load,0,101,1010.0,34,8,9,9,8,10.28,1.87,LIGHT,60.65,12.11,1.59,LIGHT,62.52,10.4,1.79,LIGHT,60.69,7.63,3.49,IDLE,59.77,9.98,3.42,IDLE,62.61,9.92,3.53,IDLE,62.7,11.54,3.97,LIGHT,65.38,12.99,1.19,LIGHT,63.02,12.39,1.94,LIGHT,63.4,10.32,1.6,LIGHT,60.3,27.28,58.0,174.0,0.25,22.0,COOLING,0.25,22.0,COOLING,0.25,22.0,COOLING,0.25,22.0,COOLING,22.07,22.066,22.103,21.965,22.051,22.103,21.965,0.138,243.63,125.31,128.4,123.7,680.0,765.0,765.0,680.0,177.35,220.96,263.66,223.11,-11.62,3.12,-19.62,28.12,875.0,875.0,875.0,875.0,214.36,239.39,262.44,179.93,621.04,2890.0,885.08,3500.0,896.12,0.0,0.0,0.0,0.0,22.5,ECO_MAINTAIN,0.4515
4,High Occupancy / Low Computer Load,0,102,1020.0,34,8,9,9,8,11.94,1.14,LIGHT,61.63,7.11,2.25,IDLE,57.26,12.42,1.37,LIGHT,62.58,9.14,1.87,IDLE,59.23,11.07,3.32,LIGHT,63.82,9.59,3.03,IDLE,61.53,7.16,2.27,IDLE,57.36,7.42,1.29,IDLE,56.21,11.0,1.56,LIGHT,61.09,11.78,1.46,LIGHT,61.91,27.28,58.0,174.2,0.25,22.0,COOLING,0.25,22.0,COOLING,0.25,22.0,COOLING,0.25,22.0,COOLING,22.074,22.071,22.108,21.969,22.056,22.108,21.969,0.139,240.7,125.35,113.57,123.0,680.0,765.0,765.0,680.0,177.35,220.98,263.73,223.15,-11.5,3.0,-19.75,28.25,875.0,875.0,875.0,875.0,211.55,239.33,247.55,179.4,602.62,2890.0,885.21,3500.0,877.83,0.0,0.0,0.0,0.0,22.5,ECO_MAINTAIN,0.4412
4,High Occupancy / Low Computer Load,0,103,1030.0,34,8,9,9,8,12.24,2.07,LIGHT,63.4,10.1,3.91,LIGHT,63.49,7.97,2.73,IDLE,59.06,12.36,2.09,LIGHT,63.59,11.59,1.22,LIGHT,61.32,11.76,1.08,LIGHT,61.32,8.15,1.0,IDLE,56.69,10.73,1.84,LIGHT,61.17,11.18,1.1,LIGHT,60.62,8.24,1.28,IDLE,57.22,27.29,58.0,174.3,0.25,22.0,COOLING,0.25,22.0,COOLING,0.25,22.0,COOLING,0.25,22.0,COOLING,22.079,22.076,22.113,21.973,22.06,22.113,21.973,0.14,249.54,122.64,117.86,117.84,680.0,765.0,765.0,680.0,177.5,221.15,263.92,223.34,-11.37,2.87,-19.87,28.37,875.0,875.0,875.0,875.0,220.67,236.66,251.91,174.55,607.88,2890.0,885.91,3500.0,883.79,0.0,0.0,0.0,0.0,22.5,ECO_MAINTAIN,0.4307
4,High Occupancy / Low Computer Load,0,104,1040.0,34,8,9,9,8,9.65,2.43,IDLE,60.71,9.59,2.84,IDLE,61.25,8.88,1.36,IDLE,58.14,7.43,3.8,IDLE,59.99,8.45,2.6,IDLE,59.46,11.03,3.34,LIGHT,63.8,12.53,2.73,LIGHT,64.76,10.53,2.6,LIGHT,62.06,8.82,3.75,IDLE,61.65,8.7,2.02,IDLE,58.91,27.29,58.0,174.4,0.25,22.0,COOLING,0.25,22.0,COOLING,0.25,22.0,COOLING,0.25,22.0,COOLING,22.083,22.081,22.118,21.977,22.065,22.118,21.977,0.141,240.09,123.26,126.82,120.56,680.0,765.0,765.0,680.0,177.44,221.1,263.91,223.32,-11.48,2.85,-19.98,28.61,875.0,875.0,875.0,875.0,211.05,237.21,260.75,177.49,610.73,2890.0,885.77,3500.0,886.5,0.0,0.0,0.0,0.0,22.5,ECO_MAINTAIN,0.4208
4,High Occupancy / Low Computer Load,0,105,1050.0,34,8,9,9,8,12.68,1.02,LIGHT,62.38,9.0,1.63,IDLE,58.7,12.41,3.31,LIGHT,65.48,7.09,2.62,IDLE,57.79,8.56,3.4,IDLE,60.8,9.58,3.37,IDLE,62.03,11.02,2.69,LIGHT,62.81,10.7,1.68,LIGHT,60.9,9.58,3.76,IDLE,62.62,11.2,1.57,LIGHT,61.36,27.29,58.0,174.6,0.25,22.0,COOLING,0.25,22.0,COOLING,0.25,22.0,COOLING,0.25,22.0,COOLING,22.087,22.086,22.123,21.981,22.069,22.123,21.981,0.142,244.35,122.83,123.71,123.98,680.0,765.0,765.0,680.0,177.42,221.11,263.97,223.35,-11.35,2.73,-20.1,28.73,875.0,875.0,875.0,875.0,215.42,236.67,257.58,181.06,614.87,2890.0,885.85,3500.0,890.73,0.0,0.0,0.0,0.0,22.5,ECO_MAINTAIN,0.4098
4,High Occupancy / Low Computer Load,0,106,1060.0,34,8,9,9,8,10.62,1.88,LIGHT,61.09,11.66,1.02,LIGHT,61.11,8.64,1.35,IDLE,57.82,11.68,3.02,LIGHT,64.13,12.01,3.14,LIGHT,64.72,8.38,2.43,IDLE,59.12,8.38,3.11,IDLE,60.14,7.47,3.4,IDLE,59.44,12.4,3.81,LIGHT,66.22,7.39,1.5,IDLE,56.49,27.29,58.0,174.7,0.25,22.0,COOLING,0.25,22.0,COOLING,0.25,22.0,COOLING,0.25,22.0,COOLING,22.091,22.091,22.128,21.985,22.074,22.128,21.985,0.143,244.15,123.84,119.58,122.71,680.0,765.0,765.0,680.0,177.37,221.08,263.95,223.33,-11.23,2.61,-20.23,28.85,875.0,875.0,875.0,875.0,215.29,237.53,253.3,179.89,610.28,2890.0,885.73,3500.0,886.01,0.0,0.0,0.0,0.0,22.5,ECO_MAINTAIN,0.4001
4,High Occupancy / Low Computer Load,0,107,1070.0,34,8,9,9,8,11.15,1.27,LIGHT,60.84,11.36,3.92,LIGHT,65.08,12.43,2.57,LIGHT,64.39,11.7,2.96,LIGHT,64.06,12.04,1.63,LIGHT,62.49,12.41,3.14,LIGHT,65.22,9.44,1.19,IDLE,58.58,11.38,3.45,LIGHT,64.4,9.44,2.62,IDLE,60.73,7.53,3.53,IDLE,59.71,27.3,58.0,174.9,0.25,22.0,COOLING,0.25,22.0,COOLING,0.25,22.0,COOLING,0.25,22.0,COOLING,22.096,22.096,22.133,21.989,22.078,22.133,21.989,0.144,254.37,127.71,122.98,120.44,680.0,765.0,765.0,680.0,177.58,221.3,264.24,223.58,-11.11,2.48,-20.35,28.98,875.0,875.0,875.0,875.0,225.84,241.49,256.87,178.0,625.5,2890.0,886.7,3500.0,902.2,0.0,0.0,0.0,0.0,22.5,ECO_MAINTAIN,0.3893
4,High Occupancy / Low Computer Load,0,108,1080.0,34,8,9,9,8,7.17,1.95,IDLE,56.89,12.86,2.91,LIGHT,65.44,9.32,3.04,IDLE,61.21,11.67,3.37,LIGHT,64.64,12.89,2.41,LIGHT,64.73,9.43,1.39,IDLE,58.87,10.18,3.85,LIGHT,63.5,12.48,3.08,LIGHT,65.22,7.75,1.92,IDLE,57.57,8.05,2.91,IDLE,59.43,27.3,58.0,175.0,0.25,22.0,COOLING,0.25,22.0,COOLING,0.25,22.0,COOLING,0.25,22.0,COOLING,22.1,22.101,22.138,21.993,22.083,22.138,21.993,0.145,248.18,123.6,128.72,117.0,680.0,765.0,765.0,680.0,177.51,221.27,264.21,223.57,-11.21,2.46,-20.46,29.21,875.0,875.0,875.0,875.0,219.48,237.33,262.47,174.78,617.5,2890.0,886.56,3500.0,894.06,0.0,0.0,0.0,0.0,22.5,ECO_MAINTAIN,0.3812
4,High Occupancy / Low Computer Load,0,109,1090.0,34,8,9,9,8,10.49,3.26,LIGHT,63.0,7.12,2.96,IDLE,58.34,9.08,2.14,IDLE,59.56,7.8,1.89,IDLE,57.59,8.35,1.97,IDLE,58.39,12.35,2.01,LIGHT,63.45,12.71,3.19,LIGHT,65.67,7.02,3.42,IDLE,58.91,7.07,3.96,IDLE,59.78,8.96,1.2,IDLE,58.0,27.3,58.0,175.1,0.25,22.0,COOLING,0.25,22.0,COOLING,0.25,22.0,COOLING,0.25,22.0,COOLING,22.104,22.106,22.143,21.997,22.087,22.143,21.997,0.146,238.49,121.84,124.58,117.78,680.0,765.0,765.0,680.0,177.46,221.22,264.19,223.54,-11.09,2.34,-20.59,29.34,875.0,875.0,875.0,875.0,209.86,235.4,258.18,175.66,602.69,2890.0,886.41,3500.0,879.1,0.0,0.0,0.0,0.0,22.5,ECO_MAINTAIN,0.3724
4,High Occupancy / Low Computer Load,0,110,1100.0,34,8,9,9,8,8.72,3.17,IDLE,60.66,10.09,2.8,LIGHT,61.81,10.12,2.32,LIGHT,61.13,10.92,1.88,LIGHT,61.47,8.96,1.23,IDLE,58.05,11.5,1.86,LIGHT,62.16,9.71,2.72,IDLE,61.22,11.35,2.04,LIGHT,62.25,7.63,1.31,IDLE,56.5,12.17,1.2,LIGHT,62.01,27.31,58.0,175.3,0.25,22.0,COOLING,0.25,22.0,COOLING,0.25,22.0,COOLING,0.25,22.0,COOLING,22.108,22.111,22.148,22.001,22.092,22.148,22.001,0.147,245.07,120.21,123.47,118.51,680.0,765.0,765.0,680.0,177.67,221.45,264.48,223.79,-10.96,2.21,-20.72,29.47,875.0,875.0,875.0,875.0,216.78,233.87,257.23,176.77,607.26,2890.0,887.39,3500.0,884.65,0.0,0.0,0.0,0.0,22.5,ECO_MAINTAIN,0.3627
4,High Occupancy / Low Computer Load,0,111,1110.0,34,8,9,9,8,10.6,1.5,LIGHT,60.5,10.48,3.99,LIGHT,64.09,12.39,3.71,LIGHT,66.05,7.07,2.8,IDLE,58.04,8.27,1.92,IDLE,58.22,8.67,3.92,IDLE,61.72,9.05,2.68,IDLE,60.33,9.43,1.49,IDLE,59.02,8.3,3.04,IDLE,59.94,7.99,1.21,IDLE,56.8,27.31,58.0,175.4,0.25,22.0,COOLING,0.25,22.0,COOLING,0.25,22.0,COOLING,0.25,22.0,COOLING,22.112,22.116,22.153,22.005,22.096,22.153,22.005,0.148,248.68,119.94,119.35,116.74,680.0,765.0,765.0,680.0,177.61,221.4,264.45,223.76,-10.84,2.09,-20.84,29.59,875.0,875.0,875.0,875.0,220.45,233.43,252.96,175.09,604.71,2890.0,887.22,3500.0,881.93,0.0,0.0,0.0,0.0,22.5,ECO_MAINTAIN,0.3536
4,High Occupancy / Low Computer Load,0,112,1120.0,34,8,9,9,8,7.8,1.19,IDLE,56.53,7.06,3.17,IDLE,58.58,8.62,1.55,IDLE,58.1,11.04,1.52,LIGHT,61.08,10.78,1.14,LIGHT,60.19,7.09,1.51,IDLE,56.13,9.43,3.19,IDLE,61.57,7.72,2.35,IDLE,58.17,9.69,3.13,IDLE,61.81,10.65,1.92,LIGHT,61.19,27.31,58.0,175.6,0.25,22.0,COOLING,0.25,22.0,COOLING,0.25,22.0,COOLING,0.25,22.0,COOLING,22.116,22.121,22.158,22.009,22.101,22.158,22.009,0.149,234.29,116.32,119.74,123.0,680.0,765.0,765.0,680.0,177.61,221.42,264.53,223.81,-10.71,1.96,-20.96,29.71,875.0,875.0,875.0,875.0,206.19,229.7,253.31,181.52,593.35,2890.0,887.37,3500.0,870.72,0.0,0.0,0.0,0.0,22.5,ECO_MAINTAIN,0.3449
4,High Occupancy / Low Computer Load,0,113,1130.0,34,8,9,9,8,7.59,3.25,IDLE,59.36,9.96,3.53,IDLE,62.75,9.26,3.31,IDLE,61.54,7.6,2.53,IDLE,58.3,12.77,3.98,LIGHT,66.93,11.98,2.57,LIGHT,63.83,10.98,3.86,LIGHT,64.52,11.38,3.48,LIGHT,64.45,12.84,3.5,LIGHT,66.3,7.2,2.29,IDLE,57.44,27.31,58.0,175.7,0.25,22.0,COOLING,0.25,22.0,COOLING,0.25,22.0,COOLING,0.25,22.0,COOLING,22.12,22.126,22.163,22.013,22.105,22.163,22.013,0.15,241.95,130.76,128.97,123.74,680.0,765.0,765.0,680.0,177.56,221.37,264.51,223.78,-10.59,1.84,-21.09,29.84,875.0,875.0,875.0,875.0,213.92,243.97,262.39,182.36,625.42,2890.0,887.22,3500.0,902.64,0.0,0.0,0.0,0.0,22.5,ECO_MAINTAIN,0.335
4,High Occupancy / Low Computer Load,0,114,1140.0,34,8,9,9,8,8.84,3.18,IDLE,60.82,12.04,2.32,LIGHT,63.53,12.35,2.12,LIGHT,63.62,10.98,3.9,LIGHT,64.58,12.96,1.11,LIGHT,62.87,10.95,2.04,LIGHT,61.75,8.85,2.51,IDLE,59.83,12.13,3.43,LIGHT,65.31,10.2,2.49,LIGHT,61.48,10.27,2.6,LIGHT,61.74,27.32,58.0,175.8,0.25,22.0,COOLING,0.25,22.0,COOLING,0.25,22.0,COOLING,0.25,22.0,COOLING,22.125,22.131,22.168,22.017,22.11,22.168,22.017,0.151,252.55,124.62,125.14,123.22,680.0,765.0,765.0,680.0,177.72,221.55,264.7,223.98,-10.46,1.71,-21.21,29.96,875.0,875.0,875.0,875.0,224.81,237.88,258.63,182.16,625.53,2890.0,887.95,3500.0,903.48,0.0,0.0,0.0,0.0,22.5,ECO_MAINTAIN,0.3257
4,High Occupancy / Low Computer Load,0,115,1150.0,34,8,9,9,8,10.68,1.39,LIGHT,60.44,12.51,2.35,LIGHT,64.16,10.66,3.91,LIGHT,64.19,10.76,1.49,LIGHT,60.69,9.91,2.37,IDLE,60.94,11.53,2.8,LIGHT,63.61,9.93,3.96,IDLE,63.35,8.95,2.3,IDLE,59.64,10.86,2.23,LIGHT,61.92,10.06,3.82,LIGHT,63.3,27.32,58.0,176.0,0.25,22.0,COOLING,0.25,22.0,COOLING,0.25,22.0,COOLING,0.25,22.0,COOLING,22.13,22.136,22.173,22.021,22.115,22.173,22.021,0.152,249.48,124.55,122.99,125.22,680.0,765.0,765.0,680.0,177.69,221.56,264.77,224.01,-10.58,1.7,-21.32,30.2,875.0,875.0,875.0,875.0,221.59,237.81,256.44,184.43,622.24,2890.0,888.03,3500.0,900.27,0.0,0.0,0.0,0.0,22.5,ECO_MAINTAIN,0.3167
4,High Occupancy / Low Computer Load,0,116,1160.0,34,8,9,9,8,12.87,2.88,LIGHT,65.41,9.6,3.79,IDLE,62.69,8.23,1.05,IDLE,56.86,8.28,1.57,IDLE,57.7,9.2,1.27,IDLE,58.41,12.15,3.59,LIGHT,65.57,12.41,1.88,LIGHT,63.33,12.75,2.71,LIGHT,65.0,8.99,2.29,IDLE,59.67,10.73,3.92,LIGHT,64.29,27.32,58.0,176.1,0.25,22.0,COOLING,0.25,22.0,COOLING,0.25,22.0,COOLING,0.25,22.0,COOLING,22.134,22.141,22.178,22.025,22.119,22.178,22.025,0.153,242.66,123.98,128.33,123.96,680.0,765.0,765.0,680.0,177.63,221.52,264.75,223.99,-10.68,1.68,-21.43,30.43,875.0,875.0,875.0,875.0,214.61,237.18,261.65,183.38,618.93,2890.0,887.89,3500.0,896.82,0.0,0.0,0.0,0.0,22.5,ECO_MAINTAIN,0.3094
4,High Occupancy / Low Computer Load,0,117,1170.0,34,8,9,9,8,10.55,3.8,LIGHT,63.89,7.89,2.15,IDLE,58.09,10.37,2.86,LIGHT,62.25,10.76,2.96,LIGHT,62.89,8.22,1.07,IDLE,56.88,9.67,3.95,IDLE,63.01,12.37,3.65,LIGHT,65.94,8.94,3.63,IDLE,61.62,12.07,1.99,LIGHT,63.07,10.08,3.92,LIGHT,63.48,27.32,58.0,176.2,0.25,22.0,COOLING,0.25,22.0,COOLING,0.25,22.0,COOLING,0.25,22.0,COOLING,22.138,22.146,22.183,22.029,22.124,22.183,22.029,0.154,247.12,119.89,127.56,126.55,680.0,765.0,765.0,680.0,177.58,221.47,264.72,223.96,-10.56,1.56,-21.56,30.56,875.0,875.0,875.0,875.0,219.14,232.92,260.72,186.07,621.12,2890.0,887.73,3500.0,898.85,0.0,0.0,0.0,0.0,22.5,ECO_MAINTAIN,0.3009
4,High Occupancy / Low Computer Load,0,118,1180.0,34,8,9,9,8,11.1,3.23,LIGHT,63.72,10.03,2.98,LIGHT,62.01,9.92,1.22,IDLE,59.23,11.55,3.27,LIGHT,64.34,9.6,3.0,IDLE,61.5,12.67,3.76,LIGHT,66.48,7.92,3.58,IDLE,60.27,9.46,2.16,IDLE,60.07,8.79,2.18,IDLE,59.26,11.34,3.16,LIGHT,63.91,27.33,58.0,176.4,0.25,22.0,COOLING,0.25,22.0,COOLING,0.25,22.0,COOLING,0.25,22.0,COOLING,22.143,22.151,22.188,22.033,22.129,22.188,22.033,0.155,249.3,127.98,120.34,123.17,680.0,765.0,765.0,680.0,177.78,221.71,265.01,224.22,-10.44,1.43,-21.68,30.69,875.0,875.0,875.0,875.0,221.64,241.12,253.67,183.08,620.79,2890.0,888.72,3500.0,899.51,0.0,0.0,0.0,0.0,22.5,ECO_MAINTAIN,0.2923
4,High Occupancy / Low Computer Load,0,119,1190.0,34,8,9,9,8,8.89,3.18,IDLE,60.88,7.59,1.65,IDLE,56.96,8.56,3.72,IDLE,61.28,11.12,3.38,LIGHT,63.97,11.58,2.81,LIGHT,63.69,7.79,1.95,IDLE,57.66,10.14,1.11,LIGHT,59.34,7.96,3.49,IDLE,60.19,7.23,1.34,IDLE,56.05,11.99,1.02,LIGHT,61.52,27.33,58.0,176.5,0.25,22.0,COOLING,0.25,22.0,COOLING,0.25,22.0,COOLING,0.25,22.0,COOLING,22.147,22.156,22.193,22.037,22.133,22.193,22.037,0.156,243.09,121.35,119.53,117.57,680.0,765.0,765.0,680.0,177.71,221.66,264.99,224.2,-10.55,1.42,-21.79,30.92,875.0,875.0,875.0,875.0,215.25,234.43,252.73,177.69,601.54,2890.0,888.56,3500.0,880.1,0.0,0.0,0.0,0.0,22.5,ECO_MAINTAIN,0.2863
4,High Occupancy / Low Computer Load,0,120,1200.0,34,8,9,9,8,9.87,2.8,IDLE,61.54,12.85,3.53,LIGHT,66.36,10.4,3.75,LIGHT,63.62,9.61,1.06,IDLE,58.6,9.77,1.86,IDLE,60.0,7.05,3.08,IDLE,58.43,7.46,3.13,IDLE,59.02,10.63,2.55,LIGHT,62.11,7.55,2.0,IDLE,57.44,9.26,2.34,IDLE,60.09,27.33,58.0,176.7,0.25,22.0,COOLING,0.25,22.0,COOLING,0.25,22.0,COOLING,0.25,22.0,COOLING,22.152,22.161,22.198,22.041,22.138,22.198,22.041,0.157,250.12,118.43,121.13,117.53,680.0,765.0,765.0,680.0,177.69,221.68,265.06,224.24,-10.42,1.3,-21.92,31.05,875.0,875.0,875.0,875.0,222.39,231.41,254.27,177.82,607.21,2890.0,888.67,3500.0,885.89,0.0,0.0,0.0,0.0,22.5,ECO_MAINTAIN,0.2782
4,High Occupancy / Low Computer Load,0,121,1210.0,34,8,9,9,8,9.67,1.97,IDLE,60.04,9.73,3.78,IDLE,62.83,8.01,1.62,IDLE,57.44,10.45,1.89,LIGHT,60.9,9.52,2.53,IDLE,60.7,8.78,2.65,IDLE,59.95,11.12,1.85,LIGHT,61.67,7.91,3.19,IDLE,59.67,7.38,1.13,IDLE,55.92,8.16,2.02,IDLE,58.23,27.34,58.0,176.8,0.25,22.0,COOLING,0.25,22.0,COOLING,0.25,22.0,COOLING,0.25,22.0,COOLING,22.156,22.166,22.203,22.045,22.142,22.203,22.045,0.158,241.21,120.65,121.34,114.15,680.0,765.0,765.0,680.0,177.84,221.85,265.25,224.43,-10.53,1.28,-22.03,31.28,875.0,875.0,875.0,875.0,213.52,233.78,254.56,174.86,597.35,2890.0,889.37,3500.0,876.72,0.0,0.0,0.0,0.0,22.5,ECO_MAINTAIN,0.2718
4,High Occupancy / Low Computer Load,0,122,1220.0,34,8,9,9,8,12.81,3.74,LIGHT,66.62,11.33,2.78,LIGHT,63.33,7.52,3.74,IDLE,60.01,11.15,3.07,LIGHT,63.54,12.08,3.52,LIGHT,65.38,11.35,1.91,LIGHT,62.05,10.23,2.74,LIGHT,61.9,11.93,1.43,LIGHT,62.06,9.61,3.51,IDLE,62.28,10.34,1.94,LIGHT,60.83,27.34,58.0,176.9,0.25,22.0,COOLING,0.25,22.0,COOLING,0.25,22.0,COOLING,0.25,22.0,COOLING,22.161,22.171,22.208,22.049,22.147,22.208,22.049,0.159,253.5,127.43,123.96,123.11,680.0,765.0,765.0,680.0,177.8,221.8,265.24,224.4,-10.4,1.15,-22.15,31.4,875.0,875.0,875.0,875.0,225.9,240.38,257.05,183.91,628.0,2890.0,889.24,3500.0,907.24,0.0,0.0,0.0,0.0,22.5,ECO_MAINTAIN,0.262
4,High Occupancy / Low Computer Load,0,123,1230.0,34,8,9,9,8,11.91,3.09,LIGHT,64.52,11.05,3.21,LIGHT,63.63,10.73,3.66,LIGHT,63.9,7.93,2.31,IDLE,58.38,10.89,2.54,LIGHT,62.42,7.57,2.77,IDLE,58.62,11.08,3.45,LIGHT,64.03,8.83,4.0,IDLE,62.04,8.0,2.01,IDLE,58.02,12.57,1.07,LIGHT,62.32,27.34,58.0,177.1,0.25,22.0,COOLING,0.25,22.0,COOLING,0.25,22.0,COOLING,0.25,22.0,COOLING,22.166,22.176,22.213,22.053,22.152,22.213,22.053,0.16,250.43,121.04,126.07,120.34,680.0,765.0,765.0,680.0,177.76,221.82,265.3,224.45,-10.52,1.14,-22.26,31.64,875.0,875.0,875.0,875.0,222.67,234.0,259.11,181.43,617.88,2890.0,889.33,3500.0,897.21,0.0,0.0,0.0,0.0,22.5,ECO_MAINTAIN,0.2556
4,High Occupancy / Low Computer Load,0,124,1240.0,34,8,9,9,8,10.82,2.76,LIGHT,62.66,9.97,2.59,IDLE,61.35,12.59,3.85,LIGHT,66.51,12.93,1.8,LIGHT,63.86,11.31,2.68,LIGHT,63.16,12.78,2.27,LIGHT,64.38,12.07,2.25,LIGHT,63.46,8.52,1.76,IDLE,58.29,12.33,2.8,LIGHT,64.61,10.77,3.61,LIGHT,63.88,27.34,58.0,177.2,0.25,22.0,COOLING,0.25,22.0,COOLING,0.25,22.0,COOLING,0.25,22.0,COOLING,22.171,22.181,22.218,22.057,22.157,22.218,22.057,0.161,254.38,127.54,121.75,128.49,680.0,765.0,765.0,680.0,177.69,221.78,265.28,224.42,-10.63,1.13,-22.38,31.87,875.0,875.0,875.0,875.0,226.44,240.45,254.65,189.78,632.16,2890.0,889.17,3500.0,911.32,0.0,0.0,0.0,0.0,22.5,ECO_MAINTAIN,0.2464
4,High Occupancy / Low Computer Load,0,125,1250.0,34,8,9,9,8,7.15,2.48,IDLE,57.66,9.21,1.57,IDLE,58.87,8.96,2.3,IDLE,59.65,9.52,3.93,IDLE,62.8,7.21,3.75,IDLE,59.64,10.8,2.27,LIGHT,61.91,8.26,1.49,IDLE,57.56,8.6,3.32,IDLE,60.73,7.38,3.84,IDLE,59.98,9.66,1.24,IDLE,58.94,27.35,58.0,177.4,0.25,22.0,COOLING,0.25,22.0,COOLING,0.25,22.0,COOLING,0.25,22.0,COOLING,22.175,22.186,22.223,22.061,22.161,22.223,22.061,0.162,238.98,121.55,118.29,118.92,680.0,765.0,765.0,680.0,177.87,222.01,265.56,224.68,-10.73,1.11,-22.49,32.11,875.0,875.0,875.0,875.0,211.12,234.67,251.36,180.71,597.74,2890.0,890.12,3500.0,877.86,0.0,0.0,0.0,0.0,22.5,ECO_MAINTAIN,0.2421
4,High Occupancy / Low Computer Load,0,126,1260.0,34,8,9,9,8,11.23,2.38,LIGHT,62.61,12.32,1.72,LIGHT,62.98,10.85,2.12,LIGHT,61.74,12.54,2.85,LIGHT,64.95,9.9,2.66,IDLE,61.37,9.82,3.91,IDLE,63.14,12.49,3.52,LIGHT,65.89,8.25,2.7,IDLE,59.36,8.41,1.01,IDLE,57.03,9.27,2.96,IDLE,61.03,27.35,58.0,177.5,0.25,22.0,COOLING,0.25,22.0,COOLING,0.25,22.0,COOLING,0.25,22.0,COOLING,22.18,22.191,22.228,22.065,22.166,22.228,22.065,0.163,252.28,124.51,125.25,118.06,680.0,765.0,765.0,680.0,177.82,221.97,265.54,224.65,-10.61,0.98,-22.61,32.23,875.0,875.0,875.0,875.0,224.49,237.46,258.18,179.94,620.1,2890.0,889.98,3500.0,900.07,0.0,0.0,0.0,0.0,22.5,ECO_MAINTAIN,0.2351
4,High Occupancy / Low Computer Load,0,127,1270.0,34,8,9,9,8,12.81,2.65,LIGHT,64.99,7.84,1.47,IDLE,57.0,7.05,2.04,IDLE,56.87,9.87,1.92,IDLE,60.22,9.79,2.33,IDLE,60.73,11.26,3.24,LIGHT,63.94,12.25,3.54,LIGHT,65.62,11.4,3.35,LIGHT,64.28,11.5,3.8,LIGHT,65.08,7.22,3.04,IDLE,58.59,27.35,58.0,177.6,0.25,22.0,COOLING,0.25,22.0,COOLING,0.25,22.0,COOLING,0.25,22.0,COOLING,22.184,22.196,22.233,22.069,22.171,22.233,22.069,0.164,239.08,124.67,129.9,123.67,680.0,765.0,765.0,680.0,177.76,221.92,265.52,224.63,-10.72,0.97,-22.72,32.47,875.0,875.0,875.0,875.0,211.12,237.56,262.7,185.77,617.32,2890.0,889.83,3500.0,897.15,0.0,0.0,0.0,0.0,22.5,ECO_MAINTAIN,0.2288
4,High Occupancy / Low Computer Load,0,128,1280.0,34,8,9,9,8,12.17,3.51,LIGHT,65.48,10.35,2.79,LIGHT,62.12,9.4,3.02,IDLE,61.28,7.25,3.22,IDLE,58.89,9.84,3.81,IDLE,63.02,12.14,1.37,LIGHT,62.23,11.39,2.31,LIGHT,62.7,7.51,3.33,IDLE,59.38,8.85,1.19,IDLE,57.85,11.88,3.49,LIGHT,65.09,27.36,58.0,177.8,0.25,22.0,COOLING,0.25,22.0,COOLING,0.25,22.0,COOLING,0.25,22.0,COOLING,22.188,22.201,22.238,22.073,22.175,22.238,22.073,0.165,247.77,125.25,122.08,122.94,680.0,765.0,765.0,680.0,177.95,222.15,265.8,224.88,-10.6,0.84,-22.85,32.6,875.0,875.0,875.0,875.0,220.12,238.24,255.03,185.42,618.04,2890.0,890.78,3500.0,898.81,0.0,0.0,0.0,0.0,22.5,ECO_MAINTAIN,0.2219
4,High Occupancy / Low Computer Load,0,129,1290.0,34,8,9,9,8,10.35,2.62,LIGHT,61.87,12.7,3.57,LIGHT,66.23,7.08,3.6,IDLE,59.25,12.96,3.78,LIGHT,66.87,10.98,3.81,LIGHT,64.44,12.58,1.79,LIGHT,63.41,7.1,1.65,IDLE,56.35,12.38,1.16,LIGHT,62.22,12.48,2.22,LIGHT,63.93,10.79,3.38,LIGHT,63.56,27.36,58.0,177.9,0.25,22.0,COOLING,0.25,22.0,COOLING,0.25,22.0,COOLING,0.25,22.0,COOLING,22.193,22.206,22.243,22.077,22.18,22.243,22.077,0.166,254.22,127.85,118.57,127.49,680.0,765.0,765.0,680.0,177.91,222.11,265.78,224.86,-10.47,0.72,-22.97,32.72,875.0,875.0,875.0,875.0,226.66,240.68,251.38,190.07,628.13,2890.0,890.66,3500.0,908.79,0.0,0.0,0.0,0.0,22.5,ECO_MAINTAIN,0.2144
4,High Occupancy / Low Computer Load,0,130,1300.0,34,8,9,9,8,10.08,3.7,LIGHT,63.15,10.53,3.74,LIGHT,63.77,10.08,3.93,LIGHT,63.5,11.14,2.97,LIGHT,63.38,12.49,3.83,LIGHT,66.36,9.32,3.27,IDLE,61.55,11.45,2.16,LIGHT,62.55,8.2,1.08,IDLE,56.87,12.23,2.2,LIGHT,63.59,8.39,2.9,IDLE,59.84,27.36,58.0,178.1,0.25,22.0,COOLING,0.25,22.0,COOLING,0.25,22.0,COOLING,0.25,22.0,COOLING,22.198,22.211,22.248,22.081,22.184,22.248,22.081,0.167,253.8,127.91,119.42,123.43,680.0,765.0,765.0,680.0,177.88,222.12,265.86,224.89,-10.58,0.71,-23.08,32.95,875.0,875.0,875.0,875.0,226.1,240.74,252.2,186.27,624.56,2890.0,890.75,3500.0,905.31,0.0,0.0,0.0,0.0,22.5,ECO_MAINTAIN,0.209
4,High Occupancy / Low Computer Load,0,131,1310.0,34,8,9,9,8,8.88,1.17,IDLE,57.86,11.76,2.25,LIGHT,63.08,8.52,2.32,IDLE,59.13,12.1,1.06,LIGHT,61.72,9.97,2.23,IDLE,60.81,9.58,2.16,IDLE,60.22,8.34,3.34,IDLE,60.43,10.26,1.28,LIGHT,59.75,7.4,1.94,IDLE,57.16,10.26,2.14,LIGHT,61.04,27.36,58.0,178.2,0.25,22.0,COOLING,0.25,22.0,COOLING,0.25,22.0,COOLING,0.25,22.0,COOLING,22.202,22.216,22.253,22.085,22.189,22.253,22.085,0.168,241.79,121.03,120.18,118.2,680.0,765.0,765.0,680.0,177.81,222.08,265.83,224.88,-10.69,0.69,-23.19,33.19,875.0,875.0,875.0,875.0,213.91,233.8,252.82,181.27,601.2,2890.0,890.6,3500.0,881.8,0.0,0.004,0.0,0.0,22.5,ECO_MAINTAIN,0.2051
4,High Occupancy / Low Computer Load,0,132,1320.0,34,8,9,9,8,9.47,2.26,IDLE,60.23,12.45,1.03,LIGHT,62.11,11.77,3.64,LIGHT,65.17,12.76,1.46,LIGHT,63.14,12.11,1.14,LIGHT,61.85,7.06,2.25,IDLE,57.2,12.33,3.42,LIGHT,65.54,12.02,1.02,LIGHT,61.55,9.09,3.56,IDLE,61.7,10.4,3.33,LIGHT,62.99,27.37,58.0,178.3,0.25,22.0,COOLING,0.25,22.0,COOLING,0.25,22.0,COOLING,0.25,22.0,COOLING,22.207,22.221,22.258,22.089,22.194,22.258,22.089,0.169,250.65,119.05,127.09,124.69,680.0,765.0,765.0,680.0,177.97,222.25,266.03,225.07,-10.57,0.56,-23.31,33.32,875.0,875.0,875.0,875.0,223.05,231.86,259.81,188.08,621.48,2890.0,891.32,3500.0,902.8,0.0,0.01,0.0,0.0,22.5,ECO_MAINTAIN,0.1984
4,High Occupancy / Low Computer Load,0,133,1330.0,34,8,9,9,8,10.64,2.2,LIGHT,61.6,9.24,2.3,IDLE,60.0,12.57,3.86,LIGHT,66.5,9.63,3.72,IDLE,62.62,11.39,3.09,LIGHT,63.87,7.67,3.54,IDLE,59.9,7.64,1.93,IDLE,57.44,7.5,2.39,IDLE,57.96,10.95,1.43,LIGHT,60.83,8.17,3.83,IDLE,60.96,27.37,58.0,178.5,0.25,22.0,COOLING,0.25,22.0,COOLING,0.25,22.0,COOLING,0.25,22.0,COOLING,22.212,22.226,22.263,22.093,22.198,22.263,22.093,0.17,250.72,123.77,115.4,121.79,680.0,765.0,765.0,680.0,177.94,222.26,266.1,225.1,-10.68,0.55,-23.42,33.55,875.0,875.0,875.0,875.0,222.98,236.58,248.08,185.44,611.68,2890.0,891.4,3500.0,893.08,0.0,0.014,0.0,0.0,22.5,ECO_MAINTAIN,0.1924
4,High Occupancy / Low Computer Load,0,134,1340.0,34,8,9,9,8,11.1,1.59,LIGHT,61.26,9.45,3.25,IDLE,61.69,10.33,3.34,LIGHT,62.92,9.5,2.67,IDLE,60.88,8.77,3.46,IDLE,61.15,12.14,3.09,LIGHT,64.81,8.26,3.04,IDLE,59.89,10.58,2.1,LIGHT,61.38,9.23,3.24,IDLE,61.4,10.6,2.34,LIGHT,61.76,27.37,58.0,178.6,0.25,22.0,COOLING,0.25,22.0,COOLING,0.25,22.0,COOLING,0.25,22.0,COOLING,22.216,22.231,22.268,22.097,22.203,22.268,22.097,0.171,246.75,125.96,121.27,123.16,680.0,765.0,765.0,680.0,177.87,222.22,266.07,225.08,-10.79,0.54,-23.54,33.79,875.0,875.0,875.0,875.0,218.83,238.72,253.8,187.03,617.14,2890.0,891.24,3500.0,898.38,0.0,0.02,0.0,0.0,22.5,ECO_MAINTAIN,0.1875
4,High Occupancy / Low Computer Load,0,135,1350.0,34,8,9,9,8,11.16,3.96,LIGHT,64.89,7.63,1.14,IDLE,56.25,12.65,1.09,LIGHT,62.45,7.54,1.47,IDLE,56.63,9.38,1.11,IDLE,58.39,11.56,1.01,LIGHT,60.97,9.25,1.22,IDLE,58.39,12.49,2.81,LIGHT,64.83,8.68,3.05,IDLE,60.43,9.77,1.19,IDLE,59.0,27.38,58.0,178.8,0.25,22.0,COOLING,0.25,22.0,COOLING,0.25,22.0,COOLING,0.25,22.0,COOLING,22.22,22.236,22.273,22.101,22.207,22.273,22.101,0.172,240.22,119.36,123.22,119.43,680.0,765.0,765.0,680.0,178.08,222.45,266.36,225.33,-10.66,0.41,-23.66,33.91,875.0,875.0,875.0,875.0,212.64,232.22,255.92,183.67,602.23,2890.0,892.22,3500.0,884.45,0.0,0.026,0.0,0.0,22.5,ECO_MAINTAIN,0.1836
4,High Occupancy / Low Computer Load,0,136,1360.0,34,8,9,9,8,7.32,1.94,IDLE,57.06,8.62,1.1,IDLE,57.42,10.58,2.46,LIGHT,61.91,12.0,1.09,LIGHT,61.63,11.25,1.01,LIGHT,60.58,7.38,2.11,IDLE,57.39,9.17,1.24,IDLE,58.32,10.42,2.61,LIGHT,61.94,10.35,2.16,LIGHT,61.18,12.15,3.51,LIGHT,65.45,27.38,58.0,178.9,0.25,22.0,COOLING,0.25,22.0,COOLING,0.25,22.0,COOLING,0.25,22.0,COOLING,22.224,22.241,22.278,22.105,22.212,22.278,22.105,0.173,238.02,117.97,120.26,126.63,680.0,765.0,765.0,680.0,178.03,222.41,266.34,225.31,-10.53,0.28,-23.78,34.04,875.0,875.0,875.0,875.0,210.52,230.66,252.82,190.98,602.88,2890.0,892.09,3500.0,884.98,0.0,0.03,0.0,0.0,22.5,ECO_MAINTAIN,0.1776
4,High Occupancy / Low Computer Load,0,137,1370.0,34,8,9,9,8,9.95,1.33,IDLE,59.43,11.9,1.66,LIGHT,62.37,12.26,1.72,LIGHT,62.91,11.2,3.23,LIGHT,63.84,9.17,2.21,IDLE,59.78,11.8,3.79,LIGHT,65.44,8.38,2.12,IDLE,58.66,9.63,1.8,IDLE,59.74,12.83,2.9,LIGHT,65.39,10.65,1.22,LIGHT,60.14,27.38,58.0,179.0,0.25,22.0,COOLING,0.25,22.0,COOLING,0.25,22.0,COOLING,0.25,22.0,COOLING,22.229,22.246,22.283,22.109,22.217,22.283,22.109,0.174,248.55,125.22,118.4,125.53,680.0,765.0,765.0,680.0,177.97,222.37,266.31,225.29,-10.41,0.16,-23.91,34.16,875.0,875.0,875.0,875.0,221.11,237.75,250.8,189.98,617.7,2890.0,891.94,3500.0,899.64,0.0,0.036,0.0,0.0,22.5,ECO_MAINTAIN,0.172
4,High Occupancy / Low Computer Load,0,138,1380.0,34,8,9,9,8,10.43,1.54,LIGHT,60.35,12.75,2.11,LIGHT,64.1,12.22,3.47,LIGHT,65.48,11.1,1.67,LIGHT,61.38,8.32,1.77,IDLE,58.05,9.54,2.67,IDLE,60.93,9.33,2.49,IDLE,60.4,8.61,1.53,IDLE,58.06,8.3,3.12,IDLE,60.05,10.62,1.51,LIGHT,60.54,27.38,58.0,179.2,0.25,22.0,COOLING,0.25,22.0,COOLING,0.25,22.0,COOLING,0.25,22.0,COOLING,22.234,22.251,22.288,22.113,22.221,22.288,22.113,0.175,251.31,118.98,118.46,120.59,680.0,765.0,765.0,680.0,177.95,222.38,266.39,225.33,-10.52,0.15,-24.02,34.39,875.0,875.0,875.0,875.0,223.74,231.51,250.83,185.31,609.34,2890.0,892.05,3500.0,891.39,0.0,0.042,0.0,0.0,22.5,ECO_MAINTAIN,0.168
4,High Occupancy / Low Computer Load,0,139,1390.0,34,8,9,9,8,9.97,2.85,IDLE,61.74,8.15,3.37,IDLE,60.24,11.34,2.3,LIGHT,62.62,7.8,3.83,IDLE,60.49,7.47,1.78,IDLE,57.01,11.35,1.7,LIGHT,61.74,12.82,1.41,LIGHT,63.14,12.64,3.93,LIGHT,66.69,9.81,1.59,IDLE,59.65,12.45,1.98,LIGHT,63.53,27.39,58.0,179.3,0.25,22.0,COOLING,0.25,22.0,COOLING,0.25,22.0,COOLING,0.25,22.0,COOLING,22.238,22.256,22.293,22.117,22.226,22.293,22.117,0.176,245.09,118.75,129.83,123.18,680.0,765.0,765.0,680.0,178.09,222.55,266.58,225.52,-10.63,0.13,-24.13,34.63,875.0,875.0,875.0,875.0,217.55,231.43,262.28,188.33,616.85,2890.0,892.74,3500.0,899.59,0.0,0.049,0.0,0.0,22.5,ECO_MAINTAIN,0.1642
4,High Occupancy / Low Computer Load,0,140,1400.0,34,8,9,9,8,10.44,3.35,LIGHT,63.07,8.39,2.82,IDLE,59.72,12.18,1.34,LIGHT,62.23,11.21,3.61,LIGHT,64.43,10.97,2.67,LIGHT,62.72,9.54,3.01,IDLE,61.44,12.41,3.8,LIGHT,66.21,8.36,3.3,IDLE,60.4,12.56,2.43,LIGHT,64.34,8.95,2.76,IDLE,60.33,27.39,58.0,179.4,0.25,22.0,COOLING,0.25,22.0,COOLING,0.25,22.0,COOLING,0.25,22.0,COOLING,22.243,22.261,22.298,22.121,22.231,22.298,22.121,0.177,249.45,124.16,126.61,124.67,680.0,765.0,765.0,680.0,178.04,222.5,266.56,225.49,-10.5,0.0,-24.25,34.75,875.0,875.0,875.0,875.0,221.99,236.66,258.92,189.91,624.89,2890.0,892.59,3500.0,907.48,0.0,0.054,0.0,0.0,22.5,ECO_MAINTAIN,0.1589
4,High Occupancy / Low Computer Load,0,141,1410.0,34,8,9,9,8,11.35,2.79,LIGHT,63.37,7.85,2.27,IDLE,58.22,9.21,3.25,IDLE,61.39,12.15,4.0,LIGHT,66.19,7.81,1.39,IDLE,56.85,7.87,1.68,IDLE,57.36,8.11,2.79,IDLE,59.32,12.86,2.16,LIGHT,64.31,9.2,3.18,IDLE,61.27,8.15,2.68,IDLE,59.21,27.39,58.0,179.6,0.25,22.0,COOLING,0.25,22.0,COOLING,0.25,22.0,COOLING,0.25,22.0,COOLING,22.248,22.266,22.303,22.125,22.236,22.303,22.125,0.178,249.17,114.21,123.63,120.48,680.0,765.0,765.0,680.0,178.01,222.52,266.63,225.53,-10.61,-0.01,-24.36,34.99,875.0,875.0,875.0,875.0,221.57,226.72,255.9,186.0,607.49,2890.0,892.69,3500.0,890.19,0.0,0.059,0.0,0.0,22.5,ECO_MAINTAIN,0.1553
4,High Occupancy / Low Computer Load,0,142,1420.0,34,8,9,9,8,10.48,1.51,LIGHT,60.37,10.37,2.42,LIGHT,61.59,11.81,3.52,LIGHT,65.04,11.09,3.35,LIGHT,63.89,9.25,3.52,IDLE,61.84,12.0,1.18,LIGHT,61.77,9.38,1.6,IDLE,59.12,8.53,1.95,IDLE,58.59,12.86,3.02,LIGHT,65.61,8.3,3.53,IDLE,60.67,27.39,58.0,179.7,0.25,22.0,COOLING,0.25,22.0,COOLING,0.25,22.0,COOLING,0.25,22.0,COOLING,22.253,22.271,22.308,22.129,22.24,22.308,22.129,0.179,250.89,123.61,117.71,126.28,680.0,765.0,765.0,680.0,177.94,222.48,266.61,225.51,-10.73,-0.02,-24.48,35.23,875.0,875.0,875.0,875.0,223.1,236.07,249.84,192.02,618.49,2890.0,892.54,3500.0,901.03,0.0,0.064,0.0,0.0,22.5,ECO_MAINTAIN,0.1495
4,High Occupancy / Low Computer Load,0,143,1430.0,34,8,9,9,8,9.98,3.26,IDLE,62.37,11.74,2.3,LIGHT,63.12,11.01,1.09,LIGHT,60.4,10.86,3.09,LIGHT,63.21,11.0,3.68,LIGHT,64.27,11.95,2.62,LIGHT,63.87,9.72,3.78,IDLE,62.82,8.49,1.06,IDLE,57.2,11.03,1.51,LIGHT,61.05,7.28,3.05,IDLE,58.68,27.4,58.0,179.9,0.25,22.0,COOLING,0.25,22.0,COOLING,0.25,22.0,COOLING,0.25,22.0,COOLING,22.258,22.276,22.313,22.133,22.245,22.313,22.133,0.18,249.1,128.14,120.02,119.73,680.0,765.0,765.0,680.0,178.12,222.71,266.89,225.77,-10.83,-0.04,-24.58,35.46,875.0,875.0,875.0,875.0,221.39,240.81,252.33,185.96,616.99,2890.0,893.49,3500.0,900.49,0.0,0.07,0.0,0.0,22.5,ECO_MAINTAIN,0.1465
4,High Occupancy / Low Computer Load,0,144,1440.0,34,8,9,9,8,10.59,2.31,LIGHT,61.7,8.2,1.55,IDLE,57.58,12.68,1.08,LIGHT,62.47,12.62,1.93,LIGHT,63.67,8.53,3.67,IDLE,61.17,9.82,1.98,IDLE,60.24,12.52,2.69,LIGHT,64.69,7.24,1.34,IDLE,56.06,12.12,1.3,LIGHT,62.1,11.03,1.91,LIGHT,61.65,27.4,58.0,180.0,0.25,22.0,COOLING,0.25,22.0,COOLING,0.25,22.0,COOLING,0.25,22.0,COOLING,22.262,22.281,22.318,22.137,22.25,22.318,22.137,0.181,245.42,121.41,120.75,123.75,680.0,765.0,765.0,680.0,178.05,222.67,266.87,225.74,-10.94,-0.06,-24.69,35.69,875.0,875.0,875.0,875.0,217.53,234.02,252.93,190.18,611.33,2890.0,893.33,3500.0,894.66,0.0,0.076,0.0,0.0,22.5,ECO_MAINTAIN,0.1425
4,High Occupancy / Low Computer Load,0,145,1450.0,34,8,9,9,8,11.17,1.66,LIGHT,61.45,9.34,2.42,IDLE,60.3,8.38,2.29,IDLE,58.91,11.08,2.9,LIGHT,63.2,8.14,3.08,IDLE,59.79,11.95,2.85,LIGHT,64.21,7.49,1.55,IDLE,56.69,9.25,2.1,IDLE,59.71,9.21,2.97,IDLE,60.97,7.01,2.57,IDLE,57.62,27.4,58.0,180.1,0.25,22.0,COOLING,0.25,22.0,COOLING,0.25,22.0,COOLING,0.25,22.0,COOLING,22.266,22.286,22.323,22.141,22.254,22.323,22.141,0.182,243.86,124.0,116.4,118.59,680.0,765.0,765.0,680.0,178.01,222.62,266.85,225.71,-10.82,-0.18,-24.82,35.82,875.0,875.0,875.0,875.0,216.05,236.44,248.43,185.12,602.85,2890.0,893.19,3500.0,886.04,0.0,0.081,0.0,0.0,22.5,ECO_MAINTAIN,0.1394
4,High Occupancy / Low Computer Load,0,146,1460.0,34,8,9,9,8,9.77,3.28,IDLE,62.13,9.01,2.55,IDLE,60.09,10.02,1.21,LIGHT,59.34,9.68,3.07,IDLE,61.7,10.14,2.23,LIGHT,61.02,11.38,2.09,LIGHT,62.36,8.81,1.61,IDLE,58.43,11.87,1.35,LIGHT,61.86,7.0,2.04,IDLE,56.81,9.04,1.3,IDLE,58.25,27.41,58.0,180.3,0.25,22.0,COOLING,0.25,22.0,COOLING,0.25,22.0,COOLING,0.25,22.0,COOLING,22.27,22.291,22.328,22.145,22.258,22.328,22.145,0.183,243.26,123.38,120.29,115.06,680.0,765.0,765.0,680.0,178.21,222.86,267.13,225.97,-10.69,-0.31,-24.95,35.95,875.0,875.0,875.0,875.0,215.78,235.93,252.47,181.98,601.99,2890.0,894.17,3500.0,886.16,0.0,0.088,0.0,0.0,22.5,ECO_MAINTAIN,0.1368
4,High Occupancy / Low Computer Load,0,147,1470.0,34,8,9,9,8,12.13,2.07,LIGHT,63.27,8.63,3.01,IDLE,60.3,12.36,3.63,LIGHT,65.9,12.67,1.37,LIGHT,62.89,12.02,2.54,LIGHT,63.84,10.39,3.3,LIGHT,62.94,10.08,3.75,LIGHT,63.23,9.83,2.06,IDLE,60.38,8.86,3.55,IDLE,61.4,9.05,3.75,IDLE,61.94,27.41,58.0,180.4,0.25,22.0,COOLING,0.25,22.0,COOLING,0.25,22.0,COOLING,0.25,22.0,COOLING,22.275,22.296,22.333,22.149,22.263,22.333,22.149,0.184,252.36,126.78,123.61,123.34,680.0,765.0,765.0,680.0,178.16,222.81,267.11,225.95,-10.57,-0.43,-25.07,36.07,875.0,875.0,875.0,875.0,224.95,239.16,255.65,190.36,626.09,2890.0,894.03,3500.0,910.12,0.0,0.094,0.0,0.0,22.5,ECO_MAINTAIN,0.1321
4,High Occupancy / Low Computer Load,0,148,1480.0,34,8,9,9,8,11.12,1.19,LIGHT,60.68,9.42,3.6,IDLE,62.17,10.44,1.91,LIGHT,60.91,10.16,3.03,LIGHT,62.25,10.13,2.88,LIGHT,61.98,7.19,3.18,IDLE,58.76,13.0,3.11,LIGHT,65.92,12.03,2.11,LIGHT,63.2,11.54,1.24,LIGHT,61.28,7.93,1.83,IDLE,57.66,27.41,58.0,180.6,0.25,22.0,COOLING,0.25,22.0,COOLING,0.25,22.0,COOLING,0.25,22.0,COOLING,22.279,22.301,22.338,22.153,22.268,22.338,22.153,0.185,246.01,120.74,129.12,118.94,680.0,765.0,765.0,680.0,178.12,222.83,267.18,225.99,-10.68,-0.45,-25.18,36.3,875.0,875.0,875.0,875.0,218.45,233.12,261.12,186.23,614.81,2890.0,894.12,3500.0,898.92,0.0,0.1,0.0,0.0,22.5,ECO_MAINTAIN,0.1303
4,High Occupancy / Low Computer Load,0,149,1490.0,34,8,9,9,8,9.94,3.8,IDLE,63.12,8.06,3.71,IDLE,60.64,11.87,1.93,LIGHT,62.73,7.43,3.91,IDLE,60.15,7.77,3.43,IDLE,59.86,9.76,2.23,IDLE,60.55,8.84,3.05,IDLE,60.62,7.08,2.02,IDLE,56.88,11.0,3.67,LIGHT,64.25,9.29,1.63,IDLE,59.06,27.41,58.0,180.7,0.25,22.0,COOLING,0.25,22.0,COOLING,0.25,22.0,COOLING,0.25,22.0,COOLING,22.283,22.306,22.343,22.157,22.272,22.343,22.157,0.186,246.64,120.41,117.5,123.31,680.0,765.0,765.0,680.0,178.08,222.78,267.16,225.97,-10.56,-0.57,-25.31,36.43,875.0,875.0,875.0,875.0,219.16,232.62,249.35,190.71,607.86,2890.0,893.99,3500.0,891.84,0.0,0.103,0.0,0.0,22.5,ECO_MAINTAIN,0.1258
4,High Occupancy / Low Computer Load,0,150,1500.0,34,8,9,9,8,8.34,2.36,IDLE,58.96,8.66,1.39,IDLE,57.91,11.98,2.44,LIGHT,63.63,12.89,2.51,LIGHT,64.88,11.31,2.34,LIGHT,62.65,8.85,1.2,IDLE,57.86,10.39,3.68,LIGHT,63.51,9.76,3.47,IDLE,62.41,8.88,3.47,IDLE,61.3,7.41,3.99,IDLE,60.25,27.42,58.0,180.8,0.25,22.0,COOLING,0.25,22.0,COOLING,0.25,22.0,COOLING,0.25,22.0,COOLING,22.287,22.311,22.348,22.161,22.277,22.348,22.161,0.187,245.38,120.51,125.92,121.55,680.0,765.0,765.0,680.0,178.25,222.95,267.36,226.15,-10.43,-0.7,-25.43,36.56,875.0,875.0,875.0,875.0,218.2,232.76,257.85,189.26,613.36,2890.0,894.71,3500.0,898.07,0.0,0.11,0.0,0.0,22.5,ECO_MAINTAIN,0.1239
4,High Occupancy / Low Computer Load,0,151,1510.0,34,8,9,9,8,7.67,2.73,IDLE,58.68,10.09,1.47,LIGHT,59.82,12.97,1.75,LIGHT,63.84,10.98,1.68,LIGHT,61.25,9.57,3.43,IDLE,62.11,7.83,3.67,IDLE,60.29,11.95,3.08,LIGHT,64.56,11.85,3.24,LIGHT,64.67,7.97,1.58,IDLE,57.33,10.03,2.63,LIGHT,61.48,27.42,58.0,181.0,0.25,22.0,COOLING,0.25,22.0,COOLING,0.25,22.0,COOLING,0.25,22.0,COOLING,22.291,22.316,22.353,22.165,22.281,22.353,22.165,0.188,243.59,122.4,129.23,118.81,680.0,765.0,765.0,680.0,178.24,222.96,267.43,226.19,-10.3,-0.82,-25.55,36.68,875.0,875.0,875.0,875.0,216.53,234.54,261.11,186.68,614.03,2890.0,894.82,3500.0,898.86,0.0,0.117,0.0,0.0,22.5,ECO_MAINTAIN,0.1219
4,High Occupancy / Low Computer Load,0,152,1520.0,34,8,9,9,8,12.12,1.35,LIGHT,62.17,11.2,2.96,LIGHT,63.44,11.81,1.1,LIGHT,61.41,8.35,2.2,IDLE,58.74,11.81,2.5,LIGHT,63.51,10.26,1.79,LIGHT,60.51,10.44,3.75,LIGHT,63.67,7.27,3.81,IDLE,59.8,9.58,1.35,IDLE,59.0,9.33,1.37,IDLE,58.72,27.42,58.0,181.1,0.25,22.0,COOLING,0.25,22.0,COOLING,0.25,22.0,COOLING,0.25,22.0,COOLING,22.295,22.321,22.358,22.169,22.286,22.358,22.169,0.189,245.76,124.02,123.47,117.72,680.0,765.0,765.0,680.0,178.18,222.93,267.4,226.17,-10.18,-0.94,-25.68,36.81,875.0,875.0,875.0,875.0,218.76,236.01,255.19,185.7,610.97,2890.0,894.68,3500.0,895.66,0.0,0.122,0.0,0.0,22.5,MODERATE_UNIFORM_COOL,0.1189
4,High Occupancy / Low Computer Load,0,153,1530.0,34,8,9,9,8,12.41,2.52,LIGHT,64.29,10.37,2.11,LIGHT,61.13,12.46,2.41,LIGHT,64.19,12.96,3.11,LIGHT,65.87,9.57,2.45,IDLE,60.64,9.1,1.49,IDLE,58.61,9.22,3.21,IDLE,61.34,12.73,1.98,LIGHT,63.88,12.63,3.93,LIGHT,66.68,8.61,3.78,IDLE,61.43,27.43,58.0,181.2,0.25,22.0,COOLING,0.25,22.0,COOLING,0.25,22.0,COOLING,0.25,22.0,COOLING,22.3,22.326,22.363,22.173,22.291,22.363,22.173,0.19,255.48,119.25,125.22,128.11,680.0,765.0,765.0,680.0,178.35,223.09,267.6,226.36,-10.06,-1.07,-25.8,36.93,875.0,875.0,875.0,875.0,228.77,231.27,257.02,196.4,628.06,2890.0,895.4,3500.0,913.46,0.0,0.127,0.0,0.0,22.5,MODERATE_UNIFORM_COOL,0.115
4,High Occupancy / Low Computer Load,0,154,1540.0,34,8,9,9,8,12.98,2.9,LIGHT,65.58,7.92,2.36,IDLE,58.44,9.7,1.97,IDLE,60.08,11.66,3.15,LIGHT,64.3,9.11,2.87,IDLE,60.69,7.15,2.07,IDLE,57.04,10.77,2.6,LIGHT,62.36,10.68,3.0,LIGHT,62.85,10.81,3.51,LIGHT,63.78,8.69,3.91,IDLE,61.73,27.43,58.0,181.4,0.25,22.0,COOLING,0.25,22.0,COOLING,0.25,22.0,COOLING,0.25,22.0,COOLING,22.305,22.331,22.368,22.177,22.295,22.368,22.177,0.191,248.4,117.73,125.21,125.51,680.0,765.0,765.0,680.0,178.31,223.12,267.66,226.41,-10.17,-1.09,-25.92,37.17,875.0,875.0,875.0,875.0,221.54,229.76,256.95,194.09,616.85,2890.0,895.5,3500.0,902.34,0.0,0.132,0.0,0.0,22.5,MODERATE_UNIFORM_COOL,0.1131
4,High Occupancy / Low Computer Load,0,155,1550.0,34,8,9,9,8,12.16,1.59,LIGHT,62.59,12.57,1.92,LIGHT,63.59,10.95,1.64,LIGHT,61.15,9.53,2.81,IDLE,61.13,11.63,2.58,LIGHT,63.41,8.48,3.67,IDLE,61.11,7.31,2.33,IDLE,57.63,12.03,3.86,LIGHT,65.83,10.16,2.68,LIGHT,61.72,11.41,3.33,LIGHT,64.26,27.43,58.0,181.5,0.25,22.0,COOLING,0.25,22.0,COOLING,0.25,22.0,COOLING,0.25,22.0,COOLING,22.31,22.336,22.373,22.181,22.3,22.373,22.181,0.192,248.46,124.52,123.46,125.98,680.0,765.0,765.0,680.0,178.25,223.07,267.64,226.38,-10.28,-1.1,-26.02,37.4,875.0,875.0,875.0,875.0,221.43,236.49,255.08,194.76,622.42,2890.0,895.34,3500.0,907.76,0.0,0.138,0.0,0.0,22.5,MODERATE_UNIFORM_COOL,0.1106
4,High Occupancy / Low Computer Load,0,156,1560.0,34,8,9,9,8,10.52,2.01,LIGHT,61.16,8.82,3.36,IDLE,61.06,9.02,3.33,IDLE,61.27,9.94,1.01,IDLE,58.94,9.67,3.12,IDLE,61.77,11.11,3.07,LIGHT,63.49,10.54,1.67,LIGHT,60.68,9.54,2.34,IDLE,60.43,7.82,2.2,IDLE,58.07,10.0,1.02,LIGHT,59.03,27.43,58.0,181.7,0.25,22.0,COOLING,0.25,22.0,COOLING,0.25,22.0,COOLING,0.25,22.0,COOLING,22.314,22.341,22.378,22.185,22.305,22.378,22.185,0.193,242.43,125.26,121.11,117.1,680.0,765.0,765.0,680.0,178.22,223.08,267.72,226.41,-10.38,-1.11,-26.14,37.63,875.0,875.0,875.0,875.0,215.27,237.23,252.69,186.14,605.9,2890.0,895.43,3500.0,891.33,0.0,0.144,0.0,0.0,22.5,MODERATE_UNIFORM_COOL,0.1097
4,High Occupancy / Low Computer Load,0,157,1570.0,34,8,9,9,8,10.87,1.62,LIGHT,61.02,11.07,1.0,LIGHT,60.34,9.62,1.91,IDLE,59.89,11.47,2.16,LIGHT,62.58,9.42,2.13,IDLE,59.97,11.4,1.95,LIGHT,62.17,12.31,3.56,LIGHT,65.73,11.09,1.73,LIGHT,61.46,11.11,2.05,LIGHT,61.96,8.89,1.81,IDLE,58.83,27.44,58.0,181.8,0.25,22.0,COOLING,0.25,22.0,COOLING,0.25,22.0,COOLING,0.25,22.0,COOLING,22.318,22.346,22.383,22.189,22.309,22.383,22.189,0.194,243.83,122.14,127.19,120.79,680.0,765.0,765.0,680.0,178.38,223.25,267.9,226.6,-10.26,-1.24,-26.26,37.76,875.0,875.0,875.0,875.0,216.95,234.15,258.83,190.15,613.95,2890.0,896.13,3500.0,900.08,0.0,0.15,0.0,0.0,22.5,MODERATE_UNIFORM_COOL,0.1079
4,High Occupancy / Low Computer Load,0,158,1580.0,34,8,9,9,8,10.81,1.34,LIGHT,60.52,9.59,3.8,IDLE,62.69,8.89,2.58,IDLE,59.98,10.3,3.03,LIGHT,62.42,11.29,1.5,LIGHT,61.36,8.74,3.06,IDLE,60.52,12.8,2.92,LIGHT,65.38,9.77,2.58,IDLE,61.08,8.9,1.1,IDLE,57.77,10.95,3.3,LIGHT,63.64,27.44,58.0,181.9,0.25,22.0,COOLING,0.25,22.0,COOLING,0.25,22.0,COOLING,0.25,22.0,COOLING,22.322,22.351,22.388,22.193,22.314,22.388,22.193,0.195,245.61,121.88,126.46,121.41,680.0,765.0,765.0,680.0,178.33,223.21,267.89,226.59,-10.14,-1.36,-26.38,37.89,875.0,875.0,875.0,875.0,218.8,233.73,257.97,190.89,615.36,2890.0,896.02,3500.0,901.39,0.0,0.156,0.0,0.0,22.5,MODERATE_UNIFORM_COOL,0.1061
4,High Occupancy / Low Computer Load,0,159,1590.0,34,8,9,9,8,12.6,1.95,LIGHT,63.67,10.33,3.24,LIGHT,62.77,7.77,3.1,IDLE,59.36,12.08,1.55,LIGHT,62.43,10.66,1.24,LIGHT,60.19,11.88,1.16,LIGHT,61.59,11.83,1.14,LIGHT,61.5,8.58,1.91,IDLE,58.59,12.46,3.24,LIGHT,65.44,11.62,1.09,LIGHT,61.16,27.44,58.0,182.1,0.25,22.0,COOLING,0.25,22.0,COOLING,0.25,22.0,COOLING,0.25,22.0,COOLING,22.327,22.356,22.393,22.197,22.318,22.393,22.197,0.196,248.23,121.78,120.09,126.6,680.0,765.0,765.0,680.0,178.33,223.22,267.96,226.62,-10.01,-1.49,-26.51,38.01,875.0,875.0,875.0,875.0,221.55,233.51,251.54,196.23,616.7,2890.0,896.13,3500.0,902.83,0.0,0.16,0.0,0.0,22.5,MODERATE_UNIFORM_COOL,0.1032
4,High Occupancy / Low Computer Load,0,160,1600.0,34,8,9,9,8,11.19,3.85,LIGHT,64.76,11.36,3.08,LIGHT,63.82,7.45,1.94,IDLE,57.22,8.34,3.02,IDLE,59.95,7.42,3.81,IDLE,59.99,7.95,1.69,IDLE,57.47,8.34,1.49,IDLE,57.66,7.22,1.96,IDLE,56.96,10.25,1.8,LIGHT,60.51,8.72,3.1,IDLE,60.55,27.44,58.0,182.2,0.25,22.0,COOLING,0.25,22.0,COOLING,0.25,22.0,COOLING,0.25,22.0,COOLING,22.331,22.361,22.398,22.201,22.323,22.398,22.201,0.197,245.75,117.46,114.62,121.06,680.0,765.0,765.0,680.0,178.26,223.19,267.93,226.6,-10.12,-1.51,-26.62,38.25,875.0,875.0,875.0,875.0,218.89,229.14,245.93,190.91,598.89,2890.0,895.98,3500.0,884.87,0.0,0.165,0.0,0.0,22.5,MODERATE_UNIFORM_COOL,0.1021
4,High Occupancy / Low Computer Load,0,161,1610.0,34,8,9,9,8,12.17,1.58,LIGHT,62.58,9.01,2.61,IDLE,60.18,12.97,1.44,LIGHT,63.37,11.61,1.31,LIGHT,61.48,8.08,3.22,IDLE,59.93,12.74,3.52,LIGHT,66.2,11.59,1.03,LIGHT,61.03,7.48,3.8,IDLE,60.05,7.11,3.76,IDLE,59.53,9.1,1.93,IDLE,59.27,27.45,58.0,182.4,0.25,22.0,COOLING,0.25,22.0,COOLING,0.25,22.0,COOLING,0.25,22.0,COOLING,22.336,22.366,22.403,22.205,22.328,22.403,22.205,0.198,247.61,126.13,121.08,118.8,680.0,765.0,765.0,680.0,178.46,223.41,268.22,226.85,-9.99,-1.63,-26.74,38.37,875.0,875.0,875.0,875.0,221.08,237.91,252.56,189.02,613.62,2890.0,896.94,3500.0,900.57,0.0,0.172,0.0,0.0,22.5,MODERATE_UNIFORM_COOL,0.1015
4,High Occupancy / Low Computer Load,0,162,1620.0,34,8,9,9,8,11.08,3.3,LIGHT,63.8,12.3,1.26,LIGHT,62.27,8.92,1.28,IDLE,58.07,9.47,1.43,IDLE,58.98,11.54,1.02,LIGHT,60.95,11.67,1.08,LIGHT,61.21,8.07,3.64,IDLE,60.55,10.31,1.47,LIGHT,60.09,11.46,3.61,LIGHT,64.74,9.96,2.7,IDLE,61.5,27.45,58.0,182.5,0.25,22.0,COOLING,0.25,22.0,COOLING,0.25,22.0,COOLING,0.25,22.0,COOLING,22.34,22.371,22.408,22.209,22.332,22.408,22.209,0.199,243.12,122.16,120.64,126.24,680.0,765.0,765.0,680.0,178.39,223.37,268.2,226.83,-10.1,-1.65,-26.85,38.61,875.0,875.0,875.0,875.0,216.41,233.88,251.99,196.68,612.16,2890.0,896.79,3500.0,898.96,0.0,0.177,0.0,0.0,22.5,MODERATE_UNIFORM_COOL,0.0995
4,High Occupancy / Low Computer Load,0,163,1630.0,34,8,9,9,8,7.98,3.85,IDLE,60.75,12.85,3.01,LIGHT,65.58,9.26,2.27,IDLE,59.98,9.51,2.02,IDLE,59.92,12.77,1.09,LIGHT,62.6,7.4,1.42,IDLE,56.38,8.28,2.79,IDLE,59.54,8.54,1.38,IDLE,57.74,9.58,2.31,IDLE,60.44,10.6,1.33,LIGHT,60.24,27.45,58.0,182.6,0.25,22.0,COOLING,0.25,22.0,COOLING,0.25,22.0,COOLING,0.25,22.0,COOLING,22.344,22.376,22.413,22.213,22.337,22.413,22.213,0.2,246.23,118.98,117.28,120.68,680.0,765.0,765.0,680.0,178.33,223.32,268.17,226.8,-9.98,-1.77,-26.98,38.73,875.0,875.0,875.0,875.0,219.58,230.53,248.47,191.21,603.17,2890.0,896.62,3500.0,889.79,0.0,0.182,0.0,0.0,22.5,MODERATE_UNIFORM_COOL,0.0989
4,High Occupancy / Low Computer Load,0,164,1640.0,34,8,9,9,8,8.54,1.13,IDLE,57.37,9.0,3.31,IDLE,61.22,9.28,1.9,IDLE,59.45,10.36,2.31,LIGHT,61.42,8.3,3.19,IDLE,60.16,7.27,1.08,IDLE,55.71,7.51,2.44,IDLE,58.05,7.17,1.61,IDLE,56.38,12.55,3.64,LIGHT,66.15,10.69,1.2,LIGHT,60.16,27.46,58.0,182.8,0.25,22.0,COOLING,0.25,22.0,COOLING,0.25,22.0,COOLING,0.25,22.0,COOLING,22.348,22.381,22.418,22.217,22.341,22.418,22.217,0.201,239.46,115.87,114.43,126.31,680.0,765.0,765.0,680.0,178.54,223.56,268.46,227.06,-9.86,-1.9,-27.1,38.85,875.0,875.0,875.0,875.0,213.14,227.53,245.79,197.22,596.07,2890.0,897.62,3500.0,883.68,0.0,0.187,0.0,0.0,22.5,MODERATE_UNIFORM_COOL,0.0972
4,High Occupancy / Low Computer Load,0,165,1650.0,34,8,9,9,8,11.42,2.3,LIGHT,62.73,9.51,3.79,IDLE,62.57,12.0,1.39,LIGHT,62.09,9.68,1.29,IDLE,59.04,8.55,3.81,IDLE,61.4,8.42,2.91,IDLE,59.89,7.96,2.88,IDLE,59.27,12.5,2.35,LIGHT,64.15,7.02,3.02,IDLE,58.3,10.28,3.09,LIGHT,62.48,27.46,58.0,182.9,0.25,22.0,COOLING,0.25,22.0,COOLING,0.25,22.0,COOLING,0.25,22.0,COOLING,22.352,22.386,22.423,22.221,22.346,22.423,22.221,0.202,246.43,121.29,123.42,120.78,680.0,765.0,765.0,680.0,178.5,223.51,268.44,227.03,-9.73,-2.02,-27.23,38.98,875.0,875.0,875.0,875.0,220.2,232.78,254.63,191.79,611.92,2890.0,897.48,3500.0,899.4,0.0,0.194,0.0,0.0,22.5,MODERATE_UNIFORM_COOL,0.098
4,High Occupancy / Low Computer Load,0,166,1660.0,34,8,9,9,8,8.06,3.99,IDLE,61.06,10.85,3.21,LIGHT,63.38,7.25,3.99,IDLE,60.05,10.92,3.44,LIGHT,63.81,9.18,2.64,IDLE,60.44,8.31,3.88,IDLE,61.21,8.82,3.62,IDLE,61.45,7.08,1.15,IDLE,55.58,11.35,1.03,LIGHT,60.73,7.42,2.65,IDLE,58.25,27.46,58.0,183.1,0.25,22.0,COOLING,0.25,22.0,COOLING,0.25,22.0,COOLING,0.25,22.0,COOLING,22.357,22.391,22.428,22.225,22.35,22.428,22.225,0.203,248.3,121.65,117.03,118.98,680.0,765.0,765.0,680.0,178.48,223.53,268.51,227.08,-9.61,-2.14,-27.35,39.1,875.0,875.0,875.0,875.0,222.17,233.04,248.19,190.16,605.96,2890.0,897.6,3500.0,893.56,0.0,0.199,0.0,0.0,22.5,MODERATE_UNIFORM_COOL,0.097
4,High Occupancy / Low Computer Load,0,167,1670.0,34,8,9,9,8,12.42,1.65,LIGHT,63.0,8.2,3.89,IDLE,61.09,9.1,3.87,IDLE,62.18,12.35,2.5,LIGHT,64.19,12.56,3.86,LIGHT,66.49,11.18,1.64,LIGHT,61.44,10.26,1.63,LIGHT,60.27,11.21,2.25,LIGHT,62.39,9.31,2.51,IDLE,60.4,11.65,1.91,LIGHT,62.43,27.46,58.0,183.2,0.25,22.0,COOLING,0.25,22.0,COOLING,0.25,22.0,COOLING,0.25,22.0,COOLING,22.362,22.396,22.433,22.229,22.355,22.433,22.229,0.204,250.46,127.93,122.66,122.83,680.0,765.0,765.0,680.0,178.41,223.48,268.49,227.05,-9.71,-2.16,-27.47,39.34,875.0,875.0,875.0,875.0,224.16,239.25,253.68,194.22,623.88,2890.0,897.43,3500.0,911.31,0.0,0.206,0.0,0.0,22.5,MODERATE_UNIFORM_COOL,0.0966
4,High Occupancy / Low Computer Load,0,168,1680.0,34,8,9,9,8,11.41,3.71,LIGHT,64.83,10.43,2.03,LIGHT,61.08,10.3,3.43,LIGHT,63.02,11.89,2.58,LIGHT,63.73,10.28,1.32,LIGHT,59.83,8.32,2.26,IDLE,58.79,8.65,3.97,IDLE,61.77,8.6,1.94,IDLE,58.66,9.79,3.1,IDLE,61.89,8.87,1.55,IDLE,58.41,27.47,58.0,183.3,0.25,22.0,COOLING,0.25,22.0,COOLING,0.25,22.0,COOLING,0.25,22.0,COOLING,22.367,22.401,22.438,22.233,22.36,22.438,22.233,0.205,252.66,118.62,120.43,120.3,680.0,765.0,765.0,680.0,178.56,223.65,268.69,227.24,-9.82,-2.18,-27.57,39.57,875.0,875.0,875.0,875.0,226.4,230.09,251.55,192.11,612.01,2890.0,898.14,3500.0,900.15,0.0,0.211,0.0,0.0,22.5,MODERATE_UNIFORM_COOL,0.0965
4,High Occupancy / Low Computer Load,0,169,1690.0,34,8,9,9,8,8.63,2.75,IDLE,59.91,7.66,2.61,IDLE,58.49,10.0,2.45,LIGHT,61.17,9.41,3.18,IDLE,61.53,7.68,3.09,IDLE,59.23,9.64,1.03,IDLE,58.59,11.52,3.82,LIGHT,65.13,8.05,1.94,IDLE,57.97,12.92,1.19,LIGHT,62.94,7.93,1.79,IDLE,57.6,27.47,58.0,183.5,0.25,22.0,COOLING,0.25,22.0,COOLING,0.25,22.0,COOLING,0.25,22.0,COOLING,22.371,22.406,22.443,22.237,22.364,22.443,22.237,0.206,241.1,117.82,123.1,120.54,680.0,765.0,765.0,680.0,178.52,223.67,268.75,227.29,-9.94,-2.19,-27.68,39.81,875.0,875.0,875.0,875.0,214.68,229.3,254.17,192.64,602.56,2890.0,898.23,3500.0,890.79,0.0,0.217,0.0,0.0,22.5,MODERATE_UNIFORM_COOL,0.0966
4,High Occupancy / Low Computer Load,0,170,1700.0,34,8,9,9,8,7.88,2.57,IDLE,58.7,8.79,3.32,IDLE,60.97,11.18,1.04,LIGHT,60.54,10.39,3.8,LIGHT,63.69,12.1,1.2,LIGHT,61.92,12.04,1.67,LIGHT,62.55,7.59,1.39,IDLE,56.57,10.6,1.11,LIGHT,59.91,12.2,3.35,LIGHT,65.28,12.05,1.71,LIGHT,62.63,27.47,58.0,183.6,0.25,22.0,COOLING,0.25,22.0,COOLING,0.25,22.0,COOLING,0.25,22.0,COOLING,22.375,22.411,22.448,22.241,22.369,22.448,22.241,0.207,243.9,124.47,116.48,127.91,680.0,765.0,765.0,680.0,178.48,223.63,268.73,227.26,-9.81,-2.31,-27.81,39.94,875.0,875.0,875.0,875.0,217.57,235.79,247.4,200.11,612.76,2890.0,898.1,3500.0,900.87,0.0,0.221,0.0,0.0,22.5,MODERATE_UNIFORM_COOL,0.0952
4,High Occupancy / Low Computer Load,0,171,1710.0,34,8,9,9,8,9.28,1.74,IDLE,59.21,9.05,3.64,IDLE,61.77,12.34,1.83,LIGHT,63.17,10.96,1.62,LIGHT,61.13,12.12,3.63,LIGHT,65.59,11.71,1.66,LIGHT,62.13,10.29,1.06,LIGHT,59.45,8.85,3.98,IDLE,62.03,7.12,1.59,IDLE,56.28,11.72,2.88,LIGHT,63.97,27.48,58.0,183.8,0.25,22.0,COOLING,0.25,22.0,COOLING,0.25,22.0,COOLING,0.25,22.0,COOLING,22.379,22.416,22.453,22.245,22.373,22.453,22.245,0.208,245.28,127.72,121.48,120.25,680.0,765.0,765.0,680.0,178.68,223.86,269.01,227.52,-9.68,-2.44,-27.93,40.06,875.0,875.0,875.0,875.0,219.28,239.14,252.56,192.83,614.73,2890.0,899.07,3500.0,903.81,0.004,0.228,0.0,0.0,22.5,MODERATE_UNIFORM_COOL,0.0967
4,High Occupancy / Low Computer Load,0,172,1720.0,34,8,9,9,8,8.91,2.11,IDLE,59.3,11.81,2.1,LIGHT,62.91,7.45,2.86,IDLE,58.6,8.08,2.29,IDLE,58.54,8.84,2.74,IDLE,60.16,10.92,3.77,LIGHT,64.3,11.62,1.22,LIGHT,61.35,10.37,2.8,LIGHT,62.16,7.78,1.12,IDLE,56.41,12.71,3.16,LIGHT,65.63,27.48,58.0,183.9,0.25,22.0,COOLING,0.25,22.0,COOLING,0.25,22.0,COOLING,0.25,22.0,COOLING,22.383,22.421,22.458,22.249,22.378,22.458,22.249,0.209,239.35,124.46,123.51,122.04,680.0,765.0,765.0,680.0,178.63,223.82,268.99,227.49,-9.56,-2.56,-28.06,40.18,875.0,875.0,875.0,875.0,213.42,235.72,254.44,194.71,609.36,2890.0,898.93,3500.0,898.29,0.008,0.233,0.0,0.0,22.5,MODERATE_UNIFORM_COOL,0.097
4,High Occupancy / Low Computer Load,0,173,1730.0,34,8,9,9,8,7.84,3.96,IDLE,60.74,8.97,1.82,IDLE,58.94,9.4,3.11,IDLE,61.41,11.77,1.2,LIGHT,61.51,10.77,2.77,LIGHT,62.62,8.56,3.92,IDLE,61.58,7.26,1.51,IDLE,56.34,10.82,3.73,LIGHT,64.12,11.52,3.7,LIGHT,64.95,7.64,3.01,IDLE,59.06,27.48,58.0,184.0,0.25,22.0,COOLING,0.25,22.0,COOLING,0.25,22.0,COOLING,0.25,22.0,COOLING,22.387,22.426,22.463,22.253,22.382,22.463,22.253,0.21,242.6,124.2,120.46,124.01,680.0,765.0,765.0,680.0,178.59,223.77,268.97,227.47,-9.44,-2.69,-28.18,40.31,875.0,875.0,875.0,875.0,216.75,235.28,251.25,196.79,611.27,2890.0,898.8,3500.0,900.07,0.013,0.237,0.0,0.0,22.5,MODERATE_UNIFORM_COOL,0.0969
4,High Occupancy / Low Computer Load,0,174,1740.0,34,8,9,9,8,10.82,2.52,LIGHT,62.3,9.13,3.24,IDLE,61.27,11.05,2.77,LIGHT,62.97,12.01,3.41,LIGHT,65.13,9.93,3.87,IDLE,63.22,12.69,3.11,LIGHT,65.53,8.78,2.81,IDLE,60.19,7.08,3.79,IDLE,59.54,8.09,1.04,IDLE,56.67,10.06,2.99,LIGHT,62.06,27.48,58.0,184.2,0.25,22.0,COOLING,0.25,22.0,COOLING,0.25,22.0,COOLING,0.25,22.0,COOLING,22.392,22.431,22.468,22.257,22.387,22.468,22.257,0.211,251.67,128.75,119.73,118.73,680.0,765.0,765.0,680.0,178.58,223.78,269.04,227.5,-9.31,-2.81,-28.31,40.44,875.0,875.0,875.0,875.0,225.94,239.72,250.46,191.67,618.88,2890.0,898.9,3500.0,907.79,0.018,0.243,0.0,0.0,22.5,MODERATE_UNIFORM_COOL,0.0981
4,High Occupancy / Low Computer Load,0,175,1750.0,34,8,9,9,8,8.57,3.67,IDLE,61.22,12.22,2.13,LIGHT,63.47,7.36,1.78,IDLE,56.87,11.84,3.67,LIGHT,65.3,9.69,3.95,IDLE,63.04,9.14,1.31,IDLE,58.39,9.24,1.94,IDLE,59.46,8.56,2.75,IDLE,59.83,10.13,2.95,LIGHT,62.09,11.47,3.89,LIGHT,65.17,27.49,58.0,184.3,0.25,22.0,COOLING,0.25,22.0,COOLING,0.25,22.0,COOLING,0.25,22.0,COOLING,22.397,22.436,22.473,22.261,22.392,22.473,22.261,0.212,246.86,121.43,119.29,127.26,680.0,765.0,765.0,680.0,178.72,223.96,269.23,227.7,-9.42,-2.83,-28.42,40.67,875.0,875.0,875.0,875.0,221.16,232.56,250.1,200.63,614.84,2890.0,899.61,3500.0,904.45,0.023,0.247,0.0,0.0,22.5,MODERATE_UNIFORM_COOL,0.0978
4,High Occupancy / Low Computer Load,0,176,1760.0,34,8,9,9,8,12.1,1.16,LIGHT,61.87,9.95,3.78,IDLE,63.11,10.81,2.76,LIGHT,62.65,11.72,1.63,LIGHT,62.1,7.68,3.1,IDLE,59.25,7.45,2.48,IDLE,58.03,8.85,3.19,IDLE,60.85,8.47,3.01,IDLE,60.1,11.81,1.18,LIGHT,61.53,8.23,1.44,IDLE,57.45,27.49,58.0,184.4,0.25,22.0,COOLING,0.25,22.0,COOLING,0.25,22.0,COOLING,0.25,22.0,COOLING,22.402,22.441,22.478,22.265,22.396,22.478,22.265,0.213,249.73,117.28,120.95,118.98,680.0,765.0,765.0,680.0,178.65,223.91,269.22,227.67,-9.53,-2.85,-28.53,40.9,875.0,875.0,875.0,875.0,223.85,228.34,251.64,192.55,606.94,2890.0,899.45,3500.0,896.38,0.028,0.253,0.0,0.0,22.5,MODERATE_UNIFORM_COOL,0.0997
4,High Occupancy / Low Computer Load,0,177,1770.0,34,8,9,9,8,8.67,1.87,IDLE,58.64,9.57,3.96,IDLE,62.9,10.59,1.76,LIGHT,60.88,8.25,2.73,IDLE,59.41,7.58,2.09,IDLE,57.61,9.9,3.31,IDLE,62.34,9.55,2.64,IDLE,60.9,10.68,1.39,LIGHT,60.44,9.87,1.39,IDLE,59.42,12.15,1.1,LIGHT,61.84,27.49,58.0,184.6,0.25,22.0,COOLING,0.25,22.0,COOLING,0.25,22.0,COOLING,0.25,22.0,COOLING,22.406,22.446,22.483,22.269,22.401,22.483,22.269,0.214,241.83,119.95,121.34,121.26,680.0,765.0,765.0,680.0,178.61,223.93,269.28,227.72,-9.64,-2.86,-28.64,41.14,875.0,875.0,875.0,875.0,215.8,231.02,251.98,195.12,604.38,2890.0,899.54,3500.0,893.92,0.032,0.258,0.0,0.0,22.5,MODERATE_UNIFORM_COOL,0.1004
4,High Occupancy / Low Computer Load,0,178,1780.0,34,8,9,9,8,11.43,3.92,LIGHT,65.17,9.26,2.9,IDLE,60.93,9.67,3.26,IDLE,61.98,7.23,3.22,IDLE,58.87,9.3,1.25,IDLE,58.5,10.19,1.16,LIGHT,59.48,9.86,1.37,IDLE,59.38,12.05,3.98,LIGHT,66.03,10.53,3.8,LIGHT,63.86,7.76,1.27,IDLE,56.61,27.49,58.0,184.7,0.25,22.0,COOLING,0.25,22.0,COOLING,0.25,22.0,COOLING,0.25,22.0,COOLING,22.411,22.451,22.488,22.273,22.406,22.488,22.273,0.215,246.95,117.98,125.41,120.47,680.0,765.0,765.0,680.0,178.57,223.89,269.26,227.69,-9.51,-2.99,-28.77,41.27,875.0,875.0,875.0,875.0,221.01,228.88,255.9,194.43,610.81,2890.0,899.41,3500.0,900.22,0.037,0.264,0.0,0.0,22.5,MODERATE_UNIFORM_COOL,0.1021
4,High Occupancy / Low Computer Load,0,179,1790.0,34,8,9,9,8,11.66,2.83,LIGHT,63.82,11.01,1.21,LIGHT,60.58,10.12,2.69,LIGHT,61.69,10.82,1.63,LIGHT,60.97,9.06,1.79,IDLE,59.01,8.94,3.92,IDLE,62.05,7.92,3.76,IDLE,60.54,10.26,1.12,LIGHT,59.51,10.12,2.83,LIGHT,61.89,7.82,3.12,IDLE,59.45,27.5,58.0,184.9,0.25,22.0,COOLING,0.25,22.0,COOLING,0.25,22.0,COOLING,0.25,22.0,COOLING,22.416,22.456,22.493,22.277,22.41,22.493,22.277,0.216,247.06,121.06,120.05,121.34,680.0,765.0,765.0,680.0,178.75,224.11,269.55,227.94,-9.63,-3.0,-28.87,41.5,875.0,875.0,875.0,875.0,221.18,232.17,250.73,195.78,609.51,2890.0,900.35,3500.0,899.86,0.042,0.269,0.0,0.0,22.5,MODERATE_UNIFORM_COOL,0.1028
4,High Occupancy / Low Computer Load,0,180,1800.0,34,8,9,9,8,11.33,1.04,LIGHT,60.72,11.36,2.27,LIGHT,62.61,9.28,2.45,IDLE,60.27,10.05,1.61,LIGHT,59.98,12.56,2.75,LIGHT,64.83,8.93,1.55,IDLE,58.49,12.34,3.49,LIGHT,65.66,11.92,1.71,LIGHT,62.46,8.63,3.56,IDLE,61.13,11.71,2.56,LIGHT,63.48,27.5,58.0,185.0,0.25,22.0,COOLING,0.25,22.0,COOLING,0.25,22.0,COOLING,0.25,22.0,COOLING,22.42,22.461,22.498,22.281,22.415,22.498,22.281,0.217,243.58,123.32,128.12,124.61,680.0,765.0,765.0,680.0,178.69,224.07,269.53,227.91,-9.74,-3.01,-28.98,41.73,875.0,875.0,875.0,875.0,217.53,234.38,258.67,199.25,619.63,2890.0,900.2,3500.0,909.83,0.047,0.274,0.0,0.0,22.5,MODERATE_UNIFORM_COOL,0.1046
4,High Occupancy / Low Computer Load,0,181,1810.0,34,8,9,9,8,8.99,2.6,IDLE,60.14,11.0,3.58,LIGHT,64.12,10.55,3.88,LIGHT,64.01,12.43,1.4,LIGHT,62.64,7.94,1.75,IDLE,57.55,10.65,1.8,LIGHT,61.01,10.18,1.83,LIGHT,60.47,11.58,3.69,LIGHT,65.01,11.24,1.42,LIGHT,61.18,12.08,1.91,LIGHT,62.97,27.5,58.0,185.1,0.25,22.0,COOLING,0.25,22.0,COOLING,0.25,22.0,COOLING,0.25,22.0,COOLING,22.425,22.466,22.503,22.285,22.42,22.503,22.285,0.218,250.91,118.56,125.48,124.15,680.0,765.0,765.0,680.0,178.63,224.03,269.5,227.9,-9.61,-3.14,-29.11,41.86,875.0,875.0,875.0,875.0,224.93,229.45,255.87,198.91,619.1,2890.0,900.06,3500.0,909.16,0.052,0.279,0.003,0.0,22.5,MODERATE_UNIFORM_COOL,0.1059
4,High Occupancy / Low Computer Load,0,182,1820.0,34,8,9,9,8,8.99,3.88,IDLE,62.06,9.68,3.1,IDLE,61.75,8.0,2.23,IDLE,58.34,12.77,2.06,LIGHT,64.05,11.99,1.31,LIGHT,61.95,12.76,2.48,LIGHT,64.67,7.67,3.42,IDLE,59.72,8.69,3.2,IDLE,60.66,11.53,2.99,LIGHT,63.9,12.51,2.01,LIGHT,63.65,27.51,58.0,185.3,0.25,22.0,COOLING,0.25,22.0,COOLING,0.25,22.0,COOLING,0.25,22.0,COOLING,22.429,22.471,22.508,22.289,22.424,22.508,22.289,0.219,246.2,126.62,120.38,127.55,680.0,765.0,765.0,680.0,178.82,224.26,269.79,228.15,-9.72,-3.16,-29.22,42.1,875.0,875.0,875.0,875.0,220.3,237.72,250.95,202.8,620.75,2890.0,901.02,3500.0,911.77,0.056,0.283,0.007,0.0,22.5,MODERATE_UNIFORM_COOL,0.1066
4,High Occupancy / Low Computer Load,0,183,1830.0,34,8,9,9,8,10.04,1.96,LIGHT,60.49,12.67,1.94,LIGHT,63.75,10.74,1.7,LIGHT,60.97,8.29,3.01,IDLE,59.88,11.89,1.84,LIGHT,62.62,8.33,2.33,IDLE,58.91,12.74,3.69,LIGHT,66.46,11.13,1.34,LIGHT,60.92,10.96,3.78,LIGHT,64.37,12.48,2.84,LIGHT,64.86,27.51,58.0,185.4,0.25,22.0,COOLING,0.25,22.0,COOLING,0.25,22.0,COOLING,0.25,22.0,COOLING,22.433,22.476,22.513,22.293,22.429,22.513,22.293,0.22,245.09,121.53,127.38,129.23,680.0,765.0,765.0,680.0,178.76,224.22,269.76,228.13,-9.59,-3.28,-29.34,42.22,875.0,875.0,875.0,875.0,219.26,232.47,257.8,204.58,623.23,2890.0,900.87,3500.0,914.11,0.06,0.288,0.012,0.0,22.5,MODERATE_UNIFORM_COOL,0.1088
4,High Occupancy / Low Computer Load,0,184,1840.0,34,8,9,9,8,9.32,2.97,IDLE,61.1,10.72,2.67,LIGHT,62.41,9.58,2.33,IDLE,60.47,11.52,2.39,LIGHT,62.98,7.05,2.62,IDLE,57.74,10.06,1.69,LIGHT,60.11,12.46,3.33,LIGHT,65.57,7.73,3.28,IDLE,59.58,9.19,3.84,IDLE,62.25,8.54,1.02,IDLE,57.2,27.51,58.0,185.6,0.25,22.0,COOLING,0.25,22.0,COOLING,0.25,22.0,COOLING,0.25,22.0,COOLING,22.438,22.481,22.518,22.297,22.434,22.518,22.297,0.221,246.96,117.85,125.15,119.45,680.0,765.0,765.0,680.0,178.76,224.23,269.84,228.17,-9.47,-3.4,-29.47,42.35,875.0,875.0,875.0,875.0,221.25,228.68,255.52,194.97,609.41,2890.0,901.0,3500.0,900.42,0.065,0.293,0.015,0.0,22.5,MODERATE_UNIFORM_COOL,0.1116
4,High Occupancy / Low Computer Load,0,185,1850.0,34,8,9,9,8,10.26,2.37,LIGHT,61.38,7.77,2.18,IDLE,57.98,10.4,1.8,LIGHT,60.7,7.28,1.24,IDLE,55.96,9.68,1.41,IDLE,59.22,10.88,3.85,LIGHT,64.38,9.72,1.4,IDLE,59.25,7.71,2.28,IDLE,58.06,11.91,1.27,LIGHT,61.79,10.86,3.79,LIGHT,64.26,27.51,58.0,185.7,0.25,22.0,COOLING,0.25,22.0,COOLING,0.25,22.0,COOLING,0.25,22.0,COOLING,22.442,22.486,22.523,22.301,22.438,22.523,22.301,0.222,236.02,123.6,117.31,126.05,680.0,765.0,765.0,680.0,178.69,224.18,269.82,228.14,-9.58,-3.42,-29.58,42.58,875.0,875.0,875.0,875.0,210.13,234.36,247.55,201.77,602.98,2890.0,900.83,3500.0,893.81,0.069,0.296,0.02,0.0,22.5,MODERATE_UNIFORM_COOL,0.1118
4,High Occupancy / Low Computer Load,0,186,1860.0,34,8,9,9,8,10.92,3.66,LIGHT,64.14,9.22,1.97,IDLE,59.48,12.26,1.77,LIGHT,62.98,12.69,3.24,LIGHT,65.72,10.34,3.95,LIGHT,63.85,11.84,3.85,LIGHT,65.58,11.04,2.55,LIGHT,62.62,10.91,3.08,LIGHT,63.26,7.98,2.17,IDLE,58.23,12.06,3.06,LIGHT,64.67,27.52,58.0,185.8,0.25,22.0,COOLING,0.25,22.0,COOLING,0.25,22.0,COOLING,0.25,22.0,COOLING,22.447,22.491,22.528,22.305,22.443,22.528,22.305,0.223,252.32,129.43,125.88,122.9,680.0,765.0,765.0,680.0,178.85,224.35,270.01,228.33,-9.46,-3.55,-29.71,42.71,875.0,875.0,875.0,875.0,226.71,240.23,256.18,198.94,630.53,2890.0,901.54,3500.0,922.06,0.075,0.303,0.025,0.0,22.5,MODERATE_UNIFORM_COOL,0.1156
4,High Occupancy / Low Computer Load,0,187,1870.0,34,8,9,9,8,7.77,1.1,IDLE,56.36,12.5,3.3,LIGHT,65.58,9.59,1.25,IDLE,58.86,8.84,3.25,IDLE,60.92,10.01,1.53,LIGHT,59.81,8.52,2.54,IDLE,59.46,12.65,2.44,LIGHT,64.47,11.3,3.15,LIGHT,63.85,10.25,3.04,LIGHT,62.37,7.16,2.16,IDLE,57.19,27.52,58.0,186.0,0.25,22.0,COOLING,0.25,22.0,COOLING,0.25,22.0,COOLING,0.25,22.0,COOLING,22.451,22.496,22.533,22.309,22.447,22.533,22.309,0.224,241.72,119.27,128.32,119.56,680.0,765.0,765.0,680.0,178.82,224.37,270.08,228.37,-9.56,-3.56,-29.81,42.94,875.0,875.0,875.0,875.0,215.98,230.08,258.59,195.87,608.87,2890.0,901.64,3500.0,900.52,0.078,0.308,0.029,0.0,22.5,MODERATE_UNIFORM_COOL,0.1181
4,High Occupancy / Low Computer Load,0,188,1880.0,34,8,9,9,8,12.01,3.71,LIGHT,65.58,11.0,2.33,LIGHT,62.24,8.78,1.48,IDLE,58.19,10.63,2.59,LIGHT,62.17,11.65,1.07,LIGHT,61.17,8.91,1.28,IDLE,58.06,10.66,1.05,LIGHT,59.9,12.34,1.42,LIGHT,62.55,11.49,1.01,LIGHT,60.88,10.67,1.93,LIGHT,61.23,27.52,58.0,186.1,0.25,22.0,COOLING,0.25,22.0,COOLING,0.25,22.0,COOLING,0.25,22.0,COOLING,22.456,22.501,22.538,22.313,22.452,22.538,22.313,0.225,248.18,119.23,122.45,122.11,680.0,765.0,765.0,680.0,178.77,224.33,270.06,228.35,-9.44,-3.68,-29.94,43.06,875.0,875.0,875.0,875.0,222.51,229.88,252.57,198.52,611.97,2890.0,901.51,3500.0,903.48,0.084,0.311,0.033,0.0,22.5,MODERATE_UNIFORM_COOL,0.1196
4,High Occupancy / Low Computer Load,0,189,1890.0,34,8,9,9,8,8.1,1.39,IDLE,57.21,8.55,1.39,IDLE,57.77,11.86,1.46,LIGHT,62.02,11.3,3.51,LIGHT,64.39,11.16,3.75,LIGHT,64.58,12.51,2.55,LIGHT,64.46,11.53,3.37,LIGHT,64.47,12.46,2.28,LIGHT,64.0,12.09,3.94,LIGHT,66.02,10.07,3.79,LIGHT,63.27,27.52,58.0,186.2,0.25,22.0,COOLING,0.25,22.0,COOLING,0.25,22.0,COOLING,0.25,22.0,COOLING,22.46,22.506,22.543,22.317,22.456,22.543,22.317,0.226,241.39,129.04,128.47,129.29,680.0,765.0,765.0,680.0,178.71,224.29,270.03,228.33,-9.55,-3.7,-30.05,43.3,875.0,875.0,875.0,875.0,215.55,239.63,258.45,205.92,628.19,2890.0,901.36,3500.0,919.55,0.088,0.316,0.038,0.0,22.5,MODERATE_UNIFORM_COOL,0.122
4,High Occupancy / Low Computer Load,0,190,1900.0,34,8,9,9,8,8.31,3.44,IDLE,60.55,11.62,1.19,LIGHT,61.31,11.31,3.68,LIGHT,64.66,10.83,3.34,LIGHT,63.55,8.18,3.94,IDLE,61.13,12.08,1.13,LIGHT,61.8,9.53,1.11,IDLE,58.58,11.75,2.43,LIGHT,63.33,11.47,1.51,LIGHT,61.6,13.0,2.68,LIGHT,65.27,27.53,58.0,186.4,0.25,22.0,COOLING,0.25,22.0,COOLING,0.25,22.0,COOLING,0.25,22.0,COOLING,22.465,22.511,22.548,22.321,22.461,22.548,22.321,0.227,250.07,122.93,121.91,126.87,680.0,765.0,765.0,680.0,178.91,224.52,270.32,228.58,-9.43,-3.83,-30.17,43.42,875.0,875.0,875.0,875.0,224.55,233.62,252.06,203.87,621.78,2890.0,902.33,3500.0,914.1,0.094,0.32,0.042,0.0,22.5,MODERATE_UNIFORM_COOL,0.1242
4,High Occupancy / Low Computer Load,0,191,1910.0,34,8,9,9,8,11.1,3.78,LIGHT,64.55,11.42,2.21,LIGHT,62.59,8.57,3.68,IDLE,61.23,7.16,1.99,IDLE,56.94,9.76,3.19,IDLE,61.98,10.08,2.51,LIGHT,61.37,7.17,2.58,IDLE,57.83,8.13,1.08,IDLE,56.78,8.4,1.75,IDLE,58.12,9.21,3.26,IDLE,61.4,27.53,58.0,186.5,0.25,22.0,COOLING,0.25,22.0,COOLING,0.25,22.0,COOLING,0.25,22.0,COOLING,22.469,22.516,22.553,22.325,22.466,22.553,22.325,0.228,245.31,123.35,114.61,119.52,680.0,765.0,765.0,680.0,178.84,224.47,270.3,228.55,-9.53,-3.84,-30.28,43.66,875.0,875.0,875.0,875.0,219.62,233.98,244.63,196.73,602.79,2890.0,902.16,3500.0,894.96,0.098,0.324,0.046,0.0,22.5,MODERATE_UNIFORM_COOL,0.1266
4,High Occupancy / Low Computer Load,0,192,1920.0,34,8,9,9,8,10.04,2.19,LIGHT,60.83,8.29,2.64,IDLE,59.32,9.12,2.86,IDLE,60.69,7.47,2.74,IDLE,58.45,10.56,1.23,LIGHT,60.05,10.97,2.06,LIGHT,61.8,9.59,3.28,IDLE,61.91,8.64,2.99,IDLE,60.28,7.5,1.07,IDLE,55.98,11.12,3.72,LIGHT,64.48,27.53,58.0,186.7,0.25,22.0,COOLING,0.25,22.0,COOLING,0.25,22.0,COOLING,0.25,22.0,COOLING,22.473,22.521,22.558,22.329,22.47,22.558,22.329,0.229,239.29,121.85,122.19,120.46,680.0,765.0,765.0,680.0,178.82,224.49,270.37,228.6,-9.41,-3.96,-30.41,43.79,875.0,875.0,875.0,875.0,213.7,232.38,252.15,197.85,603.79,2890.0,902.28,3500.0,896.08,0.101,0.33,0.051,0.0,22.5,MODERATE_UNIFORM_COOL,0.13
4,High Occupancy / Low Computer Load,0,193,1930.0,34,8,9,9,8,7.3,3.06,IDLE,58.72,8.56,2.28,IDLE,59.12,9.12,1.99,IDLE,59.38,10.8,2.32,LIGHT,61.98,10.96,2.33,LIGHT,62.2,7.64,3.06,IDLE,59.14,9.44,1.91,IDLE,59.66,9.01,1.82,IDLE,58.99,8.67,3.0,IDLE,60.34,7.7,1.62,IDLE,57.05,27.54,58.0,186.8,0.25,22.0,COOLING,0.25,22.0,COOLING,0.25,22.0,COOLING,0.25,22.0,COOLING,22.477,22.526,22.563,22.333,22.475,22.563,22.333,0.23,239.2,121.34,118.65,117.39,680.0,765.0,765.0,680.0,178.99,224.66,270.56,228.79,-9.28,-4.09,-30.53,43.91,875.0,875.0,875.0,875.0,213.91,231.91,248.68,195.09,596.58,2890.0,903.0,3500.0,889.59,0.106,0.335,0.055,0.0,22.5,MODERATE_UNIFORM_COOL,0.1327
4,High Occupancy / Low Computer Load,0,194,1940.0,34,8,9,9,8,11.07,1.59,LIGHT,61.22,7.19,3.71,IDLE,59.55,12.4,2.88,LIGHT,64.82,12.81,3.93,LIGHT,66.91,12.97,2.85,LIGHT,65.49,11.24,2.24,LIGHT,62.41,10.65,1.07,LIGHT,59.92,12.9,3.54,LIGHT,66.44,9.68,2.17,IDLE,60.36,7.96,3.07,IDLE,59.55,27.54,58.0,186.9,0.25,22.0,COOLING,0.25,22.0,COOLING,0.25,22.0,COOLING,0.25,22.0,COOLING,22.482,22.531,22.568,22.337,22.48,22.568,22.337,0.231,252.5,127.9,126.36,119.91,680.0,765.0,765.0,680.0,178.94,224.61,270.55,228.76,-9.16,-4.22,-30.66,44.04,875.0,875.0,875.0,875.0,227.28,238.29,256.25,197.71,626.67,2890.0,902.86,3500.0,919.53,0.112,0.34,0.06,0.0,22.5,MODERATE_UNIFORM_COOL,0.1369
4,High Occupancy / Low Computer Load,0,195,1950.0,34,8,9,9,8,10.3,3.99,LIGHT,63.86,10.38,3.13,LIGHT,62.67,7.78,2.99,IDLE,59.21,8.29,1.38,IDLE,57.43,8.08,2.61,IDLE,59.02,10.39,1.25,LIGHT,59.86,9.48,1.28,IDLE,58.77,8.23,1.92,IDLE,58.17,8.26,3.75,IDLE,60.95,10.79,2.41,LIGHT,62.1,27.54,58.0,187.1,0.25,22.0,COOLING,0.25,22.0,COOLING,0.25,22.0,COOLING,0.25,22.0,COOLING,22.486,22.536,22.573,22.341,22.484,22.573,22.341,0.232,243.17,118.88,116.94,123.05,680.0,765.0,765.0,680.0,178.91,224.63,270.61,228.8,-9.27,-4.23,-30.77,44.27,875.0,875.0,875.0,875.0,217.81,229.28,246.78,201.12,602.04,2890.0,902.95,3500.0,894.99,0.115,0.343,0.064,0.0,22.5,MODERATE_UNIFORM_COOL,0.1382
4,High Occupancy / Low Computer Load,0,196,1960.0,34,8,9,9,8,9.94,2.16,IDLE,60.66,12.33,3.57,LIGHT,65.77,11.86,3.15,LIGHT,64.55,12.21,3.63,LIGHT,65.71,9.32,3.5,IDLE,61.9,8.04,3.39,IDLE,60.13,8.37,3.01,IDLE,59.98,10.98,2.47,LIGHT,62.43,12.33,3.79,LIGHT,66.1,8.32,1.93,IDLE,58.3,27.54,58.0,187.2,0.25,22.0,COOLING,0.25,22.0,COOLING,0.25,22.0,COOLING,0.25,22.0,COOLING,22.491,22.541,22.578,22.345,22.489,22.578,22.345,0.233,256.69,122.03,122.41,124.4,680.0,765.0,765.0,680.0,178.86,224.59,270.59,228.78,-9.14,-4.36,-30.89,44.39,875.0,875.0,875.0,875.0,231.41,232.26,252.11,202.57,625.53,2890.0,902.82,3500.0,918.35,0.121,0.348,0.069,0.0,22.5,MODERATE_UNIFORM_COOL,0.1424
4,High Occupancy / Low Computer Load,0,197,1970.0,34,8,9,9,8,8.89,2.12,IDLE,59.29,11.04,2.1,LIGHT,61.95,7.43,2.63,IDLE,58.23,12.97,3.61,LIGHT,66.63,8.48,3.05,IDLE,60.18,9.86,2.97,IDLE,61.78,10.3,3.3,LIGHT,62.83,7.1,3.8,IDLE,59.58,8.83,3.79,IDLE,61.72,9.04,1.2,IDLE,58.1,27.55,58.0,187.4,0.25,22.0,COOLING,0.25,22.0,COOLING,0.25,22.0,COOLING,0.25,22.0,COOLING,22.496,22.546,22.583,22.349,22.493,22.583,22.349,0.234,246.1,121.96,122.41,119.82,680.0,765.0,765.0,680.0,179.04,224.81,270.87,229.03,-9.26,-4.37,-31.0,44.63,875.0,875.0,875.0,875.0,220.88,232.4,252.28,198.48,610.29,2890.0,903.75,3500.0,904.04,0.125,0.354,0.073,0.0,22.5,MODERATE_UNIFORM_COOL,0.1461
4,High Occupancy / Low Computer Load,0,198,1980.0,34,8,9,9,8,8.8,2.71,IDLE,60.06,9.7,2.81,IDLE,61.34,11.98,3.19,LIGHT,64.76,10.05,3.57,LIGHT,62.92,12.57,3.73,LIGHT,66.31,8.15,1.94,IDLE,58.1,9.74,1.67,IDLE,59.68,9.56,3.83,IDLE,62.7,11.53,3.07,LIGHT,64.02,8.84,2.57,IDLE,59.9,27.55,58.0,187.5,0.25,22.0,COOLING,0.25,22.0,COOLING,0.25,22.0,COOLING,0.25,22.0,COOLING,22.501,22.551,22.588,22.353,22.498,22.588,22.353,0.235,249.08,124.41,122.38,123.92,680.0,765.0,765.0,680.0,178.97,224.78,270.85,229.01,-9.36,-4.39,-31.11,44.86,875.0,875.0,875.0,875.0,223.69,234.8,252.12,202.79,619.79,2890.0,903.61,3500.0,913.4,0.131,0.358,0.077,0.0,22.5,MODERATE_UNIFORM_COOL,0.1494
4,High Occupancy / Low Computer Load,0,199,1990.0,34,8,9,9,8,10.85,1.24,LIGHT,60.42,9.39,3.51,IDLE,62.0,8.27,1.26,IDLE,57.23,8.95,1.42,IDLE,58.32,10.7,1.34,LIGHT,60.38,10.31,3.04,LIGHT,62.45,7.83,2.38,IDLE,58.36,11.74,1.92,LIGHT,62.55,10.79,3.89,LIGHT,64.32,12.7,2.94,LIGHT,65.28,27.55,58.0,187.6,0.25,22.0,COOLING,0.25,22.0,COOLING,0.25,22.0,COOLING,0.25,22.0,COOLING,22.505,22.556,22.593,22.357,22.503,22.593,22.357,0.236,237.97,122.83,120.91,129.6,680.0,765.0,765.0,680.0,178.9,224.73,270.83,228.99,-9.48,-4.4,-31.23,45.1,875.0,875.0,875.0,875.0,212.39,233.16,250.51,208.69,611.31,2890.0,903.45,3500.0,904.75,0.134,0.362,0.082,0.0,22.5,MODERATE_UNIFORM_COOL,0.1519
4,High Occupancy / Low Computer Load,0,200,2000.0,34,8,9,9,8,11.93,3.95,LIGHT,65.84,10.84,2.99,LIGHT,63.03,9.1,1.22,IDLE,58.2,12.89,2.32,LIGHT,64.59,10.56,1.66,LIGHT,60.69,8.94,3.78,IDLE,61.84,12.16,2.75,LIGHT,64.33,10.67,3.19,LIGHT,63.12,7.22,2.84,IDLE,58.28,9.98,2.08,IDLE,60.59,27.56,58.0,187.8,0.25,22.0,COOLING,0.25,22.0,COOLING,0.25,22.0,COOLING,0.25,22.0,COOLING,22.51,22.561,22.598,22.361,22.508,22.598,22.361,0.237,251.66,122.53,127.45,118.87,680.0,765.0,765.0,680.0,179.1,224.97,271.11,229.24,-9.35,-4.53,-31.35,45.23,875.0,875.0,875.0,875.0,226.41,232.97,257.21,198.34,620.51,2890.0,904.42,3500.0,914.93,0.14,0.368,0.086,0.0,22.5,MODERATE_UNIFORM_COOL,0.158
4,High Occupancy / Low Computer Load,0,201,2010.0,34,8,9,9,8,12.22,1.62,LIGHT,62.7,12.13,2.79,LIGHT,64.35,7.99,3.43,IDLE,60.13,9.67,1.08,IDLE,58.71,8.11,1.36,IDLE,57.18,9.54,3.1,IDLE,61.57,9.6,3.59,IDLE,62.38,11.36,3.19,LIGHT,63.98,9.7,1.01,IDLE,58.64,11.82,3.64,LIGHT,65.23,27.56,58.0,187.9,0.25,22.0,COOLING,0.25,22.0,COOLING,0.25,22.0,COOLING,0.25,22.0,COOLING,22.514,22.566,22.603,22.365,22.512,22.603,22.365,0.238,245.89,118.75,126.36,123.87,680.0,765.0,765.0,680.0,179.03,224.92,271.09,229.22,-9.46,-4.54,-31.46,45.46,875.0,875.0,875.0,875.0,220.46,229.13,255.99,203.55,614.87,2890.0,904.26,3500.0,909.13,0.144,0.372,0.091,0.0,22.5,MODERATE_UNIFORM_COOL,0.1609
4,High Occupancy / Low Computer Load,0,202,2020.0,34,8,9,9,8,9.33,2.37,IDLE,60.22,8.66,2.44,IDLE,59.48,11.88,1.4,LIGHT,61.95,7.72,1.24,IDLE,56.51,10.17,1.03,LIGHT,59.26,12.36,1.58,LIGHT,62.82,8.09,1.65,IDLE,57.59,9.5,2.71,IDLE,60.94,11.85,2.54,LIGHT,63.62,8.3,1.22,IDLE,57.2,27.56,58.0,188.1,0.25,22.0,COOLING,0.25,22.0,COOLING,0.25,22.0,COOLING,0.25,22.0,COOLING,22.518,22.571,22.608,22.369,22.517,22.608,22.369,0.239,238.16,122.08,118.53,120.82,680.0,765.0,765.0,680.0,179.03,224.93,271.17,229.25,-9.34,-4.66,-31.59,45.59,875.0,875.0,875.0,875.0,212.85,232.35,248.11,200.66,599.59,2890.0,904.38,3500.0,893.97,0.148,0.376,0.094,0.0,22.5,MODERATE_UNIFORM_COOL,0.1639
4,High Occupancy / Low Computer Load,0,203,2030.0,34,8,9,9,8,11.19,1.77,LIGHT,61.64,12.66,1.94,LIGHT,63.73,7.11,2.47,IDLE,57.59,7.24,3.65,IDLE,59.52,12.81,2.09,LIGHT,64.15,12.82,2.87,LIGHT,65.33,8.65,3.34,IDLE,60.82,12.95,3.86,LIGHT,66.98,8.19,1.57,IDLE,57.59,12.46,1.33,LIGHT,62.57,27.56,58.0,188.2,0.25,22.0,COOLING,0.25,22.0,COOLING,0.25,22.0,COOLING,0.25,22.0,COOLING,22.522,22.576,22.613,22.373,22.521,22.613,22.373,0.24,242.48,129.48,127.8,120.16,680.0,765.0,765.0,680.0,178.98,224.88,271.14,229.23,-9.21,-4.79,-31.71,45.71,875.0,875.0,875.0,875.0,217.25,239.57,257.23,200.1,619.92,2890.0,904.23,3500.0,914.15,0.153,0.383,0.099,0.0,22.5,MODERATE_UNIFORM_COOL,0.1694
4,High Occupancy / Low Computer Load,0,204,2040.0,34,8,9,9,8,12.76,1.21,LIGHT,62.77,9.92,2.67,IDLE,61.41,8.69,2.97,IDLE,60.32,11.44,2.24,LIGHT,62.66,10.33,2.33,LIGHT,61.41,8.09,1.51,IDLE,57.38,11.55,3.75,LIGHT,65.06,8.32,1.89,IDLE,58.23,9.12,1.53,IDLE,58.7,8.25,1.96,IDLE,58.25,27.57,58.0,188.3,0.25,22.0,COOLING,0.25,22.0,COOLING,0.25,22.0,COOLING,0.25,22.0,COOLING,22.527,22.581,22.618,22.377,22.526,22.618,22.377,0.241,247.16,118.79,123.29,116.95,680.0,765.0,765.0,680.0,179.14,225.06,271.34,229.43,-9.08,-4.92,-31.83,45.83,875.0,875.0,875.0,875.0,222.22,228.93,252.8,197.21,606.19,2890.0,904.97,3500.0,901.16,0.157,0.386,0.103,0.0,22.5,MODERATE_UNIFORM_COOL,0.1734
4,High Occupancy / Low Computer Load,0,205,2050.0,34,8,9,9,8,12.75,3.62,LIGHT,66.37,9.56,2.02,IDLE,59.98,9.74,3.55,IDLE,62.5,7.44,3.05,IDLE,58.88,9.18,3.07,IDLE,61.08,9.92,2.39,IDLE,60.98,8.45,2.11,IDLE,58.73,7.81,2.58,IDLE,58.63,11.92,1.71,LIGHT,62.46,7.06,3.29,IDLE,58.76,27.57,58.0,188.5,0.25,22.0,COOLING,0.25,22.0,COOLING,0.25,22.0,COOLING,0.25,22.0,COOLING,22.532,22.586,22.623,22.381,22.53,22.623,22.381,0.242,247.73,122.06,117.36,121.22,680.0,765.0,765.0,680.0,179.11,225.07,271.41,229.46,-9.2,-4.93,-31.94,46.07,875.0,875.0,875.0,875.0,222.64,232.2,246.83,201.75,608.37,2890.0,905.05,3500.0,903.42,0.163,0.39,0.108,0.0,22.5,MODERATE_UNIFORM_COOL,0.1768
4,High Occupancy / Low Computer Load,0,206,2060.0,34,8,9,9,8,9.19,3.22,IDLE,61.32,7.79,3.92,IDLE,60.62,10.94,1.57,LIGHT,61.03,7.81,3.16,IDLE,59.5,8.76,1.17,IDLE,57.71,8.36,3.35,IDLE,60.48,10.79,3.18,LIGHT,63.26,12.46,3.35,LIGHT,65.6,12.08,2.69,LIGHT,64.14,10.87,3.6,LIGHT,63.99,27.57,58.0,188.6,0.25,22.0,COOLING,0.25,22.0,COOLING,0.25,22.0,COOLING,0.25,22.0,COOLING,22.536,22.591,22.628,22.385,22.535,22.628,22.385,0.243,242.47,118.19,128.86,128.13,680.0,765.0,765.0,680.0,179.04,225.04,271.38,229.44,-9.31,-4.94,-32.06,46.31,875.0,875.0,875.0,875.0,217.2,228.29,258.18,208.88,617.65,2890.0,904.9,3500.0,912.55,0.166,0.395,0.113,0.0,22.5,MODERATE_UNIFORM_COOL,0.1816
4,High Occupancy / Low Computer Load,0,207,2070.0,34,8,9,9,8,8.08,1.28,IDLE,57.02,9.24,2.15,IDLE,59.77,11.91,1.61,LIGHT,62.3,7.97,1.92,IDLE,57.84,7.86,3.37,IDLE,59.88,7.3,1.72,IDLE,56.7,9.62,1.42,IDLE,59.16,9.85,2.47,IDLE,61.02,9.23,4.0,IDLE,62.54,11.55,1.44,LIGHT,61.6,27.57,58.0,188.8,0.25,22.0,COOLING,0.25,22.0,COOLING,0.25,22.0,COOLING,0.25,22.0,COOLING,22.54,22.596,22.633,22.389,22.54,22.633,22.389,0.244,236.93,116.58,120.18,124.14,680.0,765.0,765.0,680.0,179.03,225.05,271.45,229.48,-9.18,-5.07,-32.18,46.43,875.0,875.0,875.0,875.0,211.78,226.56,249.45,205.05,597.83,2890.0,905.01,3500.0,892.84,0.17,0.399,0.117,0.0,22.5,MODERATE_UNIFORM_COOL,0.1851
4,High Occupancy / Low Computer Load,0,208,2080.0,34,8,9,9,8,12.99,2.01,LIGHT,64.25,12.34,3.86,LIGHT,66.22,7.86,1.74,IDLE,57.44,9.87,3.31,IDLE,62.3,8.73,1.82,IDLE,58.64,12.97,2.98,LIGHT,65.68,9.9,3.74,IDLE,62.98,8.46,3.36,IDLE,60.62,9.23,1.67,IDLE,59.04,7.93,1.94,IDLE,57.82,27.58,58.0,188.9,0.25,22.0,COOLING,0.25,22.0,COOLING,0.25,22.0,COOLING,0.25,22.0,COOLING,22.545,22.601,22.638,22.393,22.544,22.638,22.393,0.245,250.21,124.32,123.6,116.86,680.0,765.0,765.0,680.0,179.2,225.22,271.65,229.67,-9.05,-5.2,-32.3,46.55,875.0,875.0,875.0,875.0,225.36,234.34,252.95,198.08,614.99,2890.0,905.74,3500.0,910.73,0.176,0.405,0.121,0.0,22.5,MODERATE_UNIFORM_COOL,0.1917
4,High Occupancy / Low Computer Load,0,209,2090.0,34,8,9,9,8,12.97,2.02,LIGHT,64.24,7.5,2.35,IDLE,57.9,7.06,2.98,IDLE,58.3,9.26,2.09,IDLE,59.71,7.75,2.38,IDLE,58.26,12.42,3.35,LIGHT,65.55,10.55,2.65,LIGHT,62.16,11.89,1.55,LIGHT,62.19,10.72,2.51,LIGHT,62.16,7.88,1.86,IDLE,57.64,27.58,58.0,189.0,0.25,22.0,COOLING,0.25,22.0,COOLING,0.25,22.0,COOLING,0.25,22.0,COOLING,22.549,22.606,22.643,22.397,22.549,22.643,22.397,0.246,240.15,123.81,124.35,119.8,680.0,765.0,765.0,680.0,179.13,225.17,271.63,229.64,-9.17,-5.21,-32.42,46.79,875.0,875.0,875.0,875.0,215.11,233.77,253.56,201.23,608.11,2890.0,905.57,3500.0,903.67,0.18,0.41,0.125,0.0,22.5,MODERATE_UNIFORM_COOL,0.1958
4,High Occupancy / Low Computer Load,0,210,2100.0,34,8,9,9,8,9.63,1.81,IDLE,59.75,9.8,1.14,IDLE,58.96,9.46,3.27,IDLE,61.73,7.04,3.8,IDLE,59.5,12.56,3.3,LIGHT,65.65,7.03,2.26,IDLE,57.18,11.08,1.56,LIGHT,61.19,7.48,1.56,IDLE,56.69,12.18,3.33,LIGHT,65.22,8.66,1.73,IDLE,58.42,27.58,58.0,189.2,0.25,22.0,COOLING,0.25,22.0,COOLING,0.25,22.0,COOLING,0.25,22.0,COOLING,22.553,22.611,22.648,22.401,22.553,22.648,22.401,0.247,239.94,122.83,117.88,123.64,680.0,765.0,765.0,680.0,179.12,225.19,271.7,229.68,-9.04,-5.34,-32.54,46.92,875.0,875.0,875.0,875.0,215.02,232.68,247.04,205.24,604.29,2890.0,905.69,3500.0,899.98,0.184,0.413,0.13,0.0,22.5,MODERATE_UNIFORM_COOL,0.1994
4,High Occupancy / Low Computer Load,0,211,2110.0,34,8,9,9,8,10.68,2.79,LIGHT,62.54,11.35,2.44,LIGHT,62.85,7.39,2.51,IDLE,58.0,9.76,2.7,IDLE,61.25,9.36,2.44,IDLE,60.36,10.86,3.79,LIGHT,64.26,7.51,3.92,IDLE,60.27,11.11,2.31,LIGHT,62.35,7.63,2.47,IDLE,58.24,10.71,3.57,LIGHT,63.74,27.59,58.0,189.3,0.25,22.0,COOLING,0.25,22.0,COOLING,0.25,22.0,COOLING,0.25,22.0,COOLING,22.557,22.616,22.653,22.405,22.558,22.653,22.405,0.248,244.64,124.62,122.62,121.98,680.0,765.0,765.0,680.0,179.29,225.36,271.89,229.87,-8.92,-5.46,-32.66,47.04,875.0,875.0,875.0,875.0,220.01,234.52,251.85,203.89,613.86,2890.0,906.41,3500.0,910.27,0.189,0.419,0.134,0.0,22.5,TARGETED_EAST_OCCUPANCY_COOL,0.2053
4,High Occupancy / Low Computer Load,0,212,2120.0,34,8,9,9,8,10.13,1.9,LIGHT,60.51,12.87,1.5,LIGHT,63.34,10.9,1.74,LIGHT,61.23,9.15,1.17,IDLE,58.19,11.42,3.02,LIGHT,63.8,10.26,2.98,LIGHT,62.3,8.93,2.04,IDLE,59.22,10.44,3.6,LIGHT,63.45,8.64,2.74,IDLE,59.91,9.22,3.49,IDLE,61.76,27.59,58.0,189.4,0.25,22.0,COOLING,0.25,22.0,COOLING,0.25,22.0,COOLING,0.25,22.0,COOLING,22.561,22.621,22.658,22.409,22.562,22.658,22.409,0.249,243.27,126.1,122.67,121.67,680.0,765.0,765.0,680.0,179.23,225.32,271.87,229.86,-8.79,-5.59,-32.79,47.16,875.0,875.0,875.0,875.0,218.71,235.83,251.75,203.69,613.71,2890.0,906.28,3500.0,909.98,0.194,0.423,0.139,0.0,22.5,TARGETED_EAST_OCCUPANCY_COOL,0.2103
4,High Occupancy / Low Computer Load,0,213,2130.0,34,8,9,9,8,9.87,1.94,IDLE,60.25,10.53,1.32,LIGHT,60.14,11.46,2.41,LIGHT,62.94,8.7,3.68,IDLE,61.39,7.92,2.68,IDLE,58.92,9.54,2.94,IDLE,61.33,9.9,2.66,IDLE,61.37,10.97,1.77,LIGHT,61.37,10.06,3.25,LIGHT,62.45,7.35,2.46,IDLE,57.88,27.59,58.0,189.6,0.25,22.0,COOLING,0.25,22.0,COOLING,0.25,22.0,COOLING,0.25,22.0,COOLING,22.565,22.626,22.663,22.413,22.567,22.663,22.413,0.25,244.72,120.25,122.74,120.33,680.0,765.0,765.0,680.0,179.22,225.33,271.94,229.89,-8.67,-5.71,-32.92,47.29,875.0,875.0,875.0,875.0,220.27,229.87,251.76,202.51,608.04,2890.0,906.38,3500.0,904.41,0.198,0.428,0.143,0.0,22.5,TARGETED_EAST_OCCUPANCY_COOL,0.2154
4,High Occupancy / Low Computer Load,0,214,2140.0,34,8,9,9,8,12.86,3.06,LIGHT,65.67,7.46,3.59,IDLE,59.71,9.73,1.99,IDLE,60.15,12.96,1.63,LIGHT,63.65,9.06,1.5,IDLE,58.58,9.24,1.11,IDLE,58.21,11.8,2.45,LIGHT,63.42,11.58,3.33,LIGHT,64.47,12.27,2.12,LIGHT,63.52,12.16,1.3,LIGHT,62.15,27.59,58.0,189.7,0.25,22.0,COOLING,0.25,22.0,COOLING,0.25,22.0,COOLING,0.25,22.0,COOLING,22.57,22.631,22.668,22.417,22.572,22.668,22.417,0.251,249.18,116.79,127.89,125.67,680.0,765.0,765.0,680.0,179.18,225.29,271.92,229.87,-8.54,-5.84,-33.04,47.42,875.0,875.0,875.0,875.0,224.82,226.24,256.77,207.96,619.53,2890.0,906.26,3500.0,915.79,0.203,0.433,0.148,0.0,22.5,TARGETED_EAST_OCCUPANCY_COOL,0.2212
4,High Occupancy / Low Computer Load,0,215,2150.0,34,8,9,9,8,10.61,1.7,LIGHT,60.81,7.81,1.05,IDLE,56.34,10.83,2.83,LIGHT,62.78,7.77,1.94,IDLE,57.62,12.6,1.75,LIGHT,63.38,11.27,3.81,LIGHT,64.8,11.57,2.64,LIGHT,63.42,12.73,3.73,LIGHT,66.51,8.36,2.88,IDLE,59.77,7.78,1.32,IDLE,56.7,27.6,58.0,189.9,0.25,22.0,COOLING,0.25,22.0,COOLING,0.25,22.0,COOLING,0.25,22.0,COOLING,22.574,22.636,22.673,22.421,22.576,22.673,22.421,0.252,237.55,128.18,129.93,116.47,680.0,765.0,765.0,680.0,179.36,225.52,272.2,230.12,-8.65,-5.85,-33.15,47.65,875.0,875.0,875.0,875.0,213.26,237.85,258.98,199.24,612.13,2890.0,907.2,3500.0,909.33,0.207,0.439,0.152,0.0,22.5,TARGETED_EAST_OCCUPANCY_COOL,0.2276
4,High Occupancy / Low Computer Load,0,216,2160.0,34,8,9,9,8,9.27,3.03,IDLE,61.13,11.78,1.11,LIGHT,61.39,12.15,2.19,LIGHT,63.47,9.69,1.75,IDLE,59.74,8.61,3.57,IDLE,61.12,7.43,2.24,IDLE,57.65,10.99,2.52,LIGHT,62.52,11.31,1.53,LIGHT,61.43,12.14,3.19,LIGHT,64.96,9.53,3.43,IDLE,62.06,27.6,58.0,190.0,0.25,22.0,COOLING,0.25,22.0,COOLING,0.25,22.0,COOLING,0.25,22.0,COOLING,22.579,22.641,22.678,22.425,22.581,22.678,22.425,0.253,245.73,118.77,123.95,127.02,680.0,765.0,765.0,680.0,179.31,225.48,272.18,230.1,-8.53,-5.97,-33.27,47.78,875.0,875.0,875.0,875.0,221.51,228.28,252.86,209.9,615.47,2890.0,907.07,3500.0,912.55,0.212,0.441,0.157,0.0,22.5,TARGETED_EAST_OCCUPANCY_COOL,0.2317
4,High Occupancy / Low Computer Load,0,217,2170.0,34,8,9,9,8,9.71,1.36,IDLE,59.18,11.41,2.42,LIGHT,62.89,11.08,2.3,LIGHT,62.3,10.65,1.13,LIGHT,60.01,10.79,3.63,LIGHT,63.93,10.78,2.06,LIGHT,61.56,8.2,1.1,IDLE,56.9,7.07,3.99,IDLE,59.82,9.11,3.78,IDLE,62.06,7.03,3.66,IDLE,59.28,27.6,58.0,190.1,0.25,22.0,COOLING,0.25,22.0,COOLING,0.25,22.0,COOLING,0.25,22.0,COOLING,22.583,22.646,22.683,22.429,22.585,22.683,22.429,0.254,244.38,125.49,116.72,121.34,680.0,765.0,765.0,680.0,179.24,225.43,272.16,230.07,-8.64,-5.99,-33.39,48.01,875.0,875.0,875.0,875.0,219.98,234.93,245.49,204.42,607.93,2890.0,906.9,3500.0,904.82,0.217,0.446,0.16,0.0,22.5,TARGETED_EAST_OCCUPANCY_COOL,0.2369
4,High Occupancy / Low Computer Load,0,218,2180.0,34,8,9,9,8,11.05,2.6,LIGHT,62.71,9.73,1.98,IDLE,60.13,12.7,2.6,LIGHT,64.78,8.59,3.28,IDLE,60.66,12.54,3.13,LIGHT,65.37,9.26,3.49,IDLE,61.81,10.28,3.05,LIGHT,62.42,10.04,1.36,LIGHT,59.59,11.85,3.77,LIGHT,65.47,10.81,3.78,LIGHT,64.18,27.61,58.0,190.3,0.25,22.0,COOLING,0.25,22.0,COOLING,0.25,22.0,COOLING,0.25,22.0,COOLING,22.588,22.651,22.688,22.433,22.59,22.688,22.433,0.255,248.28,127.18,122.01,129.65,680.0,765.0,765.0,680.0,179.44,225.67,272.44,230.33,-8.51,-6.12,-33.51,48.14,875.0,875.0,875.0,875.0,224.21,236.73,250.94,213.12,627.12,2890.0,907.88,3500.0,925.0,0.222,0.451,0.166,0.0,22.5,TARGETED_EAST_OCCUPANCY_COOL,0.2432
4,High Occupancy / Low Computer Load,0,219,2190.0,34,8,9,9,8,7.26,3.4,IDLE,59.18,12.83,2.11,LIGHT,64.2,8.52,1.28,IDLE,57.57,8.06,2.34,IDLE,58.59,7.86,2.28,IDLE,58.25,12.0,2.23,LIGHT,63.34,8.43,3.4,IDLE,60.64,7.16,2.12,IDLE,57.13,10.55,3.39,LIGHT,63.27,11.58,2.16,LIGHT,62.72,27.61,58.0,190.4,0.25,22.0,COOLING,0.25,22.0,COOLING,0.25,22.0,COOLING,0.25,22.0,COOLING,22.592,22.656,22.693,22.437,22.595,22.693,22.437,0.256,239.54,121.59,117.77,125.99,680.0,765.0,765.0,680.0,179.37,225.62,272.42,230.31,-8.62,-6.13,-33.62,48.37,875.0,875.0,875.0,875.0,215.29,231.08,246.57,209.67,604.89,2890.0,907.72,3500.0,902.61,0.225,0.455,0.17,0.0,22.5,TARGETED_EAST_OCCUPANCY_COOL,0.2481
4,High Occupancy / Low Computer Load,0,220,2200.0,34,8,9,9,8,12.61,2.55,LIGHT,64.59,10.13,2.7,LIGHT,61.71,11.56,3.0,LIGHT,63.95,10.21,3.68,LIGHT,63.28,10.21,2.39,LIGHT,61.35,10.18,1.64,LIGHT,60.19,11.45,1.61,LIGHT,61.73,11.8,3.63,LIGHT,65.19,10.99,2.39,LIGHT,62.32,7.77,1.27,IDLE,56.62,27.61,58.0,190.6,0.25,22.0,COOLING,0.25,22.0,COOLING,0.25,22.0,COOLING,0.25,22.0,COOLING,22.597,22.661,22.698,22.441,22.599,22.698,22.441,0.257,253.53,121.54,126.92,118.94,680.0,765.0,765.0,680.0,179.36,225.63,272.49,230.34,-8.49,-6.25,-33.75,48.49,875.0,875.0,875.0,875.0,229.4,230.92,255.66,202.77,620.93,2890.0,907.82,3500.0,918.75,0.231,0.461,0.174,0.0,22.5,TARGETED_EAST_OCCUPANCY_COOL,0.2568
4,High Occupancy / Low Computer Load,0,221,2210.0,34,8,9,9,8,12.34,1.33,LIGHT,62.42,8.5,2.47,IDLE,59.33,9.72,2.33,IDLE,60.64,11.83,3.46,LIGHT,64.98,10.07,2.5,LIGHT,61.34,9.31,3.0,IDLE,61.14,11.95,3.07,LIGHT,64.54,9.71,1.35,IDLE,59.16,9.26,1.37,IDLE,58.63,10.63,1.24,LIGHT,60.15,27.61,58.0,190.7,0.25,22.0,COOLING,0.25,22.0,COOLING,0.25,22.0,COOLING,0.25,22.0,COOLING,22.602,22.666,22.703,22.445,22.604,22.703,22.445,0.258,247.37,122.48,123.7,118.78,680.0,765.0,765.0,680.0,179.29,225.59,272.47,230.32,-8.61,-6.27,-33.86,48.73,875.0,875.0,875.0,875.0,223.05,231.8,252.31,202.83,612.33,2890.0,907.67,3500.0,909.99,0.236,0.466,0.178,0.0,22.5,TARGETED_EAST_OCCUPANCY_COOL,0.2625
4,High Occupancy / Low Computer Load,0,222,2220.0,34,8,9,9,8,8.99,1.12,IDLE,57.92,10.23,1.08,LIGHT,59.41,10.28,3.23,LIGHT,62.69,11.3,3.22,LIGHT,63.95,12.41,3.16,LIGHT,65.25,12.98,1.67,LIGHT,63.73,10.74,2.9,LIGHT,62.77,10.56,3.42,LIGHT,63.33,7.68,2.15,IDLE,57.83,7.73,2.93,IDLE,59.06,27.62,58.0,190.8,0.25,22.0,COOLING,0.25,22.0,COOLING,0.25,22.0,COOLING,0.25,22.0,COOLING,22.606,22.671,22.708,22.449,22.608,22.708,22.449,0.259,243.97,128.98,126.1,116.89,680.0,765.0,765.0,680.0,179.44,225.76,272.67,230.51,-8.72,-6.29,-33.96,48.96,875.0,875.0,875.0,875.0,219.69,238.45,254.81,201.36,615.94,2890.0,908.38,3500.0,914.31,0.24,0.471,0.183,0.0,22.5,TARGETED_EAST_OCCUPANCY_COOL,0.2693
4,High Occupancy / Low Computer Load,0,223,2230.0,34,8,9,9,8,11.51,3.75,LIGHT,65.01,7.87,3.97,IDLE,60.79,11.9,2.34,LIGHT,63.38,11.3,2.67,LIGHT,63.13,8.8,2.81,IDLE,60.22,7.18,1.18,IDLE,55.75,7.6,1.07,IDLE,56.1,10.66,2.49,LIGHT,62.06,9.0,3.07,IDLE,60.85,12.13,2.46,LIGHT,63.85,27.62,58.0,191.0,0.25,22.0,COOLING,0.25,22.0,COOLING,0.25,22.0,COOLING,0.25,22.0,COOLING,22.611,22.676,22.713,22.453,22.613,22.713,22.453,0.26,252.31,115.97,118.16,124.7,680.0,765.0,765.0,680.0,179.42,225.78,272.73,230.56,-8.59,-6.41,-34.09,49.09,875.0,875.0,875.0,875.0,228.14,225.34,246.8,209.35,611.14,2890.0,908.49,3500.0,909.63,0.245,0.473,0.187,0.0,22.5,TARGETED_EAST_OCCUPANCY_COOL,0.274
4,High Occupancy / Low Computer Load,0,224,2240.0,34,8,9,9,8,11.84,2.65,LIGHT,63.77,9.86,2.07,IDLE,60.43,9.8,2.28,IDLE,60.67,7.84,1.01,IDLE,56.31,10.0,1.69,LIGHT,60.03,9.4,2.17,IDLE,60.01,11.48,2.95,LIGHT,63.78,11.39,2.77,LIGHT,63.39,7.74,3.06,IDLE,59.27,10.99,1.09,LIGHT,60.37,27.62,58.0,191.1,0.25,22.0,COOLING,0.25,22.0,COOLING,0.25,22.0,COOLING,0.25,22.0,COOLING,22.615,22.681,22.718,22.457,22.618,22.718,22.457,0.261,241.18,120.04,127.17,119.64,680.0,765.0,765.0,680.0,179.35,225.74,272.71,230.53,-8.7,-6.42,-34.2,49.33,875.0,875.0,875.0,875.0,216.83,229.36,255.68,204.5,608.03,2890.0,908.33,3500.0,906.37,0.249,0.48,0.192,0.0,22.5,TARGETED_EAST_OCCUPANCY_COOL,0.2817
4,High Occupancy / Low Computer Load,0,225,2250.0,34,8,9,9,8,9.86,1.37,IDLE,59.38,8.06,2.1,IDLE,58.23,7.38,1.75,IDLE,56.85,8.45,2.08,IDLE,58.68,12.27,1.65,LIGHT,62.81,8.6,1.99,IDLE,58.73,7.6,1.81,IDLE,57.22,10.46,3.39,LIGHT,63.16,7.82,3.58,IDLE,60.14,8.07,3.14,IDLE,59.8,27.62,58.0,191.2,0.25,22.0,COOLING,0.25,22.0,COOLING,0.25,22.0,COOLING,0.25,22.0,COOLING,22.619,22.686,22.723,22.461,22.622,22.723,22.461,0.262,233.14,121.54,120.38,119.94,680.0,765.0,765.0,680.0,179.31,225.69,272.69,230.5,-8.57,-6.55,-34.32,49.45,875.0,875.0,875.0,875.0,208.88,230.68,248.75,204.89,595.0,2890.0,908.19,3500.0,893.2,0.253,0.484,0.196,0.0,22.5,TARGETED_EAST_OCCUPANCY_COOL,0.2869
4,High Occupancy / Low Computer Load,0,226,2260.0,34,8,9,9,8,12.61,1.02,LIGHT,62.29,10.7,2.26,LIGHT,61.77,9.54,1.25,IDLE,58.8,8.04,1.56,IDLE,57.39,11.27,1.93,LIGHT,61.98,12.93,3.18,LIGHT,65.93,10.45,2.2,LIGHT,61.36,10.79,3.38,LIGHT,63.56,12.57,2.24,LIGHT,64.07,7.61,1.05,IDLE,56.09,27.63,58.0,191.4,0.25,22.0,COOLING,0.25,22.0,COOLING,0.25,22.0,COOLING,0.25,22.0,COOLING,22.623,22.691,22.728,22.465,22.627,22.728,22.465,0.263,240.25,127.91,124.92,120.16,680.0,765.0,765.0,680.0,179.51,225.92,272.97,230.75,-8.45,-6.68,-34.45,49.58,875.0,875.0,875.0,875.0,216.31,237.15,253.44,205.49,613.24,2890.0,909.15,3500.0,912.39,0.258,0.489,0.201,0.0,22.5,TARGETED_EAST_OCCUPANCY_COOL,0.2948
4,High Occupancy / Low Computer Load,0,227,2270.0,34,8,9,9,8,7.09,3.17,IDLE,58.62,7.36,2.52,IDLE,57.98,9.2,3.26,IDLE,61.39,9.86,3.44,IDLE,62.48,7.99,2.21,IDLE,58.3,12.44,3.22,LIGHT,65.38,11.43,1.13,LIGHT,60.98,8.93,1.44,IDLE,58.32,12.77,3.06,LIGHT,65.55,10.89,2.86,LIGHT,62.9,27.63,58.0,191.5,0.25,22.0,COOLING,0.25,22.0,COOLING,0.25,22.0,COOLING,0.25,22.0,COOLING,22.627,22.696,22.733,22.469,22.631,22.733,22.469,0.264,240.47,123.68,119.3,128.45,680.0,765.0,765.0,680.0,179.46,225.88,272.95,230.74,-8.33,-6.8,-34.58,49.7,875.0,875.0,875.0,875.0,216.6,232.76,247.67,213.89,611.9,2890.0,909.03,3500.0,910.92,0.262,0.492,0.205,0.0,22.5,TARGETED_EAST_OCCUPANCY_COOL,0.2998
4,High Occupancy / Low Computer Load,0,228,2280.0,34,8,9,9,8,12.42,1.86,LIGHT,63.31,9.2,1.2,IDLE,58.3,10.38,1.2,LIGHT,59.77,10.95,2.92,LIGHT,63.07,11.54,2.0,LIGHT,62.42,11.89,3.05,LIGHT,64.44,8.28,1.11,IDLE,57.02,11.67,2.65,LIGHT,63.56,11.73,2.75,LIGHT,63.79,8.29,3.5,IDLE,60.61,27.63,58.0,191.7,0.25,22.0,COOLING,0.25,22.0,COOLING,0.25,22.0,COOLING,0.25,22.0,COOLING,22.632,22.701,22.738,22.473,22.636,22.738,22.473,0.265,244.45,126.86,120.58,124.4,680.0,765.0,765.0,680.0,179.45,225.89,273.03,230.77,-8.2,-6.93,-34.7,49.82,875.0,875.0,875.0,875.0,220.7,235.82,248.91,209.99,616.29,2890.0,909.14,3500.0,915.42,0.267,0.498,0.21,0.0,22.5,TARGETED_EAST_OCCUPANCY_COOL,0.3079
4,High Occupancy / Low Computer Load,0,229,2290.0,34,8,9,9,8,7.4,1.27,IDLE,56.16,8.14,3.82,IDLE,60.9,7.24,2.24,IDLE,57.41,11.22,2.24,LIGHT,62.38,8.74,2.56,IDLE,59.77,7.61,2.26,IDLE,57.9,10.88,3.45,LIGHT,63.78,9.01,2.35,IDLE,59.79,11.27,3.63,LIGHT,64.53,11.39,1.3,LIGHT,61.19,27.64,58.0,191.8,0.25,22.0,COOLING,0.25,22.0,COOLING,0.25,22.0,COOLING,0.25,22.0,COOLING,22.636,22.706,22.743,22.477,22.64,22.743,22.477,0.266,236.85,117.67,123.57,125.72,680.0,765.0,765.0,680.0,179.59,226.07,273.21,230.97,-8.31,-6.94,-34.81,50.06,875.0,875.0,875.0,875.0,213.13,226.8,251.97,211.75,603.81,2890.0,909.84,3500.0,903.65,0.271,0.502,0.214,0.0,22.5,TARGETED_EAST_OCCUPANCY_COOL,0.3144
4,High Occupancy / Low Computer Load,0,230,2300.0,34,8,9,9,8,10.63,1.28,LIGHT,60.21,8.36,3.98,IDLE,61.42,7.7,2.33,IDLE,58.12,12.98,1.47,LIGHT,63.43,7.91,2.12,IDLE,58.07,12.26,2.13,LIGHT,63.52,8.97,2.63,IDLE,60.16,11.6,2.1,LIGHT,62.65,9.84,1.53,IDLE,59.59,12.79,2.93,LIGHT,65.38,27.64,58.0,191.9,0.25,22.0,COOLING,0.25,22.0,COOLING,0.25,22.0,COOLING,0.25,22.0,COOLING,22.64,22.711,22.748,22.481,22.645,22.748,22.481,0.267,243.18,121.59,122.81,124.97,680.0,765.0,765.0,680.0,179.55,226.02,273.2,230.94,-8.18,-7.07,-34.93,50.18,875.0,875.0,875.0,875.0,219.55,230.54,251.08,211.09,612.55,2890.0,909.71,3500.0,912.26,0.276,0.507,0.219,0.0,22.5,TARGETED_EAST_OCCUPANCY_COOL,0.3219
4,High Occupancy / Low Computer Load,0,231,2310.0,34,8,9,9,8,11.18,1.46,LIGHT,61.16,7.83,1.79,IDLE,57.47,9.42,3.61,IDLE,62.19,8.82,3.07,IDLE,60.63,11.76,3.48,LIGHT,64.92,7.93,2.16,IDLE,58.15,11.22,3.38,LIGHT,64.09,12.9,3.05,LIGHT,65.7,12.82,2.32,LIGHT,64.51,7.98,2.5,IDLE,58.73,27.64,58.0,192.1,0.25,22.0,COOLING,0.25,22.0,COOLING,0.25,22.0,COOLING,0.25,22.0,COOLING,22.644,22.716,22.753,22.485,22.649,22.753,22.485,0.268,241.45,123.07,129.79,123.24,680.0,765.0,765.0,680.0,179.54,226.03,273.27,230.98,-8.06,-7.19,-35.06,50.31,875.0,875.0,875.0,875.0,217.93,231.91,258.0,209.53,617.55,2890.0,909.82,3500.0,917.37,0.28,0.513,0.223,0.0,22.5,TARGETED_EAST_OCCUPANCY_COOL,0.3302
4,High Occupancy / Low Computer Load,0,232,2320.0,34,8,9,9,8,7.34,2.35,IDLE,57.7,11.19,2.74,LIGHT,63.1,12.76,2.75,LIGHT,65.08,9.35,3.47,IDLE,61.89,9.84,2.51,IDLE,61.06,11.05,1.8,LIGHT,61.51,7.47,3.66,IDLE,59.83,10.46,3.66,LIGHT,63.57,9.33,3.23,IDLE,61.51,7.74,2.15,IDLE,57.9,27.64,58.0,192.2,0.25,22.0,COOLING,0.25,22.0,COOLING,0.25,22.0,COOLING,0.25,22.0,COOLING,22.649,22.721,22.758,22.489,22.654,22.758,22.489,0.269,247.77,122.57,123.4,119.41,680.0,765.0,765.0,680.0,179.49,225.99,273.24,230.95,-7.93,-7.32,-35.18,50.43,875.0,875.0,875.0,875.0,224.33,231.24,251.46,205.79,613.15,2890.0,909.67,3500.0,912.82,0.285,0.517,0.227,0.0,22.5,TARGETED_EAST_OCCUPANCY_COOL,0.3375
4,High Occupancy / Low Computer Load,0,233,2330.0,34,8,9,9,8,11.62,1.71,LIGHT,62.09,11.48,1.03,LIGHT,60.9,11.45,3.9,LIGHT,65.16,7.37,3.2,IDLE,59.01,12.78,3.33,LIGHT,65.97,7.21,3.33,IDLE,59.01,12.17,3.66,LIGHT,65.7,7.45,3.24,IDLE,59.17,9.17,1.81,IDLE,59.18,12.04,1.92,LIGHT,62.93,27.65,58.0,192.4,0.25,22.0,COOLING,0.25,22.0,COOLING,0.25,22.0,COOLING,0.25,22.0,COOLING,22.654,22.726,22.763,22.493,22.659,22.763,22.493,0.27,247.16,124.98,124.87,122.11,680.0,765.0,765.0,680.0,179.67,226.22,273.53,231.21,-8.05,-7.33,-35.29,50.67,875.0,875.0,875.0,875.0,223.78,233.87,253.11,208.99,619.12,2890.0,910.63,3500.0,919.75,0.29,0.522,0.232,0.0,22.5,TARGETED_EAST_OCCUPANCY_COOL,0.3455
4,High Occupancy / Low Computer Load,0,234,2340.0,34,8,9,9,8,7.02,2.58,IDLE,57.64,8.49,1.99,IDLE,58.6,10.37,3.52,LIGHT,63.24,10.21,3.96,LIGHT,63.7,12.86,1.72,LIGHT,63.66,12.42,3.82,LIGHT,66.25,12.31,3.32,LIGHT,65.37,9.43,2.72,IDLE,60.87,10.13,1.43,LIGHT,59.81,7.36,2.47,IDLE,57.91,27.65,58.0,192.5,0.25,22.0,COOLING,0.25,22.0,COOLING,0.25,22.0,COOLING,0.25,22.0,COOLING,22.658,22.731,22.768,22.497,22.663,22.768,22.497,0.271,243.18,129.91,126.24,117.72,680.0,765.0,765.0,680.0,179.6,226.18,273.51,231.19,-8.16,-7.34,-35.41,50.91,875.0,875.0,875.0,875.0,219.62,238.75,254.34,204.82,617.05,2890.0,910.48,3500.0,917.53,0.294,0.528,0.235,0.002,22.5,TARGETED_EAST_OCCUPANCY_COOL,0.3536
4,High Occupancy / Low Computer Load,0,235,2350.0,34,8,9,9,8,8.3,2.11,IDLE,58.54,8.33,2.98,IDLE,59.88,9.79,2.93,IDLE,61.63,11.85,2.43,LIGHT,63.46,10.53,3.38,LIGHT,63.23,7.88,2.9,IDLE,59.2,11.34,1.81,LIGHT,61.89,8.86,1.36,IDLE,58.12,9.01,2.83,IDLE,60.51,11.97,2.31,LIGHT,63.43,27.65,58.0,192.6,0.25,22.0,COOLING,0.25,22.0,COOLING,0.25,22.0,COOLING,0.25,22.0,COOLING,22.662,22.736,22.773,22.501,22.668,22.773,22.501,0.272,243.51,122.43,120.01,123.94,680.0,765.0,765.0,680.0,179.55,226.14,273.48,231.17,-8.03,-7.47,-35.53,51.03,875.0,875.0,875.0,875.0,220.03,231.1,247.96,211.14,609.89,2890.0,910.34,3500.0,910.23,0.298,0.531,0.239,0.006,22.5,TARGETED_EAST_OCCUPANCY_COOL,0.3594
4,High Occupancy / Low Computer Load,0,236,2360.0,34,8,9,9,8,10.3,2.53,LIGHT,61.67,7.14,1.11,IDLE,55.59,7.9,3.07,IDLE,59.48,12.11,2.2,LIGHT,63.44,8.13,1.69,IDLE,57.7,8.02,2.16,IDLE,58.27,10.74,3.8,LIGHT,64.12,12.12,2.17,LIGHT,63.41,10.31,3.54,LIGHT,63.2,12.14,1.72,LIGHT,62.75,27.66,58.0,192.8,0.25,22.0,COOLING,0.25,22.0,COOLING,0.25,22.0,COOLING,0.25,22.0,COOLING,22.666,22.741,22.778,22.505,22.672,22.778,22.505,0.273,240.18,115.97,127.53,125.95,680.0,765.0,765.0,680.0,179.76,226.37,273.77,231.42,-7.9,-7.6,-35.65,51.15,875.0,875.0,875.0,875.0,217.04,224.74,255.65,213.52,609.63,2890.0,911.32,3500.0,910.95,0.301,0.537,0.244,0.008,22.5,TARGETED_EAST_OCCUPANCY_COOL,0.3676
4,High Occupancy / Low Computer Load,0,237,2370.0,34,8,9,9,8,11.41,3.13,LIGHT,63.96,7.35,2.54,IDLE,58.0,9.73,3.18,IDLE,61.93,10.71,2.6,LIGHT,62.29,11.42,3.25,LIGHT,64.15,7.85,1.48,IDLE,57.03,9.57,1.46,IDLE,59.15,10.48,2.82,LIGHT,62.33,12.64,2.26,LIGHT,64.19,10.54,2.49,LIGHT,61.91,27.66,58.0,192.9,0.25,22.0,COOLING,0.25,22.0,COOLING,0.25,22.0,COOLING,0.25,22.0,COOLING,22.671,22.746,22.783,22.509,22.677,22.783,22.509,0.274,246.18,121.18,121.48,126.1,680.0,765.0,765.0,680.0,179.71,226.32,273.75,231.39,-7.78,-7.72,-35.78,51.28,875.0,875.0,875.0,875.0,223.11,229.78,249.45,213.77,614.94,2890.0,911.17,3500.0,916.11,0.306,0.541,0.248,0.013,22.5,TARGETED_EAST_OCCUPANCY_COOL,0.3755
4,High Occupancy / Low Computer Load,0,238,2380.0,34,8,9,9,8,8.3,3.52,IDLE,60.66,10.26,2.47,LIGHT,61.53,12.74,2.26,LIGHT,64.31,10.33,1.61,LIGHT,60.33,10.03,3.13,LIGHT,62.23,11.07,2.49,LIGHT,62.57,11.96,1.26,LIGHT,61.84,7.67,2.6,IDLE,58.49,9.4,2.21,IDLE,60.06,9.65,3.33,IDLE,62.06,27.66,58.0,193.1,0.25,22.0,COOLING,0.25,22.0,COOLING,0.25,22.0,COOLING,0.25,22.0,COOLING,22.676,22.751,22.788,22.513,22.682,22.788,22.513,0.275,246.83,124.8,120.33,122.12,680.0,765.0,765.0,680.0,179.67,226.34,273.82,231.44,-7.89,-7.73,-35.89,51.51,875.0,875.0,875.0,875.0,223.61,233.41,248.26,210.07,614.08,2890.0,911.27,3500.0,915.35,0.311,0.546,0.251,0.016,22.5,TARGETED_EAST_OCCUPANCY_COOL,0.3843
4,High Occupancy / Low Computer Load,0,239,2390.0,34,8,9,9,8,9.5,2.36,IDLE,60.41,11.91,1.94,LIGHT,62.8,10.17,3.14,LIGHT,62.42,12.75,1.8,LIGHT,63.64,8.83,1.33,IDLE,58.03,7.36,3.05,IDLE,58.78,11.88,4.0,LIGHT,65.85,7.9,3.74,IDLE,60.48,7.83,2.66,IDLE,58.78,9.21,3.75,IDLE,62.14,27.66,58.0,193.2,0.25,22.0,COOLING,0.25,22.0,COOLING,0.25,22.0,COOLING,0.25,22.0,COOLING,22.681,22.756,22.793,22.517,22.687,22.793,22.517,0.276,249.27,116.81,126.33,120.92,680.0,765.0,765.0,680.0,179.61,226.29,273.8,231.41,-8.0,-7.75,-36.0,51.75,875.0,875.0,875.0,875.0,225.88,225.35,254.13,209.08,613.33,2890.0,911.11,3500.0,914.44,0.315,0.552,0.256,0.018,22.5,TARGETED_EAST_OCCUPANCY_COOL,0.3935
4,High Occupancy / Low Computer Load,0,240,2400.0,34,8,9,9,8,8.23,2.13,IDLE,58.48,9.26,2.03,IDLE,59.62,10.4,2.11,LIGHT,61.16,11.56,1.17,LIGHT,61.21,9.42,1.95,IDLE,59.7,8.21,2.92,IDLE,59.64,9.27,1.72,IDLE,59.17,8.21,1.49,IDLE,57.5,9.87,1.85,IDLE,60.11,9.13,1.05,IDLE,57.99,27.67,58.0,193.3,0.25,22.0,COOLING,0.25,22.0,COOLING,0.25,22.0,COOLING,0.25,22.0,COOLING,22.685,22.761,22.798,22.521,22.691,22.798,22.521,0.277,240.47,119.34,116.67,118.1,680.0,765.0,765.0,680.0,179.75,226.46,274.0,231.6,-8.11,-7.77,-36.11,51.99,875.0,875.0,875.0,875.0,217.11,228.03,244.56,206.69,594.58,2890.0,911.81,3500.0,896.39,0.319,0.556,0.259,0.021,22.5,TARGETED_EAST_OCCUPANCY_COOL,0.4
4,High Occupancy / Low Computer Load,0,241,2410.0,34,8,9,9,8,8.27,2.98,IDLE,59.81,10.51,2.9,LIGHT,62.49,9.99,3.43,IDLE,62.63,9.24,1.4,IDLE,58.65,7.33,3.01,IDLE,58.68,12.93,1.61,LIGHT,63.58,11.59,1.55,LIGHT,61.81,10.0,1.12,LIGHT,59.18,12.36,1.85,LIGHT,63.23,9.48,2.19,IDLE,60.13,27.67,58.0,193.5,0.25,22.0,COOLING,0.25,22.0,COOLING,0.25,22.0,COOLING,0.25,22.0,COOLING,22.689,22.766,22.803,22.525,22.696,22.803,22.525,0.278,243.58,122.26,120.99,123.36,680.0,765.0,765.0,680.0,179.74,226.48,274.06,231.64,-7.98,-7.89,-36.23,52.11,875.0,875.0,875.0,875.0,220.34,230.85,248.82,212.11,610.19,2890.0,911.92,3500.0,912.12,0.323,0.561,0.263,0.025,22.5,TARGETED_EAST_OCCUPANCY_COOL,0.4089
4,High Occupancy / Low Computer Load,0,242,2420.0,34,8,9,9,8,8.16,2.04,IDLE,58.26,10.7,1.34,LIGHT,60.38,11.59,3.53,LIGHT,64.78,8.23,3.96,IDLE,61.23,12.75,1.17,LIGHT,62.69,8.64,1.21,IDLE,57.61,11.85,3.24,LIGHT,64.67,8.2,1.39,IDLE,57.34,9.87,3.5,IDLE,62.59,10.11,3.17,LIGHT,62.39,27.67,58.0,193.6,0.25,22.0,COOLING,0.25,22.0,COOLING,0.25,22.0,COOLING,0.25,22.0,COOLING,22.694,22.771,22.808,22.529,22.7,22.808,22.529,0.279,244.65,120.3,122.01,124.98,680.0,765.0,765.0,680.0,179.69,226.44,274.04,231.62,-7.86,-8.01,-36.36,52.24,875.0,875.0,875.0,875.0,221.48,228.73,249.69,213.84,611.94,2890.0,911.79,3500.0,913.74,0.327,0.566,0.268,0.028,22.5,TARGETED_EAST_OCCUPANCY_COOL,0.4177
4,High Occupancy / Low Computer Load,0,243,2430.0,34,8,9,9,8,7.3,3.47,IDLE,59.33,11.06,2.16,LIGHT,62.07,11.19,3.31,LIGHT,63.95,8.96,2.33,IDLE,59.7,10.31,1.6,LIGHT,60.29,12.96,2.49,LIGHT,64.94,9.65,1.27,IDLE,58.97,8.99,2.53,IDLE,60.03,9.95,3.39,IDLE,62.52,10.39,3.39,LIGHT,63.07,27.68,58.0,193.8,0.25,22.0,COOLING,0.25,22.0,COOLING,0.25,22.0,COOLING,0.25,22.0,COOLING,22.699,22.776,22.813,22.533,22.705,22.813,22.533,0.28,245.05,125.23,119.0,125.59,680.0,765.0,765.0,680.0,179.87,226.66,274.32,231.87,-7.97,-8.03,-36.47,52.47,875.0,875.0,875.0,875.0,221.95,233.86,246.85,214.93,614.87,2890.0,912.72,3500.0,917.59,0.332,0.571,0.271,0.032,22.5,TARGETED_EAST_OCCUPANCY_COOL,0.4264
4,High Occupancy / Low Computer Load,0,244,2440.0,34,8,9,9,8,10.68,1.65,LIGHT,60.83,9.66,1.32,IDLE,59.05,9.02,1.01,IDLE,57.79,11.66,2.84,LIGHT,63.84,8.84,3.61,IDLE,61.46,10.81,2.07,LIGHT,61.62,12.0,3.79,LIGHT,65.69,8.52,2.54,IDLE,59.46,10.06,1.49,LIGHT,59.81,12.63,2.51,LIGHT,64.55,27.68,58.0,193.9,0.25,22.0,COOLING,0.25,22.0,COOLING,0.25,22.0,COOLING,0.25,22.0,COOLING,22.703,22.781,22.818,22.537,22.71,22.818,22.537,0.281,241.51,123.08,125.15,124.36,680.0,765.0,765.0,680.0,179.8,226.63,274.3,231.85,-8.08,-8.04,-36.58,52.7,875.0,875.0,875.0,875.0,218.23,231.67,252.87,213.91,614.1,2890.0,912.58,3500.0,916.68,0.336,0.577,0.276,0.034,22.5,TARGETED_EAST_OCCUPANCY_COOL,0.4357
4,High Occupancy / Low Computer Load,0,245,2450.0,34,8,9,9,8,9.4,3.31,IDLE,61.72,12.22,3.01,LIGHT,64.79,12.68,3.16,LIGHT,65.59,12.6,1.4,LIGHT,62.85,10.92,1.06,LIGHT,60.24,7.47,2.95,IDLE,58.76,10.19,3.25,LIGHT,62.61,8.95,1.63,IDLE,58.63,9.14,1.77,IDLE,59.08,11.41,2.76,LIGHT,63.4,27.68,58.0,194.0,0.25,22.0,COOLING,0.25,22.0,COOLING,0.25,22.0,COOLING,0.25,22.0,COOLING,22.708,22.786,22.823,22.541,22.715,22.823,22.541,0.282,254.95,119.0,121.24,122.48,680.0,765.0,765.0,680.0,179.76,226.58,274.28,231.82,-7.96,-8.17,-36.71,52.83,875.0,875.0,875.0,875.0,231.75,227.41,248.81,212.13,617.67,2890.0,912.44,3500.0,920.1,0.341,0.582,0.279,0.038,22.5,TARGETED_EAST_OCCUPANCY_COOL,0.445
4,High Occupancy / Low Computer Load,0,246,2460.0,34,8,9,9,8,7.2,1.43,IDLE,56.15,10.32,1.2,LIGHT,59.7,9.15,2.63,IDLE,60.38,11.02,1.66,LIGHT,61.27,12.03,1.98,LIGHT,63.01,7.15,3.09,IDLE,58.57,11.17,3.17,LIGHT,63.72,12.74,1.88,LIGHT,63.75,11.82,1.3,LIGHT,61.73,10.02,2.06,LIGHT,60.61,27.68,58.0,194.2,0.25,22.0,COOLING,0.25,22.0,COOLING,0.25,22.0,COOLING,0.25,22.0,COOLING,22.712,22.791,22.828,22.545,22.719,22.828,22.545,0.283,237.5,121.58,127.47,122.34,680.0,765.0,765.0,680.0,179.73,226.6,274.35,231.87,-8.06,-8.19,-36.81,53.06,875.0,875.0,875.0,875.0,214.17,229.99,255.01,212.27,608.89,2890.0,912.55,3500.0,911.44,0.344,0.588,0.284,0.04,22.5,TARGETED_EAST_OCCUPANCY_COOL,0.4539
4,High Occupancy / Low Computer Load,0,247,2470.0,34,8,9,9,8,11.95,2.31,LIGHT,63.4,9.22,2.52,IDLE,60.3,9.3,1.52,IDLE,58.91,7.94,1.65,IDLE,57.4,10.93,2.66,LIGHT,62.65,7.88,3.11,IDLE,59.52,9.58,1.58,IDLE,59.34,10.84,2.84,LIGHT,62.81,12.85,2.32,LIGHT,64.54,8.7,2.47,IDLE,59.58,27.69,58.0,194.3,0.25,22.0,COOLING,0.25,22.0,COOLING,0.25,22.0,COOLING,0.25,22.0,COOLING,22.716,22.796,22.833,22.549,22.724,22.833,22.549,0.284,240.01,122.17,122.15,124.12,680.0,765.0,765.0,680.0,179.89,226.77,274.54,232.06,-7.94,-8.31,-36.94,53.19,875.0,875.0,875.0,875.0,216.96,230.63,249.75,214.37,608.45,2890.0,913.26,3500.0,911.71,0.348,0.592,0.287,0.044,22.5,TARGETED_EAST_OCCUPANCY_COOL,0.462
4,High Occupancy / Low Computer Load,0,248,2480.0,34,8,9,9,8,7.87,3.19,IDLE,59.62,13.0,3.85,LIGHT,67.03,11.56,1.97,LIGHT,62.41,12.29,3.96,LIGHT,66.3,8.79,3.89,IDLE,61.82,8.49,2.9,IDLE,59.96,8.54,1.31,IDLE,57.64,10.13,1.06,LIGHT,59.25,10.61,3.18,LIGHT,63.03,10.92,2.43,LIGHT,62.3,27.69,58.0,194.4,0.25,22.0,COOLING,0.25,22.0,COOLING,0.25,22.0,COOLING,0.25,22.0,COOLING,22.721,22.801,22.838,22.553,22.728,22.838,22.553,0.285,255.36,121.78,116.89,125.33,680.0,765.0,765.0,680.0,179.84,226.72,274.53,232.03,-7.82,-8.43,-37.06,53.32,875.0,875.0,875.0,875.0,232.38,230.07,244.36,215.68,619.36,2890.0,913.12,3500.0,922.49,0.353,0.596,0.291,0.048,22.5,TARGETED_EAST_OCCUPANCY_COOL,0.4715
4,High Occupancy / Low Computer Load,0,249,2490.0,34,8,9,9,8,12.03,2.03,LIGHT,63.08,11.54,1.6,LIGHT,61.82,10.55,3.84,LIGHT,63.95,11.86,4.0,LIGHT,65.83,11.49,1.67,LIGHT,61.87,7.61,2.53,IDLE,58.31,11.98,1.36,LIGHT,62.02,11.62,2.73,LIGHT,63.62,7.76,3.43,IDLE,59.85,8.97,1.37,IDLE,58.27,27.69,58.0,194.6,0.25,22.0,COOLING,0.25,22.0,COOLING,0.25,22.0,COOLING,0.25,22.0,COOLING,22.726,22.806,22.843,22.557,22.733,22.843,22.557,0.286,254.68,120.18,125.64,118.12,680.0,765.0,765.0,680.0,179.8,226.73,274.59,232.07,-7.93,-8.45,-37.18,53.55,875.0,875.0,875.0,875.0,231.55,228.46,253.05,208.74,618.62,2890.0,913.19,3500.0,921.8,0.358,0.603,0.295,0.05,22.5,TARGETED_EAST_OCCUPANCY_COOL,0.4829
4,High Occupancy / Low Computer Load,0,250,2500.0,34,8,9,9,8,9.29,2.39,IDLE,60.2,8.27,3.7,IDLE,60.89,8.88,1.37,IDLE,58.16,9.48,1.03,IDLE,58.4,11.39,1.39,LIGHT,61.32,12.85,3.75,LIGHT,66.69,11.46,2.7,LIGHT,63.38,12.68,1.14,LIGHT,62.56,11.1,1.75,LIGHT,61.5,11.52,3.31,LIGHT,64.36,27.69,58.0,194.7,0.25,22.0,COOLING,0.25,22.0,COOLING,0.25,22.0,COOLING,0.25,22.0,COOLING,22.73,22.811,22.848,22.561,22.738,22.848,22.561,0.287,237.65,128.01,125.94,125.86,680.0,765.0,765.0,680.0,179.74,226.7,274.57,232.05,-8.03,-8.47,-37.29,53.79,875.0,875.0,875.0,875.0,214.36,236.24,253.22,216.7,617.46,2890.0,913.06,3500.0,920.52,0.361,0.608,0.3,0.053,22.5,TARGETED_EAST_OCCUPANCY_COOL,0.491
4,High Occupancy / Low Computer Load,0,251,2510.0,34,8,9,9,8,9.22,2.49,IDLE,60.26,9.65,2.34,IDLE,60.57,12.59,2.75,LIGHT,64.86,7.49,1.91,IDLE,57.23,8.71,2.27,IDLE,59.29,10.82,2.61,LIGHT,62.44,9.16,2.07,IDLE,59.55,7.06,1.3,IDLE,55.78,9.72,3.2,IDLE,61.95,11.58,2.86,LIGHT,63.77,27.7,58.0,194.9,0.25,22.0,COOLING,0.25,22.0,COOLING,0.25,22.0,COOLING,0.25,22.0,COOLING,22.734,22.816,22.853,22.565,22.742,22.853,22.565,0.288,242.92,121.73,115.33,125.72,680.0,765.0,765.0,680.0,179.94,226.92,274.86,232.3,-7.91,-8.59,-37.41,53.91,875.0,875.0,875.0,875.0,219.95,230.06,242.78,216.93,605.7,2890.0,914.02,3500.0,909.72,0.365,0.611,0.303,0.057,22.5,TARGETED_EAST_OCCUPANCY_COOL,0.4985
4,High Occupancy / Low Computer Load,0,252,2520.0,34,8,9,9,8,7.58,2.6,IDLE,58.38,11.54,1.29,LIGHT,61.36,9.34,2.23,IDLE,60.02,10.33,1.51,LIGHT,60.18,7.1,2.11,IDLE,57.04,7.75,1.53,IDLE,56.98,8.21,2.32,IDLE,58.74,7.62,3.14,IDLE,59.23,7.25,3.45,IDLE,59.24,9.88,2.7,IDLE,61.4,27.7,58.0,195.0,0.25,22.0,COOLING,0.25,22.0,COOLING,0.25,22.0,COOLING,0.25,22.0,COOLING,22.738,22.821,22.858,22.569,22.747,22.858,22.569,0.289,239.94,114.02,117.97,120.64,680.0,765.0,765.0,680.0,179.89,226.89,274.83,232.28,-7.79,-8.71,-37.54,54.04,875.0,875.0,875.0,875.0,217.04,222.2,245.26,211.96,592.57,2890.0,913.89,3500.0,896.46,0.368,0.617,0.307,0.059,22.5,TARGETED_EAST_OCCUPANCY_COOL,0.5081
4,High Occupancy / Low Computer Load,0,253,2530.0,34,8,9,9,8,8.05,3.63,IDLE,60.51,7.42,3.65,IDLE,59.75,8.16,2.03,IDLE,58.25,8.18,3.6,IDLE,60.62,10.46,2.38,LIGHT,61.65,9.38,3.42,IDLE,61.86,8.14,2.35,IDLE,58.7,8.73,1.55,IDLE,58.24,7.94,2.69,IDLE,58.96,9.66,2.45,IDLE,60.75,27.7,58.0,195.1,0.25,22.0,COOLING,0.25,22.0,COOLING,0.25,22.0,COOLING,0.25,22.0,COOLING,22.742,22.826,22.863,22.573,22.751,22.863,22.573,0.29,239.13,123.51,116.94,119.71,680.0,765.0,765.0,680.0,179.84,226.84,274.81,232.26,-7.66,-8.84,-37.66,54.16,875.0,875.0,875.0,875.0,216.31,231.51,244.09,211.13,599.29,2890.0,913.75,3500.0,903.04,0.373,0.622,0.311,0.062,22.5,TARGETED_EAST_OCCUPANCY_COOL,0.518
4,High Occupancy / Low Computer Load,0,254,2540.0,34,8,9,9,8,10.03,2.88,LIGHT,61.86,7.66,1.95,IDLE,57.5,11.98,1.01,LIGHT,61.49,10.94,2.18,LIGHT,61.95,9.53,1.18,IDLE,58.68,7.55,1.39,IDLE,56.52,10.84,2.78,LIGHT,62.72,7.36,3.61,IDLE,59.62,7.58,3.94,IDLE,60.38,11.9,3.25,LIGHT,64.75,27.71,58.0,195.3,0.25,22.0,COOLING,0.25,22.0,COOLING,0.25,22.0,COOLING,0.25,22.0,COOLING,22.746,22.831,22.868,22.577,22.755,22.868,22.577,0.291,242.8,115.2,122.34,125.13,680.0,765.0,765.0,680.0,180.05,227.07,275.1,232.51,-7.54,-8.97,-37.78,54.28,875.0,875.0,875.0,875.0,220.31,223.3,249.66,216.92,605.47,2890.0,914.73,3500.0,910.19,0.377,0.627,0.316,0.065,22.5,TARGETED_EAST_OCCUPANCY_COOL,0.528
4,High Occupancy / Low Computer Load,0,255,2550.0,34,8,9,9,8,7.03,3.01,IDLE,58.3,7.6,3.25,IDLE,59.38,12.26,1.68,LIGHT,62.85,9.62,1.38,IDLE,59.09,7.67,1.96,IDLE,57.53,11.11,2.95,LIGHT,63.31,8.2,2.01,IDLE,58.27,7.84,2.89,IDLE,59.13,9.19,1.72,IDLE,59.07,12.77,3.52,LIGHT,66.24,27.71,58.0,195.4,0.25,22.0,COOLING,0.25,22.0,COOLING,0.25,22.0,COOLING,0.25,22.0,COOLING,22.75,22.836,22.873,22.581,22.76,22.873,22.581,0.292,239.62,120.84,117.4,125.31,680.0,765.0,765.0,680.0,180.0,227.02,275.07,232.48,-7.41,-9.09,-37.91,54.41,875.0,875.0,875.0,875.0,217.21,228.77,244.56,217.2,603.17,2890.0,914.57,3500.0,907.74,0.381,0.632,0.319,0.068,22.5,TARGETED_EAST_OCCUPANCY_COOL,0.5369
4,High Occupancy / Low Computer Load,0,256,2560.0,34,8,9,9,8,12.08,2.21,LIGHT,63.41,12.3,1.75,LIGHT,63.0,12.29,2.84,LIGHT,64.62,7.65,3.8,IDLE,60.26,7.76,2.66,IDLE,58.69,10.63,3.74,LIGHT,63.9,7.81,3.12,IDLE,59.44,8.0,1.7,IDLE,57.55,8.53,2.98,IDLE,60.13,11.77,2.65,LIGHT,63.69,27.71,58.0,195.6,0.25,22.0,COOLING,0.25,22.0,COOLING,0.25,22.0,COOLING,0.25,22.0,COOLING,22.755,22.841,22.878,22.585,22.765,22.878,22.585,0.293,251.29,122.59,116.99,123.82,680.0,765.0,765.0,680.0,179.99,227.04,275.15,232.52,-7.29,-9.21,-38.04,54.54,875.0,875.0,875.0,875.0,228.99,230.42,244.1,215.88,614.69,2890.0,914.7,3500.0,919.39,0.386,0.637,0.323,0.072,22.5,TARGETED_EAST_OCCUPANCY_COOL,0.5483
4,High Occupancy / Low Computer Load,0,257,2570.0,34,8,9,9,8,9.9,3.78,IDLE,63.05,12.31,1.96,LIGHT,63.33,10.98,2.62,LIGHT,62.66,7.13,1.58,IDLE,56.28,12.15,2.4,LIGHT,63.79,7.99,2.09,IDLE,58.12,8.79,3.3,IDLE,60.94,9.19,2.41,IDLE,60.1,7.6,2.59,IDLE,58.38,7.82,2.7,IDLE,58.83,27.71,58.0,195.7,0.25,22.0,COOLING,0.25,22.0,COOLING,0.25,22.0,COOLING,0.25,22.0,COOLING,22.76,22.846,22.883,22.589,22.77,22.883,22.589,0.294,245.32,121.91,121.04,117.21,680.0,765.0,765.0,680.0,179.92,226.99,275.13,232.5,-7.39,-9.23,-38.14,54.77,875.0,875.0,875.0,875.0,222.85,229.67,248.03,209.48,605.48,2890.0,914.54,3500.0,910.03,0.39,0.643,0.327,0.074,22.5,TARGETED_EAST_OCCUPANCY_COOL,0.5595
4,High Occupancy / Low Computer Load,0,258,2580.0,34,8,9,9,8,9.55,3.97,IDLE,62.89,8.21,1.61,IDLE,57.68,9.95,1.28,IDLE,59.36,9.88,3.5,IDLE,62.6,11.02,1.07,LIGHT,60.38,8.25,1.71,IDLE,57.88,7.75,2.15,IDLE,57.91,7.04,1.77,IDLE,56.45,8.4,3.68,IDLE,61.02,8.36,1.7,IDLE,58.0,27.72,58.0,195.8,0.25,22.0,COOLING,0.25,22.0,COOLING,0.25,22.0,COOLING,0.25,22.0,COOLING,22.764,22.851,22.888,22.593,22.774,22.888,22.593,0.295,242.53,118.26,114.36,119.02,680.0,765.0,765.0,680.0,180.06,227.17,275.32,232.7,-7.51,-9.24,-38.25,55.01,875.0,875.0,875.0,875.0,220.08,226.19,241.43,211.73,594.17,2890.0,915.25,3500.0,899.43,0.394,0.647,0.331,0.078,22.5,TARGETED_EAST_OCCUPANCY_COOL,0.5678
4,High Occupancy / Low Computer Load,0,259,2590.0,34,8,9,9,8,12.36,1.99,LIGHT,63.44,7.74,3.64,IDLE,60.13,7.96,2.6,IDLE,58.85,8.09,2.27,IDLE,58.52,9.09,2.47,IDLE,60.07,11.18,2.78,LIGHT,63.15,10.78,2.36,LIGHT,62.02,7.96,1.45,IDLE,57.12,12.7,1.82,LIGHT,63.6,7.27,3.23,IDLE,58.93,27.72,58.0,196.0,0.25,22.0,COOLING,0.25,22.0,COOLING,0.25,22.0,COOLING,0.25,22.0,COOLING,22.768,22.856,22.893,22.597,22.779,22.893,22.597,0.296,240.94,123.22,119.14,122.53,680.0,765.0,765.0,680.0,180.05,227.18,275.39,232.73,-7.38,-9.37,-38.38,55.13,875.0,875.0,875.0,875.0,218.61,231.03,246.15,215.39,605.83,2890.0,915.35,3500.0,911.18,0.398,0.652,0.335,0.081,22.5,TARGETED_EAST_OCCUPANCY_COOL,0.5788
4,High Occupancy / Low Computer Load,0,260,2600.0,34,8,9,9,8,7.58,3.16,IDLE,59.22,9.58,3.25,IDLE,61.85,8.74,2.08,IDLE,59.04,12.08,3.92,LIGHT,65.98,11.53,1.5,LIGHT,61.66,7.99,1.98,IDLE,57.96,7.68,2.52,IDLE,58.38,12.11,2.53,LIGHT,63.93,12.7,1.42,LIGHT,63.01,9.48,2.99,IDLE,61.34,27.72,58.0,196.1,0.25,22.0,COOLING,0.25,22.0,COOLING,0.25,22.0,COOLING,0.25,22.0,COOLING,22.773,22.861,22.898,22.601,22.783,22.898,22.601,0.297,246.09,119.62,122.31,124.35,680.0,765.0,765.0,680.0,180.01,227.14,275.37,232.7,-7.25,-9.5,-38.5,55.25,875.0,875.0,875.0,875.0,223.85,227.26,249.18,217.3,612.37,2890.0,915.22,3500.0,917.59,0.402,0.658,0.339,0.084,22.5,TARGETED_EAST_OCCUPANCY_COOL,0.5902
4,High Occupancy / Low Computer Load,0,261,2610.0,34,8,9,9,8,12.15,2.63,LIGHT,64.13,8.0,3.52,IDLE,60.28,7.64,3.31,IDLE,59.52,9.69,3.07,IDLE,61.72,11.91,3.58,LIGHT,65.26,11.07,1.68,LIGHT,61.36,10.62,3.29,LIGHT,63.21,8.44,1.15,IDLE,57.27,12.78,3.25,LIGHT,65.85,11.04,3.1,LIGHT,63.45,27.73,58.0,196.2,0.25,22.0,COOLING,0.25,22.0,COOLING,0.25,22.0,COOLING,0.25,22.0,COOLING,22.778,22.866,22.903,22.606,22.788,22.903,22.606,0.297,245.65,126.62,120.48,129.3,680.0,765.0,765.0,680.0,180.16,227.3,275.56,232.89,-7.36,-9.51,-38.61,55.49,875.0,875.0,875.0,875.0,223.45,234.41,247.43,222.68,622.05,2890.0,915.91,3500.0,927.97,0.407,0.662,0.344,0.089,22.5,TARGETED_EAST_OCCUPANCY_COOL,0.6004
4,High Occupancy / Low Computer Load,0,262,2620.0,34,8,9,9,8,10.17,3.43,LIGHT,62.86,10.86,2.24,LIGHT,61.94,9.03,1.11,IDLE,57.95,11.71,2.18,LIGHT,62.91,9.37,3.6,IDLE,62.11,9.68,2.18,IDLE,60.37,9.63,2.63,IDLE,60.98,11.31,2.44,LIGHT,62.8,10.87,2.52,LIGHT,62.37,7.78,1.31,IDLE,56.69,27.73,58.0,196.4,0.25,22.0,COOLING,0.25,22.0,COOLING,0.25,22.0,COOLING,0.25,22.0,COOLING,22.783,22.871,22.908,22.61,22.793,22.908,22.61,0.298,245.66,122.48,123.78,119.06,680.0,765.0,765.0,680.0,180.12,227.33,275.63,232.92,-7.36,-9.51,-38.61,55.49,875.0,875.0,875.0,875.0,223.42,230.3,250.8,212.47,610.98,2890.0,916.0,3500.0,916.99,0.411,0.668,0.348,0.091,22.5,TARGETED_EAST_OCCUPANCY_COOL,0.6126
4,High Occupancy / Low Computer Load,0,263,2630.0,34,8,9,9,8,12.57,1.64,LIGHT,63.17,11.54,2.19,LIGHT,62.71,9.98,1.08,IDLE,59.09,9.17,1.13,IDLE,58.16,7.19,1.35,IDLE,56.01,10.77,2.61,LIGHT,62.38,12.12,3.63,LIGHT,65.59,12.63,1.54,LIGHT,63.1,9.49,1.41,IDLE,58.98,11.41,2.1,LIGHT,62.41,27.73,58.0,196.5,0.25,22.0,COOLING,0.25,22.0,COOLING,0.25,22.0,COOLING,0.25,22.0,COOLING,22.788,22.876,22.913,22.614,22.798,22.913,22.614,0.299,243.13,118.39,128.69,121.39,680.0,765.0,765.0,680.0,180.05,227.28,275.61,232.89,-7.48,-9.52,-38.73,55.73,875.0,875.0,875.0,875.0,220.7,226.15,255.57,215.01,611.6,2890.0,915.83,3500.0,917.43,0.415,0.673,0.352,0.094,22.5,TARGETED_EAST_OCCUPANCY_COOL,0.624
4,High Occupancy / Low Computer Load,0,264,2640.0,34,8,9,9,8,9.06,1.93,IDLE,59.22,8.14,1.26,IDLE,57.06,7.38,2.31,IDLE,57.69,7.21,3.99,IDLE,60.0,10.55,1.53,LIGHT,60.48,8.73,1.9,IDLE,58.76,12.72,1.05,LIGHT,62.48,12.31,3.5,LIGHT,65.64,7.49,2.87,IDLE,58.67,11.57,1.55,LIGHT,61.79,27.73,58.0,196.7,0.25,22.0,COOLING,0.25,22.0,COOLING,0.25,22.0,COOLING,0.25,22.0,COOLING,22.792,22.881,22.918,22.618,22.802,22.918,22.618,0.3,233.97,119.24,128.12,120.46,680.0,765.0,765.0,680.0,180.01,227.3,275.68,232.93,-7.58,-9.54,-38.83,55.96,875.0,875.0,875.0,875.0,211.4,227.0,254.97,214.35,601.79,2890.0,915.92,3500.0,907.72,0.419,0.678,0.356,0.097,22.5,TARGETED_EAST_OCCUPANCY_COOL,0.634
4,High Occupancy / Low Computer Load,0,265,2650.0,34,8,9,9,8,9.78,1.23,IDLE,59.07,8.34,1.09,IDLE,57.06,8.61,3.69,IDLE,61.3,7.16,2.77,IDLE,58.11,11.57,2.09,LIGHT,62.6,9.14,1.25,IDLE,58.3,11.37,1.0,LIGHT,60.71,12.3,1.21,LIGHT,62.19,8.6,3.33,IDLE,60.74,9.01,1.89,IDLE,59.1,27.74,58.0,196.8,0.25,22.0,COOLING,0.25,22.0,COOLING,0.25,22.0,COOLING,0.25,22.0,COOLING,22.796,22.886,22.923,22.622,22.807,22.923,22.622,0.301,235.54,120.9,122.9,119.84,680.0,765.0,765.0,680.0,180.18,227.47,275.87,233.12,-7.46,-9.66,-38.96,56.09,875.0,875.0,875.0,875.0,213.26,228.71,249.81,214.05,599.18,2890.0,916.64,3500.0,905.83,0.423,0.683,0.36,0.1,22.5,TARGETED_EAST_OCCUPANCY_COOL,0.6442
4,High Occupancy / Low Computer Load,0,266,2660.0,34,8,9,9,8,9.17,1.87,IDLE,59.27,9.57,1.77,IDLE,59.62,8.82,1.52,IDLE,58.3,7.67,1.5,IDLE,56.84,8.68,1.39,IDLE,57.94,11.04,3.06,LIGHT,63.39,12.71,2.05,LIGHT,63.96,12.54,3.15,LIGHT,65.4,11.67,3.2,LIGHT,64.39,10.15,2.87,LIGHT,61.99,27.74,58.0,196.9,0.25,22.0,COOLING,0.25,22.0,COOLING,0.25,22.0,COOLING,0.25,22.0,COOLING,22.8,22.891,22.928,22.627,22.811,22.928,22.627,0.301,234.03,121.33,129.36,126.38,680.0,765.0,765.0,680.0,180.14,227.42,275.86,233.1,-7.33,-9.79,-39.08,56.21,875.0,875.0,875.0,875.0,211.84,228.96,256.14,220.69,611.1,2890.0,916.52,3500.0,917.63,0.427,0.687,0.365,0.104,22.5,TARGETED_EAST_OCCUPANCY_COOL,0.6553
4,High Occupancy / Low Computer Load,0,267,2670.0,34,8,9,9,8,9.05,3.28,IDLE,61.23,10.31,1.87,LIGHT,60.69,12.86,3.15,LIGHT,65.8,7.39,2.19,IDLE,57.52,12.48,2.54,LIGHT,64.41,8.59,3.71,IDLE,61.3,7.73,2.85,IDLE,58.94,12.15,1.57,LIGHT,62.54,8.23,3.48,IDLE,60.51,9.67,2.55,IDLE,60.91,27.74,58.0,197.1,0.25,22.0,COOLING,0.25,22.0,COOLING,0.25,22.0,COOLING,0.25,22.0,COOLING,22.805,22.896,22.933,22.631,22.816,22.933,22.631,0.302,245.24,125.71,121.48,121.42,680.0,765.0,765.0,680.0,180.12,227.44,275.92,233.12,-7.1,-9.9,-39.1,56.1,875.0,875.0,875.0,875.0,223.26,233.25,248.3,215.64,613.85,2890.0,916.6,3500.0,920.45,0.432,0.692,0.368,0.108,22.5,TARGETED_EAST_OCCUPANCY_COOL,0.667
4,High Occupancy / Low Computer Load,0,268,2680.0,34,8,9,9,8,7.48,3.67,IDLE,59.86,12.45,1.08,LIGHT,62.18,7.84,2.83,IDLE,59.04,12.05,2.92,LIGHT,64.44,10.26,1.12,LIGHT,59.51,11.09,1.05,LIGHT,60.44,7.33,3.88,IDLE,59.98,7.03,3.33,IDLE,58.78,12.8,1.56,LIGHT,63.34,12.27,2.48,LIGHT,64.06,27.74,58.0,197.2,0.25,22.0,COOLING,0.25,22.0,COOLING,0.25,22.0,COOLING,0.25,22.0,COOLING,22.81,22.901,22.938,22.636,22.821,22.938,22.636,0.302,245.52,119.95,118.76,127.4,680.0,765.0,765.0,680.0,180.05,227.4,275.9,233.09,-7.21,-9.92,-39.21,56.33,875.0,875.0,875.0,875.0,223.36,227.43,245.45,221.82,611.63,2890.0,916.44,3500.0,918.06,0.436,0.695,0.373,0.114,22.5,TARGETED_EAST_OCCUPANCY_COOL,0.6769
4,High Occupancy / Low Computer Load,0,269,2690.0,34,8,9,9,8,9.82,2.56,IDLE,61.12,11.55,1.57,LIGHT,61.79,7.39,2.9,IDLE,58.59,10.8,3.7,LIGHT,64.05,11.81,3.21,LIGHT,64.58,9.35,3.83,IDLE,62.43,8.96,3.32,IDLE,61.18,9.39,3.85,IDLE,62.51,8.85,2.18,IDLE,59.33,8.2,1.86,IDLE,58.04,27.75,58.0,197.4,0.25,22.0,COOLING,0.25,22.0,COOLING,0.25,22.0,COOLING,0.25,22.0,COOLING,22.815,22.906,22.943,22.64,22.826,22.943,22.64,0.303,245.55,127.01,123.69,117.37,680.0,765.0,765.0,680.0,180.23,227.63,276.18,233.33,-7.21,-9.92,-39.21,56.33,875.0,875.0,875.0,875.0,223.57,234.72,250.66,212.03,613.62,2890.0,917.37,3500.0,920.98,0.441,0.702,0.376,0.115,22.5,TARGETED_EAST_OCCUPANCY_COOL,0.691
4,High Occupancy / Low Computer Load,0,270,2700.0,34,8,9,9,8,8.18,3.43,IDLE,60.37,7.93,3.77,IDLE,60.57,10.05,3.14,LIGHT,62.27,7.33,1.19,IDLE,55.95,8.97,1.72,IDLE,58.79,12.58,2.69,LIGHT,64.76,11.25,1.61,LIGHT,61.48,12.36,3.56,LIGHT,65.79,12.54,1.38,LIGHT,62.74,8.65,1.3,IDLE,57.76,27.75,58.0,197.5,0.25,22.0,COOLING,0.25,22.0,COOLING,0.25,22.0,COOLING,0.25,22.0,COOLING,22.819,22.911,22.948,22.644,22.831,22.948,22.644,0.304,239.16,123.55,127.27,120.5,680.0,765.0,765.0,680.0,180.16,227.59,276.16,233.3,-7.32,-9.93,-39.32,56.57,875.0,875.0,875.0,875.0,217.0,231.21,254.11,215.37,610.48,2890.0,917.21,3500.0,917.69,0.445,0.707,0.381,0.118,22.5,TARGETED_EAST_OCCUPANCY_COOL,0.702
4,High Occupancy / Low Computer Load,0,271,2710.0,34,8,9,9,8,9.66,1.7,IDLE,59.62,8.77,1.97,IDLE,58.92,10.04,1.05,LIGHT,59.12,10.9,2.52,LIGHT,62.41,11.96,2.65,LIGHT,63.93,8.44,2.13,IDLE,58.74,9.97,2.03,IDLE,60.51,8.33,2.37,IDLE,58.97,9.73,1.41,IDLE,59.28,7.53,2.36,IDLE,57.95,27.75,58.0,197.6,0.25,22.0,COOLING,0.25,22.0,COOLING,0.25,22.0,COOLING,0.25,22.0,COOLING,22.823,22.916,22.953,22.648,22.835,22.953,22.648,0.305,240.07,122.67,119.48,117.23,680.0,765.0,765.0,680.0,180.12,227.54,276.14,233.28,-7.19,-10.06,-39.45,56.7,875.0,875.0,875.0,875.0,218.0,230.15,246.17,212.21,599.45,2890.0,917.08,3500.0,906.53,0.449,0.712,0.384,0.121,22.5,TARGETED_EAST_OCCUPANCY_COOL,0.7122
4,High Occupancy / Low Computer Load,0,272,2720.0,34,8,9,9,8,8.8,3.1,IDLE,60.65,11.96,3.67,LIGHT,65.45,12.49,2.42,LIGHT,64.24,10.59,3.65,LIGHT,63.71,12.78,2.22,LIGHT,64.31,8.97,3.39,IDLE,61.3,12.77,3.98,LIGHT,66.93,12.0,1.33,LIGHT,61.99,8.05,3.38,IDLE,60.13,7.34,1.9,IDLE,57.02,27.76,58.0,197.8,0.25,22.0,COOLING,0.25,22.0,COOLING,0.25,22.0,COOLING,0.25,22.0,COOLING,22.828,22.921,22.958,22.652,22.84,22.958,22.652,0.306,254.05,125.61,128.92,117.15,680.0,765.0,765.0,680.0,180.32,227.77,276.42,233.53,-7.07,-10.18,-39.57,56.82,875.0,875.0,875.0,875.0,232.3,233.2,255.77,212.5,625.73,2890.0,918.04,3500.0,933.77,0.454,0.718,0.389,0.124,22.5,TARGETED_EAST_OCCUPANCY_COOL,0.7276
4,High Occupancy / Low Computer Load,0,273,2730.0,34,8,9,9,8,9.74,1.75,IDLE,59.8,10.63,1.92,LIGHT,61.17,7.86,2.4,IDLE,58.43,12.55,1.36,LIGHT,62.73,12.21,3.27,LIGHT,65.17,9.37,1.55,IDLE,59.04,9.63,3.83,IDLE,62.78,7.98,3.75,IDLE,60.6,12.56,1.99,LIGHT,63.69,9.29,3.14,IDLE,61.32,27.76,58.0,197.9,0.25,22.0,COOLING,0.25,22.0,COOLING,0.25,22.0,COOLING,0.25,22.0,COOLING,22.832,22.926,22.963,22.657,22.845,22.963,22.657,0.306,242.13,124.21,123.38,125.01,680.0,765.0,765.0,680.0,180.25,227.73,276.4,233.51,-7.18,-10.2,-39.68,57.05,875.0,875.0,875.0,875.0,220.2,231.74,250.1,220.57,614.73,2890.0,917.89,3500.0,922.61,0.457,0.721,0.393,0.129,22.5,TARGETED_EAST_OCCUPANCY_COOL,0.7361
4,High Occupancy / Low Computer Load,0,274,2740.0,34,8,9,9,8,9.96,1.83,IDLE,60.2,11.22,3.78,LIGHT,64.69,11.69,3.55,LIGHT,64.94,10.84,3.02,LIGHT,63.08,11.36,3.49,LIGHT,64.44,10.98,2.55,LIGHT,62.55,12.91,2.72,LIGHT,65.22,9.41,3.56,IDLE,62.1,10.42,3.3,LIGHT,62.98,9.93,1.27,IDLE,59.32,27.76,58.0,198.1,0.25,22.0,COOLING,0.25,22.0,COOLING,0.25,22.0,COOLING,0.25,22.0,COOLING,22.837,22.931,22.968,22.661,22.849,22.968,22.661,0.307,252.91,126.99,127.32,122.3,680.0,765.0,765.0,680.0,180.24,227.74,276.48,233.52,-6.95,-10.3,-39.7,56.95,875.0,875.0,875.0,875.0,231.2,234.43,254.1,217.77,629.52,2890.0,917.98,3500.0,937.5,0.462,0.727,0.397,0.133,22.5,TARGETED_EAST_OCCUPANCY_COOL,0.7506
4,High Occupancy / Low Computer Load,0,275,2750.0,34,8,9,9,8,7.62,3.12,IDLE,59.2,11.08,1.81,LIGHT,61.57,11.43,1.4,LIGHT,61.39,8.6,2.06,IDLE,58.84,8.7,3.63,IDLE,61.32,11.67,3.58,LIGHT,64.96,7.89,3.92,IDLE,60.74,7.34,2.56,IDLE,58.02,9.37,2.29,IDLE,60.15,7.29,1.61,IDLE,56.53,27.76,58.0,198.2,0.25,22.0,COOLING,0.25,22.0,COOLING,0.25,22.0,COOLING,0.25,22.0,COOLING,22.841,22.936,22.973,22.665,22.854,22.973,22.665,0.308,241.0,126.28,118.76,116.68,680.0,765.0,765.0,680.0,180.17,227.7,276.45,233.51,-7.05,-10.32,-39.8,57.18,875.0,875.0,875.0,875.0,219.12,233.66,245.41,212.37,602.72,2890.0,917.83,3500.0,910.56,0.466,0.731,0.4,0.135,22.5,TARGETED_EAST_OCCUPANCY_COOL,0.7601
4,High Occupancy / Low Computer Load,0,276,2760.0,34,8,9,9,8,9.18,2.76,IDLE,60.62,10.49,2.62,LIGHT,62.04,12.76,3.43,LIGHT,66.09,10.89,1.71,LIGHT,61.18,7.17,2.78,IDLE,58.13,12.36,1.65,LIGHT,62.93,8.87,3.06,IDLE,60.68,12.0,2.16,LIGHT,63.24,8.38,3.66,IDLE,60.97,10.12,3.47,LIGHT,62.85,27.77,58.0,198.3,0.25,22.0,COOLING,0.25,22.0,COOLING,0.25,22.0,COOLING,0.25,22.0,COOLING,22.846,22.941,22.978,22.669,22.858,22.978,22.669,0.309,249.93,121.06,123.92,123.82,680.0,765.0,765.0,680.0,180.33,227.87,276.65,233.7,-6.93,-10.44,-39.93,57.31,875.0,875.0,875.0,875.0,228.33,228.49,250.64,219.83,618.73,2890.0,918.55,3500.0,927.29,0.47,0.736,0.405,0.139,22.5,TARGETED_EAST_OCCUPANCY_COOL,0.7737
4,High Occupancy / Low Computer Load,0,277,2770.0,34,8,9,9,8,10.44,2.08,LIGHT,61.17,10.62,2.69,LIGHT,62.31,11.89,3.29,LIGHT,64.8,8.64,3.97,IDLE,61.75,10.73,2.3,LIGHT,61.86,12.13,2.75,LIGHT,64.29,7.31,3.91,IDLE,60.0,8.21,1.38,IDLE,57.33,10.17,1.67,LIGHT,60.22,12.72,2.24,LIGHT,64.26,27.77,58.0,198.5,0.25,22.0,COOLING,0.25,22.0,COOLING,0.25,22.0,COOLING,0.25,22.0,COOLING,22.851,22.946,22.983,22.674,22.864,22.983,22.674,0.309,250.03,126.15,117.33,124.48,680.0,765.0,765.0,680.0,180.31,227.88,276.72,233.73,-7.04,-10.46,-40.04,57.54,875.0,875.0,875.0,875.0,228.3,233.57,244.01,220.75,617.99,2890.0,918.64,3500.0,926.63,0.475,0.74,0.409,0.144,22.5,TARGETED_EAST_OCCUPANCY_COOL,0.7851
4,High Occupancy / Low Computer Load,0,278,2780.0,34,8,9,9,8,7.56,1.35,IDLE,56.48,12.67,2.58,LIGHT,64.71,10.5,1.5,LIGHT,60.38,8.47,1.61,IDLE,58.0,11.95,1.16,LIGHT,61.68,10.2,2.58,LIGHT,61.62,7.16,1.1,IDLE,55.6,8.69,1.75,IDLE,58.49,11.9,3.72,LIGHT,65.45,9.6,1.23,IDLE,58.84,27.77,58.0,198.6,0.25,22.0,COOLING,0.25,22.0,COOLING,0.25,22.0,COOLING,0.25,22.0,COOLING,22.855,22.951,22.988,22.678,22.868,22.988,22.678,0.31,239.57,123.3,114.09,124.29,680.0,765.0,765.0,680.0,180.23,227.84,276.69,233.68,-7.04,-10.46,-40.04,57.54,875.0,875.0,875.0,875.0,217.76,230.68,240.74,220.51,601.25,2890.0,918.44,3500.0,909.69,0.478,0.745,0.413,0.147,22.5,TARGETED_EAST_OCCUPANCY_COOL,0.7956
4,High Occupancy / Low Computer Load,0,279,2790.0,34,8,9,9,8,12.99,3.76,LIGHT,66.88,10.71,2.36,LIGHT,61.93,8.25,3.36,IDLE,60.35,9.94,2.19,IDLE,60.71,10.99,2.92,LIGHT,63.12,11.18,2.93,LIGHT,63.37,10.16,3.65,LIGHT,63.18,10.14,2.48,LIGHT,61.39,8.29,2.84,IDLE,59.62,9.67,2.94,IDLE,61.5,27.77,58.0,198.8,0.25,22.0,COOLING,0.25,22.0,COOLING,0.25,22.0,COOLING,0.25,22.0,COOLING,22.86,22.956,22.993,22.682,22.873,22.993,22.682,0.311,249.87,126.49,124.57,121.12,680.0,765.0,765.0,680.0,180.22,227.86,276.76,233.73,-6.91,-10.59,-40.16,57.66,875.0,875.0,875.0,875.0,228.18,233.76,251.17,217.51,622.05,2890.0,918.57,3500.0,930.62,0.484,0.751,0.417,0.149,22.5,TARGETED_EAST_OCCUPANCY_COOL,0.812
4,High Occupancy / Low Computer Load,0,280,2800.0,34,8,9,9,8,8.39,2.95,IDLE,59.91,7.46,3.68,IDLE,59.84,8.19,1.62,IDLE,57.67,7.58,2.91,IDLE,58.84,7.51,3.27,IDLE,59.29,7.78,1.28,IDLE,56.65,9.61,1.55,IDLE,59.34,11.73,3.55,LIGHT,64.99,8.12,3.27,IDLE,60.05,8.64,1.05,IDLE,57.38,27.78,58.0,198.9,0.25,22.0,COOLING,0.25,22.0,COOLING,0.25,22.0,COOLING,0.25,22.0,COOLING,22.864,22.961,22.998,22.686,22.877,22.998,22.686,0.312,236.26,115.94,124.33,117.43,680.0,765.0,765.0,680.0,180.37,228.03,276.96,233.92,-7.03,-10.6,-40.27,57.9,875.0,875.0,875.0,875.0,214.6,223.37,251.02,214.25,593.96,2890.0,919.28,3500.0,903.24,0.486,0.756,0.421,0.151,22.5,TARGETED_EAST_OCCUPANCY_COOL,0.8226
4,High Occupancy / Low Computer Load,0,281,2810.0,34,8,9,9,8,8.1,2.86,IDLE,59.41,12.74,3.27,LIGHT,65.83,12.83,2.26,LIGHT,64.43,9.11,3.8,IDLE,62.09,9.36,3.96,IDLE,62.64,11.9,1.31,LIGHT,61.84,10.96,3.86,LIGHT,64.49,12.51,3.8,LIGHT,66.34,8.22,2.75,IDLE,59.4,10.28,2.39,LIGHT,61.43,27.78,58.0,199.0,0.25,22.0,COOLING,0.25,22.0,COOLING,0.25,22.0,COOLING,0.25,22.0,COOLING,22.869,22.966,23.003,22.69,22.882,23.003,22.69,0.313,251.76,124.48,130.83,120.83,680.0,765.0,765.0,680.0,180.31,227.99,276.93,233.9,-6.9,-10.72,-40.4,58.03,875.0,875.0,875.0,875.0,230.17,231.75,257.36,217.76,627.9,2890.0,919.13,3500.0,937.04,0.492,0.762,0.426,0.155,22.5,TARGETED_EAST_OCCUPANCY_COOL,0.839
4,High Occupancy / Low Computer Load,0,282,2820.0,34,8,9,9,8,7.91,3.66,IDLE,60.38,7.91,1.96,IDLE,57.83,10.49,3.98,LIGHT,64.08,8.13,1.32,IDLE,57.14,10.14,3.55,LIGHT,63.0,12.55,1.09,LIGHT,62.32,11.58,1.31,LIGHT,61.44,7.02,2.82,IDLE,58.0,7.2,3.38,IDLE,59.07,8.32,2.92,IDLE,59.78,27.78,58.0,199.2,0.25,22.0,COOLING,0.25,22.0,COOLING,0.25,22.0,COOLING,0.25,22.0,COOLING,22.873,22.971,23.008,22.694,22.886,23.008,22.694,0.314,239.43,125.32,119.44,118.85,680.0,765.0,765.0,680.0,180.29,228.0,277.01,233.94,-7.01,-10.74,-40.51,58.26,875.0,875.0,875.0,875.0,217.71,232.58,245.94,216.05,603.04,2890.0,919.24,3500.0,912.28,0.495,0.766,0.429,0.158,22.5,TARGETED_EAST_OCCUPANCY_COOL,0.8484
4,High Occupancy / Low Computer Load,0,283,2830.0,34,8,9,9,8,11.84,3.13,LIGHT,64.5,9.59,2.68,IDLE,61.01,11.08,3.34,LIGHT,63.86,10.37,3.17,LIGHT,62.72,7.9,1.87,IDLE,57.68,10.47,2.62,LIGHT,62.02,12.43,1.27,LIGHT,62.44,11.4,2.37,LIGHT,62.8,9.62,2.57,IDLE,60.88,11.6,2.43,LIGHT,63.15,27.79,58.0,199.3,0.25,22.0,COOLING,0.25,22.0,COOLING,0.25,22.0,COOLING,0.25,22.0,COOLING,22.878,22.976,23.013,22.699,22.892,23.013,22.699,0.314,252.09,119.7,125.24,124.03,680.0,765.0,765.0,680.0,180.46,228.17,277.2,234.12,-6.89,-10.87,-40.63,58.39,875.0,875.0,875.0,875.0,230.66,227.0,251.81,221.54,621.06,2890.0,919.95,3500.0,931.01,0.5,0.771,0.434,0.164,22.5,TARGETED_EAST_OCCUPANCY_COOL,0.863
4,High Occupancy / Low Computer Load,0,284,2840.0,34,8,9,9,8,7.74,1.27,IDLE,56.58,11.79,1.87,LIGHT,62.54,7.57,1.79,IDLE,57.15,10.27,2.6,LIGHT,61.74,9.11,1.7,IDLE,58.94,8.28,3.94,IDLE,61.26,9.38,3.58,IDLE,62.09,9.39,3.13,IDLE,61.43,8.22,3.26,IDLE,60.16,12.33,2.68,LIGHT,64.43,27.79,58.0,199.4,0.25,22.0,COOLING,0.25,22.0,COOLING,0.25,22.0,COOLING,0.25,22.0,COOLING,22.882,22.981,23.018,22.704,22.896,23.018,22.704,0.314,238.01,120.2,123.52,124.59,680.0,765.0,765.0,680.0,180.38,228.12,277.18,234.08,-6.88,-10.86,-40.64,58.38,875.0,875.0,875.0,875.0,216.51,227.46,250.06,222.05,606.32,2890.0,919.76,3500.0,916.08,0.503,0.775,0.438,0.167,22.5,TARGETED_EAST_OCCUPANCY_COOL,0.8738
4,High Occupancy / Low Computer Load,0,285,2850.0,34,8,9,9,8,12.66,3.39,LIGHT,65.91,8.68,3.42,IDLE,60.98,7.42,1.94,IDLE,57.19,8.52,1.04,IDLE,57.21,8.26,3.22,IDLE,60.16,8.48,1.45,IDLE,57.77,12.98,1.22,LIGHT,63.05,8.65,1.47,IDLE,58.02,8.61,1.98,IDLE,58.73,8.26,1.74,IDLE,57.94,27.79,58.0,199.6,0.25,22.0,COOLING,0.25,22.0,COOLING,0.25,22.0,COOLING,0.25,22.0,COOLING,22.886,22.986,23.023,22.708,22.901,23.023,22.708,0.315,241.29,117.93,121.07,116.67,680.0,765.0,765.0,680.0,180.37,228.14,277.25,234.1,-6.65,-10.98,-40.65,58.28,875.0,875.0,875.0,875.0,220.01,225.09,247.67,214.05,596.96,2890.0,919.86,3500.0,906.82,0.507,0.78,0.442,0.169,22.5,TARGETED_EAST_OCCUPANCY_COOL,0.8868
4,High Occupancy / Low Computer Load,0,286,2860.0,34,8,9,9,8,10.08,2.7,LIGHT,61.65,10.75,3.57,LIGHT,63.79,7.63,2.57,IDLE,58.39,11.19,3.89,LIGHT,64.82,12.02,1.32,LIGHT,62.0,11.09,1.24,LIGHT,60.72,12.63,1.79,LIGHT,63.47,12.86,3.5,LIGHT,66.33,8.02,2.83,IDLE,59.27,7.05,3.33,IDLE,58.81,27.79,58.0,199.7,0.25,22.0,COOLING,0.25,22.0,COOLING,0.25,22.0,COOLING,0.25,22.0,COOLING,22.891,22.991,23.028,22.712,22.905,23.028,22.712,0.316,248.65,122.72,129.8,118.08,680.0,765.0,765.0,680.0,180.33,228.1,277.23,234.07,-6.52,-11.1,-40.78,58.4,875.0,875.0,875.0,875.0,227.46,229.72,256.25,215.55,619.25,2890.0,919.73,3500.0,928.98,0.513,0.786,0.446,0.173,22.5,TARGETED_EAST_OCCUPANCY_COOL,0.9034
4,High Occupancy / Low Computer Load,0,287,2870.0,34,8,9,9,8,11.18,3.91,LIGHT,64.84,9.32,3.72,IDLE,62.23,12.82,3.81,LIGHT,66.74,12.5,2.45,LIGHT,64.3,9.51,3.89,IDLE,62.72,12.95,2.82,LIGHT,65.42,11.78,1.24,LIGHT,61.58,10.95,1.97,LIGHT,61.64,12.78,1.57,LIGHT,63.33,12.98,1.25,LIGHT,63.1,27.8,58.0,199.9,0.25,22.0,COOLING,0.25,22.0,COOLING,0.25,22.0,COOLING,0.25,22.0,COOLING,22.896,22.996,23.033,22.717,22.91,23.033,22.717,0.316,258.11,128.14,123.22,126.43,680.0,765.0,765.0,680.0,180.5,228.33,277.51,234.33,-6.63,-11.12,-40.88,58.63,875.0,875.0,875.0,875.0,236.98,235.35,249.85,224.39,635.9,2890.0,920.67,3500.0,946.57,0.518,0.79,0.451,0.179,22.5,TARGETED_EAST_OCCUPANCY_COOL,0.9164
4,High Occupancy / Low Computer Load,0,288,2880.0,34,8,9,9,8,8.49,3.05,IDLE,60.19,8.84,2.16,IDLE,59.29,11.31,2.21,LIGHT,62.45,12.03,1.16,LIGHT,61.78,12.94,3.98,LIGHT,67.14,7.86,3.86,IDLE,60.62,11.22,2.41,LIGHT,62.64,8.42,1.4,IDLE,57.62,8.52,2.13,IDLE,58.84,8.57,2.11,IDLE,58.88,27.8,58.0,200.0,0.25,22.0,COOLING,0.25,22.0,COOLING,0.25,22.0,COOLING,0.25,22.0,COOLING,22.901,23.001,23.038,22.721,22.915,23.038,22.721,0.317,243.71,127.76,120.26,117.72,680.0,765.0,765.0,680.0,180.44,228.29,277.49,234.28,-6.64,-11.11,-40.89,58.64,875.0,875.0,875.0,875.0,222.51,234.94,246.86,215.64,609.45,2890.0,920.5,3500.0,919.95,0.521,0.795,0.454,0.181,22.5,TARGETED_EAST_OCCUPANCY_COOL,0.929
4,High Occupancy / Low Computer Load,0,289,2890.0,34,8,9,9,8,12.21,2.58,LIGHT,64.13,11.22,1.58,LIGHT,61.39,11.6,1.12,LIGHT,61.18,9.64,2.24,IDLE,60.41,12.52,2.3,LIGHT,64.1,10.32,2.46,LIGHT,61.59,7.82,3.03,IDLE,59.32,8.52,1.09,IDLE,57.28,8.49,1.9,IDLE,58.46,11.49,2.59,LIGHT,63.25,27.8,58.0,200.1,0.25,22.0,COOLING,0.25,22.0,COOLING,0.25,22.0,COOLING,0.25,22.0,COOLING,22.906,23.006,23.043,22.725,22.92,23.043,22.725,0.318,247.11,125.69,116.6,121.71,680.0,765.0,765.0,680.0,180.37,228.24,277.47,234.26,-6.74,-11.13,-40.99,58.87,875.0,875.0,875.0,875.0,225.74,232.8,243.08,219.84,611.11,2890.0,920.34,3500.0,921.46,0.526,0.799,0.458,0.185,22.5,TARGETED_EAST_OCCUPANCY_COOL,0.9423
4,High Occupancy / Low Computer Load,0,290,2900.0,34,8,9,9,8,10.98,3.87,LIGHT,64.53,11.23,2.17,LIGHT,62.29,7.82,2.81,IDLE,58.99,7.3,1.54,IDLE,56.44,7.81,1.79,IDLE,57.45,12.28,3.31,LIGHT,65.31,11.48,2.25,LIGHT,62.73,9.88,1.25,IDLE,59.23,11.53,3.95,LIGHT,65.34,10.39,3.61,LIGHT,63.4,27.81,58.0,200.3,0.25,22.0,COOLING,0.25,22.0,COOLING,0.25,22.0,COOLING,0.25,22.0,COOLING,22.911,23.011,23.048,22.73,22.925,23.048,22.73,0.318,242.25,122.76,121.96,128.74,680.0,765.0,765.0,680.0,180.55,228.48,277.75,234.52,-6.85,-11.15,-41.1,59.1,875.0,875.0,875.0,875.0,220.95,230.09,248.61,227.36,615.71,2890.0,921.3,3500.0,927.01,0.53,0.803,0.463,0.19,22.5,TARGETED_EAST_OCCUPANCY_COOL,0.9562
4,High Occupancy / Low Computer Load,0,291,2910.0,34,8,9,9,8,10.22,3.0,LIGHT,62.28,7.18,2.27,IDLE,57.38,8.8,1.72,IDLE,58.58,8.23,1.25,IDLE,57.16,8.67,3.31,IDLE,60.8,12.75,3.33,LIGHT,65.93,11.49,3.0,LIGHT,63.86,7.65,1.18,IDLE,56.33,7.82,2.83,IDLE,59.02,7.75,2.61,IDLE,58.6,27.81,58.0,200.4,0.25,22.0,COOLING,0.25,22.0,COOLING,0.25,22.0,COOLING,0.25,22.0,COOLING,22.915,23.016,23.053,22.734,22.93,23.053,22.734,0.319,235.4,126.73,120.19,117.62,680.0,765.0,765.0,680.0,180.48,228.43,277.73,234.47,-6.86,-11.14,-41.1,59.1,875.0,875.0,875.0,875.0,214.02,234.02,246.82,216.19,599.94,2890.0,921.11,3500.0,911.05,0.534,0.809,0.467,0.191,22.5,TARGETED_EAST_OCCUPANCY_COOL,0.9698
4,High Occupancy / Low Computer Load,0,292,2920.0,34,8,9,9,8,7.75,2.55,IDLE,58.51,12.48,2.42,LIGHT,64.23,10.91,2.48,LIGHT,62.36,10.52,1.48,LIGHT,60.37,10.56,3.96,LIGHT,64.14,12.66,2.52,LIGHT,64.61,10.12,1.98,LIGHT,60.62,8.1,3.2,IDLE,59.92,7.51,1.47,IDLE,56.59,7.85,3.64,IDLE,60.27,27.81,58.0,200.6,0.25,22.0,COOLING,0.25,22.0,COOLING,0.25,22.0,COOLING,0.25,22.0,COOLING,22.92,23.021,23.058,22.738,22.934,23.058,22.738,0.32,245.47,128.75,120.54,116.86,680.0,765.0,765.0,680.0,180.46,228.45,277.8,234.51,-6.73,-11.27,-41.23,59.23,875.0,875.0,875.0,875.0,224.2,235.93,247.11,215.6,611.62,2890.0,921.22,3500.0,922.84,0.539,0.815,0.471,0.195,22.5,TARGETED_EAST_OCCUPANCY_COOL,0.9855
4,High Occupancy / Low Computer Load,0,293,2930.0,34,8,9,9,8,11.8,3.51,LIGHT,65.02,11.55,1.77,LIGHT,62.09,7.79,1.93,IDLE,57.63,10.15,2.34,LIGHT,61.2,11.39,3.3,LIGHT,64.19,10.05,2.56,LIGHT,61.4,9.31,2.34,IDLE,60.15,12.15,2.74,LIGHT,64.3,8.19,3.64,IDLE,60.7,10.15,1.32,LIGHT,59.67,27.81,58.0,200.7,0.25,22.0,COOLING,0.25,22.0,COOLING,0.25,22.0,COOLING,0.25,22.0,COOLING,22.925,23.026,23.063,22.742,22.939,23.063,22.742,0.321,245.94,125.59,124.45,120.37,680.0,765.0,765.0,680.0,180.39,228.4,277.78,234.49,-6.84,-11.29,-41.34,59.47,875.0,875.0,875.0,875.0,224.49,232.7,250.89,219.33,616.35,2890.0,921.06,3500.0,927.41,0.543,0.82,0.475,0.198,22.5,TARGETED_EAST_OCCUPANCY_COOL,1.0005
4,High Occupancy / Low Computer Load,0,294,2940.0,34,8,9,9,8,8.82,1.09,IDLE,57.66,12.17,2.9,LIGHT,64.56,8.66,1.84,IDLE,58.59,7.7,2.75,IDLE,58.75,7.39,1.29,IDLE,56.17,8.54,3.4,IDLE,60.77,9.48,3.24,IDLE,61.71,12.35,2.77,LIGHT,64.59,11.12,3.24,LIGHT,63.76,10.52,2.79,LIGHT,62.34,27.82,58.0,200.8,0.25,22.0,COOLING,0.25,22.0,COOLING,0.25,22.0,COOLING,0.25,22.0,COOLING,22.929,23.031,23.068,22.747,22.944,23.068,22.747,0.321,239.56,116.94,126.3,126.1,680.0,765.0,765.0,680.0,180.54,228.57,277.98,234.68,-6.95,-11.3,-41.45,59.7,875.0,875.0,875.0,875.0,218.15,224.21,252.83,225.48,608.9,2890.0,921.77,3500.0,920.67,0.546,0.824,0.48,0.203,22.5,TARGETED_EAST_OCCUPANCY_COOL,1.0127
4,High Occupancy / Low Computer Load,0,295,2950.0,34,8,9,9,8,7.01,1.93,IDLE,56.66,12.89,3.88,LIGHT,66.93,9.04,2.53,IDLE,60.09,10.84,2.41,LIGHT,62.16,11.51,2.17,LIGHT,62.64,7.9,2.5,IDLE,58.62,8.3,2.51,IDLE,59.14,10.28,3.2,LIGHT,62.65,7.25,1.13,IDLE,55.76,11.48,3.41,LIGHT,64.47,27.82,58.0,201.0,0.25,22.0,COOLING,0.25,22.0,COOLING,0.25,22.0,COOLING,0.25,22.0,COOLING,22.934,23.036,23.073,22.751,22.949,23.073,22.751,0.322,245.84,121.26,121.79,120.23,680.0,765.0,765.0,680.0,180.54,228.58,278.05,234.69,-6.71,-11.41,-41.47,59.59,875.0,875.0,875.0,875.0,224.67,228.43,248.37,219.51,609.12,2890.0,921.86,3500.0,920.98,0.551,0.829,0.483,0.206,22.5,TARGETED_EAST_OCCUPANCY_COOL,1.0279
4,High Occupancy / Low Computer Load,0,296,2960.0,34,8,9,9,8,7.98,2.52,IDLE,58.76,9.49,3.83,IDLE,62.61,8.51,2.68,IDLE,59.66,11.94,2.93,LIGHT,64.32,11.66,3.45,LIGHT,64.75,12.57,2.43,LIGHT,64.36,9.19,3.4,IDLE,61.59,8.45,3.84,IDLE,61.32,7.07,2.55,IDLE,57.66,9.45,1.21,IDLE,58.63,27.82,58.0,201.1,0.25,22.0,COOLING,0.25,22.0,COOLING,0.25,22.0,COOLING,0.25,22.0,COOLING,22.939,23.041,23.078,22.755,22.953,23.078,22.755,0.323,245.35,129.11,122.91,116.29,680.0,765.0,765.0,680.0,180.46,228.55,278.02,234.67,-6.82,-11.43,-41.57,59.82,875.0,875.0,875.0,875.0,223.99,236.23,249.36,215.78,613.66,2890.0,921.7,3500.0,925.36,0.556,0.835,0.487,0.209,22.5,TARGETED_EAST_OCCUPANCY_COOL,1.044
4,High Occupancy / Low Computer Load,0,297,2970.0,34,8,9,9,8,10.21,1.99,LIGHT,60.75,8.11,1.97,IDLE,58.09,11.18,1.98,LIGHT,61.95,9.33,3.5,IDLE,61.91,7.16,1.49,IDLE,56.19,11.23,2.97,LIGHT,63.49,8.45,1.59,IDLE,57.95,8.23,1.14,IDLE,57.0,8.5,2.88,IDLE,59.95,10.76,2.2,LIGHT,61.75,27.82,58.0,201.2,0.25,22.0,COOLING,0.25,22.0,COOLING,0.25,22.0,COOLING,0.25,22.0,COOLING,22.944,23.046,23.083,22.76,22.958,23.083,22.76,0.323,242.7,119.68,114.95,121.7,680.0,765.0,765.0,680.0,180.39,228.5,278.0,234.65,-6.94,-11.44,-41.68,60.06,875.0,875.0,875.0,875.0,221.15,226.74,241.27,221.41,599.03,2890.0,921.54,3500.0,910.57,0.56,0.837,0.492,0.214,22.5,TARGETED_EAST_OCCUPANCY_COOL,1.0554
4,High Occupancy / Low Computer Load,0,298,2980.0,34,8,9,9,8,11.43,2.23,LIGHT,62.63,12.03,2.27,LIGHT,63.44,7.74,3.1,IDLE,59.32,12.55,2.64,LIGHT,64.65,9.16,3.85,IDLE,62.23,11.96,1.65,LIGHT,62.43,8.77,2.21,IDLE,59.28,10.81,1.02,LIGHT,60.04,12.28,1.73,LIGHT,62.95,8.36,1.65,IDLE,57.93,27.83,58.0,201.4,0.25,22.0,COOLING,0.25,22.0,COOLING,0.25,22.0,COOLING,0.25,22.0,COOLING,22.949,23.051,23.088,22.765,22.963,23.088,22.765,0.323,250.04,124.66,119.32,120.88,680.0,765.0,765.0,680.0,180.57,228.74,278.28,234.88,-6.93,-11.44,-41.68,60.06,875.0,875.0,875.0,875.0,228.68,231.96,245.92,220.82,614.9,2890.0,922.47,3500.0,927.38,0.565,0.842,0.496,0.219,22.5,TARGETED_EAST_OCCUPANCY_COOL,1.0725
4,High Occupancy / Low Computer Load,0,299,2990.0,34,8,9,9,8,12.09,1.59,LIGHT,62.5,9.11,3.73,IDLE,61.98,12.2,3.31,LIGHT,65.22,10.07,1.94,LIGHT,60.5,7.35,3.56,IDLE,59.53,9.19,2.66,IDLE,60.48,7.03,2.98,IDLE,58.26,7.68,2.38,IDLE,58.17,9.83,3.07,IDLE,61.89,11.86,3.28,LIGHT,64.75,27.83,58.0,201.5,0.25,22.0,COOLING,0.25,22.0,COOLING,0.25,22.0,COOLING,0.25,22.0,COOLING,22.954,23.056,23.093,22.77,22.968,23.093,22.77,0.323,250.2,120.01,116.43,126.64,680.0,765.0,765.0,680.0,180.5,228.69,278.26,234.84,-6.94,-11.44,-41.69,60.06,875.0,875.0,875.0,875.0,228.76,227.26,243.0,226.54,613.28,2890.0,922.29,3500.0,925.56,0.569,0.846,0.501,0.224,22.5,TARGETED_EAST_OCCUPANCY_COOL,1.086
4,High Occupancy / Low Computer Load,0,300,3000.0,34,8,9,9,8,11.32,2.15,LIGHT,62.38,7.11,3.8,IDLE,59.59,12.51,1.66,LIGHT,63.13,7.98,3.79,IDLE,60.66,12.89,2.98,LIGHT,65.58,8.3,2.13,IDLE,58.57,8.8,1.18,IDLE,57.77,11.82,2.32,LIGHT,63.25,10.92,3.79,LIGHT,64.33,12.26,1.5,LIGHT,62.58,27.83,58.0,201.7,0.25,22.0,COOLING,0.25,22.0,COOLING,0.25,22.0,COOLING,0.25,22.0,COOLING,22.959,23.061,23.098,22.775,22.973,23.098,22.775,0.323,245.76,124.15,121.02,126.91,680.0,765.0,765.0,680.0,180.47,228.7,278.34,234.85,-6.94,-11.44,-41.68,60.06,875.0,875.0,875.0,875.0,224.29,231.41,247.68,226.82,617.84,2890.0,922.36,3500.0,930.2,0.574,0.851,0.505,0.228,22.5,TARGETED_EAST_OCCUPANCY_COOL,1.102
4,High Occupancy / Low Computer Load,0,301,3010.0,34,8,9,9,8,9.28,1.69,IDLE,59.13,10.0,1.94,LIGHT,60.41,10.96,3.82,LIGHT,64.43,11.13,2.74,LIGHT,63.02,10.67,2.28,LIGHT,61.76,10.89,2.37,LIGHT,62.17,10.41,2.09,LIGHT,61.15,10.31,1.44,LIGHT,60.05,10.13,3.84,LIGHT,63.42,10.57,3.01,LIGHT,62.73,27.84,58.0,201.8,0.25,22.0,COOLING,0.25,22.0,COOLING,0.25,22.0,COOLING,0.25,22.0,COOLING,22.964,23.066,23.103,22.78,22.978,23.103,22.78,0.323,246.99,123.93,121.2,126.15,680.0,765.0,765.0,680.0,180.61,228.87,278.52,235.02,-6.94,-11.44,-41.68,60.06,875.0,875.0,875.0,875.0,225.66,231.36,248.04,226.23,618.27,2890.0,923.02,3500.0,931.29,0.578,0.856,0.51,0.232,22.5,TARGETED_EAST_OCCUPANCY_COOL,1.1175
4,High Occupancy / Low Computer Load,0,302,3020.0,34,8,9,9,8,8.43,1.98,IDLE,58.51,9.34,1.54,IDLE,58.98,9.71,3.27,IDLE,62.04,9.64,2.26,IDLE,60.44,7.35,1.24,IDLE,56.05,11.45,1.29,LIGHT,61.25,9.85,1.37,IDLE,59.37,11.66,1.13,LIGHT,61.27,7.36,3.32,IDLE,59.18,9.1,2.99,IDLE,60.86,27.84,58.0,201.9,0.25,22.0,COOLING,0.25,22.0,COOLING,0.25,22.0,COOLING,0.25,22.0,COOLING,22.968,23.071,23.108,22.784,22.983,23.108,22.784,0.324,239.97,117.3,120.64,120.04,680.0,765.0,765.0,680.0,180.54,228.83,278.51,234.98,-6.93,-11.44,-41.69,60.06,875.0,875.0,875.0,875.0,218.58,224.69,247.46,220.08,597.95,2890.0,922.86,3500.0,910.81,0.581,0.861,0.513,0.234,22.5,TARGETED_EAST_OCCUPANCY_COOL,1.1311
4,High Occupancy / Low Computer Load,0,303,3030.0,34,8,9,9,8,11.59,1.95,LIGHT,62.41,12.46,3.32,LIGHT,65.56,11.48,2.08,LIGHT,62.47,12.41,3.23,LIGHT,65.36,9.48,2.71,IDLE,60.91,11.95,2.95,LIGHT,64.36,7.07,3.23,IDLE,58.68,8.16,2.54,IDLE,59.01,12.04,2.55,LIGHT,63.88,8.59,2.83,IDLE,59.98,27.84,58.0,202.1,0.25,22.0,COOLING,0.25,22.0,COOLING,0.25,22.0,COOLING,0.25,22.0,COOLING,22.973,23.076,23.113,22.789,22.988,23.113,22.789,0.324,255.8,125.27,117.69,123.86,680.0,765.0,765.0,680.0,180.54,228.84,278.58,235.01,-6.81,-11.57,-41.81,60.19,875.0,875.0,875.0,875.0,234.53,232.54,244.46,224.06,622.62,2890.0,922.97,3500.0,935.59,0.587,0.865,0.518,0.24,22.5,TARGETED_EAST_OCCUPANCY_COOL,1.1481
4,High Occupancy / Low Computer Load,0,304,3040.0,34,8,9,9,8,12.69,3.99,LIGHT,66.85,7.51,2.61,IDLE,58.3,8.7,2.61,IDLE,59.79,9.4,2.58,IDLE,60.62,9.77,2.06,IDLE,60.3,10.81,1.4,LIGHT,60.61,7.32,1.78,IDLE,56.82,8.45,2.71,IDLE,59.63,11.12,3.8,LIGHT,64.6,9.93,1.39,IDLE,59.5,27.84,58.0,202.2,0.25,22.0,COOLING,0.25,22.0,COOLING,0.25,22.0,COOLING,0.25,22.0,COOLING,22.978,23.081,23.118,22.794,22.993,23.118,22.794,0.324,245.56,120.91,116.45,124.1,680.0,765.0,765.0,680.0,180.47,228.81,278.55,234.98,-6.81,-11.57,-41.81,60.18,875.0,875.0,875.0,875.0,224.22,228.15,243.19,224.26,607.02,2890.0,922.81,3500.0,919.82,0.591,0.869,0.522,0.244,22.5,TARGETED_EAST_OCCUPANCY_COOL,1.1618
4,High Occupancy / Low Computer Load,0,305,3050.0,34,8,9,9,8,8.89,3.31,IDLE,61.08,8.34,3.1,IDLE,60.07,7.86,3.44,IDLE,59.98,9.03,3.49,IDLE,61.52,12.52,1.45,LIGHT,62.82,10.03,2.35,LIGHT,61.06,9.51,2.96,IDLE,61.33,8.16,3.13,IDLE,59.9,12.67,3.0,LIGHT,65.34,9.98,3.14,IDLE,62.19,27.85,58.0,202.4,0.25,22.0,COOLING,0.25,22.0,COOLING,0.25,22.0,COOLING,0.25,22.0,COOLING,22.983,23.086,23.123,22.799,22.998,23.123,22.799,0.324,242.65,123.88,121.23,127.53,680.0,765.0,765.0,680.0,180.65,229.03,278.84,235.2,-6.81,-11.56,-41.81,60.18,875.0,875.0,875.0,875.0,221.49,231.35,248.26,227.91,615.29,2890.0,923.72,3500.0,929.01,0.595,0.874,0.527,0.249,22.5,TARGETED_EAST_OCCUPANCY_COOL,1.1784
4,High Occupancy / Low Computer Load,0,306,3060.0,34,8,9,9,8,8.25,1.45,IDLE,57.49,12.59,3.75,LIGHT,66.36,8.11,3.72,IDLE,60.72,9.56,1.86,IDLE,59.74,10.07,2.31,LIGHT,61.05,9.0,3.43,IDLE,61.4,8.97,3.33,IDLE,61.21,8.82,3.58,IDLE,61.39,7.34,1.3,IDLE,56.12,12.38,2.8,LIGHT,64.67,27.85,58.0,202.5,0.25,22.0,COOLING,0.25,22.0,COOLING,0.25,22.0,COOLING,0.25,22.0,COOLING,22.988,23.091,23.128,22.804,23.003,23.128,22.804,0.324,244.31,122.45,122.6,120.79,680.0,765.0,765.0,680.0,180.58,228.99,278.82,235.16,-6.81,-11.56,-41.81,60.19,875.0,875.0,875.0,875.0,223.08,229.88,249.61,221.14,610.15,2890.0,923.55,3500.0,923.71,0.6,0.879,0.531,0.252,22.5,TARGETED_EAST_OCCUPANCY_COOL,1.1948
4,High Occupancy / Low Computer Load,0,307,3070.0,34,8,9,9,8,8.12,3.45,IDLE,60.33,8.11,1.82,IDLE,57.87,10.0,2.74,LIGHT,61.61,9.0,3.79,IDLE,61.94,11.08,2.83,LIGHT,63.09,7.03,1.08,IDLE,55.41,8.86,3.4,IDLE,61.18,11.59,2.16,LIGHT,62.73,11.44,1.99,LIGHT,62.28,12.74,3.38,LIGHT,66.0,27.85,58.0,202.6,0.25,22.0,COOLING,0.25,22.0,COOLING,0.25,22.0,COOLING,0.25,22.0,COOLING,22.992,23.096,23.133,22.809,23.008,23.133,22.809,0.324,241.75,118.5,123.91,128.28,680.0,765.0,765.0,680.0,180.5,228.94,278.79,235.11,-6.81,-11.57,-41.81,60.19,875.0,875.0,875.0,875.0,220.44,225.87,250.89,228.58,612.44,2890.0,923.34,3500.0,925.78,0.603,0.883,0.536,0.257,22.5,TARGETED_EAST_OCCUPANCY_COOL,1.2091
4,High Occupancy / Low Computer Load,0,308,3080.0,34,8,9,9,8,10.1,3.09,LIGHT,62.26,10.14,3.2,LIGHT,62.47,10.51,3.16,LIGHT,62.88,8.51,3.15,IDLE,60.36,12.14,3.65,LIGHT,65.65,8.68,3.4,IDLE,60.95,10.2,2.16,LIGHT,60.99,10.01,3.5,LIGHT,62.76,8.78,3.37,IDLE,61.03,9.0,1.87,IDLE,59.05,27.86,58.0,202.8,0.25,22.0,COOLING,0.25,22.0,COOLING,0.25,22.0,COOLING,0.25,22.0,COOLING,22.997,23.101,23.138,22.813,23.012,23.138,22.813,0.325,247.97,126.6,123.75,120.08,680.0,765.0,765.0,680.0,180.71,229.18,279.08,235.35,-6.58,-11.68,-41.82,60.07,875.0,875.0,875.0,875.0,227.1,234.1,251.01,220.5,618.4,2890.0,924.32,3500.0,932.71,0.608,0.889,0.54,0.259,22.5,TARGETED_EAST_OCCUPANCY_COOL,1.2275
4,High Occupancy / Low Computer Load,0,309,3090.0,34,8,9,9,8,8.14,3.33,IDLE,60.17,8.31,2.34,IDLE,58.9,9.09,1.85,IDLE,59.14,9.4,2.87,IDLE,61.05,11.02,3.91,LIGHT,64.64,10.87,2.92,LIGHT,62.97,10.24,2.25,LIGHT,61.17,12.35,3.59,LIGHT,65.82,7.85,2.45,IDLE,58.49,8.63,1.0,IDLE,57.29,27.86,58.0,202.9,0.25,22.0,COOLING,0.25,22.0,COOLING,0.25,22.0,COOLING,0.25,22.0,COOLING,23.001,23.106,23.143,22.817,23.017,23.143,22.817,0.326,239.26,127.61,126.99,115.78,680.0,765.0,765.0,680.0,180.64,229.13,279.06,235.32,-6.69,-11.69,-41.94,60.31,875.0,875.0,875.0,875.0,218.21,235.05,254.11,216.41,609.64,2890.0,924.15,3500.0,923.78,0.612,0.895,0.544,0.261,22.5,TARGETED_EAST_OCCUPANCY_COOL,1.2431
4,High Occupancy / Low Computer Load,0,310,3100.0,34,8,9,9,8,8.66,2.96,IDLE,60.27,9.25,1.41,IDLE,58.68,11.7,2.73,LIGHT,63.72,9.46,1.83,IDLE,59.57,9.53,1.8,IDLE,59.61,11.07,3.22,LIGHT,63.67,9.43,1.59,IDLE,59.17,7.43,2.37,IDLE,57.84,7.63,1.22,IDLE,56.37,11.04,1.66,LIGHT,61.29,27.86,58.0,203.1,0.25,22.0,COOLING,0.25,22.0,COOLING,0.25,22.0,COOLING,0.25,22.0,COOLING,23.006,23.111,23.148,22.821,23.021,23.148,22.821,0.327,242.24,123.28,117.01,117.66,680.0,765.0,765.0,680.0,180.63,229.15,279.13,235.36,-6.56,-11.82,-42.06,60.44,875.0,875.0,875.0,875.0,221.31,230.61,244.08,218.46,600.19,2890.0,924.27,3500.0,914.46,0.616,0.898,0.547,0.266,22.5,TARGETED_EAST_OCCUPANCY_COOL,1.2572
4,High Occupancy / Low Computer Load,0,311,3110.0,34,8,9,9,8,10.09,2.36,LIGHT,61.15,8.33,3.69,IDLE,60.95,11.76,1.48,LIGHT,61.92,7.6,2.91,IDLE,58.87,12.87,1.17,LIGHT,62.84,8.92,1.17,IDLE,57.91,12.82,1.39,LIGHT,63.11,7.28,2.16,IDLE,57.34,7.59,2.28,IDLE,57.91,9.34,3.62,IDLE,62.1,27.86,58.0,203.2,0.25,22.0,COOLING,0.25,22.0,COOLING,0.25,22.0,COOLING,0.25,22.0,COOLING,23.011,23.116,23.153,22.826,23.026,23.153,22.826,0.327,242.89,120.75,120.45,120.01,680.0,765.0,765.0,680.0,180.56,229.1,279.11,235.34,-6.67,-11.83,-42.17,60.67,875.0,875.0,875.0,875.0,221.78,228.02,247.39,221.02,604.1,2890.0,924.11,3500.0,918.21,0.621,0.903,0.552,0.27,22.5,TARGETED_EAST_OCCUPANCY_COOL,1.274
4,High Occupancy / Low Computer Load,0,312,3120.0,34,8,9,9,8,11.47,2.51,LIGHT,63.1,9.94,1.7,IDLE,59.97,8.05,3.83,IDLE,60.81,7.95,1.98,IDLE,57.91,8.38,3.6,IDLE,60.88,12.81,2.61,LIGHT,64.93,12.35,2.24,LIGHT,63.8,9.22,3.47,IDLE,61.73,7.21,2.09,IDLE,57.15,11.68,1.72,LIGHT,62.18,27.87,58.0,203.3,0.25,22.0,COOLING,0.25,22.0,COOLING,0.25,22.0,COOLING,0.25,22.0,COOLING,23.016,23.121,23.158,22.83,23.031,23.158,22.83,0.328,241.79,125.81,125.53,119.33,680.0,765.0,765.0,680.0,180.71,229.27,279.31,235.51,-6.67,-11.83,-42.17,60.67,875.0,875.0,875.0,875.0,220.83,233.25,252.67,220.51,612.46,2890.0,924.8,3500.0,927.26,0.625,0.909,0.556,0.273,22.5,TARGETED_EAST_OCCUPANCY_COOL,1.2925
4,High Occupancy / Low Computer Load,0,313,3130.0,34,8,9,9,8,9.4,1.77,IDLE,59.41,7.79,1.41,IDLE,56.85,8.25,1.09,IDLE,56.95,9.29,3.17,IDLE,61.37,9.06,1.76,IDLE,58.97,12.23,2.29,LIGHT,63.72,12.36,1.39,LIGHT,62.54,8.03,1.6,IDLE,57.44,8.18,3.55,IDLE,60.55,7.21,2.93,IDLE,58.41,27.87,58.0,203.5,0.25,22.0,COOLING,0.25,22.0,COOLING,0.25,22.0,COOLING,0.25,22.0,COOLING,23.02,23.126,23.163,22.834,23.036,23.163,22.834,0.329,234.58,122.69,119.98,118.96,680.0,765.0,765.0,680.0,180.67,229.29,279.37,235.55,-6.78,-11.84,-42.28,60.91,875.0,875.0,875.0,875.0,213.47,230.14,247.07,220.42,596.21,2890.0,924.88,3500.0,911.1,0.629,0.913,0.56,0.276,22.5,TARGETED_EAST_OCCUPANCY_COOL,1.3061
4,High Occupancy / Low Computer Load,0,314,3140.0,34,8,9,9,8,12.84,2.48,LIGHT,64.77,9.57,2.27,IDLE,60.37,8.8,2.64,IDLE,59.96,10.99,1.03,LIGHT,60.28,7.83,3.88,IDLE,60.61,8.65,3.77,IDLE,61.47,10.51,3.84,LIGHT,63.9,9.98,1.86,IDLE,60.27,9.26,1.9,IDLE,59.43,11.4,1.06,LIGHT,60.84,27.87,58.0,203.6,0.25,22.0,COOLING,0.25,22.0,COOLING,0.25,22.0,COOLING,0.25,22.0,COOLING,23.025,23.131,23.168,22.839,23.041,23.168,22.839,0.329,245.38,122.08,124.17,120.27,680.0,765.0,765.0,680.0,180.63,229.25,279.35,235.52,-6.65,-11.97,-42.4,61.03,875.0,875.0,875.0,875.0,224.36,229.36,251.12,221.82,611.9,2890.0,924.75,3500.0,926.66,0.634,0.918,0.565,0.281,22.5,TARGETED_EAST_OCCUPANCY_COOL,1.3248
4,High Occupancy / Low Computer Load,0,315,3150.0,34,8,9,9,8,12.44,2.22,LIGHT,63.88,9.46,1.21,IDLE,58.64,9.61,3.3,IDLE,61.96,8.47,3.74,IDLE,61.2,7.58,2.73,IDLE,58.57,12.48,2.77,LIGHT,64.75,10.24,3.01,LIGHT,62.31,12.4,1.88,LIGHT,63.32,8.72,1.93,IDLE,58.8,11.27,1.07,LIGHT,60.69,27.88,58.0,203.8,0.25,22.0,COOLING,0.25,22.0,COOLING,0.25,22.0,COOLING,0.25,22.0,COOLING,23.03,23.136,23.173,22.844,23.046,23.173,22.844,0.329,245.68,123.32,125.63,119.49,680.0,765.0,765.0,680.0,180.8,229.48,279.63,235.76,-6.65,-11.97,-42.4,61.03,875.0,875.0,875.0,875.0,224.83,230.83,252.86,221.28,614.12,2890.0,925.67,3500.0,929.8,0.638,0.923,0.569,0.285,22.5,TARGETED_EAST_OCCUPANCY_COOL,1.3423
4,High Occupancy / Low Computer Load,0,316,3160.0,34,8,9,9,8,8.1,2.59,IDLE,59.01,10.16,1.22,LIGHT,59.53,11.27,1.7,LIGHT,61.64,11.98,1.12,LIGHT,61.66,10.14,2.12,LIGHT,60.85,10.85,3.09,LIGHT,63.2,9.77,2.77,IDLE,61.37,9.54,3.62,IDLE,62.35,7.5,2.18,IDLE,57.65,10.8,1.23,LIGHT,60.34,27.88,58.0,203.9,0.25,22.0,COOLING,0.25,22.0,COOLING,0.25,22.0,COOLING,0.25,22.0,COOLING,23.035,23.141,23.178,22.848,23.05,23.178,22.848,0.33,241.84,124.05,123.72,117.99,680.0,765.0,765.0,680.0,180.73,229.44,279.61,235.71,-6.66,-11.97,-42.4,61.03,875.0,875.0,875.0,875.0,220.91,231.52,250.93,219.73,607.6,2890.0,925.49,3500.0,923.09,0.643,0.928,0.573,0.288,22.5,TARGETED_EAST_OCCUPANCY_COOL,1.3588
4,High Occupancy / Low Computer Load,0,317,3170.0,34,8,9,9,8,11.53,2.47,LIGHT,63.12,7.89,2.33,IDLE,58.36,12.69,2.43,LIGHT,64.51,10.97,3.66,LIGHT,64.2,11.44,2.53,LIGHT,63.09,7.43,1.26,IDLE,56.18,7.32,1.9,IDLE,57.0,11.95,1.24,LIGHT,61.8,9.39,1.44,IDLE,58.9,12.53,3.61,LIGHT,66.08,27.88,58.0,204.0,0.25,22.0,COOLING,0.25,22.0,COOLING,0.25,22.0,COOLING,0.25,22.0,COOLING,23.04,23.146,23.183,22.853,23.056,23.183,22.853,0.33,250.19,119.27,118.8,124.98,680.0,765.0,765.0,680.0,180.67,229.39,279.59,235.69,-6.77,-11.98,-42.52,61.27,875.0,875.0,875.0,875.0,229.09,226.68,245.87,226.94,613.24,2890.0,925.34,3500.0,928.58,0.647,0.93,0.578,0.294,22.5,TARGETED_EAST_OCCUPANCY_COOL,1.3748
4,High Occupancy / Low Computer Load,0,318,3180.0,34,8,9,9,8,9.96,3.18,IDLE,62.22,9.77,3.07,IDLE,61.82,12.13,2.44,LIGHT,63.82,7.05,3.36,IDLE,58.85,7.4,3.79,IDLE,59.94,10.14,2.93,LIGHT,62.07,12.11,3.29,LIGHT,65.07,7.8,2.67,IDLE,58.76,11.65,2.92,LIGHT,63.94,10.8,1.42,LIGHT,60.63,27.88,58.0,204.2,0.25,22.0,COOLING,0.25,22.0,COOLING,0.25,22.0,COOLING,0.25,22.0,COOLING,23.045,23.151,23.188,22.858,23.061,23.188,22.858,0.33,246.71,122.01,123.83,124.57,680.0,765.0,765.0,680.0,180.64,229.4,279.66,235.7,-6.76,-11.99,-42.51,61.26,875.0,875.0,875.0,875.0,225.59,229.42,250.98,226.53,617.12,2890.0,925.4,3500.0,932.52,0.652,0.936,0.582,0.298,22.5,TARGETED_EAST_OCCUPANCY_COOL,1.3932
4,High Occupancy / Low Computer Load,0,319,3190.0,34,8,9,9,8,7.09,1.19,IDLE,55.65,11.92,2.51,LIGHT,63.66,9.64,3.28,IDLE,61.97,7.83,1.37,IDLE,56.84,7.46,3.63,IDLE,59.77,8.21,1.37,IDLE,57.32,11.73,2.47,LIGHT,63.37,8.9,3.88,IDLE,61.95,12.49,1.34,LIGHT,62.62,8.15,2.17,IDLE,58.44,27.89,58.0,204.3,0.25,22.0,COOLING,0.25,22.0,COOLING,0.25,22.0,COOLING,0.25,22.0,COOLING,23.049,23.156,23.193,22.863,23.065,23.193,22.863,0.33,238.12,117.09,125.32,121.06,680.0,765.0,765.0,680.0,180.78,229.58,279.85,235.88,-6.77,-11.98,-42.51,61.26,875.0,875.0,875.0,875.0,217.13,224.69,252.66,223.2,601.59,2890.0,926.09,3500.0,917.68,0.655,0.94,0.587,0.301,22.5,TARGETED_EAST_OCCUPANCY_COOL,1.4086
4,High Occupancy / Low Computer Load,0,320,3200.0,34,8,9,9,8,11.56,1.02,LIGHT,60.98,7.65,2.12,IDLE,57.74,11.0,3.07,LIGHT,63.35,7.65,1.27,IDLE,56.47,12.69,2.56,LIGHT,64.7,7.35,2.21,IDLE,57.5,7.59,3.26,IDLE,59.38,8.88,3.79,IDLE,61.79,8.76,1.96,IDLE,58.89,11.91,1.64,LIGHT,62.35,27.89,58.0,204.4,0.25,22.0,COOLING,0.25,22.0,COOLING,0.25,22.0,COOLING,0.25,22.0,COOLING,23.053,23.161,23.198,22.868,23.07,23.198,22.868,0.33,238.54,122.2,121.17,121.24,680.0,765.0,765.0,680.0,180.73,229.53,279.84,235.83,-6.53,-12.09,-42.53,61.16,875.0,875.0,875.0,875.0,217.74,229.64,248.48,223.23,603.15,2890.0,925.93,3500.0,919.09,0.659,0.944,0.591,0.306,22.5,TARGETED_EAST_OCCUPANCY_COOL,1.4247
4,High Occupancy / Low Computer Load,0,321,3210.0,34,8,9,9,8,9.91,3.43,IDLE,62.53,7.42,1.59,IDLE,56.66,7.33,2.5,IDLE,57.91,10.52,2.82,LIGHT,62.38,12.21,3.21,LIGHT,65.08,7.87,2.34,IDLE,58.35,11.16,1.95,LIGHT,61.88,9.59,2.39,IDLE,60.57,8.47,2.16,IDLE,58.83,12.81,2.4,LIGHT,64.61,27.89,58.0,204.6,0.25,22.0,COOLING,0.25,22.0,COOLING,0.25,22.0,COOLING,0.25,22.0,COOLING,23.057,23.166,23.203,22.873,23.075,23.203,22.873,0.33,239.48,123.43,122.45,123.44,680.0,765.0,765.0,680.0,180.72,229.55,279.9,235.85,-6.3,-12.21,-42.55,61.05,875.0,875.0,875.0,875.0,218.9,230.77,249.8,225.34,608.8,2890.0,926.02,3500.0,924.81,0.663,0.949,0.595,0.31,22.5,TARGETED_EAST_OCCUPANCY_COOL,1.4419
4,High Occupancy / Low Computer Load,0,322,3220.0,34,8,9,9,8,8.84,2.76,IDLE,60.19,12.21,2.19,LIGHT,63.55,8.01,3.03,IDLE,59.56,11.18,2.71,LIGHT,63.04,11.34,2.43,LIGHT,62.82,8.99,2.69,IDLE,60.27,7.02,2.17,IDLE,57.03,10.21,3.36,LIGHT,62.8,8.14,1.67,IDLE,57.68,12.2,3.04,LIGHT,64.81,27.89,58.0,204.7,0.25,22.0,COOLING,0.25,22.0,COOLING,0.25,22.0,COOLING,0.25,22.0,COOLING,23.062,23.171,23.208,22.878,23.08,23.208,22.878,0.33,246.34,123.09,119.83,122.49,680.0,765.0,765.0,680.0,180.67,229.51,279.88,235.81,-6.06,-12.32,-42.56,60.93,875.0,875.0,875.0,875.0,225.95,230.28,247.15,224.23,611.75,2890.0,925.87,3500.0,927.61,0.668,0.953,0.6,0.315,22.5,TARGETED_EAST_OCCUPANCY_COOL,1.4597
4,High Occupancy / Low Computer Load,0,323,3230.0,34,8,9,9,8,9.32,2.88,IDLE,60.97,7.59,2.82,IDLE,58.72,12.53,2.94,LIGHT,65.07,9.09,1.37,IDLE,58.42,8.93,2.09,IDLE,59.3,10.13,1.5,LIGHT,59.91,8.7,1.52,IDLE,58.16,10.11,1.03,LIGHT,59.18,8.5,3.88,IDLE,61.45,9.58,1.91,IDLE,59.84,27.9,58.0,204.9,0.25,22.0,COOLING,0.25,22.0,COOLING,0.25,22.0,COOLING,0.25,22.0,COOLING,23.067,23.176,23.213,22.883,23.085,23.213,22.883,0.33,243.18,119.21,117.34,121.29,680.0,765.0,765.0,680.0,180.86,229.73,280.17,236.03,-6.06,-12.31,-42.56,60.93,875.0,875.0,875.0,875.0,222.98,226.63,244.95,223.25,601.02,2890.0,926.79,3500.0,917.81,0.672,0.957,0.604,0.319,22.5,TARGETED_EAST_OCCUPANCY_COOL,1.4763
4,High Occupancy / Low Computer Load,0,324,3240.0,34,8,9,9,8,7.56,2.4,IDLE,58.05,12.16,3.14,LIGHT,64.91,8.08,2.37,IDLE,58.66,9.91,2.24,IDLE,60.75,8.42,2.11,IDLE,58.69,11.57,3.02,LIGHT,63.99,7.68,2.37,IDLE,58.16,7.93,1.44,IDLE,57.07,7.86,3.56,IDLE,60.17,7.05,2.69,IDLE,57.85,27.9,58.0,205.0,0.25,22.0,COOLING,0.25,22.0,COOLING,0.25,22.0,COOLING,0.25,22.0,COOLING,23.072,23.181,23.218,22.887,23.09,23.218,22.887,0.331,242.37,122.68,115.23,118.02,680.0,765.0,765.0,680.0,180.79,229.69,280.15,235.99,-6.06,-12.31,-42.56,60.94,875.0,875.0,875.0,875.0,222.1,230.06,242.82,219.95,598.3,2890.0,926.62,3500.0,914.93,0.677,0.962,0.608,0.322,22.5,TARGETED_EAST_OCCUPANCY_COOL,1.4944
4,High Occupancy / Low Computer Load,0,325,3250.0,34,8,9,9,8,10.21,1.46,LIGHT,59.95,7.21,2.53,IDLE,57.81,7.9,3.78,IDLE,60.55,12.69,3.72,LIGHT,66.44,8.14,3.25,IDLE,60.05,7.49,1.12,IDLE,56.04,9.99,3.3,IDLE,62.44,11.4,3.8,LIGHT,64.95,10.47,1.77,LIGHT,60.74,10.32,2.84,LIGHT,62.16,27.9,58.0,205.1,0.25,22.0,COOLING,0.25,22.0,COOLING,0.25,22.0,COOLING,0.25,22.0,COOLING,23.077,23.186,23.223,22.892,23.095,23.223,22.892,0.331,244.75,116.09,127.39,122.9,680.0,765.0,765.0,680.0,180.71,229.65,280.12,235.97,-6.17,-12.33,-42.67,61.17,875.0,875.0,875.0,875.0,224.29,223.41,254.84,225.04,611.13,2890.0,926.45,3500.0,927.58,0.681,0.968,0.613,0.326,22.5,TARGETED_EAST_OCCUPANCY_COOL,1.5146
4,High Occupancy / Low Computer Load,0,326,3260.0,34,8,9,9,8,9.19,1.73,IDLE,59.08,9.48,1.09,IDLE,58.48,7.69,1.58,IDLE,56.98,7.95,3.71,IDLE,60.5,12.25,1.54,LIGHT,62.62,10.79,3.06,LIGHT,63.08,8.99,1.5,IDLE,58.49,9.31,3.97,IDLE,62.59,9.9,1.31,IDLE,59.34,10.0,3.59,LIGHT,62.88,27.91,58.0,205.3,0.25,22.0,COOLING,0.25,22.0,COOLING,0.25,22.0,COOLING,0.25,22.0,COOLING,23.081,23.191,23.228,22.897,23.099,23.228,22.897,0.331,235.04,125.7,121.08,122.22,680.0,765.0,765.0,680.0,180.9,229.88,280.41,236.2,-6.17,-12.33,-42.67,61.17,875.0,875.0,875.0,875.0,214.77,233.25,248.82,224.59,604.04,2890.0,927.39,3500.0,921.43,0.685,0.972,0.617,0.33,22.5,TARGETED_EAST_OCCUPANCY_COOL,1.5304
4,High Occupancy / Low Computer Load,0,327,3270.0,34,8,9,9,8,9.94,2.54,IDLE,61.23,11.13,3.72,LIGHT,64.49,9.95,1.39,IDLE,59.52,8.33,2.55,IDLE,59.24,11.55,1.84,LIGHT,62.2,7.18,3.34,IDLE,58.98,11.54,3.57,LIGHT,64.78,7.08,3.51,IDLE,59.12,9.88,2.93,IDLE,61.75,11.82,2.38,LIGHT,63.34,27.91,58.0,205.4,0.25,22.0,COOLING,0.25,22.0,COOLING,0.25,22.0,COOLING,0.25,22.0,COOLING,23.086,23.196,23.233,22.902,23.104,23.233,22.902,0.331,244.48,121.18,123.9,125.09,680.0,765.0,765.0,680.0,180.84,229.84,280.38,236.16,-5.94,-12.44,-42.69,61.06,875.0,875.0,875.0,875.0,224.38,228.58,251.59,227.31,614.65,2890.0,927.22,3500.0,931.86,0.69,0.976,0.622,0.335,22.5,TARGETED_EAST_OCCUPANCY_COOL,1.5499
4,High Occupancy / Low Computer Load,0,328,3280.0,34,8,9,9,8,11.22,2.9,LIGHT,63.38,8.34,1.73,IDLE,58.02,11.11,3.96,LIGHT,64.83,12.25,3.12,LIGHT,64.99,12.86,2.35,LIGHT,64.6,10.18,3.06,LIGHT,62.32,7.72,2.45,IDLE,58.32,10.78,1.5,LIGHT,60.73,7.95,1.64,IDLE,57.4,10.04,3.39,LIGHT,62.63,27.91,58.0,205.6,0.25,22.0,COOLING,0.25,22.0,COOLING,0.25,22.0,COOLING,0.25,22.0,COOLING,23.091,23.201,23.238,22.907,23.109,23.238,22.907,0.331,251.22,126.92,119.05,120.03,680.0,765.0,765.0,680.0,180.82,229.85,280.46,236.17,-5.93,-12.44,-42.68,61.06,875.0,875.0,875.0,875.0,231.11,234.33,246.83,222.26,617.22,2890.0,927.3,3500.0,934.53,0.695,0.981,0.626,0.34,22.5,TARGETED_EAST_OCCUPANCY_COOL,1.5688
4,High Occupancy / Low Computer Load,0,329,3290.0,34,8,9,9,8,10.89,1.51,LIGHT,60.88,12.8,1.23,LIGHT,62.84,12.2,1.89,LIGHT,63.09,9.24,2.71,IDLE,60.61,10.02,1.34,LIGHT,59.53,12.08,3.27,LIGHT,65.0,8.64,3.41,IDLE,60.91,11.57,1.27,LIGHT,61.37,7.49,1.12,IDLE,56.04,7.65,3.17,IDLE,59.32,27.91,58.0,205.7,0.25,22.0,COOLING,0.25,22.0,COOLING,0.25,22.0,COOLING,0.25,22.0,COOLING,23.096,23.206,23.243,22.911,23.114,23.243,22.911,0.332,247.42,124.53,122.28,115.36,680.0,765.0,765.0,680.0,180.75,229.8,280.44,236.12,-5.94,-12.44,-42.68,61.06,875.0,875.0,875.0,875.0,227.23,231.89,250.04,217.54,609.59,2890.0,927.11,3500.0,926.7,0.699,0.986,0.63,0.342,22.5,TARGETED_EAST_OCCUPANCY_COOL,1.5878
4,High Occupancy / Low Computer Load,0,330,3300.0,34,8,9,9,8,7.26,1.65,IDLE,56.55,10.1,2.4,LIGHT,61.23,10.65,2.05,LIGHT,61.39,12.74,1.5,LIGHT,63.18,12.11,1.16,LIGHT,61.88,11.81,2.83,LIGHT,64.01,9.9,2.28,IDLE,60.8,10.77,2.98,LIGHT,62.93,12.0,3.15,LIGHT,64.72,9.53,1.41,IDLE,59.03,27.92,58.0,205.8,0.25,22.0,COOLING,0.25,22.0,COOLING,0.25,22.0,COOLING,0.25,22.0,COOLING,23.101,23.211,23.248,22.916,23.119,23.248,22.916,0.332,242.35,125.89,123.73,123.75,680.0,765.0,765.0,680.0,180.89,229.97,280.63,236.31,-6.04,-12.46,-42.79,61.29,875.0,875.0,875.0,875.0,222.2,233.4,251.57,226.35,615.72,2890.0,927.8,3500.0,933.52,0.703,0.99,0.635,0.347,22.5,TARGETED_EAST_OCCUPANCY_COOL,1.6061
4,High Occupancy / Low Computer Load,0,331,3310.0,34,8,9,9,8,11.0,1.45,LIGHT,60.92,11.84,3.94,LIGHT,65.71,10.63,2.74,LIGHT,62.4,12.78,3.07,LIGHT,65.58,11.85,3.23,LIGHT,64.66,12.53,2.88,LIGHT,64.98,7.44,3.92,IDLE,60.18,12.52,2.07,LIGHT,63.75,7.16,3.08,IDLE,58.57,10.08,3.24,LIGHT,62.46,27.92,58.0,206.0,0.25,22.0,COOLING,0.25,22.0,COOLING,0.25,22.0,COOLING,0.25,22.0,COOLING,23.106,23.216,23.253,22.921,23.124,23.253,22.921,0.332,254.61,129.64,123.93,121.03,680.0,765.0,765.0,680.0,180.86,229.99,280.7,236.34,-6.04,-12.45,-42.8,61.29,875.0,875.0,875.0,875.0,234.43,237.18,251.83,223.66,629.21,2890.0,927.89,3500.0,947.1,0.708,0.995,0.639,0.352,22.5,TARGETED_EAST_OCCUPANCY_COOL,1.627
4,High Occupancy / Low Computer Load,0,332,3320.0,34,8,9,9,8,12.4,3.75,LIGHT,66.12,8.03,3.31,IDLE,60.0,9.51,2.72,IDLE,60.97,7.66,2.68,IDLE,58.6,8.44,1.57,IDLE,57.91,12.62,1.64,LIGHT,63.23,7.1,3.94,IDLE,59.78,7.37,3.42,IDLE,59.34,7.37,2.65,IDLE,58.19,12.71,3.33,LIGHT,65.88,27.92,58.0,206.1,0.25,22.0,COOLING,0.25,22.0,COOLING,0.25,22.0,COOLING,0.25,22.0,COOLING,23.111,23.221,23.258,22.926,23.129,23.258,22.926,0.332,245.69,121.14,119.12,124.07,680.0,765.0,765.0,680.0,180.79,229.95,280.68,236.29,-6.05,-12.46,-42.79,61.3,875.0,875.0,875.0,875.0,225.43,228.63,247.01,226.66,610.02,2890.0,927.71,3500.0,927.73,0.712,0.998,0.643,0.357,22.5,TARGETED_EAST_OCCUPANCY_COOL,1.6425
4,High Occupancy / Low Computer Load,0,333,3330.0,34,8,9,9,8,9.47,2.91,IDLE,61.2,8.13,3.94,IDLE,61.07,7.42,1.07,IDLE,55.88,9.77,2.83,IDLE,61.46,8.96,2.69,IDLE,60.23,8.76,2.72,IDLE,60.03,9.02,3.32,IDLE,61.25,9.22,2.27,IDLE,59.93,8.3,1.16,IDLE,57.12,8.67,2.16,IDLE,59.08,27.93,58.0,206.2,0.25,22.0,COOLING,0.25,22.0,COOLING,0.25,22.0,COOLING,0.25,22.0,COOLING,23.115,23.226,23.263,22.93,23.133,23.263,22.93,0.333,239.61,120.26,121.18,116.2,680.0,765.0,765.0,680.0,180.94,230.12,280.87,236.47,-6.05,-12.46,-42.79,61.3,875.0,875.0,875.0,875.0,219.5,227.92,249.26,218.97,597.25,2890.0,928.4,3500.0,915.65,0.716,1.0,0.647,0.358,22.5,TARGETED_EAST_OCCUPANCY_COOL,1.6607
4,High Occupancy / Low Computer Load,0,334,3340.0,34,8,9,9,8,11.87,3.82,LIGHT,65.57,8.17,1.56,IDLE,57.55,9.15,3.58,IDLE,61.81,8.08,1.63,IDLE,57.55,10.66,3.5,LIGHT,63.58,11.45,2.7,LIGHT,63.36,7.18,3.25,IDLE,58.85,12.55,2.36,LIGHT,64.23,10.93,2.68,LIGHT,62.68,12.01,2.33,LIGHT,63.51,27.93,58.0,206.4,0.25,22.0,COOLING,0.25,22.0,COOLING,0.25,22.0,COOLING,0.25,22.0,COOLING,23.12,23.231,23.268,22.935,23.139,23.268,22.935,0.333,242.48,126.94,123.08,126.19,680.0,765.0,765.0,680.0,180.92,230.14,280.94,236.5,-5.92,-12.58,-42.92,61.42,875.0,875.0,875.0,875.0,222.48,234.5,251.1,229.11,618.69,2890.0,928.5,3500.0,937.19,0.721,1.0,0.653,0.363,22.5,TARGETED_EAST_OCCUPANCY_COOL,1.6812
4,High Occupancy / Low Computer Load,0,335,3350.0,34,8,9,9,8,8.55,2.08,IDLE,58.81,8.48,3.24,IDLE,60.46,8.2,3.23,IDLE,60.09,12.4,2.63,LIGHT,64.44,10.79,1.35,LIGHT,60.51,8.72,2.47,IDLE,59.6,12.14,2.44,LIGHT,63.83,10.36,2.58,LIGHT,61.82,9.09,2.41,IDLE,59.98,11.5,1.06,LIGHT,60.97,27.93,58.0,206.5,0.25,22.0,COOLING,0.25,22.0,COOLING,0.25,22.0,COOLING,0.25,22.0,COOLING,23.125,23.236,23.273,22.94,23.143,23.273,22.94,0.333,243.8,120.11,125.65,120.95,680.0,765.0,765.0,680.0,180.85,230.09,280.92,236.45,-5.92,-12.58,-42.92,61.42,875.0,875.0,875.0,875.0,223.73,227.62,253.65,223.82,610.51,2890.0,928.31,3500.0,928.82,0.726,1.0,0.658,0.366,22.5,TARGETED_EAST_OCCUPANCY_COOL,1.7006
4,High Occupancy / Low Computer Load,0,336,3360.0,34,8,9,9,8,7.95,3.91,IDLE,60.8,7.72,2.73,IDLE,58.74,7.45,1.68,IDLE,56.83,10.31,3.58,LIGHT,63.26,11.66,3.64,LIGHT,65.03,7.73,3.11,IDLE,59.33,9.96,3.59,IDLE,62.84,7.2,3.61,IDLE,59.41,12.81,3.43,LIGHT,66.16,9.9,2.19,IDLE,60.66,27.93,58.0,206.7,0.25,22.0,COOLING,0.25,22.0,COOLING,0.25,22.0,COOLING,0.25,22.0,COOLING,23.129,23.241,23.278,22.945,23.148,23.278,22.945,0.333,239.63,124.36,122.25,126.82,680.0,765.0,765.0,680.0,180.82,230.11,280.99,236.47,-5.92,-12.58,-42.92,61.42,875.0,875.0,875.0,875.0,219.53,231.89,250.32,229.71,613.06,2890.0,928.39,3500.0,931.45,0.73,1.0,0.663,0.371,22.5,TARGETED_EAST_OCCUPANCY_COOL,1.718
4,High Occupancy / Low Computer Load,0,337,3370.0,34,8,9,9,8,9.23,1.92,IDLE,59.42,12.46,3.63,LIGHT,66.02,10.38,3.7,LIGHT,63.53,12.21,1.43,LIGHT,62.41,9.71,2.27,IDLE,60.54,11.71,1.12,LIGHT,61.32,9.23,3.08,IDLE,61.16,7.86,2.31,IDLE,58.29,8.86,3.7,IDLE,61.62,11.78,3.29,LIGHT,64.66,27.94,58.0,206.8,0.25,22.0,COOLING,0.25,22.0,COOLING,0.25,22.0,COOLING,0.25,22.0,COOLING,23.134,23.246,23.283,22.95,23.153,23.283,22.95,0.333,251.38,121.86,119.45,126.28,680.0,765.0,765.0,680.0,180.99,230.28,281.18,236.64,-5.69,-12.69,-42.93,61.31,875.0,875.0,875.0,875.0,231.68,229.45,247.7,229.23,618.97,2890.0,929.09,3500.0,938.06,0.736,1.0,0.667,0.375,22.5,TARGETED_EAST_OCCUPANCY_COOL,1.7382
4,High Occupancy / Low Computer Load,0,338,3380.0,34,8,9,9,8,7.55,3.39,IDLE,59.52,8.96,1.79,IDLE,58.89,11.83,1.41,LIGHT,61.9,7.25,3.73,IDLE,59.66,7.03,2.74,IDLE,57.9,11.45,1.96,LIGHT,62.25,12.21,2.4,LIGHT,63.86,10.69,1.92,LIGHT,61.24,7.9,2.64,IDLE,58.84,10.81,1.97,LIGHT,61.47,27.94,58.0,206.9,0.25,22.0,COOLING,0.25,22.0,COOLING,0.25,22.0,COOLING,0.25,22.0,COOLING,23.138,23.251,23.288,22.955,23.158,23.288,22.955,0.333,239.97,120.15,125.1,120.31,680.0,765.0,765.0,680.0,180.92,230.23,281.17,236.6,-5.69,-12.69,-42.94,61.31,875.0,875.0,875.0,875.0,220.2,227.69,253.33,223.22,605.53,2890.0,928.92,3500.0,924.44,0.74,1.0,0.672,0.377,22.5,TARGETED_EAST_OCCUPANCY_COOL,1.7568
4,High Occupancy / Low Computer Load,0,339,3390.0,34,8,9,9,8,10.68,2.13,LIGHT,61.55,8.39,3.5,IDLE,60.74,11.79,2.3,LIGHT,63.19,7.44,3.56,IDLE,59.64,7.54,1.28,IDLE,56.34,10.91,1.72,LIGHT,61.22,12.98,1.55,LIGHT,63.55,7.3,1.83,IDLE,56.87,11.66,1.8,LIGHT,62.28,12.63,1.2,LIGHT,62.59,27.94,58.0,207.1,0.25,22.0,COOLING,0.25,22.0,COOLING,0.25,22.0,COOLING,0.25,22.0,COOLING,23.143,23.256,23.293,22.96,23.163,23.293,22.96,0.333,245.12,117.56,120.42,124.87,680.0,765.0,765.0,680.0,180.9,230.25,281.23,236.62,-5.45,-12.8,-42.95,61.2,875.0,875.0,875.0,875.0,225.57,225.01,248.7,227.69,607.97,2890.0,929.0,3500.0,926.97,0.746,1.0,0.677,0.382,22.5,TARGETED_EAST_OCCUPANCY_COOL,1.7757
4,High Occupancy / Low Computer Load,0,340,3400.0,34,8,9,9,8,10.56,3.86,LIGHT,63.99,12.36,2.31,LIGHT,63.92,10.07,1.33,LIGHT,59.58,7.43,2.96,IDLE,58.73,7.13,2.96,IDLE,58.35,9.46,2.17,IDLE,60.08,10.2,2.93,LIGHT,62.15,9.58,3.02,IDLE,61.51,11.31,2.99,LIGHT,63.62,11.68,2.05,LIGHT,62.68,27.94,58.0,207.2,0.25,22.0,COOLING,0.25,22.0,COOLING,0.25,22.0,COOLING,0.25,22.0,COOLING,23.148,23.261,23.298,22.965,23.168,23.298,22.965,0.333,246.22,118.43,123.66,126.3,680.0,765.0,765.0,680.0,180.84,230.21,281.21,236.57,-5.45,-12.8,-42.95,61.2,875.0,875.0,875.0,875.0,226.61,225.84,251.92,229.07,614.61,2890.0,928.83,3500.0,933.44,0.751,1.0,0.683,0.385,22.5,TARGETED_EAST_OCCUPANCY_COOL,1.7967
4,High Occupancy / Low Computer Load,0,341,3410.0,34,8,9,9,8,8.57,2.71,IDLE,59.78,9.35,3.13,IDLE,61.38,8.96,1.54,IDLE,58.51,8.55,3.58,IDLE,61.06,12.08,2.69,LIGHT,64.14,12.05,3.78,LIGHT,65.73,7.11,2.68,IDLE,57.91,10.09,2.57,LIGHT,61.47,11.63,3.06,LIGHT,64.13,12.84,3.17,LIGHT,65.8,27.95,58.0,207.4,0.25,22.0,COOLING,0.25,22.0,COOLING,0.25,22.0,COOLING,0.25,22.0,COOLING,23.153,23.266,23.303,22.97,23.173,23.303,22.97,0.333,240.73,129.87,119.38,129.93,680.0,765.0,765.0,680.0,181.01,230.43,281.49,236.8,-5.45,-12.8,-42.95,61.2,875.0,875.0,875.0,875.0,221.29,237.5,247.92,232.93,619.91,2890.0,929.73,3500.0,939.64,0.756,1.0,0.688,0.39,22.5,TARGETED_EAST_OCCUPANCY_COOL,1.8166
4,High Occupancy / Low Computer Load,0,342,3420.0,34,8,9,9,8,9.32,3.64,IDLE,62.11,10.97,1.61,LIGHT,61.13,10.63,2.44,LIGHT,61.95,12.37,3.56,LIGHT,65.8,11.84,3.98,LIGHT,65.77,11.42,1.34,LIGHT,61.28,9.84,1.7,IDLE,59.85,9.42,2.98,IDLE,61.24,11.36,1.59,LIGHT,61.59,10.69,3.8,LIGHT,64.06,27.95,58.0,207.5,0.25,22.0,COOLING,0.25,22.0,COOLING,0.25,22.0,COOLING,0.25,22.0,COOLING,23.158,23.271,23.308,22.975,23.178,23.308,22.975,0.333,250.99,127.05,121.09,125.65,680.0,765.0,765.0,680.0,180.95,230.4,281.47,236.76,-5.45,-12.8,-42.95,61.2,875.0,875.0,875.0,875.0,231.49,234.65,249.61,228.61,624.78,2890.0,929.58,3500.0,944.36,0.762,1.0,0.692,0.393,22.5,TARGETED_EAST_OCCUPANCY_COOL,1.8383
4,High Occupancy / Low Computer Load,0,343,3430.0,34,8,9,9,8,8.73,1.12,IDLE,57.59,11.98,1.34,LIGHT,61.98,10.65,2.3,LIGHT,61.76,8.17,2.59,IDLE,59.1,7.68,3.24,IDLE,59.46,12.22,3.45,LIGHT,65.45,12.11,2.35,LIGHT,63.66,10.21,3.33,LIGHT,62.76,10.61,1.39,LIGHT,60.35,10.46,1.09,LIGHT,59.71,27.95,58.0,207.6,0.25,22.0,COOLING,0.25,22.0,COOLING,0.25,22.0,COOLING,0.25,22.0,COOLING,23.163,23.276,23.313,22.98,23.183,23.313,22.98,0.333,240.43,124.91,126.42,120.06,680.0,765.0,765.0,680.0,180.88,230.35,281.45,236.71,-5.45,-12.8,-42.95,61.2,875.0,875.0,875.0,875.0,220.86,232.46,254.92,222.97,611.82,2890.0,929.39,3500.0,931.21,0.766,1.0,0.698,0.395,22.5,TARGETED_EAST_OCCUPANCY_COOL,1.8586
4,High Occupancy / Low Computer Load,0,344,3440.0,34,8,9,9,8,11.95,1.43,LIGHT,62.08,11.35,2.88,LIGHT,63.51,9.76,3.08,IDLE,61.82,9.26,1.39,IDLE,58.66,9.57,1.68,IDLE,59.48,9.24,3.97,IDLE,62.5,12.14,1.41,LIGHT,62.29,11.39,3.81,LIGHT,64.95,11.61,2.1,LIGHT,62.66,9.16,1.01,IDLE,57.97,27.96,58.0,207.8,0.25,22.0,COOLING,0.25,22.0,COOLING,0.25,22.0,COOLING,0.25,22.0,COOLING,23.168,23.281,23.318,22.985,23.188,23.318,22.985,0.333,246.07,121.98,127.24,120.63,680.0,765.0,765.0,680.0,181.06,230.59,281.73,236.95,-5.45,-12.8,-42.95,61.2,875.0,875.0,875.0,875.0,226.68,229.77,256.02,223.78,615.92,2890.0,930.33,3500.0,936.25,0.771,1.0,0.703,0.4,22.5,TARGETED_EAST_OCCUPANCY_COOL,1.8798
4,High Occupancy / Low Computer Load,0,345,3450.0,34,8,9,9,8,9.89,2.09,IDLE,60.5,12.65,3.92,LIGHT,66.69,12.94,2.0,LIGHT,64.17,8.26,2.75,IDLE,59.45,10.71,1.4,LIGHT,60.49,10.8,2.73,LIGHT,62.59,9.02,1.32,IDLE,58.25,7.71,3.42,IDLE,59.77,11.95,1.39,LIGHT,62.02,9.21,1.83,IDLE,59.26,27.96,58.0,207.9,0.25,22.0,COOLING,0.25,22.0,COOLING,0.25,22.0,COOLING,0.25,22.0,COOLING,23.173,23.286,23.323,22.99,23.193,23.323,22.99,0.333,250.81,123.08,118.02,121.28,680.0,765.0,765.0,680.0,180.99,230.54,281.71,236.9,-5.45,-12.8,-42.95,61.2,875.0,875.0,875.0,875.0,231.35,230.82,246.78,224.38,613.19,2890.0,930.14,3500.0,933.33,0.776,1.0,0.707,0.405,22.5,TARGETED_EAST_OCCUPANCY_COOL,1.8989
4,High Occupancy / Low Computer Load,0,346,3460.0,34,8,9,9,8,9.14,1.61,IDLE,58.84,10.37,3.13,LIGHT,62.66,12.44,2.8,LIGHT,64.75,10.71,3.51,LIGHT,63.65,8.48,3.01,IDLE,60.12,8.3,3.4,IDLE,60.48,10.09,2.39,LIGHT,61.2,11.03,3.4,LIGHT,63.89,7.39,1.95,IDLE,57.16,12.5,3.72,LIGHT,66.2,27.96,58.0,208.1,0.25,22.0,COOLING,0.25,22.0,COOLING,0.25,22.0,COOLING,0.25,22.0,COOLING,23.178,23.291,23.328,22.995,23.198,23.328,22.995,0.333,249.9,120.6,125.09,123.36,680.0,765.0,765.0,680.0,180.96,230.55,281.79,236.92,-5.45,-12.8,-42.95,61.2,875.0,875.0,875.0,875.0,230.41,228.35,253.93,226.48,618.95,2890.0,930.22,3500.0,939.17,0.781,1.0,0.713,0.408,22.5,TARGETED_EAST_OCCUPANCY_COOL,1.9211
4,High Occupancy / Low Computer Load,0,347,3470.0,34,8,9,9,8,9.74,2.3,IDLE,60.62,11.94,3.7,LIGHT,65.47,8.11,1.0,IDLE,56.64,9.68,1.36,IDLE,59.14,10.88,3.16,LIGHT,63.34,9.99,1.41,IDLE,59.6,7.32,2.47,IDLE,57.85,12.27,3.77,LIGHT,65.99,8.72,3.12,IDLE,60.58,8.31,3.86,IDLE,61.18,27.96,58.0,208.2,0.25,22.0,COOLING,0.25,22.0,COOLING,0.25,22.0,COOLING,0.25,22.0,COOLING,23.183,23.296,23.333,23.0,23.203,23.333,23.0,0.333,241.87,122.94,123.84,121.76,680.0,765.0,765.0,680.0,180.89,230.5,281.76,236.87,-5.45,-12.8,-42.95,61.2,875.0,875.0,875.0,875.0,222.31,230.64,252.65,224.83,610.41,2890.0,930.02,3500.0,930.43,0.786,1.0,0.718,0.412,22.5,TARGETED_EAST_OCCUPANCY_COOL,1.941
4,High Occupancy / Low Computer Load,0,348,3480.0,34,8,9,9,8,7.94,1.25,IDLE,56.8,11.28,2.51,LIGHT,62.87,7.36,2.21,IDLE,57.52,9.82,1.49,IDLE,59.51,10.55,2.62,LIGHT,62.12,9.92,3.25,IDLE,62.27,7.17,2.28,IDLE,57.38,11.69,1.36,LIGHT,61.65,8.9,1.13,IDLE,57.82,11.02,3.79,LIGHT,64.46,27.97,58.0,208.3,0.25,22.0,COOLING,0.25,22.0,COOLING,0.25,22.0,COOLING,0.25,22.0,COOLING,23.187,23.301,23.338,23.005,23.208,23.338,23.005,0.333,236.7,124.39,119.03,122.28,680.0,765.0,765.0,680.0,181.03,230.68,281.96,237.04,-5.45,-12.8,-42.95,61.2,875.0,875.0,875.0,875.0,217.28,232.27,248.04,225.52,602.4,2890.0,930.71,3500.0,923.11,0.79,1.0,0.722,0.415,22.5,TARGETED_EAST_OCCUPANCY_COOL,1.9593
4,High Occupancy / Low Computer Load,0,349,3490.0,34,8,9,9,8,12.42,3.99,LIGHT,66.51,8.15,2.15,IDLE,58.41,9.7,2.74,IDLE,61.23,11.15,3.99,LIGHT,64.92,10.88,1.44,LIGHT,60.76,11.5,3.71,LIGHT,64.94,9.4,3.58,IDLE,62.12,7.41,1.21,IDLE,56.08,12.64,1.55,LIGHT,63.12,11.48,1.02,LIGHT,60.88,27.97,58.0,208.5,0.25,22.0,COOLING,0.25,22.0,COOLING,0.25,22.0,COOLING,0.25,22.0,COOLING,23.192,23.306,23.343,23.01,23.213,23.343,23.01,0.333,251.07,125.7,118.2,124.0,680.0,765.0,765.0,680.0,181.02,230.69,282.03,237.06,-5.22,-12.91,-42.97,61.09,875.0,875.0,875.0,875.0,231.87,233.48,247.26,227.15,618.97,2890.0,930.8,3500.0,939.76,0.796,1.0,0.727,0.42,22.5,TARGETED_EAST_OCCUPANCY_COOL,1.9825
4,High Occupancy / Low Computer Load,0,350,3500.0,34,8,9,9,8,9.73,1.99,IDLE,60.15,9.19,3.12,IDLE,61.17,8.29,1.34,IDLE,57.37,7.95,2.62,IDLE,58.87,10.76,2.72,LIGHT,62.53,11.37,2.36,LIGHT,62.75,10.89,3.34,LIGHT,63.62,11.58,2.82,LIGHT,63.7,7.31,1.93,IDLE,57.03,7.5,1.46,IDLE,56.56,27.97,58.0,208.6,0.25,22.0,COOLING,0.25,22.0,COOLING,0.25,22.0,COOLING,0.25,22.0,COOLING,23.196,23.311,23.348,23.014,23.217,23.348,23.014,0.334,237.56,125.28,127.32,113.59,680.0,765.0,765.0,680.0,180.95,230.66,282.0,237.02,-5.21,-12.91,-42.96,61.09,875.0,875.0,875.0,875.0,218.3,233.03,256.36,216.7,603.75,2890.0,930.63,3500.0,924.39,0.8,1.0,0.732,0.419,22.5,TARGETED_EAST_OCCUPANCY_COOL,2.0037
4,High Occupancy / Low Computer Load,0,351,3510.0,34,8,9,9,8,11.31,2.13,LIGHT,62.33,8.18,2.36,IDLE,58.77,11.03,1.7,LIGHT,61.34,8.99,2.81,IDLE,60.45,7.54,2.75,IDLE,58.55,9.13,1.36,IDLE,58.45,8.62,2.85,IDLE,60.05,10.31,3.98,LIGHT,63.86,10.69,1.3,LIGHT,60.31,11.93,3.3,LIGHT,64.86,27.98,58.0,208.8,0.25,22.0,COOLING,0.25,22.0,COOLING,0.25,22.0,COOLING,0.25,22.0,COOLING,23.201,23.316,23.353,23.019,23.222,23.353,23.019,0.334,242.89,117.0,123.91,125.17,680.0,765.0,765.0,680.0,181.16,230.88,282.29,237.27,-5.09,-13.03,-43.09,61.22,875.0,875.0,875.0,875.0,223.96,224.85,253.11,228.66,608.97,2890.0,931.6,3500.0,930.58,0.805,1.0,0.738,0.426,22.5,TARGETED_EAST_OCCUPANCY_COOL,2.0237
4,High Occupancy / Low Computer Load,0,352,3520.0,34,8,9,9,8,12.2,2.94,LIGHT,64.66,8.0,1.67,IDLE,57.51,11.95,3.47,LIGHT,65.14,12.88,3.97,LIGHT,67.06,9.14,3.69,IDLE,61.96,7.37,2.62,IDLE,58.14,8.54,1.29,IDLE,57.61,10.32,1.89,LIGHT,60.73,11.53,3.97,LIGHT,65.37,8.69,2.11,IDLE,59.03,27.98,58.0,208.9,0.25,22.0,COOLING,0.25,22.0,COOLING,0.25,22.0,COOLING,0.25,22.0,COOLING,23.206,23.321,23.358,23.024,23.227,23.358,23.024,0.334,254.37,120.1,118.34,124.4,680.0,765.0,765.0,680.0,181.09,230.84,282.27,237.22,-5.09,-13.03,-43.09,61.22,875.0,875.0,875.0,875.0,235.37,227.91,247.52,227.84,617.21,2890.0,931.42,3500.0,938.64,0.811,1.0,0.742,0.431,22.5,TARGETED_EAST_OCCUPANCY_COOL,2.0459
4,High Occupancy / Low Computer Load,0,353,3530.0,34,8,9,9,8,11.54,4.0,LIGHT,65.42,7.97,2.3,IDLE,58.41,7.59,3.59,IDLE,59.87,9.83,3.14,IDLE,62.0,11.75,2.56,LIGHT,63.53,9.0,1.89,IDLE,59.09,8.89,3.21,IDLE,60.93,10.95,3.83,LIGHT,64.43,10.5,3.78,LIGHT,63.8,8.76,3.69,IDLE,61.48,27.98,58.0,209.0,0.25,22.0,COOLING,0.25,22.0,COOLING,0.25,22.0,COOLING,0.25,22.0,COOLING,23.211,23.326,23.363,23.029,23.232,23.363,23.029,0.334,245.7,122.62,125.36,125.28,680.0,765.0,765.0,680.0,181.02,230.79,282.25,237.17,-5.09,-13.04,-43.09,61.21,875.0,875.0,875.0,875.0,226.63,230.37,254.52,228.66,618.96,2890.0,931.23,3500.0,940.18,0.815,1.0,0.748,0.433,22.5,TARGETED_EAST_OCCUPANCY_COOL,2.0687
4,High Occupancy / Low Computer Load,0,354,3540.0,34,8,9,9,8,10.14,1.41,LIGHT,59.79,11.22,3.49,LIGHT,64.26,11.06,1.43,LIGHT,60.97,12.33,1.47,LIGHT,62.62,12.08,1.58,LIGHT,62.47,7.85,1.34,IDLE,56.82,12.58,1.03,LIGHT,62.27,12.01,1.25,LIGHT,61.89,12.19,1.86,LIGHT,63.03,10.45,1.09,LIGHT,59.7,27.98,58.0,209.2,0.25,22.0,COOLING,0.25,22.0,COOLING,0.25,22.0,COOLING,0.25,22.0,COOLING,23.216,23.331,23.368,23.034,23.237,23.368,23.034,0.334,247.64,119.29,124.16,122.73,680.0,765.0,765.0,680.0,180.98,230.81,282.32,237.2,-5.09,-13.04,-43.09,61.21,875.0,875.0,875.0,875.0,228.53,227.06,253.39,226.14,613.82,2890.0,931.31,3500.0,935.12,0.82,1.0,0.752,0.437,22.5,TARGETED_EAST_OCCUPANCY_COOL,2.0902
4,High Occupancy / Low Computer Load,0,355,3550.0,34,8,9,9,8,8.66,4.0,IDLE,61.83,12.21,2.72,LIGHT,64.34,8.34,1.64,IDLE,57.88,7.72,2.58,IDLE,58.52,8.96,3.48,IDLE,61.42,9.02,2.5,IDLE,60.02,9.99,2.99,IDLE,61.97,8.46,1.38,IDLE,57.65,12.92,1.98,LIGHT,64.12,8.98,2.72,IDLE,60.3,27.99,58.0,209.3,0.25,22.0,COOLING,0.25,22.0,COOLING,0.25,22.0,COOLING,0.25,22.0,COOLING,23.221,23.336,23.373,23.039,23.242,23.373,23.039,0.334,242.57,121.44,119.62,124.42,680.0,765.0,765.0,680.0,181.13,230.98,282.51,237.36,-5.09,-13.03,-43.09,61.22,875.0,875.0,875.0,875.0,223.61,229.39,249.04,228.0,608.05,2890.0,931.98,3500.0,930.04,0.825,1.0,0.757,0.441,22.5,TARGETED_EAST_OCCUPANCY_COOL,2.1107
4,High Occupancy / Low Computer Load,0,356,3560.0,34,8,9,9,8,10.22,2.75,LIGHT,61.9,12.78,2.88,LIGHT,65.3,8.97,1.43,IDLE,58.36,9.13,2.18,IDLE,59.68,9.99,3.76,IDLE,63.13,7.02,1.12,IDLE,55.45,9.48,1.95,IDLE,59.77,8.71,1.48,IDLE,58.11,12.76,2.96,LIGHT,65.39,7.18,2.14,IDLE,57.19,27.99,58.0,209.4,0.25,22.0,COOLING,0.25,22.0,COOLING,0.25,22.0,COOLING,0.25,22.0,COOLING,23.226,23.341,23.378,23.044,23.247,23.378,23.044,0.334,245.24,118.58,117.88,122.58,680.0,765.0,765.0,680.0,181.05,230.94,282.49,237.33,-5.09,-13.03,-43.09,61.21,875.0,875.0,875.0,875.0,226.2,226.49,247.28,226.12,604.28,2890.0,931.81,3500.0,926.09,0.83,1.0,0.762,0.445,22.5,TARGETED_EAST_OCCUPANCY_COOL,2.1324
4,High Occupancy / Low Computer Load,0,357,3570.0,34,8,9,9,8,12.05,1.06,LIGHT,61.65,11.78,3.12,LIGHT,64.41,7.42,3.47,IDLE,59.48,7.55,1.93,IDLE,57.33,9.82,1.44,IDLE,59.44,7.83,3.5,IDLE,60.04,8.91,3.13,IDLE,60.83,10.98,3.74,LIGHT,64.34,10.95,1.26,LIGHT,60.58,9.19,1.16,IDLE,58.23,27.99,58.0,209.6,0.25,22.0,COOLING,0.25,22.0,COOLING,0.25,22.0,COOLING,0.25,22.0,COOLING,23.231,23.346,23.383,23.049,23.252,23.383,23.049,0.334,242.87,119.48,125.17,118.81,680.0,765.0,765.0,680.0,181.03,230.95,282.56,237.34,-5.09,-13.04,-43.09,61.21,875.0,875.0,875.0,875.0,223.81,227.39,254.64,222.36,606.33,2890.0,931.88,3500.0,928.2,0.835,1.0,0.767,0.448,22.5,TARGETED_EAST_OCCUPANCY_COOL,2.1567
4,High Occupancy / Low Computer Load,0,358,3580.0,34,8,9,9,8,12.75,1.84,LIGHT,63.7,9.01,3.18,IDLE,61.03,7.36,3.94,IDLE,60.11,9.6,3.4,IDLE,62.1,11.5,3.91,LIGHT,65.24,11.83,3.75,LIGHT,65.41,9.57,1.53,IDLE,59.26,7.36,2.62,IDLE,58.13,10.44,2.22,LIGHT,61.38,11.9,1.37,LIGHT,61.93,27.99,58.0,209.7,0.25,22.0,COOLING,0.25,22.0,COOLING,0.25,22.0,COOLING,0.25,22.0,COOLING,23.236,23.351,23.388,23.054,23.257,23.388,23.054,0.334,246.94,130.65,117.39,123.31,680.0,765.0,765.0,680.0,180.96,230.91,282.54,237.29,-5.09,-13.03,-43.09,61.22,875.0,875.0,875.0,875.0,227.81,238.53,246.84,226.82,618.29,2890.0,931.7,3500.0,940.0,0.841,1.0,0.772,0.453,22.5,TARGETED_EAST_OCCUPANCY_COOL,2.1792
4,High Occupancy / Low Computer Load,0,359,3590.0,34,8,9,9,8,10.23,3.37,LIGHT,62.84,11.12,2.91,LIGHT,63.27,11.0,2.65,LIGHT,62.73,12.06,1.46,LIGHT,62.27,7.83,3.13,IDLE,59.48,9.01,1.05,IDLE,57.84,9.1,1.45,IDLE,58.55,12.62,2.34,LIGHT,64.28,10.87,2.9,LIGHT,62.94,10.88,2.02,LIGHT,61.63,28.0,58.0,209.9,0.25,22.0,COOLING,0.25,22.0,COOLING,0.25,22.0,COOLING,0.25,22.0,COOLING,23.241,23.356,23.393,23.059,23.262,23.393,23.059,0.334,251.11,117.32,122.83,124.57,680.0,765.0,765.0,680.0,181.14,231.14,282.82,237.53,-5.09,-13.03,-43.09,61.22,875.0,875.0,875.0,875.0,232.16,225.43,252.56,228.32,615.83,2890.0,932.63,3500.0,938.47,0.845,1.0,0.778,0.457,22.5,TARGETED_EAST_OCCUPANCY_COOL,2.2021
4,High Occupancy / Low Computer Load,0,360,3600.0,34,8,9,9,8,12.61,3.13,LIGHT,65.46,8.19,2.63,IDLE,59.18,7.15,1.61,IDLE,56.35,10.67,2.68,LIGHT,62.36,8.33,2.06,IDLE,58.5,10.67,1.93,LIGHT,61.23,11.47,2.63,LIGHT,63.28,12.18,1.39,LIGHT,62.31,7.07,3.7,IDLE,59.39,8.88,3.76,IDLE,61.74,28.0,58.0,210.0,0.25,22.0,COOLING,0.25,22.0,COOLING,0.25,22.0,COOLING,0.25,22.0,COOLING,23.246,23.361,23.398,23.064,23.267,23.398,23.064,0.334,243.35,119.73,125.59,121.13,680.0,765.0,765.0,680.0,181.07,231.1,282.8,237.48,-5.09,-13.04,-43.09,61.21,875.0,875.0,875.0,875.0,224.33,227.79,255.3,224.82,609.8,2890.0,932.45,3500.0,932.24,0.85,1.0,0.783,0.46,22.5,TARGETED_EAST_OCCUPANCY_COOL,2.2249
4,High Occupancy / Low Computer Load,0,361,3610.0,34,8,9,9,8,9.69,1.81,IDLE,59.83,11.67,1.59,LIGHT,61.97,7.59,1.21,IDLE,56.3,8.1,1.26,IDLE,57.02,8.32,1.18,IDLE,57.17,7.93,2.98,IDLE,59.38,11.64,3.01,LIGHT,64.06,7.55,3.0,IDLE,58.94,10.7,3.71,LIGHT,63.94,10.78,3.37,LIGHT,63.53,28.0,58.0,210.1,0.25,22.0,COOLING,0.25,22.0,COOLING,0.25,22.0,COOLING,0.25,22.0,COOLING,23.25,23.366,23.403,23.069,23.272,23.403,23.069,0.334,235.12,116.55,123.0,127.47,680.0,765.0,765.0,680.0,181.0,231.05,282.78,237.43,-5.09,-13.04,-43.09,61.21,875.0,875.0,875.0,875.0,216.03,224.56,252.69,231.11,602.14,2890.0,932.26,3500.0,924.39,0.854,1.0,0.788,0.464,22.5,TARGETED_EAST_OCCUPANCY_COOL,2.2442
4,High Occupancy / Low Computer Load,0,362,3620.0,34,8,9,9,8,11.58,2.04,LIGHT,62.54,11.98,2.64,LIGHT,63.94,7.87,1.35,IDLE,56.86,9.37,3.88,IDLE,62.53,10.85,3.1,LIGHT,63.21,10.18,2.74,LIGHT,61.84,9.75,1.49,IDLE,59.42,7.6,3.34,IDLE,59.51,11.28,2.47,LIGHT,62.8,8.71,3.14,IDLE,60.6,28.01,58.0,210.3,0.25,22.0,COOLING,0.25,22.0,COOLING,0.25,22.0,COOLING,0.25,22.0,COOLING,23.255,23.371,23.408,23.074,23.277,23.408,23.074,0.334,245.87,125.05,118.93,123.4,680.0,765.0,765.0,680.0,181.2,231.29,283.06,237.67,-4.86,-13.15,-43.1,61.11,875.0,875.0,875.0,875.0,227.21,233.19,248.89,227.18,613.25,2890.0,933.22,3500.0,936.47,0.86,1.0,0.792,0.468,22.5,TARGETED_EAST_OCCUPANCY_COOL,2.2691
4,High Occupancy / Low Computer Load,0,363,3630.0,34,8,9,9,8,8.37,1.37,IDLE,57.52,10.9,3.26,LIGHT,63.52,8.39,2.96,IDLE,59.93,7.82,2.63,IDLE,58.72,10.52,1.81,LIGHT,60.87,8.47,2.54,IDLE,59.4,10.2,3.89,LIGHT,63.59,8.2,2.68,IDLE,59.27,9.92,3.81,IDLE,63.11,12.91,2.02,LIGHT,64.17,28.01,58.0,210.4,0.25,22.0,COOLING,0.25,22.0,COOLING,0.25,22.0,COOLING,0.25,22.0,COOLING,23.26,23.376,23.413,23.079,23.282,23.413,23.079,0.334,239.69,120.27,122.86,127.28,680.0,765.0,765.0,680.0,181.13,231.24,283.04,237.62,-4.85,-13.14,-43.11,61.1,875.0,875.0,875.0,875.0,220.97,228.37,252.79,231.0,610.1,2890.0,933.03,3500.0,933.13,0.865,1.0,0.798,0.472,22.5,TARGETED_EAST_OCCUPANCY_COOL,2.2917
4,High Occupancy / Low Computer Load,0,364,3640.0,34,8,9,9,8,9.89,3.79,IDLE,63.05,7.64,3.27,IDLE,59.45,11.87,1.12,LIGHT,61.52,7.66,1.57,IDLE,56.93,11.66,2.19,LIGHT,62.86,9.1,2.24,IDLE,59.73,11.22,1.82,LIGHT,61.75,7.45,1.76,IDLE,56.95,12.93,1.72,LIGHT,63.74,12.3,2.04,LIGHT,63.44,28.01,58.0,210.6,0.25,22.0,COOLING,0.25,22.0,COOLING,0.25,22.0,COOLING,0.25,22.0,COOLING,23.265,23.381,23.418,23.084,23.287,23.418,23.084,0.334,240.95,122.59,118.7,127.18,680.0,765.0,765.0,680.0,181.09,231.25,283.11,237.64,-4.86,-13.15,-43.1,61.11,875.0,875.0,875.0,875.0,222.18,230.69,248.71,230.93,609.42,2890.0,933.09,3500.0,932.51,0.87,1.0,0.803,0.476,22.5,TARGETED_EAST_OCCUPANCY_COOL,2.3145
4,High Occupancy / Low Computer Load,0,365,3650.0,34,8,9,9,8,9.57,2.4,IDLE,60.56,8.61,2.38,IDLE,59.33,7.08,2.06,IDLE,56.94,12.15,1.32,LIGHT,62.17,7.42,1.34,IDLE,56.28,11.52,2.4,LIGHT,63.0,9.65,1.2,IDLE,58.86,7.53,1.4,IDLE,56.51,8.73,3.91,IDLE,61.78,9.04,1.32,IDLE,58.28,28.01,58.0,210.7,0.25,22.0,COOLING,0.25,22.0,COOLING,0.25,22.0,COOLING,0.25,22.0,COOLING,23.269,23.386,23.423,23.089,23.292,23.423,23.089,0.334,239.0,119.28,115.37,120.06,680.0,765.0,765.0,680.0,181.03,231.21,283.09,237.6,-4.86,-13.15,-43.1,61.11,875.0,875.0,875.0,875.0,220.17,227.34,245.36,223.77,593.71,2890.0,932.93,3500.0,916.64,0.874,1.0,0.807,0.479,22.5,TARGETED_EAST_OCCUPANCY_COOL,2.3351
4,High Occupancy / Low Computer Load,0,366,3660.0,34,8,9,9,8,9.14,3.18,IDLE,61.2,11.81,1.61,LIGHT,62.18,9.6,2.67,IDLE,61.01,11.17,1.37,LIGHT,61.02,10.93,3.87,LIGHT,64.47,12.58,2.94,LIGHT,65.14,8.92,3.64,IDLE,61.61,7.28,1.57,IDLE,56.45,10.22,3.16,LIGHT,62.52,12.9,3.01,LIGHT,65.64,28.02,58.0,210.8,0.25,22.0,COOLING,0.25,22.0,COOLING,0.25,22.0,COOLING,0.25,22.0,COOLING,23.274,23.391,23.428,23.094,23.297,23.428,23.094,0.334,245.41,129.61,118.06,128.16,680.0,765.0,765.0,680.0,181.2,231.38,283.29,237.77,-4.62,-13.26,-43.12,60.99,875.0,875.0,875.0,875.0,226.99,237.73,248.23,231.92,621.24,2890.0,933.64,3500.0,944.87,0.88,1.0,0.813,0.484,22.5,TARGETED_EAST_OCCUPANCY_COOL,2.362
4,High Occupancy / Low Computer Load,0,367,3670.0,34,8,9,9,8,10.98,3.36,LIGHT,63.77,12.98,2.95,LIGHT,65.65,7.59,1.28,IDLE,56.41,8.3,3.29,IDLE,60.31,9.18,3.15,IDLE,61.2,11.15,4.0,LIGHT,64.94,10.0,2.42,LIGHT,61.13,7.32,3.58,IDLE,59.52,9.12,1.58,IDLE,58.77,7.5,3.92,IDLE,60.26,28.02,58.0,211.0,0.25,22.0,COOLING,0.25,22.0,COOLING,0.25,22.0,COOLING,0.25,22.0,COOLING,23.279,23.396,23.433,23.099,23.302,23.433,23.099,0.334,246.14,126.14,120.65,119.03,680.0,765.0,765.0,680.0,181.16,231.4,283.35,237.79,-4.62,-13.25,-43.12,60.99,875.0,875.0,875.0,875.0,227.68,234.29,250.88,222.81,611.96,2890.0,933.7,3500.0,935.66,0.885,1.0,0.817,0.486,22.5,TARGETED_EAST_OCCUPANCY_COOL,2.3862
4,High Occupancy / Low Computer Load,0,368,3680.0,34,8,9,9,8,11.05,1.99,LIGHT,61.8,8.08,1.79,IDLE,57.79,10.2,1.69,LIGHT,60.28,10.38,1.4,LIGHT,60.08,9.77,3.8,IDLE,62.91,9.12,2.23,IDLE,59.74,12.38,2.74,LIGHT,64.59,12.94,2.41,LIGHT,64.79,12.62,3.48,LIGHT,66.0,7.25,2.67,IDLE,58.07,28.02,58.0,211.1,0.25,22.0,COOLING,0.25,22.0,COOLING,0.25,22.0,COOLING,0.25,22.0,COOLING,23.284,23.401,23.438,23.104,23.307,23.438,23.104,0.334,239.95,122.65,129.38,124.07,680.0,765.0,765.0,680.0,181.09,231.36,283.33,237.74,-4.62,-13.26,-43.12,60.99,875.0,875.0,875.0,875.0,221.42,230.75,259.59,227.8,616.05,2890.0,933.52,3500.0,939.56,0.89,1.0,0.823,0.49,22.5,TARGETED_EAST_OCCUPANCY_COOL,2.4111
4,High Occupancy / Low Computer Load,0,369,3690.0,34,8,9,9,8,11.36,1.43,LIGHT,61.35,11.08,3.66,LIGHT,64.34,7.29,2.65,IDLE,58.09,10.47,2.58,LIGHT,61.96,12.03,3.07,LIGHT,64.64,11.8,1.5,LIGHT,62.0,11.4,3.73,LIGHT,64.84,9.82,3.24,IDLE,62.13,7.25,2.76,IDLE,58.2,8.2,2.16,IDLE,58.49,28.02,58.0,211.2,0.25,22.0,COOLING,0.25,22.0,COOLING,0.25,22.0,COOLING,0.25,22.0,COOLING,23.289,23.406,23.443,23.108,23.312,23.443,23.108,0.335,245.74,126.64,126.97,116.69,680.0,765.0,765.0,680.0,181.02,231.31,283.31,237.69,-4.62,-13.26,-43.12,60.99,875.0,875.0,875.0,875.0,227.14,234.69,257.16,220.37,616.04,2890.0,933.33,3500.0,939.36,0.895,1.0,0.827,0.492,22.5,TARGETED_EAST_OCCUPANCY_COOL,2.4362
4,High Occupancy / Low Computer Load,0,370,3700.0,34,8,9,9,8,7.25,3.02,IDLE,58.59,7.2,1.35,IDLE,56.02,7.55,3.09,IDLE,59.07,7.4,3.59,IDLE,59.63,8.64,1.41,IDLE,57.91,10.49,3.57,LIGHT,63.47,12.22,3.4,LIGHT,65.38,10.13,2.52,LIGHT,61.44,8.58,1.4,IDLE,57.83,10.63,2.64,LIGHT,62.25,28.03,58.0,211.4,0.25,22.0,COOLING,0.25,22.0,COOLING,0.25,22.0,COOLING,0.25,22.0,COOLING,23.293,23.411,23.448,23.113,23.316,23.448,23.113,0.335,233.31,121.38,126.82,120.08,680.0,765.0,765.0,680.0,181.2,231.54,283.59,237.94,-4.73,-13.27,-43.23,61.23,875.0,875.0,875.0,875.0,214.78,229.65,257.18,224.25,601.59,2890.0,934.27,3500.0,925.86,0.899,1.0,0.833,0.495,22.5,TARGETED_EAST_OCCUPANCY_COOL,2.4564
4,High Occupancy / Low Computer Load,0,371,3710.0,34,8,9,9,8,9.8,2.71,IDLE,61.31,11.98,2.11,LIGHT,63.14,10.22,2.56,LIGHT,61.62,10.01,2.58,LIGHT,61.38,9.48,2.44,IDLE,60.51,9.39,3.87,IDLE,62.54,11.55,2.51,LIGHT,63.2,11.98,1.57,LIGHT,62.33,10.47,3.2,LIGHT,62.89,10.56,1.97,LIGHT,61.16,28.03,58.0,211.5,0.25,22.0,COOLING,0.25,22.0,COOLING,0.25,22.0,COOLING,0.25,22.0,COOLING,23.298,23.416,23.453,23.118,23.321,23.453,23.118,0.335,247.45,123.05,125.53,124.05,680.0,765.0,765.0,680.0,181.16,231.5,283.57,237.91,-4.49,-13.38,-43.25,61.12,875.0,875.0,875.0,875.0,229.12,231.17,255.85,228.08,620.08,2890.0,934.14,3500.0,944.22,0.905,1.0,0.838,0.501,22.5,TARGETED_EAST_OCCUPANCY_COOL,2.4827
4,High Occupancy / Low Computer Load,0,372,3720.0,34,8,9,9,8,7.9,3.4,IDLE,59.98,7.28,2.55,IDLE,57.93,10.96,1.86,LIGHT,61.49,8.78,2.32,IDLE,59.45,7.25,3.61,IDLE,59.48,12.09,1.22,LIGHT,61.94,7.32,1.17,IDLE,55.91,9.35,1.78,IDLE,59.36,7.71,3.16,IDLE,59.38,8.7,2.98,IDLE,60.34,28.03,58.0,211.7,0.25,22.0,COOLING,0.25,22.0,COOLING,0.25,22.0,COOLING,0.25,22.0,COOLING,23.302,23.421,23.458,23.123,23.326,23.458,23.123,0.335,238.85,121.42,115.27,119.72,680.0,765.0,765.0,680.0,181.13,231.51,283.65,237.92,-4.49,-13.38,-43.25,61.12,875.0,875.0,875.0,875.0,220.49,229.55,245.67,223.76,595.26,2890.0,934.21,3500.0,919.47,0.908,1.0,0.842,0.504,22.5,TARGETED_EAST_OCCUPANCY_COOL,2.5013
4,High Occupancy / Low Computer Load,0,373,3730.0,34,8,9,9,8,8.49,2.3,IDLE,59.06,7.37,1.4,IDLE,56.31,12.83,2.61,LIGHT,64.95,12.87,2.89,LIGHT,65.42,8.98,1.22,IDLE,58.05,11.55,3.78,LIGHT,65.11,10.02,2.0,LIGHT,60.52,11.21,2.64,LIGHT,62.97,7.24,1.62,IDLE,56.48,10.85,1.45,LIGHT,60.74,28.04,58.0,211.8,0.25,22.0,COOLING,0.25,22.0,COOLING,0.25,22.0,COOLING,0.25,22.0,COOLING,23.307,23.426,23.463,23.128,23.331,23.463,23.128,0.335,245.74,123.16,123.49,117.22,680.0,765.0,765.0,680.0,181.29,231.69,283.83,238.1,-4.26,-13.49,-43.26,61.01,875.0,875.0,875.0,875.0,227.77,231.36,254.06,221.33,609.61,2890.0,934.91,3500.0,934.52,0.914,1.0,0.847,0.507,22.5,TARGETED_EAST_OCCUPANCY_COOL,2.5299
4,High Occupancy / Low Computer Load,0,374,3740.0,34,8,9,9,8,7.93,3.27,IDLE,59.82,10.79,1.37,LIGHT,60.54,9.14,1.91,IDLE,59.29,8.93,3.18,IDLE,60.93,12.67,2.63,LIGHT,64.78,12.48,3.8,LIGHT,66.3,9.61,3.03,IDLE,61.56,9.05,3.69,IDLE,61.85,11.17,1.4,LIGHT,61.06,9.23,1.55,IDLE,58.86,28.04,58.0,211.9,0.25,22.0,COOLING,0.25,22.0,COOLING,0.25,22.0,COOLING,0.25,22.0,COOLING,23.312,23.431,23.468,23.133,23.336,23.468,23.133,0.335,240.58,131.08,123.41,119.92,680.0,765.0,765.0,680.0,181.22,231.64,283.82,238.05,-4.26,-13.49,-43.26,61.01,875.0,875.0,875.0,875.0,222.54,239.23,253.97,223.98,614.99,2890.0,934.73,3500.0,939.72,0.919,1.0,0.852,0.511,22.5,TARGETED_EAST_OCCUPANCY_COOL,2.555
4,High Occupancy / Low Computer Load,0,375,3750.0,34,8,9,9,8,8.22,2.8,IDLE,59.47,7.85,1.62,IDLE,57.24,12.43,1.99,LIGHT,63.52,10.42,1.93,LIGHT,60.92,9.03,1.32,IDLE,58.27,12.88,3.96,LIGHT,67.04,7.42,3.93,IDLE,60.17,8.65,3.24,IDLE,60.67,9.97,2.62,IDLE,61.39,7.58,3.35,IDLE,59.5,28.04,58.0,212.1,0.25,22.0,COOLING,0.25,22.0,COOLING,0.25,22.0,COOLING,0.25,22.0,COOLING,23.317,23.436,23.473,23.138,23.341,23.473,23.138,0.335,241.15,125.31,120.84,120.89,680.0,765.0,765.0,680.0,181.19,231.65,283.89,238.06,-4.26,-13.49,-43.26,61.01,875.0,875.0,875.0,875.0,223.08,233.47,251.47,224.96,608.19,2890.0,934.79,3500.0,932.98,0.924,1.0,0.857,0.516,22.5,TARGETED_EAST_OCCUPANCY_COOL,2.5783
4,High Occupancy / Low Computer Load,0,376,3760.0,34,8,9,9,8,12.55,1.66,LIGHT,63.18,12.5,3.5,LIGHT,65.88,9.9,2.64,IDLE,61.34,8.56,1.62,IDLE,58.13,11.01,1.12,LIGHT,60.44,9.53,1.57,IDLE,59.27,10.86,2.29,LIGHT,62.01,9.82,1.54,IDLE,59.59,8.83,1.4,IDLE,58.14,11.59,2.23,LIGHT,62.83,28.04,58.0,212.2,0.25,22.0,COOLING,0.25,22.0,COOLING,0.25,22.0,COOLING,0.25,22.0,COOLING,23.322,23.441,23.478,23.143,23.346,23.478,23.143,0.335,248.53,119.71,121.6,120.97,680.0,765.0,765.0,680.0,181.12,231.61,283.86,238.01,-4.26,-13.49,-43.26,61.01,875.0,875.0,875.0,875.0,230.39,227.83,252.2,224.99,610.81,2890.0,934.6,3500.0,935.41,0.929,1.0,0.862,0.52,22.5,TARGETED_EAST_OCCUPANCY_COOL,2.6037
4,High Occupancy / Low Computer Load,0,377,3770.0,34,8,9,9,8,9.76,3.2,IDLE,62.0,7.5,1.27,IDLE,56.28,8.29,1.83,IDLE,58.11,10.57,2.14,LIGHT,61.42,8.79,1.34,IDLE,58.0,9.48,2.34,IDLE,60.36,7.48,1.0,IDLE,55.85,7.64,1.11,IDLE,56.21,8.43,1.3,IDLE,57.49,11.68,3.56,LIGHT,64.94,28.05,58.0,212.4,0.25,22.0,COOLING,0.25,22.0,COOLING,0.25,22.0,COOLING,0.25,22.0,COOLING,23.326,23.446,23.483,23.148,23.351,23.483,23.148,0.335,237.81,118.36,112.06,122.43,680.0,765.0,765.0,680.0,181.3,231.84,284.15,238.25,-4.26,-13.49,-43.26,61.01,875.0,875.0,875.0,875.0,219.85,226.71,242.95,226.69,590.66,2890.0,935.54,3500.0,916.2,0.933,1.0,0.867,0.524,22.5,TARGETED_EAST_OCCUPANCY_COOL,2.6229
4,High Occupancy / Low Computer Load,0,378,3780.0,34,8,9,9,8,12.57,2.38,LIGHT,64.28,8.96,3.87,IDLE,62.01,8.3,2.53,IDLE,59.17,8.34,2.59,IDLE,59.31,7.08,1.27,IDLE,55.76,12.53,1.18,LIGHT,62.43,8.37,1.44,IDLE,57.62,8.21,3.66,IDLE,60.75,8.2,2.99,IDLE,59.73,7.43,1.94,IDLE,57.2,28.05,58.0,212.5,0.25,22.0,COOLING,0.25,22.0,COOLING,0.25,22.0,COOLING,0.25,22.0,COOLING,23.331,23.451,23.488,23.153,23.356,23.488,23.153,0.335,244.77,118.19,118.37,116.93,680.0,765.0,765.0,680.0,181.26,231.8,284.13,238.2,-4.02,-13.6,-43.27,60.9,875.0,875.0,875.0,875.0,227.01,226.39,249.23,221.03,598.26,2890.0,935.39,3500.0,923.66,0.938,1.0,0.872,0.527,22.5,TARGETED_EAST_OCCUPANCY_COOL,2.6512
4,High Occupancy / Low Computer Load,0,379,3790.0,34,8,9,9,8,10.42,2.8,LIGHT,62.22,9.6,3.8,IDLE,62.7,10.43,2.65,LIGHT,62.01,12.81,1.52,LIGHT,63.29,10.71,3.03,LIGHT,62.93,11.44,1.52,LIGHT,61.58,8.56,1.67,IDLE,58.21,10.47,1.24,LIGHT,59.95,10.48,1.96,LIGHT,61.04,11.88,2.56,LIGHT,63.69,28.05,58.0,212.6,0.25,22.0,COOLING,0.25,22.0,COOLING,0.25,22.0,COOLING,0.25,22.0,COOLING,23.336,23.456,23.493,23.158,23.361,23.493,23.158,0.335,250.22,124.51,118.16,124.73,680.0,765.0,765.0,680.0,181.18,231.76,284.1,238.17,-4.02,-13.6,-43.27,60.9,875.0,875.0,875.0,875.0,232.38,232.67,248.99,228.8,617.62,2890.0,935.21,3500.0,942.84,0.944,1.0,0.877,0.532,22.5,TARGETED_EAST_OCCUPANCY_COOL,2.6784
4,High Occupancy / Low Computer Load,0,380,3800.0,34,8,9,9,8,9.62,2.98,IDLE,61.49,12.49,3.71,LIGHT,66.18,7.27,1.33,IDLE,56.08,11.94,1.53,LIGHT,62.22,12.07,1.13,LIGHT,61.78,11.69,1.64,LIGHT,62.07,12.88,2.58,LIGHT,64.97,12.29,1.26,LIGHT,62.25,11.86,3.12,LIGHT,64.51,9.92,3.62,IDLE,62.83,28.06,58.0,212.8,0.25,22.0,COOLING,0.25,22.0,COOLING,0.25,22.0,COOLING,0.25,22.0,COOLING,23.341,23.461,23.498,23.163,23.366,23.498,23.163,0.335,245.97,123.85,127.22,127.34,680.0,765.0,765.0,680.0,181.37,231.99,284.39,238.39,-4.02,-13.6,-43.27,60.9,875.0,875.0,875.0,875.0,228.32,232.24,258.34,231.63,624.38,2890.0,936.14,3500.0,950.53,0.949,1.0,0.883,0.535,22.5,TARGETED_EAST_OCCUPANCY_COOL,2.7061
4,High Occupancy / Low Computer Load,0,381,3810.0,34,8,9,9,8,10.52,2.17,LIGHT,61.41,7.01,1.41,IDLE,55.88,8.52,3.09,IDLE,60.28,11.17,2.9,LIGHT,63.31,10.41,3.65,LIGHT,63.49,9.34,2.65,IDLE,60.65,10.6,3.0,LIGHT,62.75,11.99,2.42,LIGHT,63.62,9.85,3.65,IDLE,62.79,12.89,1.02,LIGHT,62.64,28.06,58.0,212.9,0.25,22.0,COOLING,0.25,22.0,COOLING,0.25,22.0,COOLING,0.25,22.0,COOLING,23.346,23.466,23.503,23.168,23.371,23.503,23.168,0.335,240.88,124.14,126.37,125.43,680.0,765.0,765.0,680.0,181.3,231.94,284.37,238.35,-4.03,-13.6,-43.28,60.9,875.0,875.0,875.0,875.0,223.15,232.48,257.46,229.68,616.82,2890.0,935.96,3500.0,942.77,0.954,1.0,0.888,0.538,22.5,TARGETED_EAST_OCCUPANCY_COOL,2.7308
4,High Occupancy / Low Computer Load,0,382,3820.0,34,8,9,9,8,8.21,3.3,IDLE,60.21,8.86,1.7,IDLE,58.62,10.41,1.53,LIGHT,60.31,11.12,2.61,LIGHT,62.81,7.57,3.93,IDLE,60.36,7.43,3.91,IDLE,60.15,11.32,2.48,LIGHT,62.87,9.56,2.28,IDLE,60.37,8.58,2.3,IDLE,59.18,11.85,2.3,LIGHT,63.26,28.06,58.0,213.1,0.25,22.0,COOLING,0.25,22.0,COOLING,0.25,22.0,COOLING,0.25,22.0,COOLING,23.351,23.471,23.508,23.173,23.376,23.508,23.173,0.335,241.95,120.51,123.24,122.44,680.0,765.0,765.0,680.0,181.26,231.96,284.44,238.37,-4.02,-13.6,-43.27,60.9,875.0,875.0,875.0,875.0,224.19,228.87,254.41,226.71,608.14,2890.0,936.03,3500.0,934.18,0.958,1.0,0.893,0.542,22.5,TARGETED_EAST_OCCUPANCY_COOL,2.7553
4,High Occupancy / Low Computer Load,0,383,3830.0,34,8,9,9,8,7.07,2.6,IDLE,57.74,12.02,3.53,LIGHT,65.32,9.32,1.99,IDLE,59.63,10.97,3.48,LIGHT,63.93,11.11,2.84,LIGHT,63.15,10.87,2.43,LIGHT,62.23,10.67,3.14,LIGHT,63.05,8.38,2.85,IDLE,59.75,7.9,3.11,IDLE,59.54,9.65,3.68,IDLE,62.58,28.06,58.0,213.2,0.25,22.0,COOLING,0.25,22.0,COOLING,0.25,22.0,COOLING,0.25,22.0,COOLING,23.356,23.476,23.513,23.178,23.381,23.513,23.178,0.335,246.62,125.38,122.8,122.12,680.0,765.0,765.0,680.0,181.19,231.91,284.42,238.32,-4.02,-13.6,-43.27,60.9,875.0,875.0,875.0,875.0,228.79,233.69,253.95,226.34,616.92,2890.0,935.84,3500.0,942.77,0.964,1.0,0.898,0.546,22.5,TARGETED_EAST_OCCUPANCY_COOL,2.7827
4,High Occupancy / Low Computer Load,0,384,3840.0,34,8,9,9,8,7.67,1.42,IDLE,56.72,8.3,2.46,IDLE,59.06,7.4,2.41,IDLE,57.87,12.1,1.28,LIGHT,62.05,9.32,2.21,IDLE,59.96,9.43,1.04,IDLE,58.35,8.31,2.34,IDLE,58.9,9.73,3.6,IDLE,62.56,11.95,1.76,LIGHT,62.58,11.31,3.06,LIGHT,63.73,28.07,58.0,213.3,0.25,22.0,COOLING,0.25,22.0,COOLING,0.25,22.0,COOLING,0.25,22.0,COOLING,23.36,23.481,23.518,23.183,23.386,23.518,23.183,0.335,235.7,118.31,121.46,126.31,680.0,765.0,765.0,680.0,181.34,232.08,284.62,238.49,-4.03,-13.6,-43.28,60.9,875.0,875.0,875.0,875.0,218.01,226.79,252.8,230.7,601.78,2890.0,936.53,3500.0,928.3,0.967,1.0,0.903,0.55,22.5,TARGETED_EAST_OCCUPANCY_COOL,2.8042
4,High Occupancy / Low Computer Load,0,385,3850.0,34,8,9,9,8,12.61,2.78,LIGHT,64.93,11.86,2.45,LIGHT,63.5,9.97,3.36,IDLE,62.5,12.19,3.87,LIGHT,66.04,11.73,3.41,LIGHT,64.78,9.32,1.79,IDLE,59.34,10.25,2.73,LIGHT,61.91,8.01,1.53,IDLE,57.31,11.58,1.96,LIGHT,62.41,12.77,1.61,LIGHT,63.38,28.07,58.0,213.5,0.25,22.0,COOLING,0.25,22.0,COOLING,0.25,22.0,COOLING,0.25,22.0,COOLING,23.365,23.486,23.523,23.188,23.39,23.523,23.188,0.335,256.97,124.12,119.22,125.79,680.0,765.0,765.0,680.0,181.33,232.1,284.68,238.51,-3.79,-13.71,-43.29,60.79,875.0,875.0,875.0,875.0,239.51,232.51,250.61,230.09,626.1,2890.0,936.62,3500.0,952.72,0.974,1.0,0.908,0.555,22.5,TARGETED_EAST_OCCUPANCY_COOL,2.8342
4,High Occupancy / Low Computer Load,0,386,3860.0,34,8,9,9,8,8.56,3.36,IDLE,60.74,7.18,1.71,IDLE,56.54,9.14,3.69,IDLE,61.96,12.84,1.25,LIGHT,62.92,10.99,2.04,LIGHT,61.8,10.14,3.26,LIGHT,62.56,12.12,2.99,LIGHT,64.64,7.18,3.8,IDLE,59.68,9.15,3.78,IDLE,62.11,9.77,2.03,IDLE,60.26,28.07,58.0,213.6,0.25,22.0,COOLING,0.25,22.0,COOLING,0.25,22.0,COOLING,0.25,22.0,COOLING,23.37,23.491,23.528,23.193,23.395,23.528,23.193,0.335,242.16,124.36,124.32,122.37,680.0,765.0,765.0,680.0,181.26,232.06,284.66,238.46,-3.79,-13.71,-43.29,60.79,875.0,875.0,875.0,875.0,224.63,232.71,255.69,226.62,613.21,2890.0,936.44,3500.0,939.65,0.978,1.0,0.913,0.557,22.5,TARGETED_EAST_OCCUPANCY_COOL,2.8599
4,High Occupancy / Low Computer Load,0,387,3870.0,34,8,9,9,8,7.15,1.93,IDLE,56.83,12.88,2.69,LIGHT,65.14,10.03,2.12,LIGHT,60.72,10.19,3.16,LIGHT,62.48,11.2,3.13,LIGHT,63.7,8.58,3.9,IDLE,61.58,11.64,1.3,LIGHT,61.5,12.72,1.89,LIGHT,63.73,9.47,2.9,IDLE,61.19,10.52,2.37,LIGHT,61.7,28.07,58.0,213.8,0.25,22.0,COOLING,0.25,22.0,COOLING,0.25,22.0,COOLING,0.25,22.0,COOLING,23.375,23.496,23.533,23.198,23.401,23.533,23.198,0.335,245.17,125.28,125.23,122.89,680.0,765.0,765.0,680.0,181.22,232.07,284.72,238.48,-3.79,-13.71,-43.29,60.79,875.0,875.0,875.0,875.0,227.6,233.64,256.66,227.16,618.57,2890.0,936.49,3500.0,945.06,0.984,1.0,0.918,0.561,22.5,TARGETED_EAST_OCCUPANCY_COOL,2.8874
4,High Occupancy / Low Computer Load,0,388,3880.0,34,8,9,9,8,10.25,3.5,LIGHT,63.06,8.43,2.33,IDLE,59.03,7.53,2.83,IDLE,58.66,10.38,3.5,LIGHT,63.23,12.59,1.98,LIGHT,63.71,7.24,1.24,IDLE,55.91,12.86,3.6,LIGHT,66.48,7.68,1.87,IDLE,57.41,12.55,1.86,LIGHT,63.48,11.79,3.64,LIGHT,65.2,28.08,58.0,213.9,0.25,22.0,COOLING,0.25,22.0,COOLING,0.25,22.0,COOLING,0.25,22.0,COOLING,23.38,23.501,23.538,23.203,23.405,23.538,23.203,0.335,243.98,119.62,123.89,128.68,680.0,765.0,765.0,680.0,181.37,232.25,284.92,238.65,-3.79,-13.71,-43.29,60.79,875.0,875.0,875.0,875.0,226.56,228.16,255.52,233.12,616.17,2890.0,937.19,3500.0,943.36,0.988,1.0,0.923,0.566,22.5,TARGETED_EAST_OCCUPANCY_COOL,2.9125
4,High Occupancy / Low Computer Load,0,389,3890.0,34,8,9,9,8,12.75,3.9,LIGHT,66.79,12.59,2.85,LIGHT,65.01,12.41,1.15,LIGHT,62.24,8.81,1.4,IDLE,58.11,9.47,2.51,IDLE,60.6,11.52,2.78,LIGHT,63.57,11.06,1.54,LIGHT,61.14,7.52,2.07,IDLE,57.5,12.14,3.42,LIGHT,65.3,11.66,3.96,LIGHT,65.52,28.08,58.0,214.0,0.25,22.0,COOLING,0.25,22.0,COOLING,0.25,22.0,COOLING,0.25,22.0,COOLING,23.385,23.506,23.543,23.208,23.41,23.543,23.208,0.335,252.15,124.17,118.64,130.82,680.0,765.0,765.0,680.0,181.3,232.2,284.9,238.61,-3.79,-13.71,-43.29,60.79,875.0,875.0,875.0,875.0,234.66,232.66,250.25,235.22,625.78,2890.0,937.01,3500.0,952.79,0.994,1.0,0.928,0.571,22.5,TARGETED_EAST_OCCUPANCY_COOL,2.9398
4,High Occupancy / Low Computer Load,0,390,3900.0,34,8,9,9,8,11.35,1.85,LIGHT,61.96,11.7,1.79,LIGHT,62.31,10.07,3.45,LIGHT,62.76,9.24,3.93,IDLE,62.45,12.02,2.66,LIGHT,64.02,9.76,3.77,IDLE,62.86,8.41,1.59,IDLE,57.9,12.27,1.33,LIGHT,62.33,7.13,2.83,IDLE,58.16,12.01,3.29,LIGHT,64.95,28.08,58.0,214.2,0.25,22.0,COOLING,0.25,22.0,COOLING,0.25,22.0,COOLING,0.25,22.0,COOLING,23.39,23.511,23.548,23.213,23.416,23.548,23.213,0.335,249.48,126.88,120.23,123.11,680.0,765.0,765.0,680.0,181.27,232.22,284.97,238.63,-3.79,-13.71,-43.29,60.79,875.0,875.0,875.0,875.0,231.96,235.39,251.91,227.53,619.7,2890.0,937.09,3500.0,946.79,0.999,1.0,0.933,0.574,22.5,TARGETED_EAST_OCCUPANCY_COOL,2.9674
4,High Occupancy / Low Computer Load,0,391,3910.0,34,8,9,9,8,10.83,2.04,LIGHT,61.6,11.88,2.97,LIGHT,64.31,10.32,1.37,LIGHT,59.95,12.69,3.44,LIGHT,66.02,9.57,1.77,IDLE,59.62,9.7,1.82,IDLE,59.85,7.95,1.38,IDLE,57.01,11.39,3.95,LIGHT,65.16,9.03,2.25,IDLE,59.66,7.78,3.1,IDLE,59.38,28.09,58.0,214.3,0.25,22.0,COOLING,0.25,22.0,COOLING,0.25,22.0,COOLING,0.25,22.0,COOLING,23.395,23.516,23.553,23.218,23.421,23.553,23.218,0.335,251.88,119.47,122.17,119.04,680.0,765.0,765.0,680.0,181.41,232.39,285.16,238.8,-3.79,-13.71,-43.29,60.79,875.0,875.0,875.0,875.0,234.5,228.15,254.04,223.63,612.56,2890.0,937.76,3500.0,940.32,1.0,1.0,0.938,0.577,22.5,TARGETED_EAST_OCCUPANCY_COOL,2.9943
4,High Occupancy / Low Computer Load,0,392,3920.0,34,8,9,9,8,9.76,2.28,IDLE,60.62,7.78,3.81,IDLE,60.44,12.81,1.76,LIGHT,63.65,9.83,2.0,IDLE,60.29,12.5,2.97,LIGHT,65.08,12.25,1.28,LIGHT,62.23,8.96,1.75,IDLE,58.83,8.72,1.65,IDLE,58.38,11.76,2.72,LIGHT,63.78,7.19,1.93,IDLE,56.88,28.09,58.0,214.4,0.25,22.0,COOLING,0.25,22.0,COOLING,0.25,22.0,COOLING,0.25,22.0,COOLING,23.4,23.521,23.558,23.223,23.425,23.558,23.223,0.335,245.0,127.31,117.21,120.66,680.0,765.0,765.0,680.0,181.34,232.34,285.15,238.75,-3.79,-13.71,-43.29,60.79,875.0,875.0,875.0,875.0,227.55,235.94,249.07,225.2,610.18,2890.0,937.58,3500.0,937.76,1.0,1.0,0.943,0.582,22.5,TARGETED_EAST_OCCUPANCY_COOL,3.0202
4,High Occupancy / Low Computer Load,0,393,3930.0,34,8,9,9,8,7.72,1.22,IDLE,56.48,8.91,2.2,IDLE,59.44,10.17,2.57,LIGHT,61.57,9.12,2.75,IDLE,60.52,11.15,2.96,LIGHT,63.38,12.55,1.93,LIGHT,63.58,11.88,3.76,LIGHT,65.49,7.44,3.26,IDLE,59.19,7.48,3.9,IDLE,60.2,11.42,1.97,LIGHT,62.23,28.09,58.0,214.6,0.25,22.0,COOLING,0.25,22.0,COOLING,0.25,22.0,COOLING,0.25,22.0,COOLING,23.405,23.526,23.563,23.228,23.431,23.563,23.228,0.335,238.01,126.96,124.68,122.43,680.0,765.0,765.0,680.0,181.31,232.35,285.21,238.76,-3.79,-13.71,-43.29,60.79,875.0,875.0,875.0,875.0,220.53,235.6,256.6,226.98,612.08,2890.0,937.63,3500.0,939.71,1.0,1.0,0.948,0.585,22.5,TARGETED_EAST_OCCUPANCY_COOL,3.0489
4,High Occupancy / Low Computer Load,0,394,3940.0,34,8,9,9,8,7.48,3.08,IDLE,58.97,8.51,1.52,IDLE,57.92,9.97,3.98,IDLE,63.43,7.93,2.27,IDLE,58.32,10.04,3.28,LIGHT,62.47,8.19,1.77,IDLE,57.89,7.3,1.17,IDLE,55.88,8.15,2.57,IDLE,59.04,9.95,3.43,IDLE,62.58,9.34,3.83,IDLE,62.42,28.09,58.0,214.7,0.25,22.0,COOLING,0.25,22.0,COOLING,0.25,22.0,COOLING,0.25,22.0,COOLING,23.41,23.531,23.568,23.233,23.436,23.568,23.233,0.335,238.64,120.36,114.92,125.0,680.0,765.0,765.0,680.0,181.24,232.32,285.19,238.72,-3.79,-13.71,-43.29,60.79,875.0,875.0,875.0,875.0,221.09,228.97,246.82,229.51,598.92,2890.0,937.47,3500.0,926.39,1.0,1.0,0.953,0.591,22.5,TARGETED_EAST_OCCUPANCY_COOL,3.0721
4,High Occupancy / Low Computer Load,0,395,3950.0,34,8,9,9,8,11.26,3.28,LIGHT,64.0,7.22,2.7,IDLE,58.08,7.39,1.15,IDLE,55.96,11.02,3.86,LIGHT,64.56,12.94,2.32,LIGHT,64.66,9.82,3.99,IDLE,63.26,10.14,2.85,LIGHT,61.95,9.11,1.28,IDLE,58.31,8.56,1.09,IDLE,57.34,12.19,1.23,LIGHT,62.08,28.1,58.0,214.9,0.25,22.0,COOLING,0.25,22.0,COOLING,0.25,22.0,COOLING,0.25,22.0,COOLING,23.415,23.536,23.573,23.238,23.441,23.573,23.238,0.335,242.6,127.92,120.26,119.42,680.0,765.0,765.0,680.0,181.43,232.54,285.48,238.95,-3.79,-13.71,-43.29,60.79,875.0,875.0,875.0,875.0,225.24,236.75,252.45,224.16,610.2,2890.0,938.4,3500.0,938.6,1.0,1.0,0.958,0.595,22.5,TARGETED_EAST_OCCUPANCY_COOL,3.1039
4,High Occupancy / Low Computer Load,0,396,3960.0,34,8,9,9,8,8.83,1.92,IDLE,58.92,8.49,4.0,IDLE,61.61,9.17,1.78,IDLE,59.13,9.78,3.43,IDLE,62.37,11.39,1.68,LIGHT,61.76,7.07,1.68,IDLE,56.36,9.49,1.72,IDLE,59.44,7.98,1.34,IDLE,56.98,10.6,2.47,LIGHT,61.95,10.18,3.0,LIGHT,62.23,28.1,58.0,215.0,0.25,22.0,COOLING,0.25,22.0,COOLING,0.25,22.0,COOLING,0.25,22.0,COOLING,23.42,23.541,23.578,23.243,23.445,23.578,23.243,0.335,242.03,118.12,116.42,124.18,680.0,765.0,765.0,680.0,181.35,232.51,285.45,238.91,-3.79,-13.71,-43.29,60.79,875.0,875.0,875.0,875.0,224.59,226.92,248.58,228.88,600.75,2890.0,938.22,3500.0,928.97,1.0,1.0,0.963,0.6,22.5,TARGETED_EAST_OCCUPANCY_COOL,3.1286
4,High Occupancy / Low Computer Load,0,397,3970.0,34,8,9,9,8,7.84,2.09,IDLE,57.93,12.61,2.64,LIGHT,64.72,12.49,2.73,LIGHT,64.71,11.75,3.18,LIGHT,64.46,9.08,2.55,IDLE,60.18,11.26,1.25,LIGHT,60.95,12.29,3.48,LIGHT,65.58,8.91,2.31,IDLE,59.6,12.09,3.19,LIGHT,64.9,8.08,3.61,IDLE,60.52,28.1,58.0,215.1,0.25,22.0,COOLING,0.25,22.0,COOLING,0.25,22.0,COOLING,0.25,22.0,COOLING,23.425,23.546,23.583,23.248,23.45,23.583,23.248,0.335,251.82,121.13,125.18,125.42,680.0,765.0,765.0,680.0,181.28,232.46,285.43,238.87,-3.79,-13.71,-43.29,60.79,875.0,875.0,875.0,875.0,234.31,229.88,257.32,230.08,623.55,2890.0,938.04,3500.0,951.59,1.0,1.0,0.969,0.604,22.5,TARGETED_EAST_OCCUPANCY_COOL,3.1617
4,High Occupancy / Low Computer Load,0,398,3980.0,34,8,9,9,8,12.17,2.41,LIGHT,63.83,10.9,3.2,LIGHT,63.42,11.56,1.6,LIGHT,61.85,7.78,3.2,IDLE,59.52,11.11,1.4,LIGHT,60.99,10.47,3.83,LIGHT,63.83,9.45,1.52,IDLE,59.09,9.67,2.65,IDLE,61.06,11.07,3.46,LIGHT,64.03,12.16,2.91,LIGHT,64.56,28.11,58.0,215.3,0.25,22.0,COOLING,0.25,22.0,COOLING,0.25,22.0,COOLING,0.25,22.0,COOLING,23.43,23.551,23.588,23.253,23.456,23.588,23.253,0.335,248.62,124.82,120.15,128.59,680.0,765.0,765.0,680.0,181.47,232.69,285.72,239.09,-3.79,-13.71,-43.29,60.79,875.0,875.0,875.0,875.0,231.3,233.8,252.58,233.47,622.18,2890.0,938.97,3500.0,951.15,1.0,1.0,0.974,0.609,22.5,TARGETED_EAST_OCCUPANCY_COOL,3.1886
4,High Occupancy / Low Computer Load,0,399,3990.0,34,8,9,9,8,8.94,1.72,IDLE,58.75,7.06,1.48,IDLE,56.05,8.7,1.48,IDLE,58.09,8.47,3.5,IDLE,60.84,10.31,1.39,LIGHT,59.97,11.85,2.0,LIGHT,62.81,7.14,1.54,IDLE,56.23,12.52,1.56,LIGHT,62.99,7.06,1.78,IDLE,56.5,12.56,3.77,LIGHT,66.36,28.11,58.0,215.4,0.25,22.0,COOLING,0.25,22.0,COOLING,0.25,22.0,COOLING,0.25,22.0,COOLING,23.434,23.556,23.593,23.258,23.46,23.593,23.258,0.335,233.73,122.78,119.22,122.86,680.0,765.0,765.0,680.0,181.39,232.64,285.69,239.05,-3.79,-13.71,-43.29,60.79,875.0,875.0,875.0,875.0,216.33,231.71,251.62,227.7,598.59,2890.0,938.77,3500.0,927.36,1.0,1.0,0.979,0.612,22.5,TARGETED_EAST_OCCUPANCY_COOL,3.2122
4,High Occupancy / Low Computer Load,0,400,4000.0,34,8,9,9,8,8.56,2.16,IDLE,58.94,7.19,1.49,IDLE,56.22,10.86,3.46,LIGHT,63.77,11.01,1.42,LIGHT,60.89,10.78,3.4,LIGHT,63.58,9.24,3.14,IDLE,61.26,12.47,3.94,LIGHT,66.5,9.33,1.83,IDLE,59.41,7.68,3.55,IDLE,59.92,9.47,1.96,IDLE,59.78,28.11,58.0,215.6,0.25,22.0,COOLING,0.25,22.0,COOLING,0.25,22.0,COOLING,0.25,22.0,COOLING,23.439,23.561,23.598,23.263,23.465,23.598,23.263,0.335,239.82,124.84,125.91,119.7,680.0,765.0,765.0,680.0,181.38,232.66,285.77,239.07,-3.56,-13.82,-43.3,60.68,875.0,875.0,875.0,875.0,222.64,233.68,258.38,224.45,610.27,2890.0,938.88,3500.0,939.15,1.0,1.0,0.985,0.615,22.5,TARGETED_EAST_OCCUPANCY_COOL,3.2445
4,High Occupancy / Low Computer Load,0,401,4010.0,34,8,9,9,8,8.41,3.02,IDLE,60.04,12.9,3.34,LIGHT,66.14,9.0,3.83,IDLE,61.99,12.65,3.29,LIGHT,65.75,11.06,1.63,LIGHT,61.27,9.62,2.31,IDLE,60.49,8.41,1.21,IDLE,57.33,9.03,2.58,IDLE,60.16,10.56,3.5,LIGHT,63.45,7.53,2.73,IDLE,58.51,28.11,58.0,215.7,0.25,22.0,COOLING,0.25,22.0,COOLING,0.25,22.0,COOLING,0.25,22.0,COOLING,23.444,23.566,23.603,23.268,23.47,23.603,23.268,0.335,253.92,121.76,117.49,121.96,680.0,765.0,765.0,680.0,181.32,232.61,285.75,239.02,-3.55,-13.82,-43.3,60.68,875.0,875.0,875.0,875.0,236.69,230.55,249.94,226.66,615.13,2890.0,938.7,3500.0,943.84,1.0,1.0,0.989,0.622,22.5,TARGETED_EAST_OCCUPANCY_COOL,3.2723
4,High Occupancy / Low Computer Load,0,402,4020.0,34,8,9,9,8,10.3,2.75,LIGHT,62.0,12.83,2.45,LIGHT,64.71,12.19,3.58,LIGHT,65.61,8.18,2.37,IDLE,58.78,9.14,1.57,IDLE,58.78,12.91,3.0,LIGHT,65.64,9.83,2.55,IDLE,61.11,8.34,2.9,IDLE,59.77,11.61,3.83,LIGHT,65.26,9.71,2.94,IDLE,61.55,28.12,58.0,215.8,0.25,22.0,COOLING,0.25,22.0,COOLING,0.25,22.0,COOLING,0.25,22.0,COOLING,23.449,23.571,23.608,23.273,23.475,23.608,23.273,0.335,251.1,124.42,120.88,126.81,680.0,765.0,765.0,680.0,181.45,232.79,285.94,239.2,-3.55,-13.82,-43.31,60.68,875.0,875.0,875.0,875.0,234.0,233.39,253.51,231.69,623.21,2890.0,939.38,3500.0,952.59,1.0,1.0,0.995,0.626,22.5,TARGETED_EAST_OCCUPANCY_COOL,3.3024
4,High Occupancy / Low Computer Load,0,403,4030.0,34,8,9,9,8,8.69,1.5,IDLE,58.11,12.89,1.56,LIGHT,63.45,12.33,3.96,LIGHT,66.35,12.48,2.62,LIGHT,64.53,10.73,3.9,LIGHT,64.26,7.88,1.37,IDLE,56.91,8.99,3.75,IDLE,61.86,9.14,3.69,IDLE,61.96,12.69,2.38,LIGHT,64.43,8.99,3.86,IDLE,62.03,28.12,58.0,216.0,0.25,22.0,COOLING,0.25,22.0,COOLING,0.25,22.0,COOLING,0.25,22.0,COOLING,23.454,23.576,23.613,23.278,23.48,23.613,23.278,0.335,252.44,121.17,123.82,126.46,680.0,765.0,765.0,680.0,181.43,232.8,286.01,239.21,-3.56,-13.82,-43.3,60.68,875.0,875.0,875.0,875.0,235.31,230.15,256.53,231.35,623.89,2890.0,939.45,3500.0,953.34,1.0,1.0,1.0,0.63,22.5,TARGETED_EAST_OCCUPANCY_COOL,3.332
4,High Occupancy / Low Computer Load,0,404,4040.0,34,8,9,9,8,12.17,2.4,LIGHT,63.81,9.04,3.66,IDLE,61.79,8.8,2.17,IDLE,59.26,11.51,2.08,LIGHT,62.51,10.21,2.44,LIGHT,61.42,9.12,3.69,IDLE,61.94,9.75,2.07,IDLE,60.29,10.45,2.09,LIGHT,61.2,10.42,2.45,LIGHT,61.7,11.96,2.3,LIGHT,63.4,28.12,58.0,216.1,0.25,22.0,COOLING,0.25,22.0,COOLING,0.25,22.0,COOLING,0.25,22.0,COOLING,23.459,23.581,23.618,23.283,23.485,23.618,23.283,0.335,247.37,123.36,121.49,125.1,680.0,765.0,765.0,680.0,181.36,232.76,285.99,239.16,-3.56,-13.82,-43.3,60.68,875.0,875.0,875.0,875.0,230.17,232.3,254.18,229.94,617.32,2890.0,939.27,3500.0,946.59,1.0,1.0,1.0,0.635,22.5,TARGETED_EAST_OCCUPANCY_COOL,3.3599
4,High Occupancy / Low Computer Load,0,405,4050.0,34,8,9,9,8,7.53,1.33,IDLE,56.41,7.48,3.43,IDLE,59.5,10.41,2.73,LIGHT,62.11,12.87,3.89,LIGHT,66.92,8.55,2.59,IDLE,59.57,12.02,1.56,LIGHT,62.37,8.32,1.59,IDLE,57.78,12.77,2.84,LIGHT,65.22,12.15,3.97,LIGHT,66.14,12.52,2.1,LIGHT,63.8,28.12,58.0,216.2,0.25,22.0,COOLING,0.25,22.0,COOLING,0.25,22.0,COOLING,0.25,22.0,COOLING,23.464,23.586,23.623,23.288,23.49,23.623,23.288,0.335,244.94,121.94,123.0,129.94,680.0,765.0,765.0,680.0,181.29,232.71,285.96,239.12,-3.55,-13.82,-43.3,60.68,875.0,875.0,875.0,875.0,227.68,230.83,255.66,234.74,619.82,2890.0,939.08,3500.0,948.91,1.0,1.0,1.0,0.64,22.5,TARGETED_EAST_OCCUPANCY_COOL,3.3891
4,High Occupancy / Low Computer Load,0,406,4060.0,34,8,9,9,8,11.04,1.42,LIGHT,60.93,8.42,2.27,IDLE,58.93,11.67,1.45,LIGHT,61.76,10.66,3.82,LIGHT,64.06,9.58,2.46,IDLE,60.66,12.86,3.11,LIGHT,65.74,10.93,2.84,LIGHT,62.92,8.16,2.19,IDLE,58.48,9.54,1.54,IDLE,59.23,11.24,1.1,LIGHT,60.7,28.13,58.0,216.4,0.25,22.0,COOLING,0.25,22.0,COOLING,0.25,22.0,COOLING,0.25,22.0,COOLING,23.469,23.591,23.628,23.293,23.495,23.628,23.293,0.335,245.68,126.4,121.4,119.93,680.0,765.0,765.0,680.0,181.47,232.95,286.25,239.35,-3.55,-13.82,-43.31,60.68,875.0,875.0,875.0,875.0,228.6,235.53,254.34,224.96,613.41,2890.0,940.02,3500.0,943.43,1.0,1.0,1.0,0.643,22.5,TARGETED_EAST_OCCUPANCY_COOL,3.4192
4,High Occupancy / Low Computer Load,0,407,4070.0,34,8,9,9,8,7.61,3.93,IDLE,60.41,9.64,2.78,IDLE,61.22,9.32,2.87,IDLE,60.95,7.98,3.81,IDLE,60.69,10.77,1.14,LIGHT,60.17,10.42,2.61,LIGHT,61.94,12.4,1.63,LIGHT,62.95,13.0,2.06,LIGHT,64.34,11.34,3.76,LIGHT,64.81,10.02,3.45,LIGHT,62.7,28.13,58.0,216.5,0.25,22.0,COOLING,0.25,22.0,COOLING,0.25,22.0,COOLING,0.25,22.0,COOLING,23.474,23.596,23.633,23.298,23.5,23.633,23.298,0.335,243.27,122.11,127.29,127.51,680.0,765.0,765.0,680.0,181.4,232.9,286.23,239.31,-3.56,-13.82,-43.3,60.68,875.0,875.0,875.0,875.0,226.11,231.19,260.22,232.5,620.18,2890.0,939.84,3500.0,950.02,1.0,1.0,1.0,0.649,22.5,TARGETED_EAST_OCCUPANCY_COOL,3.4497
4,High Occupancy / Low Computer Load,0,408,4080.0,34,8,9,9,8,8.85,2.54,IDLE,59.87,9.77,1.93,IDLE,60.11,7.69,2.05,IDLE,57.69,11.36,2.98,LIGHT,63.67,11.62,1.62,LIGHT,61.95,11.39,3.52,LIGHT,64.52,11.79,1.48,LIGHT,61.96,12.74,1.99,LIGHT,63.91,7.99,1.59,IDLE,57.37,10.61,3.43,LIGHT,63.41,28.13,58.0,216.7,0.25,22.0,COOLING,0.25,22.0,COOLING,0.25,22.0,COOLING,0.25,22.0,COOLING,23.479,23.601,23.638,23.303,23.505,23.638,23.303,0.335,241.34,126.47,125.87,120.78,680.0,765.0,765.0,680.0,181.36,232.92,286.3,239.33,-3.56,-13.82,-43.3,60.68,875.0,875.0,875.0,875.0,224.14,235.57,258.87,225.79,614.46,2890.0,939.91,3500.0,944.37,1.0,1.0,1.0,0.653,22.5,OPPOSING_ZONE_COMPENSATE,3.4796
4,High Occupancy / Low Computer Load,0,409,4090.0,34,8,9,9,8,11.47,3.19,LIGHT,64.12,11.96,1.48,LIGHT,62.17,10.38,3.07,LIGHT,62.58,9.84,2.62,IDLE,61.23,7.05,2.5,IDLE,57.56,8.28,2.62,IDLE,59.28,10.27,3.75,LIGHT,63.46,8.32,1.6,IDLE,57.8,12.26,3.67,LIGHT,65.83,9.35,2.96,IDLE,61.13,28.14,58.0,216.8,0.25,22.0,COOLING,0.25,22.0,COOLING,0.25,22.0,COOLING,0.25,22.0,COOLING,23.484,23.606,23.643,23.308,23.51,23.643,23.308,0.335,250.1,116.84,121.26,126.96,680.0,765.0,765.0,680.0,181.51,233.09,286.49,239.5,-3.55,-13.82,-43.31,60.68,875.0,875.0,875.0,875.0,233.06,226.11,254.44,232.14,615.16,2890.0,940.59,3500.0,945.75,1.0,1.0,1.0,0.659,22.5,MAX_UNIFORM_COOL,3.508
4,High Occupancy / Low Computer Load,0,410,4100.0,34,8,9,9,8,12.78,3.37,LIGHT,66.03,11.59,1.61,LIGHT,61.9,10.37,3.1,LIGHT,62.61,9.37,2.98,IDLE,61.18,11.0,2.22,LIGHT,62.08,8.83,3.05,IDLE,60.61,7.53,2.38,IDLE,57.98,9.39,3.9,IDLE,62.59,10.06,1.79,LIGHT,60.26,11.95,1.36,LIGHT,61.98,28.14,58.0,216.9,0.25,22.0,COOLING,0.25,22.0,COOLING,0.25,22.0,COOLING,0.25,22.0,COOLING,23.489,23.611,23.648,23.313,23.515,23.648,23.313,0.335,251.72,122.69,120.57,122.24,680.0,765.0,765.0,680.0,181.44,233.04,286.48,239.45,-3.56,-13.82,-43.3,60.68,875.0,875.0,875.0,875.0,234.6,231.91,253.75,227.37,617.22,2890.0,940.41,3500.0,947.63,1.0,1.0,1.0,0.664,22.5,MAX_UNIFORM_COOL,3.5394
4,High Occupancy / Low Computer Load,0,411,4110.0,34,8,9,9,8,9.98,1.99,IDLE,60.46,7.53,3.23,IDLE,59.26,10.36,1.15,LIGHT,59.68,9.0,3.7,IDLE,61.8,11.08,3.35,LIGHT,63.88,12.03,3.2,LIGHT,64.84,11.65,1.24,LIGHT,61.42,12.45,2.29,LIGHT,64.0,11.45,1.12,LIGHT,60.99,9.57,1.21,IDLE,58.78,28.14,58.0,217.1,0.25,22.0,COOLING,0.25,22.0,COOLING,0.25,22.0,COOLING,0.25,22.0,COOLING,23.494,23.616,23.653,23.318,23.52,23.653,23.318,0.335,241.2,128.72,125.42,119.77,680.0,765.0,765.0,680.0,181.41,233.06,286.54,239.47,-3.56,-13.82,-43.3,60.68,875.0,875.0,875.0,875.0,224.05,237.96,258.66,224.92,615.11,2890.0,940.48,3500.0,945.59,1.0,1.0,1.0,0.668,22.5,MAX_UNIFORM_COOL,3.5708
4,High Occupancy / Low Computer Load,0,412,4120.0,34,8,9,9,8,10.24,1.5,LIGHT,60.05,7.26,1.4,IDLE,56.18,9.27,1.99,IDLE,59.57,10.58,2.53,LIGHT,62.02,8.97,1.92,IDLE,59.09,11.27,1.38,LIGHT,61.16,8.98,2.5,IDLE,59.98,11.29,1.68,LIGHT,61.63,8.21,1.79,IDLE,57.95,12.7,3.01,LIGHT,65.39,28.14,58.0,217.2,0.25,22.0,COOLING,0.25,22.0,COOLING,0.25,22.0,COOLING,0.25,22.0,COOLING,23.499,23.621,23.658,23.323,23.525,23.658,23.323,0.335,237.82,120.25,121.61,123.34,680.0,765.0,765.0,680.0,181.34,233.02,286.52,239.42,-3.55,-13.82,-43.3,60.68,875.0,875.0,875.0,875.0,220.61,229.45,254.83,228.44,603.02,2890.0,940.3,3500.0,933.33,1.0,1.0,1.0,0.673,22.5,MAX_UNIFORM_COOL,3.5977
4,High Occupancy / Low Computer Load,0,413,4130.0,34,8,9,9,8,11.5,3.55,LIGHT,64.7,12.43,2.32,LIGHT,64.02,7.4,2.13,IDLE,57.45,11.5,2.09,LIGHT,62.51,11.45,1.36,LIGHT,61.35,12.93,3.96,LIGHT,67.1,12.73,1.8,LIGHT,63.61,9.28,1.46,IDLE,58.79,7.22,3.42,IDLE,59.16,9.72,2.47,IDLE,60.85,28.15,58.0,217.4,0.25,22.0,COOLING,0.25,22.0,COOLING,0.25,22.0,COOLING,0.25,22.0,COOLING,23.504,23.626,23.663,23.328,23.53,23.663,23.328,0.335,248.68,128.45,122.4,120.01,680.0,765.0,765.0,680.0,181.52,233.25,286.8,239.66,-3.55,-13.82,-43.31,60.68,875.0,875.0,875.0,875.0,231.65,237.88,255.89,225.35,619.54,2890.0,941.23,3500.0,950.77,1.0,1.0,1.0,0.678,22.5,MAX_UNIFORM_COOL,3.6327
4,High Occupancy / Low Computer Load,0,414,4140.0,34,8,9,9,8,9.7,2.11,IDLE,60.29,7.78,1.63,IDLE,57.17,11.27,3.98,LIGHT,65.06,7.07,1.46,IDLE,56.03,7.15,2.57,IDLE,57.79,8.67,3.54,IDLE,61.15,9.76,3.57,IDLE,62.55,10.79,3.57,LIGHT,63.84,12.95,3.45,LIGHT,66.36,8.62,3.71,IDLE,61.34,28.15,58.0,217.5,0.25,22.0,COOLING,0.25,22.0,COOLING,0.25,22.0,COOLING,0.25,22.0,COOLING,23.509,23.631,23.668,23.333,23.535,23.668,23.333,0.335,238.55,118.94,126.39,127.7,680.0,765.0,765.0,680.0,181.45,233.21,286.78,239.61,-3.56,-13.82,-43.3,60.68,875.0,875.0,875.0,875.0,221.44,228.33,259.87,232.99,611.58,2890.0,941.05,3500.0,942.63,1.0,1.0,1.0,0.684,22.5,MAX_UNIFORM_COOL,3.6612
4,High Occupancy / Low Computer Load,0,415,4150.0,34,8,9,9,8,9.56,3.57,IDLE,62.3,7.66,1.88,IDLE,57.4,8.66,3.67,IDLE,61.33,10.54,1.92,LIGHT,61.05,12.58,3.79,LIGHT,66.41,9.59,3.91,IDLE,62.85,8.36,3.53,IDLE,60.75,8.44,2.74,IDLE,59.66,9.6,1.04,IDLE,58.56,9.74,1.51,IDLE,59.44,28.15,58.0,217.6,0.25,22.0,COOLING,0.25,22.0,COOLING,0.25,22.0,COOLING,0.25,22.0,COOLING,23.514,23.636,23.673,23.338,23.54,23.673,23.338,0.335,242.08,129.26,120.41,118.0,680.0,765.0,765.0,680.0,181.38,233.16,286.76,239.57,-3.56,-13.82,-43.3,60.68,875.0,875.0,875.0,875.0,224.9,238.6,253.87,223.25,609.75,2890.0,940.87,3500.0,940.62,1.0,1.0,1.0,0.688,22.5,MAX_UNIFORM_COOL,3.6929
4,High Occupancy / Low Computer Load,0,416,4160.0,34,8,9,9,8,9.82,1.73,IDLE,59.87,9.1,2.28,IDLE,59.8,10.32,2.46,LIGHT,61.59,7.71,2.49,IDLE,58.37,12.88,1.12,LIGHT,62.78,11.51,2.49,LIGHT,63.12,12.24,3.56,LIGHT,65.64,8.8,1.66,IDLE,58.49,12.54,2.1,LIGHT,63.82,12.66,3.37,LIGHT,65.88,28.16,58.0,217.8,0.25,22.0,COOLING,0.25,22.0,COOLING,0.25,22.0,COOLING,0.25,22.0,COOLING,23.519,23.641,23.678,23.343,23.545,23.678,23.343,0.335,239.63,125.9,124.13,129.7,680.0,765.0,765.0,680.0,181.56,233.39,287.04,239.79,-3.55,-13.82,-43.3,60.68,875.0,875.0,875.0,875.0,222.64,235.47,257.87,235.17,619.36,2890.0,941.78,3500.0,951.15,1.0,1.0,1.0,0.694,22.5,MAX_UNIFORM_COOL,3.7247
4,High Occupancy / Low Computer Load,0,417,4170.0,34,8,9,9,8,8.21,1.51,IDLE,57.53,9.88,2.9,IDLE,61.7,10.24,2.82,LIGHT,62.03,11.69,1.74,LIGHT,62.22,12.13,3.32,LIGHT,65.14,10.86,2.94,LIGHT,62.98,12.85,3.06,LIGHT,65.65,8.21,3.5,IDLE,60.51,7.1,1.1,IDLE,55.52,11.32,2.47,LIGHT,62.85,28.16,58.0,217.9,0.25,22.0,COOLING,0.25,22.0,COOLING,0.25,22.0,COOLING,0.25,22.0,COOLING,23.524,23.646,23.683,23.348,23.55,23.683,23.348,0.335,243.48,128.12,126.16,118.37,680.0,765.0,765.0,680.0,181.49,233.35,287.02,239.76,-3.55,-13.82,-43.31,60.68,875.0,875.0,875.0,875.0,226.42,237.65,259.87,223.81,616.13,2890.0,941.62,3500.0,947.75,1.0,1.0,1.0,0.698,22.5,MAX_UNIFORM_COOL,3.7581
4,High Occupancy / Low Computer Load,0,418,4180.0,34,8,9,9,8,12.1,3.94,LIGHT,66.03,12.53,1.34,LIGHT,62.67,11.98,3.93,LIGHT,65.87,8.0,3.2,IDLE,59.8,10.95,3.11,LIGHT,63.35,9.32,2.93,IDLE,61.05,9.96,1.48,IDLE,59.67,12.42,2.98,LIGHT,65.0,10.34,1.15,LIGHT,59.65,11.34,2.06,LIGHT,62.27,28.16,58.0,218.1,0.25,22.0,COOLING,0.25,22.0,COOLING,0.25,22.0,COOLING,0.25,22.0,COOLING,23.529,23.651,23.688,23.353,23.555,23.688,23.353,0.335,254.37,124.4,124.67,121.92,680.0,765.0,765.0,680.0,181.46,233.36,287.1,239.77,-3.56,-13.82,-43.3,60.68,875.0,875.0,875.0,875.0,237.27,233.94,258.47,227.37,625.36,2890.0,941.69,3500.0,957.05,1.0,1.0,1.0,0.704,22.5,MAX_UNIFORM_COOL,3.7906
4,High Occupancy / Low Computer Load,0,419,4190.0,34,8,9,9,8,7.79,2.5,IDLE,58.49,10.51,3.47,LIGHT,63.34,10.55,3.49,LIGHT,63.42,10.32,3.22,LIGHT,62.73,11.15,1.53,LIGHT,61.23,8.74,1.27,IDLE,57.83,10.43,2.41,LIGHT,61.65,11.64,2.68,LIGHT,63.57,11.34,2.72,LIGHT,63.25,7.51,3.8,IDLE,60.09,28.16,58.0,218.2,0.25,22.0,COOLING,0.25,22.0,COOLING,0.25,22.0,COOLING,0.25,22.0,COOLING,23.534,23.656,23.693,23.358,23.56,23.693,23.358,0.335,247.98,119.06,125.22,123.34,680.0,765.0,765.0,680.0,181.4,233.32,287.07,239.73,-3.55,-13.82,-43.3,60.68,875.0,875.0,875.0,875.0,230.83,228.56,258.99,228.75,615.6,2890.0,941.52,3500.0,947.13,1.0,1.0,1.0,0.708,22.5,MAX_UNIFORM_COOL,3.8203
4,High Occupancy / Low Computer Load,0,420,4200.0,34,8,9,9,8,8.21,1.47,IDLE,57.47,11.79,2.88,LIGHT,64.06,11.06,1.35,LIGHT,60.85,8.53,1.49,IDLE,57.9,12.77,3.98,LIGHT,66.93,10.32,1.3,LIGHT,59.85,8.18,2.48,IDLE,58.95,7.6,3.54,IDLE,59.81,9.89,1.81,IDLE,60.08,9.91,1.78,IDLE,60.06,28.17,58.0,218.3,0.25,22.0,COOLING,0.25,22.0,COOLING,0.25,22.0,COOLING,0.25,22.0,COOLING,23.539,23.661,23.698,23.363,23.565,23.698,23.363,0.335,240.28,126.78,118.76,120.14,680.0,765.0,765.0,680.0,181.53,233.49,287.27,239.9,-3.55,-13.82,-43.31,60.68,875.0,875.0,875.0,875.0,223.26,236.45,252.72,225.72,605.96,2890.0,942.19,3500.0,938.15,1.0,1.0,1.0,0.713,22.5,MAX_UNIFORM_COOL,3.8502
4,High Occupancy / Low Computer Load,0,421,4210.0,34,8,9,9,8,8.74,3.81,IDLE,61.64,9.78,2.62,IDLE,61.16,7.13,1.11,IDLE,55.58,10.12,2.46,LIGHT,61.34,8.2,2.5,IDLE,59.0,10.23,2.22,LIGHT,61.12,7.39,3.0,IDLE,58.74,10.51,3.84,LIGHT,63.9,12.79,1.1,LIGHT,62.64,8.77,2.19,IDLE,59.25,28.17,58.0,218.5,0.25,22.0,COOLING,0.25,22.0,COOLING,0.25,22.0,COOLING,0.25,22.0,COOLING,23.544,23.666,23.703,23.368,23.57,23.703,23.368,0.335,239.72,120.12,122.64,121.89,680.0,765.0,765.0,680.0,181.51,233.5,287.34,239.91,-3.56,-13.82,-43.3,60.68,875.0,875.0,875.0,875.0,222.67,229.8,256.68,227.48,604.37,2890.0,942.26,3500.0,936.63,1.0,1.0,1.0,0.718,22.5,MAX_UNIFORM_COOL,3.8824
4,High Occupancy / Low Computer Load,0,422,4220.0,34,8,9,9,8,10.11,1.78,LIGHT,60.31,8.14,2.43,IDLE,58.82,7.08,1.83,IDLE,56.59,9.81,1.83,IDLE,60.01,9.51,2.58,IDLE,60.76,9.84,3.5,IDLE,62.55,12.57,1.93,LIGHT,63.61,8.71,1.19,IDLE,57.67,7.42,1.2,IDLE,56.07,9.77,1.03,IDLE,58.76,28.17,58.0,218.6,0.25,22.0,COOLING,0.25,22.0,COOLING,0.25,22.0,COOLING,0.25,22.0,COOLING,23.548,23.671,23.708,23.372,23.575,23.708,23.372,0.336,235.73,123.31,121.28,114.83,680.0,765.0,765.0,680.0,181.43,233.46,287.31,239.86,-3.56,-13.82,-43.3,60.68,875.0,875.0,875.0,875.0,218.6,232.95,255.29,220.37,595.15,2890.0,942.06,3500.0,927.21,1.0,1.0,1.0,0.721,22.5,MAX_UNIFORM_COOL,3.9123
4,High Occupancy / Low Computer Load,0,423,4230.0,34,8,9,9,8,12.05,1.06,LIGHT,61.65,8.31,2.49,IDLE,59.12,8.74,3.32,IDLE,60.91,10.34,2.16,LIGHT,61.16,8.09,2.19,IDLE,58.4,10.74,1.0,LIGHT,59.92,11.83,2.32,LIGHT,63.27,12.62,3.96,LIGHT,66.72,11.93,1.15,LIGHT,61.64,7.99,3.32,IDLE,59.97,28.18,58.0,218.8,0.25,22.0,COOLING,0.25,22.0,COOLING,0.25,22.0,COOLING,0.25,22.0,COOLING,23.553,23.676,23.713,23.377,23.58,23.713,23.377,0.336,242.84,118.32,129.99,121.61,680.0,765.0,765.0,680.0,181.64,233.69,287.6,240.12,-3.43,-13.95,-43.43,60.8,875.0,875.0,875.0,875.0,226.05,228.06,264.16,227.53,612.76,2890.0,943.05,3500.0,945.8,1.0,1.0,1.0,0.727,22.5,MAX_UNIFORM_COOL,3.9487
4,High Occupancy / Low Computer Load,0,424,4240.0,34,8,9,9,8,12.46,2.44,LIGHT,64.23,9.41,2.57,IDLE,60.62,8.03,3.98,IDLE,61.01,9.3,1.53,IDLE,58.92,9.03,1.84,IDLE,59.05,11.66,1.01,LIGHT,61.09,9.0,2.08,IDLE,59.37,12.76,2.23,LIGHT,64.3,10.21,3.14,LIGHT,62.47,8.4,3.96,IDLE,61.44,28.18,58.0,218.9,0.25,22.0,COOLING,0.25,22.0,COOLING,0.25,22.0,COOLING,0.25,22.0,COOLING,23.558,23.681,23.718,23.382,23.585,23.718,23.382,0.336,244.78,120.14,123.67,123.91,680.0,765.0,765.0,680.0,181.57,233.65,287.58,240.07,-3.43,-13.94,-43.43,60.81,875.0,875.0,875.0,875.0,227.92,229.85,257.82,229.79,612.5,2890.0,942.87,3500.0,945.38,1.0,1.0,1.0,0.732,22.5,MAX_UNIFORM_COOL,3.9799
4,High Occupancy / Low Computer Load,0,425,4250.0,34,8,9,9,8,11.5,3.17,LIGHT,64.13,10.21,1.51,LIGHT,60.03,12.32,3.53,LIGHT,65.69,8.12,3.91,IDLE,61.02,8.77,1.15,IDLE,57.69,7.74,1.21,IDLE,56.49,7.55,2.08,IDLE,57.56,11.85,1.46,LIGHT,62.0,12.2,2.12,LIGHT,63.43,11.81,1.79,LIGHT,62.45,28.18,58.0,219.0,0.25,22.0,COOLING,0.25,22.0,COOLING,0.25,22.0,COOLING,0.25,22.0,COOLING,23.563,23.686,23.723,23.387,23.59,23.723,23.387,0.336,250.87,114.18,119.56,125.88,680.0,765.0,765.0,680.0,181.49,233.61,287.55,240.04,-3.43,-13.95,-43.43,60.8,875.0,875.0,875.0,875.0,233.93,223.84,253.68,231.72,610.49,2890.0,942.69,3500.0,943.17,1.0,1.0,1.0,0.738,22.5,MAX_UNIFORM_COOL,4.0112
4,High Occupancy / Low Computer Load,0,426,4260.0,34,8,9,9,8,9.1,1.64,IDLE,58.84,8.26,1.08,IDLE,56.95,11.79,3.27,LIGHT,64.64,9.75,1.38,IDLE,59.26,11.32,1.22,LIGHT,60.98,11.93,3.47,LIGHT,65.12,11.78,3.45,LIGHT,64.9,7.75,2.32,IDLE,58.17,8.99,3.04,IDLE,60.8,12.36,3.58,LIGHT,65.82,28.18,58.0,219.2,0.25,22.0,COOLING,0.25,22.0,COOLING,0.25,22.0,COOLING,0.25,22.0,COOLING,23.568,23.691,23.728,23.392,23.595,23.728,23.392,0.336,239.69,126.1,123.07,126.62,680.0,765.0,765.0,680.0,181.47,233.62,287.63,240.05,-3.43,-13.95,-43.43,60.8,875.0,875.0,875.0,875.0,222.73,235.77,257.27,232.47,615.48,2890.0,942.77,3500.0,948.24,1.0,1.0,1.0,0.742,22.5,MAX_UNIFORM_COOL,4.046
4,High Occupancy / Low Computer Load,0,427,4270.0,34,8,9,9,8,8.34,2.54,IDLE,59.23,11.93,3.93,LIGHT,65.81,12.42,3.54,LIGHT,65.83,9.07,3.61,IDLE,61.75,12.12,1.93,LIGHT,63.05,9.78,1.02,IDLE,58.76,11.02,3.02,LIGHT,63.3,8.33,2.67,IDLE,59.42,8.82,1.42,IDLE,58.16,8.44,2.1,IDLE,58.7,28.19,58.0,219.3,0.25,22.0,COOLING,0.25,22.0,COOLING,0.25,22.0,COOLING,0.25,22.0,COOLING,23.573,23.696,23.733,23.397,23.6,23.733,23.397,0.336,252.62,121.81,122.72,116.86,680.0,765.0,765.0,680.0,181.61,233.79,287.82,240.22,-3.43,-13.94,-43.43,60.81,875.0,875.0,875.0,875.0,235.8,231.66,257.11,222.89,614.01,2890.0,943.44,3500.0,947.46,1.0,1.0,1.0,0.747,22.5,MAX_UNIFORM_COOL,4.0808
4,High Occupancy / Low Computer Load,0,428,4280.0,34,8,9,9,8,12.04,1.42,LIGHT,62.18,8.58,1.26,IDLE,57.62,11.5,3.77,LIGHT,65.03,10.42,3.64,LIGHT,63.48,8.92,1.85,IDLE,58.92,12.73,1.01,LIGHT,62.43,12.12,1.92,LIGHT,63.03,10.26,2.09,LIGHT,60.96,9.34,1.26,IDLE,58.56,8.95,3.77,IDLE,61.84,28.19,58.0,219.4,0.25,22.0,COOLING,0.25,22.0,COOLING,0.25,22.0,COOLING,0.25,22.0,COOLING,23.578,23.701,23.738,23.402,23.605,23.738,23.402,0.336,248.31,121.35,123.99,120.4,680.0,765.0,765.0,680.0,181.54,233.74,287.8,240.17,-3.43,-13.95,-43.43,60.81,875.0,875.0,875.0,875.0,231.42,231.14,258.36,226.38,614.05,2890.0,943.25,3500.0,947.3,1.0,1.0,1.0,0.752,22.5,MAX_UNIFORM_COOL,4.1138
4,High Occupancy / Low Computer Load,0,429,4290.0,34,8,9,9,8,11.76,2.13,LIGHT,62.9,10.36,3.99,LIGHT,63.94,9.76,1.93,IDLE,60.09,9.78,3.81,IDLE,62.94,12.2,1.89,LIGHT,63.09,10.75,2.21,LIGHT,61.75,12.52,3.51,LIGHT,65.91,8.79,1.99,IDLE,58.97,8.21,3.04,IDLE,59.82,9.24,3.75,IDLE,62.17,28.19,58.0,219.6,0.25,22.0,COOLING,0.25,22.0,COOLING,0.25,22.0,COOLING,0.25,22.0,COOLING,23.583,23.706,23.743,23.407,23.61,23.743,23.407,0.336,249.87,124.84,124.88,121.99,680.0,765.0,765.0,680.0,181.51,233.76,287.87,240.19,-3.43,-13.95,-43.43,60.8,875.0,875.0,875.0,875.0,232.95,234.65,259.32,227.98,621.58,2890.0,943.33,3500.0,954.9,1.0,1.0,1.0,0.757,22.5,MAX_UNIFORM_COOL,4.149
4,High Occupancy / Low Computer Load,0,430,4300.0,34,8,9,9,8,12.72,1.14,LIGHT,62.61,7.44,3.84,IDLE,60.06,7.53,1.54,IDLE,56.72,7.81,3.54,IDLE,60.07,12.59,2.31,LIGHT,64.2,10.99,3.21,LIGHT,63.55,7.46,3.62,IDLE,59.76,10.52,1.97,LIGHT,61.1,8.62,2.14,IDLE,58.98,12.37,1.36,LIGHT,62.5,28.19,58.0,219.7,0.25,22.0,COOLING,0.25,22.0,COOLING,0.25,22.0,COOLING,0.25,22.0,COOLING,23.588,23.711,23.748,23.412,23.615,23.748,23.412,0.336,239.46,127.75,120.86,121.48,680.0,765.0,765.0,680.0,181.44,233.72,287.85,240.14,-3.43,-13.95,-43.43,60.8,875.0,875.0,875.0,875.0,222.47,237.52,255.28,227.42,609.55,2890.0,943.15,3500.0,942.69,1.0,1.0,1.0,0.761,22.5,MAX_UNIFORM_COOL,4.1797
4,High Occupancy / Low Computer Load,0,431,4310.0,34,8,9,9,8,10.77,1.91,LIGHT,61.33,11.83,3.71,LIGHT,65.35,10.68,2.57,LIGHT,62.2,8.15,2.89,IDLE,59.52,9.28,3.43,IDLE,61.75,9.4,1.55,IDLE,59.08,11.61,1.78,LIGHT,62.18,11.86,1.36,LIGHT,61.87,11.15,2.71,LIGHT,63.0,8.19,1.02,IDLE,56.77,28.2,58.0,219.9,0.25,22.0,COOLING,0.25,22.0,COOLING,0.25,22.0,COOLING,0.25,22.0,COOLING,23.593,23.716,23.753,23.417,23.62,23.753,23.417,0.336,248.4,120.83,124.05,119.77,680.0,765.0,765.0,680.0,181.62,233.95,288.13,240.38,-3.43,-13.94,-43.43,60.81,875.0,875.0,875.0,875.0,231.59,230.84,258.75,225.96,613.05,2890.0,944.08,3500.0,947.14,1.0,1.0,1.0,0.766,22.5,MAX_UNIFORM_COOL,4.2154
4,High Occupancy / Low Computer Load,0,432,4320.0,34,8,9,9,8,12.93,1.69,LIGHT,63.7,8.03,2.58,IDLE,58.91,8.64,2.65,IDLE,59.77,9.01,2.02,IDLE,59.29,11.78,3.67,LIGHT,65.23,10.84,1.14,LIGHT,60.26,9.19,3.58,IDLE,61.86,9.41,1.41,IDLE,58.88,11.28,3.31,LIGHT,64.06,7.58,2.68,IDLE,58.5,28.2,58.0,220.0,0.25,22.0,COOLING,0.25,22.0,COOLING,0.25,22.0,COOLING,0.25,22.0,COOLING,23.598,23.721,23.758,23.422,23.625,23.758,23.422,0.336,241.67,125.49,120.74,122.56,680.0,765.0,765.0,680.0,181.55,233.91,288.11,240.33,-3.43,-13.95,-43.43,60.8,875.0,875.0,875.0,875.0,224.79,235.45,255.42,228.69,610.46,2890.0,943.9,3500.0,944.35,1.0,1.0,1.0,0.771,22.5,MAX_UNIFORM_COOL,4.248
4,High Occupancy / Low Computer Load,0,433,4330.0,34,8,9,9,8,9.51,2.13,IDLE,60.08,9.9,3.57,IDLE,62.73,9.22,2.6,IDLE,60.42,8.0,3.59,IDLE,60.38,12.34,3.37,LIGHT,65.48,12.55,1.08,LIGHT,62.31,11.23,3.1,LIGHT,63.69,11.72,2.62,LIGHT,63.58,12.99,2.55,LIGHT,65.06,11.59,3.73,LIGHT,65.08,28.2,58.0,220.1,0.25,22.0,COOLING,0.25,22.0,COOLING,0.25,22.0,COOLING,0.25,22.0,COOLING,23.603,23.726,23.763,23.427,23.63,23.763,23.427,0.336,243.61,127.79,127.27,130.14,680.0,765.0,765.0,680.0,181.48,233.86,288.09,240.29,-3.43,-13.95,-43.43,60.8,875.0,875.0,875.0,875.0,226.66,237.7,261.93,236.23,628.81,2890.0,943.72,3500.0,962.52,1.0,1.0,1.0,0.777,22.5,MAX_UNIFORM_COOL,4.2859
4,High Occupancy / Low Computer Load,0,434,4340.0,34,8,9,9,8,9.83,1.65,IDLE,59.76,10.98,3.54,LIGHT,64.03,9.66,1.77,IDLE,59.73,9.62,3.91,IDLE,62.89,8.74,3.5,IDLE,61.17,10.71,1.89,LIGHT,61.22,7.1,2.1,IDLE,57.02,8.78,3.66,IDLE,61.46,12.6,2.66,LIGHT,64.74,9.72,2.72,IDLE,61.23,28.21,58.0,220.3,0.25,22.0,COOLING,0.25,22.0,COOLING,0.25,22.0,COOLING,0.25,22.0,COOLING,23.608,23.731,23.768,23.432,23.635,23.768,23.432,0.336,246.41,122.39,118.48,125.97,680.0,765.0,765.0,680.0,181.66,234.1,288.37,240.52,-3.43,-13.94,-43.43,60.81,875.0,875.0,875.0,875.0,229.64,232.55,253.42,232.3,613.25,2890.0,944.65,3500.0,947.91,1.0,1.0,1.0,0.782,22.5,MAX_UNIFORM_COOL,4.3166
4,High Occupancy / Low Computer Load,0,435,4350.0,34,8,9,9,8,10.53,2.21,LIGHT,61.48,11.54,2.22,LIGHT,62.75,10.53,3.53,LIGHT,63.46,10.64,1.22,LIGHT,60.13,10.32,3.91,LIGHT,63.77,11.94,1.64,LIGHT,62.38,7.85,3.17,IDLE,59.57,9.07,3.67,IDLE,61.84,7.47,3.94,IDLE,60.25,12.03,1.17,LIGHT,61.79,28.21,58.0,220.4,0.25,22.0,COOLING,0.25,22.0,COOLING,0.25,22.0,COOLING,0.25,22.0,COOLING,23.613,23.736,23.773,23.437,23.64,23.773,23.437,0.336,247.82,126.15,121.41,122.04,680.0,765.0,765.0,680.0,181.59,234.05,288.35,240.48,-3.43,-13.95,-43.43,60.81,875.0,875.0,875.0,875.0,230.98,236.25,256.33,228.33,617.42,2890.0,944.47,3500.0,951.89,1.0,1.0,1.0,0.786,22.5,MAX_UNIFORM_COOL,4.3535
4,High Occupancy / Low Computer Load,0,436,4360.0,34,8,9,9,8,7.98,3.56,IDLE,60.31,8.42,3.49,IDLE,60.76,11.57,2.49,LIGHT,63.2,12.27,2.62,LIGHT,64.27,12.6,1.69,LIGHT,63.28,7.81,3.14,IDLE,59.47,10.1,3.79,LIGHT,63.31,11.74,2.81,LIGHT,63.89,9.55,3.19,IDLE,61.72,10.02,2.36,LIGHT,61.06,28.21,58.0,220.6,0.25,22.0,COOLING,0.25,22.0,COOLING,0.25,22.0,COOLING,0.25,22.0,COOLING,23.618,23.741,23.778,23.442,23.645,23.778,23.442,0.336,248.54,122.75,127.2,122.78,680.0,765.0,765.0,680.0,181.56,234.07,288.42,240.5,-3.43,-13.95,-43.43,60.8,875.0,875.0,875.0,875.0,231.67,232.87,262.19,229.08,621.27,2890.0,944.55,3500.0,955.81,1.0,1.0,1.0,0.791,22.5,MAX_UNIFORM_COOL,4.3901
4,High Occupancy / Low Computer Load,0,437,4370.0,34,8,9,9,8,7.53,2.55,IDLE,58.24,11.37,3.66,LIGHT,64.7,7.82,2.12,IDLE,57.95,10.96,2.36,LIGHT,62.24,7.2,1.05,IDLE,55.58,12.11,3.4,LIGHT,65.24,8.11,1.41,IDLE,57.25,12.83,3.82,LIGHT,66.77,12.69,3.69,LIGHT,66.4,11.42,1.3,LIGHT,61.23,28.21,58.0,220.7,0.25,22.0,COOLING,0.25,22.0,COOLING,0.25,22.0,COOLING,0.25,22.0,COOLING,23.623,23.746,23.783,23.447,23.65,23.783,23.447,0.336,243.13,120.82,124.02,127.63,680.0,765.0,765.0,680.0,181.49,234.02,288.4,240.45,-3.43,-13.95,-43.43,60.8,875.0,875.0,875.0,875.0,226.19,230.89,258.99,233.88,615.6,2890.0,944.36,3500.0,949.95,1.0,1.0,1.0,0.796,22.5,MAX_UNIFORM_COOL,4.4224
4,High Occupancy / Low Computer Load,0,438,4380.0,34,8,9,9,8,7.88,2.12,IDLE,58.03,10.29,3.47,LIGHT,63.07,7.36,3.22,IDLE,59.03,7.59,3.72,IDLE,60.07,8.98,1.85,IDLE,59.0,8.85,3.39,IDLE,61.15,11.09,2.0,LIGHT,61.86,12.24,2.14,LIGHT,63.51,10.52,2.37,LIGHT,61.7,12.56,2.52,LIGHT,64.48,28.22,58.0,220.8,0.25,22.0,COOLING,0.25,22.0,COOLING,0.25,22.0,COOLING,0.25,22.0,COOLING,23.628,23.751,23.788,23.452,23.655,23.788,23.452,0.336,240.2,120.15,125.37,126.18,680.0,765.0,765.0,680.0,181.64,234.19,288.6,240.62,-3.43,-13.94,-43.43,60.81,875.0,875.0,875.0,875.0,223.41,230.4,260.54,232.61,611.9,2890.0,945.05,3500.0,946.96,1.0,1.0,1.0,0.801,22.5,MAX_UNIFORM_COOL,4.4575
4,High Occupancy / Low Computer Load,0,439,4390.0,34,8,9,9,8,9.66,2.75,IDLE,61.2,12.32,2.29,LIGHT,63.84,8.93,1.66,IDLE,58.65,11.8,1.56,LIGHT,62.09,8.7,3.5,IDLE,61.12,12.46,1.88,LIGHT,63.4,8.2,2.65,IDLE,59.23,7.3,3.38,IDLE,59.2,10.57,2.87,LIGHT,62.52,9.08,2.12,IDLE,59.53,28.22,58.0,221.0,0.25,22.0,COOLING,0.25,22.0,COOLING,0.25,22.0,COOLING,0.25,22.0,COOLING,23.633,23.756,23.793,23.457,23.66,23.793,23.457,0.336,245.78,124.52,118.43,122.05,680.0,765.0,765.0,680.0,181.61,234.2,288.67,240.63,-3.43,-13.95,-43.43,60.8,875.0,875.0,875.0,875.0,228.96,234.77,253.67,228.48,610.78,2890.0,945.11,3500.0,945.88,1.0,1.0,1.0,0.806,22.5,MAX_UNIFORM_COOL,4.4923
4,High Occupancy / Low Computer Load,0,440,4400.0,34,8,9,9,8,7.44,1.35,IDLE,56.32,9.5,2.52,IDLE,60.66,12.75,3.85,LIGHT,66.71,9.26,2.36,IDLE,60.12,7.91,1.79,IDLE,57.57,12.46,1.91,LIGHT,63.44,12.16,2.3,LIGHT,63.65,12.27,1.62,LIGHT,62.77,10.17,1.09,LIGHT,59.35,8.71,3.41,IDLE,61.0,28.22,58.0,221.1,0.25,22.0,COOLING,0.25,22.0,COOLING,0.25,22.0,COOLING,0.25,22.0,COOLING,23.638,23.761,23.798,23.462,23.665,23.798,23.462,0.336,243.81,121.01,126.42,120.35,680.0,765.0,765.0,680.0,181.53,234.17,288.64,240.59,-3.43,-13.95,-43.43,60.8,875.0,875.0,875.0,875.0,226.91,231.23,261.63,226.74,611.59,2890.0,944.93,3500.0,946.51,1.0,1.0,1.0,0.809,22.5,MAX_UNIFORM_COOL,4.5298
4,High Occupancy / Low Computer Load,0,441,4410.0,34,8,9,9,8,11.08,2.12,LIGHT,62.03,12.67,3.25,LIGHT,65.71,7.69,1.85,IDLE,57.39,7.09,3.92,IDLE,59.74,10.63,1.43,LIGHT,60.43,11.38,3.53,LIGHT,64.52,7.87,2.31,IDLE,58.3,10.54,3.95,LIGHT,64.1,12.56,1.63,LIGHT,63.15,11.98,1.28,LIGHT,61.9,28.23,58.0,221.2,0.25,22.0,COOLING,0.25,22.0,COOLING,0.25,22.0,COOLING,0.25,22.0,COOLING,23.643,23.766,23.803,23.467,23.67,23.803,23.467,0.336,244.87,124.95,122.4,125.05,680.0,765.0,765.0,680.0,181.68,234.33,288.84,240.76,-3.43,-13.94,-43.43,60.81,875.0,875.0,875.0,875.0,228.12,235.34,257.81,231.62,617.27,2890.0,945.61,3500.0,952.89,1.0,1.0,1.0,0.815,22.5,MAX_UNIFORM_COOL,4.5654
4,High Occupancy / Low Computer Load,0,442,4420.0,34,8,9,9,8,8.13,3.12,IDLE,59.84,12.91,1.07,LIGHT,62.74,9.23,3.96,IDLE,62.48,10.3,3.66,LIGHT,63.37,7.86,2.36,IDLE,58.37,8.54,3.26,IDLE,60.56,12.96,3.12,LIGHT,65.88,9.67,3.3,IDLE,62.04,10.08,1.61,LIGHT,60.02,9.07,3.76,IDLE,61.98,28.23,58.0,221.4,0.25,22.0,COOLING,0.25,22.0,COOLING,0.25,22.0,COOLING,0.25,22.0,COOLING,23.648,23.771,23.808,23.472,23.675,23.808,23.472,0.336,248.43,118.93,127.92,122.0,680.0,765.0,765.0,680.0,181.64,234.36,288.9,240.78,-3.43,-13.94,-43.43,60.81,875.0,875.0,875.0,875.0,231.64,229.35,263.39,228.59,617.28,2890.0,945.68,3500.0,952.97,1.0,1.0,1.0,0.82,22.5,MAX_UNIFORM_COOL,4.6029
4,High Occupancy / Low Computer Load,0,443,4430.0,34,8,9,9,8,10.59,1.69,LIGHT,60.77,11.66,2.27,LIGHT,62.98,8.99,2.86,IDLE,60.53,12.42,2.12,LIGHT,63.7,8.67,3.79,IDLE,61.52,12.16,2.05,LIGHT,63.28,12.31,3.86,LIGHT,66.18,8.39,1.1,IDLE,57.14,10.26,2.17,LIGHT,61.08,8.35,2.52,IDLE,59.22,28.23,58.0,221.5,0.25,22.0,COOLING,0.25,22.0,COOLING,0.25,22.0,COOLING,0.25,22.0,COOLING,23.653,23.776,23.813,23.477,23.68,23.813,23.477,0.336,247.98,124.8,123.32,120.3,680.0,765.0,765.0,680.0,181.57,234.31,288.88,240.74,-3.43,-13.95,-43.43,60.8,875.0,875.0,875.0,875.0,231.12,235.16,258.77,226.84,616.4,2890.0,945.5,3500.0,951.89,1.0,1.0,1.0,0.825,22.5,MAX_UNIFORM_COOL,4.6384
4,High Occupancy / Low Computer Load,0,444,4440.0,34,8,9,9,8,11.3,3.25,LIGHT,64.0,9.65,1.8,IDLE,59.76,10.02,1.34,LIGHT,59.53,9.92,3.57,IDLE,62.75,9.61,1.32,IDLE,58.99,7.97,2.63,IDLE,58.91,10.66,1.66,LIGHT,60.82,7.59,2.15,IDLE,57.71,9.39,2.16,IDLE,59.98,9.77,2.76,IDLE,61.35,28.23,58.0,221.7,0.25,22.0,COOLING,0.25,22.0,COOLING,0.25,22.0,COOLING,0.25,22.0,COOLING,23.658,23.781,23.818,23.482,23.685,23.818,23.482,0.336,246.04,117.9,118.53,121.33,680.0,765.0,765.0,680.0,181.55,234.32,288.96,240.75,-3.43,-13.95,-43.43,60.8,875.0,875.0,875.0,875.0,229.16,228.27,254.06,227.88,603.8,2890.0,945.58,3500.0,939.37,1.0,1.0,1.0,0.83,22.5,MAX_UNIFORM_COOL,4.6708
4,High Occupancy / Low Computer Load,0,445,4450.0,34,8,9,9,8,10.38,3.75,LIGHT,63.6,11.18,2.34,LIGHT,62.48,8.98,2.99,IDLE,60.71,12.2,2.91,LIGHT,64.61,7.31,1.96,IDLE,57.08,10.86,3.73,LIGHT,64.17,8.79,2.35,IDLE,59.51,10.92,3.63,LIGHT,64.09,10.3,2.19,LIGHT,61.16,10.2,3.77,LIGHT,63.41,28.24,58.0,221.8,0.25,22.0,COOLING,0.25,22.0,COOLING,0.25,22.0,COOLING,0.25,22.0,COOLING,23.663,23.786,23.823,23.487,23.69,23.823,23.487,0.336,251.4,121.25,123.6,124.57,680.0,765.0,765.0,680.0,181.68,234.49,289.14,240.92,-3.43,-13.94,-43.43,60.81,875.0,875.0,875.0,875.0,234.65,231.8,259.31,231.3,620.82,2890.0,946.23,3500.0,957.06,1.0,1.0,1.0,0.835,22.5,MAX_UNIFORM_COOL,4.7116
4,High Occupancy / Low Computer Load,0,446,4460.0,34,8,9,9,8,12.57,2.22,LIGHT,64.04,11.11,2.31,LIGHT,62.35,9.92,1.04,IDLE,58.96,8.91,1.9,IDLE,58.99,10.24,1.21,LIGHT,59.61,9.38,1.43,IDLE,58.87,11.67,3.18,LIGHT,64.36,12.29,2.86,LIGHT,64.65,8.88,3.36,IDLE,61.14,10.5,1.25,LIGHT,60.0,28.24,58.0,221.9,0.25,22.0,COOLING,0.25,22.0,COOLING,0.25,22.0,COOLING,0.25,22.0,COOLING,23.668,23.791,23.828,23.492,23.695,23.828,23.492,0.336,244.34,118.48,129.01,121.14,680.0,765.0,765.0,680.0,181.62,234.45,289.13,240.88,-3.43,-13.95,-43.43,60.81,875.0,875.0,875.0,875.0,227.53,228.98,264.71,227.83,612.97,2890.0,946.08,3500.0,949.05,1.0,1.0,1.0,0.839,22.5,MAX_UNIFORM_COOL,4.7481
4,High Occupancy / Low Computer Load,0,447,4470.0,34,8,9,9,8,12.36,2.27,LIGHT,63.86,12.73,1.44,LIGHT,63.07,9.38,2.1,IDLE,59.88,10.64,3.56,LIGHT,63.64,7.19,1.11,IDLE,55.65,11.6,1.68,LIGHT,62.02,7.83,3.45,IDLE,59.96,11.53,2.07,LIGHT,62.52,12.08,2.48,LIGHT,63.82,12.21,3.35,LIGHT,65.29,28.24,58.0,222.1,0.25,22.0,COOLING,0.25,22.0,COOLING,0.25,22.0,COOLING,0.25,22.0,COOLING,23.673,23.796,23.833,23.497,23.7,23.833,23.497,0.336,250.45,117.67,122.48,129.11,680.0,765.0,765.0,680.0,181.59,234.46,289.2,240.89,-3.43,-13.95,-43.43,60.8,875.0,875.0,875.0,875.0,233.61,228.18,258.25,235.8,619.71,2890.0,946.14,3500.0,955.84,1.0,1.0,1.0,0.846,22.5,MAX_UNIFORM_COOL,4.7837
4,High Occupancy / Low Computer Load,0,448,4480.0,34,8,9,9,8,12.29,1.34,LIGHT,62.37,9.68,1.61,IDLE,59.52,10.68,1.46,LIGHT,60.54,8.91,3.2,IDLE,60.94,11.13,2.87,LIGHT,63.22,7.42,2.48,IDLE,57.99,12.74,1.49,LIGHT,63.16,7.76,2.7,IDLE,58.75,8.28,2.26,IDLE,58.74,11.43,3.13,LIGHT,63.98,28.24,58.0,222.2,0.25,22.0,COOLING,0.25,22.0,COOLING,0.25,22.0,COOLING,0.25,22.0,COOLING,23.678,23.801,23.838,23.502,23.705,23.838,23.502,0.336,243.37,121.21,121.91,122.72,680.0,765.0,765.0,680.0,181.52,234.43,289.17,240.85,-3.43,-13.95,-43.43,60.8,875.0,875.0,875.0,875.0,226.46,231.69,257.65,229.37,609.21,2890.0,945.97,3500.0,945.17,1.0,1.0,1.0,0.849,22.5,MAX_UNIFORM_COOL,4.8196
4,High Occupancy / Low Computer Load,0,449,4490.0,34,8,9,9,8,7.72,3.68,IDLE,60.17,9.86,1.37,IDLE,59.38,12.74,1.11,LIGHT,62.59,10.37,3.94,LIGHT,63.87,8.25,3.41,IDLE,60.43,7.32,3.26,IDLE,59.04,9.4,1.71,IDLE,59.31,11.47,2.95,LIGHT,63.76,11.34,1.35,LIGHT,61.2,9.95,2.19,IDLE,60.72,28.25,58.0,222.4,0.25,22.0,COOLING,0.25,22.0,COOLING,0.25,22.0,COOLING,0.25,22.0,COOLING,23.683,23.806,23.843,23.507,23.71,23.843,23.507,0.336,246.01,119.47,123.07,121.92,680.0,765.0,765.0,680.0,181.7,234.65,289.46,241.08,-3.43,-13.94,-43.43,60.81,875.0,875.0,875.0,875.0,229.28,230.18,259.1,228.81,610.47,2890.0,946.89,3500.0,947.37,1.0,1.0,1.0,0.854,22.5,MAX_UNIFORM_COOL,4.8577
4,High Occupancy / Low Computer Load,0,450,4500.0,34,8,9,9,8,7.69,1.54,IDLE,56.92,8.63,1.62,IDLE,58.22,10.72,1.88,LIGHT,61.22,10.62,3.26,LIGHT,63.16,7.2,3.44,IDLE,59.16,7.69,2.77,IDLE,58.77,11.96,3.18,LIGHT,64.72,12.47,1.98,LIGHT,63.56,7.83,2.12,IDLE,57.97,11.99,3.1,LIGHT,64.64,28.25,58.0,222.5,0.25,22.0,COOLING,0.25,22.0,COOLING,0.25,22.0,COOLING,0.25,22.0,COOLING,23.688,23.811,23.848,23.512,23.715,23.848,23.512,0.336,239.52,117.93,128.28,122.61,680.0,765.0,765.0,680.0,181.63,234.61,289.44,241.03,-3.43,-13.95,-43.43,60.8,875.0,875.0,875.0,875.0,222.72,228.59,264.29,229.44,608.34,2890.0,946.71,3500.0,945.04,1.0,1.0,1.0,0.858,22.5,MAX_UNIFORM_COOL,4.8954
4,High Occupancy / Low Computer Load,0,451,4510.0,34,8,9,9,8,9.3,1.16,IDLE,58.37,9.07,1.81,IDLE,59.05,9.83,2.71,IDLE,61.35,8.76,1.77,IDLE,58.61,12.47,3.59,LIGHT,65.97,8.18,3.5,IDLE,60.48,10.43,2.6,LIGHT,61.94,10.54,2.18,LIGHT,61.45,10.05,3.4,LIGHT,62.66,9.25,2.54,IDLE,60.37,28.25,58.0,222.6,0.25,22.0,COOLING,0.25,22.0,COOLING,0.25,22.0,COOLING,0.25,22.0,COOLING,23.692,23.816,23.853,23.517,23.72,23.853,23.517,0.336,237.38,126.45,123.39,123.03,680.0,765.0,765.0,680.0,181.55,234.56,289.41,240.99,-3.43,-13.95,-43.43,60.8,875.0,875.0,875.0,875.0,220.5,237.06,259.37,229.82,610.25,2890.0,946.51,3500.0,946.75,1.0,1.0,1.0,0.863,22.5,MAX_UNIFORM_COOL,4.9307
4,High Occupancy / Low Computer Load,0,452,4520.0,34,8,9,9,8,8.59,1.96,IDLE,58.68,7.22,2.16,IDLE,57.27,10.46,3.26,LIGHT,62.97,8.24,3.5,IDLE,60.55,7.49,3.13,IDLE,59.06,9.77,2.58,IDLE,61.08,12.65,2.6,LIGHT,64.71,11.07,3.63,LIGHT,64.28,11.5,1.8,LIGHT,62.08,11.4,3.44,LIGHT,64.41,28.26,58.0,222.8,0.25,22.0,COOLING,0.25,22.0,COOLING,0.25,22.0,COOLING,0.25,22.0,COOLING,23.697,23.821,23.858,23.522,23.724,23.858,23.522,0.336,239.47,120.14,128.99,126.49,680.0,765.0,765.0,680.0,181.76,234.8,289.7,241.22,-3.2,-14.05,-43.45,60.7,875.0,875.0,875.0,875.0,223.03,230.89,265.24,233.41,615.09,2890.0,947.48,3500.0,952.57,1.0,1.0,1.0,0.868,22.5,MAX_UNIFORM_COOL,4.9701
4,High Occupancy / Low Computer Load,0,453,4530.0,34,8,9,9,8,8.98,1.52,IDLE,58.51,8.32,1.93,IDLE,58.3,11.69,2.95,LIGHT,64.04,9.85,3.12,IDLE,61.99,8.95,1.58,IDLE,58.56,12.6,2.61,LIGHT,64.67,11.35,2.84,LIGHT,63.45,10.99,2.45,LIGHT,62.41,9.87,2.92,IDLE,61.72,12.68,3.65,LIGHT,66.33,28.26,58.0,222.9,0.25,22.0,COOLING,0.25,22.0,COOLING,0.25,22.0,COOLING,0.25,22.0,COOLING,23.702,23.826,23.863,23.527,23.73,23.863,23.527,0.336,242.84,123.23,125.86,128.05,680.0,765.0,765.0,680.0,181.69,234.75,289.68,241.18,-3.19,-14.06,-43.45,60.7,875.0,875.0,875.0,875.0,226.34,233.92,262.09,234.93,619.98,2890.0,947.3,3500.0,957.28,1.0,1.0,1.0,0.875,22.5,MAX_UNIFORM_COOL,5.0082
4,High Occupancy / Low Computer Load,0,454,4540.0,34,8,9,9,8,12.21,2.0,LIGHT,63.26,11.8,1.53,LIGHT,62.05,8.9,2.44,IDLE,59.78,11.31,2.63,LIGHT,63.08,9.56,3.25,IDLE,61.83,12.73,2.23,LIGHT,64.26,8.44,3.12,IDLE,60.23,8.14,1.96,IDLE,58.11,9.42,1.68,IDLE,59.3,8.24,2.26,IDLE,58.69,28.26,58.0,223.1,0.25,22.0,COOLING,0.25,22.0,COOLING,0.25,22.0,COOLING,0.25,22.0,COOLING,23.707,23.831,23.868,23.532,23.735,23.868,23.532,0.336,248.17,126.09,118.34,117.99,680.0,765.0,765.0,680.0,181.66,234.77,289.75,241.2,-3.2,-14.05,-43.44,60.69,875.0,875.0,875.0,875.0,231.63,236.81,254.65,224.88,610.59,2890.0,947.38,3500.0,947.97,1.0,1.0,1.0,0.879,22.5,MAX_UNIFORM_COOL,5.0449
4,High Occupancy / Low Computer Load,0,455,4550.0,34,8,9,9,8,7.31,1.34,IDLE,56.15,7.9,3.85,IDLE,60.65,10.01,3.97,LIGHT,63.47,9.78,1.8,IDLE,59.93,7.28,1.67,IDLE,56.61,7.27,2.47,IDLE,57.79,7.12,2.46,IDLE,57.59,9.16,1.71,IDLE,59.02,8.52,2.73,IDLE,59.74,8.66,2.62,IDLE,59.76,28.26,58.0,223.2,0.25,22.0,COOLING,0.25,22.0,COOLING,0.25,22.0,COOLING,0.25,22.0,COOLING,23.712,23.836,23.873,23.537,23.739,23.873,23.537,0.336,240.2,114.4,116.61,119.5,680.0,765.0,765.0,680.0,181.59,234.72,289.73,241.15,-3.2,-14.05,-43.44,60.69,875.0,875.0,875.0,875.0,223.59,225.07,252.9,226.34,590.71,2890.0,947.19,3500.0,927.9,1.0,1.0,1.0,0.884,22.5,MAX_UNIFORM_COOL,5.0776
4,High Occupancy / Low Computer Load,0,456,4560.0,34,8,9,9,8,8.7,1.49,IDLE,58.11,9.88,1.18,IDLE,59.12,9.08,3.14,IDLE,61.06,10.3,3.43,LIGHT,63.02,9.0,3.27,IDLE,61.16,12.24,3.6,LIGHT,65.7,8.54,3.85,IDLE,61.45,9.1,3.32,IDLE,61.36,9.97,3.99,IDLE,63.45,10.38,2.63,LIGHT,61.92,28.27,58.0,223.3,0.25,22.0,COOLING,0.25,22.0,COOLING,0.25,22.0,COOLING,0.25,22.0,COOLING,23.717,23.841,23.878,23.542,23.745,23.878,23.542,0.336,241.31,126.86,122.81,125.37,680.0,765.0,765.0,680.0,181.74,234.89,289.93,241.32,-3.2,-14.05,-43.45,60.7,875.0,875.0,875.0,875.0,224.85,237.7,259.29,232.39,616.35,2890.0,947.88,3500.0,954.23,1.0,1.0,1.0,0.889,22.5,MAX_UNIFORM_COOL,5.1225
4,High Occupancy / Low Computer Load,0,457,4570.0,34,8,9,9,8,10.21,3.78,LIGHT,63.43,11.95,3.11,LIGHT,64.6,9.46,1.93,IDLE,59.72,11.76,2.03,LIGHT,62.75,11.29,2.55,LIGHT,62.94,11.06,3.55,LIGHT,64.15,12.11,2.99,LIGHT,64.62,10.33,3.94,LIGHT,63.82,7.19,3.24,IDLE,58.85,8.92,2.51,IDLE,59.91,28.27,58.0,223.5,0.25,22.0,COOLING,0.25,22.0,COOLING,0.25,22.0,COOLING,0.25,22.0,COOLING,23.722,23.846,23.883,23.547,23.75,23.883,23.547,0.336,250.5,127.09,128.44,118.76,680.0,765.0,765.0,680.0,181.7,234.91,289.99,241.34,-3.19,-14.06,-43.44,60.69,875.0,875.0,875.0,875.0,234.01,237.94,264.99,225.79,624.79,2890.0,947.94,3500.0,962.73,1.0,1.0,1.0,0.893,22.5,MAX_UNIFORM_COOL,5.1656
4,High Occupancy / Low Computer Load,0,458,4580.0,34,8,9,9,8,11.16,1.4,LIGHT,61.05,9.86,1.5,IDLE,59.58,8.83,2.97,IDLE,60.49,12.71,3.55,LIGHT,66.21,9.37,2.34,IDLE,60.22,11.03,3.53,LIGHT,64.08,10.25,1.68,LIGHT,60.33,10.95,3.28,LIGHT,63.61,12.74,2.87,LIGHT,65.23,7.73,2.85,IDLE,58.94,28.27,58.0,223.6,0.25,22.0,COOLING,0.25,22.0,COOLING,0.25,22.0,COOLING,0.25,22.0,COOLING,23.727,23.851,23.888,23.552,23.755,23.888,23.552,0.336,247.33,124.3,123.94,124.17,680.0,765.0,765.0,680.0,181.63,234.87,289.97,241.29,-3.2,-14.05,-43.44,60.69,875.0,875.0,875.0,875.0,230.76,235.12,260.47,231.15,619.74,2890.0,947.76,3500.0,957.5,1.0,1.0,1.0,0.899,22.5,MAX_UNIFORM_COOL,5.2012
4,High Occupancy / Low Computer Load,0,459,4590.0,34,8,9,9,8,8.04,2.85,IDLE,59.32,10.92,3.45,LIGHT,63.83,11.45,2.27,LIGHT,62.72,8.66,1.49,IDLE,58.06,7.28,2.84,IDLE,58.36,11.13,1.66,LIGHT,61.4,11.88,1.88,LIGHT,62.67,7.55,3.27,IDLE,59.34,7.72,1.64,IDLE,57.11,10.28,1.88,LIGHT,60.67,28.27,58.0,223.8,0.25,22.0,COOLING,0.25,22.0,COOLING,0.25,22.0,COOLING,0.25,22.0,COOLING,23.732,23.856,23.893,23.557,23.759,23.893,23.557,0.336,243.93,119.76,122.01,117.78,680.0,765.0,765.0,680.0,181.59,234.89,290.03,241.32,-3.2,-14.05,-43.45,60.7,875.0,875.0,875.0,875.0,227.32,230.6,258.59,224.8,603.48,2890.0,947.83,3500.0,941.31,1.0,1.0,1.0,0.903,22.5,MAX_UNIFORM_COOL,5.2372
4,High Occupancy / Low Computer Load,0,460,4600.0,34,8,9,9,8,8.3,1.81,IDLE,58.09,7.49,2.5,IDLE,58.11,8.48,1.75,IDLE,58.23,10.35,2.99,LIGHT,62.42,7.55,2.5,IDLE,58.19,7.51,3.83,IDLE,60.13,10.6,1.48,LIGHT,60.47,7.12,1.58,IDLE,56.27,10.76,1.18,LIGHT,60.22,7.45,3.35,IDLE,59.34,28.28,58.0,223.9,0.25,22.0,COOLING,0.25,22.0,COOLING,0.25,22.0,COOLING,0.25,22.0,COOLING,23.736,23.861,23.898,23.562,23.764,23.898,23.562,0.336,236.85,118.32,116.74,119.56,680.0,765.0,765.0,680.0,181.74,235.06,290.23,241.48,-3.19,-14.06,-43.45,60.7,875.0,875.0,875.0,875.0,220.4,229.32,253.52,226.74,591.47,2890.0,948.51,3500.0,929.98,1.0,1.0,1.0,0.908,22.5,MAX_UNIFORM_COOL,5.2704
4,High Occupancy / Low Computer Load,0,461,4610.0,34,8,9,9,8,12.17,2.8,LIGHT,64.41,9.93,1.05,IDLE,58.99,10.12,1.1,LIGHT,59.3,12.57,3.58,LIGHT,66.08,10.55,3.88,LIGHT,64.01,10.8,3.47,LIGHT,63.7,8.23,3.38,IDLE,60.36,7.39,3.07,IDLE,58.84,12.28,1.51,LIGHT,62.62,11.68,3.18,LIGHT,64.37,28.28,58.0,224.0,0.25,22.0,COOLING,0.25,22.0,COOLING,0.25,22.0,COOLING,0.25,22.0,COOLING,23.741,23.866,23.903,23.567,23.769,23.903,23.567,0.336,248.78,127.71,119.2,126.99,680.0,765.0,765.0,680.0,181.7,235.01,290.21,241.44,-2.96,-14.17,-43.46,60.58,875.0,875.0,875.0,875.0,232.52,238.55,255.95,234.01,622.68,2890.0,948.36,3500.0,961.03,1.0,1.0,1.0,0.914,22.5,MAX_UNIFORM_COOL,5.3163
4,High Occupancy / Low Computer Load,0,462,4620.0,34,8,9,9,8,10.97,2.22,LIGHT,62.04,8.53,3.74,IDLE,61.27,7.61,3.67,IDLE,60.02,8.89,3.52,IDLE,61.39,7.29,2.66,IDLE,58.1,8.46,3.2,IDLE,60.38,12.11,2.66,LIGHT,64.13,8.77,2.52,IDLE,59.74,7.94,1.29,IDLE,56.86,7.42,2.58,IDLE,58.14,28.28,58.0,224.2,0.25,22.0,COOLING,0.25,22.0,COOLING,0.25,22.0,COOLING,0.25,22.0,COOLING,23.746,23.871,23.908,23.572,23.774,23.908,23.572,0.336,244.72,118.48,123.87,115.0,680.0,765.0,765.0,680.0,181.67,235.02,290.28,241.45,-2.96,-14.17,-43.46,60.58,875.0,875.0,875.0,875.0,228.43,229.33,260.69,222.03,602.07,2890.0,948.42,3500.0,940.48,1.0,1.0,1.0,0.917,22.5,MAX_UNIFORM_COOL,5.3541
4,High Occupancy / Low Computer Load,0,463,4630.0,34,8,9,9,8,9.05,3.86,IDLE,62.1,11.43,1.29,LIGHT,61.22,11.93,2.89,LIGHT,64.25,11.76,1.83,LIGHT,62.45,10.99,2.88,LIGHT,63.06,10.18,2.79,LIGHT,61.91,9.93,1.16,IDLE,59.15,7.49,2.09,IDLE,57.5,9.31,2.16,IDLE,59.88,10.99,2.02,LIGHT,61.77,28.29,58.0,224.3,0.25,22.0,COOLING,0.25,22.0,COOLING,0.25,22.0,COOLING,0.25,22.0,COOLING,23.751,23.876,23.913,23.577,23.779,23.913,23.577,0.336,250.02,124.97,116.65,121.65,680.0,765.0,765.0,680.0,181.81,235.2,290.47,241.63,-2.96,-14.16,-43.46,60.59,875.0,875.0,875.0,875.0,233.87,236.01,253.66,228.87,613.29,2890.0,949.11,3500.0,952.41,1.0,1.0,1.0,0.924,22.5,MAX_UNIFORM_COOL,5.394
4,High Occupancy / Low Computer Load,0,464,4640.0,34,8,9,9,8,7.47,2.68,IDLE,58.36,10.31,3.04,LIGHT,62.45,7.23,1.67,IDLE,56.54,9.51,1.39,IDLE,58.97,12.63,2.65,LIGHT,64.76,7.94,2.76,IDLE,59.06,7.83,2.21,IDLE,58.1,12.77,2.94,LIGHT,65.37,10.7,2.63,LIGHT,62.32,9.79,1.46,IDLE,59.43,28.29,58.0,224.4,0.25,22.0,COOLING,0.25,22.0,COOLING,0.25,22.0,COOLING,0.25,22.0,COOLING,23.755,23.881,23.918,23.582,23.784,23.918,23.582,0.336,236.32,123.82,123.47,121.75,680.0,765.0,765.0,680.0,181.74,235.15,290.46,241.58,-2.96,-14.17,-43.46,60.58,875.0,875.0,875.0,875.0,220.1,234.8,260.47,228.91,605.36,2890.0,948.93,3500.0,944.28,1.0,1.0,1.0,0.927,22.5,MAX_UNIFORM_COOL,5.4313
4,High Occupancy / Low Computer Load,0,465,4650.0,34,8,9,9,8,8.04,2.78,IDLE,59.22,12.04,3.29,LIGHT,64.98,11.64,1.96,LIGHT,62.49,8.87,1.62,IDLE,58.52,9.15,3.06,IDLE,61.03,9.34,3.19,IDLE,61.46,12.96,2.11,LIGHT,64.37,9.09,2.07,IDLE,59.47,9.78,1.8,IDLE,59.93,9.88,2.66,IDLE,61.34,28.29,58.0,224.6,0.25,22.0,COOLING,0.25,22.0,COOLING,0.25,22.0,COOLING,0.25,22.0,COOLING,23.76,23.886,23.923,23.587,23.789,23.923,23.587,0.336,245.21,122.49,123.84,121.27,680.0,765.0,765.0,680.0,181.72,235.17,290.52,241.6,-2.72,-14.28,-43.47,60.47,875.0,875.0,875.0,875.0,229.21,233.38,260.89,228.34,612.81,2890.0,949.01,3500.0,951.82,1.0,1.0,1.0,0.932,22.5,MAX_UNIFORM_COOL,5.4734
4,High Occupancy / Low Computer Load,0,466,4660.0,34,8,9,9,8,9.86,1.14,IDLE,59.04,9.13,2.05,IDLE,59.49,7.07,2.75,IDLE,57.96,10.1,3.63,LIGHT,63.07,10.36,2.95,LIGHT,62.38,9.04,3.06,IDLE,60.89,8.54,3.48,IDLE,60.89,12.77,2.04,LIGHT,64.02,11.22,1.48,LIGHT,61.24,12.6,1.01,LIGHT,62.27,28.29,58.0,224.7,0.25,22.0,COOLING,0.25,22.0,COOLING,0.25,22.0,COOLING,0.25,22.0,COOLING,23.765,23.891,23.928,23.592,23.794,23.928,23.592,0.336,239.56,123.27,124.91,123.51,680.0,765.0,765.0,680.0,181.65,235.13,290.5,241.55,-2.73,-14.27,-43.47,60.48,875.0,875.0,875.0,875.0,223.48,234.13,261.94,230.54,611.25,2890.0,948.83,3500.0,950.09,1.0,1.0,1.0,0.937,22.5,MAX_UNIFORM_COOL,5.513
4,High Occupancy / Low Computer Load,0,467,4670.0,34,8,9,9,8,12.26,1.64,LIGHT,62.79,10.61,2.55,LIGHT,62.09,7.09,2.51,IDLE,57.63,8.44,2.79,IDLE,59.73,12.49,1.96,LIGHT,63.55,7.51,3.16,IDLE,59.13,9.08,2.91,IDLE,60.72,10.86,1.44,LIGHT,60.73,10.2,2.27,LIGHT,61.16,7.77,1.13,IDLE,56.41,28.3,58.0,224.9,0.25,22.0,COOLING,0.25,22.0,COOLING,0.25,22.0,COOLING,0.25,22.0,COOLING,23.77,23.896,23.933,23.597,23.799,23.933,23.597,0.336,242.24,122.68,121.45,117.57,680.0,765.0,765.0,680.0,181.84,235.35,290.79,241.78,-2.73,-14.27,-43.48,60.48,875.0,875.0,875.0,875.0,226.35,233.76,258.76,224.83,603.94,2890.0,949.76,3500.0,943.7,1.0,1.0,1.0,0.942,22.5,MAX_UNIFORM_COOL,5.5524
4,High Occupancy / Low Computer Load,0,468,4680.0,34,8,9,9,8,7.2,3.0,IDLE,58.5,7.04,1.62,IDLE,56.23,12.21,2.45,LIGHT,63.94,10.34,1.08,LIGHT,59.54,8.67,2.99,IDLE,60.32,10.94,1.33,LIGHT,60.67,12.07,3.18,LIGHT,64.86,9.98,3.42,IDLE,62.61,7.78,3.03,IDLE,59.27,10.41,1.24,LIGHT,59.87,28.3,58.0,225.0,0.25,22.0,COOLING,0.25,22.0,COOLING,0.25,22.0,COOLING,0.25,22.0,COOLING,23.775,23.901,23.938,23.602,23.804,23.938,23.602,0.336,238.21,120.99,127.47,119.14,680.0,765.0,765.0,680.0,181.78,235.31,290.77,241.73,-2.72,-14.28,-43.47,60.47,875.0,875.0,875.0,875.0,222.27,232.02,264.77,226.34,605.81,2890.0,949.59,3500.0,945.4,1.0,1.0,1.0,0.946,22.5,MAX_UNIFORM_COOL,5.5943
4,High Occupancy / Low Computer Load,0,469,4690.0,34,8,9,9,8,8.94,2.76,IDLE,60.31,11.27,1.38,LIGHT,61.16,12.21,2.03,LIGHT,63.31,8.33,1.85,IDLE,58.19,12.1,1.49,LIGHT,62.36,8.5,1.46,IDLE,57.81,8.99,2.32,IDLE,59.72,10.54,1.69,LIGHT,60.71,7.48,1.35,IDLE,56.38,7.26,1.6,IDLE,56.48,28.3,58.0,225.1,0.25,22.0,COOLING,0.25,22.0,COOLING,0.25,22.0,COOLING,0.25,22.0,COOLING,23.78,23.906,23.943,23.606,23.809,23.943,23.606,0.337,242.97,120.17,120.43,112.86,680.0,765.0,765.0,680.0,181.7,235.27,290.74,241.7,-2.72,-14.28,-43.47,60.47,875.0,875.0,875.0,875.0,226.95,231.16,257.7,220.03,596.43,2890.0,949.41,3500.0,935.84,1.0,1.0,1.0,0.95,22.5,MAX_UNIFORM_COOL,5.6322
4,High Occupancy / Low Computer Load,0,470,4700.0,34,8,9,9,8,8.74,1.39,IDLE,58.01,10.01,1.42,LIGHT,59.64,11.91,3.62,LIGHT,65.32,9.23,3.18,IDLE,61.31,10.87,1.99,LIGHT,61.57,7.08,3.66,IDLE,59.34,8.69,3.25,IDLE,60.74,7.45,3.09,IDLE,58.95,11.52,3.2,LIGHT,64.2,7.33,3.67,IDLE,59.67,28.31,58.0,225.3,0.25,22.0,COOLING,0.25,22.0,COOLING,0.25,22.0,COOLING,0.25,22.0,COOLING,23.785,23.911,23.948,23.611,23.814,23.948,23.611,0.337,244.28,120.91,119.69,123.87,680.0,765.0,765.0,680.0,181.88,235.5,291.03,241.95,-2.84,-14.29,-43.59,60.71,875.0,875.0,875.0,875.0,228.32,232.12,257.13,231.53,608.75,2890.0,950.36,3500.0,949.1,1.0,1.0,1.0,0.956,22.5,MAX_UNIFORM_COOL,5.674
4,High Occupancy / Low Computer Load,0,471,4710.0,34,8,9,9,8,8.76,1.18,IDLE,57.72,10.73,3.22,LIGHT,63.24,9.27,2.77,IDLE,60.74,7.15,3.63,IDLE,59.38,7.31,1.3,IDLE,56.09,12.94,1.13,LIGHT,62.87,8.46,1.3,IDLE,57.53,9.2,1.5,IDLE,58.75,11.23,1.41,LIGHT,61.15,8.85,1.86,IDLE,58.85,28.31,58.0,225.4,0.25,22.0,COOLING,0.25,22.0,COOLING,0.25,22.0,COOLING,0.25,22.0,COOLING,23.79,23.916,23.953,23.616,23.819,23.953,23.616,0.337,241.08,118.96,116.28,120.0,680.0,765.0,765.0,680.0,181.81,235.46,291.0,241.91,-2.83,-14.29,-43.58,60.71,875.0,875.0,875.0,875.0,225.06,230.13,253.7,227.62,596.32,2890.0,950.18,3500.0,936.51,1.0,1.0,1.0,0.961,22.5,MAX_UNIFORM_COOL,5.7121
4,High Occupancy / Low Computer Load,0,472,4720.0,34,8,9,9,8,12.49,2.96,LIGHT,65.05,8.29,1.54,IDLE,57.67,7.82,1.71,IDLE,57.34,10.53,3.34,LIGHT,63.17,9.65,2.53,IDLE,60.86,10.49,1.12,LIGHT,59.79,11.22,3.33,LIGHT,64.02,10.14,2.61,LIGHT,61.59,9.29,2.32,IDLE,60.09,9.9,1.44,IDLE,59.53,28.31,58.0,225.6,0.25,22.0,COOLING,0.25,22.0,COOLING,0.25,22.0,COOLING,0.25,22.0,COOLING,23.795,23.921,23.958,23.621,23.824,23.958,23.621,0.337,243.23,120.65,125.61,119.62,680.0,765.0,765.0,680.0,181.78,235.47,291.08,241.92,-2.83,-14.29,-43.58,60.71,875.0,875.0,875.0,875.0,227.18,231.83,263.11,227.25,609.11,2890.0,950.25,3500.0,949.37,1.0,1.0,1.0,0.965,22.5,MAX_UNIFORM_COOL,5.7586
4,High Occupancy / Low Computer Load,0,473,4730.0,34,8,9,9,8,8.6,3.62,IDLE,61.18,7.09,3.5,IDLE,59.11,11.16,2.74,LIGHT,63.06,10.28,2.9,LIGHT,62.2,8.03,2.53,IDLE,58.83,11.17,2.66,LIGHT,62.95,9.74,3.66,IDLE,62.66,8.36,1.03,IDLE,57.0,11.84,3.81,LIGHT,65.52,7.35,2.75,IDLE,58.31,28.31,58.0,225.7,0.25,22.0,COOLING,0.25,22.0,COOLING,0.25,22.0,COOLING,0.25,22.0,COOLING,23.8,23.926,23.963,23.626,23.829,23.963,23.626,0.337,245.55,121.78,119.66,123.83,680.0,765.0,765.0,680.0,181.71,235.42,291.06,241.87,-2.84,-14.29,-43.58,60.71,875.0,875.0,875.0,875.0,229.42,232.91,257.14,231.41,610.82,2890.0,950.06,3500.0,950.88,1.0,1.0,1.0,0.971,22.5,MAX_UNIFORM_COOL,5.7984
4,High Occupancy / Low Computer Load,0,474,4740.0,34,8,9,9,8,11.72,1.05,LIGHT,61.23,11.75,3.56,LIGHT,65.03,9.65,2.29,IDLE,60.5,10.99,1.12,LIGHT,60.42,9.87,1.71,IDLE,59.9,9.75,2.43,IDLE,60.83,11.2,2.02,LIGHT,62.03,9.3,2.21,IDLE,59.94,11.88,2.8,LIGHT,64.05,11.67,2.99,LIGHT,64.07,28.32,58.0,225.8,0.25,22.0,COOLING,0.25,22.0,COOLING,0.25,22.0,COOLING,0.25,22.0,COOLING,23.805,23.931,23.968,23.631,23.834,23.968,23.631,0.337,247.18,120.73,121.97,128.12,680.0,765.0,765.0,680.0,181.85,235.59,291.25,242.04,-2.84,-14.29,-43.59,60.71,875.0,875.0,875.0,875.0,231.19,232.03,259.63,235.87,618.0,2890.0,950.73,3500.0,958.72,1.0,1.0,1.0,0.977,22.5,MAX_UNIFORM_COOL,5.8416
4,High Occupancy / Low Computer Load,0,475,4750.0,34,8,9,9,8,9.05,3.27,IDLE,61.22,8.25,1.51,IDLE,57.58,11.75,1.33,LIGHT,61.68,8.13,3.84,IDLE,60.92,10.05,3.67,LIGHT,63.07,12.05,2.37,LIGHT,63.62,7.9,3.98,IDLE,60.84,9.45,3.53,IDLE,62.11,7.1,1.9,IDLE,56.73,8.75,1.91,IDLE,58.8,28.32,58.0,226.0,0.25,22.0,COOLING,0.25,22.0,COOLING,0.25,22.0,COOLING,0.25,22.0,COOLING,23.81,23.936,23.973,23.636,23.839,23.973,23.636,0.337,241.4,126.69,122.95,115.53,680.0,765.0,765.0,680.0,181.82,235.61,291.32,242.06,-2.83,-14.29,-43.58,60.71,875.0,875.0,875.0,875.0,225.39,238.01,260.69,223.3,606.57,2890.0,950.81,3500.0,947.39,1.0,1.0,1.0,0.979,22.5,MAX_UNIFORM_COOL,5.8836
4,High Occupancy / Low Computer Load,0,476,4760.0,34,8,9,9,8,7.26,1.53,IDLE,56.37,8.2,1.02,IDLE,56.78,8.72,1.29,IDLE,57.84,7.32,2.79,IDLE,58.34,10.34,1.07,LIGHT,59.53,10.4,3.35,LIGHT,63.02,8.66,3.17,IDLE,60.58,8.99,2.96,IDLE,60.68,7.03,1.2,IDLE,55.59,8.87,3.97,IDLE,62.04,28.32,58.0,226.1,0.25,22.0,COOLING,0.25,22.0,COOLING,0.25,22.0,COOLING,0.25,22.0,COOLING,23.814,23.941,23.978,23.641,23.843,23.978,23.641,0.337,229.33,122.55,121.26,117.63,680.0,765.0,765.0,680.0,181.76,235.57,291.3,242.02,-2.83,-14.29,-43.58,60.71,875.0,875.0,875.0,875.0,213.26,233.83,258.98,225.36,590.77,2890.0,950.65,3500.0,931.43,1.0,1.0,1.0,0.984,22.5,MAX_UNIFORM_COOL,5.9187
4,High Occupancy / Low Computer Load,0,477,4770.0,34,8,9,9,8,11.07,1.6,LIGHT,61.24,10.53,1.46,LIGHT,60.35,9.35,1.35,IDLE,58.71,11.9,1.99,LIGHT,62.86,7.6,1.11,IDLE,56.16,7.92,2.79,IDLE,59.09,11.25,1.07,LIGHT,60.67,10.22,3.28,LIGHT,62.7,8.89,2.02,IDLE,59.14,7.08,2.57,IDLE,57.7,28.32,58.0,226.2,0.25,22.0,COOLING,0.25,22.0,COOLING,0.25,22.0,COOLING,0.25,22.0,COOLING,23.819,23.946,23.983,23.646,23.849,23.983,23.646,0.337,243.16,115.25,123.37,116.84,680.0,765.0,765.0,680.0,181.71,235.53,291.27,241.98,-2.6,-14.4,-43.6,60.6,875.0,875.0,875.0,875.0,227.27,226.38,261.04,224.42,598.62,2890.0,950.49,3500.0,939.11,1.0,1.0,1.0,0.989,22.5,MAX_UNIFORM_COOL,5.9632
4,High Occupancy / Low Computer Load,0,478,4780.0,34,8,9,9,8,11.22,2.36,LIGHT,62.56,12.42,3.12,LIGHT,65.2,9.18,2.99,IDLE,60.96,9.73,3.57,IDLE,62.52,12.15,1.68,LIGHT,62.71,9.71,3.33,IDLE,62.13,7.57,1.54,IDLE,56.77,9.39,3.7,IDLE,62.29,9.5,2.38,IDLE,60.45,7.72,2.36,IDLE,58.19,28.33,58.0,226.4,0.25,22.0,COOLING,0.25,22.0,COOLING,0.25,22.0,COOLING,0.25,22.0,COOLING,23.824,23.951,23.988,23.651,23.854,23.988,23.651,0.337,251.24,124.84,119.06,118.64,680.0,765.0,765.0,680.0,181.89,235.76,291.56,242.21,-2.6,-14.4,-43.6,60.6,875.0,875.0,875.0,875.0,235.53,236.2,257.02,226.45,613.78,2890.0,951.42,3500.0,955.2,1.0,1.0,1.0,0.995,22.5,MAX_UNIFORM_COOL,6.0087
4,High Occupancy / Low Computer Load,0,479,4790.0,34,8,9,9,8,9.68,3.97,IDLE,63.05,11.08,1.07,LIGHT,60.45,7.11,2.48,IDLE,57.61,7.74,2.88,IDLE,58.99,11.51,3.61,LIGHT,64.8,12.28,3.59,LIGHT,65.73,12.34,1.92,LIGHT,63.3,9.2,2.46,IDLE,60.19,11.83,2.26,LIGHT,63.18,8.62,1.87,IDLE,58.58,28.33,58.0,226.5,0.25,22.0,COOLING,0.25,22.0,COOLING,0.25,22.0,COOLING,0.25,22.0,COOLING,23.829,23.956,23.993,23.656,23.858,23.993,23.656,0.337,240.1,130.53,123.49,121.76,680.0,765.0,765.0,680.0,181.82,235.71,291.54,242.16,-2.6,-14.4,-43.6,60.6,875.0,875.0,875.0,875.0,224.32,241.84,261.43,229.52,615.88,2890.0,951.23,3500.0,957.11,1.0,1.0,1.0,1.0,22.5,MAX_UNIFORM_COOL,6.0522
4,High Occupancy / Low Computer Load,0,480,4800.0,34,8,9,9,8,12.85,1.58,LIGHT,63.43,12.34,3.76,LIGHT,66.06,7.69,3.75,IDLE,60.24,9.7,2.59,IDLE,61.01,12.35,2.61,LIGHT,64.35,9.64,1.57,IDLE,59.41,9.4,2.96,IDLE,61.19,8.93,3.98,IDLE,62.13,8.15,1.58,IDLE,57.56,7.39,2.94,IDLE,58.65,28.33,58.0,226.7,0.25,22.0,COOLING,0.25,22.0,COOLING,0.25,22.0,COOLING,0.25,22.0,COOLING,23.834,23.961,23.998,23.661,23.864,23.998,23.661,0.337,250.74,123.76,123.32,116.21,680.0,765.0,765.0,680.0,181.78,235.73,291.61,242.18,-2.6,-14.4,-43.6,60.6,875.0,875.0,875.0,875.0,234.92,235.09,261.33,223.99,614.03,2890.0,951.3,3500.0,955.33,1.0,1.0,1.0,1.0,22.5,MAX_UNIFORM_COOL,6.0954
4,High Occupancy / Low Computer Load,0,481,4810.0,34,8,9,9,8,10.76,3.16,LIGHT,63.19,11.33,3.54,LIGHT,64.47,9.37,2.65,IDLE,60.69,9.32,3.9,IDLE,62.5,7.24,3.77,IDLE,59.7,7.96,1.05,IDLE,56.53,7.01,3.97,IDLE,59.72,8.19,1.9,IDLE,58.09,9.66,2.71,IDLE,61.14,11.37,3.5,LIGHT,64.46,28.34,58.0,226.8,0.25,22.0,COOLING,0.25,22.0,COOLING,0.25,22.0,COOLING,0.25,22.0,COOLING,23.839,23.966,24.003,23.666,23.869,24.003,23.666,0.337,250.85,116.23,117.81,125.6,680.0,765.0,765.0,680.0,181.93,235.9,291.8,242.35,-2.6,-14.4,-43.6,60.6,875.0,875.0,875.0,875.0,235.18,227.73,256.01,233.55,610.49,2890.0,951.98,3500.0,952.47,1.0,1.0,1.0,1.0,22.5,MAX_UNIFORM_COOL,6.1343
4,High Occupancy / Low Computer Load,0,482,4820.0,34,8,9,9,8,11.84,1.39,LIGHT,61.88,9.74,3.71,IDLE,62.74,8.87,1.45,IDLE,58.26,9.29,2.17,IDLE,59.87,12.25,2.41,LIGHT,63.93,10.71,3.55,LIGHT,63.71,7.97,2.96,IDLE,59.4,7.13,2.52,IDLE,57.69,12.28,1.6,LIGHT,62.75,8.22,1.5,IDLE,57.52,28.34,58.0,226.9,0.25,22.0,COOLING,0.25,22.0,COOLING,0.25,22.0,COOLING,0.25,22.0,COOLING,23.844,23.971,24.008,23.671,23.873,24.008,23.671,0.337,242.75,127.64,117.09,120.27,680.0,765.0,765.0,680.0,181.86,235.85,291.79,242.3,-2.6,-14.4,-43.6,60.6,875.0,875.0,875.0,875.0,227.01,239.09,255.28,228.17,607.75,2890.0,951.8,3500.0,949.55,1.0,1.0,1.0,1.0,22.5,MAX_UNIFORM_COOL,6.178
4,High Occupancy / Low Computer Load,0,483,4830.0,34,8,9,9,8,12.2,2.24,LIGHT,63.61,12.25,2.37,LIGHT,63.87,8.55,1.92,IDLE,58.57,10.46,2.84,LIGHT,62.34,11.39,1.04,LIGHT,60.8,11.23,1.01,LIGHT,60.55,7.93,3.85,IDLE,60.69,12.76,3.6,LIGHT,66.35,11.92,3.06,LIGHT,64.49,11.04,1.85,LIGHT,61.57,28.34,58.0,227.1,0.25,22.0,COOLING,0.25,22.0,COOLING,0.25,22.0,COOLING,0.25,22.0,COOLING,23.849,23.976,24.013,23.676,23.878,24.013,23.676,0.337,248.39,121.35,127.04,126.06,680.0,765.0,765.0,680.0,181.82,235.87,291.85,242.32,-2.6,-14.4,-43.6,60.6,875.0,875.0,875.0,875.0,232.61,232.82,265.29,233.98,622.84,2890.0,951.86,3500.0,964.7,1.0,1.0,1.0,1.0,22.5,MAX_UNIFORM_COOL,6.226
4,High Occupancy / Low Computer Load,0,484,4840.0,34,8,9,9,8,11.28,1.71,LIGHT,61.66,8.42,1.53,IDLE,57.82,7.84,3.14,IDLE,59.51,7.73,3.96,IDLE,60.6,11.16,1.61,LIGHT,61.37,7.92,1.55,IDLE,57.23,8.01,3.43,IDLE,60.16,8.13,2.63,IDLE,59.11,7.85,2.55,IDLE,58.64,11.06,3.25,LIGHT,63.7,28.34,58.0,227.2,0.25,22.0,COOLING,0.25,22.0,COOLING,0.25,22.0,COOLING,0.25,22.0,COOLING,23.854,23.981,24.018,23.681,23.884,24.018,23.681,0.337,239.59,118.6,119.27,122.34,680.0,765.0,765.0,680.0,181.76,235.83,291.83,242.28,-2.6,-14.4,-43.6,60.6,875.0,875.0,875.0,875.0,223.75,230.03,257.5,230.22,599.8,2890.0,951.7,3500.0,941.5,1.0,1.0,1.0,1.0,22.5,MAX_UNIFORM_COOL,6.2626
4,High Occupancy / Low Computer Load,0,485,4850.0,34,8,9,9,8,12.42,3.68,LIGHT,66.05,10.09,2.98,LIGHT,62.08,9.74,3.85,IDLE,62.95,8.1,3.81,IDLE,60.84,9.55,2.78,IDLE,61.11,7.5,1.9,IDLE,57.23,7.58,2.95,IDLE,58.9,7.16,1.48,IDLE,56.17,12.87,1.62,LIGHT,63.52,12.12,2.94,LIGHT,64.56,28.35,58.0,227.4,0.25,22.0,COOLING,0.25,22.0,COOLING,0.25,22.0,COOLING,0.25,22.0,COOLING,23.859,23.986,24.023,23.686,23.889,24.023,23.686,0.337,251.92,118.34,115.07,128.08,680.0,765.0,765.0,680.0,181.93,236.05,292.11,242.5,-2.6,-14.4,-43.6,60.6,875.0,875.0,875.0,875.0,236.25,229.99,253.58,236.18,613.41,2890.0,952.59,3500.0,956.0,1.0,1.0,1.0,1.0,22.5,MAX_UNIFORM_COOL,6.308
4,High Occupancy / Low Computer Load,0,486,4860.0,34,8,9,9,8,10.51,3.13,LIGHT,62.83,8.93,1.38,IDLE,58.23,7.84,3.71,IDLE,60.36,7.22,2.09,IDLE,57.16,12.67,3.1,LIGHT,65.49,12.08,1.76,LIGHT,62.74,12.29,1.42,LIGHT,62.49,9.06,3.16,IDLE,61.07,7.79,1.15,IDLE,56.46,8.31,2.72,IDLE,59.47,28.35,58.0,227.5,0.25,22.0,COOLING,0.25,22.0,COOLING,0.25,22.0,COOLING,0.25,22.0,COOLING,23.864,23.991,24.028,23.691,23.893,24.028,23.691,0.337,238.58,128.23,123.56,115.93,680.0,765.0,765.0,680.0,181.87,236.02,292.09,242.47,-2.6,-14.4,-43.6,60.6,875.0,875.0,875.0,875.0,222.85,239.85,262.05,224.0,606.3,2890.0,952.45,3500.0,948.75,1.0,1.0,1.0,1.0,22.5,MAX_UNIFORM_COOL,6.3547
4,High Occupancy / Low Computer Load,0,487,4870.0,34,8,9,9,8,9.66,2.06,IDLE,60.17,7.71,3.7,IDLE,60.19,12.33,1.26,LIGHT,62.3,11.79,2.81,LIGHT,63.95,9.49,3.55,IDLE,62.19,8.42,3.32,IDLE,60.5,7.42,1.54,IDLE,56.59,11.55,1.09,LIGHT,61.07,12.83,3.35,LIGHT,66.06,8.13,2.84,IDLE,59.42,28.35,58.0,227.6,0.25,22.0,COOLING,0.25,22.0,COOLING,0.25,22.0,COOLING,0.25,22.0,COOLING,23.869,23.996,24.033,23.696,23.898,24.033,23.696,0.337,246.61,122.69,117.66,125.48,680.0,765.0,765.0,680.0,181.8,235.97,292.07,242.42,-2.6,-14.4,-43.6,60.6,875.0,875.0,875.0,875.0,230.81,234.26,256.13,233.5,612.44,2890.0,952.26,3500.0,954.7,1.0,1.0,1.0,1.0,22.5,MAX_UNIFORM_COOL,6.397
4,High Occupancy / Low Computer Load,0,488,4880.0,34,8,9,9,8,7.19,1.72,IDLE,56.57,10.35,2.87,LIGHT,62.24,7.46,1.02,IDLE,55.86,8.04,2.54,IDLE,58.86,12.67,2.07,LIGHT,63.94,10.75,2.5,LIGHT,62.19,8.62,1.85,IDLE,58.55,8.53,2.91,IDLE,60.03,8.83,1.15,IDLE,57.76,12.9,2.47,LIGHT,64.83,28.36,58.0,227.8,0.25,22.0,COOLING,0.25,22.0,COOLING,0.25,22.0,COOLING,0.25,22.0,COOLING,23.873,24.001,24.038,23.701,23.903,24.038,23.701,0.337,233.53,126.13,118.58,122.59,680.0,765.0,765.0,680.0,181.98,236.21,292.35,242.66,-2.6,-14.4,-43.6,60.6,875.0,875.0,875.0,875.0,217.91,237.94,257.33,230.85,600.83,2890.0,953.2,3500.0,944.03,1.0,1.0,1.0,1.0,22.5,MAX_UNIFORM_COOL,6.4373
4,High Occupancy / Low Computer Load,0,489,4890.0,34,8,9,9,8,12.5,3.26,LIGHT,65.52,7.17,3.85,IDLE,59.74,12.57,1.42,LIGHT,62.84,8.3,2.13,IDLE,58.57,12.9,1.11,LIGHT,62.79,10.31,1.5,LIGHT,60.14,7.89,1.91,IDLE,57.73,12.95,2.54,LIGHT,65.0,9.05,2.0,IDLE,59.31,12.49,1.19,LIGHT,62.4,28.36,58.0,227.9,0.25,22.0,COOLING,0.25,22.0,COOLING,0.25,22.0,COOLING,0.25,22.0,COOLING,23.878,24.006,24.043,23.706,23.908,24.043,23.706,0.337,246.67,122.93,122.73,121.71,680.0,765.0,765.0,680.0,181.93,236.16,292.33,242.61,-2.37,-14.51,-43.61,60.49,875.0,875.0,875.0,875.0,231.23,234.58,261.45,229.81,614.04,2890.0,953.03,3500.0,957.07,1.0,1.0,1.0,1.0,22.5,MAX_UNIFORM_COOL,6.4863
4,High Occupancy / Low Computer Load,0,490,4900.0,34,8,9,9,8,9.61,1.1,IDLE,58.66,9.86,1.46,IDLE,59.52,8.97,1.21,IDLE,58.03,10.78,3.87,LIGHT,64.28,12.13,3.03,LIGHT,64.71,7.12,1.27,IDLE,55.8,9.53,2.32,IDLE,60.39,11.22,1.27,LIGHT,60.93,11.19,1.67,LIGHT,61.49,9.69,3.57,IDLE,62.47,28.36,58.0,228.1,0.25,22.0,COOLING,0.25,22.0,COOLING,0.25,22.0,COOLING,0.25,22.0,COOLING,23.883,24.011,24.048,23.711,23.913,24.048,23.711,0.337,240.49,120.51,121.32,123.96,680.0,765.0,765.0,680.0,181.9,236.17,292.41,242.62,-2.37,-14.51,-43.61,60.49,875.0,875.0,875.0,875.0,225.02,232.17,260.12,232.07,606.28,2890.0,953.1,3500.0,949.38,1.0,1.0,1.0,1.0,22.5,MAX_UNIFORM_COOL,6.5282
4,High Occupancy / Low Computer Load,0,491,4910.0,34,8,9,9,8,11.96,2.49,LIGHT,63.69,8.15,1.85,IDLE,57.96,11.19,1.55,LIGHT,61.31,12.33,3.16,LIGHT,65.15,8.14,1.76,IDLE,57.81,10.62,3.98,LIGHT,64.25,8.05,3.08,IDLE,59.68,12.59,2.77,LIGHT,64.89,8.76,3.18,IDLE,60.72,12.95,3.16,LIGHT,65.93,28.36,58.0,228.2,0.25,22.0,COOLING,0.25,22.0,COOLING,0.25,22.0,COOLING,0.25,22.0,COOLING,23.888,24.016,24.053,23.716,23.918,24.053,23.716,0.337,248.11,122.06,124.57,126.65,680.0,765.0,765.0,680.0,181.84,236.12,292.38,242.57,-2.37,-14.51,-43.61,60.49,875.0,875.0,875.0,875.0,232.58,233.67,263.34,234.71,621.39,2890.0,952.91,3500.0,964.3,1.0,1.0,1.0,1.0,22.5,MAX_UNIFORM_COOL,6.5773
4,High Occupancy / Low Computer Load,0,492,4920.0,34,8,9,9,8,7.86,3.63,IDLE,60.27,12.19,2.3,LIGHT,63.69,12.75,1.02,LIGHT,62.47,8.52,3.17,IDLE,60.41,11.88,2.56,LIGHT,63.69,11.13,2.57,LIGHT,62.77,8.44,2.26,IDLE,58.94,9.94,1.09,IDLE,59.06,7.03,1.86,IDLE,56.58,10.35,3.12,LIGHT,62.62,28.37,58.0,228.3,0.25,22.0,COOLING,0.25,22.0,COOLING,0.25,22.0,COOLING,0.25,22.0,COOLING,23.893,24.021,24.058,23.721,23.923,24.058,23.721,0.337,246.84,126.46,118.0,119.2,680.0,765.0,765.0,680.0,181.97,236.3,292.58,242.75,-2.37,-14.51,-43.62,60.49,875.0,875.0,875.0,875.0,231.44,238.25,256.96,227.44,610.5,2890.0,953.6,3500.0,954.09,1.0,1.0,1.0,1.0,22.5,MAX_UNIFORM_COOL,6.62
4,High Occupancy / Low Computer Load,0,493,4930.0,34,8,9,9,8,10.97,3.03,LIGHT,63.26,11.85,3.01,LIGHT,64.33,8.1,2.41,IDLE,58.74,9.91,2.03,IDLE,60.43,11.9,2.21,LIGHT,63.19,8.52,3.29,IDLE,60.59,7.16,3.79,IDLE,59.64,12.91,1.02,LIGHT,62.67,12.01,3.34,LIGHT,65.02,12.84,3.16,LIGHT,65.79,28.37,58.0,228.5,0.25,22.0,COOLING,0.25,22.0,COOLING,0.25,22.0,COOLING,0.25,22.0,COOLING,23.898,24.026,24.063,23.726,23.928,24.063,23.726,0.337,246.76,123.78,122.31,130.81,680.0,765.0,765.0,680.0,181.95,236.31,292.65,242.76,-2.37,-14.51,-43.61,60.49,875.0,875.0,875.0,875.0,231.34,235.58,261.35,239.06,623.66,2890.0,953.67,3500.0,967.33,1.0,1.0,1.0,1.0,22.5,MAX_UNIFORM_COOL,6.6673
4,High Occupancy / Low Computer Load,0,494,4940.0,34,8,9,9,8,12.93,2.08,LIGHT,64.28,8.85,2.91,IDLE,60.43,10.39,3.13,LIGHT,62.68,7.57,1.04,IDLE,56.02,10.8,3.5,LIGHT,63.75,12.77,1.22,LIGHT,62.79,7.93,2.33,IDLE,58.41,10.66,3.92,LIGHT,64.2,8.38,1.55,IDLE,57.8,12.11,1.1,LIGHT,61.79,28.37,58.0,228.6,0.25,22.0,COOLING,0.25,22.0,COOLING,0.25,22.0,COOLING,0.25,22.0,COOLING,23.903,24.031,24.068,23.731,23.933,24.068,23.731,0.337,243.41,126.54,122.61,119.59,680.0,765.0,765.0,680.0,181.87,236.28,292.62,242.73,-2.37,-14.51,-43.61,60.49,875.0,875.0,875.0,875.0,227.91,238.31,261.62,227.81,612.15,2890.0,953.5,3500.0,955.65,1.0,1.0,1.0,1.0,22.5,MAX_UNIFORM_COOL,6.7122
4,High Occupancy / Low Computer Load,0,495,4950.0,34,8,9,9,8,10.58,2.69,LIGHT,62.26,8.23,1.7,IDLE,57.84,8.04,3.52,IDLE,60.33,9.78,3.62,IDLE,62.66,8.55,2.27,IDLE,59.09,8.44,3.27,IDLE,60.45,7.99,3.65,IDLE,60.46,11.0,1.22,LIGHT,60.58,10.26,1.8,LIGHT,60.53,11.77,2.26,LIGHT,63.1,28.38,58.0,228.8,0.25,22.0,COOLING,0.25,22.0,COOLING,0.25,22.0,COOLING,0.25,22.0,COOLING,23.908,24.036,24.073,23.736,23.938,24.073,23.736,0.337,243.09,119.54,121.04,123.63,680.0,765.0,765.0,680.0,182.06,236.5,292.91,242.95,-2.36,-14.51,-43.62,60.49,875.0,875.0,875.0,875.0,227.79,231.53,260.33,232.07,607.3,2890.0,954.42,3500.0,951.72,1.0,1.0,1.0,1.0,22.5,MAX_UNIFORM_COOL,6.7555
4,High Occupancy / Low Computer Load,0,496,4960.0,34,8,9,9,8,9.18,3.7,IDLE,62.03,11.03,2.6,LIGHT,62.69,12.24,3.83,LIGHT,66.05,12.03,1.4,LIGHT,62.14,10.38,2.87,LIGHT,62.28,11.73,3.81,LIGHT,65.38,11.14,3.32,LIGHT,63.91,8.95,2.29,IDLE,59.62,9.78,1.35,IDLE,59.25,11.22,2.25,LIGHT,62.4,28.38,58.0,228.9,0.25,22.0,COOLING,0.25,22.0,COOLING,0.25,22.0,COOLING,0.25,22.0,COOLING,23.913,24.041,24.078,23.741,23.943,24.078,23.741,0.337,252.91,127.66,123.53,121.65,680.0,765.0,765.0,680.0,181.99,236.46,292.89,242.91,-2.37,-14.51,-43.61,60.49,875.0,875.0,875.0,875.0,237.53,239.61,262.81,230.05,625.75,2890.0,954.25,3500.0,970.0,1.0,1.0,1.0,1.0,22.5,MAX_UNIFORM_COOL,6.8076
4,High Occupancy / Low Computer Load,0,497,4970.0,34,8,9,9,8,7.94,1.98,IDLE,57.89,12.58,3.65,LIGHT,66.2,8.4,3.29,IDLE,60.44,11.26,2.6,LIGHT,62.98,8.53,1.66,IDLE,58.15,7.44,2.49,IDLE,58.03,12.39,1.1,LIGHT,62.14,7.23,3.54,IDLE,59.35,7.27,2.95,IDLE,58.51,12.59,2.81,LIGHT,64.95,28.38,58.0,229.0,0.25,22.0,COOLING,0.25,22.0,COOLING,0.25,22.0,COOLING,0.25,22.0,COOLING,23.918,24.046,24.083,23.746,23.948,24.083,23.746,0.337,247.51,116.18,121.49,123.46,680.0,765.0,765.0,680.0,181.92,236.41,292.87,242.86,-2.37,-14.51,-43.61,60.49,875.0,875.0,875.0,875.0,232.06,228.08,260.75,231.81,608.64,2890.0,954.06,3500.0,952.7,1.0,1.0,1.0,1.0,22.5,MAX_UNIFORM_COOL,6.8479
4,High Occupancy / Low Computer Load,0,498,4980.0,34,8,9,9,8,8.01,2.24,IDLE,58.37,10.48,2.92,LIGHT,62.48,12.71,2.22,LIGHT,64.22,7.51,3.31,IDLE,59.35,8.74,1.49,IDLE,58.16,12.09,1.69,LIGHT,62.65,10.68,2.4,LIGHT,61.95,11.22,3.62,LIGHT,64.45,8.38,1.34,IDLE,57.48,12.38,1.54,LIGHT,62.79,28.38,58.0,229.2,0.25,22.0,COOLING,0.25,22.0,COOLING,0.25,22.0,COOLING,0.25,22.0,COOLING,23.923,24.051,24.088,23.751,23.953,24.088,23.751,0.337,244.42,120.81,126.4,120.27,680.0,765.0,765.0,680.0,181.88,236.43,292.94,242.88,-2.37,-14.51,-43.61,60.49,875.0,875.0,875.0,875.0,228.93,232.73,265.73,228.64,611.9,2890.0,954.13,3500.0,956.03,1.0,1.0,1.0,1.0,22.5,MAX_UNIFORM_COOL,6.897
4,High Occupancy / Low Computer Load,0,499,4990.0,34,8,9,9,8,12.34,2.76,LIGHT,64.56,8.57,3.27,IDLE,60.62,7.38,3.49,IDLE,59.46,9.79,3.55,IDLE,62.56,8.49,3.51,IDLE,60.88,7.89,1.88,IDLE,57.68,8.99,1.57,IDLE,58.59,7.98,2.72,IDLE,59.05,9.01,1.83,IDLE,59.01,9.66,3.73,IDLE,62.67,28.39,58.0,229.3,0.25,22.0,COOLING,0.25,22.0,COOLING,0.25,22.0,COOLING,0.25,22.0,COOLING,23.928,24.056,24.093,23.756,23.958,24.093,23.756,0.337,247.2,118.56,117.64,121.68,680.0,765.0,765.0,680.0,182.03,236.6,293.13,243.05,-2.36,-14.51,-43.62,60.49,875.0,875.0,875.0,875.0,231.87,230.65,257.15,230.22,605.08,2890.0,954.81,3500.0,949.89,1.0,1.0,1.0,1.0,22.5,MAX_UNIFORM_COOL,6.9396
4,High Occupancy / Low Computer Load,0,500,5000.0,34,8,9,9,8,9.75,1.75,IDLE,59.81,9.42,1.1,IDLE,58.42,8.23,1.55,IDLE,57.61,9.22,2.2,IDLE,59.82,9.35,2.77,IDLE,60.84,11.35,3.33,LIGHT,64.18,9.04,3.62,IDLE,61.73,8.55,1.88,IDLE,58.51,9.76,2.31,IDLE,60.67,12.72,1.56,LIGHT,63.24,28.39,58.0,229.4,0.25,22.0,COOLING,0.25,22.0,COOLING,0.25,22.0,COOLING,0.25,22.0,COOLING,23.932,24.061,24.098,23.761,23.963,24.098,23.761,0.337,235.66,125.02,120.24,123.91,680.0,765.0,765.0,680.0,181.95,236.56,293.11,243.01,-2.37,-14.51,-43.61,60.49,875.0,875.0,875.0,875.0,220.24,237.07,259.74,232.41,604.83,2890.0,954.63,3500.0,949.46,1.0,1.0,1.0,1.0,22.5,MAX_UNIFORM_COOL,6.9843
4,High Occupancy / Low Computer Load,0,501,5010.0,34,8,9,9,8,12.9,3.34,LIGHT,66.14,7.0,1.48,IDLE,55.97,10.68,3.19,LIGHT,63.13,11.84,1.12,LIGHT,61.48,9.42,3.36,IDLE,61.81,12.81,2.27,LIGHT,64.42,7.94,3.44,IDLE,60.08,8.17,2.3,IDLE,58.66,10.47,2.92,LIGHT,62.47,7.18,3.33,IDLE,58.97,28.39,58.0,229.6,0.25,22.0,COOLING,0.25,22.0,COOLING,0.25,22.0,COOLING,0.25,22.0,COOLING,23.937,24.066,24.103,23.766,23.968,24.103,23.766,0.337,246.72,126.23,118.74,121.44,680.0,765.0,765.0,680.0,181.95,236.57,293.18,243.02,-2.13,-14.62,-43.63,60.38,875.0,875.0,875.0,875.0,231.54,238.18,258.29,229.84,613.13,2890.0,954.72,3500.0,957.85,1.0,1.0,1.0,1.0,22.5,MAX_UNIFORM_COOL,7.0338
4,High Occupancy / Low Computer Load,0,502,5020.0,34,8,9,9,8,7.22,1.51,IDLE,56.29,12.86,2.92,LIGHT,65.45,8.08,3.25,IDLE,59.98,10.02,2.56,LIGHT,61.37,10.32,2.21,LIGHT,61.21,8.83,3.28,IDLE,60.96,8.21,3.69,IDLE,60.8,11.31,2.72,LIGHT,63.22,11.01,1.74,LIGHT,61.37,7.22,2.0,IDLE,57.02,28.39,58.0,229.7,0.25,22.0,COOLING,0.25,22.0,COOLING,0.25,22.0,COOLING,0.25,22.0,COOLING,23.942,24.071,24.108,23.771,23.973,24.108,23.771,0.337,243.09,122.17,124.02,118.39,680.0,765.0,765.0,680.0,181.88,236.53,293.16,242.98,-2.13,-14.62,-43.63,60.38,875.0,875.0,875.0,875.0,227.84,234.08,263.55,226.75,607.67,2890.0,954.55,3500.0,952.22,1.0,1.0,1.0,1.0,22.5,MAX_UNIFORM_COOL,7.081
4,High Occupancy / Low Computer Load,0,503,5030.0,34,8,9,9,8,10.31,3.87,LIGHT,63.69,12.73,1.67,LIGHT,63.42,7.47,1.88,IDLE,57.16,8.32,1.01,IDLE,56.91,12.9,1.5,LIGHT,63.38,8.17,3.5,IDLE,60.46,8.37,2.31,IDLE,58.93,11.59,1.97,LIGHT,62.44,11.79,3.64,LIGHT,65.2,10.79,1.27,LIGHT,60.39,28.4,58.0,229.9,0.25,22.0,COOLING,0.25,22.0,COOLING,0.25,22.0,COOLING,0.25,22.0,COOLING,23.947,24.076,24.113,23.776,23.978,24.113,23.776,0.337,241.18,123.84,121.37,125.59,680.0,765.0,765.0,680.0,182.06,236.76,293.44,243.21,-2.13,-14.62,-43.63,60.38,875.0,875.0,875.0,875.0,226.11,235.98,261.18,234.18,611.98,2890.0,955.47,3500.0,957.45,1.0,1.0,1.0,1.0,22.5,MAX_UNIFORM_COOL,7.1278
4,High Occupancy / Low Computer Load,0,504,5040.0,34,8,9,9,8,7.0,1.2,IDLE,55.55,7.51,2.28,IDLE,57.81,8.96,1.35,IDLE,58.23,9.77,1.35,IDLE,59.24,8.91,2.17,IDLE,59.39,10.35,1.78,LIGHT,60.61,10.16,2.59,LIGHT,61.59,10.66,2.46,LIGHT,62.02,8.29,3.56,IDLE,60.7,12.05,2.95,LIGHT,64.49,28.4,58.0,230.0,0.25,22.0,COOLING,0.25,22.0,COOLING,0.25,22.0,COOLING,0.25,22.0,COOLING,23.951,24.081,24.118,23.781,23.983,24.118,23.781,0.337,230.83,120.0,123.61,125.19,680.0,765.0,765.0,680.0,181.99,236.72,293.42,243.17,-2.13,-14.62,-43.63,60.38,875.0,875.0,875.0,875.0,215.69,232.1,263.4,233.74,599.63,2890.0,955.3,3500.0,944.93,1.0,1.0,1.0,1.0,22.5,MAX_UNIFORM_COOL,7.1699
4,High Occupancy / Low Computer Load,0,505,5050.0,34,8,9,9,8,9.28,2.33,IDLE,60.09,10.51,2.22,LIGHT,61.47,10.04,1.48,LIGHT,59.77,7.55,2.38,IDLE,58.01,12.23,2.21,LIGHT,63.6,8.22,1.67,IDLE,57.78,7.09,1.13,IDLE,55.56,12.8,1.61,LIGHT,63.41,9.98,1.03,IDLE,59.02,7.86,2.07,IDLE,57.93,28.4,58.0,230.1,0.25,22.0,COOLING,0.25,22.0,COOLING,0.25,22.0,COOLING,0.25,22.0,COOLING,23.956,24.086,24.123,23.786,23.988,24.123,23.786,0.337,239.34,121.38,118.97,116.95,680.0,765.0,765.0,680.0,181.94,236.67,293.4,243.12,-1.9,-14.73,-43.64,60.27,875.0,875.0,875.0,875.0,224.38,233.32,258.73,225.34,596.64,2890.0,955.13,3500.0,941.77,1.0,1.0,1.0,1.0,22.5,MAX_UNIFORM_COOL,7.2175
4,High Occupancy / Low Computer Load,0,506,5060.0,34,8,9,9,8,11.26,2.95,LIGHT,63.5,11.86,1.28,LIGHT,61.75,7.7,3.61,IDLE,60.04,11.68,2.08,LIGHT,62.72,11.56,2.67,LIGHT,63.46,10.38,3.03,LIGHT,62.52,8.92,1.32,IDLE,58.13,11.39,1.98,LIGHT,62.21,12.62,3.64,LIGHT,66.23,9.86,3.84,IDLE,63.09,28.41,58.0,230.3,0.25,22.0,COOLING,0.25,22.0,COOLING,0.25,22.0,COOLING,0.25,22.0,COOLING,23.961,24.091,24.128,23.791,23.993,24.128,23.791,0.337,248.01,125.98,120.34,129.32,680.0,765.0,765.0,680.0,182.12,236.91,293.68,243.36,-1.89,-14.73,-43.65,60.27,875.0,875.0,875.0,875.0,233.24,238.16,260.37,237.95,623.65,2890.0,956.07,3500.0,969.72,1.0,1.0,1.0,1.0,22.5,MAX_UNIFORM_COOL,7.2713
4,High Occupancy / Low Computer Load,0,507,5070.0,34,8,9,9,8,8.44,2.14,IDLE,58.76,12.12,2.9,LIGHT,64.5,9.67,3.9,IDLE,62.94,12.3,2.57,LIGHT,64.23,10.01,1.47,LIGHT,59.72,7.59,1.33,IDLE,56.48,7.16,1.09,IDLE,55.59,9.46,3.62,IDLE,62.26,10.61,1.13,LIGHT,59.96,7.44,1.33,IDLE,56.29,28.41,58.0,230.4,0.25,22.0,COOLING,0.25,22.0,COOLING,0.25,22.0,COOLING,0.25,22.0,COOLING,23.966,24.096,24.133,23.796,23.998,24.133,23.796,0.337,250.43,116.2,117.85,116.25,680.0,765.0,765.0,680.0,182.05,236.86,293.66,243.31,-1.89,-14.73,-43.64,60.27,875.0,875.0,875.0,875.0,235.59,228.33,257.87,224.83,600.73,2890.0,955.88,3500.0,946.62,1.0,1.0,1.0,1.0,22.5,MAX_UNIFORM_COOL,7.3147
4,High Occupancy / Low Computer Load,0,508,5080.0,34,8,9,9,8,9.08,1.22,IDLE,58.18,9.79,1.47,IDLE,59.44,12.18,3.71,LIGHT,65.79,9.23,2.82,IDLE,60.77,12.73,2.6,LIGHT,64.81,8.36,2.45,IDLE,59.12,9.27,2.53,IDLE,60.38,7.53,3.92,IDLE,60.29,12.65,1.19,LIGHT,62.6,7.62,1.24,IDLE,56.38,28.41,58.0,230.6,0.25,22.0,COOLING,0.25,22.0,COOLING,0.25,22.0,COOLING,0.25,22.0,COOLING,23.971,24.101,24.138,23.801,24.003,24.138,23.801,0.337,244.18,123.93,120.67,118.98,680.0,765.0,765.0,680.0,182.02,236.87,293.73,243.32,-1.9,-14.73,-43.64,60.27,875.0,875.0,875.0,875.0,229.3,236.07,260.76,227.57,607.76,2890.0,955.94,3500.0,953.7,1.0,1.0,1.0,1.0,22.5,MAX_UNIFORM_COOL,7.3653
4,High Occupancy / Low Computer Load,0,509,5090.0,34,8,9,9,8,9.97,2.49,IDLE,61.2,7.22,2.79,IDLE,58.21,8.39,1.03,IDLE,57.03,10.76,1.78,LIGHT,61.12,12.23,1.61,LIGHT,62.7,9.12,3.74,IDLE,62.01,11.68,1.18,LIGHT,61.37,9.13,3.08,IDLE,61.03,11.71,3.7,LIGHT,65.19,10.67,3.68,LIGHT,63.86,28.41,58.0,230.7,0.25,22.0,COOLING,0.25,22.0,COOLING,0.25,22.0,COOLING,0.25,22.0,COOLING,23.976,24.106,24.143,23.806,24.008,24.143,23.806,0.337,237.56,124.71,122.4,129.05,680.0,765.0,765.0,680.0,181.95,236.83,293.71,243.28,-1.9,-14.73,-43.65,60.27,875.0,875.0,875.0,875.0,222.61,236.81,262.46,237.6,613.72,2890.0,955.77,3500.0,959.48,1.0,1.0,1.0,1.0,22.5,MAX_UNIFORM_COOL,7.4138
4,High Occupancy / Low Computer Load,0,510,5100.0,34,8,9,9,8,7.2,3.26,IDLE,58.89,8.32,1.04,IDLE,56.96,11.96,3.82,LIGHT,65.68,11.3,3.83,LIGHT,64.87,8.99,2.41,IDLE,59.85,7.94,2.31,IDLE,58.39,10.52,2.87,LIGHT,62.45,7.26,1.39,IDLE,56.16,8.06,3.81,IDLE,60.79,12.47,2.04,LIGHT,63.65,28.42,58.0,230.8,0.25,22.0,COOLING,0.25,22.0,COOLING,0.25,22.0,COOLING,0.25,22.0,COOLING,23.981,24.111,24.148,23.811,24.013,24.148,23.811,0.337,246.4,118.24,118.61,124.44,680.0,765.0,765.0,680.0,182.1,237.0,293.91,243.45,-1.89,-14.73,-43.64,60.27,875.0,875.0,875.0,875.0,231.61,230.51,258.88,233.16,607.69,2890.0,956.46,3500.0,954.16,1.0,1.0,1.0,1.0,22.5,MAX_UNIFORM_COOL,7.461
4,High Occupancy / Low Computer Load,0,511,5110.0,34,8,9,9,8,9.76,2.32,IDLE,60.68,12.48,2.16,LIGHT,63.84,11.48,3.83,LIGHT,65.09,11.16,2.8,LIGHT,63.15,12.5,2.92,LIGHT,65.0,7.85,3.61,IDLE,60.23,8.46,3.83,IDLE,61.32,12.76,1.38,LIGHT,63.02,9.9,3.69,IDLE,62.91,7.83,1.97,IDLE,57.74,28.42,58.0,231.0,0.25,22.0,COOLING,0.25,22.0,COOLING,0.25,22.0,COOLING,0.25,22.0,COOLING,23.986,24.116,24.153,23.816,24.018,24.153,23.816,0.337,252.76,125.23,124.34,120.65,680.0,765.0,765.0,680.0,182.06,237.02,293.97,243.47,-1.9,-14.73,-43.64,60.27,875.0,875.0,875.0,875.0,237.92,237.52,264.67,229.39,622.98,2890.0,956.52,3500.0,969.5,1.0,1.0,1.0,1.0,22.5,MAX_UNIFORM_COOL,7.5166
4,High Occupancy / Low Computer Load,0,512,5120.0,34,8,9,9,8,9.74,3.69,IDLE,62.71,8.45,1.08,IDLE,57.18,7.37,2.82,IDLE,58.44,9.78,3.26,IDLE,62.12,10.95,1.06,LIGHT,60.28,7.95,3.13,IDLE,59.63,7.53,2.53,IDLE,58.21,7.65,1.08,IDLE,56.18,10.46,3.28,LIGHT,63.0,7.14,2.67,IDLE,57.93,28.42,58.0,231.1,0.25,22.0,COOLING,0.25,22.0,COOLING,0.25,22.0,COOLING,0.25,22.0,COOLING,23.991,24.121,24.158,23.821,24.023,24.158,23.821,0.337,240.45,119.91,114.39,120.93,680.0,765.0,765.0,680.0,181.99,236.98,293.95,243.43,-1.9,-14.73,-43.64,60.27,875.0,875.0,875.0,875.0,225.54,232.16,254.7,229.63,595.68,2890.0,956.35,3500.0,942.03,1.0,1.0,1.0,1.0,22.5,MAX_UNIFORM_COOL,7.5554
4,High Occupancy / Low Computer Load,0,513,5130.0,34,8,9,9,8,12.17,2.5,LIGHT,63.96,9.75,1.86,IDLE,59.98,10.35,1.84,LIGHT,60.7,11.61,3.38,LIGHT,64.58,11.01,2.35,LIGHT,62.29,7.09,2.06,IDLE,56.95,8.93,1.55,IDLE,58.49,11.44,2.19,LIGHT,62.58,12.27,2.11,LIGHT,63.5,8.18,3.34,IDLE,60.23,28.43,58.0,231.2,0.25,22.0,COOLING,0.25,22.0,COOLING,0.25,22.0,COOLING,0.25,22.0,COOLING,23.996,24.126,24.163,23.826,24.028,24.163,23.826,0.337,249.22,119.24,121.07,123.73,680.0,765.0,765.0,680.0,182.14,237.14,294.15,243.59,-1.89,-14.73,-43.65,60.27,875.0,875.0,875.0,875.0,234.47,231.65,261.57,232.59,613.26,2890.0,957.02,3500.0,960.28,1.0,1.0,1.0,1.0,22.5,MAX_UNIFORM_COOL,7.6109
4,High Occupancy / Low Computer Load,0,514,5140.0,34,8,9,9,8,11.97,2.98,LIGHT,64.43,9.88,2.76,IDLE,61.49,11.88,3.19,LIGHT,64.64,10.35,3.92,LIGHT,63.82,10.33,1.75,LIGHT,60.54,8.83,1.34,IDLE,58.05,12.07,1.81,LIGHT,62.8,9.96,1.37,IDLE,59.51,7.02,2.31,IDLE,57.24,10.01,2.92,LIGHT,61.89,28.43,58.0,231.4,0.25,22.0,COOLING,0.25,22.0,COOLING,0.25,22.0,COOLING,0.25,22.0,COOLING,24.001,24.131,24.168,23.831,24.033,24.168,23.831,0.337,254.38,118.59,122.31,119.13,680.0,765.0,765.0,680.0,182.1,237.16,294.21,243.61,-1.89,-14.73,-43.64,60.27,875.0,875.0,875.0,875.0,239.59,231.02,262.88,228.01,614.41,2890.0,957.08,3500.0,961.5,1.0,1.0,1.0,1.0,22.5,MAX_UNIFORM_COOL,7.662
4,High Occupancy / Low Computer Load,0,515,5150.0,34,8,9,9,8,9.45,1.63,IDLE,59.26,9.63,3.11,IDLE,61.7,11.92,1.21,LIGHT,61.71,7.42,3.57,IDLE,59.63,12.18,1.64,LIGHT,62.69,12.84,2.26,LIGHT,64.44,12.27,2.05,LIGHT,63.41,9.65,1.87,IDLE,59.87,11.81,1.93,LIGHT,62.66,12.18,1.39,LIGHT,62.31,28.43,58.0,231.5,0.25,22.0,COOLING,0.25,22.0,COOLING,0.25,22.0,COOLING,0.25,22.0,COOLING,24.006,24.136,24.173,23.836,24.038,24.173,23.836,0.337,242.3,127.13,123.28,124.97,680.0,765.0,765.0,680.0,182.03,237.12,294.19,243.57,-1.9,-14.73,-43.64,60.27,875.0,875.0,875.0,875.0,227.43,239.52,263.83,233.81,617.68,2890.0,956.91,3500.0,964.59,1.0,1.0,1.0,1.0,22.5,MAX_UNIFORM_COOL,7.7119
4,High Occupancy / Low Computer Load,0,516,5160.0,34,8,9,9,8,9.42,2.24,IDLE,60.13,12.72,3.74,LIGHT,66.51,8.92,3.83,IDLE,61.89,10.79,1.36,LIGHT,60.53,8.14,2.72,IDLE,59.25,10.85,3.68,LIGHT,64.08,8.89,2.66,IDLE,60.1,10.55,2.93,LIGHT,62.58,12.01,3.9,LIGHT,65.86,12.57,1.95,LIGHT,63.64,28.43,58.0,231.7,0.25,22.0,COOLING,0.25,22.0,COOLING,0.25,22.0,COOLING,0.25,22.0,COOLING,24.011,24.141,24.178,23.841,24.043,24.178,23.841,0.337,249.06,123.33,122.68,129.5,680.0,765.0,765.0,680.0,182.01,237.13,294.27,243.58,-1.9,-14.73,-43.64,60.27,875.0,875.0,875.0,875.0,234.17,235.73,263.31,238.35,624.57,2890.0,956.99,3500.0,971.56,1.0,1.0,1.0,1.0,22.5,MAX_UNIFORM_COOL,7.7627
4,High Occupancy / Low Computer Load,0,517,5170.0,34,8,9,9,8,7.84,1.33,IDLE,56.79,10.4,2.03,LIGHT,61.05,7.96,1.39,IDLE,57.04,12.48,3.18,LIGHT,65.37,9.45,2.27,IDLE,60.22,12.77,3.1,LIGHT,65.61,9.35,3.0,IDLE,61.19,10.88,3.51,LIGHT,63.87,11.02,3.83,LIGHT,64.52,9.37,1.35,IDLE,58.74,28.44,58.0,231.8,0.25,22.0,COOLING,0.25,22.0,COOLING,0.25,22.0,COOLING,0.25,22.0,COOLING,24.016,24.146,24.183,23.846,24.048,24.183,23.846,0.337,240.25,125.83,125.06,123.26,680.0,765.0,765.0,680.0,182.14,237.31,294.45,243.76,-1.89,-14.73,-43.65,60.27,875.0,875.0,875.0,875.0,225.5,238.41,265.86,232.29,614.4,2890.0,957.66,3500.0,962.06,1.0,1.0,1.0,1.0,22.5,MAX_UNIFORM_COOL,7.8119
4,High Occupancy / Low Computer Load,0,518,5180.0,34,8,9,9,8,10.62,1.39,LIGHT,60.36,9.97,1.72,IDLE,60.04,8.49,1.53,IDLE,57.91,8.97,1.97,IDLE,59.17,7.83,2.68,IDLE,58.81,9.46,2.55,IDLE,60.65,12.38,3.94,LIGHT,66.39,12.86,1.55,LIGHT,63.4,10.96,2.13,LIGHT,61.9,7.42,3.92,IDLE,60.16,28.44,58.0,231.9,0.25,22.0,COOLING,0.25,22.0,COOLING,0.25,22.0,COOLING,0.25,22.0,COOLING,24.021,24.151,24.189,23.851,24.053,24.189,23.851,0.338,237.48,119.46,129.79,122.06,680.0,765.0,765.0,680.0,182.08,237.26,294.44,243.71,-1.89,-14.73,-43.64,60.27,875.0,875.0,875.0,875.0,222.67,231.99,270.59,231.04,608.79,2890.0,957.49,3500.0,956.29,1.0,1.0,1.0,1.0,22.5,MAX_UNIFORM_COOL,7.8657
4,High Occupancy / Low Computer Load,0,519,5190.0,34,8,9,9,8,8.24,1.15,IDLE,57.02,9.72,3.11,IDLE,61.81,11.76,2.95,LIGHT,64.12,11.63,1.48,LIGHT,61.76,8.97,1.96,IDLE,59.15,8.49,2.03,IDLE,58.66,12.88,3.92,LIGHT,66.98,7.81,3.83,IDLE,60.51,9.17,3.83,IDLE,62.21,9.02,1.37,IDLE,58.33,28.44,58.0,232.1,0.25,22.0,COOLING,0.25,22.0,COOLING,0.25,22.0,COOLING,0.25,22.0,COOLING,24.026,24.156,24.194,23.856,24.058,24.194,23.856,0.338,244.71,117.81,127.49,120.54,680.0,765.0,765.0,680.0,182.05,237.27,294.49,243.72,-1.88,-14.62,-43.88,60.38,875.0,875.0,875.0,875.0,229.88,230.46,268.1,229.64,610.55,2890.0,957.53,3500.0,958.08,1.0,1.0,1.0,1.0,22.5,MAX_UNIFORM_COOL,7.9165
4,High Occupancy / Low Computer Load,0,520,5200.0,34,8,9,9,8,7.5,2.31,IDLE,57.84,7.14,3.23,IDLE,58.77,12.01,2.85,LIGHT,64.29,7.85,2.42,IDLE,58.44,9.18,2.45,IDLE,60.15,7.65,2.52,IDLE,58.34,11.68,3.67,LIGHT,65.11,10.92,2.35,LIGHT,62.17,11.97,2.02,LIGHT,62.99,10.45,3.82,LIGHT,63.79,28.44,58.0,232.2,0.25,22.0,COOLING,0.25,22.0,COOLING,0.25,22.0,COOLING,0.25,22.0,COOLING,24.031,24.161,24.199,23.861,24.063,24.199,23.861,0.338,239.34,118.49,127.28,126.78,680.0,765.0,765.0,680.0,181.98,237.23,294.46,243.68,-1.88,-14.62,-43.88,60.38,875.0,875.0,875.0,875.0,224.44,231.1,267.86,235.84,611.89,2890.0,957.35,3500.0,959.24,1.0,1.0,1.0,1.0,22.5,MAX_UNIFORM_COOL,7.9663
4,High Occupancy / Low Computer Load,0,521,5210.0,34,8,9,9,8,11.47,2.62,LIGHT,63.27,7.82,2.83,IDLE,59.02,12.31,2.1,LIGHT,63.54,10.02,1.84,LIGHT,60.28,11.77,2.96,LIGHT,64.15,8.3,2.01,IDLE,58.39,8.9,1.11,IDLE,57.79,9.4,1.22,IDLE,58.58,10.89,2.99,LIGHT,63.1,8.19,1.68,IDLE,57.76,28.45,58.0,232.4,0.25,22.0,COOLING,0.25,22.0,COOLING,0.25,22.0,COOLING,0.25,22.0,COOLING,24.036,24.166,24.204,23.866,24.068,24.204,23.866,0.338,246.11,122.54,116.37,120.86,680.0,765.0,765.0,680.0,182.16,237.46,294.75,243.91,-1.88,-14.62,-43.88,60.38,875.0,875.0,875.0,875.0,231.39,235.38,257.24,230.15,605.88,2890.0,958.28,3500.0,954.16,1.0,1.0,1.0,1.0,22.5,MAX_UNIFORM_COOL,8.0148
4,High Occupancy / Low Computer Load,0,522,5220.0,34,8,9,9,8,10.93,1.04,LIGHT,60.22,9.87,2.15,IDLE,60.56,11.25,1.93,LIGHT,61.96,13.0,2.39,LIGHT,64.83,9.32,3.8,IDLE,62.35,8.18,2.13,IDLE,58.42,8.97,1.5,IDLE,58.46,9.37,2.96,IDLE,61.15,7.55,1.59,IDLE,56.82,9.16,1.64,IDLE,58.91,28.45,58.0,232.5,0.25,22.0,COOLING,0.25,22.0,COOLING,0.25,22.0,COOLING,0.25,22.0,COOLING,24.041,24.171,24.209,23.871,24.073,24.209,23.871,0.338,247.57,120.77,119.61,115.73,680.0,765.0,765.0,680.0,182.09,237.42,294.73,243.87,-1.88,-14.62,-43.88,60.38,875.0,875.0,875.0,875.0,232.78,233.57,260.46,224.98,603.68,2890.0,958.11,3500.0,951.79,1.0,1.0,1.0,1.0,22.5,MAX_UNIFORM_COOL,8.0669
4,High Occupancy / Low Computer Load,0,523,5230.0,34,8,9,9,8,12.5,3.19,LIGHT,65.41,10.55,3.02,LIGHT,62.72,7.68,3.43,IDLE,59.75,7.97,1.6,IDLE,57.36,10.02,3.72,LIGHT,63.1,7.81,1.19,IDLE,56.55,12.93,2.6,LIGHT,65.06,8.91,3.92,IDLE,62.02,11.64,1.36,LIGHT,61.59,11.78,3.11,LIGHT,64.39,28.45,58.0,232.6,0.25,22.0,COOLING,0.25,22.0,COOLING,0.25,22.0,COOLING,0.25,22.0,COOLING,24.046,24.176,24.214,23.876,24.078,24.214,23.876,0.338,245.24,119.65,127.08,125.98,680.0,765.0,765.0,680.0,182.01,237.38,294.7,243.83,-1.88,-14.62,-43.88,60.38,875.0,875.0,875.0,875.0,230.37,232.41,267.9,235.19,617.95,2890.0,957.92,3500.0,965.87,1.0,1.0,1.0,1.0,22.5,MAX_UNIFORM_COOL,8.1219
4,High Occupancy / Low Computer Load,0,524,5240.0,34,8,9,9,8,8.21,2.63,IDLE,59.21,10.42,2.87,LIGHT,62.33,11.05,3.57,LIGHT,64.17,8.98,1.75,IDLE,58.85,10.87,2.13,LIGHT,61.78,10.08,1.97,LIGHT,60.55,10.72,1.87,LIGHT,61.2,8.64,1.51,IDLE,58.06,10.88,2.91,LIGHT,62.97,7.97,1.42,IDLE,57.09,28.46,58.0,232.8,0.25,22.0,COOLING,0.25,22.0,COOLING,0.25,22.0,COOLING,0.25,22.0,COOLING,24.051,24.181,24.219,23.881,24.083,24.219,23.881,0.338,244.56,122.33,119.26,120.06,680.0,765.0,765.0,680.0,182.2,237.61,294.99,244.06,-1.88,-14.62,-43.88,60.38,875.0,875.0,875.0,875.0,229.88,235.32,260.37,229.5,606.21,2890.0,958.86,3500.0,955.07,1.0,1.0,1.0,1.0,22.5,MAX_UNIFORM_COOL,8.1698
4,High Occupancy / Low Computer Load,0,525,5250.0,34,8,9,9,8,12.31,3.74,LIGHT,66.0,12.51,2.04,LIGHT,63.7,11.86,3.4,LIGHT,64.92,9.78,1.25,IDLE,59.1,9.6,1.06,IDLE,58.59,11.67,3.08,LIGHT,64.21,8.16,2.76,IDLE,59.34,10.26,1.19,LIGHT,59.61,9.26,2.51,IDLE,60.34,8.27,3.13,IDLE,60.03,28.46,58.0,232.9,0.25,22.0,COOLING,0.25,22.0,COOLING,0.25,22.0,COOLING,0.25,22.0,COOLING,24.056,24.186,24.224,23.886,24.088,24.224,23.886,0.338,253.72,122.8,118.95,120.37,680.0,765.0,765.0,680.0,182.13,237.56,294.97,244.01,-1.88,-14.62,-43.88,60.38,875.0,875.0,875.0,875.0,238.97,235.74,260.04,229.76,615.84,2890.0,958.67,3500.0,964.51,1.0,1.0,1.0,1.0,22.5,MAX_UNIFORM_COOL,8.2244
4,High Occupancy / Low Computer Load,0,526,5260.0,34,8,9,9,8,11.49,2.63,LIGHT,63.31,11.43,3.14,LIGHT,64.0,7.52,3.17,IDLE,59.16,12.04,2.82,LIGHT,64.28,12.87,2.75,LIGHT,65.21,12.26,2.63,LIGHT,64.27,8.03,1.38,IDLE,57.11,7.51,3.4,IDLE,59.49,7.85,3.41,IDLE,59.93,8.23,3.71,IDLE,60.85,28.46,58.0,233.1,0.25,22.0,COOLING,0.25,22.0,COOLING,0.25,22.0,COOLING,0.25,22.0,COOLING,24.061,24.191,24.229,23.891,24.093,24.229,23.891,0.338,250.75,129.48,116.6,120.78,680.0,765.0,765.0,680.0,182.1,237.58,295.03,244.03,-1.88,-14.62,-43.88,60.38,875.0,875.0,875.0,875.0,235.97,242.44,257.75,230.19,617.61,2890.0,958.74,3500.0,966.35,1.0,1.0,1.0,1.0,22.5,MAX_UNIFORM_COOL,8.2765
4,High Occupancy / Low Computer Load,0,527,5270.0,34,8,9,9,8,7.25,1.6,IDLE,56.46,10.18,1.66,LIGHT,60.22,8.74,2.61,IDLE,59.84,9.99,1.34,IDLE,59.5,10.33,1.55,LIGHT,60.24,7.74,1.47,IDLE,56.88,8.97,3.1,IDLE,60.86,9.67,2.51,IDLE,60.85,10.08,3.63,LIGHT,63.05,10.45,2.69,LIGHT,62.1,28.46,58.0,233.2,0.25,22.0,COOLING,0.25,22.0,COOLING,0.25,22.0,COOLING,0.25,22.0,COOLING,24.066,24.196,24.234,23.896,24.098,24.234,23.896,0.338,236.02,117.12,121.71,125.15,680.0,765.0,765.0,680.0,182.03,237.53,295.02,243.98,-1.88,-14.62,-43.88,60.38,875.0,875.0,875.0,875.0,221.17,230.03,262.85,234.51,600.0,2890.0,958.56,3500.0,948.56,1.0,1.0,1.0,1.0,22.5,MAX_UNIFORM_COOL,8.3229
4,High Occupancy / Low Computer Load,0,528,5280.0,34,8,9,9,8,10.8,2.4,LIGHT,62.1,11.47,2.72,LIGHT,63.42,8.08,3.9,IDLE,60.95,8.66,1.58,IDLE,58.2,10.07,3.44,LIGHT,62.75,11.43,2.83,LIGHT,63.53,10.72,3.53,LIGHT,63.7,10.24,3.33,LIGHT,62.79,12.32,2.87,LIGHT,64.7,9.37,3.31,IDLE,61.68,28.47,58.0,233.3,0.25,22.0,COOLING,0.25,22.0,COOLING,0.25,22.0,COOLING,0.25,22.0,COOLING,24.071,24.201,24.239,23.901,24.103,24.239,23.901,0.338,244.67,126.28,126.49,126.38,680.0,765.0,765.0,680.0,182.18,237.7,295.21,244.15,-1.88,-14.62,-43.88,60.38,875.0,875.0,875.0,875.0,229.97,239.36,267.82,235.91,623.82,2890.0,959.24,3500.0,973.06,1.0,1.0,1.0,1.0,22.5,MAX_UNIFORM_COOL,8.3839
4,High Occupancy / Low Computer Load,0,529,5290.0,34,8,9,9,8,9.38,1.65,IDLE,59.2,8.64,1.53,IDLE,58.09,10.84,1.4,LIGHT,60.65,12.65,1.79,LIGHT,63.5,12.82,3.16,LIGHT,65.77,9.0,1.1,IDLE,57.9,8.73,2.38,IDLE,59.48,12.28,1.47,LIGHT,62.55,7.34,2.26,IDLE,57.56,8.51,3.02,IDLE,60.17,28.47,58.0,233.5,0.25,22.0,COOLING,0.25,22.0,COOLING,0.25,22.0,COOLING,0.25,22.0,COOLING,24.076,24.206,24.244,23.906,24.108,24.244,23.906,0.338,241.44,123.67,122.03,117.73,680.0,765.0,765.0,680.0,182.14,237.72,295.28,244.17,-1.88,-14.62,-43.88,60.38,875.0,875.0,875.0,875.0,226.7,236.77,263.43,227.28,604.87,2890.0,959.31,3500.0,954.18,1.0,1.0,1.0,1.0,22.5,MAX_UNIFORM_COOL,8.4314
4,High Occupancy / Low Computer Load,0,530,5300.0,34,8,9,9,8,9.13,3.33,IDLE,61.41,11.57,3.79,LIGHT,65.15,9.77,3.49,IDLE,62.45,9.61,3.36,IDLE,62.05,9.94,3.07,IDLE,62.03,9.39,3.87,IDLE,62.54,10.91,1.82,LIGHT,61.37,10.93,3.91,LIGHT,64.53,8.69,1.37,IDLE,57.92,7.27,1.38,IDLE,56.16,28.47,58.0,233.6,0.25,22.0,COOLING,0.25,22.0,COOLING,0.25,22.0,COOLING,0.25,22.0,COOLING,24.081,24.211,24.249,23.911,24.113,24.249,23.911,0.338,251.06,124.57,125.9,114.08,680.0,765.0,765.0,680.0,182.07,237.68,295.26,244.13,-1.88,-14.62,-43.88,60.38,875.0,875.0,875.0,875.0,236.25,237.63,267.28,223.59,615.61,2890.0,959.14,3500.0,964.75,1.0,1.0,1.0,1.0,22.5,MAX_UNIFORM_COOL,8.489
4,High Occupancy / Low Computer Load,0,531,5310.0,34,8,9,9,8,8.57,3.62,IDLE,61.14,11.44,2.92,LIGHT,63.68,12.2,3.69,LIGHT,65.78,8.38,2.98,IDLE,59.95,9.87,1.66,IDLE,59.83,11.43,3.28,LIGHT,64.21,11.49,3.82,LIGHT,65.09,10.11,2.2,LIGHT,60.94,12.0,1.31,LIGHT,61.97,11.65,3.65,LIGHT,65.04,28.48,58.0,233.8,0.25,22.0,COOLING,0.25,22.0,COOLING,0.25,22.0,COOLING,0.25,22.0,COOLING,24.086,24.216,24.254,23.916,24.118,24.254,23.916,0.338,250.55,124.04,126.03,127.01,680.0,765.0,765.0,680.0,182.25,237.9,295.54,244.35,-1.88,-14.62,-43.88,60.38,875.0,875.0,875.0,875.0,235.92,237.32,267.69,236.74,627.63,2890.0,960.04,3500.0,977.67,1.0,1.0,1.0,1.0,22.5,MAX_UNIFORM_COOL,8.5434
4,High Occupancy / Low Computer Load,0,532,5320.0,34,8,9,9,8,10.28,1.65,LIGHT,60.32,11.97,3.96,LIGHT,65.9,10.09,1.62,LIGHT,60.04,12.94,2.41,LIGHT,64.79,12.16,2.88,LIGHT,64.52,9.03,3.39,IDLE,61.37,10.18,3.31,LIGHT,62.69,11.71,1.72,LIGHT,62.22,7.09,3.77,IDLE,59.52,11.53,2.32,LIGHT,62.89,28.48,58.0,233.9,0.25,22.0,COOLING,0.25,22.0,COOLING,0.25,22.0,COOLING,0.25,22.0,COOLING,24.091,24.221,24.259,23.921,24.123,24.259,23.921,0.338,251.05,125.89,124.91,122.41,680.0,765.0,765.0,680.0,182.18,237.87,295.52,244.32,-1.88,-14.62,-43.88,60.38,875.0,875.0,875.0,875.0,236.35,239.14,266.55,232.11,624.26,2890.0,959.89,3500.0,974.15,1.0,1.0,1.0,1.0,22.5,MAX_UNIFORM_COOL,8.5962
4,High Occupancy / Low Computer Load,0,533,5330.0,34,8,9,9,8,12.18,2.6,LIGHT,64.12,11.46,2.99,LIGHT,63.81,9.72,2.58,IDLE,61.02,12.58,2.72,LIGHT,64.81,10.75,2.44,LIGHT,62.1,8.49,1.38,IDLE,57.68,11.03,3.05,LIGHT,63.36,9.96,1.73,IDLE,60.05,8.01,1.71,IDLE,57.58,9.17,3.89,IDLE,62.3,28.48,58.0,234.0,0.25,22.0,COOLING,0.25,22.0,COOLING,0.25,22.0,COOLING,0.25,22.0,COOLING,24.096,24.226,24.264,23.926,24.128,24.264,23.926,0.338,253.76,119.78,123.41,119.88,680.0,765.0,765.0,680.0,182.11,237.82,295.5,244.27,-1.88,-14.62,-43.88,60.38,875.0,875.0,875.0,875.0,238.99,232.98,265.03,229.53,616.83,2890.0,959.7,3500.0,966.53,1.0,1.0,1.0,1.0,22.5,MAX_UNIFORM_COOL,8.6472
4,High Occupancy / Low Computer Load,0,534,5340.0,34,8,9,9,8,8.55,3.85,IDLE,61.46,11.17,3.85,LIGHT,64.74,8.84,2.64,IDLE,60.01,11.09,1.86,LIGHT,61.65,12.39,1.48,LIGHT,62.71,9.31,3.86,IDLE,62.43,10.88,2.0,LIGHT,61.6,12.55,3.33,LIGHT,65.68,7.54,2.62,IDLE,58.35,10.53,1.66,LIGHT,60.65,28.48,58.0,234.2,0.25,22.0,COOLING,0.25,22.0,COOLING,0.25,22.0,COOLING,0.25,22.0,COOLING,24.101,24.231,24.269,23.931,24.133,24.269,23.931,0.338,247.86,125.14,127.28,119.0,680.0,765.0,765.0,680.0,182.09,237.84,295.56,244.29,-1.88,-14.62,-43.88,60.38,875.0,875.0,875.0,875.0,233.07,238.36,268.96,228.67,619.28,2890.0,959.78,3500.0,969.06,1.0,1.0,1.0,1.0,22.5,MAX_UNIFORM_COOL,8.7027
4,High Occupancy / Low Computer Load,0,535,5350.0,34,8,9,9,8,8.44,3.74,IDLE,61.16,10.31,3.7,LIGHT,63.44,7.57,1.41,IDLE,56.58,11.06,3.12,LIGHT,63.51,11.58,2.25,LIGHT,62.85,7.4,1.59,IDLE,56.63,8.97,1.26,IDLE,58.1,9.58,2.08,IDLE,60.09,12.5,1.38,LIGHT,62.7,9.54,1.05,IDLE,58.5,28.49,58.0,234.3,0.25,22.0,COOLING,0.25,22.0,COOLING,0.25,22.0,COOLING,0.25,22.0,COOLING,24.106,24.236,24.274,23.936,24.138,24.274,23.936,0.338,244.69,119.48,118.19,121.2,680.0,765.0,765.0,680.0,182.22,238.01,295.76,244.46,-1.88,-14.62,-43.88,60.38,875.0,875.0,875.0,875.0,230.03,232.87,260.07,231.04,603.56,2890.0,960.45,3500.0,954.01,1.0,1.0,1.0,1.0,22.5,MAX_UNIFORM_COOL,8.7491
4,High Occupancy / Low Computer Load,0,536,5360.0,34,8,9,9,8,12.66,3.17,LIGHT,65.58,10.34,3.57,LIGHT,63.28,8.11,1.28,IDLE,57.06,8.11,3.48,IDLE,60.36,11.0,1.11,LIGHT,60.41,9.83,2.39,IDLE,60.87,9.84,3.88,IDLE,63.12,11.04,3.34,LIGHT,63.81,8.8,3.86,IDLE,61.79,10.39,1.65,LIGHT,60.46,28.49,58.0,234.4,0.25,22.0,COOLING,0.25,22.0,COOLING,0.25,22.0,COOLING,0.25,22.0,COOLING,24.111,24.241,24.279,23.941,24.143,24.279,23.941,0.338,246.28,121.28,126.93,122.25,680.0,765.0,765.0,680.0,182.16,237.96,295.74,244.41,-1.88,-14.62,-43.88,60.38,875.0,875.0,875.0,875.0,231.56,234.62,268.79,232.04,616.74,2890.0,960.27,3500.0,967.01,1.0,1.0,1.0,1.0,22.5,MAX_UNIFORM_COOL,8.8089
4,High Occupancy / Low Computer Load,0,537,5370.0,34,8,9,9,8,7.43,3.63,IDLE,59.73,7.56,2.47,IDLE,58.16,9.38,1.5,IDLE,58.98,11.94,3.98,LIGHT,65.89,7.4,1.01,IDLE,55.77,9.65,1.16,IDLE,58.8,11.7,2.25,LIGHT,63.0,8.08,2.09,IDLE,58.23,10.26,1.43,LIGHT,59.97,8.44,2.06,IDLE,58.64,28.49,58.0,234.6,0.25,22.0,COOLING,0.25,22.0,COOLING,0.25,22.0,COOLING,0.25,22.0,COOLING,24.116,24.246,24.284,23.946,24.148,24.284,23.946,0.338,242.76,114.57,121.23,118.61,680.0,765.0,765.0,680.0,182.12,237.97,295.81,244.42,-1.88,-14.62,-43.88,60.38,875.0,875.0,875.0,875.0,228.0,227.92,263.16,228.41,597.17,2890.0,960.32,3500.0,947.49,1.0,1.0,1.0,1.0,22.5,MAX_UNIFORM_COOL,8.8561
4,High Occupancy / Low Computer Load,0,538,5380.0,34,8,9,9,8,7.97,2.84,IDLE,59.22,7.86,2.32,IDLE,58.3,10.5,1.38,LIGHT,60.2,10.81,3.11,LIGHT,63.18,7.63,3.6,IDLE,59.94,9.78,3.81,IDLE,62.94,10.35,1.25,LIGHT,59.81,11.63,2.56,LIGHT,63.38,12.3,1.49,LIGHT,62.61,11.06,3.2,LIGHT,63.62,28.49,58.0,234.7,0.25,22.0,COOLING,0.25,22.0,COOLING,0.25,22.0,COOLING,0.25,22.0,COOLING,24.121,24.251,24.289,23.951,24.153,24.289,23.951,0.338,240.9,122.88,123.19,126.23,680.0,765.0,765.0,680.0,182.05,237.94,295.79,244.39,-1.88,-14.62,-43.88,60.38,875.0,875.0,875.0,875.0,226.07,236.2,265.1,236.0,613.2,2890.0,960.17,3500.0,963.37,1.0,1.0,1.0,1.0,22.5,MAX_UNIFORM_COOL,8.9147
4,High Occupancy / Low Computer Load,0,539,5390.0,34,8,9,9,8,8.45,1.45,IDLE,57.74,11.21,3.01,LIGHT,63.53,9.14,1.69,IDLE,58.96,11.18,3.11,LIGHT,63.64,11.39,1.66,LIGHT,61.73,9.03,2.64,IDLE,60.25,8.38,1.39,IDLE,57.56,10.65,2.82,LIGHT,62.54,9.68,1.23,IDLE,58.95,9.81,3.42,IDLE,62.39,28.5,58.0,234.9,0.25,22.0,COOLING,0.25,22.0,COOLING,0.25,22.0,COOLING,0.25,22.0,COOLING,24.126,24.256,24.294,23.956,24.158,24.294,23.956,0.338,243.87,121.98,120.1,121.34,680.0,765.0,765.0,680.0,182.24,238.16,296.08,244.61,-1.88,-14.62,-43.88,60.38,875.0,875.0,875.0,875.0,229.23,235.52,262.3,231.33,607.29,2890.0,961.09,3500.0,958.38,1.0,1.0,1.0,1.0,22.5,MAX_UNIFORM_COOL,8.9679
4,High Occupancy / Low Computer Load,0,540,5400.0,34,8,9,9,8,10.42,2.34,LIGHT,61.53,9.36,2.69,IDLE,60.73,9.77,3.9,IDLE,63.06,10.67,3.8,LIGHT,64.04,10.7,1.23,LIGHT,60.22,9.0,1.58,IDLE,58.62,7.07,2.62,IDLE,57.77,7.15,3.13,IDLE,58.63,10.93,3.54,LIGHT,63.97,9.76,1.5,IDLE,59.45,28.5,58.0,235.0,0.25,22.0,COOLING,0.25,22.0,COOLING,0.25,22.0,COOLING,0.25,22.0,COOLING,24.131,24.261,24.299,23.961,24.163,24.299,23.961,0.338,249.36,118.84,116.4,123.42,680.0,765.0,765.0,680.0,182.16,238.13,296.05,244.58,-1.88,-14.62,-43.88,60.38,875.0,875.0,875.0,875.0,234.64,232.35,258.57,233.38,608.02,2890.0,960.92,3500.0,958.94,1.0,1.0,1.0,1.0,22.5,MAX_UNIFORM_COOL,9.0216
4,High Occupancy / Low Computer Load,0,541,5410.0,34,8,9,9,8,12.82,3.59,LIGHT,66.41,9.03,2.08,IDLE,59.41,8.05,1.37,IDLE,57.12,11.95,2.63,LIGHT,63.88,7.17,1.16,IDLE,55.7,9.11,1.54,IDLE,58.7,11.05,2.29,LIGHT,62.25,12.97,3.23,LIGHT,66.06,12.35,1.37,LIGHT,62.49,11.08,2.16,LIGHT,62.09,28.5,58.0,235.1,0.25,22.0,COOLING,0.25,22.0,COOLING,0.25,22.0,COOLING,0.25,22.0,COOLING,24.136,24.266,24.305,23.966,24.168,24.305,23.966,0.339,246.82,114.4,128.31,124.58,680.0,765.0,765.0,680.0,182.09,238.08,296.03,244.53,-1.88,-14.62,-43.88,60.38,875.0,875.0,875.0,875.0,232.03,227.86,270.46,234.49,614.11,2890.0,960.73,3500.0,964.84,1.0,1.0,1.0,1.0,22.5,MAX_UNIFORM_COOL,9.085
4,High Occupancy / Low Computer Load,0,542,5420.0,34,8,9,9,8,8.47,3.4,IDLE,60.69,7.17,1.67,IDLE,56.47,9.53,2.22,IDLE,60.24,9.66,3.77,IDLE,62.73,9.67,1.89,IDLE,59.92,10.52,1.97,LIGHT,61.1,8.71,3.32,IDLE,60.87,11.33,3.74,LIGHT,64.77,10.83,1.23,LIGHT,60.38,8.44,3.93,IDLE,61.45,28.51,58.0,235.3,0.25,22.0,COOLING,0.25,22.0,COOLING,0.25,22.0,COOLING,0.25,22.0,COOLING,24.141,24.271,24.31,23.971,24.173,24.31,23.971,0.339,240.13,121.02,125.64,121.83,680.0,765.0,765.0,680.0,182.28,238.31,296.3,244.76,-1.86,-14.51,-44.12,60.49,875.0,875.0,875.0,875.0,225.55,234.82,267.82,232.08,608.62,2890.0,961.65,3500.0,960.27,1.0,1.0,1.0,1.0,22.5,MAX_UNIFORM_COOL,9.1388
4,High Occupancy / Low Computer Load,0,543,5430.0,34,8,9,9,8,7.93,1.38,IDLE,56.98,7.93,2.01,IDLE,57.93,10.24,2.77,LIGHT,61.95,10.28,3.57,LIGHT,63.2,10.47,2.72,LIGHT,62.17,9.22,1.09,IDLE,58.16,9.68,1.47,IDLE,59.3,8.58,2.67,IDLE,59.73,11.99,3.02,LIGHT,64.52,10.95,2.92,LIGHT,63.07,28.51,58.0,235.4,0.25,22.0,COOLING,0.25,22.0,COOLING,0.25,22.0,COOLING,0.25,22.0,COOLING,24.146,24.276,24.315,23.976,24.178,24.315,23.976,0.339,240.06,120.33,119.03,127.59,680.0,765.0,765.0,680.0,182.2,238.26,296.27,244.71,-1.86,-14.51,-44.11,60.49,875.0,875.0,875.0,875.0,225.4,234.08,261.19,237.79,607.01,2890.0,961.44,3500.0,958.46,1.0,1.0,1.0,1.0,22.5,MAX_UNIFORM_COOL,9.1909
4,High Occupancy / Low Computer Load,0,544,5440.0,34,8,9,9,8,11.64,2.2,LIGHT,62.85,7.16,2.74,IDLE,58.06,12.42,1.45,LIGHT,62.7,11.95,1.35,LIGHT,61.96,9.54,1.11,IDLE,58.59,9.88,3.57,IDLE,62.7,12.99,3.21,LIGHT,66.05,8.25,2.45,IDLE,58.99,9.19,1.03,IDLE,58.03,10.21,3.64,LIGHT,63.22,28.51,58.0,235.6,0.25,22.0,COOLING,0.25,22.0,COOLING,0.25,22.0,COOLING,0.25,22.0,COOLING,24.151,24.281,24.32,23.981,24.183,24.32,23.981,0.339,245.57,121.29,125.04,121.25,680.0,765.0,765.0,680.0,182.18,238.28,296.34,244.73,-1.87,-14.51,-44.12,60.49,875.0,875.0,875.0,875.0,230.88,235.06,267.26,231.47,613.15,2890.0,961.53,3500.0,964.67,1.0,1.0,1.0,1.0,22.5,MAX_UNIFORM_COOL,9.2512
4,High Occupancy / Low Computer Load,0,545,5450.0,34,8,9,9,8,11.49,2.19,LIGHT,62.65,10.3,1.45,LIGHT,60.05,8.05,2.74,IDLE,59.17,12.98,2.04,LIGHT,64.28,7.71,3.49,IDLE,59.87,7.03,1.17,IDLE,55.54,7.48,3.78,IDLE,60.02,8.41,3.72,IDLE,61.09,7.18,3.82,IDLE,59.7,9.71,2.3,IDLE,60.59,28.51,58.0,235.7,0.25,22.0,COOLING,0.25,22.0,COOLING,0.25,22.0,COOLING,0.25,22.0,COOLING,24.156,24.286,24.325,23.986,24.188,24.325,23.986,0.339,246.15,115.41,121.11,120.29,680.0,765.0,765.0,680.0,182.11,238.23,296.33,244.68,-1.86,-14.51,-44.12,60.49,875.0,875.0,875.0,875.0,231.4,229.13,263.32,230.46,602.96,2890.0,961.35,3500.0,954.31,1.0,1.0,1.0,1.0,22.5,MAX_UNIFORM_COOL,9.3026
4,High Occupancy / Low Computer Load,0,546,5460.0,34,8,9,9,8,8.76,1.05,IDLE,57.53,12.4,2.43,LIGHT,64.14,7.11,3.07,IDLE,58.49,8.27,3.7,IDLE,60.89,11.05,3.46,LIGHT,64.0,8.73,2.57,IDLE,59.77,7.04,1.02,IDLE,55.33,9.94,2.85,IDLE,61.7,12.22,3.76,LIGHT,65.91,11.09,1.37,LIGHT,60.92,28.52,58.0,235.8,0.25,22.0,COOLING,0.25,22.0,COOLING,0.25,22.0,COOLING,0.25,22.0,COOLING,24.161,24.291,24.33,23.991,24.193,24.33,23.991,0.339,241.05,123.77,117.03,126.83,680.0,765.0,765.0,680.0,182.25,238.41,296.51,244.86,-1.86,-14.51,-44.11,60.49,875.0,875.0,875.0,875.0,226.44,237.67,259.43,237.18,608.68,2890.0,962.03,3500.0,960.72,1.0,1.0,1.0,1.0,22.5,MAX_UNIFORM_COOL,9.3588
4,High Occupancy / Low Computer Load,0,547,5470.0,34,8,9,9,8,8.28,3.03,IDLE,59.9,7.45,1.8,IDLE,57.01,12.94,3.2,LIGHT,65.97,7.49,1.4,IDLE,56.46,7.49,1.9,IDLE,57.21,11.5,1.6,LIGHT,61.77,9.99,2.62,IDLE,61.42,9.48,1.81,IDLE,59.57,9.27,3.03,IDLE,61.13,8.6,1.91,IDLE,58.62,28.52,58.0,236.0,0.25,22.0,COOLING,0.25,22.0,COOLING,0.25,22.0,COOLING,0.25,22.0,COOLING,24.166,24.296,24.335,23.996,24.198,24.335,23.996,0.339,239.34,118.98,120.99,119.75,680.0,765.0,765.0,680.0,182.22,238.42,296.59,244.87,-1.87,-14.51,-44.11,60.49,875.0,875.0,875.0,875.0,224.69,232.89,263.47,230.11,599.06,2890.0,962.1,3500.0,951.16,1.0,1.0,1.0,1.0,22.5,MAX_UNIFORM_COOL,9.4139
4,High Occupancy / Low Computer Load,0,548,5480.0,34,8,9,9,8,9.05,2.43,IDLE,59.96,9.15,3.67,IDLE,61.94,8.42,2.27,IDLE,58.93,9.34,3.68,IDLE,62.19,9.91,3.25,IDLE,62.26,8.45,2.13,IDLE,58.76,9.83,2.61,IDLE,61.2,12.17,1.63,LIGHT,62.66,11.71,2.62,LIGHT,63.57,8.4,2.2,IDLE,58.8,28.52,58.0,236.1,0.25,22.0,COOLING,0.25,22.0,COOLING,0.25,22.0,COOLING,0.25,22.0,COOLING,24.171,24.301,24.34,24.001,24.203,24.34,24.001,0.339,243.02,121.02,123.86,122.37,680.0,765.0,765.0,680.0,182.15,238.38,296.57,244.83,-1.87,-14.51,-44.12,60.49,875.0,875.0,875.0,875.0,228.3,234.89,266.31,232.69,610.27,2890.0,961.93,3500.0,962.19,1.0,1.0,1.0,1.0,22.5,MAX_UNIFORM_COOL,9.4741
4,High Occupancy / Low Computer Load,0,549,5490.0,34,8,9,9,8,10.45,1.65,LIGHT,60.54,8.16,2.26,IDLE,58.59,10.24,3.87,LIGHT,63.6,9.41,2.38,IDLE,60.33,7.1,3.51,IDLE,59.14,7.78,2.93,IDLE,59.12,8.56,1.51,IDLE,57.97,9.02,1.48,IDLE,58.49,11.13,1.05,LIGHT,60.49,12.22,1.12,LIGHT,61.95,28.52,58.0,236.2,0.25,22.0,COOLING,0.25,22.0,COOLING,0.25,22.0,COOLING,0.25,22.0,COOLING,24.176,24.306,24.345,24.006,24.208,24.345,24.006,0.339,243.06,118.26,116.46,122.44,680.0,765.0,765.0,680.0,182.08,238.33,296.54,244.78,-1.86,-14.51,-44.12,60.49,875.0,875.0,875.0,875.0,228.28,232.08,258.88,232.71,600.22,2890.0,961.73,3500.0,951.95,1.0,1.0,1.0,1.0,22.5,MAX_UNIFORM_COOL,9.5255
4,High Occupancy / Low Computer Load,0,550,5500.0,34,8,9,9,8,8.14,1.96,IDLE,58.11,7.74,2.22,IDLE,58.0,11.09,3.89,LIGHT,64.7,9.42,3.64,IDLE,62.23,7.97,2.3,IDLE,58.41,10.34,2.11,LIGHT,61.09,12.14,1.72,LIGHT,62.75,11.92,3.28,LIGHT,64.82,7.31,3.7,IDLE,59.69,11.99,1.71,LIGHT,62.55,28.53,58.0,236.4,0.25,22.0,COOLING,0.25,22.0,COOLING,0.25,22.0,COOLING,0.25,22.0,COOLING,24.181,24.311,24.351,24.011,24.213,24.351,24.011,0.34,243.04,119.5,127.57,122.24,680.0,765.0,765.0,680.0,182.26,238.57,296.83,245.02,-1.86,-14.51,-44.11,60.49,875.0,875.0,875.0,875.0,228.44,233.56,270.29,232.75,612.35,2890.0,962.68,3500.0,965.04,1.0,1.0,1.0,1.0,22.5,MAX_UNIFORM_COOL,9.5936
4,High Occupancy / Low Computer Load,0,551,5510.0,34,8,9,9,8,12.15,2.69,LIGHT,64.22,11.36,1.07,LIGHT,60.8,9.57,1.96,IDLE,59.9,10.04,1.73,LIGHT,60.14,12.39,1.39,LIGHT,62.57,12.91,2.06,LIGHT,64.23,12.52,2.97,LIGHT,65.11,8.85,2.13,IDLE,59.26,12.22,3.49,LIGHT,65.51,10.83,1.96,LIGHT,61.48,28.53,58.0,236.5,0.25,22.0,COOLING,0.25,22.0,COOLING,0.25,22.0,COOLING,0.25,22.0,COOLING,24.186,24.316,24.356,24.016,24.218,24.356,24.016,0.34,245.06,126.8,124.37,126.99,680.0,765.0,765.0,680.0,182.19,238.52,296.79,244.97,-1.85,-14.4,-44.35,60.6,875.0,875.0,875.0,875.0,230.4,240.92,266.81,237.56,623.22,2890.0,962.47,3500.0,975.69,1.0,1.0,1.0,1.0,22.5,MAX_UNIFORM_COOL,9.6527
4,High Occupancy / Low Computer Load,0,552,5520.0,34,8,9,9,8,10.7,2.45,LIGHT,62.05,8.23,1.13,IDLE,56.98,9.23,2.84,IDLE,60.8,11.63,3.45,LIGHT,64.71,7.61,3.42,IDLE,59.64,7.36,2.96,IDLE,58.64,9.16,2.38,IDLE,60.02,8.33,3.63,IDLE,60.86,7.11,3.01,IDLE,58.4,7.56,2.01,IDLE,57.47,28.53,58.0,236.7,0.25,22.0,COOLING,0.25,22.0,COOLING,0.25,22.0,COOLING,0.25,22.0,COOLING,24.191,24.321,24.361,24.021,24.224,24.361,24.021,0.34,244.54,118.28,120.88,115.87,680.0,765.0,765.0,680.0,182.16,238.54,296.85,244.99,-1.85,-14.4,-44.35,60.6,875.0,875.0,875.0,875.0,229.85,232.42,263.38,226.46,599.57,2890.0,962.54,3500.0,952.11,1.0,1.0,1.0,1.0,22.5,MAX_UNIFORM_COOL,9.7032
4,High Occupancy / Low Computer Load,0,553,5530.0,34,8,9,9,8,8.67,2.39,IDLE,59.42,10.56,3.22,LIGHT,63.03,10.11,2.26,LIGHT,61.03,9.16,2.28,IDLE,59.87,9.38,3.86,IDLE,62.52,12.95,3.68,LIGHT,66.71,11.12,3.26,LIGHT,63.79,7.29,2.46,IDLE,57.8,12.3,2.87,LIGHT,64.68,11.7,3.11,LIGHT,64.29,28.54,58.0,236.8,0.25,22.0,COOLING,0.25,22.0,COOLING,0.25,22.0,COOLING,0.25,22.0,COOLING,24.196,24.326,24.366,24.026,24.229,24.366,24.026,0.34,243.35,129.23,121.59,128.97,680.0,765.0,765.0,680.0,182.3,238.71,297.05,245.16,-1.85,-14.4,-44.35,60.6,875.0,875.0,875.0,875.0,228.8,243.54,264.29,239.73,623.14,2890.0,963.22,3500.0,976.36,1.0,1.0,1.0,1.0,22.5,MAX_UNIFORM_COOL,9.7666
4,High Occupancy / Low Computer Load,0,554,5540.0,34,8,9,9,8,10.56,2.77,LIGHT,62.36,11.0,2.75,LIGHT,62.88,9.38,3.78,IDLE,62.4,9.1,1.23,IDLE,58.22,8.5,1.56,IDLE,57.97,9.12,1.04,IDLE,57.96,9.73,2.56,IDLE,61.0,11.79,3.29,LIGHT,64.67,11.1,1.46,LIGHT,61.06,9.11,2.11,IDLE,59.55,28.54,58.0,236.9,0.25,22.0,COOLING,0.25,22.0,COOLING,0.25,22.0,COOLING,0.25,22.0,COOLING,24.201,24.331,24.371,24.031,24.233,24.371,24.031,0.34,245.86,115.93,125.67,120.61,680.0,765.0,765.0,680.0,182.24,238.66,297.03,245.11,-1.85,-14.4,-44.35,60.6,875.0,875.0,875.0,875.0,231.25,230.19,268.35,231.32,608.07,2890.0,963.04,3500.0,961.11,1.0,1.0,1.0,1.0,22.5,MAX_UNIFORM_COOL,9.8211
4,High Occupancy / Low Computer Load,0,555,5550.0,34,8,9,9,8,11.49,1.16,LIGHT,61.1,12.08,3.61,LIGHT,65.52,7.38,3.8,IDLE,59.93,7.83,2.2,IDLE,58.09,10.48,1.7,LIGHT,60.65,12.18,3.64,LIGHT,65.69,9.42,2.66,IDLE,60.77,8.98,2.92,IDLE,60.61,8.84,1.01,IDLE,57.56,12.89,2.28,LIGHT,64.53,28.54,58.0,237.1,0.25,22.0,COOLING,0.25,22.0,COOLING,0.25,22.0,COOLING,0.25,22.0,COOLING,24.206,24.336,24.376,24.036,24.239,24.376,24.036,0.34,244.64,126.34,121.38,122.09,680.0,765.0,765.0,680.0,182.2,238.68,297.09,245.13,-1.85,-14.4,-44.35,60.6,875.0,875.0,875.0,875.0,229.99,240.62,264.12,232.82,614.45,2890.0,963.1,3500.0,967.55,1.0,1.0,1.0,1.0,22.5,MAX_UNIFORM_COOL,9.8802
4,High Occupancy / Low Computer Load,0,556,5560.0,34,8,9,9,8,9.17,2.71,IDLE,60.53,9.44,1.81,IDLE,59.52,11.29,2.62,LIGHT,63.04,10.95,3.84,LIGHT,64.45,9.27,2.1,IDLE,59.74,7.68,1.55,IDLE,56.93,11.64,1.65,LIGHT,62.02,12.16,3.53,LIGHT,65.5,7.07,1.78,IDLE,56.51,9.56,3.65,IDLE,62.43,28.54,58.0,237.2,0.25,22.0,COOLING,0.25,22.0,COOLING,0.25,22.0,COOLING,0.25,22.0,COOLING,24.211,24.341,24.382,24.041,24.244,24.382,24.041,0.341,247.54,116.67,127.52,118.94,680.0,765.0,765.0,680.0,182.13,238.64,297.08,245.09,-1.85,-14.4,-44.35,60.6,875.0,875.0,875.0,875.0,232.82,230.91,270.25,229.63,610.67,2890.0,962.94,3500.0,963.61,1.0,1.0,1.0,1.0,22.5,MAX_UNIFORM_COOL,9.9431
4,High Occupancy / Low Computer Load,0,557,5570.0,34,8,9,9,8,12.92,2.01,LIGHT,64.17,9.25,2.8,IDLE,60.76,11.89,1.46,LIGHT,62.05,10.74,1.2,LIGHT,60.22,9.09,1.28,IDLE,58.28,10.07,2.35,LIGHT,61.11,11.49,3.94,LIGHT,65.27,7.54,3.78,IDLE,60.09,7.49,1.85,IDLE,57.14,8.57,2.64,IDLE,59.67,28.55,58.0,237.4,0.25,22.0,COOLING,0.25,22.0,COOLING,0.25,22.0,COOLING,0.25,22.0,COOLING,24.216,24.346,24.387,24.046,24.249,24.387,24.046,0.341,247.2,119.39,125.36,116.81,680.0,765.0,765.0,680.0,182.31,238.87,297.33,245.32,-1.83,-14.29,-44.59,60.71,875.0,875.0,875.0,875.0,232.68,233.97,268.1,227.84,608.76,2890.0,963.83,3500.0,962.59,1.0,1.0,1.0,1.0,22.5,MAX_UNIFORM_COOL,10.0009
4,High Occupancy / Low Computer Load,0,558,5580.0,34,8,9,9,8,11.77,1.54,LIGHT,62.02,7.98,1.64,IDLE,57.44,7.04,3.9,IDLE,59.65,12.61,2.41,LIGHT,64.38,7.78,3.3,IDLE,59.68,7.6,2.18,IDLE,57.77,8.76,2.25,IDLE,59.33,8.69,2.16,IDLE,59.1,11.49,1.87,LIGHT,62.17,7.85,2.24,IDLE,58.17,28.55,58.0,237.5,0.25,22.0,COOLING,0.25,22.0,COOLING,0.25,22.0,COOLING,0.25,22.0,COOLING,24.221,24.351,24.392,24.051,24.254,24.392,24.051,0.341,243.49,117.45,118.43,120.34,680.0,765.0,765.0,680.0,182.24,238.83,297.31,245.28,-1.84,-14.29,-44.59,60.71,875.0,875.0,875.0,875.0,228.89,231.99,261.15,231.33,599.71,2890.0,963.66,3500.0,953.36,1.0,1.0,1.0,1.0,22.5,MAX_UNIFORM_COOL,10.0538
4,High Occupancy / Low Computer Load,0,559,5590.0,34,8,9,9,8,10.36,3.14,LIGHT,62.66,11.28,1.68,LIGHT,61.62,9.25,3.31,IDLE,61.53,11.79,2.52,LIGHT,63.52,7.96,3.51,IDLE,60.22,12.63,2.36,LIGHT,64.33,11.29,2.58,LIGHT,62.98,12.56,3.1,LIGHT,65.35,12.0,2.87,LIGHT,64.31,9.05,1.27,IDLE,58.22,28.55,58.0,237.6,0.25,22.0,COOLING,0.25,22.0,COOLING,0.25,22.0,COOLING,0.25,22.0,COOLING,24.226,24.356,24.398,24.056,24.259,24.398,24.056,0.342,249.33,124.55,128.33,122.53,680.0,765.0,765.0,680.0,182.17,238.78,297.3,245.23,-1.84,-14.29,-44.59,60.71,875.0,875.0,875.0,875.0,234.66,239.04,271.04,233.47,624.74,2890.0,963.48,3500.0,978.21,1.0,1.0,1.0,1.0,22.5,MAX_UNIFORM_COOL,10.1275
4,High Occupancy / Low Computer Load,0,560,5600.0,34,8,9,9,8,11.0,3.62,LIGHT,64.18,10.84,3.73,LIGHT,64.14,10.04,1.93,LIGHT,60.44,10.35,2.1,LIGHT,61.09,7.13,3.97,IDLE,59.87,7.73,1.31,IDLE,56.63,8.7,1.36,IDLE,57.91,10.52,3.8,LIGHT,63.85,8.66,1.33,IDLE,57.82,10.83,3.66,LIGHT,64.03,28.56,58.0,237.8,0.25,22.0,COOLING,0.25,22.0,COOLING,0.25,22.0,COOLING,0.25,22.0,COOLING,24.231,24.361,24.403,24.061,24.264,24.403,24.061,0.342,249.85,116.5,121.76,121.85,680.0,765.0,765.0,680.0,182.35,239.01,297.55,245.46,-1.82,-14.18,-44.82,60.82,875.0,875.0,875.0,875.0,235.38,231.33,264.49,233.13,609.96,2890.0,964.37,3500.0,964.33,1.0,1.0,1.0,1.0,22.5,MAX_UNIFORM_COOL,10.1799
4,High Occupancy / Low Computer Load,0,561,5610.0,34,8,9,9,8,10.18,2.02,LIGHT,60.76,10.11,1.4,LIGHT,59.74,10.48,1.01,LIGHT,59.62,10.93,2.95,LIGHT,63.09,11.4,1.13,LIGHT,60.95,10.42,1.67,LIGHT,60.53,7.91,2.38,IDLE,58.46,9.25,1.44,IDLE,58.72,11.65,3.76,LIGHT,65.2,11.26,3.74,LIGHT,64.69,28.56,58.0,237.9,0.25,22.0,COOLING,0.25,22.0,COOLING,0.25,22.0,COOLING,0.25,22.0,COOLING,24.236,24.366,24.408,24.066,24.269,24.408,24.066,0.342,243.21,121.48,117.18,129.89,680.0,765.0,765.0,680.0,182.28,238.97,297.54,245.42,-1.82,-14.18,-44.82,60.82,875.0,875.0,875.0,875.0,228.67,236.27,259.9,241.13,611.76,2890.0,964.21,3500.0,965.97,1.0,1.0,1.0,1.0,22.5,MAX_UNIFORM_COOL,10.2369
4,High Occupancy / Low Computer Load,0,562,5620.0,34,8,9,9,8,11.66,3.88,LIGHT,65.4,7.61,1.54,IDLE,56.82,11.41,3.89,LIGHT,65.1,12.22,2.38,LIGHT,63.84,9.51,3.4,IDLE,61.99,10.04,1.17,LIGHT,59.3,10.25,2.2,LIGHT,61.11,9.89,2.53,IDLE,61.16,7.52,2.7,IDLE,58.45,12.84,1.77,LIGHT,63.7,28.56,58.0,238.1,0.25,22.0,COOLING,0.25,22.0,COOLING,0.25,22.0,COOLING,0.25,22.0,COOLING,24.241,24.371,24.413,24.071,24.274,24.413,24.071,0.342,251.16,121.29,122.27,122.15,680.0,765.0,765.0,680.0,182.26,238.98,297.61,245.43,-1.82,-14.18,-44.82,60.82,875.0,875.0,875.0,875.0,236.6,236.09,265.06,233.4,616.87,2890.0,964.28,3500.0,971.15,1.0,1.0,1.0,1.0,22.5,MAX_UNIFORM_COOL,10.3007
4,High Occupancy / Low Computer Load,0,563,5630.0,34,8,9,9,8,7.1,1.26,IDLE,55.77,11.14,3.75,LIGHT,64.55,12.43,1.23,LIGHT,62.38,8.66,1.83,IDLE,58.57,12.78,2.79,LIGHT,65.16,7.84,3.85,IDLE,60.57,9.83,3.24,IDLE,62.15,7.89,1.62,IDLE,57.29,9.73,1.13,IDLE,58.86,7.49,1.8,IDLE,57.06,28.56,58.0,238.2,0.25,22.0,COOLING,0.25,22.0,COOLING,0.25,22.0,COOLING,0.25,22.0,COOLING,24.246,24.376,24.418,24.076,24.279,24.418,24.076,0.342,241.27,125.73,119.44,115.92,680.0,765.0,765.0,680.0,182.19,238.94,297.58,245.39,-1.82,-14.18,-44.82,60.82,875.0,875.0,875.0,875.0,226.64,240.49,262.2,227.13,602.36,2890.0,964.1,3500.0,956.46,1.0,1.0,1.0,1.0,22.5,MAX_UNIFORM_COOL,10.3557
4,High Occupancy / Low Computer Load,0,564,5640.0,34,8,9,9,8,8.31,2.6,IDLE,59.29,9.39,1.48,IDLE,58.96,8.27,2.49,IDLE,59.07,8.35,3.84,IDLE,61.2,8.92,3.52,IDLE,61.43,7.88,3.54,IDLE,60.16,12.35,3.16,LIGHT,65.18,8.62,3.72,IDLE,61.35,10.21,1.6,LIGHT,60.16,11.13,1.76,LIGHT,61.55,28.57,58.0,238.3,0.25,22.0,COOLING,0.25,22.0,COOLING,0.25,22.0,COOLING,0.25,22.0,COOLING,24.251,24.381,24.423,24.081,24.284,24.423,24.081,0.342,238.52,121.59,126.53,121.71,680.0,765.0,765.0,680.0,182.33,239.11,297.78,245.56,-1.82,-14.18,-44.82,60.82,875.0,875.0,875.0,875.0,224.03,236.52,269.49,233.09,608.35,2890.0,964.78,3500.0,963.13,1.0,1.0,1.0,1.0,22.5,MAX_UNIFORM_COOL,10.4178
4,High Occupancy / Low Computer Load,0,565,5650.0,34,8,9,9,8,8.37,2.57,IDLE,59.32,8.42,3.17,IDLE,60.28,11.66,3.67,LIGHT,65.08,10.22,1.0,LIGHT,59.28,12.93,1.9,LIGHT,64.01,9.99,3.25,IDLE,62.36,8.13,3.31,IDLE,60.13,8.33,1.4,IDLE,57.51,8.9,2.25,IDLE,59.5,12.52,3.93,LIGHT,66.55,28.57,58.0,238.5,0.25,22.0,COOLING,0.25,22.0,COOLING,0.25,22.0,COOLING,0.25,22.0,COOLING,24.256,24.386,24.428,24.086,24.289,24.428,24.086,0.342,243.96,126.37,117.64,126.05,680.0,765.0,765.0,680.0,182.3,239.12,297.85,245.57,-1.82,-14.18,-44.82,60.82,875.0,875.0,875.0,875.0,229.44,241.31,260.67,237.44,614.02,2890.0,964.84,3500.0,968.86,1.0,1.0,1.0,1.0,22.5,MAX_UNIFORM_COOL,10.477
4,High Occupancy / Low Computer Load,0,566,5660.0,34,8,9,9,8,11.33,2.23,LIGHT,62.51,11.48,2.42,LIGHT,62.98,7.59,3.48,IDLE,59.71,8.87,1.51,IDLE,58.35,11.57,1.38,LIGHT,61.53,11.4,2.66,LIGHT,63.24,9.93,2.61,IDLE,61.33,11.81,1.55,LIGHT,62.09,8.22,3.27,IDLE,60.18,12.05,2.07,LIGHT,63.17,28.57,58.0,238.6,0.25,22.0,COOLING,0.25,22.0,COOLING,0.25,22.0,COOLING,0.25,22.0,COOLING,24.261,24.391,24.433,24.091,24.294,24.433,24.091,0.342,243.55,124.77,123.42,123.35,680.0,765.0,765.0,680.0,182.22,239.08,297.82,245.53,-1.82,-14.18,-44.82,60.82,875.0,875.0,875.0,875.0,228.95,239.67,266.42,234.7,615.09,2890.0,964.65,3500.0,969.74,1.0,1.0,1.0,1.0,22.5,MAX_UNIFORM_COOL,10.5391
4,High Occupancy / Low Computer Load,0,567,5670.0,34,8,9,9,8,12.97,2.03,LIGHT,64.26,12.51,1.24,LIGHT,62.5,8.15,2.04,IDLE,58.25,10.07,2.97,LIGHT,62.04,9.85,3.07,IDLE,61.92,8.11,3.17,IDLE,59.89,10.0,2.43,LIGHT,61.15,12.88,2.81,LIGHT,65.31,7.8,1.24,IDLE,56.61,7.31,2.41,IDLE,57.75,28.57,58.0,238.8,0.25,22.0,COOLING,0.25,22.0,COOLING,0.25,22.0,COOLING,0.25,22.0,COOLING,24.266,24.396,24.439,24.096,24.299,24.439,24.096,0.343,247.05,121.81,126.46,114.36,680.0,765.0,765.0,680.0,182.19,239.1,297.9,245.55,-1.82,-14.18,-44.82,60.82,875.0,875.0,875.0,875.0,232.42,236.73,269.54,225.73,609.68,2890.0,964.74,3500.0,964.42,1.0,1.0,1.0,1.0,22.5,MAX_UNIFORM_COOL,10.6045
4,High Occupancy / Low Computer Load,0,568,5680.0,34,8,9,9,8,12.33,1.07,LIGHT,62.02,10.15,2.36,LIGHT,61.23,8.66,3.48,IDLE,61.05,8.69,1.65,IDLE,58.34,8.63,1.25,IDLE,57.66,10.9,3.1,LIGHT,63.27,10.18,3.51,LIGHT,62.99,8.59,1.3,IDLE,57.69,12.84,1.49,LIGHT,63.28,11.46,3.51,LIGHT,64.59,28.58,58.0,238.9,0.25,22.0,COOLING,0.25,22.0,COOLING,0.25,22.0,COOLING,0.25,22.0,COOLING,24.271,24.401,24.444,24.101,24.304,24.444,24.101,0.343,242.64,120.93,120.68,127.87,680.0,765.0,765.0,680.0,182.34,239.27,298.07,245.72,-1.8,-14.07,-45.05,60.93,875.0,875.0,875.0,875.0,228.18,236.13,263.7,239.52,612.12,2890.0,965.4,3500.0,967.53,1.0,1.0,1.0,1.0,22.5,MAX_UNIFORM_COOL,10.6618
4,High Occupancy / Low Computer Load,0,569,5690.0,34,8,9,9,8,11.89,3.97,LIGHT,65.82,7.64,2.78,IDLE,58.72,7.27,3.69,IDLE,59.62,8.02,2.67,IDLE,59.03,12.38,2.3,LIGHT,63.93,9.0,2.51,IDLE,60.02,11.69,2.83,LIGHT,63.86,9.06,3.75,IDLE,61.95,10.82,1.65,LIGHT,61.0,7.49,3.14,IDLE,59.07,28.58,58.0,239.0,0.25,22.0,COOLING,0.25,22.0,COOLING,0.25,22.0,COOLING,0.25,22.0,COOLING,24.276,24.406,24.449,24.106,24.309,24.449,24.106,0.343,243.19,123.95,125.81,120.07,680.0,765.0,765.0,680.0,182.26,239.23,298.04,245.68,-1.81,-14.07,-45.05,60.93,875.0,875.0,875.0,875.0,228.64,239.11,268.8,231.68,613.02,2890.0,965.21,3500.0,968.23,1.0,1.0,1.0,1.0,22.5,MAX_UNIFORM_COOL,10.7255
4,High Occupancy / Low Computer Load,0,570,5700.0,34,8,9,9,8,12.22,2.4,LIGHT,63.88,8.84,1.06,IDLE,57.64,12.85,3.44,LIGHT,66.22,8.35,2.98,IDLE,59.91,8.82,1.61,IDLE,58.44,7.77,2.66,IDLE,58.7,11.59,2.63,LIGHT,63.43,12.74,3.72,LIGHT,66.51,10.34,3.13,LIGHT,62.62,7.53,2.7,IDLE,58.46,28.58,58.0,239.2,0.25,22.0,COOLING,0.25,22.0,COOLING,0.25,22.0,COOLING,0.25,22.0,COOLING,24.281,24.411,24.455,24.111,24.314,24.455,24.111,0.344,247.65,117.14,129.94,121.08,680.0,765.0,765.0,680.0,182.24,239.24,298.12,245.69,-1.8,-14.07,-45.06,60.93,875.0,875.0,875.0,875.0,233.09,232.31,273.0,232.7,615.81,2890.0,965.29,3500.0,971.1,1.0,1.0,1.0,1.0,22.5,MAX_UNIFORM_COOL,10.7926
4,High Occupancy / Low Computer Load,0,571,5710.0,34,8,9,9,8,8.57,2.55,IDLE,59.54,12.13,1.12,LIGHT,61.84,10.1,3.61,LIGHT,63.04,11.81,2.31,LIGHT,63.23,12.49,3.37,LIGHT,65.67,11.77,2.63,LIGHT,63.66,8.23,1.82,IDLE,58.02,7.69,1.37,IDLE,56.67,7.83,1.37,IDLE,56.84,12.72,3.33,LIGHT,65.89,28.59,58.0,239.3,0.25,22.0,COOLING,0.25,22.0,COOLING,0.25,22.0,COOLING,0.25,22.0,COOLING,24.286,24.416,24.46,24.116,24.32,24.46,24.116,0.344,247.65,129.33,114.69,122.73,680.0,765.0,765.0,680.0,182.38,239.41,298.29,245.86,-1.79,-13.96,-45.29,61.04,875.0,875.0,875.0,875.0,233.24,244.78,257.69,234.63,614.4,2890.0,965.94,3500.0,970.34,1.0,1.0,1.0,1.0,22.5,MAX_UNIFORM_COOL,10.85
4,High Occupancy / Low Computer Load,0,572,5720.0,34,8,9,9,8,11.29,2.23,LIGHT,62.46,8.39,2.71,IDLE,59.55,7.07,3.72,IDLE,59.42,8.36,2.58,IDLE,59.32,12.71,3.58,LIGHT,66.26,7.99,2.66,IDLE,58.98,9.31,3.98,IDLE,62.61,7.77,3.12,IDLE,59.39,8.3,1.16,IDLE,57.12,10.86,3.39,LIGHT,63.66,28.59,58.0,239.4,0.25,22.0,COOLING,0.25,22.0,COOLING,0.25,22.0,COOLING,0.25,22.0,COOLING,24.291,24.421,24.465,24.121,24.325,24.465,24.121,0.344,240.75,125.24,122.0,120.78,680.0,765.0,765.0,680.0,182.31,239.36,298.26,245.81,-1.79,-13.96,-45.29,61.04,875.0,875.0,875.0,875.0,226.27,240.64,264.97,232.63,608.77,2890.0,965.74,3500.0,964.51,1.0,1.0,1.0,1.0,22.5,MAX_UNIFORM_COOL,10.9109
4,High Occupancy / Low Computer Load,0,573,5730.0,34,8,9,9,8,7.53,2.37,IDLE,57.97,9.8,1.04,IDLE,58.81,9.59,1.24,IDLE,58.85,10.39,2.42,LIGHT,61.62,11.66,2.38,LIGHT,63.15,7.32,1.95,IDLE,57.07,8.55,2.31,IDLE,59.15,12.85,2.53,LIGHT,64.86,10.49,3.16,LIGHT,62.85,8.3,2.46,IDLE,59.06,28.59,58.0,239.6,0.25,22.0,COOLING,0.25,22.0,COOLING,0.25,22.0,COOLING,0.25,22.0,COOLING,24.296,24.426,24.47,24.126,24.329,24.47,24.126,0.344,237.25,120.22,124.01,121.91,680.0,765.0,765.0,680.0,182.28,239.38,298.34,245.83,-1.79,-13.96,-45.29,61.04,875.0,875.0,875.0,875.0,222.74,235.64,267.06,233.78,603.39,2890.0,965.83,3500.0,959.22,1.0,1.0,1.0,1.0,22.5,MAX_UNIFORM_COOL,10.9704
4,High Occupancy / Low Computer Load,0,574,5740.0,34,8,9,9,8,10.37,1.96,LIGHT,60.9,11.95,3.35,LIGHT,64.96,8.54,1.7,IDLE,58.22,12.43,3.38,LIGHT,65.61,8.41,2.88,IDLE,59.83,12.51,2.24,LIGHT,64.0,9.21,2.52,IDLE,60.29,7.75,2.16,IDLE,57.93,11.99,1.6,LIGHT,62.39,11.47,2.92,LIGHT,63.72,28.59,58.0,239.7,0.25,22.0,COOLING,0.25,22.0,COOLING,0.25,22.0,COOLING,0.25,22.0,COOLING,24.301,24.431,24.475,24.131,24.334,24.475,24.131,0.344,249.69,123.83,118.22,126.11,680.0,765.0,765.0,680.0,182.21,239.34,298.32,245.79,-1.79,-13.96,-45.29,61.04,875.0,875.0,875.0,875.0,235.11,239.21,261.25,237.94,617.85,2890.0,965.66,3500.0,973.51,1.0,1.0,1.0,1.0,22.5,MAX_UNIFORM_COOL,11.0353
4,High Occupancy / Low Computer Load,0,575,5750.0,34,8,9,9,8,11.94,2.02,LIGHT,62.95,8.83,1.61,IDLE,58.45,11.21,2.67,LIGHT,63.02,11.3,1.58,LIGHT,61.49,10.37,2.79,LIGHT,62.15,9.94,2.27,IDLE,60.83,10.23,1.51,LIGHT,60.05,7.53,1.87,IDLE,57.22,9.92,1.71,IDLE,59.96,11.63,1.47,LIGHT,61.74,28.6,58.0,239.9,0.25,22.0,COOLING,0.25,22.0,COOLING,0.25,22.0,COOLING,0.25,22.0,COOLING,24.306,24.436,24.48,24.136,24.34,24.48,24.136,0.344,245.91,122.98,117.27,121.7,680.0,765.0,765.0,680.0,182.39,239.57,298.6,246.02,-1.79,-13.96,-45.29,61.04,875.0,875.0,875.0,875.0,231.51,238.59,260.58,233.76,607.86,2890.0,966.58,3500.0,964.44,1.0,1.0,1.0,1.0,22.5,MAX_UNIFORM_COOL,11.0945
4,High Occupancy / Low Computer Load,0,576,5760.0,34,8,9,9,8,10.09,1.21,LIGHT,59.43,8.06,1.45,IDLE,57.25,9.8,2.86,IDLE,61.54,10.64,3.77,LIGHT,63.95,8.07,1.06,IDLE,56.68,8.95,2.41,IDLE,59.8,8.92,3.68,IDLE,61.67,10.54,1.21,LIGHT,59.99,12.5,2.28,LIGHT,64.05,8.03,1.22,IDLE,56.87,28.6,58.0,240.0,0.25,22.0,COOLING,0.25,22.0,COOLING,0.25,22.0,COOLING,0.25,22.0,COOLING,24.311,24.441,24.485,24.141,24.345,24.485,24.141,0.344,242.17,116.48,121.66,120.92,680.0,765.0,765.0,680.0,182.32,239.53,298.58,245.98,-1.79,-13.96,-45.29,61.04,875.0,875.0,875.0,875.0,227.7,232.05,264.95,232.94,601.23,2890.0,966.41,3500.0,957.64,1.0,1.0,1.0,1.0,22.5,MAX_UNIFORM_COOL,11.1549
4,High Occupancy / Low Computer Load,0,577,5770.0,34,8,9,9,8,7.75,1.77,IDLE,57.34,12.4,2.14,LIGHT,63.71,12.4,3.91,LIGHT,66.36,12.94,1.92,LIGHT,64.05,12.84,2.43,LIGHT,64.69,9.69,3.12,IDLE,61.79,10.04,2.06,LIGHT,60.64,12.98,2.13,LIGHT,64.42,12.07,3.18,LIGHT,64.86,8.19,3.69,IDLE,60.77,28.6,58.0,240.1,0.25,22.0,COOLING,0.25,22.0,COOLING,0.25,22.0,COOLING,0.25,22.0,COOLING,24.316,24.446,24.49,24.146,24.349,24.49,24.146,0.344,251.46,126.48,125.06,125.63,680.0,765.0,765.0,680.0,182.25,239.48,298.56,245.93,-1.79,-13.96,-45.29,61.04,875.0,875.0,875.0,875.0,236.92,242.0,268.33,237.6,628.63,2890.0,966.22,3500.0,984.85,1.0,1.0,1.0,1.0,22.5,MAX_UNIFORM_COOL,11.2273
4,High Occupancy / Low Computer Load,0,578,5780.0,34,8,9,9,8,9.21,1.31,IDLE,58.48,9.02,2.99,IDLE,60.76,10.9,3.05,LIGHT,63.2,8.08,2.58,IDLE,58.97,10.8,3.05,LIGHT,63.08,11.53,1.2,LIGHT,61.21,11.15,1.4,LIGHT,61.04,7.83,3.65,IDLE,60.26,11.22,3.96,LIGHT,64.97,9.45,2.4,IDLE,60.41,28.61,58.0,240.3,0.25,22.0,COOLING,0.25,22.0,COOLING,0.25,22.0,COOLING,0.25,22.0,COOLING,24.321,24.451,24.495,24.151,24.355,24.495,24.151,0.344,241.41,124.29,121.3,125.38,680.0,765.0,765.0,680.0,182.43,239.72,298.84,246.17,-1.79,-13.96,-45.29,61.04,875.0,875.0,875.0,875.0,227.05,240.05,264.85,237.59,612.38,2890.0,967.16,3500.0,969.54,1.0,1.0,1.0,1.0,22.5,MAX_UNIFORM_COOL,11.2832
4,High Occupancy / Low Computer Load,0,579,5790.0,34,8,9,9,8,7.16,2.35,IDLE,57.48,12.74,2.55,LIGHT,64.75,12.09,2.19,LIGHT,63.4,7.78,1.76,IDLE,57.37,11.95,2.9,LIGHT,64.29,10.11,1.27,LIGHT,59.54,9.33,3.4,IDLE,61.76,11.65,3.46,LIGHT,64.75,12.41,1.35,LIGHT,62.54,11.22,1.36,LIGHT,61.06,28.61,58.0,240.4,0.25,22.0,COOLING,0.25,22.0,COOLING,0.25,22.0,COOLING,0.25,22.0,COOLING,24.326,24.456,24.501,24.156,24.36,24.501,24.156,0.345,243.0,123.83,126.51,123.6,680.0,765.0,765.0,680.0,182.36,239.67,298.82,246.12,-1.79,-13.96,-45.29,61.04,875.0,875.0,875.0,875.0,228.57,239.54,270.04,235.76,616.94,2890.0,966.97,3500.0,973.91,1.0,1.0,1.0,1.0,22.5,MAX_UNIFORM_COOL,11.3537
4,High Occupancy / Low Computer Load,0,580,5800.0,34,8,9,9,8,12.97,3.0,LIGHT,65.71,12.85,1.89,LIGHT,63.9,8.79,2.31,IDLE,59.45,9.75,1.12,IDLE,58.87,7.73,1.89,IDLE,57.5,10.48,2.18,LIGHT,61.37,11.58,1.74,LIGHT,62.09,12.1,2.62,LIGHT,64.06,10.34,2.2,LIGHT,61.22,7.56,1.82,IDLE,57.18,28.61,58.0,240.6,0.25,22.0,COOLING,0.25,22.0,COOLING,0.25,22.0,COOLING,0.25,22.0,COOLING,24.331,24.461,24.506,24.161,24.365,24.506,24.161,0.345,247.93,118.87,126.15,118.4,680.0,765.0,765.0,680.0,182.33,239.69,298.86,246.14,-1.78,-13.85,-45.53,61.15,875.0,875.0,875.0,875.0,233.48,234.71,269.48,230.69,611.35,2890.0,967.02,3500.0,968.36,1.0,1.0,1.0,1.0,22.5,MAX_UNIFORM_COOL,11.4153
4,High Occupancy / Low Computer Load,0,581,5810.0,34,8,9,9,8,11.42,1.07,LIGHT,60.88,7.11,3.75,IDLE,59.51,7.08,2.3,IDLE,57.3,10.99,1.6,LIGHT,61.14,10.92,2.82,LIGHT,62.88,8.68,2.79,IDLE,60.04,7.84,1.77,IDLE,57.45,10.46,2.7,LIGHT,62.12,10.01,2.55,LIGHT,61.34,11.68,2.62,LIGHT,63.53,28.61,58.0,240.7,0.25,22.0,COOLING,0.25,22.0,COOLING,0.25,22.0,COOLING,0.25,22.0,COOLING,24.336,24.466,24.511,24.166,24.37,24.511,24.166,0.345,238.83,122.92,119.57,124.87,680.0,765.0,765.0,680.0,182.26,239.64,298.85,246.09,-1.77,-13.85,-45.53,61.15,875.0,875.0,875.0,875.0,224.32,238.71,262.89,237.11,606.19,2890.0,966.84,3500.0,963.03,1.0,1.0,1.0,1.0,22.5,MAX_UNIFORM_COOL,11.4736
4,High Occupancy / Low Computer Load,0,582,5820.0,34,8,9,9,8,12.99,3.36,LIGHT,66.28,8.64,1.83,IDLE,58.54,12.39,1.26,LIGHT,62.38,9.03,1.08,IDLE,57.91,11.96,1.64,LIGHT,62.41,11.04,2.21,LIGHT,62.11,11.68,1.13,LIGHT,61.3,12.55,1.21,LIGHT,62.5,11.05,1.03,LIGHT,60.36,11.15,3.28,LIGHT,63.86,28.62,58.0,240.8,0.25,22.0,COOLING,0.25,22.0,COOLING,0.25,22.0,COOLING,0.25,22.0,COOLING,24.341,24.471,24.516,24.171,24.375,24.516,24.171,0.345,245.11,124.52,123.8,124.22,680.0,765.0,765.0,680.0,182.41,239.81,299.04,246.26,-1.77,-13.85,-45.52,61.15,875.0,875.0,875.0,875.0,230.75,240.48,267.32,236.63,617.65,2890.0,967.52,3500.0,975.18,1.0,1.0,1.0,1.0,22.5,MAX_UNIFORM_COOL,11.5425
4,High Occupancy / Low Computer Load,0,583,5830.0,34,8,9,9,8,11.61,1.46,LIGHT,61.7,12.29,3.85,LIGHT,66.14,9.67,1.65,IDLE,59.56,12.19,3.15,LIGHT,64.96,11.06,1.43,LIGHT,60.97,10.77,1.84,LIGHT,61.22,11.37,3.44,LIGHT,64.37,12.99,2.03,LIGHT,64.28,11.36,3.78,LIGHT,64.87,10.24,1.64,LIGHT,60.26,28.62,58.0,241.0,0.25,22.0,COOLING,0.25,22.0,COOLING,0.25,22.0,COOLING,0.25,22.0,COOLING,24.346,24.476,24.522,24.176,24.38,24.522,24.176,0.346,252.36,122.19,128.65,125.13,680.0,765.0,765.0,680.0,182.38,239.82,299.12,246.27,-1.78,-13.85,-45.52,61.15,875.0,875.0,875.0,875.0,237.96,238.16,272.25,237.55,628.33,2890.0,967.59,3500.0,985.92,1.0,1.0,1.0,1.0,22.5,MAX_UNIFORM_COOL,11.6157
4,High Occupancy / Low Computer Load,0,584,5840.0,34,8,9,9,8,8.67,3.62,IDLE,61.27,9.66,2.87,IDLE,61.38,11.82,1.84,LIGHT,62.53,9.51,3.59,IDLE,62.27,12.84,3.26,LIGHT,65.94,12.22,1.32,LIGHT,62.25,9.58,1.83,IDLE,59.72,11.51,2.85,LIGHT,63.66,8.38,1.93,IDLE,58.37,9.26,1.7,IDLE,59.12,28.62,58.0,241.1,0.25,22.0,COOLING,0.25,22.0,COOLING,0.25,22.0,COOLING,0.25,22.0,COOLING,24.351,24.481,24.527,24.181,24.385,24.527,24.181,0.346,247.45,128.19,123.38,117.49,680.0,765.0,765.0,680.0,182.3,239.79,299.07,246.24,-1.76,-13.74,-45.76,61.26,875.0,875.0,875.0,875.0,232.99,244.24,266.69,229.99,616.51,2890.0,967.4,3500.0,973.91,1.0,1.0,1.0,1.0,22.5,MAX_UNIFORM_COOL,11.6754
4,High Occupancy / Low Computer Load,0,585,5850.0,34,8,9,9,8,9.8,3.18,IDLE,62.02,9.35,3.4,IDLE,61.79,8.46,2.77,IDLE,59.73,10.19,2.96,LIGHT,62.18,10.5,2.68,LIGHT,62.15,10.99,2.91,LIGHT,63.1,7.76,2.43,IDLE,58.35,12.51,3.72,LIGHT,66.22,11.44,3.16,LIGHT,64.04,8.0,1.23,IDLE,56.84,28.62,58.0,241.2,0.25,22.0,COOLING,0.25,22.0,COOLING,0.25,22.0,COOLING,0.25,22.0,COOLING,24.356,24.486,24.532,24.186,24.39,24.532,24.186,0.346,245.72,125.25,124.57,120.88,680.0,765.0,765.0,680.0,182.23,239.74,299.05,246.19,-1.76,-13.74,-45.76,61.26,875.0,875.0,875.0,875.0,231.19,241.25,267.86,233.33,616.42,2890.0,967.21,3500.0,973.63,1.0,1.0,1.0,1.0,22.5,MAX_UNIFORM_COOL,11.7386
4,High Occupancy / Low Computer Load,0,586,5860.0,34,8,9,9,8,10.34,2.89,LIGHT,62.26,11.61,3.78,LIGHT,65.18,9.9,2.37,IDLE,60.93,11.11,3.27,LIGHT,63.79,9.02,3.9,IDLE,62.12,10.36,1.58,LIGHT,60.32,8.98,3.16,IDLE,60.97,9.21,1.18,IDLE,58.28,8.48,2.85,IDLE,59.88,8.12,2.68,IDLE,59.17,28.63,58.0,241.4,0.25,22.0,COOLING,0.25,22.0,COOLING,0.25,22.0,COOLING,0.25,22.0,COOLING,24.361,24.491,24.537,24.191,24.395,24.537,24.191,0.346,252.16,122.44,119.25,119.05,680.0,765.0,765.0,680.0,182.41,239.98,299.33,246.43,-1.76,-13.74,-45.76,61.26,875.0,875.0,875.0,875.0,237.81,238.68,262.82,231.74,612.9,2890.0,968.15,3500.0,971.05,1.0,1.0,1.0,1.0,22.5,MAX_UNIFORM_COOL,11.8008
4,High Occupancy / Low Computer Load,0,587,5870.0,34,8,9,9,8,7.36,3.75,IDLE,59.83,9.51,1.01,IDLE,58.4,11.72,1.57,LIGHT,62.01,10.18,1.2,LIGHT,59.52,9.55,3.51,IDLE,62.2,11.8,3.47,LIGHT,64.95,10.87,3.55,LIGHT,63.91,10.18,2.37,LIGHT,61.28,12.76,1.57,LIGHT,63.31,10.66,3.57,LIGHT,63.68,28.63,58.0,241.5,0.25,22.0,COOLING,0.25,22.0,COOLING,0.25,22.0,COOLING,0.25,22.0,COOLING,24.366,24.496,24.542,24.196,24.4,24.542,24.196,0.346,239.76,127.15,125.19,126.99,680.0,765.0,765.0,680.0,182.34,239.93,299.31,246.38,-1.76,-13.74,-45.76,61.26,875.0,875.0,875.0,875.0,225.34,243.34,268.74,239.63,619.09,2890.0,967.96,3500.0,977.05,1.0,1.0,1.0,1.0,22.5,MAX_UNIFORM_COOL,11.8671
4,High Occupancy / Low Computer Load,0,588,5880.0,34,8,9,9,8,9.69,3.98,IDLE,63.08,11.44,3.5,LIGHT,64.55,7.37,2.73,IDLE,58.31,9.68,2.96,IDLE,61.54,8.75,1.82,IDLE,58.67,12.2,2.34,LIGHT,63.76,8.94,2.45,IDLE,59.85,8.06,3.99,IDLE,61.06,11.45,1.87,LIGHT,62.12,7.06,1.85,IDLE,56.6,28.63,58.0,241.7,0.25,22.0,COOLING,0.25,22.0,COOLING,0.25,22.0,COOLING,0.25,22.0,COOLING,24.371,24.501,24.547,24.201,24.405,24.547,24.201,0.346,247.48,122.43,120.91,118.72,680.0,765.0,765.0,680.0,182.32,239.94,299.38,246.39,-1.76,-13.74,-45.76,61.26,875.0,875.0,875.0,875.0,233.04,238.63,264.53,231.37,609.54,2890.0,968.03,3500.0,967.57,1.0,1.0,1.0,1.0,22.5,MAX_UNIFORM_COOL,11.9285
4,High Occupancy / Low Computer Load,0,589,5890.0,34,8,9,9,8,9.49,1.7,IDLE,59.41,12.95,1.27,LIGHT,63.09,9.14,3.28,IDLE,61.34,12.53,3.1,LIGHT,65.31,12.33,3.12,LIGHT,65.09,10.52,2.86,LIGHT,62.44,9.22,2.78,IDLE,60.7,10.5,1.38,LIGHT,60.2,12.01,1.36,LIGHT,62.05,12.97,3.77,LIGHT,66.87,28.64,58.0,241.8,0.25,22.0,COOLING,0.25,22.0,COOLING,0.25,22.0,COOLING,0.25,22.0,COOLING,24.376,24.506,24.552,24.206,24.41,24.552,24.206,0.346,249.15,127.53,120.9,128.92,680.0,765.0,765.0,680.0,182.45,240.11,299.57,246.56,-1.76,-13.74,-45.76,61.26,875.0,875.0,875.0,875.0,234.84,243.9,264.71,241.74,626.5,2890.0,968.69,3500.0,985.19,1.0,1.0,1.0,1.0,22.5,MAX_UNIFORM_COOL,11.998
4,High Occupancy / Low Computer Load,0,590,5900.0,34,8,9,9,8,12.2,2.09,LIGHT,63.38,7.78,3.68,IDLE,60.25,12.13,2.55,LIGHT,63.99,9.89,1.61,IDLE,59.78,7.55,1.62,IDLE,56.87,7.64,3.2,IDLE,59.35,11.1,3.97,LIGHT,64.83,12.72,2.55,LIGHT,64.72,11.44,1.19,LIGHT,61.08,8.84,3.6,IDLE,61.45,28.64,58.0,241.9,0.25,22.0,COOLING,0.25,22.0,COOLING,0.25,22.0,COOLING,0.25,22.0,COOLING,24.381,24.511,24.558,24.211,24.415,24.558,24.211,0.347,247.4,116.22,129.55,122.53,680.0,765.0,765.0,680.0,182.39,240.07,299.55,246.52,-1.76,-13.74,-45.76,61.26,875.0,875.0,875.0,875.0,233.03,232.55,273.34,235.31,615.7,2890.0,968.53,3500.0,974.23,1.0,1.0,1.0,1.0,22.5,MAX_UNIFORM_COOL,12.0664
4,High Occupancy / Low Computer Load,0,591,5910.0,34,8,9,9,8,9.18,3.99,IDLE,62.46,12.63,2.46,LIGHT,64.48,11.27,2.37,LIGHT,62.64,10.48,3.94,LIGHT,64.01,8.54,2.56,IDLE,59.52,9.8,1.9,IDLE,60.1,12.85,3.15,LIGHT,65.79,9.94,1.27,IDLE,59.33,10.28,3.69,LIGHT,63.38,8.69,3.98,IDLE,61.83,28.64,58.0,242.1,0.25,22.0,COOLING,0.25,22.0,COOLING,0.25,22.0,COOLING,0.25,22.0,COOLING,24.386,24.516,24.563,24.216,24.42,24.563,24.216,0.347,253.59,119.62,125.12,125.21,680.0,765.0,765.0,680.0,182.36,240.08,299.6,246.53,-1.75,-13.63,-46.0,61.37,875.0,875.0,875.0,875.0,239.2,236.07,268.72,238.11,623.54,2890.0,968.57,3500.0,982.1,1.0,1.0,1.0,1.0,22.5,MAX_UNIFORM_COOL,12.133
4,High Occupancy / Low Computer Load,0,592,5920.0,34,8,9,9,8,10.23,1.69,LIGHT,60.32,12.78,1.33,LIGHT,62.97,8.94,1.42,IDLE,58.3,9.91,2.08,IDLE,60.51,9.85,3.18,IDLE,62.08,12.03,2.73,LIGHT,64.13,7.16,2.04,IDLE,57.01,7.75,3.3,IDLE,59.64,8.82,1.47,IDLE,58.23,9.72,2.56,IDLE,60.99,28.64,58.0,242.2,0.25,22.0,COOLING,0.25,22.0,COOLING,0.25,22.0,COOLING,0.25,22.0,COOLING,24.391,24.521,24.568,24.221,24.425,24.568,24.221,0.347,242.1,126.21,116.65,119.22,680.0,765.0,765.0,680.0,182.29,240.05,299.58,246.5,-1.74,-13.63,-45.99,61.37,875.0,875.0,875.0,875.0,227.65,242.63,260.24,232.09,604.18,2890.0,968.42,3500.0,962.61,1.0,1.0,1.0,1.0,22.5,MAX_UNIFORM_COOL,12.1903
4,High Occupancy / Low Computer Load,0,593,5930.0,34,8,9,9,8,10.58,1.98,LIGHT,61.2,9.71,2.49,IDLE,60.87,12.8,1.25,LIGHT,62.88,9.54,2.01,IDLE,59.94,8.29,1.74,IDLE,57.97,10.17,1.04,LIGHT,59.27,10.84,2.1,LIGHT,61.7,10.21,2.05,LIGHT,60.84,8.5,4.0,IDLE,61.62,10.73,3.06,LIGHT,63.0,28.65,58.0,242.4,0.25,22.0,COOLING,0.25,22.0,COOLING,0.25,22.0,COOLING,0.25,22.0,COOLING,24.396,24.526,24.573,24.226,24.43,24.573,24.226,0.347,244.89,117.24,122.54,124.62,680.0,765.0,765.0,680.0,182.47,240.27,299.86,246.72,-1.74,-13.63,-46.0,61.37,875.0,875.0,875.0,875.0,230.62,233.88,266.4,237.71,609.29,2890.0,969.32,3500.0,968.61,1.0,1.0,1.0,1.0,22.5,MAX_UNIFORM_COOL,12.258
4,High Occupancy / Low Computer Load,0,594,5940.0,34,8,9,9,8,8.69,1.28,IDLE,57.78,8.53,2.67,IDLE,59.67,10.78,3.13,LIGHT,63.17,10.59,1.24,LIGHT,60.1,9.0,3.68,IDLE,61.77,9.35,3.74,IDLE,62.3,8.79,1.77,IDLE,58.64,12.69,1.57,LIGHT,63.22,10.59,1.89,LIGHT,61.07,7.56,2.7,IDLE,58.5,28.65,58.0,242.5,0.25,22.0,COOLING,0.25,22.0,COOLING,0.25,22.0,COOLING,0.25,22.0,COOLING,24.401,24.531,24.578,24.231,24.435,24.578,24.231,0.347,240.72,124.07,121.86,119.57,680.0,765.0,765.0,680.0,182.4,240.23,299.85,246.68,-1.75,-13.63,-46.0,61.37,875.0,875.0,875.0,875.0,226.37,240.67,265.71,232.62,606.22,2890.0,969.16,3500.0,965.37,1.0,1.0,1.0,1.0,22.5,MAX_UNIFORM_COOL,12.3235
4,High Occupancy / Low Computer Load,0,595,5950.0,34,8,9,9,8,12.63,3.56,LIGHT,66.13,8.62,1.32,IDLE,57.75,9.97,3.17,IDLE,62.22,9.95,1.09,IDLE,59.07,12.61,1.19,LIGHT,62.55,7.5,3.24,IDLE,59.23,7.78,3.14,IDLE,59.44,10.9,3.29,LIGHT,63.56,8.05,1.08,IDLE,56.68,7.86,1.54,IDLE,57.14,28.65,58.0,242.6,0.25,22.0,COOLING,0.25,22.0,COOLING,0.25,22.0,COOLING,0.25,22.0,COOLING,24.406,24.536,24.583,24.236,24.44,24.583,24.236,0.347,245.17,121.78,123.0,113.82,680.0,765.0,765.0,680.0,182.32,240.18,299.82,246.63,-1.74,-13.63,-45.99,61.37,875.0,875.0,875.0,875.0,230.75,238.33,266.83,226.82,603.77,2890.0,968.95,3500.0,962.73,1.0,1.0,1.0,1.0,22.5,MAX_UNIFORM_COOL,12.3897
4,High Occupancy / Low Computer Load,0,596,5960.0,34,8,9,9,8,11.58,3.35,LIGHT,64.5,8.84,3.78,IDLE,61.72,8.23,1.88,IDLE,58.11,11.15,2.08,LIGHT,62.06,10.76,3.4,LIGHT,63.55,7.68,2.74,IDLE,58.71,8.93,2.44,IDLE,59.82,9.61,1.72,IDLE,59.59,9.52,2.37,IDLE,60.45,7.31,2.67,IDLE,58.14,28.66,58.0,242.8,0.25,22.0,COOLING,0.25,22.0,COOLING,0.25,22.0,COOLING,0.25,22.0,COOLING,24.411,24.541,24.588,24.241,24.445,24.588,24.241,0.347,246.39,122.26,119.41,118.59,680.0,765.0,765.0,680.0,182.51,240.42,300.11,246.87,-1.74,-13.63,-45.99,61.37,875.0,875.0,875.0,875.0,232.16,239.05,263.53,231.83,606.65,2890.0,969.91,3500.0,966.57,1.0,1.0,1.0,1.0,22.5,MAX_UNIFORM_COOL,12.4555
4,High Occupancy / Low Computer Load,0,597,5970.0,34,8,9,9,8,11.7,3.17,LIGHT,64.38,9.38,2.47,IDLE,60.43,12.64,2.89,LIGHT,65.13,10.88,2.15,LIGHT,61.83,12.57,2.47,LIGHT,64.42,11.0,2.93,LIGHT,63.15,11.82,1.99,LIGHT,62.76,12.83,1.35,LIGHT,63.06,11.93,3.65,LIGHT,65.39,8.23,3.06,IDLE,59.88,28.66,58.0,242.9,0.25,22.0,COOLING,0.25,22.0,COOLING,0.25,22.0,COOLING,0.25,22.0,COOLING,24.416,24.546,24.594,24.246,24.45,24.594,24.246,0.348,251.77,127.57,125.82,125.27,680.0,765.0,765.0,680.0,182.44,240.37,300.09,246.82,-1.75,-13.63,-46.0,61.37,875.0,875.0,875.0,875.0,237.46,244.31,269.91,238.46,630.43,2890.0,969.72,3500.0,990.14,1.0,1.0,1.0,1.0,22.5,MAX_UNIFORM_COOL,12.5362
4,High Occupancy / Low Computer Load,0,598,5980.0,34,8,9,9,8,12.11,2.4,LIGHT,63.74,10.86,3.16,LIGHT,63.32,12.65,3.87,LIGHT,66.62,8.47,3.51,IDLE,60.85,12.1,3.75,LIGHT,65.75,9.41,2.22,IDLE,60.09,9.35,2.72,IDLE,60.77,11.28,1.68,LIGHT,61.62,11.06,2.53,LIGHT,62.62,7.8,3.71,IDLE,60.31,28.66,58.0,243.1,0.25,22.0,COOLING,0.25,22.0,COOLING,0.25,22.0,COOLING,0.25,22.0,COOLING,24.421,24.551,24.599,24.251,24.456,24.599,24.251,0.348,254.53,125.84,122.39,122.93,680.0,765.0,765.0,680.0,182.41,240.39,300.13,246.84,-1.73,-13.52,-46.23,61.48,875.0,875.0,875.0,875.0,240.21,242.71,266.29,236.25,625.69,2890.0,969.77,3500.0,985.46,1.0,1.0,1.0,1.0,22.5,MAX_UNIFORM_COOL,12.6005
4,High Occupancy / Low Computer Load,0,599,5990.0,34,8,9,9,8,9.98,3.16,IDLE,62.22,10.31,2.46,LIGHT,61.58,8.13,3.12,IDLE,59.84,9.43,1.01,IDLE,58.3,7.82,1.74,IDLE,57.38,12.89,2.32,LIGHT,64.59,7.74,3.81,IDLE,60.39,10.15,2.83,LIGHT,61.93,7.47,3.14,IDLE,59.05,11.68,3.81,LIGHT,65.31,28.66,58.0,243.2,0.25,22.0,COOLING,0.25,22.0,COOLING,0.25,22.0,COOLING,0.25,22.0,COOLING,24.426,24.556,24.604,24.256,24.46,24.604,24.256,0.348,241.94,121.97,122.32,124.36,680.0,765.0,765.0,680.0,182.34,240.34,300.11,246.79,-1.73,-13.52,-46.23,61.48,875.0,875.0,875.0,875.0,227.55,238.79,266.2,237.63,610.59,2890.0,969.58,3500.0,970.17,1.0,1.0,1.0,1.0,22.5,MAX_UNIFORM_COOL,12.6606
4,High Occupancy / Low Computer Load,0,600,6000.0,34,8,9,9,8,11.73,3.78,LIGHT,65.33,8.73,3.97,IDLE,61.87,12.68,2.83,LIGHT,65.09,10.28,1.44,LIGHT,60.01,12.89,1.16,LIGHT,62.85,7.15,2.85,IDLE,58.21,11.15,2.26,LIGHT,62.33,10.29,3.12,LIGHT,62.54,12.23,3.02,LIGHT,64.82,12.17,1.1,LIGHT,61.86,28.67,58.0,243.3,0.25,22.0,COOLING,0.25,22.0,COOLING,0.25,22.0,COOLING,0.25,22.0,COOLING,24.431,24.561,24.609,24.261,24.465,24.609,24.261,0.348,252.3,121.06,124.87,126.68,680.0,765.0,765.0,680.0,182.49,240.51,300.31,246.96,-1.73,-13.52,-46.23,61.48,875.0,875.0,875.0,875.0,238.06,238.05,268.95,240.12,624.91,2890.0,970.27,3500.0,985.18,1.0,1.0,1.0,1.0,22.5,MAX_UNIFORM_COOL,12.7335
4,High Occupancy / Low Computer Load,0,601,6010.0,34,8,9,9,8,10.9,2.0,LIGHT,61.62,8.44,3.13,IDLE,60.24,10.65,3.12,LIGHT,62.99,12.79,1.64,LIGHT,63.45,12.34,3.1,LIGHT,65.08,9.63,1.67,IDLE,59.54,12.08,2.89,LIGHT,64.44,10.42,2.44,LIGHT,61.68,12.39,2.48,LIGHT,64.21,7.51,2.89,IDLE,58.72,28.67,58.0,243.5,0.25,22.0,COOLING,0.25,22.0,COOLING,0.25,22.0,COOLING,0.25,22.0,COOLING,24.436,24.566,24.615,24.266,24.471,24.615,24.266,0.349,248.3,124.62,126.12,122.93,680.0,765.0,765.0,680.0,182.45,240.53,300.37,246.98,-1.73,-13.52,-46.23,61.48,875.0,875.0,875.0,875.0,234.02,241.63,270.26,236.39,621.97,2890.0,970.33,3500.0,982.3,1.0,1.0,1.0,1.0,22.5,MAX_UNIFORM_COOL,12.8057
4,High Occupancy / Low Computer Load,0,602,6020.0,34,8,9,9,8,9.4,3.55,IDLE,62.08,10.21,1.58,LIGHT,60.13,8.13,1.65,IDLE,57.64,8.67,2.21,IDLE,59.15,9.29,2.9,IDLE,60.96,12.21,3.11,LIGHT,64.93,9.61,3.17,IDLE,61.77,10.42,3.62,LIGHT,63.45,7.87,1.97,IDLE,57.79,8.4,2.78,IDLE,59.67,28.67,58.0,243.6,0.25,22.0,COOLING,0.25,22.0,COOLING,0.25,22.0,COOLING,0.25,22.0,COOLING,24.441,24.571,24.62,24.271,24.476,24.62,24.271,0.349,239.0,125.89,125.22,117.46,680.0,765.0,765.0,680.0,182.38,240.49,300.33,246.94,-1.72,-13.41,-46.46,61.59,875.0,875.0,875.0,875.0,224.66,242.97,269.09,230.99,607.57,2890.0,970.14,3500.0,967.71,1.0,1.0,1.0,1.0,22.5,MAX_UNIFORM_COOL,12.868
4,High Occupancy / Low Computer Load,0,603,6030.0,34,8,9,9,8,9.16,1.05,IDLE,58.03,7.13,2.69,IDLE,57.95,12.27,3.04,LIGHT,64.9,7.43,3.94,IDLE,60.2,7.26,3.48,IDLE,59.3,7.25,1.2,IDLE,55.86,12.95,1.57,LIGHT,63.54,11.48,2.79,LIGHT,63.54,10.38,2.4,LIGHT,61.58,8.68,1.88,IDLE,58.67,28.68,58.0,243.8,0.25,22.0,COOLING,0.25,22.0,COOLING,0.25,22.0,COOLING,0.25,22.0,COOLING,24.446,24.576,24.626,24.276,24.481,24.626,24.276,0.35,241.08,115.16,127.08,120.25,680.0,765.0,765.0,680.0,182.56,240.72,300.61,247.17,-1.71,-13.41,-46.46,61.59,875.0,875.0,875.0,875.0,226.93,232.47,271.23,234.01,603.57,2890.0,971.06,3500.0,964.64,1.0,1.0,1.0,1.0,22.5,MAX_UNIFORM_COOL,12.9388
4,High Occupancy / Low Computer Load,0,604,6040.0,34,8,9,9,8,8.21,1.88,IDLE,58.08,9.88,3.68,IDLE,62.87,8.01,1.06,IDLE,56.6,11.38,3.4,LIGHT,64.33,10.15,1.45,LIGHT,59.86,12.11,1.53,LIGHT,62.43,8.15,1.04,IDLE,56.75,9.88,3.41,IDLE,62.47,11.46,3.29,LIGHT,64.26,10.02,1.92,LIGHT,60.41,28.68,58.0,243.9,0.25,22.0,COOLING,0.25,22.0,COOLING,0.25,22.0,COOLING,0.25,22.0,COOLING,24.451,24.581,24.631,24.281,24.486,24.631,24.281,0.35,241.88,122.29,119.22,124.67,680.0,765.0,765.0,680.0,182.49,240.68,300.57,247.13,-1.7,-13.3,-46.7,61.7,875.0,875.0,875.0,875.0,227.67,239.67,263.09,238.5,608.06,2890.0,970.87,3500.0,968.93,1.0,1.0,1.0,1.0,22.5,MAX_UNIFORM_COOL,13.0057
4,High Occupancy / Low Computer Load,0,605,6050.0,34,8,9,9,8,12.01,3.77,LIGHT,65.67,11.25,3.04,LIGHT,63.62,12.99,1.3,LIGHT,63.19,9.17,1.33,IDLE,58.46,12.59,3.05,LIGHT,65.31,11.44,2.38,LIGHT,62.87,11.25,1.98,LIGHT,62.03,9.03,2.23,IDLE,59.63,11.59,2.27,LIGHT,62.89,7.42,1.97,IDLE,57.23,28.68,58.0,244.0,0.25,22.0,COOLING,0.25,22.0,COOLING,0.25,22.0,COOLING,0.25,22.0,COOLING,24.456,24.586,24.636,24.286,24.491,24.636,24.286,0.35,250.94,128.18,121.66,120.12,680.0,765.0,765.0,680.0,182.42,240.63,300.55,247.08,-1.7,-13.3,-46.7,61.7,875.0,875.0,875.0,875.0,236.66,245.51,265.51,233.9,620.9,2890.0,970.68,3500.0,981.58,1.0,1.0,1.0,1.0,22.5,MAX_UNIFORM_COOL,13.0804
4,High Occupancy / Low Computer Load,0,606,6060.0,34,8,9,9,8,7.02,1.62,IDLE,56.2,11.05,3.12,LIGHT,63.49,8.56,2.76,IDLE,59.84,7.85,3.61,IDLE,60.23,9.79,2.2,IDLE,60.54,11.81,1.35,LIGHT,61.79,11.63,1.83,LIGHT,62.28,12.62,1.94,LIGHT,63.69,7.63,1.96,IDLE,57.48,7.89,2.79,IDLE,59.05,28.68,58.0,244.2,0.25,22.0,COOLING,0.25,22.0,COOLING,0.25,22.0,COOLING,0.25,22.0,COOLING,24.461,24.591,24.642,24.291,24.496,24.642,24.291,0.351,239.76,122.33,125.97,116.53,680.0,765.0,765.0,680.0,182.4,240.64,300.62,247.09,-1.7,-13.3,-46.7,61.7,875.0,875.0,875.0,875.0,225.46,239.67,269.89,230.32,604.59,2890.0,970.75,3500.0,965.34,1.0,1.0,1.0,1.0,22.5,MAX_UNIFORM_COOL,13.1485
4,High Occupancy / Low Computer Load,0,607,6070.0,34,8,9,9,8,7.29,3.45,IDLE,59.29,9.76,3.08,IDLE,61.82,9.26,3.82,IDLE,62.3,9.63,1.98,IDLE,60.01,11.77,1.62,LIGHT,62.14,9.44,3.6,IDLE,62.2,12.43,1.43,LIGHT,62.68,9.7,1.31,IDLE,59.09,8.88,2.34,IDLE,59.61,7.95,1.84,IDLE,57.7,28.69,58.0,244.3,0.25,22.0,COOLING,0.25,22.0,COOLING,0.25,22.0,COOLING,0.25,22.0,COOLING,24.466,24.596,24.647,24.296,24.501,24.647,24.296,0.351,243.42,124.34,121.77,117.31,680.0,765.0,765.0,680.0,182.53,240.82,300.79,247.27,-1.68,-13.19,-46.93,61.81,875.0,875.0,875.0,875.0,229.27,241.97,265.63,231.39,606.84,2890.0,971.41,3500.0,968.26,1.0,1.0,1.0,1.0,22.5,MAX_UNIFORM_COOL,13.2169
4,High Occupancy / Low Computer Load,0,608,6080.0,34,8,9,9,8,11.56,3.62,LIGHT,64.88,10.01,1.53,LIGHT,59.81,8.28,2.94,IDLE,59.76,8.69,3.16,IDLE,60.6,11.17,2.88,LIGHT,63.28,9.03,4.0,IDLE,62.29,11.81,2.32,LIGHT,63.24,9.76,1.08,IDLE,58.82,8.65,1.24,IDLE,57.67,11.23,1.15,LIGHT,60.76,28.69,58.0,244.4,0.25,22.0,COOLING,0.25,22.0,COOLING,0.25,22.0,COOLING,0.25,22.0,COOLING,24.471,24.601,24.652,24.301,24.506,24.652,24.301,0.351,245.05,125.57,122.06,118.43,680.0,765.0,765.0,680.0,182.47,240.77,300.77,247.22,-1.69,-13.19,-46.93,61.81,875.0,875.0,875.0,875.0,230.83,243.15,265.9,232.46,611.11,2890.0,971.23,3500.0,972.34,1.0,1.0,1.0,1.0,22.5,MAX_UNIFORM_COOL,13.2869
4,High Occupancy / Low Computer Load,0,609,6090.0,34,8,9,9,8,7.26,1.79,IDLE,56.76,9.54,3.34,IDLE,61.93,10.12,3.41,LIGHT,62.77,12.84,1.79,LIGHT,63.73,8.77,2.76,IDLE,60.1,12.16,3.82,LIGHT,65.93,7.7,3.04,IDLE,59.19,7.68,1.74,IDLE,57.21,9.77,2.11,IDLE,60.38,11.85,3.79,LIGHT,65.5,28.69,58.0,244.6,0.25,22.0,COOLING,0.25,22.0,COOLING,0.25,22.0,COOLING,0.25,22.0,COOLING,24.476,24.606,24.657,24.306,24.511,24.657,24.306,0.351,245.19,126.03,116.4,125.88,680.0,765.0,765.0,680.0,182.43,240.79,300.84,247.24,-1.69,-13.19,-46.94,61.81,875.0,875.0,875.0,875.0,230.93,243.63,260.3,239.93,613.5,2890.0,971.3,3500.0,974.79,1.0,1.0,1.0,1.0,22.5,MAX_UNIFORM_COOL,13.3538
4,High Occupancy / Low Computer Load,0,610,6100.0,34,8,9,9,8,9.17,1.31,IDLE,58.43,12.91,3.51,LIGHT,66.4,11.75,1.64,LIGHT,62.15,10.9,2.1,LIGHT,61.77,8.81,1.05,IDLE,57.59,10.98,1.52,LIGHT,61.01,8.26,2.19,IDLE,58.61,10.57,2.61,LIGHT,62.13,10.07,2.93,LIGHT,61.98,7.98,1.35,IDLE,57.0,28.69,58.0,244.7,0.25,22.0,COOLING,0.25,22.0,COOLING,0.25,22.0,COOLING,0.25,22.0,COOLING,24.481,24.611,24.662,24.311,24.516,24.662,24.311,0.351,248.75,118.6,120.74,118.98,680.0,765.0,765.0,680.0,182.36,240.75,300.82,247.2,-1.68,-13.19,-46.93,61.81,875.0,875.0,875.0,875.0,234.43,236.16,264.63,232.99,607.07,2890.0,971.13,3500.0,968.21,1.0,1.0,1.0,1.0,22.5,MAX_UNIFORM_COOL,13.4222
4,High Occupancy / Low Computer Load,0,611,6110.0,34,8,9,9,8,12.2,1.83,LIGHT,62.99,12.25,3.29,LIGHT,65.25,9.75,2.35,IDLE,60.71,12.77,3.91,LIGHT,66.83,8.78,3.6,IDLE,61.37,9.8,1.98,IDLE,60.22,7.82,3.94,IDLE,60.68,12.06,2.49,LIGHT,63.81,7.85,2.93,IDLE,59.21,7.98,3.94,IDLE,60.88,28.7,58.0,244.9,0.25,22.0,COOLING,0.25,22.0,COOLING,0.25,22.0,COOLING,0.25,22.0,COOLING,24.486,24.616,24.667,24.316,24.521,24.667,24.316,0.351,255.78,121.59,124.49,120.09,680.0,765.0,765.0,680.0,182.55,240.97,301.11,247.42,-1.69,-13.19,-46.93,61.81,875.0,875.0,875.0,875.0,241.64,239.37,268.67,234.32,621.95,2890.0,972.05,3500.0,984.0,1.0,1.0,1.0,1.0,22.5,MAX_UNIFORM_COOL,13.4985
4,High Occupancy / Low Computer Load,0,612,6120.0,34,8,9,9,8,12.07,3.95,LIGHT,66.01,8.99,1.7,IDLE,58.79,11.33,3.87,LIGHT,64.97,11.73,3.7,LIGHT,65.21,11.07,3.33,LIGHT,63.83,8.17,1.95,IDLE,58.14,11.42,2.84,LIGHT,63.53,9.64,1.69,IDLE,59.58,11.88,1.53,LIGHT,62.15,9.46,2.12,IDLE,60.01,28.7,58.0,245.0,0.25,22.0,COOLING,0.25,22.0,COOLING,0.25,22.0,COOLING,0.25,22.0,COOLING,24.491,24.621,24.672,24.321,24.526,24.672,24.321,0.351,254.98,121.97,123.11,122.16,680.0,765.0,765.0,680.0,182.48,240.93,301.09,247.38,-1.69,-13.19,-46.94,61.81,875.0,875.0,875.0,875.0,240.77,239.71,267.26,236.35,622.22,2890.0,971.88,3500.0,984.09,1.0,1.0,1.0,1.0,22.5,MAX_UNIFORM_COOL,13.5671
4,High Occupancy / Low Computer Load,0,613,6130.0,34,8,9,9,8,9.8,3.3,IDLE,62.2,8.55,2.4,IDLE,59.29,7.54,2.88,IDLE,58.74,11.37,2.17,LIGHT,62.47,10.17,2.59,LIGHT,61.6,11.81,3.62,LIGHT,65.19,11.26,1.86,LIGHT,61.87,7.74,2.48,IDLE,58.39,8.56,1.62,IDLE,58.13,7.74,1.34,IDLE,56.68,28.7,58.0,245.1,0.25,22.0,COOLING,0.25,22.0,COOLING,0.25,22.0,COOLING,0.25,22.0,COOLING,24.496,24.626,24.677,24.326,24.531,24.677,24.326,0.351,242.7,126.79,120.26,114.81,680.0,765.0,765.0,680.0,182.4,240.89,301.06,247.34,-1.68,-13.19,-46.94,61.81,875.0,875.0,875.0,875.0,228.42,244.49,264.38,228.96,604.56,2890.0,971.69,3500.0,966.25,1.0,1.0,1.0,1.0,22.5,MAX_UNIFORM_COOL,13.6303
4,High Occupancy / Low Computer Load,0,614,6140.0,34,8,9,9,8,12.85,2.07,LIGHT,64.17,9.45,3.23,IDLE,61.66,12.12,1.38,LIGHT,62.22,10.68,3.88,LIGHT,64.17,10.44,1.23,LIGHT,59.89,10.02,3.89,LIGHT,63.36,12.8,2.53,LIGHT,64.8,9.51,3.78,IDLE,62.56,7.04,3.62,IDLE,59.23,10.65,1.04,LIGHT,59.87,28.71,58.0,245.3,0.25,22.0,COOLING,0.25,22.0,COOLING,0.25,22.0,COOLING,0.25,22.0,COOLING,24.501,24.631,24.683,24.331,24.537,24.683,24.331,0.352,252.22,123.25,127.36,119.1,680.0,765.0,765.0,680.0,182.59,241.12,301.35,247.57,-1.68,-13.19,-46.93,61.81,875.0,875.0,875.0,875.0,238.13,241.18,271.78,233.48,621.93,2890.0,972.63,3500.0,984.57,1.0,1.0,1.0,1.0,22.5,MAX_UNIFORM_COOL,13.7134
4,High Occupancy / Low Computer Load,0,615,6150.0,34,8,9,9,8,12.5,1.0,LIGHT,62.12,10.73,2.93,LIGHT,62.81,8.34,1.7,IDLE,57.97,8.74,1.72,IDLE,58.5,10.32,3.38,LIGHT,62.97,7.71,2.58,IDLE,58.51,8.23,1.92,IDLE,58.17,7.77,1.49,IDLE,56.95,7.3,2.48,IDLE,57.84,8.43,3.24,IDLE,60.4,28.71,58.0,245.4,0.25,22.0,COOLING,0.25,22.0,COOLING,0.25,22.0,COOLING,0.25,22.0,COOLING,24.506,24.636,24.688,24.336,24.541,24.688,24.336,0.352,241.4,121.48,115.12,118.24,680.0,765.0,765.0,680.0,182.51,241.08,301.3,247.53,-1.67,-13.08,-47.17,61.92,875.0,875.0,875.0,875.0,227.24,239.48,259.25,232.69,596.24,2890.0,972.42,3500.0,958.66,1.0,1.0,1.0,1.0,22.5,MAX_UNIFORM_COOL,13.7698
4,High Occupancy / Low Computer Load,0,616,6160.0,34,8,9,9,8,9.01,3.79,IDLE,61.95,7.45,2.12,IDLE,57.49,12.05,1.98,LIGHT,63.03,8.36,3.06,IDLE,60.04,12.31,1.99,LIGHT,63.37,9.28,1.62,IDLE,59.03,8.61,1.05,IDLE,57.34,9.49,3.3,IDLE,61.81,7.05,1.13,IDLE,55.51,8.7,2.07,IDLE,58.98,28.71,58.0,245.6,0.25,22.0,COOLING,0.25,22.0,COOLING,0.25,22.0,COOLING,0.25,22.0,COOLING,24.511,24.641,24.693,24.341,24.547,24.693,24.341,0.352,242.51,122.4,119.15,114.49,680.0,765.0,765.0,680.0,182.49,241.09,301.37,247.54,-1.67,-13.08,-47.17,61.92,875.0,875.0,875.0,875.0,228.33,240.41,263.35,228.95,598.55,2890.0,972.49,3500.0,961.04,1.0,1.0,1.0,1.0,22.5,MAX_UNIFORM_COOL,13.8426
4,High Occupancy / Low Computer Load,0,617,6170.0,34,8,9,9,8,11.93,3.74,LIGHT,65.52,8.39,2.18,IDLE,58.76,10.61,3.82,LIGHT,63.99,10.85,2.75,LIGHT,62.69,7.29,1.45,IDLE,56.29,10.19,2.15,LIGHT,60.96,12.86,2.92,LIGHT,65.45,7.12,1.02,IDLE,55.43,7.82,1.18,IDLE,56.55,10.26,3.66,LIGHT,63.32,28.71,58.0,245.7,0.25,22.0,COOLING,0.25,22.0,COOLING,0.25,22.0,COOLING,0.25,22.0,COOLING,24.516,24.646,24.698,24.346,24.552,24.698,24.346,0.352,250.96,117.25,120.88,119.87,680.0,765.0,765.0,680.0,182.42,241.04,301.36,247.49,-1.67,-13.08,-47.17,61.92,875.0,875.0,875.0,875.0,236.71,235.21,265.07,234.28,608.96,2890.0,972.31,3500.0,971.27,1.0,1.0,1.0,1.0,22.5,MAX_UNIFORM_COOL,13.9163
4,High Occupancy / Low Computer Load,0,618,6180.0,34,8,9,9,8,8.6,2.43,IDLE,59.4,11.91,1.65,LIGHT,62.36,9.18,3.33,IDLE,61.47,9.2,2.39,IDLE,60.09,7.04,3.27,IDLE,58.7,9.23,1.1,IDLE,58.19,8.56,3.18,IDLE,60.47,8.82,3.55,IDLE,61.35,7.18,3.96,IDLE,59.91,8.64,3.97,IDLE,61.75,28.72,58.0,245.8,0.25,22.0,COOLING,0.25,22.0,COOLING,0.25,22.0,COOLING,0.25,22.0,COOLING,24.521,24.651,24.703,24.351,24.556,24.703,24.351,0.352,243.32,116.89,121.82,121.66,680.0,765.0,765.0,680.0,182.56,241.21,301.54,247.66,-1.67,-13.08,-47.17,61.92,875.0,875.0,875.0,875.0,229.21,235.02,266.19,236.24,603.69,2890.0,972.97,3500.0,966.66,1.0,1.0,1.0,1.0,22.5,MAX_UNIFORM_COOL,13.9846
4,High Occupancy / Low Computer Load,0,619,6190.0,34,8,9,9,8,11.46,1.45,LIGHT,61.5,7.32,2.2,IDLE,57.45,12.98,3.78,LIGHT,66.89,8.96,1.8,IDLE,58.9,8.7,2.8,IDLE,60.08,10.7,1.66,LIGHT,60.87,11.75,1.92,LIGHT,62.57,9.92,2.27,IDLE,60.8,10.17,2.2,LIGHT,61.01,8.11,3.12,IDLE,59.82,28.72,58.0,246.0,0.25,22.0,COOLING,0.25,22.0,COOLING,0.25,22.0,COOLING,0.25,22.0,COOLING,24.526,24.656,24.708,24.356,24.561,24.708,24.356,0.352,244.74,120.95,123.37,120.83,680.0,765.0,765.0,680.0,182.53,241.23,301.62,247.68,-1.67,-13.08,-47.17,61.92,875.0,875.0,875.0,875.0,230.6,239.1,267.82,235.43,609.89,2890.0,973.06,3500.0,972.95,1.0,1.0,1.0,1.0,22.5,MAX_UNIFORM_COOL,14.0587
4,High Occupancy / Low Computer Load,0,620,6200.0,34,8,9,9,8,7.88,3.33,IDLE,59.84,7.94,1.61,IDLE,57.34,8.88,2.7,IDLE,60.15,12.9,3.3,LIGHT,66.08,9.78,2.01,IDLE,60.24,7.87,3.71,IDLE,60.4,9.85,3.29,IDLE,62.25,12.85,2.09,LIGHT,64.2,11.79,2.59,LIGHT,63.62,9.94,1.15,IDLE,59.15,28.72,58.0,246.1,0.25,22.0,COOLING,0.25,22.0,COOLING,0.25,22.0,COOLING,0.25,22.0,COOLING,24.531,24.661,24.714,24.361,24.567,24.714,24.361,0.353,243.41,120.64,126.45,122.77,680.0,765.0,765.0,680.0,182.46,241.19,301.6,247.64,-1.67,-13.08,-47.17,61.92,875.0,875.0,875.0,875.0,229.2,238.75,270.88,237.33,613.27,2890.0,972.89,3500.0,976.16,1.0,1.0,1.0,1.0,22.5,MAX_UNIFORM_COOL,14.1364
4,High Occupancy / Low Computer Load,0,621,6210.0,34,8,9,9,8,12.56,1.48,LIGHT,62.92,7.3,3.02,IDLE,58.66,11.89,2.82,LIGHT,64.09,8.76,1.2,IDLE,57.75,7.03,3.31,IDLE,58.75,12.37,1.42,LIGHT,62.59,9.1,3.34,IDLE,61.38,11.06,1.55,LIGHT,61.15,7.43,1.45,IDLE,56.46,7.27,3.77,IDLE,59.74,28.73,58.0,246.2,0.25,22.0,COOLING,0.25,22.0,COOLING,0.25,22.0,COOLING,0.25,22.0,COOLING,24.536,24.666,24.719,24.366,24.572,24.719,24.366,0.353,243.42,121.34,122.53,116.2,680.0,765.0,765.0,680.0,182.61,241.36,301.76,247.81,-1.65,-12.97,-47.4,62.03,875.0,875.0,875.0,875.0,229.38,239.73,266.89,231.04,603.49,2890.0,973.54,3500.0,967.04,1.0,1.0,1.0,1.0,22.5,MAX_UNIFORM_COOL,14.2042
4,High Occupancy / Low Computer Load,0,622,6220.0,34,8,9,9,8,9.38,3.91,IDLE,62.59,8.15,3.18,IDLE,59.96,8.07,3.35,IDLE,60.11,8.16,1.84,IDLE,57.96,10.18,2.82,LIGHT,61.95,7.43,3.38,IDLE,59.36,9.05,3.92,IDLE,62.19,12.23,1.0,LIGHT,61.79,11.77,2.96,LIGHT,64.15,10.18,3.7,LIGHT,63.28,28.73,58.0,246.4,0.25,22.0,COOLING,0.25,22.0,COOLING,0.25,22.0,COOLING,0.25,22.0,COOLING,24.541,24.671,24.724,24.371,24.577,24.724,24.371,0.353,240.62,121.31,123.98,127.43,680.0,765.0,765.0,680.0,182.57,241.38,301.84,247.83,-1.66,-12.97,-47.41,62.03,875.0,875.0,875.0,875.0,226.53,239.72,268.41,242.29,613.34,2890.0,973.62,3500.0,976.95,1.0,1.0,1.0,1.0,22.5,MAX_UNIFORM_COOL,14.2776
4,High Occupancy / Low Computer Load,0,623,6230.0,34,8,9,9,8,12.1,2.99,LIGHT,64.61,12.4,1.65,LIGHT,62.98,7.32,2.37,IDLE,57.7,7.71,2.2,IDLE,57.94,12.78,2.89,LIGHT,65.31,11.58,3.89,LIGHT,65.31,8.24,2.05,IDLE,58.38,12.51,1.58,LIGHT,63.01,8.7,3.7,IDLE,61.42,7.91,2.24,IDLE,58.25,28.73,58.0,246.5,0.25,22.0,COOLING,0.25,22.0,COOLING,0.25,22.0,COOLING,0.25,22.0,COOLING,24.546,24.676,24.729,24.376,24.582,24.729,24.376,0.353,243.23,130.62,121.39,119.67,680.0,765.0,765.0,680.0,182.5,241.33,301.82,247.78,-1.66,-12.97,-47.41,62.03,875.0,875.0,875.0,875.0,229.07,248.98,265.8,234.48,614.91,2890.0,973.43,3500.0,978.33,1.0,1.0,1.0,1.0,22.5,MAX_UNIFORM_COOL,14.3511
4,High Occupancy / Low Computer Load,0,624,6240.0,34,8,9,9,8,11.28,3.17,LIGHT,63.86,10.44,3.76,LIGHT,63.69,10.62,2.84,LIGHT,62.53,9.14,2.61,IDLE,60.34,11.62,3.97,LIGHT,65.48,10.97,2.77,LIGHT,62.87,11.67,2.58,LIGHT,63.46,11.16,2.37,LIGHT,62.51,9.12,3.54,IDLE,61.71,10.71,1.83,LIGHT,61.13,28.73,58.0,246.7,0.25,22.0,COOLING,0.25,22.0,COOLING,0.25,22.0,COOLING,0.25,22.0,COOLING,24.551,24.681,24.735,24.381,24.587,24.735,24.381,0.354,250.42,128.35,125.97,122.84,680.0,765.0,765.0,680.0,182.47,241.35,301.88,247.8,-1.65,-12.97,-47.4,62.03,875.0,875.0,875.0,875.0,236.24,246.73,270.45,237.67,627.58,2890.0,973.5,3500.0,991.09,1.0,1.0,1.0,1.0,22.5,MAX_UNIFORM_COOL,14.4339
4,High Occupancy / Low Computer Load,0,625,6250.0,34,8,9,9,8,11.76,1.06,LIGHT,61.29,8.98,2.49,IDLE,59.96,11.65,2.25,LIGHT,62.94,8.25,2.07,IDLE,58.42,8.49,1.63,IDLE,58.06,12.41,2.55,LIGHT,64.34,12.75,1.77,LIGHT,63.59,11.66,3.69,LIGHT,65.11,9.04,3.03,IDLE,60.84,7.71,3.88,IDLE,60.46,28.74,58.0,246.8,0.25,22.0,COOLING,0.25,22.0,COOLING,0.25,22.0,COOLING,0.25,22.0,COOLING,24.556,24.686,24.741,24.386,24.592,24.741,24.386,0.355,242.61,122.4,128.7,121.3,680.0,765.0,765.0,680.0,182.61,241.52,302.06,247.97,-1.64,-12.86,-47.64,62.14,875.0,875.0,875.0,875.0,228.58,241.06,273.12,236.41,615.01,2890.0,974.16,3500.0,979.17,1.0,1.0,1.0,1.0,22.5,MAX_UNIFORM_COOL,14.5067
4,High Occupancy / Low Computer Load,0,626,6260.0,34,8,9,9,8,7.98,2.42,IDLE,58.61,11.03,1.34,LIGHT,60.8,12.73,1.5,LIGHT,63.16,10.0,3.52,LIGHT,62.78,12.82,2.72,LIGHT,65.11,8.2,3.13,IDLE,59.95,9.75,2.54,IDLE,61.0,9.78,2.61,IDLE,61.14,12.42,1.23,LIGHT,62.37,7.12,1.69,IDLE,56.43,28.74,58.0,246.9,0.25,22.0,COOLING,0.25,22.0,COOLING,0.25,22.0,COOLING,0.25,22.0,COOLING,24.561,24.691,24.746,24.391,24.597,24.746,24.391,0.355,245.35,125.06,122.14,118.8,680.0,765.0,765.0,680.0,182.55,241.47,302.02,247.92,-1.63,-12.75,-47.88,62.25,875.0,875.0,875.0,875.0,231.27,243.78,266.28,233.97,611.35,2890.0,973.96,3500.0,975.3,1.0,1.0,1.0,1.0,22.5,MAX_UNIFORM_COOL,14.5763
4,High Occupancy / Low Computer Load,0,627,6270.0,34,8,9,9,8,11.73,4.0,LIGHT,65.66,12.74,3.84,LIGHT,66.69,10.77,2.46,LIGHT,62.15,7.5,3.36,IDLE,59.41,12.08,2.98,LIGHT,64.57,11.97,3.23,LIGHT,64.81,11.78,1.95,LIGHT,62.65,9.16,2.94,IDLE,60.86,12.26,2.03,LIGHT,63.37,11.96,2.05,LIGHT,63.03,28.74,58.0,247.1,0.25,22.0,COOLING,0.25,22.0,COOLING,0.25,22.0,COOLING,0.25,22.0,COOLING,24.566,24.696,24.751,24.396,24.602,24.751,24.396,0.355,253.91,129.38,123.51,126.4,680.0,765.0,765.0,680.0,182.51,241.49,302.08,247.94,-1.63,-12.75,-47.88,62.25,875.0,875.0,875.0,875.0,239.79,248.12,267.71,241.59,633.2,2890.0,974.02,3500.0,997.21,1.0,1.0,1.0,1.0,22.5,MAX_UNIFORM_COOL,14.6569
4,High Occupancy / Low Computer Load,0,628,6280.0,34,8,9,9,8,9.77,1.08,IDLE,58.83,12.17,2.92,LIGHT,64.59,10.09,3.92,LIGHT,63.49,8.0,3.97,IDLE,60.95,8.94,3.23,IDLE,61.02,11.56,3.68,LIGHT,64.97,7.54,3.78,IDLE,60.09,9.15,3.47,IDLE,61.64,9.77,1.63,IDLE,59.66,7.81,2.95,IDLE,59.19,28.74,58.0,247.2,0.25,22.0,COOLING,0.25,22.0,COOLING,0.25,22.0,COOLING,0.25,22.0,COOLING,24.571,24.701,24.756,24.401,24.607,24.756,24.401,0.355,247.86,125.99,121.73,118.85,680.0,765.0,765.0,680.0,182.44,241.45,302.06,247.9,-1.62,-12.75,-47.88,62.25,875.0,875.0,875.0,875.0,233.68,244.69,265.91,234.0,614.43,2890.0,973.85,3500.0,978.28,1.0,1.0,1.0,1.0,22.5,MAX_UNIFORM_COOL,14.7224
4,High Occupancy / Low Computer Load,0,629,6290.0,34,8,9,9,8,8.63,2.33,IDLE,59.28,11.3,3.92,LIGHT,65.0,8.98,2.05,IDLE,59.3,7.03,2.96,IDLE,58.23,7.38,1.96,IDLE,57.16,9.72,1.58,IDLE,59.52,7.38,2.57,IDLE,58.08,7.98,3.91,IDLE,60.84,12.35,1.58,LIGHT,62.81,7.19,2.06,IDLE,57.08,28.75,58.0,247.4,0.25,22.0,COOLING,0.25,22.0,COOLING,0.25,22.0,COOLING,0.25,22.0,COOLING,24.576,24.706,24.761,24.406,24.612,24.761,24.406,0.355,241.81,116.68,118.92,119.89,680.0,765.0,765.0,680.0,182.62,241.67,302.34,248.12,-1.63,-12.75,-47.88,62.25,875.0,875.0,875.0,875.0,227.8,235.6,263.38,235.26,597.3,2890.0,974.75,3500.0,962.04,1.0,1.0,1.0,1.0,22.5,MAX_UNIFORM_COOL,14.7869
4,High Occupancy / Low Computer Load,0,630,6300.0,34,8,9,9,8,10.67,2.97,LIGHT,62.79,9.58,3.39,IDLE,62.06,7.76,1.43,IDLE,56.85,10.88,2.01,LIGHT,61.62,8.0,1.91,IDLE,57.87,8.77,3.38,IDLE,61.03,9.2,1.27,IDLE,58.41,8.56,3.34,IDLE,60.71,7.6,2.03,IDLE,57.55,8.87,2.69,IDLE,60.12,28.75,58.0,247.5,0.25,22.0,COOLING,0.25,22.0,COOLING,0.25,22.0,COOLING,0.25,22.0,COOLING,24.581,24.711,24.766,24.411,24.617,24.766,24.411,0.355,243.32,118.9,119.12,117.67,680.0,765.0,765.0,680.0,182.55,241.64,302.32,248.09,-1.63,-12.75,-47.88,62.25,875.0,875.0,875.0,875.0,229.24,237.79,263.56,233.01,599.01,2890.0,974.6,3500.0,963.6,1.0,1.0,1.0,1.0,22.5,MAX_UNIFORM_COOL,14.8611
4,High Occupancy / Low Computer Load,0,631,6310.0,34,8,9,9,8,10.3,2.27,LIGHT,61.28,10.2,1.33,LIGHT,59.74,10.63,2.86,LIGHT,62.58,11.83,1.03,LIGHT,61.33,7.71,2.79,IDLE,58.82,11.72,1.62,LIGHT,62.08,8.64,2.53,IDLE,59.59,10.78,2.37,LIGHT,62.03,8.78,2.44,IDLE,59.63,9.17,2.62,IDLE,60.39,28.75,58.0,247.6,0.25,22.0,COOLING,0.25,22.0,COOLING,0.25,22.0,COOLING,0.25,22.0,COOLING,24.586,24.716,24.771,24.416,24.622,24.771,24.416,0.355,244.93,120.9,121.62,120.02,680.0,765.0,765.0,680.0,182.48,241.59,302.31,248.04,-1.62,-12.75,-47.87,62.25,875.0,875.0,875.0,875.0,230.79,239.74,266.06,235.31,607.47,2890.0,974.42,3500.0,971.9,1.0,1.0,1.0,1.0,22.5,MAX_UNIFORM_COOL,14.938
4,High Occupancy / Low Computer Load,0,632,6320.0,34,8,9,9,8,9.54,2.59,IDLE,60.81,7.76,2.51,IDLE,58.47,7.93,1.35,IDLE,56.94,9.46,3.46,IDLE,62.02,9.47,1.21,IDLE,58.65,8.48,1.18,IDLE,57.37,8.39,1.94,IDLE,58.4,12.75,1.21,LIGHT,62.75,11.78,3.53,LIGHT,65.02,11.14,2.33,LIGHT,62.42,28.76,58.0,247.8,0.25,22.0,COOLING,0.25,22.0,COOLING,0.25,22.0,COOLING,0.25,22.0,COOLING,24.591,24.721,24.776,24.421,24.627,24.776,24.421,0.355,238.24,116.02,121.15,127.44,680.0,765.0,765.0,680.0,182.66,241.83,302.58,248.28,-1.62,-12.75,-47.88,62.25,875.0,875.0,875.0,875.0,224.28,235.1,265.85,242.97,602.85,2890.0,975.35,3500.0,968.2,1.0,1.0,1.0,1.0,22.5,MAX_UNIFORM_COOL,15.0078
4,High Occupancy / Low Computer Load,0,633,6330.0,34,8,9,9,8,8.69,1.6,IDLE,58.26,7.57,2.89,IDLE,58.8,12.8,2.7,LIGHT,65.05,10.9,1.25,LIGHT,60.5,7.23,3.06,IDLE,58.63,7.25,3.03,IDLE,58.61,7.28,2.44,IDLE,57.76,7.83,3.05,IDLE,59.36,12.18,1.27,LIGHT,62.13,11.17,2.15,LIGHT,62.19,28.76,58.0,247.9,0.25,22.0,COOLING,0.25,22.0,COOLING,0.25,22.0,COOLING,0.25,22.0,COOLING,24.596,24.726,24.781,24.426,24.632,24.781,24.426,0.355,242.61,117.24,117.12,124.32,680.0,765.0,765.0,680.0,182.59,241.78,302.57,248.23,-1.63,-12.75,-47.88,62.25,875.0,875.0,875.0,875.0,228.57,236.27,261.81,239.8,601.29,2890.0,975.17,3500.0,966.45,1.0,1.0,1.0,1.0,22.5,MAX_UNIFORM_COOL,15.0804
4,High Occupancy / Low Computer Load,0,634,6340.0,34,8,9,9,8,8.52,2.75,IDLE,59.77,10.84,3.79,LIGHT,64.23,10.36,3.55,LIGHT,63.28,9.97,2.09,IDLE,60.6,12.55,3.76,LIGHT,66.33,9.25,3.3,IDLE,61.51,10.25,1.98,LIGHT,60.78,11.62,2.48,LIGHT,63.24,12.14,1.91,LIGHT,63.04,8.93,3.16,IDLE,60.9,28.76,58.0,248.1,0.25,22.0,COOLING,0.25,22.0,COOLING,0.25,22.0,COOLING,0.25,22.0,COOLING,24.601,24.731,24.786,24.431,24.637,24.786,24.431,0.355,247.88,127.84,124.02,123.94,680.0,765.0,765.0,680.0,182.57,241.79,302.64,248.24,-1.63,-12.75,-47.88,62.25,875.0,875.0,875.0,875.0,233.82,246.88,268.78,239.43,623.68,2890.0,975.24,3500.0,988.91,1.0,1.0,1.0,1.0,22.5,MAX_UNIFORM_COOL,15.166
4,High Occupancy / Low Computer Load,0,635,6350.0,34,8,9,9,8,11.16,3.6,LIGHT,64.35,8.57,1.42,IDLE,57.84,11.53,1.57,LIGHT,61.77,9.69,3.95,IDLE,63.04,12.64,1.22,LIGHT,62.63,9.41,1.22,IDLE,58.59,11.88,3.44,LIGHT,65.01,8.51,2.27,IDLE,59.04,11.97,1.12,LIGHT,61.64,11.94,2.42,LIGHT,63.55,28.76,58.0,248.2,0.25,22.0,COOLING,0.25,22.0,COOLING,0.25,22.0,COOLING,0.25,22.0,COOLING,24.606,24.736,24.791,24.436,24.642,24.791,24.436,0.355,247.0,121.22,124.05,125.19,680.0,765.0,765.0,680.0,182.5,241.74,302.61,248.19,-1.62,-12.75,-47.88,62.25,875.0,875.0,875.0,875.0,232.88,240.21,268.78,240.63,617.46,2890.0,975.04,3500.0,982.5,1.0,1.0,1.0,1.0,22.5,MAX_UNIFORM_COOL,15.2366
4,High Occupancy / Low Computer Load,0,636,6360.0,34,8,9,9,8,9.21,3.41,IDLE,61.63,11.76,2.92,LIGHT,64.08,7.86,2.59,IDLE,58.71,11.75,2.08,LIGHT,62.81,11.32,1.07,LIGHT,60.75,12.37,2.76,LIGHT,64.6,8.68,3.03,IDLE,60.4,12.85,1.22,LIGHT,62.89,11.28,2.11,LIGHT,62.27,12.95,1.36,LIGHT,63.23,28.77,58.0,248.3,0.25,22.0,COOLING,0.25,22.0,COOLING,0.25,22.0,COOLING,0.25,22.0,COOLING,24.611,24.741,24.796,24.441,24.647,24.796,24.441,0.355,247.23,125.35,123.29,125.5,680.0,765.0,765.0,680.0,182.64,241.92,302.81,248.37,-1.63,-12.75,-47.88,62.25,875.0,875.0,875.0,875.0,233.24,244.52,268.22,241.12,621.37,2890.0,975.74,3500.0,987.1,1.0,1.0,1.0,1.0,22.5,MAX_UNIFORM_COOL,15.3127
4,High Occupancy / Low Computer Load,0,637,6370.0,34,8,9,9,8,7.54,1.8,IDLE,57.12,7.32,1.13,IDLE,55.84,10.92,3.54,LIGHT,63.96,7.77,2.01,IDLE,57.73,9.04,1.75,IDLE,58.92,11.01,1.21,LIGHT,60.58,9.02,1.28,IDLE,58.2,7.11,2.15,IDLE,57.11,10.52,1.45,LIGHT,60.32,7.16,2.31,IDLE,57.42,28.77,58.0,248.5,0.25,22.0,COOLING,0.25,22.0,COOLING,0.25,22.0,COOLING,0.25,22.0,COOLING,24.616,24.746,24.801,24.446,24.652,24.801,24.446,0.355,234.65,119.5,115.31,117.74,680.0,765.0,765.0,680.0,182.61,241.93,302.88,248.38,-1.63,-12.75,-47.88,62.25,875.0,875.0,875.0,875.0,220.63,238.68,260.31,233.37,587.2,2890.0,975.8,3500.0,952.99,1.0,1.0,1.0,1.0,22.5,MAX_UNIFORM_COOL,15.3716
4,High Occupancy / Low Computer Load,0,638,6380.0,34,8,9,9,8,10.51,2.03,LIGHT,61.18,10.5,2.0,LIGHT,61.12,12.22,3.06,LIGHT,64.86,10.11,1.57,LIGHT,59.99,9.75,3.0,IDLE,61.69,10.2,3.6,LIGHT,63.15,10.22,3.93,LIGHT,63.67,10.85,1.84,LIGHT,61.32,12.22,2.51,LIGHT,64.04,8.44,3.64,IDLE,61.01,28.77,58.0,248.6,0.25,22.0,COOLING,0.25,22.0,COOLING,0.25,22.0,COOLING,0.25,22.0,COOLING,24.621,24.751,24.807,24.451,24.657,24.807,24.451,0.356,247.15,124.84,124.99,125.05,680.0,765.0,765.0,680.0,182.53,241.9,302.85,248.35,-1.62,-12.75,-47.87,62.25,875.0,875.0,875.0,875.0,233.06,243.99,269.97,240.65,622.03,2890.0,975.63,3500.0,987.67,1.0,1.0,1.0,1.0,22.5,MAX_UNIFORM_COOL,15.4678
4,High Occupancy / Low Computer Load,0,639,6390.0,34,8,9,9,8,10.76,1.16,LIGHT,60.19,8.94,2.66,IDLE,60.16,9.0,2.0,IDLE,59.25,12.49,3.87,LIGHT,66.42,10.74,1.9,LIGHT,61.27,7.07,1.38,IDLE,55.91,11.45,1.26,LIGHT,61.2,8.87,1.46,IDLE,58.28,10.58,1.66,LIGHT,60.72,9.17,2.32,IDLE,59.94,28.77,58.0,248.8,0.25,22.0,COOLING,0.25,22.0,COOLING,0.25,22.0,COOLING,0.25,22.0,COOLING,24.626,24.756,24.812,24.456,24.663,24.812,24.456,0.356,246.02,117.18,119.48,120.66,680.0,765.0,765.0,680.0,182.5,241.91,302.9,248.36,-1.61,-12.64,-48.11,62.36,875.0,875.0,875.0,875.0,231.91,236.45,264.27,236.38,603.34,2890.0,975.67,3500.0,969.01,1.0,1.0,1.0,1.0,22.5,MAX_UNIFORM_COOL,15.5336
4,High Occupancy / Low Computer Load,0,640,6400.0,34,8,9,9,8,8.42,3.95,IDLE,61.45,12.68,3.97,LIGHT,66.81,11.15,1.23,LIGHT,60.78,7.29,2.84,IDLE,58.37,10.07,1.74,LIGHT,60.2,8.61,3.48,IDLE,60.98,11.6,3.43,LIGHT,64.64,11.04,2.34,LIGHT,62.31,12.93,3.91,LIGHT,67.03,7.31,2.14,IDLE,57.35,28.78,58.0,248.9,0.25,22.0,COOLING,0.25,22.0,COOLING,0.25,22.0,COOLING,0.25,22.0,COOLING,24.631,24.761,24.818,24.461,24.668,24.818,24.461,0.357,247.41,121.18,126.95,124.38,680.0,765.0,765.0,680.0,182.65,242.08,303.1,248.53,-1.61,-12.64,-48.11,62.36,875.0,875.0,875.0,875.0,233.45,240.62,271.94,240.27,619.92,2890.0,976.36,3500.0,986.28,1.0,1.0,1.0,1.0,22.5,MAX_UNIFORM_COOL,15.6228
4,High Occupancy / Low Computer Load,0,641,6410.0,34,8,9,9,8,9.76,3.89,IDLE,63.04,8.69,1.86,IDLE,58.65,11.73,2.82,LIGHT,63.89,7.57,3.28,IDLE,59.38,12.97,1.42,LIGHT,63.34,7.72,1.89,IDLE,57.48,12.48,2.63,LIGHT,64.55,12.5,3.23,LIGHT,65.47,12.86,2.66,LIGHT,65.06,10.82,2.28,LIGHT,61.95,28.78,58.0,249.0,0.25,22.0,COOLING,0.25,22.0,COOLING,0.25,22.0,COOLING,0.25,22.0,COOLING,24.636,24.766,24.824,24.466,24.673,24.824,24.466,0.358,244.96,120.82,130.02,127.01,680.0,765.0,765.0,680.0,182.58,242.03,303.06,248.48,-1.6,-12.53,-48.35,62.47,875.0,875.0,875.0,875.0,230.94,240.32,274.73,242.96,622.81,2890.0,976.15,3500.0,988.95,1.0,1.0,1.0,1.0,22.5,MAX_UNIFORM_COOL,15.7047
4,High Occupancy / Low Computer Load,0,642,6420.0,34,8,9,9,8,9.25,3.67,IDLE,62.07,11.87,3.61,LIGHT,65.25,11.72,1.85,LIGHT,62.43,12.27,2.83,LIGHT,64.58,9.42,3.86,IDLE,62.56,11.62,2.88,LIGHT,63.84,10.5,3.52,LIGHT,63.41,10.08,3.05,LIGHT,62.18,10.03,2.25,LIGHT,60.91,11.08,2.84,LIGHT,63.11,28.78,58.0,249.2,0.25,22.0,COOLING,0.25,22.0,COOLING,0.25,22.0,COOLING,0.25,22.0,COOLING,24.641,24.771,24.83,24.471,24.678,24.83,24.471,0.359,254.33,126.4,125.59,124.02,680.0,765.0,765.0,680.0,182.55,242.05,303.1,248.5,-1.58,-12.42,-48.58,62.58,875.0,875.0,875.0,875.0,240.3,246.03,270.11,240.1,630.34,2890.0,976.2,3500.0,996.54,1.0,1.0,1.0,1.0,22.5,MAX_UNIFORM_COOL,15.7888
4,High Occupancy / Low Computer Load,0,643,6430.0,34,8,9,9,8,9.42,1.93,IDLE,59.67,10.36,3.14,LIGHT,62.66,9.25,1.07,IDLE,58.17,7.03,3.64,IDLE,59.25,12.9,1.44,LIGHT,63.28,10.84,3.45,LIGHT,63.72,12.94,1.29,LIGHT,63.11,11.7,2.77,LIGHT,63.78,7.11,2.85,IDLE,58.16,10.35,3.91,LIGHT,63.8,28.79,58.0,249.3,0.25,22.0,COOLING,0.25,22.0,COOLING,0.25,22.0,COOLING,0.25,22.0,COOLING,24.646,24.776,24.836,24.476,24.683,24.836,24.476,0.36,239.75,127.0,126.89,121.96,680.0,765.0,765.0,680.0,182.69,242.22,303.28,248.67,-1.56,-12.31,-48.81,62.69,875.0,875.0,875.0,875.0,225.88,246.91,271.36,238.32,615.6,2890.0,976.86,3500.0,982.47,1.0,1.0,1.0,1.0,22.5,MAX_UNIFORM_COOL,15.8643
4,High Occupancy / Low Computer Load,0,644,6440.0,34,8,9,9,8,7.8,3.49,IDLE,59.98,9.8,2.29,IDLE,60.69,10.42,3.43,LIGHT,63.17,10.61,2.6,LIGHT,62.16,11.95,2.58,LIGHT,63.81,12.44,1.6,LIGHT,62.95,10.24,2.34,LIGHT,61.31,12.02,3.27,LIGHT,64.93,10.83,2.54,LIGHT,62.35,8.64,1.34,IDLE,57.81,28.79,58.0,249.4,0.25,22.0,COOLING,0.25,22.0,COOLING,0.25,22.0,COOLING,0.25,22.0,COOLING,24.651,24.781,24.842,24.481,24.689,24.842,24.481,0.361,246.0,126.76,126.24,120.16,680.0,765.0,765.0,680.0,182.62,242.18,303.23,248.63,-1.55,-12.2,-49.05,62.8,875.0,875.0,875.0,875.0,232.07,246.74,270.42,236.59,619.16,2890.0,976.66,3500.0,985.82,1.0,1.0,1.0,1.0,22.5,MAX_UNIFORM_COOL,15.9473
4,High Occupancy / Low Computer Load,0,645,6450.0,34,8,9,9,8,7.6,2.23,IDLE,57.84,9.52,1.64,IDLE,59.36,8.88,3.42,IDLE,61.23,12.22,2.54,LIGHT,64.08,7.62,3.47,IDLE,59.73,10.4,2.8,LIGHT,62.2,7.42,3.32,IDLE,59.25,7.6,3.34,IDLE,59.51,8.01,2.17,IDLE,58.27,11.29,2.12,LIGHT,62.29,28.79,58.0,249.6,0.25,22.0,COOLING,0.25,22.0,COOLING,0.25,22.0,COOLING,0.25,22.0,COOLING,24.656,24.786,24.847,24.486,24.694,24.847,24.486,0.361,242.51,121.93,118.76,120.56,680.0,765.0,765.0,680.0,182.59,242.19,303.28,248.64,-1.53,-12.09,-49.28,62.91,875.0,875.0,875.0,875.0,228.57,242.03,262.76,237.11,603.76,2890.0,976.7,3500.0,970.47,1.0,1.0,1.0,1.0,22.5,MAX_UNIFORM_COOL,16.0143
4,High Occupancy / Low Computer Load,0,646,6460.0,34,8,9,9,8,7.53,3.09,IDLE,59.05,8.85,1.77,IDLE,58.72,9.39,2.31,IDLE,60.2,9.39,3.56,IDLE,62.08,9.04,2.4,IDLE,59.9,7.17,3.18,IDLE,58.73,12.36,1.92,LIGHT,63.33,8.76,2.26,IDLE,59.34,9.37,1.86,IDLE,59.5,10.73,1.32,LIGHT,60.39,28.79,58.0,249.7,0.25,22.0,COOLING,0.25,22.0,COOLING,0.25,22.0,COOLING,0.25,22.0,COOLING,24.661,24.791,24.852,24.491,24.699,24.852,24.491,0.361,240.05,118.63,122.67,119.89,680.0,765.0,765.0,680.0,182.52,242.15,303.26,248.6,-1.53,-12.09,-49.29,62.91,875.0,875.0,875.0,875.0,226.04,238.69,266.64,236.4,601.24,2890.0,976.53,3500.0,967.77,1.0,1.0,1.0,1.0,22.5,MAX_UNIFORM_COOL,16.0902
4,High Occupancy / Low Computer Load,0,647,6470.0,34,8,9,9,8,7.39,1.8,IDLE,56.94,12.42,3.84,LIGHT,66.28,9.65,2.6,IDLE,60.96,9.14,3.18,IDLE,61.2,7.33,2.25,IDLE,57.54,12.47,2.21,LIGHT,63.9,8.33,2.78,IDLE,59.58,7.75,3.41,IDLE,59.8,12.11,2.47,LIGHT,63.84,9.61,3.23,IDLE,61.86,28.8,58.0,249.9,0.25,22.0,COOLING,0.25,22.0,COOLING,0.25,22.0,COOLING,0.25,22.0,COOLING,24.666,24.796,24.857,24.496,24.704,24.857,24.496,0.361,245.38,121.44,119.38,125.7,680.0,765.0,765.0,680.0,182.7,242.38,303.54,248.83,-1.54,-12.09,-49.29,62.91,875.0,875.0,875.0,875.0,231.54,241.73,263.63,242.44,611.9,2890.0,977.45,3500.0,979.34,1.0,1.0,1.0,1.0,22.5,MAX_UNIFORM_COOL,16.17
4,High Occupancy / Low Computer Load,0,648,6480.0,34,8,9,9,8,7.67,3.83,IDLE,60.33,8.45,2.88,IDLE,59.88,10.64,3.79,LIGHT,63.98,11.28,3.04,LIGHT,63.66,8.54,2.9,IDLE,60.02,7.93,2.8,IDLE,59.11,8.4,3.02,IDLE,60.03,12.17,3.52,LIGHT,65.49,9.93,1.56,IDLE,59.75,12.7,2.68,LIGHT,64.89,28.8,58.0,250.0,0.25,22.0,COOLING,0.25,22.0,COOLING,0.25,22.0,COOLING,0.25,22.0,COOLING,24.671,24.801,24.863,24.501,24.709,24.863,24.501,0.362,247.85,119.13,125.52,124.64,680.0,765.0,765.0,680.0,182.63,242.34,303.52,248.79,-1.54,-12.09,-49.29,62.91,875.0,875.0,875.0,875.0,233.94,239.38,269.75,241.34,617.14,2890.0,977.28,3500.0,984.41,1.0,1.0,1.0,1.0,22.5,MAX_UNIFORM_COOL,16.2561
4,High Occupancy / Low Computer Load,0,649,6490.0,34,8,9,9,8,12.71,3.41,LIGHT,66.0,8.07,3.56,IDLE,60.43,11.21,3.8,LIGHT,64.71,10.23,1.03,LIGHT,59.33,9.43,2.37,IDLE,60.34,8.56,2.39,IDLE,59.29,7.32,3.97,IDLE,60.1,8.41,3.53,IDLE,60.81,10.83,3.18,LIGHT,63.31,10.96,1.74,LIGHT,61.31,28.8,58.0,250.1,0.25,22.0,COOLING,0.25,22.0,COOLING,0.25,22.0,COOLING,0.25,22.0,COOLING,24.676,24.806,24.868,24.506,24.714,24.868,24.506,0.362,250.47,119.63,120.91,124.62,680.0,765.0,765.0,680.0,182.56,242.29,303.49,248.74,-1.52,-11.98,-49.52,63.02,875.0,875.0,875.0,875.0,236.51,239.94,264.88,241.38,615.63,2890.0,977.08,3500.0,982.71,1.0,1.0,1.0,1.0,22.5,MAX_UNIFORM_COOL,16.331
4,High Occupancy / Low Computer Load,0,650,6500.0,34,8,9,9,8,10.78,3.09,LIGHT,63.11,7.24,1.76,IDLE,56.69,7.22,1.84,IDLE,56.78,7.49,3.49,IDLE,59.6,10.94,2.3,LIGHT,62.12,7.6,3.83,IDLE,60.24,7.91,1.53,IDLE,57.18,12.39,1.19,LIGHT,62.27,10.43,3.26,LIGHT,62.93,12.26,1.54,LIGHT,62.64,28.81,58.0,250.3,0.25,22.0,COOLING,0.25,22.0,COOLING,0.25,22.0,COOLING,0.25,22.0,COOLING,24.681,24.811,24.873,24.511,24.719,24.873,24.511,0.362,236.18,122.36,119.45,125.57,680.0,765.0,765.0,680.0,182.74,242.53,303.76,248.98,-1.52,-11.98,-49.52,63.02,875.0,875.0,875.0,875.0,222.4,242.91,263.69,242.57,603.56,2890.0,978.01,3500.0,971.57,1.0,1.0,1.0,1.0,22.5,MAX_UNIFORM_COOL,16.4024
4,High Occupancy / Low Computer Load,0,651,6510.0,34,8,9,9,8,7.75,2.34,IDLE,58.2,11.04,2.72,LIGHT,62.88,12.48,3.88,LIGHT,66.42,12.89,3.71,LIGHT,66.68,8.46,2.62,IDLE,59.51,11.96,2.94,LIGHT,64.36,7.35,1.09,IDLE,55.82,10.61,3.41,LIGHT,63.38,8.2,1.39,IDLE,57.34,11.28,1.53,LIGHT,61.4,28.81,58.0,250.4,0.25,22.0,COOLING,0.25,22.0,COOLING,0.25,22.0,COOLING,0.25,22.0,COOLING,24.686,24.816,24.878,24.516,24.724,24.878,24.516,0.362,254.18,123.87,119.2,118.74,680.0,765.0,765.0,680.0,182.67,242.48,303.75,248.93,-1.52,-11.98,-49.52,63.02,875.0,875.0,875.0,875.0,240.33,244.37,263.43,235.69,615.99,2890.0,977.83,3500.0,983.82,1.0,1.0,1.0,1.0,22.5,MAX_UNIFORM_COOL,16.4868
4,High Occupancy / Low Computer Load,0,652,6520.0,34,8,9,9,8,9.67,2.35,IDLE,60.61,11.23,2.89,LIGHT,63.37,10.36,2.28,LIGHT,61.37,10.63,1.11,LIGHT,59.95,8.62,2.47,IDLE,59.48,9.54,2.74,IDLE,61.03,9.81,2.26,IDLE,60.65,12.69,3.25,LIGHT,65.74,11.3,1.69,LIGHT,61.66,9.37,1.93,IDLE,59.61,28.81,58.0,250.6,0.25,22.0,COOLING,0.25,22.0,COOLING,0.25,22.0,COOLING,0.25,22.0,COOLING,24.691,24.821,24.884,24.521,24.729,24.884,24.521,0.363,245.3,120.51,126.39,121.27,680.0,765.0,765.0,680.0,182.64,242.49,303.81,248.94,-1.52,-11.98,-49.52,63.02,875.0,875.0,875.0,875.0,231.42,241.02,270.68,238.23,613.47,2890.0,977.88,3500.0,981.35,1.0,1.0,1.0,1.0,22.5,MAX_UNIFORM_COOL,16.5697
4,High Occupancy / Low Computer Load,0,653,6530.0,34,8,9,9,8,11.97,2.18,LIGHT,63.23,9.8,1.73,IDLE,59.84,8.74,3.74,IDLE,61.53,8.87,1.68,IDLE,58.61,12.11,2.64,LIGHT,64.1,8.5,1.99,IDLE,58.61,10.73,3.0,LIGHT,62.91,11.97,3.43,LIGHT,65.11,11.81,3.98,LIGHT,65.73,12.6,1.15,LIGHT,62.48,28.81,58.0,250.7,0.25,22.0,COOLING,0.25,22.0,COOLING,0.25,22.0,COOLING,0.25,22.0,COOLING,24.696,24.826,24.89,24.526,24.735,24.89,24.526,0.364,243.21,122.71,128.02,128.21,680.0,765.0,765.0,680.0,182.57,242.45,303.77,248.9,-1.5,-11.87,-49.75,63.13,875.0,875.0,875.0,875.0,229.28,243.29,272.04,245.24,622.15,2890.0,977.69,3500.0,989.85,1.0,1.0,1.0,1.0,22.5,MAX_UNIFORM_COOL,16.6558
4,High Occupancy / Low Computer Load,0,654,6540.0,34,8,9,9,8,12.62,3.89,LIGHT,66.61,10.17,3.64,LIGHT,63.17,11.11,3.78,LIGHT,64.56,10.84,2.79,LIGHT,62.73,7.32,3.55,IDLE,59.47,8.52,1.37,IDLE,57.7,11.71,3.14,LIGHT,64.35,12.73,3.09,LIGHT,65.55,7.9,1.82,IDLE,57.6,12.49,3.03,LIGHT,65.16,28.82,58.0,250.8,0.25,22.0,COOLING,0.25,22.0,COOLING,0.25,22.0,COOLING,0.25,22.0,COOLING,24.701,24.831,24.896,24.531,24.74,24.896,24.531,0.365,257.07,117.17,129.9,122.76,680.0,765.0,765.0,680.0,182.72,242.62,303.94,249.07,-1.49,-11.76,-49.99,63.24,875.0,875.0,875.0,875.0,243.3,238.03,273.85,240.07,626.9,2890.0,978.35,3500.0,995.25,1.0,1.0,1.0,1.0,22.5,MAX_UNIFORM_COOL,16.7432
4,High Occupancy / Low Computer Load,0,655,6550.0,34,8,9,9,8,8.76,1.64,IDLE,58.41,10.02,3.66,LIGHT,63.02,7.97,2.33,IDLE,58.46,10.83,3.26,LIGHT,63.43,11.82,1.88,LIGHT,62.59,7.69,3.04,IDLE,59.17,8.87,3.31,IDLE,61.05,9.57,2.06,IDLE,60.05,8.99,1.08,IDLE,57.86,7.08,2.69,IDLE,57.89,28.82,58.0,251.0,0.25,22.0,COOLING,0.25,22.0,COOLING,0.25,22.0,COOLING,0.25,22.0,COOLING,24.706,24.836,24.901,24.536,24.745,24.901,24.536,0.365,243.32,121.76,121.1,115.75,680.0,765.0,765.0,680.0,182.68,242.64,303.99,249.09,-1.48,-11.65,-50.23,63.35,875.0,875.0,875.0,875.0,229.52,242.75,264.86,233.19,601.93,2890.0,978.4,3500.0,970.32,1.0,1.0,1.0,1.0,22.5,MAX_UNIFORM_COOL,16.8092
4,High Occupancy / Low Computer Load,0,656,6560.0,34,8,9,9,8,9.99,2.81,IDLE,61.7,8.75,1.44,IDLE,58.1,7.83,3.86,IDLE,60.58,8.18,2.45,IDLE,58.9,7.21,3.27,IDLE,58.92,12.62,2.46,LIGHT,64.47,7.16,3.98,IDLE,59.92,11.53,1.51,LIGHT,61.68,7.21,2.37,IDLE,57.57,12.13,2.37,LIGHT,63.72,28.82,58.0,251.1,0.25,22.0,COOLING,0.25,22.0,COOLING,0.25,22.0,COOLING,0.25,22.0,COOLING,24.711,24.841,24.906,24.541,24.75,24.906,24.541,0.365,239.28,123.39,121.6,121.29,680.0,765.0,765.0,680.0,182.61,242.6,303.97,249.05,-1.47,-11.65,-50.22,63.35,875.0,875.0,875.0,875.0,225.42,244.34,265.35,238.69,605.56,2890.0,978.23,3500.0,973.8,1.0,1.0,1.0,1.0,22.5,MAX_UNIFORM_COOL,16.888
4,High Occupancy / Low Computer Load,0,657,6570.0,34,8,9,9,8,7.83,2.22,IDLE,58.12,7.39,2.34,IDLE,57.75,10.33,2.42,LIGHT,61.54,10.78,2.19,LIGHT,61.76,11.59,2.01,LIGHT,62.5,9.68,1.41,IDLE,59.22,9.22,1.24,IDLE,58.38,9.32,3.21,IDLE,61.46,8.58,1.32,IDLE,57.7,9.76,3.23,IDLE,62.05,28.82,58.0,251.2,0.25,22.0,COOLING,0.25,22.0,COOLING,0.25,22.0,COOLING,0.25,22.0,COOLING,24.716,24.846,24.911,24.546,24.755,24.911,24.546,0.365,239.17,121.72,119.84,119.75,680.0,765.0,765.0,680.0,182.54,242.55,303.95,249.0,-1.47,-11.65,-50.22,63.35,875.0,875.0,875.0,875.0,225.24,242.62,263.57,237.1,600.48,2890.0,978.04,3500.0,968.53,1.0,1.0,1.0,1.0,22.5,MAX_UNIFORM_COOL,16.9638
4,High Occupancy / Low Computer Load,0,658,6580.0,34,8,9,9,8,11.48,3.56,LIGHT,64.69,11.58,1.34,LIGHT,61.48,9.96,1.23,IDLE,59.3,7.75,1.27,IDLE,56.59,8.31,3.78,IDLE,61.06,10.78,3.26,LIGHT,63.37,9.25,2.13,IDLE,59.76,10.26,1.98,LIGHT,60.8,7.5,3.14,IDLE,59.09,11.23,1.84,LIGHT,61.8,28.83,58.0,251.4,0.25,22.0,COOLING,0.25,22.0,COOLING,0.25,22.0,COOLING,0.25,22.0,COOLING,24.721,24.851,24.916,24.551,24.76,24.916,24.551,0.365,242.06,124.43,120.56,120.89,680.0,765.0,765.0,680.0,182.72,242.78,304.23,249.23,-1.48,-11.65,-50.23,63.35,875.0,875.0,875.0,875.0,228.3,245.56,264.56,238.47,607.94,2890.0,978.96,3500.0,976.89,1.0,1.0,1.0,1.0,22.5,MAX_UNIFORM_COOL,17.0464
4,High Occupancy / Low Computer Load,0,659,6590.0,34,8,9,9,8,7.59,1.96,IDLE,57.43,11.8,3.85,LIGHT,65.53,12.43,1.62,LIGHT,62.97,8.99,3.33,IDLE,61.23,10.34,2.37,LIGHT,61.48,11.58,3.1,LIGHT,64.12,8.98,1.37,IDLE,58.28,9.62,2.66,IDLE,61.02,11.25,3.15,LIGHT,63.79,9.17,3.37,IDLE,61.52,28.83,58.0,251.5,0.25,22.0,COOLING,0.25,22.0,COOLING,0.25,22.0,COOLING,0.25,22.0,COOLING,24.726,24.856,24.921,24.556,24.765,24.921,24.556,0.365,247.16,125.6,119.3,125.31,680.0,765.0,765.0,680.0,182.65,242.74,304.21,249.19,-1.48,-11.65,-50.23,63.35,875.0,875.0,875.0,875.0,233.33,246.69,263.28,242.85,617.37,2890.0,978.79,3500.0,986.15,1.0,1.0,1.0,1.0,22.5,MAX_UNIFORM_COOL,17.1284
4,High Occupancy / Low Computer Load,0,660,6600.0,34,8,9,9,8,11.61,2.31,LIGHT,62.98,12.41,2.47,LIGHT,64.22,12.88,1.12,LIGHT,62.78,7.57,2.71,IDLE,58.53,11.71,2.47,LIGHT,63.34,9.44,3.8,IDLE,62.5,11.68,2.86,LIGHT,63.89,12.13,2.95,LIGHT,64.59,12.84,3.05,LIGHT,65.62,11.37,1.49,LIGHT,61.45,28.83,58.0,251.7,0.25,22.0,COOLING,0.25,22.0,COOLING,0.25,22.0,COOLING,0.25,22.0,COOLING,24.731,24.861,24.927,24.561,24.77,24.927,24.561,0.366,248.51,125.84,128.48,127.07,680.0,765.0,765.0,680.0,182.63,242.75,304.28,249.2,-1.47,-11.65,-50.22,63.35,875.0,875.0,875.0,875.0,234.67,246.94,272.54,244.62,629.9,2890.0,978.86,3500.0,998.77,1.0,1.0,1.0,1.0,22.5,MAX_UNIFORM_COOL,17.2209
4,High Occupancy / Low Computer Load,0,661,6610.0,34,8,9,9,8,11.7,3.6,LIGHT,65.03,12.44,3.93,LIGHT,66.44,9.15,1.45,IDLE,58.61,11.46,1.3,LIGHT,61.28,7.28,2.36,IDLE,57.64,11.83,1.29,LIGHT,61.72,10.36,1.11,LIGHT,59.62,8.55,3.78,IDLE,61.36,7.02,3.73,IDLE,59.37,12.33,1.74,LIGHT,63.02,28.84,58.0,251.8,0.25,22.0,COOLING,0.25,22.0,COOLING,0.25,22.0,COOLING,0.25,22.0,COOLING,24.736,24.866,24.932,24.566,24.775,24.932,24.566,0.366,251.36,119.36,120.98,122.39,680.0,765.0,765.0,680.0,182.76,242.93,304.45,249.38,-1.46,-11.54,-50.46,63.46,875.0,875.0,875.0,875.0,237.66,240.75,264.97,240.23,614.09,2890.0,979.52,3500.0,983.61,1.0,1.0,1.0,1.0,22.5,MAX_UNIFORM_COOL,17.292
4,High Occupancy / Low Computer Load,0,662,6620.0,34,8,9,9,8,10.1,1.54,LIGHT,59.94,10.59,1.89,LIGHT,61.07,8.29,2.1,IDLE,58.51,10.19,3.8,LIGHT,63.44,7.14,2.9,IDLE,58.27,7.93,3.37,IDLE,59.97,9.31,3.59,IDLE,62.02,12.76,2.15,LIGHT,64.17,8.51,1.21,IDLE,57.45,9.94,2.04,IDLE,60.48,28.84,58.0,251.9,0.25,22.0,COOLING,0.25,22.0,COOLING,0.25,22.0,COOLING,0.25,22.0,COOLING,24.741,24.871,24.938,24.571,24.78,24.938,24.571,0.367,242.96,118.24,126.19,117.93,680.0,765.0,765.0,680.0,182.7,242.88,304.43,249.33,-1.46,-11.54,-50.46,63.46,875.0,875.0,875.0,875.0,229.2,239.58,270.16,235.72,605.32,2890.0,979.34,3500.0,974.66,1.0,1.0,1.0,1.0,22.5,MAX_UNIFORM_COOL,17.3751
4,High Occupancy / Low Computer Load,0,663,6630.0,34,8,9,9,8,11.59,1.01,LIGHT,61.0,10.52,1.25,LIGHT,60.02,11.63,1.97,LIGHT,62.49,10.3,1.02,LIGHT,59.41,12.06,3.22,LIGHT,64.91,12.08,3.17,LIGHT,64.86,10.17,2.93,LIGHT,62.11,7.86,3.95,IDLE,60.75,12.4,2.42,LIGHT,64.13,10.92,3.03,LIGHT,63.2,28.84,58.0,252.1,0.25,22.0,COOLING,0.25,22.0,COOLING,0.25,22.0,COOLING,0.25,22.0,COOLING,24.746,24.876,24.943,24.576,24.785,24.943,24.576,0.367,242.92,129.77,122.86,127.33,680.0,765.0,765.0,680.0,182.67,242.89,304.48,249.34,-1.44,-11.43,-50.69,63.57,875.0,875.0,875.0,875.0,229.15,251.23,266.65,245.24,622.88,2890.0,979.38,3500.0,992.27,1.0,1.0,1.0,1.0,22.5,MAX_UNIFORM_COOL,17.4607
4,High Occupancy / Low Computer Load,0,664,6640.0,34,8,9,9,8,10.35,1.15,LIGHT,59.66,11.89,2.82,LIGHT,64.09,9.77,2.36,IDLE,60.75,8.59,1.79,IDLE,58.42,12.83,1.16,LIGHT,62.78,12.38,1.59,LIGHT,62.86,7.82,2.7,IDLE,58.83,10.14,2.04,LIGHT,60.73,7.87,3.98,IDLE,60.81,10.96,3.96,LIGHT,64.64,28.84,58.0,252.2,0.25,22.0,COOLING,0.25,22.0,COOLING,0.25,22.0,COOLING,0.25,22.0,COOLING,24.751,24.881,24.948,24.581,24.79,24.948,24.581,0.367,242.92,125.64,119.56,125.45,680.0,765.0,765.0,680.0,182.6,242.85,304.46,249.3,-1.44,-11.43,-50.7,63.57,875.0,875.0,875.0,875.0,229.08,247.06,263.32,243.32,613.57,2890.0,979.21,3500.0,982.78,1.0,1.0,1.0,1.0,22.5,MAX_UNIFORM_COOL,17.5355
4,High Occupancy / Low Computer Load,0,665,6650.0,34,8,9,9,8,9.54,2.31,IDLE,60.39,8.92,2.17,IDLE,59.41,11.82,1.54,LIGHT,62.09,9.45,3.42,IDLE,61.94,7.91,2.3,IDLE,58.34,7.37,1.93,IDLE,57.11,7.72,3.63,IDLE,60.09,12.65,3.91,LIGHT,66.68,12.51,3.88,LIGHT,66.46,12.06,1.08,LIGHT,61.7,28.85,58.0,252.4,0.25,22.0,COOLING,0.25,22.0,COOLING,0.25,22.0,COOLING,0.25,22.0,COOLING,24.756,24.886,24.954,24.586,24.796,24.954,24.586,0.368,243.83,115.45,126.77,128.16,680.0,765.0,765.0,680.0,182.78,243.08,304.74,249.53,-1.45,-11.43,-50.7,63.57,875.0,875.0,875.0,875.0,230.16,237.1,270.81,246.26,614.21,2890.0,980.13,3500.0,984.33,1.0,1.0,1.0,1.0,22.5,MAX_UNIFORM_COOL,17.6229
4,High Occupancy / Low Computer Load,0,666,6660.0,34,8,9,9,8,10.58,2.17,LIGHT,61.48,11.0,1.44,LIGHT,60.91,9.85,1.1,IDLE,58.96,10.1,2.28,LIGHT,61.05,12.22,3.63,LIGHT,65.72,8.18,3.71,IDLE,60.79,12.65,3.97,LIGHT,66.77,12.36,1.52,LIGHT,62.73,11.0,3.45,LIGHT,63.92,10.15,3.81,LIGHT,63.4,28.85,58.0,252.5,0.25,22.0,COOLING,0.25,22.0,COOLING,0.25,22.0,COOLING,0.25,22.0,COOLING,24.761,24.891,24.96,24.591,24.801,24.96,24.591,0.369,242.4,126.51,129.5,127.32,680.0,765.0,765.0,680.0,182.71,243.04,304.7,249.49,-1.43,-11.32,-50.93,63.68,875.0,875.0,875.0,875.0,228.68,248.23,273.27,245.49,625.73,2890.0,979.94,3500.0,995.67,1.0,1.0,1.0,1.0,22.5,MAX_UNIFORM_COOL,17.7155
4,High Occupancy / Low Computer Load,0,667,6670.0,34,8,9,9,8,7.48,1.94,IDLE,57.26,9.05,1.58,IDLE,58.68,12.77,3.0,LIGHT,65.46,10.17,1.58,LIGHT,60.08,8.73,1.03,IDLE,57.46,10.01,3.65,LIGHT,62.99,7.71,2.02,IDLE,57.67,11.15,2.41,LIGHT,62.55,7.86,2.74,IDLE,58.94,8.88,1.37,IDLE,58.16,28.85,58.0,252.6,0.25,22.0,COOLING,0.25,22.0,COOLING,0.25,22.0,COOLING,0.25,22.0,COOLING,24.766,24.896,24.965,24.596,24.806,24.965,24.596,0.369,241.48,120.45,120.22,117.1,680.0,765.0,765.0,680.0,182.63,243.0,304.66,249.45,-1.41,-11.21,-51.17,63.79,875.0,875.0,875.0,875.0,227.7,242.24,263.71,235.34,599.25,2890.0,979.74,3500.0,968.99,1.0,1.0,1.0,1.0,22.5,MAX_UNIFORM_COOL,17.783
4,High Occupancy / Low Computer Load,0,668,6680.0,34,8,9,9,8,9.57,1.87,IDLE,59.77,7.1,2.39,IDLE,57.46,8.4,1.21,IDLE,57.31,10.52,2.03,LIGHT,61.2,11.14,2.76,LIGHT,63.06,12.02,1.48,LIGHT,62.24,10.98,1.79,LIGHT,61.41,12.28,2.23,LIGHT,63.7,7.33,2.61,IDLE,58.08,8.88,3.05,IDLE,60.68,28.86,58.0,252.8,0.25,22.0,COOLING,0.25,22.0,COOLING,0.25,22.0,COOLING,0.25,22.0,COOLING,24.771,24.901,24.97,24.601,24.811,24.97,24.601,0.369,235.74,125.3,125.11,118.76,680.0,765.0,765.0,680.0,182.82,243.23,304.94,249.68,-1.41,-11.21,-51.16,63.79,875.0,875.0,875.0,875.0,222.15,247.32,268.89,237.23,604.91,2890.0,980.67,3500.0,975.59,1.0,1.0,1.0,1.0,22.5,MAX_UNIFORM_COOL,17.8678
4,High Occupancy / Low Computer Load,0,669,6690.0,34,8,9,9,8,11.98,3.56,LIGHT,65.31,10.24,1.87,LIGHT,60.6,7.77,3.51,IDLE,59.98,7.83,3.15,IDLE,59.51,7.69,2.44,IDLE,58.27,10.78,1.31,LIGHT,60.44,9.21,3.48,IDLE,61.73,9.89,3.58,IDLE,62.73,9.88,2.86,IDLE,61.64,11.91,3.68,LIGHT,65.41,28.86,58.0,252.9,0.25,22.0,COOLING,0.25,22.0,COOLING,0.25,22.0,COOLING,0.25,22.0,COOLING,24.776,24.906,24.975,24.606,24.816,24.975,24.606,0.369,245.4,118.71,124.46,127.05,680.0,765.0,765.0,680.0,182.75,243.18,304.93,249.63,-1.42,-11.21,-51.16,63.79,875.0,875.0,875.0,875.0,231.73,240.68,268.23,245.47,615.62,2890.0,980.49,3500.0,986.11,1.0,1.0,1.0,1.0,22.5,MAX_UNIFORM_COOL,17.9516
4,High Occupancy / Low Computer Load,0,670,6700.0,34,8,9,9,8,7.4,3.23,IDLE,59.09,8.53,2.07,IDLE,58.77,7.52,1.56,IDLE,56.74,10.41,3.16,LIGHT,62.75,8.7,1.1,IDLE,57.52,7.96,1.27,IDLE,56.86,12.06,1.18,LIGHT,61.85,8.66,1.94,IDLE,58.73,10.07,3.1,LIGHT,62.24,8.71,2.1,IDLE,59.04,28.86,58.0,253.1,0.25,22.0,COOLING,0.25,22.0,COOLING,0.25,22.0,COOLING,0.25,22.0,COOLING,24.781,24.911,24.98,24.611,24.821,24.98,24.611,0.369,237.35,114.38,120.58,121.28,680.0,765.0,765.0,680.0,182.72,243.2,304.99,249.65,-1.41,-11.21,-51.17,63.79,875.0,875.0,875.0,875.0,223.66,236.37,264.4,239.72,593.59,2890.0,980.56,3500.0,964.15,1.0,1.0,1.0,1.0,22.5,MAX_UNIFORM_COOL,18.0222
4,High Occupancy / Low Computer Load,0,671,6710.0,34,8,9,9,8,10.97,3.95,LIGHT,64.64,9.14,2.49,IDLE,60.16,12.19,2.06,LIGHT,63.33,8.1,2.72,IDLE,59.2,10.77,2.85,LIGHT,62.74,7.61,3.11,IDLE,59.18,7.9,3.71,IDLE,60.44,7.34,1.03,IDLE,55.72,12.59,3.49,LIGHT,65.97,7.42,3.1,IDLE,58.92,28.86,58.0,253.2,0.25,22.0,COOLING,0.25,22.0,COOLING,0.25,22.0,COOLING,0.25,22.0,COOLING,24.786,24.916,24.985,24.616,24.826,24.985,24.616,0.369,247.33,121.92,116.16,124.89,680.0,765.0,765.0,680.0,182.65,243.15,304.97,249.6,-1.41,-11.21,-51.16,63.79,875.0,875.0,875.0,875.0,233.57,243.86,259.97,243.28,610.3,2890.0,980.37,3500.0,980.68,1.0,1.0,1.0,1.0,22.5,MAX_UNIFORM_COOL,18.1099
4,High Occupancy / Low Computer Load,0,672,6720.0,34,8,9,9,8,12.64,1.96,LIGHT,63.74,12.5,3.93,LIGHT,66.52,12.37,1.12,LIGHT,62.14,9.82,2.43,IDLE,60.92,12.19,2.38,LIGHT,63.81,10.85,2.99,LIGHT,63.05,10.06,1.72,LIGHT,60.16,10.29,1.55,LIGHT,60.19,8.99,1.42,IDLE,58.37,8.72,2.45,IDLE,59.57,28.87,58.0,253.3,0.25,22.0,COOLING,0.25,22.0,COOLING,0.25,22.0,COOLING,0.25,22.0,COOLING,24.791,24.921,24.99,24.621,24.831,24.99,24.621,0.369,253.32,126.86,120.35,117.94,680.0,765.0,765.0,680.0,182.8,243.32,305.17,249.77,-1.42,-11.21,-51.16,63.79,875.0,875.0,875.0,875.0,239.7,248.97,264.36,236.5,618.47,2890.0,981.06,3500.0,989.53,1.0,1.0,1.0,1.0,22.5,MAX_UNIFORM_COOL,18.1984
4,High Occupancy / Low Computer Load,0,673,6730.0,34,8,9,9,8,7.63,2.5,IDLE,58.29,12.09,1.64,LIGHT,62.57,8.63,3.48,IDLE,61.01,10.95,2.69,LIGHT,62.72,11.3,3.09,LIGHT,63.76,8.07,1.19,IDLE,56.87,9.59,2.71,IDLE,61.05,12.15,2.28,LIGHT,63.61,12.23,3.39,LIGHT,65.37,11.58,1.87,LIGHT,62.28,28.87,58.0,253.5,0.25,22.0,COOLING,0.25,22.0,COOLING,0.25,22.0,COOLING,0.25,22.0,COOLING,24.796,24.926,24.995,24.626,24.836,24.995,24.626,0.369,244.59,120.63,124.66,127.65,680.0,765.0,765.0,680.0,182.76,243.34,305.23,249.79,-1.42,-11.21,-51.16,63.79,875.0,875.0,875.0,875.0,230.93,242.76,268.73,246.23,617.53,2890.0,981.12,3500.0,988.65,1.0,1.0,1.0,1.0,22.5,MAX_UNIFORM_COOL,18.2783
4,High Occupancy / Low Computer Load,0,674,6740.0,34,8,9,9,8,7.78,2.91,IDLE,59.09,12.87,2.81,LIGHT,65.3,10.55,2.97,LIGHT,62.64,7.26,2.53,IDLE,57.87,11.37,1.38,LIGHT,61.28,11.79,3.7,LIGHT,65.29,8.44,1.28,IDLE,57.47,7.48,1.6,IDLE,56.75,12.14,1.5,LIGHT,62.42,8.49,3.35,IDLE,60.64,28.87,58.0,253.6,0.25,22.0,COOLING,0.25,22.0,COOLING,0.25,22.0,COOLING,0.25,22.0,COOLING,24.801,24.931,25.0,24.631,24.841,25.0,24.631,0.369,244.9,126.57,114.22,123.06,680.0,765.0,765.0,680.0,182.69,243.3,305.21,249.75,-1.41,-11.21,-51.17,63.79,875.0,875.0,875.0,875.0,231.18,248.66,258.26,241.6,608.75,2890.0,980.95,3500.0,979.7,1.0,1.0,1.0,1.0,22.5,MAX_UNIFORM_COOL,18.3546
4,High Occupancy / Low Computer Load,0,675,6750.0,34,8,9,9,8,10.0,1.61,LIGHT,59.91,8.66,3.26,IDLE,60.72,12.54,3.79,LIGHT,66.36,7.09,1.47,IDLE,56.07,12.21,2.18,LIGHT,63.53,8.2,3.39,IDLE,60.34,9.29,3.18,IDLE,61.38,11.7,2.06,LIGHT,62.72,9.37,3.04,IDLE,61.27,7.88,1.21,IDLE,56.66,28.88,58.0,253.8,0.25,22.0,COOLING,0.25,22.0,COOLING,0.25,22.0,COOLING,0.25,22.0,COOLING,24.806,24.936,25.005,24.636,24.846,25.005,24.636,0.369,243.06,123.87,124.1,117.93,680.0,765.0,765.0,680.0,182.87,243.52,305.49,249.97,-1.41,-11.21,-51.16,63.79,875.0,875.0,875.0,875.0,229.52,246.18,268.43,236.69,608.96,2890.0,981.85,3500.0,980.82,1.0,1.0,1.0,1.0,22.5,MAX_UNIFORM_COOL,18.4406
4,High Occupancy / Low Computer Load,0,676,6760.0,34,8,9,9,8,11.9,3.31,LIGHT,64.84,7.78,2.51,IDLE,58.49,7.09,3.77,IDLE,59.52,10.78,3.55,LIGHT,63.8,11.01,3.47,LIGHT,63.97,11.68,2.72,LIGHT,63.68,8.99,1.05,IDLE,57.81,11.69,2.86,LIGHT,63.9,9.06,2.57,IDLE,60.18,8.36,2.4,IDLE,59.05,28.88,58.0,253.9,0.25,22.0,COOLING,0.25,22.0,COOLING,0.25,22.0,COOLING,0.25,22.0,COOLING,24.811,24.941,25.01,24.641,24.851,25.01,24.641,0.369,246.65,127.65,121.71,119.23,680.0,765.0,765.0,680.0,182.8,243.49,305.47,249.94,-1.42,-11.21,-51.16,63.79,875.0,875.0,875.0,875.0,233.03,249.93,266.02,237.96,615.24,2890.0,981.7,3500.0,986.94,1.0,1.0,1.0,1.0,22.5,MAX_UNIFORM_COOL,18.5252
4,High Occupancy / Low Computer Load,0,677,6770.0,34,8,9,9,8,11.5,1.26,LIGHT,61.27,8.73,3.3,IDLE,60.86,9.1,2.12,IDLE,59.55,9.52,1.71,IDLE,59.46,12.4,3.74,LIGHT,66.11,11.47,3.12,LIGHT,64.02,9.48,3.75,IDLE,62.48,8.51,3.97,IDLE,61.59,8.03,1.17,IDLE,56.79,8.32,2.25,IDLE,58.77,28.88,58.0,254.0,0.25,22.0,COOLING,0.25,22.0,COOLING,0.25,22.0,COOLING,0.25,22.0,COOLING,24.816,24.946,25.015,24.646,24.856,25.015,24.646,0.369,241.14,130.13,124.07,115.56,680.0,765.0,765.0,680.0,182.73,243.44,305.45,249.89,-1.42,-11.21,-51.17,63.79,875.0,875.0,875.0,875.0,227.45,252.36,268.35,234.24,610.9,2890.0,981.51,3500.0,982.4,1.0,1.0,1.0,1.0,22.5,MAX_UNIFORM_COOL,18.6069
4,High Occupancy / Low Computer Load,0,678,6780.0,34,8,9,9,8,9.09,2.36,IDLE,59.9,9.85,1.72,IDLE,59.89,10.09,2.78,LIGHT,61.78,10.97,3.43,LIGHT,63.86,9.31,1.92,IDLE,59.52,9.1,1.89,IDLE,59.21,9.77,2.04,IDLE,60.27,10.39,2.15,LIGHT,61.21,10.71,1.52,LIGHT,60.67,11.62,1.75,LIGHT,62.15,28.88,58.0,254.2,0.25,22.0,COOLING,0.25,22.0,COOLING,0.25,22.0,COOLING,0.25,22.0,COOLING,24.821,24.951,25.02,24.651,24.861,25.02,24.651,0.369,245.43,118.73,121.48,122.82,680.0,765.0,765.0,680.0,182.71,243.46,305.52,249.91,-1.41,-11.21,-51.16,63.79,875.0,875.0,875.0,875.0,231.73,240.98,265.84,241.52,608.46,2890.0,981.6,3500.0,980.07,1.0,1.0,1.0,1.0,22.5,MAX_UNIFORM_COOL,18.6858
4,High Occupancy / Low Computer Load,0,679,6790.0,34,8,9,9,8,9.84,2.01,IDLE,60.31,12.95,2.86,LIGHT,65.48,11.32,1.44,LIGHT,61.31,9.97,2.01,IDLE,60.48,12.63,2.33,LIGHT,64.28,12.19,1.43,LIGHT,62.38,10.06,1.06,LIGHT,59.17,8.52,3.59,IDLE,61.03,10.68,3.65,LIGHT,63.83,10.39,1.18,LIGHT,59.76,28.89,58.0,254.3,0.25,22.0,COOLING,0.25,22.0,COOLING,0.25,22.0,COOLING,0.25,22.0,COOLING,24.826,24.956,25.025,24.656,24.866,25.025,24.656,0.369,247.58,126.66,120.2,123.59,680.0,765.0,765.0,680.0,182.84,243.63,305.72,250.08,-1.42,-11.21,-51.16,63.79,875.0,875.0,875.0,875.0,234.0,249.08,264.76,242.46,618.03,2890.0,982.27,3500.0,990.3,1.0,1.0,1.0,1.0,22.5,MAX_UNIFORM_COOL,18.7736
4,High Occupancy / Low Computer Load,0,680,6800.0,34,8,9,9,8,10.8,3.43,LIGHT,63.65,9.75,3.94,IDLE,63.1,10.17,2.55,LIGHT,61.54,9.55,2.21,IDLE,60.25,8.51,2.24,IDLE,59.0,8.21,2.03,IDLE,58.31,10.23,1.4,LIGHT,59.89,7.51,2.24,IDLE,57.75,9.55,3.42,IDLE,62.07,12.64,3.47,LIGHT,66.0,28.89,58.0,254.4,0.25,22.0,COOLING,0.25,22.0,COOLING,0.25,22.0,COOLING,0.25,22.0,COOLING,24.831,24.961,25.03,24.661,24.871,25.03,24.661,0.369,248.54,117.31,117.64,128.07,680.0,765.0,765.0,680.0,182.78,243.58,305.7,250.03,-1.42,-11.21,-51.16,63.79,875.0,875.0,875.0,875.0,234.9,239.68,262.18,246.89,611.56,2890.0,982.09,3500.0,983.65,1.0,1.0,1.0,1.0,22.5,MAX_UNIFORM_COOL,18.8515
4,High Occupancy / Low Computer Load,0,681,6810.0,34,8,9,9,8,9.88,3.3,IDLE,62.3,7.52,3.78,IDLE,60.07,8.2,3.95,IDLE,61.17,12.14,2.41,LIGHT,63.79,10.32,3.89,LIGHT,63.73,10.28,3.2,LIGHT,62.65,11.51,1.26,LIGHT,61.28,12.37,1.68,LIGHT,62.98,8.01,3.02,IDLE,59.54,9.34,1.98,IDLE,59.64,28.89,58.0,254.6,0.25,22.0,COOLING,0.25,22.0,COOLING,0.25,22.0,COOLING,0.25,22.0,COOLING,24.836,24.966,25.035,24.666,24.876,25.035,24.666,0.369,247.33,126.38,124.26,119.18,680.0,765.0,765.0,680.0,182.74,243.59,305.76,250.04,-1.41,-11.21,-51.17,63.79,875.0,875.0,875.0,875.0,233.66,248.76,268.85,238.01,617.15,2890.0,982.13,3500.0,989.28,1.0,1.0,1.0,1.0,22.5,MAX_UNIFORM_COOL,18.9414
4,High Occupancy / Low Computer Load,0,682,6820.0,34,8,9,9,8,12.1,3.14,LIGHT,64.84,12.64,3.92,LIGHT,66.68,13.0,1.68,LIGHT,63.77,8.52,3.32,IDLE,60.63,12.64,3.83,LIGHT,66.55,12.1,2.04,LIGHT,63.19,11.4,3.95,LIGHT,65.17,10.33,1.77,LIGHT,60.57,12.31,2.15,LIGHT,63.61,9.37,2.84,IDLE,60.97,28.89,58.0,254.7,0.25,22.0,COOLING,0.25,22.0,COOLING,0.25,22.0,COOLING,0.25,22.0,COOLING,24.841,24.971,25.041,24.671,24.881,25.041,24.671,0.37,255.92,129.74,125.74,124.58,680.0,765.0,765.0,680.0,182.67,243.56,305.74,250.01,-1.41,-11.21,-51.16,63.79,875.0,875.0,875.0,875.0,242.18,252.09,270.32,243.38,635.98,2890.0,981.98,3500.0,1007.97,1.0,1.0,1.0,1.0,22.5,MAX_UNIFORM_COOL,19.0395
4,High Occupancy / Low Computer Load,0,683,6830.0,34,8,9,9,8,7.22,3.17,IDLE,58.78,10.56,3.57,LIGHT,63.55,11.4,1.41,LIGHT,61.37,8.92,2.15,IDLE,59.38,10.87,3.53,LIGHT,63.88,7.58,1.36,IDLE,56.52,12.06,3.83,LIGHT,65.82,11.75,1.93,LIGHT,62.58,11.62,1.54,LIGHT,61.84,7.38,3.02,IDLE,58.76,28.9,58.0,254.9,0.25,22.0,COOLING,0.25,22.0,COOLING,0.25,22.0,COOLING,0.25,22.0,COOLING,24.846,24.976,25.047,24.676,24.886,25.047,24.676,0.371,243.08,120.4,128.4,120.6,680.0,765.0,765.0,680.0,182.86,243.78,306.01,250.23,-1.4,-11.1,-51.4,63.9,875.0,875.0,875.0,875.0,229.54,243.08,273.01,239.73,612.48,2890.0,982.88,3500.0,985.36,1.0,1.0,1.0,1.0,22.5,MAX_UNIFORM_COOL,19.119
4,High Occupancy / Low Computer Load,0,684,6840.0,34,8,9,9,8,9.21,1.03,IDLE,58.06,9.14,3.71,IDLE,61.99,9.48,1.7,IDLE,59.4,9.36,3.33,IDLE,61.7,10.4,2.39,LIGHT,61.59,12.52,3.08,LIGHT,65.27,10.78,2.8,LIGHT,62.67,9.59,1.56,IDLE,59.33,7.23,2.57,IDLE,57.89,11.76,2.04,LIGHT,62.76,28.9,58.0,255.0,0.25,22.0,COOLING,0.25,22.0,COOLING,0.25,22.0,COOLING,0.25,22.0,COOLING,24.851,24.981,25.052,24.681,24.891,25.052,24.681,0.371,241.15,126.86,122.0,120.65,680.0,765.0,765.0,680.0,182.78,243.75,305.96,250.2,-1.39,-10.99,-51.64,64.01,875.0,875.0,875.0,875.0,227.54,249.62,266.32,239.86,610.66,2890.0,982.69,3500.0,983.34,1.0,1.0,1.0,1.0,22.5,MAX_UNIFORM_COOL,19.2005
4,High Occupancy / Low Computer Load,0,685,6850.0,34,8,9,9,8,8.24,1.36,IDLE,57.34,9.86,2.95,IDLE,61.75,7.06,3.72,IDLE,59.41,10.65,2.69,LIGHT,62.35,8.52,3.86,IDLE,61.44,8.54,3.6,IDLE,61.07,9.43,3.19,IDLE,61.57,10.84,1.73,LIGHT,61.14,9.97,1.12,IDLE,59.14,10.87,3.72,LIGHT,64.17,28.9,58.0,255.1,0.25,22.0,COOLING,0.25,22.0,COOLING,0.25,22.0,COOLING,0.25,22.0,COOLING,24.856,24.986,25.057,24.686,24.896,25.057,24.686,0.371,240.85,122.51,122.71,123.31,680.0,765.0,765.0,680.0,182.71,243.7,305.94,250.15,-1.38,-10.99,-51.63,64.01,875.0,875.0,875.0,875.0,227.18,245.22,267.02,242.47,609.38,2890.0,982.5,3500.0,981.89,1.0,1.0,1.0,1.0,22.5,MAX_UNIFORM_COOL,19.2833
4,High Occupancy / Low Computer Load,0,686,6860.0,34,8,9,9,8,12.11,1.7,LIGHT,62.69,9.78,2.97,IDLE,61.68,9.83,1.09,IDLE,58.92,8.83,2.95,IDLE,60.46,12.4,2.26,LIGHT,63.89,10.32,1.94,LIGHT,60.81,12.3,2.72,LIGHT,64.45,8.25,2.02,IDLE,58.34,8.5,3.0,IDLE,60.12,12.67,2.24,LIGHT,64.2,28.91,58.0,255.3,0.25,22.0,COOLING,0.25,22.0,COOLING,0.25,22.0,COOLING,0.25,22.0,COOLING,24.861,24.991,25.062,24.691,24.901,25.062,24.691,0.371,243.75,124.7,122.79,124.32,680.0,765.0,765.0,680.0,182.9,243.93,306.23,250.38,-1.39,-10.99,-51.63,64.01,875.0,875.0,875.0,875.0,230.26,247.64,267.39,243.71,615.56,2890.0,983.44,3500.0,989.0,1.0,1.0,1.0,1.0,22.5,MAX_UNIFORM_COOL,19.3711
4,High Occupancy / Low Computer Load,0,687,6870.0,34,8,9,9,8,10.48,1.61,LIGHT,60.52,9.13,2.5,IDLE,60.16,11.77,1.02,LIGHT,61.24,10.4,3.75,LIGHT,63.62,7.82,1.16,IDLE,56.52,8.95,1.8,IDLE,58.89,9.73,1.27,IDLE,59.07,10.76,2.29,LIGHT,61.89,8.73,1.31,IDLE,57.88,7.5,1.29,IDLE,56.31,28.91,58.0,255.4,0.25,22.0,COOLING,0.25,22.0,COOLING,0.25,22.0,COOLING,0.25,22.0,COOLING,24.866,24.996,25.067,24.696,24.906,25.067,24.696,0.371,245.54,115.41,120.96,114.19,680.0,765.0,765.0,680.0,182.82,243.88,306.2,250.33,-1.39,-10.99,-51.64,64.01,875.0,875.0,875.0,875.0,231.97,238.3,265.52,233.53,596.1,2890.0,983.23,3500.0,969.32,1.0,1.0,1.0,1.0,22.5,MAX_UNIFORM_COOL,19.4472
4,High Occupancy / Low Computer Load,0,688,6880.0,34,8,9,9,8,7.14,3.61,IDLE,59.34,12.5,3.92,LIGHT,66.5,12.65,2.51,LIGHT,64.58,9.96,1.08,IDLE,59.07,12.27,1.47,LIGHT,62.54,11.64,2.48,LIGHT,63.27,12.57,2.85,LIGHT,64.99,8.35,3.2,IDLE,60.24,11.27,2.45,LIGHT,62.76,7.87,3.0,IDLE,59.34,28.91,58.0,255.6,0.25,22.0,COOLING,0.25,22.0,COOLING,0.25,22.0,COOLING,0.25,22.0,COOLING,24.871,25.001,25.073,24.701,24.912,25.073,24.701,0.372,249.49,125.81,125.23,122.1,680.0,765.0,765.0,680.0,182.8,243.9,306.27,250.35,-1.38,-10.99,-51.64,64.01,875.0,875.0,875.0,875.0,235.91,248.72,269.86,241.46,622.63,2890.0,983.32,3500.0,995.95,1.0,1.0,1.0,1.0,22.5,MAX_UNIFORM_COOL,19.551
4,High Occupancy / Low Computer Load,0,689,6890.0,34,8,9,9,8,11.7,2.32,LIGHT,63.1,11.12,1.02,LIGHT,60.43,12.92,1.32,LIGHT,63.13,12.77,2.06,LIGHT,64.05,10.46,3.43,LIGHT,63.22,8.06,2.04,IDLE,58.14,12.8,3.7,LIGHT,66.55,10.01,3.38,LIGHT,62.58,7.73,1.9,IDLE,57.51,10.16,3.69,LIGHT,63.23,28.91,58.0,255.7,0.25,22.0,COOLING,0.25,22.0,COOLING,0.25,22.0,COOLING,0.25,22.0,COOLING,24.876,25.006,25.079,24.706,24.917,25.079,24.706,0.373,250.71,121.36,129.13,120.74,680.0,765.0,765.0,680.0,182.73,243.85,306.24,250.3,-1.37,-10.88,-51.87,64.12,875.0,875.0,875.0,875.0,237.07,244.33,273.5,240.16,621.94,2890.0,983.12,3500.0,995.06,1.0,1.0,1.0,1.0,22.5,MAX_UNIFORM_COOL,19.6426
4,High Occupancy / Low Computer Load,0,690,6900.0,34,8,9,9,8,9.37,1.67,IDLE,59.22,10.26,1.85,LIGHT,60.6,12.85,3.09,LIGHT,65.7,11.35,1.89,LIGHT,62.02,10.32,3.79,LIGHT,63.59,12.0,1.59,LIGHT,62.38,8.49,2.37,IDLE,59.17,9.94,3.7,IDLE,62.97,12.21,3.62,LIGHT,65.69,11.48,3.18,LIGHT,64.12,28.92,58.0,255.8,0.25,22.0,COOLING,0.25,22.0,COOLING,0.25,22.0,COOLING,0.25,22.0,COOLING,24.881,25.011,25.084,24.711,24.922,25.084,24.711,0.373,247.54,125.97,122.14,129.81,680.0,765.0,765.0,680.0,182.87,244.03,306.4,250.48,-1.36,-10.77,-52.11,64.23,875.0,875.0,875.0,875.0,234.05,249.23,266.43,249.52,625.46,2890.0,983.78,3500.0,999.23,1.0,1.0,1.0,1.0,22.5,MAX_UNIFORM_COOL,19.7262
4,High Occupancy / Low Computer Load,0,691,6910.0,34,8,9,9,8,9.31,2.22,IDLE,59.97,11.71,3.73,LIGHT,65.23,9.85,2.8,IDLE,61.51,7.42,1.04,IDLE,55.84,9.37,1.25,IDLE,58.59,9.33,3.29,IDLE,61.6,8.26,1.08,IDLE,56.95,12.98,3.53,LIGHT,66.52,7.81,3.91,IDLE,60.63,12.26,2.95,LIGHT,64.75,28.92,58.0,256.0,0.25,22.0,COOLING,0.25,22.0,COOLING,0.25,22.0,COOLING,0.25,22.0,COOLING,24.886,25.016,25.089,24.716,24.927,25.089,24.716,0.373,242.55,120.19,123.47,125.38,680.0,765.0,765.0,680.0,182.84,244.04,306.47,250.49,-1.36,-10.77,-52.11,64.23,875.0,875.0,875.0,875.0,229.03,243.46,267.83,245.1,611.59,2890.0,983.84,3500.0,985.42,1.0,1.0,1.0,1.0,22.5,MAX_UNIFORM_COOL,19.8056
4,High Occupancy / Low Computer Load,0,692,6920.0,34,8,9,9,8,9.05,1.22,IDLE,58.14,11.97,1.91,LIGHT,62.83,7.53,1.32,IDLE,56.39,9.77,1.36,IDLE,59.25,10.93,3.91,LIGHT,64.53,11.24,1.8,LIGHT,61.75,9.72,1.16,IDLE,58.89,8.62,1.21,IDLE,57.59,8.53,1.63,IDLE,58.11,10.28,3.25,LIGHT,62.72,28.92,58.0,256.1,0.25,22.0,COOLING,0.25,22.0,COOLING,0.25,22.0,COOLING,0.25,22.0,COOLING,24.891,25.021,25.094,24.721,24.932,25.094,24.721,0.373,236.61,126.28,116.48,120.83,680.0,765.0,765.0,680.0,182.77,244.0,306.46,250.45,-1.35,-10.77,-52.1,64.23,875.0,875.0,875.0,875.0,223.03,249.51,260.84,240.51,600.2,2890.0,983.68,3500.0,973.89,1.0,1.0,1.0,1.0,22.5,MAX_UNIFORM_COOL,19.8848
4,High Occupancy / Low Computer Load,0,693,6930.0,34,8,9,9,8,11.05,3.58,LIGHT,64.18,11.65,2.95,LIGHT,63.99,9.01,3.48,IDLE,61.48,8.04,2.82,IDLE,59.28,10.25,1.49,LIGHT,60.05,10.3,2.86,LIGHT,62.16,12.54,1.44,LIGHT,62.83,10.32,1.28,LIGHT,59.82,12.24,2.68,LIGHT,64.32,12.38,2.13,LIGHT,63.67,28.93,58.0,256.2,0.25,22.0,COOLING,0.25,22.0,COOLING,0.25,22.0,COOLING,0.25,22.0,COOLING,24.896,25.026,25.099,24.726,24.937,25.099,24.726,0.373,248.93,122.21,122.65,127.99,680.0,765.0,765.0,680.0,182.92,244.16,306.64,250.61,-1.35,-10.77,-52.11,64.23,875.0,875.0,875.0,875.0,235.5,245.6,267.18,247.83,621.78,2890.0,984.33,3500.0,996.11,1.0,1.0,1.0,1.0,22.5,MAX_UNIFORM_COOL,19.9817
4,High Occupancy / Low Computer Load,0,694,6940.0,34,8,9,9,8,8.42,3.56,IDLE,60.86,10.0,3.24,LIGHT,62.36,12.9,3.67,LIGHT,66.63,9.0,2.15,IDLE,59.48,11.01,1.45,LIGHT,60.94,8.57,3.97,IDLE,61.67,10.45,3.52,LIGHT,63.34,10.32,1.35,LIGHT,59.92,11.66,2.26,LIGHT,62.97,8.3,3.84,IDLE,61.13,28.93,58.0,256.4,0.25,22.0,COOLING,0.25,22.0,COOLING,0.25,22.0,COOLING,0.25,22.0,COOLING,24.901,25.031,25.104,24.731,24.942,25.104,24.731,0.373,249.33,122.61,123.26,124.1,680.0,765.0,765.0,680.0,182.88,244.19,306.72,250.64,-1.36,-10.77,-52.11,64.23,875.0,875.0,875.0,875.0,235.85,246.03,267.87,243.97,619.3,2890.0,984.43,3500.0,993.72,1.0,1.0,1.0,1.0,22.5,MAX_UNIFORM_COOL,20.0674
4,High Occupancy / Low Computer Load,0,695,6950.0,34,8,9,9,8,7.02,1.1,IDLE,55.42,7.91,2.87,IDLE,59.19,11.25,2.71,LIGHT,63.13,12.18,1.43,LIGHT,62.37,11.2,3.63,LIGHT,64.44,12.68,2.35,LIGHT,64.38,9.52,3.44,IDLE,62.06,12.72,3.48,LIGHT,66.12,7.77,2.82,IDLE,58.94,10.33,1.56,LIGHT,60.25,28.93,58.0,256.5,0.25,22.0,COOLING,0.25,22.0,COOLING,0.25,22.0,COOLING,0.25,22.0,COOLING,24.906,25.036,25.11,24.736,24.947,25.11,24.736,0.374,240.11,128.82,128.18,119.19,680.0,765.0,765.0,680.0,182.81,244.14,306.7,250.59,-1.35,-10.77,-52.1,64.23,875.0,875.0,875.0,875.0,226.57,252.19,272.78,239.01,616.3,2890.0,984.24,3500.0,990.55,1.0,1.0,1.0,1.0,22.5,MAX_UNIFORM_COOL,20.1606
4,High Occupancy / Low Computer Load,0,696,6960.0,34,8,9,9,8,8.31,3.1,IDLE,60.04,11.67,2.69,LIGHT,63.62,10.76,3.71,LIGHT,64.02,9.36,1.48,IDLE,58.92,10.31,1.18,LIGHT,59.66,9.41,1.26,IDLE,58.65,7.65,3.34,IDLE,59.57,12.57,3.85,LIGHT,66.49,8.31,3.97,IDLE,61.34,12.5,2.97,LIGHT,65.08,28.93,58.0,256.7,0.25,22.0,COOLING,0.25,22.0,COOLING,0.25,22.0,COOLING,0.25,22.0,COOLING,24.911,25.041,25.116,24.741,24.952,25.116,24.741,0.375,246.6,118.31,126.06,126.42,680.0,765.0,765.0,680.0,182.78,244.16,306.74,250.61,-1.34,-10.66,-52.34,64.34,875.0,875.0,875.0,875.0,233.04,241.81,270.46,246.37,617.39,2890.0,984.29,3500.0,991.68,1.0,1.0,1.0,1.0,22.5,MAX_UNIFORM_COOL,20.2511
4,High Occupancy / Low Computer Load,0,697,6970.0,34,8,9,9,8,12.36,3.81,LIGHT,66.17,7.82,1.73,IDLE,57.37,11.11,3.67,LIGHT,64.39,11.8,2.6,LIGHT,63.65,8.27,2.69,IDLE,59.37,10.73,3.7,LIGHT,63.96,9.14,1.65,IDLE,58.9,10.19,3.85,LIGHT,63.51,7.25,2.15,IDLE,57.29,8.51,1.62,IDLE,58.07,28.94,58.0,256.8,0.25,22.0,COOLING,0.25,22.0,COOLING,0.25,22.0,COOLING,0.25,22.0,COOLING,24.916,25.046,25.121,24.746,24.957,25.121,24.746,0.375,251.58,123.33,122.41,115.36,680.0,765.0,765.0,680.0,182.92,244.33,306.92,250.78,-1.33,-10.55,-52.57,64.45,875.0,875.0,875.0,875.0,238.17,247.11,266.76,235.59,612.68,2890.0,984.95,3500.0,987.63,1.0,1.0,1.0,1.0,22.5,MAX_UNIFORM_COOL,20.3373
4,High Occupancy / Low Computer Load,0,698,6980.0,34,8,9,9,8,9.85,1.0,IDLE,58.81,12.99,2.65,LIGHT,65.21,8.2,2.0,IDLE,58.25,10.87,1.1,LIGHT,60.24,11.27,3.05,LIGHT,63.66,10.44,2.97,LIGHT,62.5,7.53,1.99,IDLE,57.4,11.29,1.85,LIGHT,61.89,11.11,3.65,LIGHT,64.36,11.02,3.01,LIGHT,63.29,28.94,58.0,256.9,0.25,22.0,COOLING,0.25,22.0,COOLING,0.25,22.0,COOLING,0.25,22.0,COOLING,24.921,25.051,25.126,24.751,24.962,25.126,24.751,0.375,242.51,126.16,119.29,127.65,680.0,765.0,765.0,680.0,182.86,244.28,306.9,250.73,-1.33,-10.55,-52.57,64.45,875.0,875.0,875.0,875.0,229.04,249.89,263.62,247.83,615.61,2890.0,984.77,3500.0,990.38,1.0,1.0,1.0,1.0,22.5,MAX_UNIFORM_COOL,20.422
4,High Occupancy / Low Computer Load,0,699,6990.0,34,8,9,9,8,12.61,1.34,LIGHT,62.77,7.11,3.86,IDLE,59.68,10.0,1.91,LIGHT,60.37,11.63,2.3,LIGHT,62.99,8.72,3.48,IDLE,61.12,11.78,1.05,LIGHT,61.3,10.92,2.35,LIGHT,62.17,12.54,3.67,LIGHT,66.18,11.12,1.48,LIGHT,61.12,11.4,1.36,LIGHT,61.29,28.94,58.0,257.1,0.25,22.0,COOLING,0.25,22.0,COOLING,0.25,22.0,COOLING,0.25,22.0,COOLING,24.926,25.056,25.132,24.756,24.968,25.132,24.756,0.376,245.81,122.42,128.35,122.41,680.0,765.0,765.0,680.0,182.82,244.3,306.96,250.75,-1.32,-10.55,-52.58,64.45,875.0,875.0,875.0,875.0,232.31,246.17,272.73,242.61,618.99,2890.0,984.83,3500.0,993.82,1.0,1.0,1.0,1.0,22.5,MAX_UNIFORM_COOL,20.5202
4,High Occupancy / Low Computer Load,0,700,7000.0,34,8,9,9,8,8.41,2.64,IDLE,59.47,9.79,1.21,IDLE,59.05,7.21,3.79,IDLE,59.7,9.3,1.95,IDLE,59.55,12.31,3.3,LIGHT,65.34,8.28,1.67,IDLE,57.86,11.07,3.59,LIGHT,64.22,10.19,1.96,LIGHT,60.68,12.2,1.85,LIGHT,63.02,9.06,3.99,IDLE,62.31,28.94,58.0,257.2,0.25,22.0,COOLING,0.25,22.0,COOLING,0.25,22.0,COOLING,0.25,22.0,COOLING,24.931,25.061,25.137,24.761,24.973,25.137,24.761,0.376,237.77,123.2,124.9,125.33,680.0,765.0,765.0,680.0,182.75,244.26,306.92,250.71,-1.31,-10.44,-52.81,64.56,875.0,875.0,875.0,875.0,224.21,247.02,269.01,245.6,611.2,2890.0,984.64,3500.0,985.84,1.0,1.0,1.0,1.0,22.5,MAX_UNIFORM_COOL,20.6016
4,High Occupancy / Low Computer Load,0,701,7010.0,34,8,9,9,8,9.36,1.84,IDLE,59.46,11.65,1.77,LIGHT,62.22,9.67,1.61,IDLE,59.5,8.76,3.24,IDLE,60.81,12.74,2.11,LIGHT,64.09,8.92,3.67,IDLE,61.66,7.28,3.82,IDLE,59.83,11.2,3.7,LIGHT,64.55,7.58,1.52,IDLE,56.76,9.67,1.07,IDLE,58.69,28.95,58.0,257.4,0.25,22.0,COOLING,0.25,22.0,COOLING,0.25,22.0,COOLING,0.25,22.0,COOLING,24.936,25.066,25.142,24.766,24.977,25.142,24.766,0.376,241.99,125.75,124.38,115.45,680.0,765.0,765.0,680.0,182.93,244.49,307.2,250.94,-1.31,-10.44,-52.81,64.56,875.0,875.0,875.0,875.0,228.61,249.8,268.77,235.95,607.57,2890.0,985.56,3500.0,983.13,1.0,1.0,1.0,1.0,22.5,MAX_UNIFORM_COOL,20.6898
4,High Occupancy / Low Computer Load,0,702,7020.0,34,8,9,9,8,7.19,2.59,IDLE,57.87,12.64,2.1,LIGHT,63.95,12.16,1.53,LIGHT,62.5,10.26,3.65,LIGHT,63.3,10.23,2.32,LIGHT,61.27,7.5,2.55,IDLE,58.2,7.67,1.48,IDLE,56.81,10.69,2.46,LIGHT,62.05,11.83,2.55,LIGHT,63.61,11.99,2.7,LIGHT,64.04,28.95,58.0,257.5,0.25,22.0,COOLING,0.25,22.0,COOLING,0.25,22.0,COOLING,0.25,22.0,COOLING,24.941,25.071,25.147,24.771,24.983,25.147,24.771,0.376,247.62,119.47,118.86,127.65,680.0,765.0,765.0,680.0,182.86,244.45,307.18,250.9,-1.31,-10.44,-52.81,64.56,875.0,875.0,875.0,875.0,234.17,243.48,263.23,248.11,613.6,2890.0,985.39,3500.0,988.99,1.0,1.0,1.0,1.0,22.5,MAX_UNIFORM_COOL,20.7762
4,High Occupancy / Low Computer Load,0,703,7030.0,34,8,9,9,8,9.66,3.78,IDLE,62.75,12.28,3.26,LIGHT,65.24,12.56,3.95,LIGHT,66.62,10.14,1.42,LIGHT,59.8,11.19,3.69,LIGHT,64.52,8.12,3.34,IDLE,60.16,7.11,1.13,IDLE,55.58,11.46,2.03,LIGHT,62.37,12.65,3.79,LIGHT,66.5,10.37,1.05,LIGHT,59.54,28.95,58.0,257.6,0.25,22.0,COOLING,0.25,22.0,COOLING,0.25,22.0,COOLING,0.25,22.0,COOLING,24.946,25.076,25.152,24.776,24.988,25.152,24.776,0.376,254.41,124.68,117.95,126.04,680.0,765.0,765.0,680.0,182.79,244.4,307.16,250.85,-1.31,-10.44,-52.81,64.56,875.0,875.0,875.0,875.0,240.89,248.64,262.3,246.45,623.08,2890.0,985.2,3500.0,998.28,1.0,1.0,1.0,1.0,22.5,MAX_UNIFORM_COOL,20.8691
4,High Occupancy / Low Computer Load,0,704,7040.0,34,8,9,9,8,8.75,1.44,IDLE,58.1,8.91,2.52,IDLE,59.92,12.19,1.5,LIGHT,62.49,9.35,3.16,IDLE,61.43,11.57,2.68,LIGHT,63.48,10.26,2.73,LIGHT,61.92,12.76,2.57,LIGHT,64.81,12.49,3.57,LIGHT,65.97,9.99,3.52,IDLE,62.77,8.1,3.14,IDLE,59.84,28.96,58.0,257.8,0.25,22.0,COOLING,0.25,22.0,COOLING,0.25,22.0,COOLING,0.25,22.0,COOLING,24.951,25.081,25.158,24.781,24.993,25.158,24.781,0.377,241.94,125.4,130.78,122.61,680.0,765.0,765.0,680.0,182.97,244.63,307.44,251.08,-1.31,-10.44,-52.81,64.56,875.0,875.0,875.0,875.0,228.6,249.59,275.41,243.25,620.73,2890.0,986.12,3500.0,996.85,1.0,1.0,1.0,1.0,22.5,MAX_UNIFORM_COOL,20.9665
4,High Occupancy / Low Computer Load,0,705,7050.0,34,8,9,9,8,9.83,3.72,IDLE,62.87,9.67,2.03,IDLE,60.13,9.14,2.85,IDLE,60.7,11.3,2.4,LIGHT,62.73,10.51,2.88,LIGHT,62.46,11.57,3.87,LIGHT,65.27,8.11,2.62,IDLE,59.07,12.75,2.75,LIGHT,65.06,7.81,3.52,IDLE,60.04,11.29,1.44,LIGHT,61.27,28.96,58.0,257.9,0.25,22.0,COOLING,0.25,22.0,COOLING,0.25,22.0,COOLING,0.25,22.0,COOLING,24.956,25.086,25.163,24.786,24.998,25.163,24.786,0.377,246.43,127.73,124.13,121.31,680.0,765.0,765.0,680.0,182.9,244.59,307.4,251.04,-1.3,-10.33,-53.05,64.67,875.0,875.0,875.0,875.0,233.03,251.99,268.48,242.02,619.6,2890.0,985.93,3500.0,995.52,1.0,1.0,1.0,1.0,22.5,MAX_UNIFORM_COOL,21.0526
4,High Occupancy / Low Computer Load,0,706,7060.0,34,8,9,9,8,8.33,2.05,IDLE,58.49,8.95,1.26,IDLE,58.08,11.22,1.98,LIGHT,61.99,8.65,3.71,IDLE,61.38,12.48,1.9,LIGHT,63.45,9.07,2.88,IDLE,60.66,7.39,3.16,IDLE,58.98,10.29,4.0,LIGHT,63.86,9.48,3.09,IDLE,61.48,11.8,1.01,LIGHT,61.27,28.96,58.0,258.1,0.25,22.0,COOLING,0.25,22.0,COOLING,0.25,22.0,COOLING,0.25,22.0,COOLING,24.961,25.091,25.168,24.791,25.003,25.168,24.791,0.377,239.94,124.11,122.84,122.75,680.0,765.0,765.0,680.0,182.88,244.6,307.48,251.05,-1.29,-10.33,-53.05,64.67,875.0,875.0,875.0,875.0,226.53,248.38,267.27,243.47,609.64,2890.0,986.01,3500.0,985.65,1.0,1.0,1.0,1.0,22.5,MAX_UNIFORM_COOL,21.135
4,High Occupancy / Low Computer Load,0,707,7070.0,34,8,9,9,8,11.21,1.87,LIGHT,61.82,11.36,3.37,LIGHT,64.25,10.94,2.23,LIGHT,62.02,11.82,3.35,LIGHT,64.8,12.3,1.64,LIGHT,62.84,11.65,1.16,LIGHT,61.3,9.17,1.54,IDLE,58.77,9.64,1.68,IDLE,59.57,11.08,3.78,LIGHT,64.52,11.1,1.69,LIGHT,61.41,28.96,58.0,258.2,0.25,22.0,COOLING,0.25,22.0,COOLING,0.25,22.0,COOLING,0.25,22.0,COOLING,24.966,25.096,25.173,24.796,25.008,25.173,24.796,0.377,252.89,124.14,118.34,125.93,680.0,765.0,765.0,680.0,182.81,244.56,307.45,251.01,-1.29,-10.33,-53.04,64.67,875.0,875.0,875.0,875.0,239.41,248.37,262.75,246.61,621.3,2890.0,985.83,3500.0,997.14,1.0,1.0,1.0,1.0,22.5,MAX_UNIFORM_COOL,21.2279
4,High Occupancy / Low Computer Load,0,708,7080.0,34,8,9,9,8,7.15,2.85,IDLE,58.21,12.45,1.35,LIGHT,62.59,7.62,1.17,IDLE,56.28,8.13,1.34,IDLE,57.17,8.82,3.06,IDLE,60.62,11.15,1.1,LIGHT,60.59,10.82,3.37,LIGHT,63.58,11.32,2.63,LIGHT,63.09,10.63,2.14,LIGHT,61.5,9.95,1.26,IDLE,59.33,28.97,58.0,258.3,0.25,22.0,COOLING,0.25,22.0,COOLING,0.25,22.0,COOLING,0.25,22.0,COOLING,24.971,25.101,25.179,24.801,25.013,25.179,24.801,0.378,234.25,121.21,126.67,120.83,680.0,765.0,765.0,680.0,182.95,244.73,307.65,251.18,-1.3,-10.33,-53.04,64.67,875.0,875.0,875.0,875.0,220.9,245.61,271.28,241.68,602.96,2890.0,986.51,3500.0,979.47,1.0,1.0,1.0,1.0,22.5,MAX_UNIFORM_COOL,21.3166
4,High Occupancy / Low Computer Load,0,709,7090.0,34,8,9,9,8,12.64,1.04,LIGHT,62.36,7.05,3.43,IDLE,58.96,10.08,2.47,LIGHT,61.3,10.35,1.8,LIGHT,60.64,8.7,3.89,IDLE,61.71,8.32,2.48,IDLE,59.12,9.9,1.32,IDLE,59.35,10.72,1.4,LIGHT,60.5,12.66,2.69,LIGHT,64.86,12.72,3.4,LIGHT,66.0,28.97,58.0,258.5,0.25,22.0,COOLING,0.25,22.0,COOLING,0.25,22.0,COOLING,0.25,22.0,COOLING,24.976,25.106,25.184,24.806,25.018,25.184,24.806,0.378,243.26,120.83,119.85,130.86,680.0,765.0,765.0,680.0,182.92,244.74,307.7,251.19,-1.28,-10.22,-53.28,64.78,875.0,875.0,875.0,875.0,229.9,245.35,264.27,251.83,614.8,2890.0,986.55,3500.0,991.35,1.0,1.0,1.0,1.0,22.5,MAX_UNIFORM_COOL,21.408
4,High Occupancy / Low Computer Load,0,710,7100.0,34,8,9,9,8,10.5,1.67,LIGHT,60.63,9.48,2.15,IDLE,60.08,9.54,3.53,IDLE,62.22,8.79,1.35,IDLE,58.01,7.42,1.09,IDLE,55.91,9.24,2.87,IDLE,60.85,9.84,3.09,IDLE,61.93,10.23,1.51,LIGHT,60.05,7.68,2.09,IDLE,57.73,11.65,2.13,LIGHT,62.76,28.97,58.0,258.6,0.25,22.0,COOLING,0.25,22.0,COOLING,0.25,22.0,COOLING,0.25,22.0,COOLING,24.981,25.111,25.189,24.811,25.023,25.189,24.811,0.378,240.94,116.76,121.98,120.49,680.0,765.0,765.0,680.0,182.84,244.7,307.67,251.15,-1.28,-10.22,-53.28,64.78,875.0,875.0,875.0,875.0,227.5,241.24,266.37,241.42,600.17,2890.0,986.36,3500.0,976.53,1.0,1.0,1.0,1.0,22.5,MAX_UNIFORM_COOL,21.4919
4,High Occupancy / Low Computer Load,0,711,7110.0,34,8,9,9,8,12.49,1.72,LIGHT,63.19,9.56,3.06,IDLE,61.54,7.88,1.62,IDLE,57.28,11.96,2.62,LIGHT,63.88,11.42,1.39,LIGHT,61.36,9.18,2.49,IDLE,60.21,7.41,2.11,IDLE,57.43,11.99,1.27,LIGHT,61.89,11.99,3.32,LIGHT,64.97,7.83,3.57,IDLE,60.14,28.98,58.0,258.8,0.25,22.0,COOLING,0.25,22.0,COOLING,0.25,22.0,COOLING,0.25,22.0,COOLING,24.986,25.116,25.194,24.816,25.028,25.194,24.816,0.378,245.89,121.57,119.32,125.11,680.0,765.0,765.0,680.0,183.03,244.93,307.96,251.38,-1.28,-10.22,-53.28,64.78,875.0,875.0,875.0,875.0,232.64,246.28,264.0,246.27,611.89,2890.0,987.3,3500.0,989.19,1.0,1.0,1.0,1.0,22.5,MAX_UNIFORM_COOL,21.5866
4,High Occupancy / Low Computer Load,0,712,7120.0,34,8,9,9,8,8.18,3.13,IDLE,59.92,12.6,1.02,LIGHT,62.28,11.81,3.01,LIGHT,64.28,12.25,2.23,LIGHT,63.66,9.93,1.49,IDLE,59.65,9.45,2.03,IDLE,59.86,10.57,2.74,LIGHT,62.32,10.44,3.37,LIGHT,63.1,10.48,1.8,LIGHT,60.8,10.23,2.06,LIGHT,60.88,28.98,58.0,258.9,0.25,22.0,COOLING,0.25,22.0,COOLING,0.25,22.0,COOLING,0.25,22.0,COOLING,24.991,25.121,25.2,24.821,25.033,25.2,24.821,0.379,250.14,119.51,125.42,121.68,680.0,765.0,765.0,680.0,182.96,244.89,307.94,251.34,-1.28,-10.22,-53.28,64.78,875.0,875.0,875.0,875.0,236.82,244.18,270.08,242.8,616.75,2890.0,987.13,3500.0,993.88,1.0,1.0,1.0,1.0,22.5,MAX_UNIFORM_COOL,21.6872
4,High Occupancy / Low Computer Load,0,713,7130.0,34,8,9,9,8,10.0,3.15,LIGHT,62.23,9.11,3.11,IDLE,61.05,10.65,2.42,LIGHT,61.94,11.85,3.76,LIGHT,65.45,7.26,3.9,IDLE,59.93,9.74,3.98,IDLE,63.14,9.42,2.59,IDLE,60.66,11.12,2.1,LIGHT,62.05,11.72,1.77,LIGHT,62.31,11.97,2.05,LIGHT,63.04,28.98,58.0,259.0,0.25,22.0,COOLING,0.25,22.0,COOLING,0.25,22.0,COOLING,0.25,22.0,COOLING,24.996,25.126,25.205,24.826,25.038,25.205,24.826,0.379,250.67,123.07,122.71,125.35,680.0,765.0,765.0,680.0,182.88,244.85,307.89,251.3,-1.26,-10.11,-53.51,64.89,875.0,875.0,875.0,875.0,237.29,247.81,267.09,246.54,621.8,2890.0,986.92,3500.0,998.73,1.0,1.0,1.0,1.0,22.5,MAX_UNIFORM_COOL,21.7782
4,High Occupancy / Low Computer Load,0,714,7140.0,34,8,9,9,8,11.88,1.03,LIGHT,61.4,10.67,1.52,LIGHT,60.62,8.12,2.18,IDLE,58.42,9.65,1.85,IDLE,59.84,11.03,2.35,LIGHT,62.31,12.05,2.77,LIGHT,64.22,9.15,2.78,IDLE,60.61,10.93,1.02,LIGHT,60.19,7.18,1.17,IDLE,55.73,9.0,3.45,IDLE,61.42,28.98,58.0,259.2,0.25,22.0,COOLING,0.25,22.0,COOLING,0.25,22.0,COOLING,0.25,22.0,COOLING,25.001,25.131,25.21,24.831,25.043,25.21,24.831,0.379,240.28,126.53,120.8,117.15,680.0,765.0,765.0,680.0,182.86,244.86,307.96,251.31,-1.26,-10.11,-53.51,64.89,875.0,875.0,875.0,875.0,226.88,251.28,265.25,238.35,604.76,2890.0,986.99,3500.0,981.76,1.0,1.0,1.0,1.0,22.5,MAX_UNIFORM_COOL,21.8605
4,High Occupancy / Low Computer Load,0,715,7150.0,34,8,9,9,8,7.36,1.88,IDLE,57.02,10.04,3.3,LIGHT,62.5,9.88,2.64,IDLE,61.31,8.99,3.37,IDLE,61.29,8.14,1.23,IDLE,57.02,12.32,2.5,LIGHT,64.15,9.11,1.23,IDLE,58.23,8.64,2.35,IDLE,59.32,7.6,2.03,IDLE,57.55,7.54,3.33,IDLE,59.42,28.99,58.0,259.3,0.25,22.0,COOLING,0.25,22.0,COOLING,0.25,22.0,COOLING,0.25,22.0,COOLING,25.006,25.136,25.215,24.836,25.048,25.215,24.836,0.379,242.12,121.17,117.55,116.97,680.0,765.0,765.0,680.0,183.0,245.03,308.16,251.48,-1.27,-10.11,-53.52,64.89,875.0,875.0,875.0,875.0,228.85,246.09,262.19,238.34,597.81,2890.0,987.67,3500.0,975.47,1.0,1.0,1.0,1.0,22.5,MAX_UNIFORM_COOL,21.9464
4,High Occupancy / Low Computer Load,0,716,7160.0,34,8,9,9,8,7.74,2.9,IDLE,59.02,12.01,3.25,LIGHT,64.89,8.37,1.57,IDLE,57.82,12.17,3.08,LIGHT,64.83,12.66,2.22,LIGHT,64.16,11.77,1.47,LIGHT,61.92,10.81,3.15,LIGHT,63.24,8.49,1.45,IDLE,57.79,11.07,2.98,LIGHT,63.31,11.41,3.43,LIGHT,64.41,28.99,58.0,259.4,0.25,22.0,COOLING,0.25,22.0,COOLING,0.25,22.0,COOLING,0.25,22.0,COOLING,25.011,25.141,25.22,24.841,25.053,25.22,24.841,0.379,246.56,126.08,121.03,127.72,680.0,765.0,765.0,680.0,182.93,244.98,308.13,251.43,-1.27,-10.11,-53.52,64.89,875.0,875.0,875.0,875.0,233.22,250.95,265.64,249.04,621.39,2890.0,987.47,3500.0,998.85,1.0,1.0,1.0,1.0,22.5,MAX_UNIFORM_COOL,22.048
4,High Occupancy / Low Computer Load,0,717,7170.0,34,8,9,9,8,8.9,3.66,IDLE,61.62,8.56,2.29,IDLE,59.14,8.82,2.11,IDLE,59.19,7.62,2.96,IDLE,58.96,9.24,2.05,IDLE,59.62,9.16,1.28,IDLE,58.37,7.65,3.8,IDLE,60.26,11.04,3.45,LIGHT,63.97,8.83,1.37,IDLE,58.09,12.42,1.91,LIGHT,63.39,28.99,58.0,259.6,0.25,22.0,COOLING,0.25,22.0,COOLING,0.25,22.0,COOLING,0.25,22.0,COOLING,25.016,25.146,25.225,24.846,25.058,25.225,24.846,0.379,238.91,117.99,124.23,121.48,680.0,765.0,765.0,680.0,182.9,245.0,308.2,251.45,-1.26,-10.11,-53.51,64.89,875.0,875.0,875.0,875.0,225.55,242.88,268.92,242.82,602.61,2890.0,987.55,3500.0,980.17,1.0,1.0,1.0,1.0,22.5,MAX_UNIFORM_COOL,22.1304
4,High Occupancy / Low Computer Load,0,718,7180.0,34,8,9,9,8,9.39,2.62,IDLE,60.67,11.3,3.84,LIGHT,64.89,10.59,1.6,LIGHT,60.64,7.85,3.18,IDLE,59.58,7.02,3.03,IDLE,58.32,9.66,1.19,IDLE,58.86,11.53,1.56,LIGHT,61.75,9.9,2.83,IDLE,61.62,12.21,2.33,LIGHT,63.76,7.14,1.79,IDLE,56.61,28.99,58.0,259.7,0.25,22.0,COOLING,0.25,22.0,COOLING,0.25,22.0,COOLING,0.25,22.0,COOLING,25.021,25.151,25.23,24.851,25.063,25.23,24.851,0.379,245.78,117.18,123.37,120.37,680.0,765.0,765.0,680.0,182.83,244.96,308.19,251.41,-1.26,-10.11,-53.52,64.89,875.0,875.0,875.0,875.0,232.35,242.03,268.04,241.67,606.7,2890.0,987.39,3500.0,984.09,1.0,1.0,1.0,1.0,22.5,MAX_UNIFORM_COOL,22.2233
4,High Occupancy / Low Computer Load,0,719,7190.0,34,8,9,9,8,8.62,3.99,IDLE,61.76,11.86,3.33,LIGHT,64.82,7.31,1.81,IDLE,56.85,11.11,3.6,LIGHT,64.29,12.41,1.35,LIGHT,62.54,7.72,1.32,IDLE,56.63,12.82,3.86,LIGHT,66.81,8.1,3.2,IDLE,59.92,7.1,2.83,IDLE,58.12,12.45,1.83,LIGHT,63.31,29.0,58.0,259.9,0.25,22.0,COOLING,0.25,22.0,COOLING,0.25,22.0,COOLING,0.25,22.0,COOLING,25.026,25.156,25.236,24.856,25.069,25.236,24.856,0.38,247.72,119.17,126.73,121.43,680.0,765.0,765.0,680.0,183.01,245.19,308.46,251.64,-1.27,-10.11,-53.52,64.89,875.0,875.0,875.0,875.0,234.46,244.25,271.67,242.96,615.05,2890.0,988.3,3500.0,993.34,1.0,1.0,1.0,1.0,22.5,MAX_UNIFORM_COOL,22.3264
