scenario_id,scenario_name,run_id,timestep_index,timestamp_seconds,total_occupancy,occupancy_zone_1,occupancy_zone_2,occupancy_zone_3,occupancy_zone_4,cpu_util_comp_1,gpu_util_comp_1,workload_cat_comp_1,heat_w_comp_1,thermal_contrib_comp_1,status_comp_1,cpu_util_comp_2,gpu_util_comp_2,workload_cat_comp_2,heat_w_comp_2,thermal_contrib_comp_2,status_comp_2,cpu_util_comp_3,gpu_util_comp_3,workload_cat_comp_3,heat_w_comp_3,thermal_contrib_comp_3,status_comp_3,cpu_util_comp_4,gpu_util_comp_4,workload_cat_comp_4,heat_w_comp_4,thermal_contrib_comp_4,status_comp_4,cpu_util_comp_5,gpu_util_comp_5,workload_cat_comp_5,heat_w_comp_5,thermal_contrib_comp_5,status_comp_5,cpu_util_comp_6,gpu_util_comp_6,workload_cat_comp_6,heat_w_comp_6,thermal_contrib_comp_6,status_comp_6,cpu_util_comp_7,gpu_util_comp_7,workload_cat_comp_7,heat_w_comp_7,thermal_contrib_comp_7,status_comp_7,cpu_util_comp_8,gpu_util_comp_8,workload_cat_comp_8,heat_w_comp_8,thermal_contrib_comp_8,status_comp_8,cpu_util_comp_9,gpu_util_comp_9,workload_cat_comp_9,heat_w_comp_9,thermal_contrib_comp_9,status_comp_9,cpu_util_comp_10,gpu_util_comp_10,workload_cat_comp_10,heat_w_comp_10,thermal_contrib_comp_10,status_comp_10,outdoor_temperature_c,relative_humidity_percent,solar_irradiance_w_m2,cooling_level_ac1,setpoint_ac1,state_ac1,cooling_level_ac2,setpoint_ac2,state_ac2,cooling_level_ac3,setpoint_ac3,state_ac3,cooling_level_ac4,setpoint_ac4,state_ac4,zone_1_temperature_c,zone_2_temperature_c,zone_3_temperature_c,zone_4_temperature_c,room_average_temperature_c,max_zone_temperature_c,min_zone_temperature_c,temperature_gradient_c,comp_heat_zone_1_w,comp_heat_zone_2_w,comp_heat_zone_3_w,comp_heat_zone_4_w,occ_heat_zone_1_w,occ_heat_zone_2_w,occ_heat_zone_3_w,occ_heat_zone_4_w,env_heat_zone_1_w,env_heat_zone_2_w,env_heat_zone_3_w,env_heat_zone_4_w,interzone_heat_zone_1_w,interzone_heat_zone_2_w,interzone_heat_zone_3_w,interzone_heat_zone_4_w,hvac_cooling_zone_1_w,hvac_cooling_zone_2_w,hvac_cooling_zone_3_w,hvac_cooling_zone_4_w,net_heat_zone_1_w,net_heat_zone_2_w,net_heat_zone_3_w,net_heat_zone_4_w,total_computational_heat_w,total_occupancy_heat_w,total_envelope_heat_w,total_hvac_cooling_w,total_net_heat_w,optimal_cooling_ac1,optimal_cooling_ac2,optimal_cooling_ac3,optimal_cooling_ac4,optimal_temperature_c,optimal_hvac_action,target_objective_cost
2,Occupancy Concentration,0,0,0.0,9,2,2,3,2,22.59,6.49,LIGHT,82.97,LOW,RUNNING,21.14,5.17,LIGHT,79.18,LOW,RUNNING,23.1,7.19,LIGHT,84.66,LOW,RUNNING,20.97,5.0,LIGHT,78.71,LOW,RUNNING,18.33,4.27,LIGHT,74.32,LOW,RUNNING,23.8,8.25,LIGHT,87.12,LOW,RUNNING,22.96,7.0,LIGHT,84.2,LOW,RUNNING,21.69,5.29,LIGHT,80.05,LOW,RUNNING,20.29,4.62,LIGHT,77.29,LOW,RUNNING,23.12,6.51,LIGHT,83.67,LOW,RUNNING,26.5,55.0,180.0,0.25,22.0,COOLING,0.25,22.0,COOLING,0.25,22.0,COOLING,0.25,22.0,COOLING,22.129,22.126,22.129,22.126,22.128,22.129,22.126,0.003,325.52,161.44,164.25,160.96,170.0,170.0,255.0,170.0,161.39,206.39,251.39,206.39,0.0,0.0,0.0,0.0,875.0,875.0,875.0,875.0,-218.09,-337.17,-204.36,-337.65,812.17,765.0,825.56,3500.0,-1097.27,0.0,0.0,0.0,0.0,22.5,ECO_MAINTAIN,0.3586
2,Occupancy Concentration,0,1,10.0,9,2,2,3,2,22.66,6.45,LIGHT,83.0,LOW,RUNNING,21.05,5.05,LIGHT,78.89,LOW,RUNNING,22.93,7.11,LIGHT,84.33,LOW,RUNNING,20.88,5.03,LIGHT,78.64,LOW,RUNNING,18.4,4.38,LIGHT,74.57,LOW,RUNNING,23.97,8.34,LIGHT,87.47,LOW,RUNNING,23.07,6.99,LIGHT,84.32,LOW,RUNNING,21.65,5.19,LIGHT,79.85,LOW,RUNNING,20.13,4.51,LIGHT,76.93,LOW,RUNNING,22.99,6.5,LIGHT,83.49,LOW,RUNNING,26.5,55.0,180.2,0.25,22.0,COOLING,0.25,22.0,COOLING,0.25,22.0,COOLING,0.25,22.0,COOLING,22.125,22.119,22.125,22.119,22.122,22.125,22.119,0.006,324.86,162.04,164.17,160.42,170.0,170.0,255.0,170.0,161.56,206.66,251.65,206.66,-0.66,0.66,-0.66,0.66,875.0,875.0,875.0,875.0,-219.24,-335.64,-204.84,-337.26,811.49,765.0,826.53,3500.0,-1096.98,0.0,0.0,0.0,0.0,22.5,ECO_MAINTAIN,0.3722
2,Occupancy Concentration,0,2,20.0,9,2,2,3,2,22.7,6.38,LIGHT,82.94,LOW,RUNNING,20.93,4.93,LIGHT,78.56,LOW,RUNNING,22.77,7.05,LIGHT,84.04,LOW,RUNNING,20.82,5.08,LIGHT,78.65,LOW,RUNNING,18.5,4.5,LIGHT,74.88,LOW,RUNNING,24.14,8.42,LIGHT,87.8,LOW,RUNNING,23.15,6.95,LIGHT,84.36,LOW,RUNNING,21.57,5.07,LIGHT,79.57,LOW,RUNNING,19.96,4.42,LIGHT,76.58,LOW,RUNNING,22.89,6.52,LIGHT,83.39,LOW,RUNNING,26.51,55.0,180.3,0.25,22.0,COOLING,0.25,22.0,COOLING,0.25,22.0,COOLING,0.25,22.0,COOLING,22.121,22.112,22.121,22.112,22.116,22.121,22.112,0.009,324.19,162.68,163.93,159.97,170.0,170.0,255.0,170.0,161.89,207.1,252.04,207.1,-1.32,1.32,-1.32,1.32,875.0,875.0,875.0,875.0,-220.24,-333.9,-205.35,-336.61,810.77,765.0,828.13,3500.0,-1096.1,0.0,0.0,0.0,0.0,22.5,ECO_MAINTAIN,0.386
2,Occupancy Concentration,0,3,30.0,10,2,2,4,2,22.69,6.29,LIGHT,82.8,LOW,RUNNING,20.78,4.81,LIGHT,78.19,LOW,RUNNING,22.61,7.01,LIGHT,83.78,LOW,RUNNING,20.8,5.16,LIGHT,78.74,LOW,RUNNING,18.63,4.62,LIGHT,75.22,LOW,RUNNING,24.3,8.47,LIGHT,88.08,LOW,RUNNING,23.19,6.89,LIGHT,84.32,LOW,RUNNING,21.45,4.95,LIGHT,79.24,LOW,RUNNING,19.79,4.35,LIGHT,76.26,LOW,RUNNING,22.83,6.57,LIGHT,83.39,LOW,RUNNING,26.51,55.0,180.5,0.25,22.0,COOLING,0.25,22.0,COOLING,0.25,22.0,COOLING,0.25,22.0,COOLING,22.116,22.105,22.119,22.105,22.111,22.119,22.105,0.014,323.51,163.3,163.56,159.65,170.0,170.0,340.0,170.0,162.05,207.37,252.3,207.37,-1.98,1.98,-1.98,1.98,875.0,875.0,875.0,875.0,-221.42,-332.35,-121.12,-336.0,810.02,850.0,829.09,3500.0,-1010.89,0.0,0.0,0.0,0.0,22.5,ECO_MAINTAIN,0.3952
2,Occupancy Concentration,0,4,40.0,10,2,2,4,2,22.65,6.18,LIGHT,82.58,LOW,RUNNING,20.62,4.71,LIGHT,77.84,LOW,RUNNING,22.49,7.0,LIGHT,83.61,LOW,RUNNING,20.82,5.25,LIGHT,78.9,LOW,RUNNING,18.78,4.73,LIGHT,75.57,LOW,RUNNING,24.44,8.5,LIGHT,88.3,LOW,RUNNING,23.2,6.81,LIGHT,84.22,LOW,RUNNING,21.31,4.83,LIGHT,78.88,LOW,RUNNING,19.64,4.31,LIGHT,76.02,LOW,RUNNING,22.8,6.64,LIGHT,83.46,LOW,RUNNING,26.51,55.0,180.7,0.25,22.0,COOLING,0.25,22.0,COOLING,0.25,22.0,COOLING,0.25,22.0,COOLING,22.111,22.098,22.117,22.098,22.106,22.117,22.098,0.019,322.93,163.87,163.1,159.48,170.0,170.0,340.0,170.0,162.23,207.65,252.52,207.65,-2.37,2.75,-3.12,2.75,875.0,875.0,875.0,875.0,-222.21,-330.73,-122.5,-335.12,809.38,850.0,830.05,3500.0,-1010.56,0.0,0.0,0.0,0.0,22.5,ECO_MAINTAIN,0.4095
2,Occupancy Concentration,0,5,50.0,11,2,2,5,2,22.56,6.07,LIGHT,82.31,LOW,RUNNING,20.45,4.62,LIGHT,77.49,LOW,RUNNING,22.39,7.02,LIGHT,83.52,LOW,RUNNING,20.88,5.36,LIGHT,79.14,LOW,RUNNING,18.95,4.83,LIGHT,75.93,LOW,RUNNING,24.56,8.49,LIGHT,88.44,LOW,RUNNING,23.16,6.7,LIGHT,84.0,LOW,RUNNING,21.15,4.72,LIGHT,78.52,LOW,RUNNING,19.51,4.3,LIGHT,75.84,LOW,RUNNING,22.82,6.74,LIGHT,83.64,LOW,RUNNING,26.52,55.0,180.8,0.25,22.0,COOLING,0.25,22.0,COOLING,0.25,22.0,COOLING,0.25,22.0,COOLING,22.106,22.091,22.116,22.091,22.101,22.116,22.091,0.025,322.46,164.37,162.52,159.48,170.0,170.0,425.0,170.0,162.59,208.07,252.86,208.07,-2.77,3.52,-4.27,3.52,875.0,875.0,875.0,875.0,-222.72,-329.04,-38.89,-333.93,808.83,935.0,831.59,3500.0,-924.58,0.0,0.0,0.0,0.0,22.5,ECO_MAINTAIN,0.42
2,Occupancy Concentration,0,6,60.0,12,2,2,6,2,22.45,5.95,LIGHT,81.99,LOW,RUNNING,20.29,4.55,LIGHT,77.19,LOW,RUNNING,22.32,7.07,LIGHT,83.51,LOW,RUNNING,20.98,5.48,LIGHT,79.44,LOW,RUNNING,19.12,4.91,LIGHT,76.27,LOW,RUNNING,24.64,8.46,LIGHT,88.49,LOW,RUNNING,23.08,6.59,LIGHT,83.73,LOW,RUNNING,20.98,4.63,LIGHT,78.17,LOW,RUNNING,19.4,4.32,LIGHT,75.73,LOW,RUNNING,22.87,6.84,LIGHT,83.85,LOW,RUNNING,26.52,55.0,181.0,0.25,22.0,COOLING,0.25,22.0,COOLING,0.25,22.0,COOLING,0.25,22.0,COOLING,22.101,22.084,22.117,22.084,22.096,22.117,22.084,0.033,322.13,164.76,161.9,159.58,170.0,170.0,510.0,170.0,162.78,208.34,253.07,208.34,-3.15,4.4,-5.65,4.4,875.0,875.0,875.0,875.0,-223.24,-327.5,44.32,-332.68,808.37,1020.0,832.53,3500.0,-839.1,0.0,0.0,0.0,0.0,22.5,ECO_MAINTAIN,0.4316
2,Occupancy Concentration,0,7,70.0,13,2,2,7,2,22.3,5.83,LIGHT,81.62,LOW,RUNNING,20.13,4.51,LIGHT,76.93,LOW,RUNNING,22.3,7.14,LIGHT,83.58,LOW,RUNNING,21.11,5.6,LIGHT,79.79,LOW,RUNNING,19.28,4.97,LIGHT,76.55,LOW,RUNNING,24.69,8.4,LIGHT,88.46,LOW,RUNNING,22.97,6.47,LIGHT,83.42,LOW,RUNNING,20.82,4.56,LIGHT,77.87,LOW,RUNNING,19.33,4.36,LIGHT,75.7,LOW,RUNNING,22.96,6.96,LIGHT,84.14,LOW,RUNNING,26.52,55.0,181.2,0.25,22.0,COOLING,0.25,22.0,COOLING,0.25,22.0,COOLING,0.25,22.0,COOLING,22.096,22.077,22.12,22.077,22.093,22.12,22.077,0.043,321.92,165.01,161.29,159.84,170.0,170.0,595.0,170.0,162.96,208.62,253.21,208.62,-3.5,5.5,-7.5,5.5,875.0,875.0,875.0,875.0,-223.62,-325.87,127.0,-331.04,808.06,1105.0,833.41,3500.0,-753.53,0.0,0.0,0.0,0.0,22.5,ECO_MAINTAIN,0.4446
2,Occupancy Concentration,0,8,80.0,14,2,2,8,2,22.14,5.72,LIGHT,81.25,LOW,RUNNING,20.0,4.5,LIGHT,76.75,LOW,RUNNING,22.32,7.24,LIGHT,83.76,LOW,RUNNING,21.26,5.72,LIGHT,80.16,LOW,RUNNING,19.42,5.0,LIGHT,76.78,LOW,RUNNING,24.7,8.32,LIGHT,88.36,LOW,RUNNING,22.83,6.35,LIGHT,83.06,LOW,RUNNING,20.66,4.52,LIGHT,77.61,LOW,RUNNING,19.3,4.43,LIGHT,75.77,LOW,RUNNING,23.09,7.08,LIGHT,84.48,LOW,RUNNING,26.53,55.0,181.3,0.25,22.0,COOLING,0.25,22.0,COOLING,0.25,22.0,COOLING,0.25,22.0,COOLING,22.091,22.07,22.124,22.07,22.089,22.124,22.07,0.054,321.92,165.14,160.67,160.25,170.0,170.0,680.0,170.0,163.32,209.05,253.45,209.05,-3.82,6.82,-9.82,6.82,875.0,875.0,875.0,875.0,-223.58,-323.99,209.3,-328.88,807.98,1190.0,834.87,3500.0,-667.15,0.0,0.0,0.0,0.0,22.5,ECO_MAINTAIN,0.4596
2,Occupancy Concentration,0,9,90.0,15,2,2,9,2,21.98,5.63,LIGHT,80.92,LOW,RUNNING,19.9,4.52,LIGHT,76.66,LOW,RUNNING,22.37,7.35,LIGHT,83.99,LOW,RUNNING,21.42,5.82,LIGHT,80.51,LOW,RUNNING,19.54,5.0,LIGHT,76.92,LOW,RUNNING,24.66,8.22,LIGHT,88.16,LOW,RUNNING,22.67,6.24,LIGHT,82.7,LOW,RUNNING,20.52,4.5,LIGHT,77.4,LOW,RUNNING,19.31,4.52,LIGHT,75.92,LOW,RUNNING,23.23,7.2,LIGHT,84.84,LOW,RUNNING,26.53,55.0,181.5,0.25,22.0,COOLING,0.25,22.0,COOLING,0.25,22.0,COOLING,0.25,22.0,COOLING,22.086,22.063,22.13,22.063,22.085,22.13,22.063,0.067,322.08,165.08,160.1,160.76,170.0,170.0,765.0,170.0,163.5,209.33,253.54,209.33,-4.13,8.25,-12.37,8.25,875.0,875.0,875.0,875.0,-223.55,-322.34,291.27,-326.66,808.02,1275.0,835.7,3500.0,-581.28,0.0,0.0,0.0,0.0,22.5,ECO_MAINTAIN,0.4772
2,Occupancy Concentration,0,10,100.0,16,2,2,10,2,21.81,5.56,LIGHT,80.6,LOW,RUNNING,19.83,4.56,LIGHT,76.63,LOW,RUNNING,22.47,7.47,LIGHT,84.29,LOW,RUNNING,21.59,5.9,LIGHT,80.84,LOW,RUNNING,19.63,4.97,LIGHT,76.99,LOW,RUNNING,24.59,8.1,LIGHT,87.89,LOW,RUNNING,22.51,6.14,LIGHT,82.35,LOW,RUNNING,20.41,4.51,LIGHT,77.28,LOW,RUNNING,19.36,4.63,LIGHT,76.15,LOW,RUNNING,23.4,7.3,LIGHT,85.2,LOW,RUNNING,26.53,55.0,181.7,0.25,22.0,COOLING,0.25,22.0,COOLING,0.25,22.0,COOLING,0.25,22.0,COOLING,22.081,22.056,22.138,22.056,22.083,22.138,22.056,0.082,322.36,164.88,159.63,161.35,170.0,170.0,850.0,170.0,163.69,209.6,253.59,209.6,-4.4,9.9,-15.4,9.9,875.0,875.0,875.0,875.0,-223.35,-320.62,372.82,-324.15,808.22,1360.0,836.48,3500.0,-495.3,0.0,0.0,0.0,0.0,22.5,ECO_MAINTAIN,0.4981
2,Occupancy Concentration,0,11,110.0,16,2,2,10,2,21.65,5.52,LIGHT,80.34,LOW,RUNNING,19.8,4.63,LIGHT,76.69,LOW,RUNNING,22.59,7.59,LIGHT,84.62,LOW,RUNNING,21.76,5.96,LIGHT,81.14,LOW,RUNNING,19.69,4.91,LIGHT,76.98,LOW,RUNNING,24.49,7.98,LIGHT,87.58,LOW,RUNNING,22.34,6.07,LIGHT,82.03,LOW,RUNNING,20.34,4.55,LIGHT,77.25,LOW,RUNNING,19.45,4.75,LIGHT,76.44,LOW,RUNNING,23.56,7.39,LIGHT,85.53,LOW,RUNNING,26.54,55.0,181.8,0.25,22.0,COOLING,0.25,22.0,COOLING,0.25,22.0,COOLING,0.25,22.0,COOLING,22.076,22.049,22.146,22.049,22.08,22.146,22.049,0.097,322.79,164.56,159.28,161.97,170.0,170.0,850.0,170.0,164.04,210.03,253.71,210.03,-4.64,11.77,-18.9,11.77,875.0,875.0,875.0,875.0,-222.81,-318.64,369.09,-321.23,808.6,1360.0,837.81,3500.0,-493.59,0.0,0.0,0.0,0.0,22.5,ECO_MAINTAIN,0.5185
2,Occupancy Concentration,0,12,120.0,17,2,2,11,2,21.52,5.5,LIGHT,80.15,LOW,RUNNING,19.81,4.72,LIGHT,76.84,LOW,RUNNING,22.74,7.7,LIGHT,84.97,LOW,RUNNING,21.9,5.99,LIGHT,81.36,LOW,RUNNING,19.7,4.83,LIGHT,76.87,LOW,RUNNING,24.35,7.86,LIGHT,87.23,LOW,RUNNING,22.18,6.02,LIGHT,81.75,LOW,RUNNING,20.3,4.62,LIGHT,77.31,LOW,RUNNING,19.57,4.87,LIGHT,76.77,LOW,RUNNING,23.73,7.45,LIGHT,85.84,LOW,RUNNING,26.54,55.0,182.0,0.25,22.0,COOLING,0.25,22.0,COOLING,0.25,22.0,COOLING,0.25,22.0,COOLING,22.071,22.043,22.155,22.043,22.078,22.155,22.043,0.112,323.32,164.1,159.06,162.61,170.0,170.0,935.0,170.0,164.23,210.31,253.72,210.31,-4.89,13.64,-22.39,13.64,875.0,875.0,875.0,875.0,-222.34,-316.95,450.39,-318.44,809.09,1445.0,838.57,3500.0,-407.34,0.0,0.0,0.0,0.0,22.5,ECO_MAINTAIN,0.5425
2,Occupancy Concentration,0,13,130.0,18,2,2,12,2,21.41,5.51,LIGHT,80.03,LOW,RUNNING,19.86,4.83,LIGHT,77.07,LOW,RUNNING,22.9,7.81,LIGHT,85.34,LOW,RUNNING,22.03,6.0,LIGHT,81.54,LOW,RUNNING,19.67,4.73,LIGHT,76.68,LOW,RUNNING,24.2,7.75,LIGHT,86.88,LOW,RUNNING,22.04,6.0,LIGHT,81.55,LOW,RUNNING,20.31,4.71,LIGHT,77.45,LOW,RUNNING,19.71,4.98,LIGHT,77.11,LOW,RUNNING,23.88,7.49,LIGHT,86.08,LOW,RUNNING,26.55,55.0,182.2,0.25,22.0,COOLING,0.25,22.0,COOLING,0.25,22.0,COOLING,0.25,22.0,COOLING,22.066,22.037,22.166,22.037,22.076,22.166,22.037,0.129,323.98,163.56,159.0,163.19,170.0,170.0,1020.0,170.0,164.63,210.78,253.91,210.78,-4.9,15.4,-25.9,15.4,875.0,875.0,875.0,875.0,-221.29,-315.26,532.01,-315.63,809.73,1530.0,840.1,3500.0,-320.17,0.0,0.0,0.0,0.0,22.5,ECO_MAINTAIN,0.5711
2,Occupancy Concentration,0,14,140.0,19,2,2,13,2,21.34,5.55,LIGHT,80.0,LOW,RUNNING,19.95,4.95,LIGHT,77.36,LOW,RUNNING,23.07,7.89,LIGHT,85.67,LOW,RUNNING,22.12,5.97,LIGHT,81.61,LOW,RUNNING,19.6,4.62,LIGHT,76.43,LOW,RUNNING,24.03,7.66,LIGHT,86.53,LOW,RUNNING,21.93,6.01,LIGHT,81.43,LOW,RUNNING,20.35,4.81,LIGHT,77.65,LOW,RUNNING,19.87,5.09,LIGHT,77.47,LOW,RUNNING,24.01,7.5,LIGHT,86.26,LOW,RUNNING,26.55,55.0,182.3,0.25,22.0,COOLING,0.25,22.0,COOLING,0.25,22.0,COOLING,0.25,22.0,COOLING,22.062,22.031,22.179,22.031,22.076,22.179,22.031,0.148,324.64,162.96,159.08,163.73,170.0,170.0,1105.0,170.0,164.77,210.97,253.77,210.97,-4.88,17.38,-29.88,17.38,875.0,875.0,875.0,875.0,-220.47,-313.69,612.97,-312.92,810.41,1615.0,840.48,3500.0,-234.11,0.0,0.0,0.0,0.0,22.5,ECO_MAINTAIN,0.6044
2,Occupancy Concentration,0,15,150.0,20,2,2,14,2,21.3,5.62,LIGHT,80.06,LOW,RUNNING,20.07,5.07,LIGHT,77.69,LOW,RUNNING,23.23,7.95,LIGHT,85.96,LOW,RUNNING,22.18,5.92,LIGHT,81.6,LOW,RUNNING,19.5,4.5,LIGHT,76.12,LOW,RUNNING,23.86,7.58,LIGHT,86.2,LOW,RUNNING,21.85,6.05,LIGHT,81.39,LOW,RUNNING,20.43,4.93,LIGHT,77.93,LOW,RUNNING,20.04,5.18,LIGHT,77.82,LOW,RUNNING,24.11,7.48,LIGHT,86.36,LOW,RUNNING,26.55,55.0,182.5,0.25,22.0,COOLING,0.25,22.0,COOLING,0.25,22.0,COOLING,0.25,22.0,COOLING,22.058,22.025,22.193,22.025,22.075,22.193,22.025,0.168,325.31,162.32,159.32,164.18,170.0,170.0,1190.0,170.0,164.93,211.22,253.67,211.22,-5.07,19.69,-34.31,19.69,875.0,875.0,875.0,875.0,-219.83,-311.77,693.68,-309.91,811.13,1700.0,841.04,3500.0,-147.83,0.0,0.0,0.0,0.0,22.5,ECO_MAINTAIN,0.6431
2,Occupancy Concentration,0,16,160.0,21,2,2,15,2,21.31,5.71,LIGHT,80.2,LOW,RUNNING,20.22,5.19,LIGHT,78.06,LOW,RUNNING,23.39,7.99,LIGHT,86.22,LOW,RUNNING,22.2,5.84,LIGHT,81.51,LOW,RUNNING,19.37,4.38,LIGHT,75.78,LOW,RUNNING,23.7,7.53,LIGHT,85.92,LOW,RUNNING,21.81,6.11,LIGHT,81.43,LOW,RUNNING,20.55,5.05,LIGHT,78.26,LOW,RUNNING,20.21,5.25,LIGHT,78.14,LOW,RUNNING,24.17,7.43,LIGHT,86.36,LOW,RUNNING,26.56,55.0,182.7,0.25,22.0,COOLING,0.25,22.0,COOLING,0.25,22.0,COOLING,0.25,22.0,COOLING,22.054,22.019,22.209,22.019,22.075,22.209,22.019,0.19,325.99,161.7,159.69,164.5,170.0,170.0,1275.0,170.0,165.3,211.69,253.75,211.69,-5.24,22.11,-38.99,22.11,875.0,875.0,875.0,875.0,-218.95,-309.5,774.45,-306.7,811.88,1785.0,842.43,3500.0,-60.7,0.0,0.0,0.0,0.0,22.5,ECO_MAINTAIN,0.6888
2,Occupancy Concentration,0,17,170.0,21,2,2,15,2,21.35,5.82,LIGHT,80.42,LOW,RUNNING,20.38,5.29,LIGHT,78.41,LOW,RUNNING,23.51,8.0,LIGHT,86.39,LOW,RUNNING,22.18,5.75,LIGHT,81.35,LOW,RUNNING,19.22,4.27,LIGHT,75.43,LOW,RUNNING,23.56,7.5,LIGHT,85.7,LOW,RUNNING,21.8,6.19,LIGHT,81.53,LOW,RUNNING,20.69,5.17,LIGHT,78.62,LOW,RUNNING,20.36,5.29,LIGHT,78.39,LOW,RUNNING,24.2,7.36,LIGHT,86.29,LOW,RUNNING,26.56,55.0,182.8,0.25,22.0,COOLING,0.25,22.0,COOLING,0.25,22.0,COOLING,0.25,22.0,COOLING,22.05,22.013,22.225,22.013,22.075,22.225,22.013,0.212,326.57,161.13,160.15,164.68,170.0,170.0,1275.0,170.0,165.43,211.88,253.5,211.88,-5.38,24.75,-44.13,24.75,875.0,875.0,875.0,875.0,-218.38,-307.24,769.52,-303.69,812.53,1785.0,842.69,3500.0,-59.79,0.0,0.0,0.002,0.0,22.5,ECO_MAINTAIN,0.7267
2,Occupancy Concentration,0,18,180.0,22,2,2,16,2,21.44,5.93,LIGHT,80.69,LOW,RUNNING,20.55,5.38,LIGHT,78.76,LOW,RUNNING,23.61,7.98,LIGHT,86.48,LOW,RUNNING,22.12,5.64,LIGHT,81.11,LOW,RUNNING,19.05,4.17,LIGHT,75.07,LOW,RUNNING,23.44,7.51,LIGHT,85.57,LOW,RUNNING,21.84,6.3,LIGHT,81.75,LOW,RUNNING,20.85,5.28,LIGHT,78.98,LOW,RUNNING,20.49,5.3,LIGHT,78.56,LOW,RUNNING,24.18,7.26,LIGHT,86.11,LOW,RUNNING,26.56,55.0,183.0,0.25,22.0,COOLING,0.25,22.0,COOLING,0.25,22.0,COOLING,0.25,22.0,COOLING,22.046,22.007,22.242,22.007,22.076,22.242,22.007,0.235,327.04,160.64,160.73,164.67,170.0,170.0,1360.0,170.0,165.58,212.14,253.32,212.14,-5.51,27.39,-49.26,27.39,875.0,875.0,875.0,875.0,-217.89,-304.83,849.79,-300.8,813.08,1870.0,843.18,3500.0,26.27,0.0,0.0,0.003,0.0,22.5,ECO_MAINTAIN,0.7827
2,Occupancy Concentration,0,19,190.0,22,2,2,16,2,21.55,6.05,LIGHT,81.01,LOW,RUNNING,20.71,5.45,LIGHT,79.06,LOW,RUNNING,23.68,7.93,LIGHT,86.49,LOW,RUNNING,22.02,5.52,LIGHT,80.81,LOW,RUNNING,18.88,4.09,LIGHT,74.73,LOW,RUNNING,23.36,7.54,LIGHT,85.51,LOW,RUNNING,21.92,6.41,LIGHT,82.02,LOW,RUNNING,21.02,5.37,LIGHT,79.33,LOW,RUNNING,20.6,5.28,LIGHT,78.67,LOW,RUNNING,24.13,7.16,LIGHT,85.9,LOW,RUNNING,26.57,55.0,183.2,0.25,22.0,COOLING,0.25,22.0,COOLING,0.25,22.0,COOLING,0.25,22.0,COOLING,22.042,22.001,22.259,22.001,22.076,22.259,22.001,0.258,327.37,160.24,161.35,164.57,170.0,170.0,1360.0,170.0,165.97,212.6,253.35,212.6,-5.64,30.14,-54.64,30.14,875.0,875.0,875.0,875.0,-217.3,-302.02,845.06,-297.69,813.53,1870.0,844.52,3500.0,28.05,0.0,0.0,0.003,0.0,22.5,ECO_MAINTAIN,0.8281
2,Occupancy Concentration,0,20,200.0,22,2,2,16,2,21.7,6.17,LIGHT,81.38,LOW,RUNNING,20.87,5.49,LIGHT,79.32,LOW,RUNNING,23.7,7.86,LIGHT,86.42,LOW,RUNNING,21.89,5.4,LIGHT,80.46,LOW,RUNNING,18.72,4.03,LIGHT,74.45,LOW,RUNNING,23.31,7.6,LIGHT,85.54,LOW,RUNNING,22.03,6.53,LIGHT,82.33,LOW,RUNNING,21.18,5.44,LIGHT,79.63,LOW,RUNNING,20.67,5.24,LIGHT,78.7,LOW,RUNNING,24.04,7.04,LIGHT,85.61,LOW,RUNNING,26.57,55.0,183.3,0.25,22.0,COOLING,0.25,22.0,COOLING,0.25,22.0,COOLING,0.25,22.0,COOLING,22.038,21.995,22.276,21.995,22.076,22.276,21.995,0.281,327.58,159.99,161.96,164.31,170.0,170.0,1360.0,170.0,166.09,212.79,253.08,212.79,-5.77,32.89,-60.01,32.89,875.0,875.0,875.0,875.0,-217.1,-299.33,840.03,-295.01,813.84,1870.0,844.75,3500.0,28.59,0.0,0.0,0.003,0.0,22.5,ECO_MAINTAIN,0.8762
2,Occupancy Concentration,0,21,210.0,22,2,2,16,2,21.86,6.28,LIGHT,81.75,LOW,RUNNING,21.0,5.5,LIGHT,79.5,LOW,RUNNING,23.68,7.76,LIGHT,86.24,LOW,RUNNING,21.74,5.28,LIGHT,80.09,LOW,RUNNING,18.58,4.0,LIGHT,74.22,LOW,RUNNING,23.3,7.68,LIGHT,85.64,LOW,RUNNING,22.17,6.65,LIGHT,82.69,LOW,RUNNING,21.34,5.48,LIGHT,79.89,LOW,RUNNING,20.7,5.17,LIGHT,78.63,LOW,RUNNING,23.91,6.92,LIGHT,85.27,LOW,RUNNING,26.57,55.0,183.5,0.25,22.0,COOLING,0.25,22.0,COOLING,0.25,22.0,COOLING,0.25,22.0,COOLING,22.034,21.989,22.293,21.989,22.076,22.293,21.989,0.304,327.58,159.86,162.58,163.9,170.0,170.0,1360.0,170.0,166.25,213.05,252.88,213.05,-5.89,35.64,-65.39,35.64,875.0,875.0,875.0,875.0,-217.06,-296.45,835.07,-292.41,813.92,1870.0,845.23,3500.0,29.15,0.0,0.0,0.003,0.0,22.5,ECO_MAINTAIN,0.927
2,Occupancy Concentration,0,22,220.0,22,2,2,16,2,22.02,6.37,LIGHT,82.08,LOW,RUNNING,21.1,5.48,LIGHT,79.59,LOW,RUNNING,23.63,7.65,LIGHT,86.01,LOW,RUNNING,21.58,5.18,LIGHT,79.74,LOW,RUNNING,18.46,4.0,LIGHT,74.08,LOW,RUNNING,23.34,7.78,LIGHT,85.84,LOW,RUNNING,22.33,6.76,LIGHT,83.05,LOW,RUNNING,21.48,5.5,LIGHT,80.1,LOW,RUNNING,20.69,5.08,LIGHT,78.48,LOW,RUNNING,23.77,6.8,LIGHT,84.91,LOW,RUNNING,26.58,55.0,183.7,0.25,22.0,COOLING,0.25,22.0,COOLING,0.25,22.0,COOLING,0.25,22.0,COOLING,22.03,21.983,22.31,21.983,22.076,22.31,21.983,0.327,327.42,159.92,163.15,163.39,170.0,170.0,1360.0,170.0,166.63,213.52,252.91,213.52,-6.01,38.39,-70.76,38.39,875.0,875.0,875.0,875.0,-216.96,-293.17,830.3,-289.7,813.88,1870.0,846.58,3500.0,30.47,0.0,0.012,0.014,0.0,22.5,ECO_MAINTAIN,0.9815
2,Occupancy Concentration,0,23,230.0,22,2,2,16,2,22.19,6.44,LIGHT,82.4,LOW,RUNNING,21.17,5.44,LIGHT,79.62,LOW,RUNNING,23.53,7.53,LIGHT,85.71,LOW,RUNNING,21.41,5.1,LIGHT,79.41,LOW,RUNNING,18.37,4.03,LIGHT,74.01,LOW,RUNNING,23.41,7.9,LIGHT,86.11,LOW,RUNNING,22.49,6.86,LIGHT,83.4,LOW,RUNNING,21.59,5.49,LIGHT,80.22,LOW,RUNNING,20.64,4.97,LIGHT,78.25,LOW,RUNNING,23.6,6.7,LIGHT,84.55,LOW,RUNNING,26.58,55.0,183.8,0.25,22.0,COOLING,0.25,22.0,COOLING,0.25,22.0,COOLING,0.25,22.0,COOLING,22.026,21.977,22.327,21.977,22.077,22.327,21.977,0.35,327.14,160.12,163.62,162.8,170.0,170.0,1360.0,170.0,166.74,213.72,252.62,213.72,-6.14,41.14,-76.14,41.14,875.0,875.0,875.0,875.0,-217.26,-290.02,825.1,-287.34,813.68,1870.0,846.8,3500.0,30.48,0.0,0.023,0.025,0.0,22.5,ECO_MAINTAIN,1.0383
2,Occupancy Concentration,0,24,240.0,22,2,2,16,2,22.35,6.48,LIGHT,82.66,LOW,RUNNING,21.2,5.37,LIGHT,79.56,LOW,RUNNING,23.41,7.41,LIGHT,85.38,LOW,RUNNING,21.24,5.04,LIGHT,79.11,LOW,RUNNING,18.31,4.09,LIGHT,74.02,LOW,RUNNING,23.51,8.02,LIGHT,86.42,LOW,RUNNING,22.66,6.93,LIGHT,83.72,LOW,RUNNING,21.66,5.45,LIGHT,80.25,LOW,RUNNING,20.55,4.85,LIGHT,77.96,LOW,RUNNING,23.44,6.61,LIGHT,84.22,LOW,RUNNING,26.58,55.0,184.0,0.25,22.0,COOLING,0.25,22.0,COOLING,0.25,22.0,COOLING,0.25,22.0,COOLING,22.022,21.971,22.344,21.971,22.077,22.344,21.971,0.373,326.71,160.44,163.97,162.18,170.0,170.0,1360.0,170.0,166.91,213.96,252.44,213.96,-6.26,43.89,-81.52,43.89,875.0,875.0,875.0,875.0,-217.64,-286.71,819.89,-284.97,813.3,1870.0,847.27,3500.0,30.57,0.0,0.0,0.001,0.0,22.5,ECO_MAINTAIN,1.0951
2,Occupancy Concentration,0,25,250.0,22,2,2,16,2,22.48,6.5,LIGHT,82.85,LOW,RUNNING,21.19,5.28,LIGHT,79.41,LOW,RUNNING,23.26,7.3,LIGHT,85.03,LOW,RUNNING,21.1,5.01,LIGHT,78.89,LOW,RUNNING,18.3,4.17,LIGHT,74.13,LOW,RUNNING,23.65,8.14,LIGHT,86.77,LOW,RUNNING,22.82,6.98,LIGHT,84.0,LOW,RUNNING,21.7,5.38,LIGHT,80.19,LOW,RUNNING,20.43,4.73,LIGHT,77.63,LOW,RUNNING,23.27,6.55,LIGHT,83.91,LOW,RUNNING,26.59,55.0,184.2,0.25,22.0,COOLING,0.25,22.0,COOLING,0.25,22.0,COOLING,0.25,22.0,COOLING,22.018,21.965,22.361,21.965,22.077,22.361,21.965,0.396,326.18,160.9,164.19,161.54,170.0,170.0,1360.0,170.0,167.29,214.43,252.46,214.43,-6.39,46.64,-86.89,46.64,875.0,875.0,875.0,875.0,-217.92,-283.03,814.76,-282.39,812.81,1870.0,848.61,3500.0,31.42,0.0,0.0,0.0,0.0,22.5,ECO_MAINTAIN,1.1562
2,Occupancy Concentration,0,26,260.0,22,2,2,16,2,22.59,6.49,LIGHT,82.97,LOW,RUNNING,21.14,5.17,LIGHT,79.18,LOW,RUNNING,23.1,7.19,LIGHT,84.66,LOW,RUNNING,20.97,5.0,LIGHT,78.71,LOW,RUNNING,18.33,4.27,LIGHT,74.32,LOW,RUNNING,23.8,8.25,LIGHT,87.12,LOW,RUNNING,22.96,7.0,LIGHT,84.2,LOW,RUNNING,21.69,5.29,LIGHT,80.05,LOW,RUNNING,20.29,4.62,LIGHT,77.29,LOW,RUNNING,23.12,6.51,LIGHT,83.67,LOW,RUNNING,26.59,55.0,184.3,0.25,22.0,COOLING,0.25,22.0,COOLING,0.25,22.0,COOLING,0.25,22.0,COOLING,22.014,21.959,22.378,21.959,22.078,22.378,21.959,0.419,325.52,161.44,164.25,160.96,170.0,170.0,1360.0,170.0,167.41,214.63,252.18,214.63,-6.52,49.39,-92.27,49.39,875.0,875.0,875.0,875.0,-218.59,-279.54,809.16,-280.02,812.17,1870.0,848.85,3500.0,31.01,0.0,0.062,0.062,0.0,22.5,ECO_MAINTAIN,1.223
2,Occupancy Concentration,0,27,270.0,22,2,2,16,2,22.66,6.45,LIGHT,83.0,LOW,RUNNING,21.05,5.05,LIGHT,78.89,LOW,RUNNING,22.93,7.11,LIGHT,84.33,LOW,RUNNING,20.88,5.03,LIGHT,78.64,LOW,RUNNING,18.4,4.38,LIGHT,74.57,LOW,RUNNING,23.97,8.34,LIGHT,87.47,LOW,RUNNING,23.07,6.99,LIGHT,84.32,LOW,RUNNING,21.65,5.19,LIGHT,79.85,LOW,RUNNING,20.13,4.51,LIGHT,76.93,LOW,RUNNING,22.99,6.5,LIGHT,83.49,LOW,RUNNING,26.59,55.0,184.5,0.25,22.0,COOLING,0.25,22.0,COOLING,0.25,22.0,COOLING,0.25,22.0,COOLING,22.01,21.953,22.394,21.953,22.078,22.394,21.953,0.441,324.86,162.04,164.17,160.42,170.0,170.0,1360.0,170.0,167.57,214.88,252.0,214.88,-6.64,52.14,-97.64,52.14,875.0,875.0,875.0,875.0,-219.21,-275.94,803.53,-277.56,811.49,1870.0,849.33,3500.0,30.82,0.0,0.018,0.017,0.0,22.5,ECO_MAINTAIN,1.2837
2,Occupancy Concentration,0,28,280.0,22,2,2,16,2,22.7,6.38,LIGHT,82.94,LOW,RUNNING,20.93,4.93,LIGHT,78.56,LOW,RUNNING,22.77,7.05,LIGHT,84.04,LOW,RUNNING,20.82,5.08,LIGHT,78.65,LOW,RUNNING,18.5,4.5,LIGHT,74.88,LOW,RUNNING,24.14,8.42,LIGHT,87.8,LOW,RUNNING,23.15,6.95,LIGHT,84.36,LOW,RUNNING,21.57,5.07,LIGHT,79.57,LOW,RUNNING,19.96,4.42,LIGHT,76.58,LOW,RUNNING,22.89,6.52,LIGHT,83.39,LOW,RUNNING,26.6,55.0,184.7,0.25,22.0,COOLING,0.25,22.0,COOLING,0.25,22.0,COOLING,0.25,22.0,COOLING,22.006,21.947,22.41,21.947,22.078,22.41,21.947,0.463,324.19,162.68,163.93,159.97,170.0,170.0,1360.0,170.0,167.95,215.35,252.04,215.35,-6.78,54.78,-102.78,54.78,875.0,875.0,875.0,875.0,-219.64,-272.19,798.19,-274.9,810.77,1870.0,850.69,3500.0,31.46,0.0,0.117,0.115,0.0,22.5,ECO_MAINTAIN,1.3565
2,Occupancy Concentration,0,29,290.0,22,2,2,16,2,22.69,6.29,LIGHT,82.8,LOW,RUNNING,20.78,4.81,LIGHT,78.19,LOW,RUNNING,22.61,7.01,LIGHT,83.78,LOW,RUNNING,20.8,5.16,LIGHT,78.74,LOW,RUNNING,18.63,4.62,LIGHT,75.22,LOW,RUNNING,24.3,8.47,LIGHT,88.08,LOW,RUNNING,23.19,6.89,LIGHT,84.32,LOW,RUNNING,21.45,4.95,LIGHT,79.24,LOW,RUNNING,19.79,4.35,LIGHT,76.26,LOW,RUNNING,22.83,6.57,LIGHT,83.39,LOW,RUNNING,26.6,55.0,184.8,0.25,22.0,COOLING,0.25,22.0,COOLING,0.25,22.0,COOLING,0.25,22.0,COOLING,22.002,21.942,22.426,21.941,22.078,22.426,21.941,0.485,323.51,163.3,163.56,159.65,170.0,170.0,1360.0,170.0,168.07,215.54,251.79,215.54,-6.92,57.42,-107.92,57.42,875.0,875.0,875.0,875.0,-220.34,-268.74,792.43,-272.39,810.02,1870.0,850.94,3500.0,30.96,0.0,0.129,0.12,0.0,22.5,MODERATE_UNIFORM_COOL,1.4218
2,Occupancy Concentration,0,30,300.0,22,2,2,16,2,22.65,6.18,LIGHT,82.58,LOW,RUNNING,20.62,4.71,LIGHT,77.84,LOW,RUNNING,22.49,7.0,LIGHT,83.61,LOW,RUNNING,20.82,5.25,LIGHT,78.9,LOW,RUNNING,18.78,4.73,LIGHT,75.57,LOW,RUNNING,24.44,8.5,LIGHT,88.3,LOW,RUNNING,23.2,6.81,LIGHT,84.22,LOW,RUNNING,21.31,4.83,LIGHT,78.88,LOW,RUNNING,19.64,4.31,LIGHT,76.02,LOW,RUNNING,22.8,6.64,LIGHT,83.46,LOW,RUNNING,26.6,55.0,185.0,0.25,22.0,COOLING,0.25,22.0,COOLING,0.25,22.0,COOLING,0.25,22.0,COOLING,21.997,21.937,22.442,21.935,22.078,22.442,21.935,0.507,322.93,163.87,163.1,159.48,170.0,170.0,1360.0,170.0,168.24,215.77,251.62,215.79,-6.95,59.82,-112.95,60.07,875.0,875.0,875.0,875.0,-220.78,-265.54,786.77,-269.66,809.38,1870.0,851.42,3500.0,30.79,0.0,0.14,0.126,0.0,22.5,MODERATE_UNIFORM_COOL,1.4899
2,Occupancy Concentration,0,31,310.0,22,2,2,16,2,22.56,6.07,LIGHT,82.31,LOW,RUNNING,20.45,4.62,LIGHT,77.49,LOW,RUNNING,22.39,7.02,LIGHT,83.52,LOW,RUNNING,20.88,5.36,LIGHT,79.14,LOW,RUNNING,18.95,4.83,LIGHT,75.93,LOW,RUNNING,24.56,8.49,LIGHT,88.44,LOW,RUNNING,23.16,6.7,LIGHT,84.0,LOW,RUNNING,21.15,4.72,LIGHT,78.52,LOW,RUNNING,19.51,4.3,LIGHT,75.84,LOW,RUNNING,22.82,6.74,LIGHT,83.64,LOW,RUNNING,26.61,55.0,185.2,0.25,22.0,COOLING,0.25,22.0,COOLING,0.25,22.0,COOLING,0.25,22.0,COOLING,21.992,21.932,22.458,21.93,22.078,22.458,21.93,0.528,322.46,164.37,162.52,159.48,170.0,170.0,1360.0,170.0,168.63,216.22,251.66,216.26,-6.74,62.12,-118.0,62.62,875.0,875.0,875.0,875.0,-220.65,-262.29,781.18,-266.64,808.83,1870.0,852.77,3500.0,31.6,0.0,0.072,0.057,0.0,22.5,ECO_MAINTAIN,1.5521
2,Occupancy Concentration,0,32,320.0,22,2,2,16,2,22.45,5.95,LIGHT,81.99,LOW,RUNNING,20.29,4.55,LIGHT,77.19,LOW,RUNNING,22.32,7.07,LIGHT,83.51,LOW,RUNNING,20.98,5.48,LIGHT,79.44,LOW,RUNNING,19.12,4.91,LIGHT,76.27,LOW,RUNNING,24.64,8.46,LIGHT,88.49,LOW,RUNNING,23.08,6.59,LIGHT,83.73,LOW,RUNNING,20.98,4.63,LIGHT,78.17,LOW,RUNNING,19.4,4.32,LIGHT,75.73,LOW,RUNNING,22.87,6.84,LIGHT,83.85,LOW,RUNNING,26.61,55.0,185.3,0.25,22.0,COOLING,0.25,22.0,COOLING,0.25,22.0,COOLING,0.25,22.0,COOLING,21.988,21.927,22.474,21.925,22.078,22.474,21.925,0.549,322.13,164.76,161.9,159.58,170.0,170.0,1360.0,170.0,168.78,216.39,251.41,216.43,-6.43,64.43,-122.93,64.93,875.0,875.0,875.0,875.0,-220.52,-259.42,775.38,-264.06,808.37,1870.0,853.01,3500.0,31.38,0.0,0.084,0.069,0.0,22.5,ECO_MAINTAIN,1.6216
2,Occupancy Concentration,0,33,330.0,22,2,2,16,2,22.3,5.83,LIGHT,81.62,LOW,RUNNING,20.13,4.51,LIGHT,76.93,LOW,RUNNING,22.3,7.14,LIGHT,83.58,LOW,RUNNING,21.11,5.6,LIGHT,79.79,LOW,RUNNING,19.28,4.97,LIGHT,76.55,LOW,RUNNING,24.69,8.4,LIGHT,88.46,LOW,RUNNING,22.97,6.47,LIGHT,83.42,LOW,RUNNING,20.82,4.56,LIGHT,77.87,LOW,RUNNING,19.33,4.36,LIGHT,75.7,LOW,RUNNING,22.96,6.96,LIGHT,84.14,LOW,RUNNING,26.61,55.0,185.5,0.25,22.0,COOLING,0.25,22.0,COOLING,0.25,22.0,COOLING,0.25,22.0,COOLING,21.984,21.922,22.49,21.92,22.079,22.49,21.92,0.57,321.92,165.01,161.29,159.84,170.0,170.0,1360.0,170.0,168.93,216.62,251.23,216.67,-6.35,66.85,-127.85,67.35,875.0,875.0,875.0,875.0,-220.5,-256.52,769.67,-261.14,808.06,1870.0,853.45,3500.0,31.51,0.0,0.165,0.15,0.0,22.5,MODERATE_UNIFORM_COOL,1.6976
2,Occupancy Concentration,0,34,340.0,22,2,2,16,2,22.14,5.72,LIGHT,81.25,LOW,RUNNING,20.0,4.5,LIGHT,76.75,LOW,RUNNING,22.32,7.24,LIGHT,83.76,LOW,RUNNING,21.26,5.72,LIGHT,80.16,LOW,RUNNING,19.42,5.0,LIGHT,76.78,LOW,RUNNING,24.7,8.32,LIGHT,88.36,LOW,RUNNING,22.83,6.35,LIGHT,83.06,LOW,RUNNING,20.66,4.52,LIGHT,77.61,LOW,RUNNING,19.3,4.43,LIGHT,75.77,LOW,RUNNING,23.09,7.08,LIGHT,84.48,LOW,RUNNING,26.62,55.0,185.7,0.25,22.0,COOLING,0.25,22.0,COOLING,0.25,22.0,COOLING,0.25,22.0,COOLING,21.98,21.917,22.506,21.915,22.079,22.506,21.915,0.591,321.92,165.14,160.67,160.25,170.0,170.0,1360.0,170.0,169.31,217.07,251.29,217.11,-6.27,69.27,-132.77,69.77,875.0,875.0,875.0,875.0,-220.04,-253.52,764.19,-257.87,807.98,1870.0,854.78,3500.0,32.76,0.0,0.173,0.158,0.0,22.5,MODERATE_UNIFORM_COOL,1.7703
2,Occupancy Concentration,0,35,350.0,22,2,2,16,2,21.98,5.63,LIGHT,80.92,LOW,RUNNING,19.9,4.52,LIGHT,76.66,LOW,RUNNING,22.37,7.35,LIGHT,83.99,LOW,RUNNING,21.42,5.82,LIGHT,80.51,LOW,RUNNING,19.54,5.0,LIGHT,76.92,LOW,RUNNING,24.66,8.22,LIGHT,88.16,LOW,RUNNING,22.67,6.24,LIGHT,82.7,LOW,RUNNING,20.52,4.5,LIGHT,77.4,LOW,RUNNING,19.31,4.52,LIGHT,75.92,LOW,RUNNING,23.23,7.2,LIGHT,84.84,LOW,RUNNING,26.62,55.0,185.8,0.25,22.0,COOLING,0.25,22.0,COOLING,0.25,22.0,COOLING,0.25,22.0,COOLING,21.976,21.912,22.521,21.91,22.08,22.521,21.91,0.611,322.08,165.08,160.1,160.76,170.0,170.0,1360.0,170.0,169.43,217.23,251.02,217.28,-6.19,71.69,-137.69,72.19,875.0,875.0,875.0,875.0,-219.68,-251.0,758.43,-254.77,808.02,1870.0,854.96,3500.0,32.98,0.0,0.18,0.166,0.0,22.5,MODERATE_UNIFORM_COOL,1.8419
2,Occupancy Concentration,0,36,360.0,22,2,2,16,2,21.81,5.56,LIGHT,80.6,LOW,RUNNING,19.83,4.56,LIGHT,76.63,LOW,RUNNING,22.47,7.47,LIGHT,84.29,LOW,RUNNING,21.59,5.9,LIGHT,80.84,LOW,RUNNING,19.63,4.97,LIGHT,76.99,LOW,RUNNING,24.59,8.1,LIGHT,87.89,LOW,RUNNING,22.51,6.14,LIGHT,82.35,LOW,RUNNING,20.41,4.51,LIGHT,77.28,LOW,RUNNING,19.36,4.63,LIGHT,76.15,LOW,RUNNING,23.4,7.3,LIGHT,85.2,LOW,RUNNING,26.62,55.0,186.0,0.25,22.0,COOLING,0.25,22.0,COOLING,0.25,22.0,COOLING,0.25,22.0,COOLING,21.972,21.907,22.536,21.905,22.08,22.536,21.905,0.631,322.36,164.88,159.63,161.35,170.0,170.0,1360.0,170.0,169.6,217.47,250.88,217.52,-6.12,74.0,-142.38,74.5,875.0,875.0,875.0,875.0,-219.16,-248.65,753.13,-251.63,808.22,1870.0,855.47,3500.0,33.69,0.0,0.128,0.114,0.0,22.5,MODERATE_UNIFORM_COOL,1.9121
2,Occupancy Concentration,0,37,370.0,22,2,2,16,2,21.65,5.52,LIGHT,80.34,LOW,RUNNING,19.8,4.63,LIGHT,76.69,LOW,RUNNING,22.59,7.59,LIGHT,84.62,LOW,RUNNING,21.76,5.96,LIGHT,81.14,LOW,RUNNING,19.69,4.91,LIGHT,76.98,LOW,RUNNING,24.49,7.98,LIGHT,87.58,LOW,RUNNING,22.34,6.07,LIGHT,82.03,LOW,RUNNING,20.34,4.55,LIGHT,77.25,LOW,RUNNING,19.45,4.75,LIGHT,76.44,LOW,RUNNING,23.56,7.39,LIGHT,85.53,LOW,RUNNING,26.63,55.0,186.2,0.25,22.0,COOLING,0.25,22.0,COOLING,0.25,22.0,COOLING,0.25,22.0,COOLING,21.968,21.902,22.551,21.9,22.08,22.551,21.9,0.651,322.79,164.56,159.28,161.97,170.0,170.0,1360.0,170.0,169.98,217.92,250.94,217.97,-6.06,76.31,-147.06,76.81,875.0,875.0,875.0,875.0,-218.29,-246.21,748.16,-248.25,808.6,1870.0,856.81,3500.0,35.41,0.0,0.138,0.125,0.0,22.5,MODERATE_UNIFORM_COOL,1.9878
2,Occupancy Concentration,0,38,380.0,22,2,2,16,2,21.52,5.5,LIGHT,80.15,LOW,RUNNING,19.81,4.72,LIGHT,76.84,LOW,RUNNING,22.74,7.7,LIGHT,84.97,LOW,RUNNING,21.9,5.99,LIGHT,81.36,LOW,RUNNING,19.7,4.83,LIGHT,76.87,LOW,RUNNING,24.35,7.86,LIGHT,87.23,LOW,RUNNING,22.18,6.02,LIGHT,81.75,LOW,RUNNING,20.3,4.62,LIGHT,77.31,LOW,RUNNING,19.57,4.87,LIGHT,76.77,LOW,RUNNING,23.73,7.45,LIGHT,85.84,LOW,RUNNING,26.63,55.0,186.3,0.25,22.0,COOLING,0.25,22.0,COOLING,0.25,22.0,COOLING,0.25,22.0,COOLING,21.964,21.897,22.566,21.895,22.081,22.566,21.895,0.671,323.32,164.1,159.06,162.61,170.0,170.0,1360.0,170.0,170.09,218.09,250.71,218.14,-6.0,78.62,-151.74,79.12,875.0,875.0,875.0,875.0,-217.59,-244.19,743.03,-245.13,809.09,1870.0,857.03,3500.0,36.12,0.0,0.202,0.189,0.0,22.5,MODERATE_UNIFORM_COOL,2.068
2,Occupancy Concentration,0,39,390.0,22,2,2,16,2,21.41,5.51,LIGHT,80.03,LOW,RUNNING,19.86,4.83,LIGHT,77.07,LOW,RUNNING,22.9,7.81,LIGHT,85.34,LOW,RUNNING,22.03,6.0,LIGHT,81.54,LOW,RUNNING,19.67,4.73,LIGHT,76.68,LOW,RUNNING,24.2,7.75,LIGHT,86.88,LOW,RUNNING,22.04,6.0,LIGHT,81.55,LOW,RUNNING,20.31,4.71,LIGHT,77.45,LOW,RUNNING,19.71,4.98,LIGHT,77.11,LOW,RUNNING,23.88,7.49,LIGHT,86.08,LOW,RUNNING,26.64,55.0,186.5,0.25,22.0,COOLING,0.25,22.0,COOLING,0.25,22.0,COOLING,0.25,22.0,COOLING,21.96,21.892,22.581,21.89,22.081,22.581,21.89,0.691,323.98,163.56,159.0,163.19,170.0,170.0,1360.0,170.0,170.47,218.53,250.78,218.58,-5.93,80.93,-156.43,81.43,875.0,875.0,875.0,875.0,-216.48,-241.98,738.35,-241.8,809.73,1870.0,858.36,3500.0,38.09,0.0,0.159,0.147,0.0,22.5,MODERATE_UNIFORM_COOL,2.1448
2,Occupancy Concentration,0,40,400.0,22,2,2,16,2,21.34,5.55,LIGHT,80.0,LOW,RUNNING,19.95,4.95,LIGHT,77.36,LOW,RUNNING,23.07,7.89,LIGHT,85.67,LOW,RUNNING,22.12,5.97,LIGHT,81.61,LOW,RUNNING,19.6,4.62,LIGHT,76.43,LOW,RUNNING,24.03,7.66,LIGHT,86.53,LOW,RUNNING,21.93,6.01,LIGHT,81.43,LOW,RUNNING,20.35,4.81,LIGHT,77.65,LOW,RUNNING,19.87,5.09,LIGHT,77.47,LOW,RUNNING,24.01,7.5,LIGHT,86.26,LOW,RUNNING,26.64,55.0,186.7,0.25,22.0,COOLING,0.25,22.0,COOLING,0.25,22.0,COOLING,0.25,22.0,COOLING,21.956,21.887,22.596,21.885,22.081,22.596,21.885,0.711,324.64,162.96,159.08,163.73,170.0,170.0,1360.0,170.0,170.63,218.77,250.63,218.81,-5.87,83.24,-161.11,83.74,875.0,875.0,875.0,875.0,-215.6,-240.03,733.6,-238.72,810.41,1870.0,858.84,3500.0,39.25,0.0,0.216,0.205,0.0,22.5,MODERATE_UNIFORM_COOL,2.2281
2,Occupancy Concentration,0,41,410.0,22,2,2,16,2,21.3,5.62,LIGHT,80.06,LOW,RUNNING,20.07,5.07,LIGHT,77.69,LOW,RUNNING,23.23,7.95,LIGHT,85.96,LOW,RUNNING,22.18,5.92,LIGHT,81.6,LOW,RUNNING,19.5,4.5,LIGHT,76.12,LOW,RUNNING,23.86,7.58,LIGHT,86.2,LOW,RUNNING,21.85,6.05,LIGHT,81.39,LOW,RUNNING,20.43,4.93,LIGHT,77.93,LOW,RUNNING,20.04,5.18,LIGHT,77.82,LOW,RUNNING,24.11,7.48,LIGHT,86.36,LOW,RUNNING,26.64,55.0,186.8,0.25,22.0,COOLING,0.25,22.0,COOLING,0.25,22.0,COOLING,0.25,22.0,COOLING,21.952,21.882,22.611,21.88,22.081,22.611,21.88,0.731,325.31,162.32,159.32,164.18,170.0,170.0,1360.0,170.0,170.76,218.94,250.4,218.98,-5.8,85.55,-165.8,86.05,875.0,875.0,875.0,875.0,-214.73,-238.19,728.92,-235.79,811.13,1870.0,859.08,3500.0,40.21,0.0,0.222,0.212,0.0,22.5,MODERATE_UNIFORM_COOL,2.3111
2,Occupancy Concentration,0,42,420.0,22,2,2,16,2,21.31,5.71,LIGHT,80.2,LOW,RUNNING,20.22,5.19,LIGHT,78.06,LOW,RUNNING,23.39,7.99,LIGHT,86.22,LOW,RUNNING,22.2,5.84,LIGHT,81.51,LOW,RUNNING,19.37,4.38,LIGHT,75.78,LOW,RUNNING,23.7,7.53,LIGHT,85.92,LOW,RUNNING,21.81,6.11,LIGHT,81.43,LOW,RUNNING,20.55,5.05,LIGHT,78.26,LOW,RUNNING,20.21,5.25,LIGHT,78.14,LOW,RUNNING,24.17,7.43,LIGHT,86.36,LOW,RUNNING,26.65,55.0,187.0,0.25,22.0,COOLING,0.25,22.0,COOLING,0.25,22.0,COOLING,0.25,22.0,COOLING,21.948,21.877,22.626,21.875,22.081,22.626,21.875,0.751,325.99,161.7,159.69,164.5,170.0,170.0,1360.0,170.0,171.13,219.39,250.46,219.43,-5.74,87.86,-170.49,88.36,875.0,875.0,875.0,875.0,-213.62,-236.05,724.66,-232.71,811.88,1870.0,860.41,3500.0,42.28,0.0,0.229,0.22,0.0,22.5,MODERATE_UNIFORM_COOL,2.3959
2,Occupancy Concentration,0,43,430.0,22,2,2,16,2,21.35,5.82,LIGHT,80.42,LOW,RUNNING,20.38,5.29,LIGHT,78.41,LOW,RUNNING,23.51,8.0,LIGHT,86.39,LOW,RUNNING,22.18,5.75,LIGHT,81.35,LOW,RUNNING,19.22,4.27,LIGHT,75.43,LOW,RUNNING,23.56,7.5,LIGHT,85.7,LOW,RUNNING,21.8,6.19,LIGHT,81.53,LOW,RUNNING,20.69,5.17,LIGHT,78.62,LOW,RUNNING,20.36,5.29,LIGHT,78.39,LOW,RUNNING,24.2,7.36,LIGHT,86.29,LOW,RUNNING,26.65,55.0,187.2,0.25,22.0,COOLING,0.25,22.0,COOLING,0.25,22.0,COOLING,0.25,22.0,COOLING,21.944,21.872,22.641,21.87,22.082,22.641,21.87,0.771,326.57,161.13,160.15,164.68,170.0,170.0,1360.0,170.0,171.29,219.62,250.32,219.66,-5.67,90.17,-175.17,90.67,875.0,875.0,875.0,875.0,-212.81,-234.08,720.3,-229.99,812.53,1870.0,860.89,3500.0,43.42,0.0,0.202,0.193,0.0,22.5,MODERATE_UNIFORM_COOL,2.4814
2,Occupancy Concentration,0,44,440.0,22,2,2,16,2,21.44,5.93,LIGHT,80.69,LOW,RUNNING,20.55,5.38,LIGHT,78.76,LOW,RUNNING,23.61,7.98,LIGHT,86.48,LOW,RUNNING,22.12,5.64,LIGHT,81.11,LOW,RUNNING,19.05,4.17,LIGHT,75.07,LOW,RUNNING,23.44,7.51,LIGHT,85.57,LOW,RUNNING,21.84,6.3,LIGHT,81.75,LOW,RUNNING,20.85,5.28,LIGHT,78.98,LOW,RUNNING,20.49,5.3,LIGHT,78.56,LOW,RUNNING,24.18,7.26,LIGHT,86.11,LOW,RUNNING,26.65,55.0,187.3,0.25,22.0,COOLING,0.25,22.0,COOLING,0.25,22.0,COOLING,0.25,22.0,COOLING,21.94,21.867,22.656,21.865,22.082,22.656,21.865,0.791,327.04,160.64,160.73,164.67,170.0,170.0,1360.0,170.0,171.42,219.79,250.08,219.83,-5.6,92.48,-179.85,92.98,875.0,875.0,875.0,875.0,-212.14,-232.09,715.96,-227.52,813.08,1870.0,861.12,3500.0,44.21,0.0,0.245,0.236,0.0,22.5,MODERATE_UNIFORM_COOL,2.5713
2,Occupancy Concentration,0,45,450.0,22,2,2,16,2,21.55,6.05,LIGHT,81.01,LOW,RUNNING,20.71,5.45,LIGHT,79.06,LOW,RUNNING,23.68,7.93,LIGHT,86.49,LOW,RUNNING,22.02,5.52,LIGHT,80.81,LOW,RUNNING,18.88,4.09,LIGHT,74.73,LOW,RUNNING,23.36,7.54,LIGHT,85.51,LOW,RUNNING,21.92,6.41,LIGHT,82.02,LOW,RUNNING,21.02,5.37,LIGHT,79.33,LOW,RUNNING,20.6,5.28,LIGHT,78.67,LOW,RUNNING,24.13,7.16,LIGHT,85.9,LOW,RUNNING,26.66,55.0,187.5,0.25,22.0,COOLING,0.25,22.0,COOLING,0.25,22.0,COOLING,0.25,22.0,COOLING,21.936,21.862,22.671,21.86,22.082,22.671,21.86,0.811,327.37,160.24,161.35,164.57,170.0,170.0,1360.0,170.0,171.79,220.24,250.15,220.28,-5.54,94.79,-184.54,95.29,875.0,875.0,875.0,875.0,-211.38,-229.73,711.96,-224.86,813.53,1870.0,862.46,3500.0,45.99,0.0,0.252,0.243,0.0,22.5,MODERATE_UNIFORM_COOL,2.6618
2,Occupancy Concentration,0,46,460.0,22,2,2,16,2,21.7,6.17,LIGHT,81.38,LOW,RUNNING,20.87,5.49,LIGHT,79.32,LOW,RUNNING,23.7,7.86,LIGHT,86.42,LOW,RUNNING,21.89,5.4,LIGHT,80.46,LOW,RUNNING,18.72,4.03,LIGHT,74.45,LOW,RUNNING,23.31,7.6,LIGHT,85.54,LOW,RUNNING,22.03,6.53,LIGHT,82.33,LOW,RUNNING,21.18,5.44,LIGHT,79.63,LOW,RUNNING,20.67,5.24,LIGHT,78.7,LOW,RUNNING,24.04,7.04,LIGHT,85.61,LOW,RUNNING,26.66,55.0,187.7,0.25,22.0,COOLING,0.25,22.0,COOLING,0.25,22.0,COOLING,0.25,22.0,COOLING,21.932,21.857,22.685,21.855,22.082,22.685,21.855,0.83,327.58,159.99,161.96,164.31,170.0,170.0,1360.0,170.0,171.96,220.47,250.0,220.51,-5.48,97.1,-189.23,97.6,875.0,875.0,875.0,875.0,-210.94,-227.44,707.73,-222.58,813.84,1870.0,862.94,3500.0,46.77,0.0,0.233,0.225,0.0,22.5,MODERATE_UNIFORM_COOL,2.7493
2,Occupancy Concentration,0,47,470.0,22,2,2,16,2,21.86,6.28,LIGHT,81.75,LOW,RUNNING,21.0,5.5,LIGHT,79.5,LOW,RUNNING,23.68,7.76,LIGHT,86.24,LOW,RUNNING,21.74,5.28,LIGHT,80.09,LOW,RUNNING,18.58,4.0,LIGHT,74.22,LOW,RUNNING,23.3,7.68,LIGHT,85.64,LOW,RUNNING,22.17,6.65,LIGHT,82.69,LOW,RUNNING,21.34,5.48,LIGHT,79.89,LOW,RUNNING,20.7,5.17,LIGHT,78.63,LOW,RUNNING,23.91,6.92,LIGHT,85.27,LOW,RUNNING,26.66,55.0,187.8,0.25,22.0,COOLING,0.25,22.0,COOLING,0.25,22.0,COOLING,0.25,22.0,COOLING,21.928,21.852,22.699,21.85,22.082,22.699,21.85,0.849,327.58,159.86,162.58,163.9,170.0,170.0,1360.0,170.0,172.07,220.64,249.78,220.69,-5.42,99.3,-193.67,99.8,875.0,875.0,875.0,875.0,-210.77,-225.2,703.69,-220.61,813.92,1870.0,863.18,3500.0,47.11,0.0,0.246,0.238,0.0,22.5,MODERATE_UNIFORM_COOL,2.8396
2,Occupancy Concentration,0,48,480.0,22,2,2,16,2,22.02,6.37,LIGHT,82.08,LOW,RUNNING,21.1,5.48,LIGHT,79.59,LOW,RUNNING,23.63,7.65,LIGHT,86.01,LOW,RUNNING,21.58,5.18,LIGHT,79.74,LOW,RUNNING,18.46,4.0,LIGHT,74.08,LOW,RUNNING,23.34,7.78,LIGHT,85.84,LOW,RUNNING,22.33,6.76,LIGHT,83.05,LOW,RUNNING,21.48,5.5,LIGHT,80.1,LOW,RUNNING,20.69,5.08,LIGHT,78.48,LOW,RUNNING,23.77,6.8,LIGHT,84.91,LOW,RUNNING,26.67,55.0,188.0,0.25,22.0,COOLING,0.25,22.0,COOLING,0.25,22.0,COOLING,0.25,22.0,COOLING,21.924,21.847,22.713,21.846,22.082,22.713,21.846,0.867,327.42,159.92,163.15,163.39,170.0,170.0,1360.0,170.0,172.45,221.09,249.88,221.13,-5.37,101.5,-198.13,102.0,875.0,875.0,875.0,875.0,-210.5,-222.49,699.9,-218.48,813.88,1870.0,864.55,3500.0,48.43,0.0,0.26,0.257,0.0,22.5,MODERATE_UNIFORM_COOL,2.9282
2,Occupancy Concentration,0,49,490.0,22,2,2,16,2,22.19,6.44,LIGHT,82.4,LOW,RUNNING,21.17,5.44,LIGHT,79.62,LOW,RUNNING,23.53,7.53,LIGHT,85.71,LOW,RUNNING,21.41,5.1,LIGHT,79.41,LOW,RUNNING,18.37,4.03,LIGHT,74.01,LOW,RUNNING,23.41,7.9,LIGHT,86.11,LOW,RUNNING,22.49,6.86,LIGHT,83.4,LOW,RUNNING,21.59,5.49,LIGHT,80.22,LOW,RUNNING,20.64,4.97,LIGHT,78.25,LOW,RUNNING,23.6,6.7,LIGHT,84.55,LOW,RUNNING,26.67,55.0,188.2,0.25,22.0,COOLING,0.25,22.0,COOLING,0.25,22.0,COOLING,0.25,22.0,COOLING,21.92,21.843,22.727,21.842,22.083,22.727,21.842,0.885,327.14,160.12,163.62,162.8,170.0,170.0,1360.0,170.0,172.62,221.31,249.75,221.34,-5.21,103.71,-202.47,103.97,875.0,875.0,875.0,875.0,-210.45,-219.86,695.9,-216.89,813.68,1870.0,865.02,3500.0,48.7,0.0,0.273,0.27,0.0,22.5,MODERATE_UNIFORM_COOL,3.0154
2,Occupancy Concentration,0,50,500.0,22,2,2,16,2,22.35,6.48,LIGHT,82.66,LOW,RUNNING,21.2,5.37,LIGHT,79.56,LOW,RUNNING,23.41,7.41,LIGHT,85.38,LOW,RUNNING,21.24,5.04,LIGHT,79.11,LOW,RUNNING,18.31,4.09,LIGHT,74.02,LOW,RUNNING,23.51,8.02,LIGHT,86.42,LOW,RUNNING,22.66,6.93,LIGHT,83.72,LOW,RUNNING,21.66,5.45,LIGHT,80.25,LOW,RUNNING,20.55,4.85,LIGHT,77.96,LOW,RUNNING,23.44,6.61,LIGHT,84.22,LOW,RUNNING,26.67,55.0,188.3,0.25,22.0,COOLING,0.25,22.0,COOLING,0.25,22.0,COOLING,0.25,22.0,COOLING,21.916,21.839,22.741,21.838,22.084,22.741,21.838,0.903,326.71,160.44,163.97,162.18,170.0,170.0,1360.0,170.0,172.73,221.47,249.53,221.49,-4.95,105.7,-206.7,105.95,875.0,875.0,875.0,875.0,-210.51,-217.39,691.8,-215.38,813.3,1870.0,865.22,3500.0,48.52,0.0,0.286,0.281,0.0,22.5,MODERATE_UNIFORM_COOL,3.104
2,Occupancy Concentration,0,51,510.0,22,2,2,16,2,22.48,6.5,LIGHT,82.85,LOW,RUNNING,21.19,5.28,LIGHT,79.41,LOW,RUNNING,23.26,7.3,LIGHT,85.03,LOW,RUNNING,21.1,5.01,LIGHT,78.89,LOW,RUNNING,18.3,4.17,LIGHT,74.13,LOW,RUNNING,23.65,8.14,LIGHT,86.77,LOW,RUNNING,22.82,6.98,LIGHT,84.0,LOW,RUNNING,21.7,5.38,LIGHT,80.19,LOW,RUNNING,20.43,4.73,LIGHT,77.63,LOW,RUNNING,23.27,6.55,LIGHT,83.91,LOW,RUNNING,26.68,55.0,188.5,0.25,22.0,COOLING,0.25,22.0,COOLING,0.25,22.0,COOLING,0.25,22.0,COOLING,21.912,21.835,22.755,21.834,22.084,22.755,21.834,0.921,326.18,160.9,164.19,161.54,170.0,170.0,1360.0,170.0,173.12,221.89,249.63,221.91,-4.68,107.68,-210.92,107.92,875.0,875.0,875.0,875.0,-210.38,-214.53,687.9,-213.63,812.81,1870.0,866.55,3500.0,49.36,0.0,0.306,0.301,0.0,22.5,TARGETED_EAST_OCCUPANCY_COOL,3.1943
2,Occupancy Concentration,0,52,520.0,22,2,2,16,2,22.59,6.49,LIGHT,82.97,LOW,RUNNING,21.14,5.17,LIGHT,79.18,LOW,RUNNING,23.1,7.19,LIGHT,84.66,LOW,RUNNING,20.97,5.0,LIGHT,78.71,LOW,RUNNING,18.33,4.27,LIGHT,74.32,LOW,RUNNING,23.8,8.25,LIGHT,87.12,LOW,RUNNING,22.96,7.0,LIGHT,84.2,LOW,RUNNING,21.69,5.29,LIGHT,80.05,LOW,RUNNING,20.29,4.62,LIGHT,77.29,LOW,RUNNING,23.12,6.51,LIGHT,83.67,LOW,RUNNING,26.68,55.0,188.7,0.25,22.0,COOLING,0.25,22.0,COOLING,0.25,22.0,COOLING,0.25,22.0,COOLING,21.908,21.831,22.769,21.83,22.084,22.769,21.83,0.939,325.52,161.44,164.25,160.96,170.0,170.0,1360.0,170.0,173.27,222.11,249.5,222.13,-4.4,109.65,-215.15,109.9,875.0,875.0,875.0,875.0,-210.61,-211.8,683.6,-212.01,812.17,1870.0,867.01,3500.0,49.18,0.0,0.324,0.318,0.0,22.5,TARGETED_EAST_OCCUPANCY_COOL,3.2858
2,Occupancy Concentration,0,53,530.0,22,2,2,16,2,22.66,6.45,LIGHT,83.0,LOW,RUNNING,21.05,5.05,LIGHT,78.89,LOW,RUNNING,22.93,7.11,LIGHT,84.33,LOW,RUNNING,20.88,5.03,LIGHT,78.64,LOW,RUNNING,18.4,4.38,LIGHT,74.57,LOW,RUNNING,23.97,8.34,LIGHT,87.47,LOW,RUNNING,23.07,6.99,LIGHT,84.32,LOW,RUNNING,21.65,5.19,LIGHT,79.85,LOW,RUNNING,20.13,4.51,LIGHT,76.93,LOW,RUNNING,22.99,6.5,LIGHT,83.49,LOW,RUNNING,26.68,55.0,188.8,0.25,22.0,COOLING,0.25,22.0,COOLING,0.25,22.0,COOLING,0.25,22.0,COOLING,21.904,21.827,22.783,21.826,22.085,22.783,21.826,0.957,324.86,162.04,164.17,160.42,170.0,170.0,1360.0,170.0,173.4,222.25,249.29,222.28,-4.14,111.64,-219.38,111.89,875.0,875.0,875.0,875.0,-210.88,-209.07,679.08,-210.41,811.49,1870.0,867.22,3500.0,48.72,0.0,0.34,0.333,0.0,22.5,TARGETED_EAST_OCCUPANCY_COOL,3.3787
2,Occupancy Concentration,0,54,540.0,22,2,2,16,2,22.7,6.38,LIGHT,82.94,LOW,RUNNING,20.93,4.93,LIGHT,78.56,LOW,RUNNING,22.77,7.05,LIGHT,84.04,LOW,RUNNING,20.82,5.08,LIGHT,78.65,LOW,RUNNING,18.5,4.5,LIGHT,74.88,LOW,RUNNING,24.14,8.42,LIGHT,87.8,LOW,RUNNING,23.15,6.95,LIGHT,84.36,LOW,RUNNING,21.57,5.07,LIGHT,79.57,LOW,RUNNING,19.96,4.42,LIGHT,76.58,LOW,RUNNING,22.89,6.52,LIGHT,83.39,LOW,RUNNING,26.69,55.0,189.0,0.25,22.0,COOLING,0.25,22.0,COOLING,0.25,22.0,COOLING,0.25,22.0,COOLING,21.9,21.823,22.797,21.822,22.085,22.797,21.822,0.975,324.19,162.68,163.93,159.97,170.0,170.0,1360.0,170.0,173.78,222.67,249.38,222.7,-3.86,113.61,-223.62,113.87,875.0,875.0,875.0,875.0,-210.89,-206.04,674.69,-208.46,810.77,1870.0,868.53,3500.0,49.3,0.0,0.355,0.348,0.0,22.5,TARGETED_EAST_OCCUPANCY_COOL,3.4729
2,Occupancy Concentration,0,55,550.0,22,2,2,16,2,22.69,6.29,LIGHT,82.8,LOW,RUNNING,20.78,4.81,LIGHT,78.19,LOW,RUNNING,22.61,7.01,LIGHT,83.78,LOW,RUNNING,20.8,5.16,LIGHT,78.74,LOW,RUNNING,18.63,4.62,LIGHT,75.22,LOW,RUNNING,24.3,8.47,LIGHT,88.08,LOW,RUNNING,23.19,6.89,LIGHT,84.32,LOW,RUNNING,21.45,4.95,LIGHT,79.24,LOW,RUNNING,19.79,4.35,LIGHT,76.26,LOW,RUNNING,22.83,6.57,LIGHT,83.39,LOW,RUNNING,26.69,55.0,189.2,0.25,22.0,COOLING,0.25,22.0,COOLING,0.25,22.0,COOLING,0.25,22.0,COOLING,21.896,21.819,22.811,21.818,22.086,22.811,21.818,0.993,323.51,163.3,163.56,159.65,170.0,170.0,1360.0,170.0,173.94,222.89,249.25,222.91,-3.59,115.59,-227.85,115.85,875.0,875.0,875.0,875.0,-211.14,-203.22,669.96,-206.59,810.02,1870.0,868.99,3500.0,49.01,0.0,0.37,0.361,0.0,22.5,TARGETED_EAST_OCCUPANCY_COOL,3.5684
2,Occupancy Concentration,0,56,560.0,22,2,2,16,2,22.65,6.18,LIGHT,82.58,LOW,RUNNING,20.62,4.71,LIGHT,77.84,LOW,RUNNING,22.49,7.0,LIGHT,83.61,LOW,RUNNING,20.82,5.25,LIGHT,78.9,LOW,RUNNING,18.78,4.73,LIGHT,75.57,LOW,RUNNING,24.44,8.5,LIGHT,88.3,LOW,RUNNING,23.2,6.81,LIGHT,84.22,LOW,RUNNING,21.31,4.83,LIGHT,78.88,LOW,RUNNING,19.64,4.31,LIGHT,76.02,LOW,RUNNING,22.8,6.64,LIGHT,83.46,LOW,RUNNING,26.69,55.0,189.3,0.25,22.0,COOLING,0.25,22.0,COOLING,0.25,22.0,COOLING,0.25,22.0,COOLING,21.892,21.815,22.825,21.814,22.087,22.825,21.814,1.011,322.93,163.87,163.1,159.48,170.0,170.0,1360.0,170.0,174.06,223.04,249.04,223.06,-3.33,117.58,-232.07,117.82,875.0,875.0,875.0,875.0,-211.34,-200.51,665.07,-204.64,809.38,1870.0,869.2,3500.0,48.58,0.0,0.339,0.331,0.0,22.5,TARGETED_EAST_OCCUPANCY_COOL,3.6632
2,Occupancy Concentration,0,57,570.0,22,2,2,16,2,22.56,6.07,LIGHT,82.31,LOW,RUNNING,20.45,4.62,LIGHT,77.49,LOW,RUNNING,22.39,7.02,LIGHT,83.52,LOW,RUNNING,20.88,5.36,LIGHT,79.14,LOW,RUNNING,18.95,4.83,LIGHT,75.93,LOW,RUNNING,24.56,8.49,LIGHT,88.44,LOW,RUNNING,23.16,6.7,LIGHT,84.0,LOW,RUNNING,21.15,4.72,LIGHT,78.52,LOW,RUNNING,19.51,4.3,LIGHT,75.84,LOW,RUNNING,22.82,6.74,LIGHT,83.64,LOW,RUNNING,26.7,55.0,189.5,0.25,22.0,COOLING,0.25,22.0,COOLING,0.25,22.0,COOLING,0.25,22.0,COOLING,21.888,21.811,22.838,21.81,22.087,22.838,21.81,1.028,322.46,164.37,162.52,159.48,170.0,170.0,1360.0,170.0,174.43,223.47,249.12,223.49,-3.05,119.55,-236.3,119.8,875.0,875.0,875.0,875.0,-211.16,-197.61,660.34,-202.23,808.83,1870.0,870.51,3500.0,49.34,0.0,0.347,0.338,0.0,22.5,TARGETED_EAST_OCCUPANCY_COOL,3.7559
2,Occupancy Concentration,0,58,580.0,22,2,2,16,2,22.45,5.95,LIGHT,81.99,LOW,RUNNING,20.29,4.55,LIGHT,77.19,LOW,RUNNING,22.32,7.07,LIGHT,83.51,LOW,RUNNING,20.98,5.48,LIGHT,79.44,LOW,RUNNING,19.12,4.91,LIGHT,76.27,LOW,RUNNING,24.64,8.46,LIGHT,88.49,LOW,RUNNING,23.08,6.59,LIGHT,83.73,LOW,RUNNING,20.98,4.63,LIGHT,78.17,LOW,RUNNING,19.4,4.32,LIGHT,75.73,LOW,RUNNING,22.87,6.84,LIGHT,83.85,LOW,RUNNING,26.7,55.0,189.7,0.25,22.0,COOLING,0.25,22.0,COOLING,0.25,22.0,COOLING,0.25,22.0,COOLING,21.884,21.807,22.851,21.806,22.087,22.851,21.806,1.045,322.13,164.76,161.9,159.58,170.0,170.0,1360.0,170.0,174.6,223.67,249.02,223.7,-2.8,121.43,-240.3,121.68,875.0,875.0,875.0,875.0,-211.07,-195.14,655.62,-200.04,808.37,1870.0,870.99,3500.0,49.37,0.0,0.407,0.397,0.0,22.5,TARGETED_EAST_OCCUPANCY_COOL,3.8525
2,Occupancy Concentration,0,59,590.0,22,2,2,16,2,22.3,5.83,LIGHT,81.62,LOW,RUNNING,20.13,4.51,LIGHT,76.93,LOW,RUNNING,22.3,7.14,LIGHT,83.58,LOW,RUNNING,21.11,5.6,LIGHT,79.79,LOW,RUNNING,19.28,4.97,LIGHT,76.55,LOW,RUNNING,24.69,8.4,LIGHT,88.46,LOW,RUNNING,22.97,6.47,LIGHT,83.42,LOW,RUNNING,20.82,4.56,LIGHT,77.87,LOW,RUNNING,19.33,4.36,LIGHT,75.7,LOW,RUNNING,22.96,6.96,LIGHT,84.14,LOW,RUNNING,26.7,55.0,189.8,0.25,22.0,COOLING,0.25,22.0,COOLING,0.25,22.0,COOLING,0.25,22.0,COOLING,21.88,21.803,22.864,21.802,22.087,22.864,21.802,1.062,321.92,165.01,161.29,159.84,170.0,170.0,1360.0,170.0,174.71,223.82,248.82,223.84,-2.55,123.3,-244.29,123.54,875.0,875.0,875.0,875.0,-210.92,-192.87,650.82,-197.78,808.06,1870.0,871.19,3500.0,49.25,0.0,0.42,0.41,0.0,22.5,TARGETED_EAST_OCCUPANCY_COOL,3.9482
2,Occupancy Concentration,0,60,600.0,22,2,2,16,2,22.14,5.72,LIGHT,81.25,LOW,RUNNING,20.0,4.5,LIGHT,76.75,LOW,RUNNING,22.32,7.24,LIGHT,83.76,LOW,RUNNING,21.26,5.72,LIGHT,80.16,LOW,RUNNING,19.42,5.0,LIGHT,76.78,LOW,RUNNING,24.7,8.32,LIGHT,88.36,LOW,RUNNING,22.83,6.35,LIGHT,83.06,LOW,RUNNING,20.66,4.52,LIGHT,77.61,LOW,RUNNING,19.3,4.43,LIGHT,75.77,LOW,RUNNING,23.09,7.08,LIGHT,84.48,LOW,RUNNING,26.71,55.0,190.0,0.25,22.0,COOLING,0.25,22.0,COOLING,0.25,22.0,COOLING,0.25,22.0,COOLING,21.876,21.799,22.877,21.798,22.087,22.877,21.798,1.079,321.92,165.14,160.67,160.25,170.0,170.0,1360.0,170.0,175.1,224.25,248.94,224.27,-2.29,125.16,-248.29,125.42,875.0,875.0,875.0,875.0,-210.27,-190.45,646.32,-195.06,807.98,1870.0,872.56,3500.0,50.54,0.0,0.377,0.368,0.0,22.5,TARGETED_EAST_OCCUPANCY_COOL,4.0422
2,Occupancy Concentration,0,61,610.0,22,2,2,16,2,21.98,5.63,LIGHT,80.92,LOW,RUNNING,19.9,4.52,LIGHT,76.66,LOW,RUNNING,22.37,7.35,LIGHT,83.99,LOW,RUNNING,21.42,5.82,LIGHT,80.51,LOW,RUNNING,19.54,5.0,LIGHT,76.92,LOW,RUNNING,24.66,8.22,LIGHT,88.16,LOW,RUNNING,22.67,6.24,LIGHT,82.7,LOW,RUNNING,20.52,4.5,LIGHT,77.4,LOW,RUNNING,19.31,4.52,LIGHT,75.92,LOW,RUNNING,23.23,7.2,LIGHT,84.84,LOW,RUNNING,26.71,55.0,190.2,0.25,22.0,COOLING,0.25,22.0,COOLING,0.25,22.0,COOLING,0.25,22.0,COOLING,21.872,21.795,22.89,21.794,22.088,22.89,21.794,1.096,322.08,165.08,160.1,160.76,170.0,170.0,1360.0,170.0,175.26,224.47,248.83,224.49,-2.04,127.04,-252.28,127.29,875.0,875.0,875.0,875.0,-209.7,-188.41,641.65,-192.46,808.02,1870.0,873.05,3500.0,51.08,0.0,0.445,0.436,0.0,22.5,TARGETED_EAST_OCCUPANCY_COOL,4.1435
2,Occupancy Concentration,0,62,620.0,22,2,2,16,2,21.81,5.56,LIGHT,80.6,LOW,RUNNING,19.83,4.56,LIGHT,76.63,LOW,RUNNING,22.47,7.47,LIGHT,84.29,LOW,RUNNING,21.59,5.9,LIGHT,80.84,LOW,RUNNING,19.63,4.97,LIGHT,76.99,LOW,RUNNING,24.59,8.1,LIGHT,87.89,LOW,RUNNING,22.51,6.14,LIGHT,82.35,LOW,RUNNING,20.41,4.51,LIGHT,77.28,LOW,RUNNING,19.36,4.63,LIGHT,76.15,LOW,RUNNING,23.4,7.3,LIGHT,85.2,LOW,RUNNING,26.72,55.0,190.3,0.25,22.0,COOLING,0.25,22.0,COOLING,0.25,22.0,COOLING,0.25,22.0,COOLING,21.868,21.791,22.903,21.79,22.088,22.903,21.79,1.113,322.36,164.88,159.63,161.35,170.0,170.0,1360.0,170.0,175.59,224.83,248.85,224.85,-1.78,128.9,-256.28,129.15,875.0,875.0,875.0,875.0,-208.83,-186.39,637.2,-189.65,808.22,1870.0,874.12,3500.0,52.33,0.0,0.456,0.448,0.0,22.5,TARGETED_EAST_OCCUPANCY_COOL,4.2431
2,Occupancy Concentration,0,63,630.0,22,2,2,16,2,21.65,5.52,LIGHT,80.34,LOW,RUNNING,19.8,4.63,LIGHT,76.69,LOW,RUNNING,22.59,7.59,LIGHT,84.62,LOW,RUNNING,21.76,5.96,LIGHT,81.14,LOW,RUNNING,19.69,4.91,LIGHT,76.98,LOW,RUNNING,24.49,7.98,LIGHT,87.58,LOW,RUNNING,22.34,6.07,LIGHT,82.03,LOW,RUNNING,20.34,4.55,LIGHT,77.25,LOW,RUNNING,19.45,4.75,LIGHT,76.44,LOW,RUNNING,23.56,7.39,LIGHT,85.53,LOW,RUNNING,26.72,55.0,190.5,0.25,22.0,COOLING,0.25,22.0,COOLING,0.25,22.0,COOLING,0.25,22.0,COOLING,21.864,21.787,22.916,21.786,22.088,22.916,21.786,1.13,322.79,164.56,159.28,161.97,170.0,170.0,1360.0,170.0,175.76,225.03,248.76,225.05,-1.52,130.77,-260.27,131.02,875.0,875.0,875.0,875.0,-207.97,-184.64,632.77,-186.96,808.6,1870.0,874.6,3500.0,53.2,0.0,0.467,0.46,0.0,22.5,TARGETED_EAST_OCCUPANCY_COOL,4.3441
2,Occupancy Concentration,0,64,640.0,22,2,2,16,2,21.52,5.5,LIGHT,80.15,LOW,RUNNING,19.81,4.72,LIGHT,76.84,LOW,RUNNING,22.74,7.7,LIGHT,84.97,LOW,RUNNING,21.9,5.99,LIGHT,81.36,LOW,RUNNING,19.7,4.83,LIGHT,76.87,LOW,RUNNING,24.35,7.86,LIGHT,87.23,LOW,RUNNING,22.18,6.02,LIGHT,81.75,LOW,RUNNING,20.3,4.62,LIGHT,77.31,LOW,RUNNING,19.57,4.87,LIGHT,76.77,LOW,RUNNING,23.73,7.45,LIGHT,85.84,LOW,RUNNING,26.72,55.0,190.7,0.25,22.0,COOLING,0.25,22.0,COOLING,0.25,22.0,COOLING,0.25,22.0,COOLING,21.86,21.783,22.929,21.782,22.088,22.929,21.782,1.147,323.32,164.1,159.06,162.61,170.0,170.0,1360.0,170.0,175.91,225.25,248.65,225.27,-1.27,132.65,-264.27,132.89,875.0,875.0,875.0,875.0,-207.04,-183.0,628.44,-184.23,809.09,1870.0,875.08,3500.0,54.17,0.0,0.479,0.472,0.0,22.5,TARGETED_EAST_OCCUPANCY_COOL,4.4464
2,Occupancy Concentration,0,65,650.0,22,2,2,16,2,21.41,5.51,LIGHT,80.03,LOW,RUNNING,19.86,4.83,LIGHT,77.07,LOW,RUNNING,22.9,7.81,LIGHT,85.34,LOW,RUNNING,22.03,6.0,LIGHT,81.54,LOW,RUNNING,19.67,4.73,LIGHT,76.68,LOW,RUNNING,24.2,7.75,LIGHT,86.88,LOW,RUNNING,22.04,6.0,LIGHT,81.55,LOW,RUNNING,20.31,4.71,LIGHT,77.45,LOW,RUNNING,19.71,4.98,LIGHT,77.11,LOW,RUNNING,23.88,7.49,LIGHT,86.08,LOW,RUNNING,26.73,55.0,190.8,0.25,22.0,COOLING,0.25,22.0,COOLING,0.25,22.0,COOLING,0.25,22.0,COOLING,21.856,21.779,22.942,21.778,22.089,22.942,21.778,1.164,323.98,163.56,159.0,163.19,170.0,170.0,1360.0,170.0,176.26,225.61,248.67,225.63,-1.01,134.51,-268.26,134.76,875.0,875.0,875.0,875.0,-205.77,-181.32,624.41,-181.42,809.73,1870.0,876.17,3500.0,55.9,0.0,0.489,0.484,0.0,22.5,TARGETED_EAST_OCCUPANCY_COOL,4.5502
2,Occupancy Concentration,0,66,660.0,22,2,2,16,2,21.34,5.55,LIGHT,80.0,LOW,RUNNING,19.95,4.95,LIGHT,77.36,LOW,RUNNING,23.07,7.89,LIGHT,85.67,LOW,RUNNING,22.12,5.97,LIGHT,81.61,LOW,RUNNING,19.6,4.62,LIGHT,76.43,LOW,RUNNING,24.03,7.66,LIGHT,86.53,LOW,RUNNING,21.93,6.01,LIGHT,81.43,LOW,RUNNING,20.35,4.81,LIGHT,77.65,LOW,RUNNING,19.87,5.09,LIGHT,77.47,LOW,RUNNING,24.01,7.5,LIGHT,86.26,LOW,RUNNING,26.73,55.0,191.0,0.25,22.0,COOLING,0.25,22.0,COOLING,0.25,22.0,COOLING,0.25,22.0,COOLING,21.852,21.775,22.955,21.774,22.089,22.955,21.774,1.181,324.64,162.96,159.08,163.73,170.0,170.0,1360.0,170.0,176.41,225.83,248.56,225.85,-0.76,136.39,-272.26,136.64,875.0,875.0,875.0,875.0,-204.71,-179.82,620.38,-178.78,810.41,1870.0,876.65,3500.0,57.07,0.0,0.5,0.495,0.0,22.5,TARGETED_EAST_OCCUPANCY_COOL,4.6554
2,Occupancy Concentration,0,67,670.0,22,2,2,16,2,21.3,5.62,LIGHT,80.06,LOW,RUNNING,20.07,5.07,LIGHT,77.69,LOW,RUNNING,23.23,7.95,LIGHT,85.96,LOW,RUNNING,22.18,5.92,LIGHT,81.6,LOW,RUNNING,19.5,4.5,LIGHT,76.12,LOW,RUNNING,23.86,7.58,LIGHT,86.2,LOW,RUNNING,21.85,6.05,LIGHT,81.39,LOW,RUNNING,20.43,4.93,LIGHT,77.93,LOW,RUNNING,20.04,5.18,LIGHT,77.82,LOW,RUNNING,24.11,7.48,LIGHT,86.36,LOW,RUNNING,26.73,55.0,191.2,0.25,22.0,COOLING,0.25,22.0,COOLING,0.25,22.0,COOLING,0.25,22.0,COOLING,21.848,21.771,22.968,21.77,22.089,22.968,21.77,1.198,325.31,162.32,159.32,164.18,170.0,170.0,1360.0,170.0,176.58,226.03,248.46,226.05,-0.51,138.26,-276.25,138.5,875.0,875.0,875.0,875.0,-203.62,-178.39,616.53,-176.27,811.13,1870.0,877.12,3500.0,58.25,0.0,0.511,0.507,0.0,22.5,TARGETED_EAST_OCCUPANCY_COOL,4.7622
2,Occupancy Concentration,0,68,680.0,22,2,2,16,2,21.31,5.71,LIGHT,80.2,LOW,RUNNING,20.22,5.19,LIGHT,78.06,LOW,RUNNING,23.39,7.99,LIGHT,86.22,LOW,RUNNING,22.2,5.84,LIGHT,81.51,LOW,RUNNING,19.37,4.38,LIGHT,75.78,LOW,RUNNING,23.7,7.53,LIGHT,85.92,LOW,RUNNING,21.81,6.11,LIGHT,81.43,LOW,RUNNING,20.55,5.05,LIGHT,78.26,LOW,RUNNING,20.21,5.25,LIGHT,78.14,LOW,RUNNING,24.17,7.43,LIGHT,86.36,LOW,RUNNING,26.74,55.0,191.3,0.25,22.0,COOLING,0.25,22.0,COOLING,0.25,22.0,COOLING,0.25,22.0,COOLING,21.844,21.767,22.981,21.766,22.09,22.981,21.766,1.215,325.99,161.7,159.69,164.5,170.0,170.0,1360.0,170.0,176.92,226.39,248.49,226.41,-0.25,140.12,-280.25,140.37,875.0,875.0,875.0,875.0,-202.34,-176.79,612.93,-173.72,811.88,1870.0,878.21,3500.0,60.08,0.0,0.522,0.518,0.0,22.5,TARGETED_EAST_OCCUPANCY_COOL,4.8702
2,Occupancy Concentration,0,69,690.0,22,2,2,16,2,21.35,5.82,LIGHT,80.42,LOW,RUNNING,20.38,5.29,LIGHT,78.41,LOW,RUNNING,23.51,8.0,LIGHT,86.39,LOW,RUNNING,22.18,5.75,LIGHT,81.35,LOW,RUNNING,19.22,4.27,LIGHT,75.43,LOW,RUNNING,23.56,7.5,LIGHT,85.7,LOW,RUNNING,21.8,6.19,LIGHT,81.53,LOW,RUNNING,20.69,5.17,LIGHT,78.62,LOW,RUNNING,20.36,5.29,LIGHT,78.39,LOW,RUNNING,24.2,7.36,LIGHT,86.29,LOW,RUNNING,26.74,55.0,191.5,0.25,22.0,COOLING,0.25,22.0,COOLING,0.25,22.0,COOLING,0.25,22.0,COOLING,21.84,21.763,22.993,21.763,22.09,22.993,21.763,1.23,326.57,161.13,160.15,164.68,170.0,170.0,1360.0,170.0,177.07,226.61,248.38,226.63,0.0,142.0,-284.25,142.25,875.0,875.0,875.0,875.0,-201.36,-175.26,609.28,-171.44,812.53,1870.0,878.69,3500.0,61.22,0.0,0.493,0.496,0.0,22.5,TARGETED_EAST_OCCUPANCY_COOL,4.9661
2,Occupancy Concentration,0,70,700.0,22,2,2,16,2,21.44,5.93,LIGHT,80.69,LOW,RUNNING,20.55,5.38,LIGHT,78.76,LOW,RUNNING,23.61,7.98,LIGHT,86.48,LOW,RUNNING,22.12,5.64,LIGHT,81.11,LOW,RUNNING,19.05,4.17,LIGHT,75.07,LOW,RUNNING,23.44,7.51,LIGHT,85.57,LOW,RUNNING,21.84,6.3,LIGHT,81.75,LOW,RUNNING,20.85,5.28,LIGHT,78.98,LOW,RUNNING,20.49,5.3,LIGHT,78.56,LOW,RUNNING,24.18,7.26,LIGHT,86.11,LOW,RUNNING,26.74,55.0,191.7,0.25,22.0,COOLING,0.25,22.0,COOLING,0.25,22.0,COOLING,0.25,22.0,COOLING,21.836,21.759,23.005,21.76,22.09,23.005,21.759,1.246,327.04,160.64,160.73,164.67,170.0,170.0,1360.0,170.0,177.24,226.82,248.3,226.82,0.36,143.77,-287.89,143.77,875.0,875.0,875.0,875.0,-200.36,-173.77,606.14,-169.74,813.08,1870.0,879.18,3500.0,62.27,0.0,0.537,0.546,0.0,22.5,TARGETED_EAST_OCCUPANCY_COOL,5.0712
2,Occupancy Concentration,0,71,710.0,22,2,2,16,2,21.55,6.05,LIGHT,81.01,LOW,RUNNING,20.71,5.45,LIGHT,79.06,LOW,RUNNING,23.68,7.93,LIGHT,86.49,LOW,RUNNING,22.02,5.52,LIGHT,80.81,LOW,RUNNING,18.88,4.09,LIGHT,74.73,LOW,RUNNING,23.36,7.54,LIGHT,85.51,LOW,RUNNING,21.92,6.41,LIGHT,82.02,LOW,RUNNING,21.02,5.37,LIGHT,79.33,LOW,RUNNING,20.6,5.28,LIGHT,78.67,LOW,RUNNING,24.13,7.16,LIGHT,85.9,LOW,RUNNING,26.75,55.0,191.8,0.25,22.0,COOLING,0.25,22.0,COOLING,0.25,22.0,COOLING,0.25,22.0,COOLING,21.832,21.755,23.017,21.757,22.09,23.017,21.755,1.262,327.37,160.24,161.35,164.57,170.0,170.0,1360.0,170.0,177.57,227.19,248.34,227.16,0.71,145.54,-291.54,145.29,875.0,875.0,875.0,875.0,-199.35,-172.03,603.15,-167.98,813.53,1870.0,880.26,3500.0,63.79,0.0,0.543,0.558,0.0,22.5,TARGETED_EAST_OCCUPANCY_COOL,5.1735
2,Occupancy Concentration,0,72,720.0,22,2,2,16,2,21.7,6.17,LIGHT,81.38,LOW,RUNNING,20.87,5.49,LIGHT,79.32,LOW,RUNNING,23.7,7.86,LIGHT,86.42,LOW,RUNNING,21.89,5.4,LIGHT,80.46,LOW,RUNNING,18.72,4.03,LIGHT,74.45,LOW,RUNNING,23.31,7.6,LIGHT,85.54,LOW,RUNNING,22.03,6.53,LIGHT,82.33,LOW,RUNNING,21.18,5.44,LIGHT,79.63,LOW,RUNNING,20.67,5.24,LIGHT,78.7,LOW,RUNNING,24.04,7.04,LIGHT,85.61,LOW,RUNNING,26.75,55.0,192.0,0.25,22.0,COOLING,0.25,22.0,COOLING,0.25,22.0,COOLING,0.25,22.0,COOLING,21.828,21.752,23.029,21.754,22.091,23.029,21.752,1.277,327.58,159.99,161.96,164.31,170.0,170.0,1360.0,170.0,177.74,227.39,248.26,227.35,1.05,147.32,-295.19,146.82,875.0,875.0,875.0,875.0,-198.63,-170.3,600.03,-166.52,813.84,1870.0,880.74,3500.0,64.58,0.0,0.553,0.568,0.0,22.5,TARGETED_EAST_OCCUPANCY_COOL,5.2729
2,Occupancy Concentration,0,73,730.0,22,2,2,16,2,21.86,6.28,LIGHT,81.75,LOW,RUNNING,21.0,5.5,LIGHT,79.5,LOW,RUNNING,23.68,7.76,LIGHT,86.24,LOW,RUNNING,21.74,5.28,LIGHT,80.09,LOW,RUNNING,18.58,4.0,LIGHT,74.22,LOW,RUNNING,23.3,7.68,LIGHT,85.64,LOW,RUNNING,22.17,6.65,LIGHT,82.69,LOW,RUNNING,21.34,5.48,LIGHT,79.89,LOW,RUNNING,20.7,5.17,LIGHT,78.63,LOW,RUNNING,23.91,6.92,LIGHT,85.27,LOW,RUNNING,26.75,55.0,192.2,0.25,22.0,COOLING,0.25,22.0,COOLING,0.25,22.0,COOLING,0.25,22.0,COOLING,21.824,21.749,23.041,21.751,22.091,23.041,21.749,1.292,327.58,159.86,162.58,163.9,170.0,170.0,1360.0,170.0,177.9,227.58,248.17,227.53,1.52,148.86,-298.73,148.36,875.0,875.0,875.0,875.0,-198.0,-168.7,597.02,-165.21,813.92,1870.0,881.18,3500.0,65.11,0.0,0.487,0.501,0.0,22.5,TARGETED_EAST_OCCUPANCY_COOL,5.368
2,Occupancy Concentration,0,74,740.0,22,2,2,16,2,22.02,6.37,LIGHT,82.08,LOW,RUNNING,21.1,5.48,LIGHT,79.59,LOW,RUNNING,23.63,7.65,LIGHT,86.01,LOW,RUNNING,21.58,5.18,LIGHT,79.74,LOW,RUNNING,18.46,4.0,LIGHT,74.08,LOW,RUNNING,23.34,7.78,LIGHT,85.84,LOW,RUNNING,22.33,6.76,LIGHT,83.05,LOW,RUNNING,21.48,5.5,LIGHT,80.1,LOW,RUNNING,20.69,5.08,LIGHT,78.48,LOW,RUNNING,23.77,6.8,LIGHT,84.91,LOW,RUNNING,26.76,55.0,192.3,0.25,22.0,COOLING,0.25,22.0,COOLING,0.25,22.0,COOLING,0.25,22.0,COOLING,21.82,21.746,23.053,21.748,22.092,23.053,21.746,1.307,327.42,159.92,163.15,163.39,170.0,170.0,1360.0,170.0,178.23,227.93,248.22,227.88,1.97,150.4,-302.28,149.9,875.0,875.0,875.0,875.0,-197.38,-166.75,594.09,-163.83,813.88,1870.0,882.26,3500.0,66.13,0.0,0.499,0.513,0.0,22.5,TARGETED_EAST_OCCUPANCY_COOL,5.4693
2,Occupancy Concentration,0,75,750.0,22,2,2,16,2,22.19,6.44,LIGHT,82.4,LOW,RUNNING,21.17,5.44,LIGHT,79.62,LOW,RUNNING,23.53,7.53,LIGHT,85.71,LOW,RUNNING,21.41,5.1,LIGHT,79.41,LOW,RUNNING,18.37,4.03,LIGHT,74.01,LOW,RUNNING,23.41,7.9,LIGHT,86.11,LOW,RUNNING,22.49,6.86,LIGHT,83.4,LOW,RUNNING,21.59,5.49,LIGHT,80.22,LOW,RUNNING,20.64,4.97,LIGHT,78.25,LOW,RUNNING,23.6,6.7,LIGHT,84.55,LOW,RUNNING,26.76,55.0,192.5,0.25,22.0,COOLING,0.25,22.0,COOLING,0.25,22.0,COOLING,0.25,22.0,COOLING,21.816,21.743,23.065,21.745,22.092,23.065,21.743,1.322,327.14,160.12,163.62,162.8,170.0,170.0,1360.0,170.0,178.4,228.11,248.14,228.07,2.43,151.94,-305.82,151.44,875.0,875.0,875.0,875.0,-197.03,-164.83,590.94,-162.69,813.68,1870.0,882.72,3500.0,66.39,0.0,0.508,0.521,0.0,22.5,TARGETED_EAST_OCCUPANCY_COOL,5.5717
2,Occupancy Concentration,0,76,760.0,22,2,2,16,2,22.35,6.48,LIGHT,82.66,LOW,RUNNING,21.2,5.37,LIGHT,79.56,LOW,RUNNING,23.41,7.41,LIGHT,85.38,LOW,RUNNING,21.24,5.04,LIGHT,79.11,LOW,RUNNING,18.31,4.09,LIGHT,74.02,LOW,RUNNING,23.51,8.02,LIGHT,86.42,LOW,RUNNING,22.66,6.93,LIGHT,83.72,LOW,RUNNING,21.66,5.45,LIGHT,80.25,LOW,RUNNING,20.55,4.85,LIGHT,77.96,LOW,RUNNING,23.44,6.61,LIGHT,84.22,LOW,RUNNING,26.76,55.0,192.7,0.25,22.0,COOLING,0.25,22.0,COOLING,0.25,22.0,COOLING,0.25,22.0,COOLING,21.812,21.74,23.077,21.742,22.093,23.077,21.74,1.337,326.71,160.44,163.97,162.18,170.0,170.0,1360.0,170.0,178.56,228.31,248.05,228.26,2.9,153.48,-309.36,152.98,875.0,875.0,875.0,875.0,-196.83,-162.77,587.66,-161.58,813.3,1870.0,883.18,3500.0,66.48,0.0,0.516,0.529,0.0,22.5,TARGETED_EAST_OCCUPANCY_COOL,5.6751
2,Occupancy Concentration,0,77,770.0,22,2,2,16,2,22.48,6.5,LIGHT,82.85,LOW,RUNNING,21.19,5.28,LIGHT,79.41,LOW,RUNNING,23.26,7.3,LIGHT,85.03,LOW,RUNNING,21.1,5.01,LIGHT,78.89,LOW,RUNNING,18.3,4.17,LIGHT,74.13,LOW,RUNNING,23.65,8.14,LIGHT,86.77,LOW,RUNNING,22.82,6.98,LIGHT,84.0,LOW,RUNNING,21.7,5.38,LIGHT,80.19,LOW,RUNNING,20.43,4.73,LIGHT,77.63,LOW,RUNNING,23.27,6.55,LIGHT,83.91,LOW,RUNNING,26.77,55.0,192.8,0.25,22.0,COOLING,0.25,22.0,COOLING,0.25,22.0,COOLING,0.25,22.0,COOLING,21.808,21.737,23.089,21.739,22.093,23.089,21.737,1.352,326.18,160.9,164.19,161.54,170.0,170.0,1360.0,170.0,178.9,228.65,248.1,228.6,3.35,155.02,-312.9,154.52,875.0,875.0,875.0,875.0,-196.57,-160.43,584.39,-160.34,812.81,1870.0,884.25,3500.0,67.05,0.0,0.525,0.536,0.0,22.5,TARGETED_EAST_OCCUPANCY_COOL,5.7792
2,Occupancy Concentration,0,78,780.0,22,2,2,16,2,22.59,6.49,LIGHT,82.97,LOW,RUNNING,21.14,5.17,LIGHT,79.18,LOW,RUNNING,23.1,7.19,LIGHT,84.66,LOW,RUNNING,20.97,5.0,LIGHT,78.71,LOW,RUNNING,18.33,4.27,LIGHT,74.32,LOW,RUNNING,23.8,8.25,LIGHT,87.12,LOW,RUNNING,22.96,7.0,LIGHT,84.2,LOW,RUNNING,21.69,5.29,LIGHT,80.05,LOW,RUNNING,20.29,4.62,LIGHT,77.29,LOW,RUNNING,23.12,6.51,LIGHT,83.67,LOW,RUNNING,26.77,55.0,193.0,0.25,22.0,COOLING,0.25,22.0,COOLING,0.25,22.0,COOLING,0.25,22.0,COOLING,21.804,21.734,23.101,21.736,22.094,23.101,21.734,1.367,325.52,161.44,164.25,160.96,170.0,170.0,1360.0,170.0,179.06,228.83,248.02,228.79,3.81,156.56,-316.43,156.06,875.0,875.0,875.0,875.0,-196.61,-158.17,580.84,-159.19,812.17,1870.0,884.7,3500.0,66.87,0.0,0.534,0.545,0.0,22.5,TARGETED_EAST_OCCUPANCY_COOL,5.8842
2,Occupancy Concentration,0,79,790.0,22,2,2,16,2,22.66,6.45,LIGHT,83.0,LOW,RUNNING,21.05,5.05,LIGHT,78.89,LOW,RUNNING,22.93,7.11,LIGHT,84.33,LOW,RUNNING,20.88,5.03,LIGHT,78.64,LOW,RUNNING,18.4,4.38,LIGHT,74.57,LOW,RUNNING,23.97,8.34,LIGHT,87.47,LOW,RUNNING,23.07,6.99,LIGHT,84.32,LOW,RUNNING,21.65,5.19,LIGHT,79.85,LOW,RUNNING,20.13,4.51,LIGHT,76.93,LOW,RUNNING,22.99,6.5,LIGHT,83.49,LOW,RUNNING,26.77,55.0,193.2,0.25,22.0,COOLING,0.25,22.0,COOLING,0.25,22.0,COOLING,0.25,22.0,COOLING,21.8,21.731,23.113,21.733,22.094,23.113,21.731,1.382,324.86,162.04,164.17,160.42,170.0,170.0,1360.0,170.0,179.22,229.02,247.93,228.98,4.28,158.1,-319.97,157.6,875.0,875.0,875.0,875.0,-196.64,-155.84,577.13,-158.0,811.49,1870.0,885.15,3500.0,66.65,0.0,0.543,0.553,0.0,22.5,TARGETED_EAST_OCCUPANCY_COOL,5.99
2,Occupancy Concentration,0,80,800.0,22,2,2,16,2,22.7,6.38,LIGHT,82.94,LOW,RUNNING,20.93,4.93,LIGHT,78.56,LOW,RUNNING,22.77,7.05,LIGHT,84.04,LOW,RUNNING,20.82,5.08,LIGHT,78.65,LOW,RUNNING,18.5,4.5,LIGHT,74.88,LOW,RUNNING,24.14,8.42,LIGHT,87.8,LOW,RUNNING,23.15,6.95,LIGHT,84.36,LOW,RUNNING,21.57,5.07,LIGHT,79.57,LOW,RUNNING,19.96,4.42,LIGHT,76.58,LOW,RUNNING,22.89,6.52,LIGHT,83.39,LOW,RUNNING,26.78,55.0,193.3,0.25,22.0,COOLING,0.25,22.0,COOLING,0.25,22.0,COOLING,0.25,22.0,COOLING,21.796,21.728,23.125,21.73,22.095,23.125,21.728,1.397,324.19,162.68,163.93,159.97,170.0,170.0,1360.0,170.0,179.56,229.36,247.98,229.32,4.74,159.64,-323.51,159.14,875.0,875.0,875.0,875.0,-196.51,-153.32,573.4,-156.57,810.77,1870.0,886.22,3500.0,67.0,0.0,0.552,0.562,0.0,22.5,TARGETED_EAST_OCCUPANCY_COOL,6.0966
2,Occupancy Concentration,0,81,810.0,22,2,2,16,2,22.69,6.29,LIGHT,82.8,LOW,RUNNING,20.78,4.81,LIGHT,78.19,LOW,RUNNING,22.61,7.01,LIGHT,83.78,LOW,RUNNING,20.8,5.16,LIGHT,78.74,LOW,RUNNING,18.63,4.62,LIGHT,75.22,LOW,RUNNING,24.3,8.47,LIGHT,88.08,LOW,RUNNING,23.19,6.89,LIGHT,84.32,LOW,RUNNING,21.45,4.95,LIGHT,79.24,LOW,RUNNING,19.79,4.35,LIGHT,76.26,LOW,RUNNING,22.83,6.57,LIGHT,83.39,LOW,RUNNING,26.78,55.0,193.5,0.25,22.0,COOLING,0.25,22.0,COOLING,0.25,22.0,COOLING,0.25,22.0,COOLING,21.792,21.725,23.137,21.727,22.095,23.137,21.725,1.412,323.51,163.3,163.56,159.65,170.0,170.0,1360.0,170.0,179.72,229.56,247.89,229.52,5.2,161.18,-327.05,160.68,875.0,875.0,875.0,875.0,-196.57,-150.96,569.4,-155.15,810.02,1870.0,886.69,3500.0,66.72,0.0,0.561,0.57,0.0,22.5,TARGETED_EAST_OCCUPANCY_COOL,6.2041
2,Occupancy Concentration,0,82,820.0,22,2,2,16,2,22.65,6.18,LIGHT,82.58,LOW,RUNNING,20.62,4.71,LIGHT,77.84,LOW,RUNNING,22.49,7.0,LIGHT,83.61,LOW,RUNNING,20.82,5.25,LIGHT,78.9,LOW,RUNNING,18.78,4.73,LIGHT,75.57,LOW,RUNNING,24.44,8.5,LIGHT,88.3,LOW,RUNNING,23.2,6.81,LIGHT,84.22,LOW,RUNNING,21.31,4.83,LIGHT,78.88,LOW,RUNNING,19.64,4.31,LIGHT,76.02,LOW,RUNNING,22.8,6.64,LIGHT,83.46,LOW,RUNNING,26.78,55.0,193.7,0.25,22.0,COOLING,0.25,22.0,COOLING,0.25,22.0,COOLING,0.25,22.0,COOLING,21.788,21.722,23.149,21.724,22.096,23.149,21.722,1.427,322.93,163.87,163.1,159.48,170.0,170.0,1360.0,170.0,179.88,229.74,247.81,229.7,5.65,162.72,-330.59,162.22,875.0,875.0,875.0,875.0,-196.54,-148.67,565.32,-153.6,809.38,1870.0,887.13,3500.0,66.51,0.0,0.57,0.579,0.0,22.5,TARGETED_EAST_OCCUPANCY_COOL,6.3125
2,Occupancy Concentration,0,83,830.0,22,2,2,16,2,22.56,6.07,LIGHT,82.31,LOW,RUNNING,20.45,4.62,LIGHT,77.49,LOW,RUNNING,22.39,7.02,LIGHT,83.52,LOW,RUNNING,20.88,5.36,LIGHT,79.14,LOW,RUNNING,18.95,4.83,LIGHT,75.93,LOW,RUNNING,24.56,8.49,LIGHT,88.44,LOW,RUNNING,23.16,6.7,LIGHT,84.0,LOW,RUNNING,21.15,4.72,LIGHT,78.52,LOW,RUNNING,19.51,4.3,LIGHT,75.84,LOW,RUNNING,22.82,6.74,LIGHT,83.64,LOW,RUNNING,26.79,55.0,193.8,0.25,22.0,COOLING,0.25,22.0,COOLING,0.25,22.0,COOLING,0.25,22.0,COOLING,21.784,21.719,23.16,21.721,22.096,23.16,21.719,1.441,322.46,164.37,162.52,159.48,170.0,170.0,1360.0,170.0,180.21,230.08,247.85,230.04,6.12,164.26,-334.14,163.76,875.0,875.0,875.0,875.0,-196.21,-146.29,561.23,-151.72,808.83,1870.0,888.18,3500.0,67.01,0.0,0.58,0.588,0.0,22.5,TARGETED_EAST_OCCUPANCY_COOL,6.4147
2,Occupancy Concentration,0,84,840.0,22,2,2,16,2,22.45,5.95,LIGHT,81.99,LOW,RUNNING,20.29,4.55,LIGHT,77.19,LOW,RUNNING,22.32,7.07,LIGHT,83.51,LOW,RUNNING,20.98,5.48,LIGHT,79.44,LOW,RUNNING,19.12,4.91,LIGHT,76.27,LOW,RUNNING,24.64,8.46,LIGHT,88.49,LOW,RUNNING,23.08,6.59,LIGHT,83.73,LOW,RUNNING,20.98,4.63,LIGHT,78.17,LOW,RUNNING,19.4,4.32,LIGHT,75.73,LOW,RUNNING,22.87,6.84,LIGHT,83.85,LOW,RUNNING,26.79,55.0,194.0,0.25,22.0,COOLING,0.25,22.0,COOLING,0.25,22.0,COOLING,0.25,22.0,COOLING,21.78,21.716,23.171,21.718,22.096,23.171,21.716,1.455,322.13,164.76,161.9,159.58,170.0,170.0,1360.0,170.0,180.38,230.28,247.79,230.23,6.56,165.69,-337.44,165.19,875.0,875.0,875.0,875.0,-195.93,-144.27,557.25,-150.0,808.37,1870.0,888.68,3500.0,67.05,0.0,0.588,0.596,0.0,22.5,TARGETED_EAST_OCCUPANCY_COOL,6.5181
2,Occupancy Concentration,0,85,850.0,22,2,2,16,2,22.3,5.83,LIGHT,81.62,LOW,RUNNING,20.13,4.51,LIGHT,76.93,LOW,RUNNING,22.3,7.14,LIGHT,83.58,LOW,RUNNING,21.11,5.6,LIGHT,79.79,LOW,RUNNING,19.28,4.97,LIGHT,76.55,LOW,RUNNING,24.69,8.4,LIGHT,88.46,LOW,RUNNING,22.97,6.47,LIGHT,83.42,LOW,RUNNING,20.82,4.56,LIGHT,77.87,LOW,RUNNING,19.33,4.36,LIGHT,75.7,LOW,RUNNING,22.96,6.96,LIGHT,84.14,LOW,RUNNING,26.8,55.0,194.2,0.25,22.0,COOLING,0.25,22.0,COOLING,0.25,22.0,COOLING,0.25,22.0,COOLING,21.776,21.713,23.182,21.715,22.096,23.182,21.713,1.469,321.92,165.01,161.29,159.84,170.0,170.0,1360.0,170.0,180.76,230.69,247.94,230.64,7.0,167.12,-340.74,166.62,875.0,875.0,875.0,875.0,-195.32,-142.18,553.49,-147.9,808.06,1870.0,890.03,3500.0,68.09,0.0,0.597,0.604,0.0,22.5,TARGETED_EAST_OCCUPANCY_COOL,6.6223
2,Occupancy Concentration,0,86,860.0,22,2,2,16,2,22.14,5.72,LIGHT,81.25,LOW,RUNNING,20.0,4.5,LIGHT,76.75,LOW,RUNNING,22.32,7.24,LIGHT,83.76,LOW,RUNNING,21.26,5.72,LIGHT,80.16,LOW,RUNNING,19.42,5.0,LIGHT,76.78,LOW,RUNNING,24.7,8.32,LIGHT,88.36,LOW,RUNNING,22.83,6.35,LIGHT,83.06,LOW,RUNNING,20.66,4.52,LIGHT,77.61,LOW,RUNNING,19.3,4.43,LIGHT,75.77,LOW,RUNNING,23.09,7.08,LIGHT,84.48,LOW,RUNNING,26.8,55.0,194.3,0.25,22.0,COOLING,0.25,22.0,COOLING,0.25,22.0,COOLING,0.25,22.0,COOLING,21.772,21.71,23.193,21.712,22.097,23.193,21.71,1.483,321.92,165.14,160.67,160.25,170.0,170.0,1360.0,170.0,180.88,230.81,247.8,230.77,7.45,168.55,-344.05,168.05,875.0,875.0,875.0,875.0,-194.75,-140.5,549.42,-145.93,807.98,1870.0,890.26,3500.0,68.24,0.0,0.605,0.613,0.0,22.5,TARGETED_EAST_OCCUPANCY_COOL,6.7274
2,Occupancy Concentration,0,87,870.0,22,2,2,16,2,21.98,5.63,LIGHT,80.92,LOW,RUNNING,19.9,4.52,LIGHT,76.66,LOW,RUNNING,22.37,7.35,LIGHT,83.99,LOW,RUNNING,21.42,5.82,LIGHT,80.51,LOW,RUNNING,19.54,5.0,LIGHT,76.92,LOW,RUNNING,24.66,8.22,LIGHT,88.16,LOW,RUNNING,22.67,6.24,LIGHT,82.7,LOW,RUNNING,20.52,4.5,LIGHT,77.4,LOW,RUNNING,19.31,4.52,LIGHT,75.92,LOW,RUNNING,23.23,7.2,LIGHT,84.84,LOW,RUNNING,26.8,55.0,194.5,0.25,22.0,COOLING,0.25,22.0,COOLING,0.25,22.0,COOLING,0.25,22.0,COOLING,21.768,21.707,23.204,21.709,22.097,23.204,21.707,1.497,322.08,165.08,160.1,160.76,170.0,170.0,1360.0,170.0,181.04,231.0,247.74,230.95,7.9,169.98,-347.36,169.48,875.0,875.0,875.0,875.0,-193.98,-138.94,545.48,-143.81,808.02,1870.0,890.73,3500.0,68.75,0.0,0.613,0.621,0.0,22.5,TARGETED_EAST_OCCUPANCY_COOL,6.8334
2,Occupancy Concentration,0,88,880.0,22,2,2,16,2,21.81,5.56,LIGHT,80.6,LOW,RUNNING,19.83,4.56,LIGHT,76.63,LOW,RUNNING,22.47,7.47,LIGHT,84.29,LOW,RUNNING,21.59,5.9,LIGHT,80.84,LOW,RUNNING,19.63,4.97,LIGHT,76.99,LOW,RUNNING,24.59,8.1,LIGHT,87.89,LOW,RUNNING,22.51,6.14,LIGHT,82.35,LOW,RUNNING,20.41,4.51,LIGHT,77.28,LOW,RUNNING,19.36,4.63,LIGHT,76.15,LOW,RUNNING,23.4,7.3,LIGHT,85.2,LOW,RUNNING,26.81,55.0,194.7,0.25,22.0,COOLING,0.25,22.0,COOLING,0.25,22.0,COOLING,0.25,22.0,COOLING,21.764,21.704,23.215,21.706,22.097,23.215,21.704,1.511,322.36,164.88,159.63,161.35,170.0,170.0,1360.0,170.0,181.41,231.4,247.89,231.36,8.34,171.41,-350.66,170.91,875.0,875.0,875.0,875.0,-192.89,-137.31,541.86,-141.38,808.22,1870.0,892.06,3500.0,70.28,0.0,0.621,0.629,0.0,22.5,TARGETED_EAST_OCCUPANCY_COOL,6.9403
2,Occupancy Concentration,0,89,890.0,22,2,2,16,2,21.65,5.52,LIGHT,80.34,LOW,RUNNING,19.8,4.63,LIGHT,76.69,LOW,RUNNING,22.59,7.59,LIGHT,84.62,LOW,RUNNING,21.76,5.96,LIGHT,81.14,LOW,RUNNING,19.69,4.91,LIGHT,76.98,LOW,RUNNING,24.49,7.98,LIGHT,87.58,LOW,RUNNING,22.34,6.07,LIGHT,82.03,LOW,RUNNING,20.34,4.55,LIGHT,77.25,LOW,RUNNING,19.45,4.75,LIGHT,76.44,LOW,RUNNING,23.56,7.39,LIGHT,85.53,LOW,RUNNING,26.81,55.0,194.8,0.25,22.0,COOLING,0.25,22.0,COOLING,0.25,22.0,COOLING,0.25,22.0,COOLING,21.76,21.701,23.226,21.703,22.098,23.226,21.701,1.525,322.79,164.56,159.28,161.97,170.0,170.0,1360.0,170.0,181.54,231.53,247.74,231.49,8.79,172.84,-353.96,172.34,875.0,875.0,875.0,875.0,-191.88,-136.07,538.06,-139.2,808.6,1870.0,892.3,3500.0,70.91,0.0,0.628,0.638,0.0,22.5,TARGETED_EAST_OCCUPANCY_COOL,7.0483
2,Occupancy Concentration,0,90,900.0,22,2,2,16,2,21.52,5.5,LIGHT,80.15,LOW,RUNNING,19.81,4.72,LIGHT,76.84,LOW,RUNNING,22.74,7.7,LIGHT,84.97,LOW,RUNNING,21.9,5.99,LIGHT,81.36,LOW,RUNNING,19.7,4.83,LIGHT,76.87,LOW,RUNNING,24.35,7.86,LIGHT,87.23,LOW,RUNNING,22.18,6.02,LIGHT,81.75,LOW,RUNNING,20.3,4.62,LIGHT,77.31,LOW,RUNNING,19.57,4.87,LIGHT,76.77,LOW,RUNNING,23.73,7.45,LIGHT,85.84,LOW,RUNNING,26.81,55.0,195.0,0.25,22.0,COOLING,0.25,22.0,COOLING,0.25,22.0,COOLING,0.25,22.0,COOLING,21.756,21.698,23.237,21.7,22.098,23.237,21.698,1.539,323.32,164.1,159.06,162.61,170.0,170.0,1360.0,170.0,181.69,231.72,247.68,231.68,9.23,174.27,-357.27,173.77,875.0,875.0,875.0,875.0,-190.76,-134.91,534.47,-136.94,809.09,1870.0,892.77,3500.0,71.86,0.0,0.636,0.646,0.0,22.5,TARGETED_EAST_OCCUPANCY_COOL,7.1573
2,Occupancy Concentration,0,91,910.0,22,2,2,16,2,21.41,5.51,LIGHT,80.03,LOW,RUNNING,19.86,4.83,LIGHT,77.07,LOW,RUNNING,22.9,7.81,LIGHT,85.34,LOW,RUNNING,22.03,6.0,LIGHT,81.54,LOW,RUNNING,19.67,4.73,LIGHT,76.68,LOW,RUNNING,24.2,7.75,LIGHT,86.88,LOW,RUNNING,22.04,6.0,LIGHT,81.55,LOW,RUNNING,20.31,4.71,LIGHT,77.45,LOW,RUNNING,19.71,4.98,LIGHT,77.11,LOW,RUNNING,23.88,7.49,LIGHT,86.08,LOW,RUNNING,26.82,55.0,195.2,0.25,22.0,COOLING,0.25,22.0,COOLING,0.25,22.0,COOLING,0.25,22.0,COOLING,21.752,21.695,23.248,21.697,22.098,23.248,21.695,1.553,323.98,163.56,159.0,163.19,170.0,170.0,1360.0,170.0,182.08,232.12,247.83,232.08,9.67,175.7,-360.57,175.2,875.0,875.0,875.0,875.0,-189.27,-133.62,531.26,-134.53,809.73,1870.0,894.11,3500.0,73.84,0.0,0.644,0.655,0.0,22.5,TARGETED_EAST_OCCUPANCY_COOL,7.2674
2,Occupancy Concentration,0,92,920.0,22,2,2,16,2,21.34,5.55,LIGHT,80.0,LOW,RUNNING,19.95,4.95,LIGHT,77.36,LOW,RUNNING,23.07,7.89,LIGHT,85.67,LOW,RUNNING,22.12,5.97,LIGHT,81.61,LOW,RUNNING,19.6,4.62,LIGHT,76.43,LOW,RUNNING,24.03,7.66,LIGHT,86.53,LOW,RUNNING,21.93,6.01,LIGHT,81.43,LOW,RUNNING,20.35,4.81,LIGHT,77.65,LOW,RUNNING,19.87,5.09,LIGHT,77.47,LOW,RUNNING,24.01,7.5,LIGHT,86.26,LOW,RUNNING,26.82,55.0,195.3,0.25,22.0,COOLING,0.25,22.0,COOLING,0.25,22.0,COOLING,0.25,22.0,COOLING,21.748,21.692,23.259,21.694,22.098,23.259,21.692,1.567,324.64,162.96,159.08,163.73,170.0,170.0,1360.0,170.0,182.2,232.25,247.69,232.2,10.12,177.13,-363.88,176.63,875.0,875.0,875.0,875.0,-188.04,-132.66,527.89,-132.44,810.41,1870.0,894.34,3500.0,74.75,0.0,0.651,0.663,0.0,22.5,TARGETED_EAST_OCCUPANCY_COOL,7.3786
2,Occupancy Concentration,0,93,930.0,22,2,2,16,2,21.3,5.62,LIGHT,80.06,LOW,RUNNING,20.07,5.07,LIGHT,77.69,LOW,RUNNING,23.23,7.95,LIGHT,85.96,LOW,RUNNING,22.18,5.92,LIGHT,81.6,LOW,RUNNING,19.5,4.5,LIGHT,76.12,LOW,RUNNING,23.86,7.58,LIGHT,86.2,LOW,RUNNING,21.85,6.05,LIGHT,81.39,LOW,RUNNING,20.43,4.93,LIGHT,77.93,LOW,RUNNING,20.04,5.18,LIGHT,77.82,LOW,RUNNING,24.11,7.48,LIGHT,86.36,LOW,RUNNING,26.82,55.0,195.5,0.25,22.0,COOLING,0.25,22.0,COOLING,0.25,22.0,COOLING,0.25,22.0,COOLING,21.744,21.689,23.27,21.691,22.099,23.27,21.689,1.581,325.31,162.32,159.32,164.18,170.0,170.0,1360.0,170.0,182.36,232.44,247.62,232.4,10.56,178.56,-367.19,178.06,875.0,875.0,875.0,875.0,-186.77,-131.68,524.75,-130.36,811.13,1870.0,894.82,3500.0,75.94,0.0,0.659,0.671,0.0,22.5,TARGETED_EAST_OCCUPANCY_COOL,7.4909
2,Occupancy Concentration,0,94,940.0,22,2,2,16,2,21.31,5.71,LIGHT,80.2,LOW,RUNNING,20.22,5.19,LIGHT,78.06,LOW,RUNNING,23.39,7.99,LIGHT,86.22,LOW,RUNNING,22.2,5.84,LIGHT,81.51,LOW,RUNNING,19.37,4.38,LIGHT,75.78,LOW,RUNNING,23.7,7.53,LIGHT,85.92,LOW,RUNNING,21.81,6.11,LIGHT,81.43,LOW,RUNNING,20.55,5.05,LIGHT,78.26,LOW,RUNNING,20.21,5.25,LIGHT,78.14,LOW,RUNNING,24.17,7.43,LIGHT,86.36,LOW,RUNNING,26.83,55.0,195.7,0.25,22.0,COOLING,0.25,22.0,COOLING,0.25,22.0,COOLING,0.25,22.0,COOLING,21.74,21.686,23.281,21.688,22.099,23.281,21.686,1.595,325.99,161.7,159.69,164.5,170.0,170.0,1360.0,170.0,182.74,232.84,247.78,232.8,11.01,179.99,-370.49,179.49,875.0,875.0,875.0,875.0,-185.26,-130.47,521.98,-128.21,811.88,1870.0,896.16,3500.0,78.04,0.0,0.667,0.68,0.0,22.5,TARGETED_EAST_OCCUPANCY_COOL,7.6042
2,Occupancy Concentration,0,95,950.0,22,2,2,16,2,21.35,5.82,LIGHT,80.42,LOW,RUNNING,20.38,5.29,LIGHT,78.41,LOW,RUNNING,23.51,8.0,LIGHT,86.39,LOW,RUNNING,22.18,5.75,LIGHT,81.35,LOW,RUNNING,19.22,4.27,LIGHT,75.43,LOW,RUNNING,23.56,7.5,LIGHT,85.7,LOW,RUNNING,21.8,6.19,LIGHT,81.53,LOW,RUNNING,20.69,5.17,LIGHT,78.62,LOW,RUNNING,20.36,5.29,LIGHT,78.39,LOW,RUNNING,24.2,7.36,LIGHT,86.29,LOW,RUNNING,26.83,55.0,195.8,0.25,22.0,COOLING,0.25,22.0,COOLING,0.25,22.0,COOLING,0.25,22.0,COOLING,21.736,21.683,23.292,21.685,22.099,23.292,21.683,1.609,326.57,161.13,160.15,164.68,170.0,170.0,1360.0,170.0,182.86,232.98,247.62,232.93,11.46,181.42,-373.79,180.92,875.0,875.0,875.0,875.0,-184.11,-129.47,518.98,-126.47,812.53,1870.0,896.39,3500.0,78.93,0.0,0.675,0.689,0.0,22.5,TARGETED_EAST_OCCUPANCY_COOL,7.7186
2,Occupancy Concentration,0,96,960.0,22,2,2,16,2,21.44,5.93,LIGHT,80.69,LOW,RUNNING,20.55,5.38,LIGHT,78.76,LOW,RUNNING,23.61,7.98,LIGHT,86.48,LOW,RUNNING,22.12,5.64,LIGHT,81.11,LOW,RUNNING,19.05,4.17,LIGHT,75.07,LOW,RUNNING,23.44,7.51,LIGHT,85.57,LOW,RUNNING,21.84,6.3,LIGHT,81.75,LOW,RUNNING,20.85,5.28,LIGHT,78.98,LOW,RUNNING,20.49,5.3,LIGHT,78.56,LOW,RUNNING,24.18,7.26,LIGHT,86.11,LOW,RUNNING,26.83,55.0,196.0,0.25,22.0,COOLING,0.25,22.0,COOLING,0.25,22.0,COOLING,0.25,22.0,COOLING,21.732,21.68,23.303,21.682,22.099,23.303,21.68,1.623,327.04,160.64,160.73,164.67,170.0,170.0,1360.0,170.0,183.02,233.16,247.57,233.12,11.9,182.85,-377.1,182.35,875.0,875.0,875.0,875.0,-183.04,-128.35,516.2,-124.86,813.08,1870.0,896.87,3500.0,79.95,0.0,0.683,0.697,0.0,22.5,TARGETED_EAST_OCCUPANCY_COOL,7.8342
2,Occupancy Concentration,0,97,970.0,22,2,2,16,2,21.55,6.05,LIGHT,81.01,LOW,RUNNING,20.71,5.45,LIGHT,79.06,LOW,RUNNING,23.68,7.93,LIGHT,86.49,LOW,RUNNING,22.02,5.52,LIGHT,80.81,LOW,RUNNING,18.88,4.09,LIGHT,74.73,LOW,RUNNING,23.36,7.54,LIGHT,85.51,LOW,RUNNING,21.92,6.41,LIGHT,82.02,LOW,RUNNING,21.02,5.37,LIGHT,79.33,LOW,RUNNING,20.6,5.28,LIGHT,78.67,LOW,RUNNING,24.13,7.16,LIGHT,85.9,LOW,RUNNING,26.84,55.0,196.2,0.25,22.0,COOLING,0.25,22.0,COOLING,0.25,22.0,COOLING,0.25,22.0,COOLING,21.728,21.677,23.313,21.679,22.099,23.313,21.677,1.636,327.37,160.24,161.35,164.57,170.0,170.0,1360.0,170.0,183.4,233.56,247.72,233.52,12.34,184.28,-380.41,183.78,875.0,875.0,875.0,875.0,-181.89,-126.92,513.66,-123.13,813.53,1870.0,898.2,3500.0,81.72,0.0,0.69,0.705,0.0,22.5,TARGETED_EAST_OCCUPANCY_COOL,7.9427
2,Occupancy Concentration,0,98,980.0,22,2,2,16,2,21.7,6.17,LIGHT,81.38,LOW,RUNNING,20.87,5.49,LIGHT,79.32,LOW,RUNNING,23.7,7.86,LIGHT,86.42,LOW,RUNNING,21.89,5.4,LIGHT,80.46,LOW,RUNNING,18.72,4.03,LIGHT,74.45,LOW,RUNNING,23.31,7.6,LIGHT,85.54,LOW,RUNNING,22.03,6.53,LIGHT,82.33,LOW,RUNNING,21.18,5.44,LIGHT,79.63,LOW,RUNNING,20.67,5.24,LIGHT,78.7,LOW,RUNNING,24.04,7.04,LIGHT,85.61,LOW,RUNNING,26.84,55.0,196.3,0.25,22.0,COOLING,0.25,22.0,COOLING,0.25,22.0,COOLING,0.25,22.0,COOLING,21.724,21.674,23.323,21.677,22.099,23.323,21.674,1.649,327.58,159.99,161.96,164.31,170.0,170.0,1360.0,170.0,183.52,233.69,247.59,233.65,12.77,185.6,-383.47,185.1,875.0,875.0,875.0,875.0,-181.13,-125.72,511.08,-121.94,813.84,1870.0,898.45,3500.0,82.29,0.0,0.693,0.713,0.0,22.5,TARGETED_EAST_OCCUPANCY_COOL,8.0476
2,Occupancy Concentration,0,99,990.0,22,2,2,16,2,21.86,6.28,LIGHT,81.75,LOW,RUNNING,21.0,5.5,LIGHT,79.5,LOW,RUNNING,23.68,7.76,LIGHT,86.24,LOW,RUNNING,21.74,5.28,LIGHT,80.09,LOW,RUNNING,18.58,4.0,LIGHT,74.22,LOW,RUNNING,23.3,7.68,LIGHT,85.64,LOW,RUNNING,22.17,6.65,LIGHT,82.69,LOW,RUNNING,21.34,5.48,LIGHT,79.89,LOW,RUNNING,20.7,5.17,LIGHT,78.63,LOW,RUNNING,23.91,6.92,LIGHT,85.27,LOW,RUNNING,26.84,55.0,196.5,0.25,22.0,COOLING,0.25,22.0,COOLING,0.25,22.0,COOLING,0.25,22.0,COOLING,21.72,21.671,23.333,21.675,22.1,23.333,21.671,1.662,327.58,159.86,162.58,163.9,170.0,170.0,1360.0,170.0,183.68,233.88,247.56,233.81,13.31,186.94,-386.44,186.19,875.0,875.0,875.0,875.0,-180.43,-124.32,508.7,-121.1,813.92,1870.0,898.93,3500.0,82.85,0.0,0.696,0.721,0.0,22.5,TARGETED_EAST_OCCUPANCY_COOL,8.1536
2,Occupancy Concentration,0,100,1000.0,22,2,2,16,2,22.02,6.37,LIGHT,82.08,LOW,RUNNING,21.1,5.48,LIGHT,79.59,LOW,RUNNING,23.63,7.65,LIGHT,86.01,LOW,RUNNING,21.58,5.18,LIGHT,79.74,LOW,RUNNING,18.46,4.0,LIGHT,74.08,LOW,RUNNING,23.34,7.78,LIGHT,85.84,LOW,RUNNING,22.33,6.76,LIGHT,83.05,LOW,RUNNING,21.48,5.5,LIGHT,80.1,LOW,RUNNING,20.69,5.08,LIGHT,78.48,LOW,RUNNING,23.77,6.8,LIGHT,84.91,LOW,RUNNING,26.85,55.0,196.7,0.25,22.0,COOLING,0.25,22.0,COOLING,0.25,22.0,COOLING,0.25,22.0,COOLING,21.716,21.668,23.343,21.673,22.1,23.343,21.668,1.675,327.42,159.92,163.15,163.39,170.0,170.0,1360.0,170.0,184.06,234.29,247.73,234.2,13.86,188.27,-389.39,187.27,875.0,875.0,875.0,875.0,-179.66,-122.52,506.49,-120.14,813.88,1870.0,900.28,3500.0,84.17,0.0,0.699,0.73,0.0,22.5,TARGETED_EAST_OCCUPANCY_COOL,8.26
2,Occupancy Concentration,0,101,1010.0,22,2,2,16,2,22.19,6.44,LIGHT,82.4,LOW,RUNNING,21.17,5.44,LIGHT,79.62,LOW,RUNNING,23.53,7.53,LIGHT,85.71,LOW,RUNNING,21.41,5.1,LIGHT,79.41,LOW,RUNNING,18.37,4.03,LIGHT,74.01,LOW,RUNNING,23.41,7.9,LIGHT,86.11,LOW,RUNNING,22.49,6.86,LIGHT,83.4,LOW,RUNNING,21.59,5.49,LIGHT,80.22,LOW,RUNNING,20.64,4.97,LIGHT,78.25,LOW,RUNNING,23.6,6.7,LIGHT,84.55,LOW,RUNNING,26.85,55.0,196.8,0.25,22.0,COOLING,0.25,22.0,COOLING,0.25,22.0,COOLING,0.25,22.0,COOLING,21.712,21.666,23.353,21.671,22.101,23.353,21.666,1.687,327.14,160.12,163.62,162.8,170.0,170.0,1360.0,170.0,184.18,234.41,247.6,234.31,14.39,189.61,-392.36,188.36,875.0,875.0,875.0,875.0,-179.29,-120.86,503.86,-119.53,813.68,1870.0,900.5,3500.0,84.18,0.0,0.708,0.738,0.0,22.5,TARGETED_EAST_OCCUPANCY_COOL,8.3621
2,Occupancy Concentration,0,102,1020.0,22,2,2,16,2,22.35,6.48,LIGHT,82.66,LOW,RUNNING,21.2,5.37,LIGHT,79.56,LOW,RUNNING,23.41,7.41,LIGHT,85.38,LOW,RUNNING,21.24,5.04,LIGHT,79.11,LOW,RUNNING,18.31,4.09,LIGHT,74.02,LOW,RUNNING,23.51,8.02,LIGHT,86.42,LOW,RUNNING,22.66,6.93,LIGHT,83.72,LOW,RUNNING,21.66,5.45,LIGHT,80.25,LOW,RUNNING,20.55,4.85,LIGHT,77.96,LOW,RUNNING,23.44,6.61,LIGHT,84.22,LOW,RUNNING,26.85,55.0,197.0,0.25,22.0,COOLING,0.25,22.0,COOLING,0.25,22.0,COOLING,0.25,22.0,COOLING,21.708,21.664,23.363,21.669,22.101,23.363,21.664,1.699,326.71,160.44,163.97,162.18,170.0,170.0,1360.0,170.0,184.35,234.58,247.57,234.47,15.05,190.71,-395.21,189.46,875.0,875.0,875.0,875.0,-178.89,-119.27,501.33,-118.89,813.3,1870.0,900.97,3500.0,84.28,0.0,0.716,0.745,0.0,22.5,TARGETED_EAST_OCCUPANCY_COOL,8.465
2,Occupancy Concentration,0,103,1030.0,22,2,2,16,2,22.48,6.5,LIGHT,82.85,LOW,RUNNING,21.19,5.28,LIGHT,79.41,LOW,RUNNING,23.26,7.3,LIGHT,85.03,LOW,RUNNING,21.1,5.01,LIGHT,78.89,LOW,RUNNING,18.3,4.17,LIGHT,74.13,LOW,RUNNING,23.65,8.14,LIGHT,86.77,LOW,RUNNING,22.82,6.98,LIGHT,84.0,LOW,RUNNING,21.7,5.38,LIGHT,80.19,LOW,RUNNING,20.43,4.73,LIGHT,77.63,LOW,RUNNING,23.27,6.55,LIGHT,83.91,LOW,RUNNING,26.86,55.0,197.2,0.25,22.0,COOLING,0.25,22.0,COOLING,0.25,22.0,COOLING,0.25,22.0,COOLING,21.704,21.662,23.373,21.667,22.102,23.373,21.662,1.711,326.18,160.9,164.19,161.54,170.0,170.0,1360.0,170.0,184.72,234.96,247.74,234.86,15.7,191.8,-398.05,190.55,875.0,875.0,875.0,875.0,-178.4,-117.34,498.88,-118.05,812.81,1870.0,902.28,3500.0,85.09,0.0,0.725,0.753,0.0,22.5,TARGETED_EAST_OCCUPANCY_COOL,8.5682
2,Occupancy Concentration,0,104,1040.0,22,2,2,16,2,22.59,6.49,LIGHT,82.97,LOW,RUNNING,21.14,5.17,LIGHT,79.18,LOW,RUNNING,23.1,7.19,LIGHT,84.66,LOW,RUNNING,20.97,5.0,LIGHT,78.71,LOW,RUNNING,18.33,4.27,LIGHT,74.32,LOW,RUNNING,23.8,8.25,LIGHT,87.12,LOW,RUNNING,22.96,7.0,LIGHT,84.2,LOW,RUNNING,21.69,5.29,LIGHT,80.05,LOW,RUNNING,20.29,4.62,LIGHT,77.29,LOW,RUNNING,23.12,6.51,LIGHT,83.67,LOW,RUNNING,26.86,55.0,197.3,0.25,22.0,COOLING,0.25,22.0,COOLING,0.25,22.0,COOLING,0.25,22.0,COOLING,21.7,21.66,23.383,21.665,22.102,23.383,21.66,1.723,325.52,161.44,164.25,160.96,170.0,170.0,1360.0,170.0,184.84,235.07,247.61,234.96,16.34,192.91,-400.91,191.65,875.0,875.0,875.0,875.0,-178.3,-115.58,495.95,-117.43,812.17,1870.0,902.48,3500.0,84.64,0.0,0.734,0.761,0.0,22.5,TARGETED_EAST_OCCUPANCY_COOL,8.672
2,Occupancy Concentration,0,105,1050.0,22,2,2,16,2,22.66,6.45,LIGHT,83.0,LOW,RUNNING,21.05,5.05,LIGHT,78.89,LOW,RUNNING,22.93,7.11,LIGHT,84.33,LOW,RUNNING,20.88,5.03,LIGHT,78.64,LOW,RUNNING,18.4,4.38,LIGHT,74.57,LOW,RUNNING,23.97,8.34,LIGHT,87.47,LOW,RUNNING,23.07,6.99,LIGHT,84.32,LOW,RUNNING,21.65,5.19,LIGHT,79.85,LOW,RUNNING,20.13,4.51,LIGHT,76.93,LOW,RUNNING,22.99,6.5,LIGHT,83.49,LOW,RUNNING,26.86,55.0,197.5,0.25,22.0,COOLING,0.25,22.0,COOLING,0.25,22.0,COOLING,0.25,22.0,COOLING,21.696,21.658,23.393,21.663,22.102,23.393,21.658,1.735,324.86,162.04,164.17,160.42,170.0,170.0,1360.0,170.0,185.0,235.24,247.57,235.13,17.0,194.0,-403.75,192.76,875.0,875.0,875.0,875.0,-178.14,-113.72,492.99,-116.69,811.49,1870.0,902.94,3500.0,84.44,0.0,0.742,0.769,0.0,22.5,TARGETED_EAST_OCCUPANCY_COOL,8.7762
2,Occupancy Concentration,0,106,1060.0,22,2,2,16,2,22.7,6.38,LIGHT,82.94,LOW,RUNNING,20.93,4.93,LIGHT,78.56,LOW,RUNNING,22.77,7.05,LIGHT,84.04,LOW,RUNNING,20.82,5.08,LIGHT,78.65,LOW,RUNNING,18.5,4.5,LIGHT,74.88,LOW,RUNNING,24.14,8.42,LIGHT,87.8,LOW,RUNNING,23.15,6.95,LIGHT,84.36,LOW,RUNNING,21.57,5.07,LIGHT,79.57,LOW,RUNNING,19.96,4.42,LIGHT,76.58,LOW,RUNNING,22.89,6.52,LIGHT,83.39,LOW,RUNNING,26.87,55.0,197.7,0.25,22.0,COOLING,0.25,22.0,COOLING,0.25,22.0,COOLING,0.25,22.0,COOLING,21.692,21.656,23.403,21.661,22.103,23.403,21.656,1.747,324.19,162.68,163.93,159.97,170.0,170.0,1360.0,170.0,185.38,235.62,247.75,235.51,17.64,195.1,-406.6,193.86,875.0,875.0,875.0,875.0,-177.79,-111.6,490.08,-115.66,810.77,1870.0,904.26,3500.0,85.03,0.0,0.75,0.777,0.0,22.5,TARGETED_EAST_OCCUPANCY_COOL,8.8807
2,Occupancy Concentration,0,107,1070.0,22,2,2,16,2,22.69,6.29,LIGHT,82.8,LOW,RUNNING,20.78,4.81,LIGHT,78.19,LOW,RUNNING,22.61,7.01,LIGHT,83.78,LOW,RUNNING,20.8,5.16,LIGHT,78.74,LOW,RUNNING,18.63,4.62,LIGHT,75.22,LOW,RUNNING,24.3,8.47,LIGHT,88.08,LOW,RUNNING,23.19,6.89,LIGHT,84.32,LOW,RUNNING,21.45,4.95,LIGHT,79.24,LOW,RUNNING,19.79,4.35,LIGHT,76.26,LOW,RUNNING,22.83,6.57,LIGHT,83.39,LOW,RUNNING,26.87,55.0,197.8,0.25,22.0,COOLING,0.25,22.0,COOLING,0.25,22.0,COOLING,0.25,22.0,COOLING,21.688,21.654,23.413,21.659,22.104,23.413,21.654,1.759,323.51,163.3,163.56,159.65,170.0,170.0,1360.0,170.0,185.5,235.72,247.61,235.61,18.29,196.21,-409.45,194.95,875.0,875.0,875.0,875.0,-177.7,-109.77,486.72,-114.79,810.02,1870.0,904.44,3500.0,84.46,0.0,0.758,0.784,0.0,22.5,TARGETED_EAST_OCCUPANCY_COOL,8.9858
2,Occupancy Concentration,0,108,1080.0,22,2,2,16,2,22.65,6.18,LIGHT,82.58,LOW,RUNNING,20.62,4.71,LIGHT,77.84,LOW,RUNNING,22.49,7.0,LIGHT,83.61,LOW,RUNNING,20.82,5.25,LIGHT,78.9,LOW,RUNNING,18.78,4.73,LIGHT,75.57,LOW,RUNNING,24.44,8.5,LIGHT,88.3,LOW,RUNNING,23.2,6.81,LIGHT,84.22,LOW,RUNNING,21.31,4.83,LIGHT,78.88,LOW,RUNNING,19.64,4.31,LIGHT,76.02,LOW,RUNNING,22.8,6.64,LIGHT,83.46,LOW,RUNNING,26.88,55.0,198.0,0.25,22.0,COOLING,0.25,22.0,COOLING,0.25,22.0,COOLING,0.25,22.0,COOLING,21.684,21.652,23.423,21.657,22.104,23.423,21.652,1.771,322.93,163.87,163.1,159.48,170.0,170.0,1360.0,170.0,185.88,236.11,247.79,236.0,18.95,197.3,-412.31,196.06,875.0,875.0,875.0,875.0,-177.24,-107.72,483.58,-113.46,809.38,1870.0,905.78,3500.0,85.16,0.0,0.767,0.792,0.0,22.5,TARGETED_EAST_OCCUPANCY_COOL,9.0913
2,Occupancy Concentration,0,109,1090.0,22,2,2,16,2,22.56,6.07,LIGHT,82.31,LOW,RUNNING,20.45,4.62,LIGHT,77.49,LOW,RUNNING,22.39,7.02,LIGHT,83.52,LOW,RUNNING,20.88,5.36,LIGHT,79.14,LOW,RUNNING,18.95,4.83,LIGHT,75.93,LOW,RUNNING,24.56,8.49,LIGHT,88.44,LOW,RUNNING,23.16,6.7,LIGHT,84.0,LOW,RUNNING,21.15,4.72,LIGHT,78.52,LOW,RUNNING,19.51,4.3,LIGHT,75.84,LOW,RUNNING,22.82,6.74,LIGHT,83.64,LOW,RUNNING,26.88,55.0,198.2,0.25,22.0,COOLING,0.25,22.0,COOLING,0.25,22.0,COOLING,0.25,22.0,COOLING,21.68,21.65,23.433,21.655,22.105,23.433,21.65,1.783,322.46,164.37,162.52,159.48,170.0,170.0,1360.0,170.0,186.04,236.28,247.75,236.17,19.59,198.4,-415.15,197.15,875.0,875.0,875.0,875.0,-176.91,-105.95,480.12,-112.2,808.83,1870.0,906.24,3500.0,85.06,0.0,0.775,0.8,0.0,22.5,TARGETED_EAST_OCCUPANCY_COOL,9.1973
2,Occupancy Concentration,0,110,1100.0,22,2,2,16,2,22.45,5.95,LIGHT,81.99,LOW,RUNNING,20.29,4.55,LIGHT,77.19,LOW,RUNNING,22.32,7.07,LIGHT,83.51,LOW,RUNNING,20.98,5.48,LIGHT,79.44,LOW,RUNNING,19.12,4.91,LIGHT,76.27,LOW,RUNNING,24.64,8.46,LIGHT,88.49,LOW,RUNNING,23.08,6.59,LIGHT,83.73,LOW,RUNNING,20.98,4.63,LIGHT,78.17,LOW,RUNNING,19.4,4.32,LIGHT,75.73,LOW,RUNNING,22.87,6.84,LIGHT,83.85,LOW,RUNNING,26.88,55.0,198.3,0.25,22.0,COOLING,0.25,22.0,COOLING,0.25,22.0,COOLING,0.25,22.0,COOLING,21.676,21.648,23.443,21.653,22.105,23.443,21.648,1.795,322.13,164.76,161.9,159.58,170.0,170.0,1360.0,170.0,186.16,236.39,247.62,236.28,20.25,199.51,-418.01,198.25,875.0,875.0,875.0,875.0,-176.46,-104.34,476.51,-110.89,808.37,1870.0,906.45,3500.0,84.82,0.0,0.781,0.806,0.0,22.5,TARGETED_EAST_OCCUPANCY_COOL,9.3039
2,Occupancy Concentration,0,111,1110.0,22,2,2,16,2,22.3,5.83,LIGHT,81.62,LOW,RUNNING,20.13,4.51,LIGHT,76.93,LOW,RUNNING,22.3,7.14,LIGHT,83.58,LOW,RUNNING,21.11,5.6,LIGHT,79.79,LOW,RUNNING,19.28,4.97,LIGHT,76.55,LOW,RUNNING,24.69,8.4,LIGHT,88.46,LOW,RUNNING,22.97,6.47,LIGHT,83.42,LOW,RUNNING,20.82,4.56,LIGHT,77.87,LOW,RUNNING,19.33,4.36,LIGHT,75.7,LOW,RUNNING,22.96,6.96,LIGHT,84.14,LOW,RUNNING,26.89,55.0,198.5,0.25,22.0,COOLING,0.25,22.0,COOLING,0.25,22.0,COOLING,0.25,22.0,COOLING,21.672,21.646,23.453,21.651,22.105,23.453,21.646,1.807,321.92,165.01,161.29,159.84,170.0,170.0,1360.0,170.0,186.54,236.76,247.8,236.66,20.9,200.61,-420.86,199.36,875.0,875.0,875.0,875.0,-175.64,-102.62,473.23,-109.14,808.06,1870.0,907.76,3500.0,85.83,0.0,0.791,0.815,0.0,22.5,TARGETED_EAST_OCCUPANCY_COOL,9.411
2,Occupancy Concentration,0,112,1120.0,22,2,2,16,2,22.14,5.72,LIGHT,81.25,LOW,RUNNING,20.0,4.5,LIGHT,76.75,LOW,RUNNING,22.32,7.24,LIGHT,83.76,LOW,RUNNING,21.26,5.72,LIGHT,80.16,LOW,RUNNING,19.42,5.0,LIGHT,76.78,LOW,RUNNING,24.7,8.32,LIGHT,88.36,LOW,RUNNING,22.83,6.35,LIGHT,83.06,LOW,RUNNING,20.66,4.52,LIGHT,77.61,LOW,RUNNING,19.3,4.43,LIGHT,75.77,LOW,RUNNING,23.09,7.08,LIGHT,84.48,LOW,RUNNING,26.89,55.0,198.7,0.25,22.0,COOLING,0.25,22.0,COOLING,0.25,22.0,COOLING,0.25,22.0,COOLING,21.668,21.644,23.463,21.649,22.106,23.463,21.644,1.819,321.92,165.14,160.67,160.25,170.0,170.0,1360.0,170.0,186.7,236.94,247.76,236.83,21.54,201.7,-423.7,200.46,875.0,875.0,875.0,875.0,-174.84,-101.22,469.73,-107.46,807.98,1870.0,908.23,3500.0,86.21,0.0,0.798,0.823,0.0,22.5,TARGETED_EAST_OCCUPANCY_COOL,9.5188
2,Occupancy Concentration,0,113,1130.0,22,2,2,16,2,21.98,5.63,LIGHT,80.92,LOW,RUNNING,19.9,4.52,LIGHT,76.66,LOW,RUNNING,22.37,7.35,LIGHT,83.99,LOW,RUNNING,21.42,5.82,LIGHT,80.51,LOW,RUNNING,19.54,5.0,LIGHT,76.92,LOW,RUNNING,24.66,8.22,LIGHT,88.16,LOW,RUNNING,22.67,6.24,LIGHT,82.7,LOW,RUNNING,20.52,4.5,LIGHT,77.4,LOW,RUNNING,19.31,4.52,LIGHT,75.92,LOW,RUNNING,23.23,7.2,LIGHT,84.84,LOW,RUNNING,26.89,55.0,198.8,0.25,22.0,COOLING,0.25,22.0,COOLING,0.25,22.0,COOLING,0.25,22.0,COOLING,21.664,21.642,23.473,21.647,22.107,23.473,21.642,1.831,322.08,165.08,160.1,160.76,170.0,170.0,1360.0,170.0,186.82,237.04,247.63,236.93,22.2,202.81,-426.56,201.55,875.0,875.0,875.0,875.0,-173.9,-100.07,466.17,-105.76,808.02,1870.0,908.42,3500.0,86.44,0.0,0.804,0.83,0.0,22.5,TARGETED_EAST_OCCUPANCY_COOL,9.6273
2,Occupancy Concentration,0,114,1140.0,22,2,2,16,2,21.81,5.56,LIGHT,80.6,LOW,RUNNING,19.83,4.56,LIGHT,76.63,LOW,RUNNING,22.47,7.47,LIGHT,84.29,LOW,RUNNING,21.59,5.9,LIGHT,80.84,LOW,RUNNING,19.63,4.97,LIGHT,76.99,LOW,RUNNING,24.59,8.1,LIGHT,87.89,LOW,RUNNING,22.51,6.14,LIGHT,82.35,LOW,RUNNING,20.41,4.51,LIGHT,77.28,LOW,RUNNING,19.36,4.63,LIGHT,76.15,LOW,RUNNING,23.4,7.3,LIGHT,85.2,LOW,RUNNING,26.9,55.0,199.0,0.25,22.0,COOLING,0.25,22.0,COOLING,0.25,22.0,COOLING,0.25,22.0,COOLING,21.66,21.64,23.482,21.645,22.107,23.482,21.64,1.842,322.36,164.88,159.63,161.35,170.0,170.0,1360.0,170.0,187.19,237.43,247.8,237.32,22.84,203.91,-429.4,202.66,875.0,875.0,875.0,875.0,-172.61,-98.78,463.03,-103.67,808.22,1870.0,909.74,3500.0,87.97,0.0,0.506,0.531,0.0,22.5,TARGETED_EAST_OCCUPANCY_COOL,9.8085
2,Occupancy Concentration,0,115,1150.0,22,2,2,16,2,21.65,5.52,LIGHT,80.34,LOW,RUNNING,19.8,4.63,LIGHT,76.69,LOW,RUNNING,22.59,7.59,LIGHT,84.62,LOW,RUNNING,21.76,5.96,LIGHT,81.14,LOW,RUNNING,19.69,4.91,LIGHT,76.98,LOW,RUNNING,24.49,7.98,LIGHT,87.58,LOW,RUNNING,22.34,6.07,LIGHT,82.03,LOW,RUNNING,20.34,4.55,LIGHT,77.25,LOW,RUNNING,19.45,4.75,LIGHT,76.44,LOW,RUNNING,23.56,7.39,LIGHT,85.53,LOW,RUNNING,26.9,55.0,199.2,0.25,22.0,COOLING,0.25,22.0,COOLING,0.25,22.0,COOLING,0.25,22.0,COOLING,21.657,21.638,23.491,21.643,22.107,23.491,21.638,1.853,322.79,164.56,159.28,161.97,170.0,170.0,1360.0,170.0,187.36,237.59,247.79,237.48,23.48,204.89,-432.02,203.65,875.0,875.0,875.0,875.0,-171.37,-97.96,460.05,-101.9,808.6,1870.0,910.22,3500.0,88.82,0.0,0.507,0.533,0.0,22.5,TARGETED_EAST_OCCUPANCY_COOL,9.9113
2,Occupancy Concentration,0,116,1160.0,22,2,2,16,2,21.52,5.5,LIGHT,80.15,LOW,RUNNING,19.81,4.72,LIGHT,76.84,LOW,RUNNING,22.74,7.7,LIGHT,84.97,LOW,RUNNING,21.9,5.99,LIGHT,81.36,LOW,RUNNING,19.7,4.83,LIGHT,76.87,LOW,RUNNING,24.35,7.86,LIGHT,87.23,LOW,RUNNING,22.18,6.02,LIGHT,81.75,LOW,RUNNING,20.3,4.62,LIGHT,77.31,LOW,RUNNING,19.57,4.87,LIGHT,76.77,LOW,RUNNING,23.73,7.45,LIGHT,85.84,LOW,RUNNING,26.9,55.0,199.3,0.25,22.0,COOLING,0.25,22.0,COOLING,0.25,22.0,COOLING,0.25,22.0,COOLING,21.654,21.636,23.5,21.641,22.108,23.5,21.636,1.864,323.32,164.1,159.06,162.61,170.0,170.0,1360.0,170.0,187.46,237.69,247.68,237.59,23.88,205.99,-434.62,204.74,875.0,875.0,875.0,875.0,-170.34,-97.22,457.12,-100.06,809.09,1870.0,910.42,3500.0,89.5,0.0,0.508,0.536,0.0,22.5,TARGETED_EAST_OCCUPANCY_COOL,10.0148
2,Occupancy Concentration,0,117,1170.0,22,2,2,16,2,21.41,5.51,LIGHT,80.03,LOW,RUNNING,19.86,4.83,LIGHT,77.07,LOW,RUNNING,22.9,7.81,LIGHT,85.34,LOW,RUNNING,22.03,6.0,LIGHT,81.54,LOW,RUNNING,19.67,4.73,LIGHT,76.68,LOW,RUNNING,24.2,7.75,LIGHT,86.88,LOW,RUNNING,22.04,6.0,LIGHT,81.55,LOW,RUNNING,20.31,4.71,LIGHT,77.45,LOW,RUNNING,19.71,4.98,LIGHT,77.11,LOW,RUNNING,23.88,7.49,LIGHT,86.08,LOW,RUNNING,26.91,55.0,199.5,0.25,22.0,COOLING,0.25,22.0,COOLING,0.25,22.0,COOLING,0.25,22.0,COOLING,21.651,21.634,23.509,21.639,22.108,23.509,21.634,1.875,323.98,163.56,159.0,163.19,170.0,170.0,1360.0,170.0,187.81,238.08,247.87,237.97,24.28,207.1,-437.22,205.85,875.0,875.0,875.0,875.0,-168.93,-96.26,454.65,-97.99,809.73,1870.0,911.73,3500.0,91.47,0.0,0.51,0.538,0.0,22.5,TARGETED_EAST_OCCUPANCY_COOL,10.119
2,Occupancy Concentration,0,118,1180.0,22,2,2,16,2,21.34,5.55,LIGHT,80.0,LOW,RUNNING,19.95,4.95,LIGHT,77.36,LOW,RUNNING,23.07,7.89,LIGHT,85.67,LOW,RUNNING,22.12,5.97,LIGHT,81.61,LOW,RUNNING,19.6,4.62,LIGHT,76.43,LOW,RUNNING,24.03,7.66,LIGHT,86.53,LOW,RUNNING,21.93,6.01,LIGHT,81.43,LOW,RUNNING,20.35,4.81,LIGHT,77.65,LOW,RUNNING,19.87,5.09,LIGHT,77.47,LOW,RUNNING,24.01,7.5,LIGHT,86.26,LOW,RUNNING,26.91,55.0,199.7,0.25,22.0,COOLING,0.25,22.0,COOLING,0.25,22.0,COOLING,0.25,22.0,COOLING,21.648,21.632,23.518,21.637,22.109,23.518,21.632,1.886,324.64,162.96,159.08,163.73,170.0,170.0,1360.0,170.0,187.96,238.24,247.86,238.14,24.68,208.19,-439.82,206.95,875.0,875.0,875.0,875.0,-167.72,-95.61,452.12,-96.18,810.41,1870.0,912.2,3500.0,92.61,0.0,0.511,0.54,0.0,22.5,TARGETED_EAST_OCCUPANCY_COOL,10.2241
2,Occupancy Concentration,0,119,1190.0,22,2,2,16,2,21.3,5.62,LIGHT,80.06,LOW,RUNNING,20.07,5.07,LIGHT,77.69,LOW,RUNNING,23.23,7.95,LIGHT,85.96,LOW,RUNNING,22.18,5.92,LIGHT,81.6,LOW,RUNNING,19.5,4.5,LIGHT,76.12,LOW,RUNNING,23.86,7.58,LIGHT,86.2,LOW,RUNNING,21.85,6.05,LIGHT,81.39,LOW,RUNNING,20.43,4.93,LIGHT,77.93,LOW,RUNNING,20.04,5.18,LIGHT,77.82,LOW,RUNNING,24.11,7.48,LIGHT,86.36,LOW,RUNNING,26.91,55.0,199.8,0.25,22.0,COOLING,0.25,22.0,COOLING,0.25,22.0,COOLING,0.25,22.0,COOLING,21.645,21.63,23.527,21.635,22.109,23.527,21.63,1.897,325.31,162.32,159.32,164.18,170.0,170.0,1360.0,170.0,188.05,238.36,247.75,238.25,25.08,209.29,-442.42,208.04,875.0,875.0,875.0,875.0,-166.56,-95.03,449.65,-94.53,811.13,1870.0,912.41,3500.0,93.53,0.0,0.513,0.542,0.0,22.5,TARGETED_EAST_OCCUPANCY_COOL,10.3301
2,Occupancy Concentration,0,120,1200.0,22,2,2,16,2,21.31,5.71,LIGHT,80.2,LOW,RUNNING,20.22,5.19,LIGHT,78.06,LOW,RUNNING,23.39,7.99,LIGHT,86.22,LOW,RUNNING,22.2,5.84,LIGHT,81.51,LOW,RUNNING,19.37,4.38,LIGHT,75.78,LOW,RUNNING,23.7,7.53,LIGHT,85.92,LOW,RUNNING,21.81,6.11,LIGHT,81.43,LOW,RUNNING,20.55,5.05,LIGHT,78.26,LOW,RUNNING,20.21,5.25,LIGHT,78.14,LOW,RUNNING,24.17,7.43,LIGHT,86.36,LOW,RUNNING,26.92,55.0,200.0,0.25,22.0,COOLING,0.25,22.0,COOLING,0.25,22.0,COOLING,0.25,22.0,COOLING,21.642,21.628,23.536,21.633,22.11,23.536,21.628,1.908,325.99,161.7,159.69,164.5,170.0,170.0,1360.0,170.0,188.41,238.74,247.95,238.63,25.48,210.4,-445.02,209.14,875.0,875.0,875.0,875.0,-165.12,-94.16,447.62,-92.73,811.88,1870.0,913.73,3500.0,95.61,0.0,0.514,0.544,0.0,22.5,TARGETED_EAST_OCCUPANCY_COOL,10.4368
2,Occupancy Concentration,0,121,1210.0,22,2,2,16,2,21.35,5.82,LIGHT,80.42,LOW,RUNNING,20.38,5.29,LIGHT,78.41,LOW,RUNNING,23.51,8.0,LIGHT,86.39,LOW,RUNNING,22.18,5.75,LIGHT,81.35,LOW,RUNNING,19.22,4.27,LIGHT,75.43,LOW,RUNNING,23.56,7.5,LIGHT,85.7,LOW,RUNNING,21.8,6.19,LIGHT,81.53,LOW,RUNNING,20.69,5.17,LIGHT,78.62,LOW,RUNNING,20.36,5.29,LIGHT,78.39,LOW,RUNNING,24.2,7.36,LIGHT,86.29,LOW,RUNNING,26.92,55.0,200.2,0.25,22.0,COOLING,0.25,22.0,COOLING,0.25,22.0,COOLING,0.25,22.0,COOLING,21.639,21.626,23.545,21.631,22.11,23.545,21.626,1.919,326.57,161.13,160.15,164.68,170.0,170.0,1360.0,170.0,188.56,238.9,247.93,238.79,25.88,211.5,-447.62,210.25,875.0,875.0,875.0,875.0,-163.99,-93.47,445.46,-91.28,812.53,1870.0,914.18,3500.0,96.72,0.0,0.516,0.546,0.0,22.5,TARGETED_EAST_OCCUPANCY_COOL,10.5444
2,Occupancy Concentration,0,122,1220.0,22,2,2,16,2,21.44,5.93,LIGHT,80.69,LOW,RUNNING,20.55,5.38,LIGHT,78.76,LOW,RUNNING,23.61,7.98,LIGHT,86.48,LOW,RUNNING,22.12,5.64,LIGHT,81.11,LOW,RUNNING,19.05,4.17,LIGHT,75.07,LOW,RUNNING,23.44,7.51,LIGHT,85.57,LOW,RUNNING,21.84,6.3,LIGHT,81.75,LOW,RUNNING,20.85,5.28,LIGHT,78.98,LOW,RUNNING,20.49,5.3,LIGHT,78.56,LOW,RUNNING,24.18,7.26,LIGHT,86.11,LOW,RUNNING,26.92,55.0,200.3,0.25,22.0,COOLING,0.25,22.0,COOLING,0.25,22.0,COOLING,0.25,22.0,COOLING,21.636,21.624,23.554,21.629,22.111,23.554,21.624,1.93,327.04,160.64,160.73,164.67,170.0,170.0,1360.0,170.0,188.65,239.01,247.82,238.9,26.28,212.59,-450.22,211.35,875.0,875.0,875.0,875.0,-163.03,-92.76,443.33,-90.08,813.08,1870.0,914.38,3500.0,97.46,0.0,0.517,0.548,0.0,22.5,TARGETED_EAST_OCCUPANCY_COOL,10.6528
2,Occupancy Concentration,0,123,1230.0,22,2,2,16,2,21.55,6.05,LIGHT,81.01,LOW,RUNNING,20.71,5.45,LIGHT,79.06,LOW,RUNNING,23.68,7.93,LIGHT,86.49,LOW,RUNNING,22.02,5.52,LIGHT,80.81,LOW,RUNNING,18.88,4.09,LIGHT,74.73,LOW,RUNNING,23.36,7.54,LIGHT,85.51,LOW,RUNNING,21.92,6.41,LIGHT,82.02,LOW,RUNNING,21.02,5.37,LIGHT,79.33,LOW,RUNNING,20.6,5.28,LIGHT,78.67,LOW,RUNNING,24.13,7.16,LIGHT,85.9,LOW,RUNNING,26.93,55.0,200.5,0.25,22.0,COOLING,0.25,22.0,COOLING,0.25,22.0,COOLING,0.25,22.0,COOLING,21.633,21.622,23.563,21.627,22.111,23.563,21.622,1.941,327.37,160.24,161.35,164.57,170.0,170.0,1360.0,170.0,189.01,239.39,248.02,239.28,26.68,213.7,-452.82,212.44,875.0,875.0,875.0,875.0,-161.94,-91.67,441.55,-88.71,813.53,1870.0,915.7,3500.0,99.23,0.0,0.519,0.55,0.0,22.5,TARGETED_EAST_OCCUPANCY_COOL,10.7618
2,Occupancy Concentration,0,124,1240.0,22,2,2,16,2,21.7,6.17,LIGHT,81.38,LOW,RUNNING,20.87,5.49,LIGHT,79.32,LOW,RUNNING,23.7,7.86,LIGHT,86.42,LOW,RUNNING,21.89,5.4,LIGHT,80.46,LOW,RUNNING,18.72,4.03,LIGHT,74.45,LOW,RUNNING,23.31,7.6,LIGHT,85.54,LOW,RUNNING,22.03,6.53,LIGHT,82.33,LOW,RUNNING,21.18,5.44,LIGHT,79.63,LOW,RUNNING,20.67,5.24,LIGHT,78.7,LOW,RUNNING,24.04,7.04,LIGHT,85.61,LOW,RUNNING,26.93,55.0,200.7,0.25,22.0,COOLING,0.25,22.0,COOLING,0.25,22.0,COOLING,0.25,22.0,COOLING,21.63,21.62,23.572,21.625,22.112,23.572,21.62,1.952,327.58,159.99,161.96,164.31,170.0,170.0,1360.0,170.0,189.15,239.56,248.0,239.45,27.08,214.79,-455.42,213.55,875.0,875.0,875.0,875.0,-161.19,-90.66,439.54,-87.69,813.84,1870.0,916.16,3500.0,100.0,0.0,0.872,0.903,0.0,22.5,TARGETED_EAST_OCCUPANCY_COOL,10.7618
2,Occupancy Concentration,0,125,1250.0,22,2,2,16,2,21.86,6.28,LIGHT,81.75,LOW,RUNNING,21.0,5.5,LIGHT,79.5,LOW,RUNNING,23.68,7.76,LIGHT,86.24,LOW,RUNNING,21.74,5.28,LIGHT,80.09,LOW,RUNNING,18.58,4.0,LIGHT,74.22,LOW,RUNNING,23.3,7.68,LIGHT,85.64,LOW,RUNNING,22.17,6.65,LIGHT,82.69,LOW,RUNNING,21.34,5.48,LIGHT,79.89,LOW,RUNNING,20.7,5.17,LIGHT,78.63,LOW,RUNNING,23.91,6.92,LIGHT,85.27,LOW,RUNNING,26.93,55.0,200.8,0.25,22.0,COOLING,0.25,22.0,COOLING,0.25,22.0,COOLING,0.25,22.0,COOLING,21.627,21.618,23.581,21.623,22.112,23.581,21.618,1.963,327.58,159.86,162.58,163.9,170.0,170.0,1360.0,170.0,189.25,239.66,247.9,239.56,27.48,215.89,-458.02,214.64,875.0,875.0,875.0,875.0,-160.69,-89.59,437.46,-86.9,813.92,1870.0,916.37,3500.0,100.28,0.0,0.529,0.56,0.0,22.5,TARGETED_EAST_OCCUPANCY_COOL,10.9779
2,Occupancy Concentration,0,126,1260.0,22,2,2,16,2,22.02,6.37,LIGHT,82.08,LOW,RUNNING,21.1,5.48,LIGHT,79.59,LOW,RUNNING,23.63,7.65,LIGHT,86.01,LOW,RUNNING,21.58,5.18,LIGHT,79.74,LOW,RUNNING,18.46,4.0,LIGHT,74.08,LOW,RUNNING,23.34,7.78,LIGHT,85.84,LOW,RUNNING,22.33,6.76,LIGHT,83.05,LOW,RUNNING,21.48,5.5,LIGHT,80.1,LOW,RUNNING,20.69,5.08,LIGHT,78.48,LOW,RUNNING,23.77,6.8,LIGHT,84.91,LOW,RUNNING,26.94,55.0,201.0,0.25,22.0,COOLING,0.25,22.0,COOLING,0.25,22.0,COOLING,0.25,22.0,COOLING,21.624,21.616,23.59,21.621,22.113,23.59,21.616,1.974,327.42,159.92,163.15,163.39,170.0,170.0,1360.0,170.0,189.61,240.04,248.1,239.94,27.88,217.0,-460.62,215.74,875.0,875.0,875.0,875.0,-160.09,-88.04,435.63,-85.93,813.88,1870.0,917.69,3500.0,101.57,0.0,0.886,0.917,0.0,22.5,TARGETED_EAST_OCCUPANCY_COOL,10.9766
2,Occupancy Concentration,0,127,1270.0,22,2,2,16,2,22.19,6.44,LIGHT,82.4,LOW,RUNNING,21.17,5.44,LIGHT,79.62,LOW,RUNNING,23.53,7.53,LIGHT,85.71,LOW,RUNNING,21.41,5.1,LIGHT,79.41,LOW,RUNNING,18.37,4.03,LIGHT,74.01,LOW,RUNNING,23.41,7.9,LIGHT,86.11,LOW,RUNNING,22.49,6.86,LIGHT,83.4,LOW,RUNNING,21.59,5.49,LIGHT,80.22,LOW,RUNNING,20.64,4.97,LIGHT,78.25,LOW,RUNNING,23.6,6.7,LIGHT,84.55,LOW,RUNNING,26.94,55.0,201.2,0.25,22.0,COOLING,0.25,22.0,COOLING,0.25,22.0,COOLING,0.25,22.0,COOLING,21.621,21.614,23.599,21.619,22.113,23.599,21.614,1.985,327.14,160.12,163.62,162.8,170.0,170.0,1360.0,170.0,189.74,240.22,248.08,240.11,28.28,218.09,-463.22,216.85,875.0,875.0,875.0,875.0,-159.84,-86.57,433.48,-85.24,813.68,1870.0,918.15,3500.0,101.83,0.0,0.894,0.924,0.0,22.5,TARGETED_EAST_OCCUPANCY_COOL,11.0847
2,Occupancy Concentration,0,128,1280.0,22,2,2,16,2,22.35,6.48,LIGHT,82.66,LOW,RUNNING,21.2,5.37,LIGHT,79.56,LOW,RUNNING,23.41,7.41,LIGHT,85.38,LOW,RUNNING,21.24,5.04,LIGHT,79.11,LOW,RUNNING,18.31,4.09,LIGHT,74.02,LOW,RUNNING,23.51,8.02,LIGHT,86.42,LOW,RUNNING,22.66,6.93,LIGHT,83.72,LOW,RUNNING,21.66,5.45,LIGHT,80.25,LOW,RUNNING,20.55,4.85,LIGHT,77.96,LOW,RUNNING,23.44,6.61,LIGHT,84.22,LOW,RUNNING,26.94,55.0,201.3,0.25,22.0,COOLING,0.25,22.0,COOLING,0.25,22.0,COOLING,0.25,22.0,COOLING,21.618,21.612,23.608,21.617,22.114,23.608,21.612,1.996,326.71,160.44,163.97,162.18,170.0,170.0,1360.0,170.0,189.85,240.32,247.97,240.21,28.68,219.19,-465.82,217.94,875.0,875.0,875.0,875.0,-159.76,-85.05,431.12,-84.67,813.3,1870.0,918.35,3500.0,101.64,0.0,0.892,0.922,0.0,22.5,TARGETED_EAST_OCCUPANCY_COOL,11.1933
2,Occupancy Concentration,0,129,1290.0,22,2,2,16,2,22.48,6.5,LIGHT,82.85,LOW,RUNNING,21.19,5.28,LIGHT,79.41,LOW,RUNNING,23.26,7.3,LIGHT,85.03,LOW,RUNNING,21.1,5.01,LIGHT,78.89,LOW,RUNNING,18.3,4.17,LIGHT,74.13,LOW,RUNNING,23.65,8.14,LIGHT,86.77,LOW,RUNNING,22.82,6.98,LIGHT,84.0,LOW,RUNNING,21.7,5.38,LIGHT,80.19,LOW,RUNNING,20.43,4.73,LIGHT,77.63,LOW,RUNNING,23.27,6.55,LIGHT,83.91,LOW,RUNNING,26.95,55.0,201.5,0.25,22.0,COOLING,0.25,22.0,COOLING,0.25,22.0,COOLING,0.25,22.0,COOLING,21.615,21.61,23.617,21.615,22.114,23.617,21.61,2.007,326.18,160.9,164.19,161.54,170.0,170.0,1360.0,170.0,190.2,240.71,248.16,240.6,29.08,220.3,-468.42,219.04,875.0,875.0,875.0,875.0,-159.54,-83.09,428.93,-83.82,812.81,1870.0,919.67,3500.0,102.48,0.0,0.921,0.95,0.0,22.5,TARGETED_EAST_OCCUPANCY_COOL,11.3021
2,Occupancy Concentration,0,130,1300.0,22,2,2,16,2,22.59,6.49,LIGHT,82.97,LOW,RUNNING,21.14,5.17,LIGHT,79.18,LOW,RUNNING,23.1,7.19,LIGHT,84.66,LOW,RUNNING,20.97,5.0,LIGHT,78.71,LOW,RUNNING,18.33,4.27,LIGHT,74.32,LOW,RUNNING,23.8,8.25,LIGHT,87.12,LOW,RUNNING,22.96,7.0,LIGHT,84.2,LOW,RUNNING,21.69,5.29,LIGHT,80.05,LOW,RUNNING,20.29,4.62,LIGHT,77.29,LOW,RUNNING,23.12,6.51,LIGHT,83.67,LOW,RUNNING,26.95,55.0,201.7,0.25,22.0,COOLING,0.25,22.0,COOLING,0.25,22.0,COOLING,0.25,22.0,COOLING,21.612,21.608,23.626,21.613,22.115,23.626,21.608,2.018,325.52,161.44,164.25,160.96,170.0,170.0,1360.0,170.0,190.34,240.87,248.15,240.76,29.48,221.4,-471.02,220.15,875.0,875.0,875.0,875.0,-159.66,-81.29,426.38,-83.13,812.17,1870.0,920.12,3500.0,102.3,0.0,0.911,0.939,0.0,22.5,TARGETED_EAST_OCCUPANCY_COOL,11.4109
2,Occupancy Concentration,0,131,1310.0,22,2,2,16,2,22.66,6.45,LIGHT,83.0,LOW,RUNNING,21.05,5.05,LIGHT,78.89,LOW,RUNNING,22.93,7.11,LIGHT,84.33,LOW,RUNNING,20.88,5.03,LIGHT,78.64,LOW,RUNNING,18.4,4.38,LIGHT,74.57,LOW,RUNNING,23.97,8.34,LIGHT,87.47,LOW,RUNNING,23.07,6.99,LIGHT,84.32,LOW,RUNNING,21.65,5.19,LIGHT,79.85,LOW,RUNNING,20.13,4.51,LIGHT,76.93,LOW,RUNNING,22.99,6.5,LIGHT,83.49,LOW,RUNNING,26.95,55.0,201.8,0.25,22.0,COOLING,0.25,22.0,COOLING,0.25,22.0,COOLING,0.25,22.0,COOLING,21.609,21.606,23.635,21.611,22.115,23.635,21.606,2.029,324.86,162.04,164.17,160.42,170.0,170.0,1360.0,170.0,190.44,240.97,248.04,240.87,29.88,222.49,-473.62,221.25,875.0,875.0,875.0,875.0,-159.82,-79.5,423.59,-82.46,811.49,1870.0,920.32,3500.0,101.81,0.0,0.962,0.989,0.0,22.5,TARGETED_EAST_OCCUPANCY_COOL,11.5221
2,Occupancy Concentration,0,132,1320.0,22,2,2,16,2,22.7,6.38,LIGHT,82.94,LOW,RUNNING,20.93,4.93,LIGHT,78.56,LOW,RUNNING,22.77,7.05,LIGHT,84.04,LOW,RUNNING,20.82,5.08,LIGHT,78.65,LOW,RUNNING,18.5,4.5,LIGHT,74.88,LOW,RUNNING,24.14,8.42,LIGHT,87.8,LOW,RUNNING,23.15,6.95,LIGHT,84.36,LOW,RUNNING,21.57,5.07,LIGHT,79.57,LOW,RUNNING,19.96,4.42,LIGHT,76.58,LOW,RUNNING,22.89,6.52,LIGHT,83.39,LOW,RUNNING,26.96,55.0,202.0,0.25,22.0,COOLING,0.25,22.0,COOLING,0.25,22.0,COOLING,0.25,22.0,COOLING,21.606,21.604,23.644,21.609,22.116,23.644,21.604,2.04,324.19,162.68,163.93,159.97,170.0,170.0,1360.0,170.0,190.8,241.36,248.24,241.25,30.28,223.59,-476.22,222.35,875.0,875.0,875.0,875.0,-159.73,-77.37,420.95,-81.43,810.77,1870.0,921.65,3500.0,102.42,0.0,0.965,0.991,0.0,22.5,TARGETED_EAST_OCCUPANCY_COOL,11.6313
2,Occupancy Concentration,0,133,1330.0,22,2,2,16,2,22.69,6.29,LIGHT,82.8,LOW,RUNNING,20.78,4.81,LIGHT,78.19,LOW,RUNNING,22.61,7.01,LIGHT,83.78,LOW,RUNNING,20.8,5.16,LIGHT,78.74,LOW,RUNNING,18.63,4.62,LIGHT,75.22,LOW,RUNNING,24.3,8.47,LIGHT,88.08,LOW,RUNNING,23.19,6.89,LIGHT,84.32,LOW,RUNNING,21.45,4.95,LIGHT,79.24,LOW,RUNNING,19.79,4.35,LIGHT,76.26,LOW,RUNNING,22.83,6.57,LIGHT,83.39,LOW,RUNNING,26.96,55.0,202.2,0.25,22.0,COOLING,0.25,22.0,COOLING,0.25,22.0,COOLING,0.25,22.0,COOLING,21.603,21.602,23.653,21.607,22.116,23.653,21.602,2.051,323.51,163.3,163.56,159.65,170.0,170.0,1360.0,170.0,190.94,241.53,248.21,241.43,30.68,224.7,-478.82,223.44,875.0,875.0,875.0,875.0,-159.87,-75.47,417.95,-80.48,810.02,1870.0,922.11,3500.0,102.13,0.0,0.971,0.997,0.0,22.5,TARGETED_EAST_OCCUPANCY_COOL,11.7412
2,Occupancy Concentration,0,134,1340.0,22,2,2,16,2,22.65,6.18,LIGHT,82.58,LOW,RUNNING,20.62,4.71,LIGHT,77.84,LOW,RUNNING,22.49,7.0,LIGHT,83.61,LOW,RUNNING,20.82,5.25,LIGHT,78.9,LOW,RUNNING,18.78,4.73,LIGHT,75.57,LOW,RUNNING,24.44,8.5,LIGHT,88.3,LOW,RUNNING,23.2,6.81,LIGHT,84.22,LOW,RUNNING,21.31,4.83,LIGHT,78.88,LOW,RUNNING,19.64,4.31,LIGHT,76.02,LOW,RUNNING,22.8,6.64,LIGHT,83.46,LOW,RUNNING,26.97,55.0,202.3,0.25,22.0,COOLING,0.25,22.0,COOLING,0.25,22.0,COOLING,0.25,22.0,COOLING,21.6,21.601,23.661,21.605,22.117,23.661,21.6,2.061,322.93,163.87,163.1,159.48,170.0,170.0,1360.0,170.0,191.25,241.85,248.33,241.74,31.08,225.79,-481.42,224.55,875.0,875.0,875.0,875.0,-159.74,-73.49,415.01,-79.23,809.38,1870.0,923.17,3500.0,102.55,0.0,0.98,1.0,0.0,22.5,TARGETED_EAST_OCCUPANCY_COOL,11.8357
2,Occupancy Concentration,0,135,1350.0,22,2,2,16,2,22.56,6.07,LIGHT,82.31,LOW,RUNNING,20.45,4.62,LIGHT,77.49,LOW,RUNNING,22.39,7.02,LIGHT,83.52,LOW,RUNNING,20.88,5.36,LIGHT,79.14,LOW,RUNNING,18.95,4.83,LIGHT,75.93,LOW,RUNNING,24.56,8.49,LIGHT,88.44,LOW,RUNNING,23.16,6.7,LIGHT,84.0,LOW,RUNNING,21.15,4.72,LIGHT,78.52,LOW,RUNNING,19.51,4.3,LIGHT,75.84,LOW,RUNNING,22.82,6.74,LIGHT,83.64,LOW,RUNNING,26.97,55.0,202.5,0.25,22.0,COOLING,0.25,22.0,COOLING,0.25,22.0,COOLING,0.25,22.0,COOLING,21.597,21.6,23.669,21.603,22.117,23.669,21.597,2.072,322.46,164.37,162.52,159.48,170.0,170.0,1360.0,170.0,191.39,241.99,248.33,241.91,31.57,226.55,-483.68,225.55,875.0,875.0,875.0,875.0,-159.58,-72.09,412.17,-78.06,808.83,1870.0,923.62,3500.0,102.44,0.0,0.987,1.0,0.0,22.5,TARGETED_EAST_OCCUPANCY_COOL,11.9311
2,Occupancy Concentration,0,136,1360.0,22,2,2,16,2,22.45,5.95,LIGHT,81.99,LOW,RUNNING,20.29,4.55,LIGHT,77.19,LOW,RUNNING,22.32,7.07,LIGHT,83.51,LOW,RUNNING,20.98,5.48,LIGHT,79.44,LOW,RUNNING,19.12,4.91,LIGHT,76.27,LOW,RUNNING,24.64,8.46,LIGHT,88.49,LOW,RUNNING,23.08,6.59,LIGHT,83.73,LOW,RUNNING,20.98,4.63,LIGHT,78.17,LOW,RUNNING,19.4,4.32,LIGHT,75.73,LOW,RUNNING,22.87,6.84,LIGHT,83.85,LOW,RUNNING,26.97,55.0,202.7,0.25,22.0,COOLING,0.25,22.0,COOLING,0.25,22.0,COOLING,0.25,22.0,COOLING,21.594,21.599,23.677,21.601,22.118,23.677,21.594,2.083,322.13,164.76,161.9,159.58,170.0,170.0,1360.0,170.0,191.53,242.14,248.33,242.08,32.07,227.3,-485.93,226.55,875.0,875.0,875.0,875.0,-159.27,-70.8,409.3,-76.79,808.37,1870.0,924.08,3500.0,102.44,0.0,0.992,1.0,0.0,22.5,TARGETED_EAST_OCCUPANCY_COOL,12.0268
2,Occupancy Concentration,0,137,1370.0,22,2,2,16,2,22.3,5.83,LIGHT,81.62,LOW,RUNNING,20.13,4.51,LIGHT,76.93,LOW,RUNNING,22.3,7.14,LIGHT,83.58,LOW,RUNNING,21.11,5.6,LIGHT,79.79,LOW,RUNNING,19.28,4.97,LIGHT,76.55,LOW,RUNNING,24.69,8.4,LIGHT,88.46,LOW,RUNNING,22.97,6.47,LIGHT,83.42,LOW,RUNNING,20.82,4.56,LIGHT,77.87,LOW,RUNNING,19.33,4.36,LIGHT,75.7,LOW,RUNNING,22.96,6.96,LIGHT,84.14,LOW,RUNNING,26.98,55.0,202.8,0.25,22.0,COOLING,0.25,22.0,COOLING,0.25,22.0,COOLING,0.25,22.0,COOLING,21.591,21.598,23.685,21.599,22.118,23.685,21.591,2.094,321.92,165.01,161.29,159.84,170.0,170.0,1360.0,170.0,191.85,242.44,248.46,242.4,32.56,228.06,-488.18,227.56,875.0,875.0,875.0,875.0,-158.67,-69.49,406.57,-75.2,808.06,1870.0,925.15,3500.0,103.21,0.0,0.998,1.0,0.0,22.5,TARGETED_EAST_OCCUPANCY_COOL,12.1229
2,Occupancy Concentration,0,138,1380.0,22,2,2,16,2,22.14,5.72,LIGHT,81.25,LOW,RUNNING,20.0,4.5,LIGHT,76.75,LOW,RUNNING,22.32,7.24,LIGHT,83.76,LOW,RUNNING,21.26,5.72,LIGHT,80.16,LOW,RUNNING,19.42,5.0,LIGHT,76.78,LOW,RUNNING,24.7,8.32,LIGHT,88.36,LOW,RUNNING,22.83,6.35,LIGHT,83.06,LOW,RUNNING,20.66,4.52,LIGHT,77.61,LOW,RUNNING,19.3,4.43,LIGHT,75.77,LOW,RUNNING,23.09,7.08,LIGHT,84.48,LOW,RUNNING,26.98,55.0,203.0,0.25,22.0,COOLING,0.25,22.0,COOLING,0.25,22.0,COOLING,0.25,22.0,COOLING,21.588,21.597,23.693,21.597,22.119,23.693,21.588,2.105,321.92,165.14,160.67,160.25,170.0,170.0,1360.0,170.0,191.98,242.59,248.46,242.57,33.06,228.82,-490.44,228.56,875.0,875.0,875.0,875.0,-158.04,-68.45,403.69,-73.62,807.98,1870.0,925.6,3500.0,103.58,0.0,1.0,0.996,0.0,22.5,TARGETED_EAST_OCCUPANCY_COOL,12.2191
2,Occupancy Concentration,0,139,1390.0,22,2,2,16,2,21.98,5.63,LIGHT,80.92,LOW,RUNNING,19.9,4.52,LIGHT,76.66,LOW,RUNNING,22.37,7.35,LIGHT,83.99,LOW,RUNNING,21.42,5.82,LIGHT,80.51,LOW,RUNNING,19.54,5.0,LIGHT,76.92,LOW,RUNNING,24.66,8.22,LIGHT,88.16,LOW,RUNNING,22.67,6.24,LIGHT,82.7,LOW,RUNNING,20.52,4.5,LIGHT,77.4,LOW,RUNNING,19.31,4.52,LIGHT,75.92,LOW,RUNNING,23.23,7.2,LIGHT,84.84,LOW,RUNNING,26.98,55.0,203.2,0.25,22.0,COOLING,0.25,22.0,COOLING,0.25,22.0,COOLING,0.25,22.0,COOLING,21.585,21.596,23.701,21.596,22.12,23.701,21.585,2.116,322.08,165.08,160.1,160.76,170.0,170.0,1360.0,170.0,192.13,242.73,248.47,242.73,33.56,229.57,-492.69,229.57,875.0,875.0,875.0,875.0,-157.23,-67.62,400.88,-71.94,808.02,1870.0,926.06,3500.0,104.09,0.0,1.0,0.997,0.0,22.5,TARGETED_EAST_OCCUPANCY_COOL,12.3101
2,Occupancy Concentration,0,140,1400.0,22,2,2,16,2,21.81,5.56,LIGHT,80.6,LOW,RUNNING,19.83,4.56,LIGHT,76.63,LOW,RUNNING,22.47,7.47,LIGHT,84.29,LOW,RUNNING,21.59,5.9,LIGHT,80.84,LOW,RUNNING,19.63,4.97,LIGHT,76.99,LOW,RUNNING,24.59,8.1,LIGHT,87.89,LOW,RUNNING,22.51,6.14,LIGHT,82.35,LOW,RUNNING,20.41,4.51,LIGHT,77.28,LOW,RUNNING,19.36,4.63,LIGHT,76.15,LOW,RUNNING,23.4,7.3,LIGHT,85.2,LOW,RUNNING,26.99,55.0,203.3,0.25,22.0,COOLING,0.25,22.0,COOLING,0.25,22.0,COOLING,0.25,22.0,COOLING,21.582,21.595,23.709,21.595,22.12,23.709,21.582,2.127,322.36,164.88,159.63,161.35,170.0,170.0,1360.0,170.0,192.45,243.03,248.6,243.03,34.16,230.34,-494.84,230.34,875.0,875.0,875.0,875.0,-156.03,-66.75,398.39,-70.28,808.22,1870.0,927.11,3500.0,105.33,0.0,1.0,0.997,0.0,22.5,TARGETED_EAST_OCCUPANCY_COOL,12.4017
2,Occupancy Concentration,0,141,1410.0,22,2,2,16,2,21.65,5.52,LIGHT,80.34,LOW,RUNNING,19.8,4.63,LIGHT,76.69,LOW,RUNNING,22.59,7.59,LIGHT,84.62,LOW,RUNNING,21.76,5.96,LIGHT,81.14,LOW,RUNNING,19.69,4.91,LIGHT,76.98,LOW,RUNNING,24.49,7.98,LIGHT,87.58,LOW,RUNNING,22.34,6.07,LIGHT,82.03,LOW,RUNNING,20.34,4.55,LIGHT,77.25,LOW,RUNNING,19.45,4.75,LIGHT,76.44,LOW,RUNNING,23.56,7.39,LIGHT,85.53,LOW,RUNNING,26.99,55.0,203.5,0.25,22.0,COOLING,0.25,22.0,COOLING,0.25,22.0,COOLING,0.25,22.0,COOLING,21.579,21.594,23.717,21.594,22.121,23.717,21.579,2.138,322.79,164.56,159.28,161.97,170.0,170.0,1360.0,170.0,192.58,243.18,248.6,243.18,34.76,231.11,-496.99,231.11,875.0,875.0,875.0,875.0,-154.87,-66.15,395.89,-68.74,808.6,1870.0,927.54,3500.0,106.13,0.0,1.0,0.998,0.0,22.5,TARGETED_EAST_OCCUPANCY_COOL,12.494
2,Occupancy Concentration,0,142,1420.0,22,2,2,16,2,21.52,5.5,LIGHT,80.15,LOW,RUNNING,19.81,4.72,LIGHT,76.84,LOW,RUNNING,22.74,7.7,LIGHT,84.97,LOW,RUNNING,21.9,5.99,LIGHT,81.36,LOW,RUNNING,19.7,4.83,LIGHT,76.87,LOW,RUNNING,24.35,7.86,LIGHT,87.23,LOW,RUNNING,22.18,6.02,LIGHT,81.75,LOW,RUNNING,20.3,4.62,LIGHT,77.31,LOW,RUNNING,19.57,4.87,LIGHT,76.77,LOW,RUNNING,23.73,7.45,LIGHT,85.84,LOW,RUNNING,26.99,55.0,203.7,0.25,22.0,COOLING,0.25,22.0,COOLING,0.25,22.0,COOLING,0.25,22.0,COOLING,21.576,21.593,23.725,21.593,22.122,23.725,21.576,2.149,323.32,164.1,159.06,162.61,170.0,170.0,1360.0,170.0,192.73,243.32,248.61,243.32,35.37,231.88,-499.13,231.88,875.0,875.0,875.0,875.0,-153.58,-65.7,393.54,-67.19,809.09,1870.0,927.98,3500.0,107.07,0.0,1.0,0.999,0.0,22.5,TARGETED_EAST_OCCUPANCY_COOL,12.587
2,Occupancy Concentration,0,143,1430.0,22,2,2,16,2,21.41,5.51,LIGHT,80.03,LOW,RUNNING,19.86,4.83,LIGHT,77.07,LOW,RUNNING,22.9,7.81,LIGHT,85.34,LOW,RUNNING,22.03,6.0,LIGHT,81.54,LOW,RUNNING,19.67,4.73,LIGHT,76.68,LOW,RUNNING,24.2,7.75,LIGHT,86.88,LOW,RUNNING,22.04,6.0,LIGHT,81.55,LOW,RUNNING,20.31,4.71,LIGHT,77.45,LOW,RUNNING,19.71,4.98,LIGHT,77.11,LOW,RUNNING,23.88,7.49,LIGHT,86.08,LOW,RUNNING,27.0,55.0,203.8,0.25,22.0,COOLING,0.25,22.0,COOLING,0.25,22.0,COOLING,0.25,22.0,COOLING,21.573,21.592,23.733,21.592,22.122,23.733,21.573,2.16,323.98,163.56,159.0,163.19,170.0,170.0,1360.0,170.0,193.04,243.63,248.73,243.63,35.97,232.65,-501.28,232.65,875.0,875.0,875.0,875.0,-152.01,-65.16,391.45,-65.53,809.73,1870.0,929.03,3500.0,108.75,0.0,1.0,1.0,0.0,22.5,TARGETED_EAST_OCCUPANCY_COOL,12.6806
2,Occupancy Concentration,0,144,1440.0,22,2,2,16,2,21.34,5.55,LIGHT,80.0,LOW,RUNNING,19.95,4.95,LIGHT,77.36,LOW,RUNNING,23.07,7.89,LIGHT,85.67,LOW,RUNNING,22.12,5.97,LIGHT,81.61,LOW,RUNNING,19.6,4.62,LIGHT,76.43,LOW,RUNNING,24.03,7.66,LIGHT,86.53,LOW,RUNNING,21.93,6.01,LIGHT,81.43,LOW,RUNNING,20.35,4.81,LIGHT,77.65,LOW,RUNNING,19.87,5.09,LIGHT,77.47,LOW,RUNNING,24.01,7.5,LIGHT,86.26,LOW,RUNNING,27.0,55.0,204.0,0.25,22.0,COOLING,0.25,22.0,COOLING,0.25,22.0,COOLING,0.25,22.0,COOLING,21.57,21.591,23.741,21.591,22.123,23.741,21.57,2.171,324.64,162.96,159.08,163.73,170.0,170.0,1360.0,170.0,193.18,243.77,248.74,243.77,36.58,233.42,-503.42,233.42,875.0,875.0,875.0,875.0,-150.6,-64.85,389.4,-64.08,810.41,1870.0,929.46,3500.0,109.87,0.0,0.999,1.0,0.0,22.5,TARGETED_EAST_OCCUPANCY_COOL,12.775
2,Occupancy Concentration,0,145,1450.0,22,2,2,16,2,21.3,5.62,LIGHT,80.06,LOW,RUNNING,20.07,5.07,LIGHT,77.69,LOW,RUNNING,23.23,7.95,LIGHT,85.96,LOW,RUNNING,22.18,5.92,LIGHT,81.6,LOW,RUNNING,19.5,4.5,LIGHT,76.12,LOW,RUNNING,23.86,7.58,LIGHT,86.2,LOW,RUNNING,21.85,6.05,LIGHT,81.39,LOW,RUNNING,20.43,4.93,LIGHT,77.93,LOW,RUNNING,20.04,5.18,LIGHT,77.82,LOW,RUNNING,24.11,7.48,LIGHT,86.36,LOW,RUNNING,27.0,55.0,204.2,0.25,22.0,COOLING,0.25,22.0,COOLING,0.25,22.0,COOLING,0.25,22.0,COOLING,21.567,21.59,23.749,21.59,22.124,23.749,21.567,2.182,325.31,162.32,159.32,164.18,170.0,170.0,1360.0,170.0,193.32,243.91,248.74,243.91,37.19,234.19,-505.56,234.19,875.0,875.0,875.0,875.0,-149.18,-64.58,387.5,-62.72,811.13,1870.0,929.88,3500.0,111.02,0.0,0.999,1.0,0.0,22.5,TARGETED_EAST_OCCUPANCY_COOL,12.8701
2,Occupancy Concentration,0,146,1460.0,22,2,2,16,2,21.31,5.71,LIGHT,80.2,LOW,RUNNING,20.22,5.19,LIGHT,78.06,LOW,RUNNING,23.39,7.99,LIGHT,86.22,LOW,RUNNING,22.2,5.84,LIGHT,81.51,LOW,RUNNING,19.37,4.38,LIGHT,75.78,LOW,RUNNING,23.7,7.53,LIGHT,85.92,LOW,RUNNING,21.81,6.11,LIGHT,81.43,LOW,RUNNING,20.55,5.05,LIGHT,78.26,LOW,RUNNING,20.21,5.25,LIGHT,78.14,LOW,RUNNING,24.17,7.43,LIGHT,86.36,LOW,RUNNING,27.01,55.0,204.3,0.25,22.0,COOLING,0.25,22.0,COOLING,0.25,22.0,COOLING,0.25,22.0,COOLING,21.564,21.589,23.757,21.589,22.125,23.757,21.564,2.193,325.99,161.7,159.69,164.5,170.0,170.0,1360.0,170.0,193.63,244.22,248.87,244.22,37.79,234.96,-507.71,234.96,875.0,875.0,875.0,875.0,-147.59,-64.12,385.85,-61.32,811.88,1870.0,930.94,3500.0,112.82,0.0,0.998,1.0,0.0,22.5,TARGETED_EAST_OCCUPANCY_COOL,12.9658
2,Occupancy Concentration,0,147,1470.0,22,2,2,16,2,21.35,5.82,LIGHT,80.42,LOW,RUNNING,20.38,5.29,LIGHT,78.41,LOW,RUNNING,23.51,8.0,LIGHT,86.39,LOW,RUNNING,22.18,5.75,LIGHT,81.35,LOW,RUNNING,19.22,4.27,LIGHT,75.43,LOW,RUNNING,23.56,7.5,LIGHT,85.7,LOW,RUNNING,21.8,6.19,LIGHT,81.53,LOW,RUNNING,20.69,5.17,LIGHT,78.62,LOW,RUNNING,20.36,5.29,LIGHT,78.39,LOW,RUNNING,24.2,7.36,LIGHT,86.29,LOW,RUNNING,27.01,55.0,204.5,0.25,22.0,COOLING,0.25,22.0,COOLING,0.25,22.0,COOLING,0.25,22.0,COOLING,21.561,21.588,23.765,21.588,22.126,23.765,21.561,2.204,326.57,161.13,160.15,164.68,170.0,170.0,1360.0,170.0,193.78,244.36,248.88,244.36,38.39,235.73,-509.86,235.73,875.0,875.0,875.0,875.0,-146.26,-63.78,384.17,-60.23,812.53,1870.0,931.38,3500.0,113.9,0.0,0.997,1.0,0.0,22.5,TARGETED_EAST_OCCUPANCY_COOL,13.0623
2,Occupancy Concentration,0,148,1480.0,22,2,2,16,2,21.44,5.93,LIGHT,80.69,LOW,RUNNING,20.55,5.38,LIGHT,78.76,LOW,RUNNING,23.61,7.98,LIGHT,86.48,LOW,RUNNING,22.12,5.64,LIGHT,81.11,LOW,RUNNING,19.05,4.17,LIGHT,75.07,LOW,RUNNING,23.44,7.51,LIGHT,85.57,LOW,RUNNING,21.84,6.3,LIGHT,81.75,LOW,RUNNING,20.85,5.28,LIGHT,78.98,LOW,RUNNING,20.49,5.3,LIGHT,78.56,LOW,RUNNING,24.18,7.26,LIGHT,86.11,LOW,RUNNING,27.01,55.0,204.7,0.25,22.0,COOLING,0.25,22.0,COOLING,0.25,22.0,COOLING,0.25,22.0,COOLING,21.558,21.587,23.773,21.587,22.126,23.773,21.558,2.215,327.04,160.64,160.73,164.67,170.0,170.0,1360.0,170.0,193.91,244.51,248.88,244.51,39.0,236.5,-512.0,236.5,875.0,875.0,875.0,875.0,-145.05,-63.35,382.61,-59.32,813.08,1870.0,931.81,3500.0,114.89,0.0,0.997,1.0,0.0,22.5,TARGETED_EAST_OCCUPANCY_COOL,13.1595
2,Occupancy Concentration,0,149,1490.0,22,2,2,16,2,21.55,6.05,LIGHT,81.01,LOW,RUNNING,20.71,5.45,LIGHT,79.06,LOW,RUNNING,23.68,7.93,LIGHT,86.49,LOW,RUNNING,22.02,5.52,LIGHT,80.81,LOW,RUNNING,18.88,4.09,LIGHT,74.73,LOW,RUNNING,23.36,7.54,LIGHT,85.51,LOW,RUNNING,21.92,6.41,LIGHT,82.02,LOW,RUNNING,21.02,5.37,LIGHT,79.33,LOW,RUNNING,20.6,5.28,LIGHT,78.67,LOW,RUNNING,24.13,7.16,LIGHT,85.9,LOW,RUNNING,27.02,55.0,204.8,0.25,22.0,COOLING,0.25,22.0,COOLING,0.25,22.0,COOLING,0.25,22.0,COOLING,21.555,21.586,23.781,21.586,22.127,23.781,21.555,2.226,327.37,160.24,161.35,164.57,170.0,170.0,1360.0,170.0,194.23,244.81,249.01,244.81,39.6,237.27,-514.14,237.27,875.0,875.0,875.0,875.0,-143.8,-62.68,381.22,-58.35,813.53,1870.0,932.86,3500.0,116.39,0.0,0.997,1.0,0.0,22.5,TARGETED_EAST_OCCUPANCY_COOL,13.2571
2,Occupancy Concentration,0,150,1500.0,22,2,2,16,2,21.7,6.17,LIGHT,81.38,LOW,RUNNING,20.87,5.49,LIGHT,79.32,LOW,RUNNING,23.7,7.86,LIGHT,86.42,LOW,RUNNING,21.89,5.4,LIGHT,80.46,LOW,RUNNING,18.72,4.03,LIGHT,74.45,LOW,RUNNING,23.31,7.6,LIGHT,85.54,LOW,RUNNING,22.03,6.53,LIGHT,82.33,LOW,RUNNING,21.18,5.44,LIGHT,79.63,LOW,RUNNING,20.67,5.24,LIGHT,78.7,LOW,RUNNING,24.04,7.04,LIGHT,85.61,LOW,RUNNING,27.02,55.0,205.0,0.25,22.0,COOLING,0.25,22.0,COOLING,0.25,22.0,COOLING,0.25,22.0,COOLING,21.552,21.585,23.789,21.585,22.128,23.789,21.552,2.237,327.58,159.99,161.96,164.31,170.0,170.0,1360.0,170.0,194.38,244.95,249.02,244.95,40.21,238.04,-516.29,238.04,875.0,875.0,875.0,875.0,-142.83,-62.02,379.69,-57.7,813.84,1870.0,933.3,3500.0,117.14,0.0,0.997,1.0,0.0,22.5,TARGETED_EAST_OCCUPANCY_COOL,13.3552
2,Occupancy Concentration,0,151,1510.0,22,2,2,16,2,21.86,6.28,LIGHT,81.75,LOW,RUNNING,21.0,5.5,LIGHT,79.5,LOW,RUNNING,23.68,7.76,LIGHT,86.24,LOW,RUNNING,21.74,5.28,LIGHT,80.09,LOW,RUNNING,18.58,4.0,LIGHT,74.22,LOW,RUNNING,23.3,7.68,LIGHT,85.64,LOW,RUNNING,22.17,6.65,LIGHT,82.69,LOW,RUNNING,21.34,5.48,LIGHT,79.89,LOW,RUNNING,20.7,5.17,LIGHT,78.63,LOW,RUNNING,23.91,6.92,LIGHT,85.27,LOW,RUNNING,27.02,55.0,205.2,0.25,22.0,COOLING,0.25,22.0,COOLING,0.25,22.0,COOLING,0.25,22.0,COOLING,21.549,21.584,23.797,21.584,22.128,23.797,21.549,2.248,327.58,159.86,162.58,163.9,170.0,170.0,1360.0,170.0,194.51,245.1,249.02,245.1,40.82,238.81,-518.44,238.81,875.0,875.0,875.0,875.0,-142.09,-61.23,378.16,-57.19,813.92,1870.0,933.73,3500.0,117.65,0.0,0.997,1.0,0.0,22.5,TARGETED_EAST_OCCUPANCY_COOL,13.4539
2,Occupancy Concentration,0,152,1520.0,22,2,2,16,2,22.02,6.37,LIGHT,82.08,LOW,RUNNING,21.1,5.48,LIGHT,79.59,LOW,RUNNING,23.63,7.65,LIGHT,86.01,LOW,RUNNING,21.58,5.18,LIGHT,79.74,LOW,RUNNING,18.46,4.0,LIGHT,74.08,LOW,RUNNING,23.34,7.78,LIGHT,85.84,LOW,RUNNING,22.33,6.76,LIGHT,83.05,LOW,RUNNING,21.48,5.5,LIGHT,80.1,LOW,RUNNING,20.69,5.08,LIGHT,78.48,LOW,RUNNING,23.77,6.8,LIGHT,84.91,LOW,RUNNING,27.03,55.0,205.3,0.25,22.0,COOLING,0.25,22.0,COOLING,0.25,22.0,COOLING,0.25,22.0,COOLING,21.546,21.583,23.805,21.583,22.129,23.805,21.546,2.259,327.42,159.92,163.15,163.39,170.0,170.0,1360.0,170.0,194.83,245.4,249.15,245.4,41.42,239.58,-520.58,239.58,875.0,875.0,875.0,875.0,-141.33,-60.1,376.72,-56.63,813.88,1870.0,934.78,3500.0,118.66,0.0,0.998,1.0,0.0,22.5,TARGETED_EAST_OCCUPANCY_COOL,13.5528
2,Occupancy Concentration,0,153,1530.0,22,2,2,16,2,22.19,6.44,LIGHT,82.4,LOW,RUNNING,21.17,5.44,LIGHT,79.62,LOW,RUNNING,23.53,7.53,LIGHT,85.71,LOW,RUNNING,21.41,5.1,LIGHT,79.41,LOW,RUNNING,18.37,4.03,LIGHT,74.01,LOW,RUNNING,23.41,7.9,LIGHT,86.11,LOW,RUNNING,22.49,6.86,LIGHT,83.4,LOW,RUNNING,21.59,5.49,LIGHT,80.22,LOW,RUNNING,20.64,4.97,LIGHT,78.25,LOW,RUNNING,23.6,6.7,LIGHT,84.55,LOW,RUNNING,27.03,55.0,205.5,0.25,22.0,COOLING,0.25,22.0,COOLING,0.25,22.0,COOLING,0.25,22.0,COOLING,21.543,21.582,23.813,21.582,22.13,23.813,21.543,2.27,327.14,160.12,163.62,162.8,170.0,170.0,1360.0,170.0,194.97,245.55,249.15,245.55,42.02,240.35,-522.73,240.35,875.0,875.0,875.0,875.0,-140.87,-58.98,375.04,-56.3,813.68,1870.0,935.22,3500.0,118.89,0.0,0.998,1.0,0.0,22.5,TARGETED_EAST_OCCUPANCY_COOL,13.6521
2,Occupancy Concentration,0,154,1540.0,22,2,2,16,2,22.35,6.48,LIGHT,82.66,LOW,RUNNING,21.2,5.37,LIGHT,79.56,LOW,RUNNING,23.41,7.41,LIGHT,85.38,LOW,RUNNING,21.24,5.04,LIGHT,79.11,LOW,RUNNING,18.31,4.09,LIGHT,74.02,LOW,RUNNING,23.51,8.02,LIGHT,86.42,LOW,RUNNING,22.66,6.93,LIGHT,83.72,LOW,RUNNING,21.66,5.45,LIGHT,80.25,LOW,RUNNING,20.55,4.85,LIGHT,77.96,LOW,RUNNING,23.44,6.61,LIGHT,84.22,LOW,RUNNING,27.03,55.0,205.7,0.25,22.0,COOLING,0.25,22.0,COOLING,0.25,22.0,COOLING,0.25,22.0,COOLING,21.54,21.581,23.821,21.581,22.131,23.821,21.54,2.281,326.71,160.44,163.97,162.18,170.0,170.0,1360.0,170.0,195.11,245.69,249.16,245.69,42.63,241.12,-524.87,241.12,875.0,875.0,875.0,875.0,-140.55,-57.75,373.26,-56.01,813.3,1870.0,935.65,3500.0,118.95,0.0,0.999,1.0,0.0,22.5,TARGETED_EAST_OCCUPANCY_COOL,13.7516
2,Occupancy Concentration,0,155,1550.0,22,2,2,16,2,22.48,6.5,LIGHT,82.85,LOW,RUNNING,21.19,5.28,LIGHT,79.41,LOW,RUNNING,23.26,7.3,LIGHT,85.03,LOW,RUNNING,21.1,5.01,LIGHT,78.89,LOW,RUNNING,18.3,4.17,LIGHT,74.13,LOW,RUNNING,23.65,8.14,LIGHT,86.77,LOW,RUNNING,22.82,6.98,LIGHT,84.0,LOW,RUNNING,21.7,5.38,LIGHT,80.19,LOW,RUNNING,20.43,4.73,LIGHT,77.63,LOW,RUNNING,23.27,6.55,LIGHT,83.91,LOW,RUNNING,27.04,55.0,205.8,0.25,22.0,COOLING,0.25,22.0,COOLING,0.25,22.0,COOLING,0.25,22.0,COOLING,21.537,21.58,23.829,21.58,22.131,23.829,21.537,2.292,326.18,160.9,164.19,161.54,170.0,170.0,1360.0,170.0,195.42,245.99,249.28,245.99,43.24,241.89,-527.02,241.89,875.0,875.0,875.0,875.0,-140.16,-56.22,371.45,-55.58,812.81,1870.0,936.68,3500.0,119.49,0.0,1.0,1.0,0.0,22.5,TARGETED_EAST_OCCUPANCY_COOL,13.8512
2,Occupancy Concentration,0,156,1560.0,22,2,2,16,2,22.59,6.49,LIGHT,82.97,LOW,RUNNING,21.14,5.17,LIGHT,79.18,LOW,RUNNING,23.1,7.19,LIGHT,84.66,LOW,RUNNING,20.97,5.0,LIGHT,78.71,LOW,RUNNING,18.33,4.27,LIGHT,74.32,LOW,RUNNING,23.8,8.25,LIGHT,87.12,LOW,RUNNING,22.96,7.0,LIGHT,84.2,LOW,RUNNING,21.69,5.29,LIGHT,80.05,LOW,RUNNING,20.29,4.62,LIGHT,77.29,LOW,RUNNING,23.12,6.51,LIGHT,83.67,LOW,RUNNING,27.04,55.0,206.0,0.25,22.0,COOLING,0.25,22.0,COOLING,0.25,22.0,COOLING,0.25,22.0,COOLING,21.534,21.579,23.837,21.579,22.132,23.837,21.534,2.303,325.52,161.44,164.25,160.96,170.0,170.0,1360.0,170.0,195.56,246.14,249.29,246.14,43.84,242.66,-529.16,242.66,875.0,875.0,875.0,875.0,-140.08,-54.76,369.38,-55.24,812.17,1870.0,937.13,3500.0,119.3,0.0,1.0,1.0,0.0,22.5,TARGETED_EAST_OCCUPANCY_COOL,13.9512
2,Occupancy Concentration,0,157,1570.0,22,2,2,16,2,22.66,6.45,LIGHT,83.0,LOW,RUNNING,21.05,5.05,LIGHT,78.89,LOW,RUNNING,22.93,7.11,LIGHT,84.33,LOW,RUNNING,20.88,5.03,LIGHT,78.64,LOW,RUNNING,18.4,4.38,LIGHT,74.57,LOW,RUNNING,23.97,8.34,LIGHT,87.47,LOW,RUNNING,23.07,6.99,LIGHT,84.32,LOW,RUNNING,21.65,5.19,LIGHT,79.85,LOW,RUNNING,20.13,4.51,LIGHT,76.93,LOW,RUNNING,22.99,6.5,LIGHT,83.49,LOW,RUNNING,27.05,55.0,206.2,0.25,22.0,COOLING,0.25,22.0,COOLING,0.25,22.0,COOLING,0.25,22.0,COOLING,21.531,21.578,23.844,21.578,22.133,23.844,21.531,2.313,324.86,162.04,164.17,160.42,170.0,170.0,1360.0,170.0,195.92,246.51,249.5,246.51,44.45,243.43,-531.3,243.43,875.0,875.0,875.0,875.0,-139.77,-53.02,367.37,-54.64,811.49,1870.0,938.44,3500.0,119.94,0.0,1.0,0.999,0.0,22.5,TARGETED_EAST_OCCUPANCY_COOL,14.0404
2,Occupancy Concentration,0,158,1580.0,22,2,2,16,2,22.7,6.38,LIGHT,82.94,LOW,RUNNING,20.93,4.93,LIGHT,78.56,LOW,RUNNING,22.77,7.05,LIGHT,84.04,LOW,RUNNING,20.82,5.08,LIGHT,78.65,LOW,RUNNING,18.5,4.5,LIGHT,74.88,LOW,RUNNING,24.14,8.42,LIGHT,87.8,LOW,RUNNING,23.15,6.95,LIGHT,84.36,LOW,RUNNING,21.57,5.07,LIGHT,79.57,LOW,RUNNING,19.96,4.42,LIGHT,76.58,LOW,RUNNING,22.89,6.52,LIGHT,83.39,LOW,RUNNING,27.05,55.0,206.3,0.25,22.0,COOLING,0.25,22.0,COOLING,0.25,22.0,COOLING,0.25,22.0,COOLING,21.528,21.577,23.851,21.577,22.133,23.851,21.528,2.323,324.19,162.68,163.93,159.97,170.0,170.0,1360.0,170.0,196.02,246.59,249.44,246.59,45.04,244.09,-533.22,244.09,875.0,875.0,875.0,875.0,-139.75,-51.64,365.15,-54.35,810.77,1870.0,938.64,3500.0,119.41,0.0,1.0,0.998,0.0,22.5,TARGETED_EAST_OCCUPANCY_COOL,14.1303
2,Occupancy Concentration,0,159,1590.0,22,2,2,16,2,22.69,6.29,LIGHT,82.8,LOW,RUNNING,20.78,4.81,LIGHT,78.19,LOW,RUNNING,22.61,7.01,LIGHT,83.78,LOW,RUNNING,20.8,5.16,LIGHT,78.74,LOW,RUNNING,18.63,4.62,LIGHT,75.22,LOW,RUNNING,24.3,8.47,LIGHT,88.08,LOW,RUNNING,23.19,6.89,LIGHT,84.32,LOW,RUNNING,21.45,4.95,LIGHT,79.24,LOW,RUNNING,19.79,4.35,LIGHT,76.26,LOW,RUNNING,22.83,6.57,LIGHT,83.39,LOW,RUNNING,27.05,55.0,206.5,0.25,22.0,COOLING,0.25,22.0,COOLING,0.25,22.0,COOLING,0.25,22.0,COOLING,21.525,21.576,23.858,21.576,22.134,23.858,21.525,2.333,323.51,163.3,163.56,159.65,170.0,170.0,1360.0,170.0,196.16,246.73,249.47,246.73,45.63,244.75,-535.12,244.75,875.0,875.0,875.0,875.0,-139.7,-50.22,362.91,-53.87,810.02,1870.0,939.09,3500.0,119.12,0.0,1.0,0.997,0.0,22.5,TARGETED_EAST_OCCUPANCY_COOL,14.2203
2,Occupancy Concentration,0,160,1600.0,22,2,2,16,2,22.65,6.18,LIGHT,82.58,LOW,RUNNING,20.62,4.71,LIGHT,77.84,LOW,RUNNING,22.49,7.0,LIGHT,83.61,LOW,RUNNING,20.82,5.25,LIGHT,78.9,LOW,RUNNING,18.78,4.73,LIGHT,75.57,LOW,RUNNING,24.44,8.5,LIGHT,88.3,LOW,RUNNING,23.2,6.81,LIGHT,84.22,LOW,RUNNING,21.31,4.83,LIGHT,78.88,LOW,RUNNING,19.64,4.31,LIGHT,76.02,LOW,RUNNING,22.8,6.64,LIGHT,83.46,LOW,RUNNING,27.06,55.0,206.7,0.25,22.0,COOLING,0.25,22.0,COOLING,0.25,22.0,COOLING,0.25,22.0,COOLING,21.522,21.575,23.865,21.575,22.134,23.865,21.522,2.343,322.93,163.87,163.1,159.48,170.0,170.0,1360.0,170.0,196.51,247.1,249.7,247.1,46.22,245.41,-537.04,245.41,875.0,875.0,875.0,875.0,-139.34,-48.62,360.76,-53.01,809.38,1870.0,940.41,3500.0,119.79,0.0,1.0,0.997,0.0,22.5,TARGETED_EAST_OCCUPANCY_COOL,14.3103
2,Occupancy Concentration,0,161,1610.0,22,2,2,16,2,22.56,6.07,LIGHT,82.31,LOW,RUNNING,20.45,4.62,LIGHT,77.49,LOW,RUNNING,22.39,7.02,LIGHT,83.52,LOW,RUNNING,20.88,5.36,LIGHT,79.14,LOW,RUNNING,18.95,4.83,LIGHT,75.93,LOW,RUNNING,24.56,8.49,LIGHT,88.44,LOW,RUNNING,23.16,6.7,LIGHT,84.0,LOW,RUNNING,21.15,4.72,LIGHT,78.52,LOW,RUNNING,19.51,4.3,LIGHT,75.84,LOW,RUNNING,22.82,6.74,LIGHT,83.64,LOW,RUNNING,27.06,55.0,206.8,0.25,22.0,COOLING,0.25,22.0,COOLING,0.25,22.0,COOLING,0.25,22.0,COOLING,21.519,21.574,23.872,21.574,22.135,23.872,21.519,2.353,322.46,164.37,162.52,159.48,170.0,170.0,1360.0,170.0,196.62,247.18,249.64,247.18,46.81,246.07,-538.94,246.07,875.0,875.0,875.0,875.0,-139.11,-47.38,358.22,-52.27,808.83,1870.0,940.62,3500.0,119.46,0.0,1.0,0.997,0.0,22.5,TARGETED_EAST_OCCUPANCY_COOL,14.4005
2,Occupancy Concentration,0,162,1620.0,22,2,2,16,2,22.45,5.95,LIGHT,81.99,LOW,RUNNING,20.29,4.55,LIGHT,77.19,LOW,RUNNING,22.32,7.07,LIGHT,83.51,LOW,RUNNING,20.98,5.48,LIGHT,79.44,LOW,RUNNING,19.12,4.91,LIGHT,76.27,LOW,RUNNING,24.64,8.46,LIGHT,88.49,LOW,RUNNING,23.08,6.59,LIGHT,83.73,LOW,RUNNING,20.98,4.63,LIGHT,78.17,LOW,RUNNING,19.4,4.32,LIGHT,75.73,LOW,RUNNING,22.87,6.84,LIGHT,83.85,LOW,RUNNING,27.06,55.0,207.0,0.25,22.0,COOLING,0.25,22.0,COOLING,0.25,22.0,COOLING,0.25,22.0,COOLING,21.516,21.573,23.879,21.573,22.135,23.879,21.516,2.363,322.13,164.76,161.9,159.58,170.0,170.0,1360.0,170.0,196.75,247.33,249.66,247.33,47.4,246.73,-540.85,246.73,875.0,875.0,875.0,875.0,-138.72,-46.18,355.71,-51.36,808.37,1870.0,941.07,3500.0,119.45,0.0,1.0,0.996,0.0,22.5,TARGETED_EAST_OCCUPANCY_COOL,14.4909
2,Occupancy Concentration,0,163,1630.0,22,2,2,16,2,22.3,5.83,LIGHT,81.62,LOW,RUNNING,20.13,4.51,LIGHT,76.93,LOW,RUNNING,22.3,7.14,LIGHT,83.58,LOW,RUNNING,21.11,5.6,LIGHT,79.79,LOW,RUNNING,19.28,4.97,LIGHT,76.55,LOW,RUNNING,24.69,8.4,LIGHT,88.46,LOW,RUNNING,22.97,6.47,LIGHT,83.42,LOW,RUNNING,20.82,4.56,LIGHT,77.87,LOW,RUNNING,19.33,4.36,LIGHT,75.7,LOW,RUNNING,22.96,6.96,LIGHT,84.14,LOW,RUNNING,27.07,55.0,207.2,0.25,22.0,COOLING,0.25,22.0,COOLING,0.25,22.0,COOLING,0.25,22.0,COOLING,21.513,21.572,23.886,21.572,22.136,23.886,21.513,2.373,321.92,165.01,161.29,159.84,170.0,170.0,1360.0,170.0,197.11,247.69,249.91,247.69,47.99,247.39,-542.77,247.39,875.0,875.0,875.0,875.0,-137.98,-44.91,353.43,-50.08,808.06,1870.0,942.4,3500.0,120.46,0.0,1.0,0.996,0.0,22.5,TARGETED_EAST_OCCUPANCY_COOL,14.5815
2,Occupancy Concentration,0,164,1640.0,22,2,2,16,2,22.14,5.72,LIGHT,81.25,LOW,RUNNING,20.0,4.5,LIGHT,76.75,LOW,RUNNING,22.32,7.24,LIGHT,83.76,LOW,RUNNING,21.26,5.72,LIGHT,80.16,LOW,RUNNING,19.42,5.0,LIGHT,76.78,LOW,RUNNING,24.7,8.32,LIGHT,88.36,LOW,RUNNING,22.83,6.35,LIGHT,83.06,LOW,RUNNING,20.66,4.52,LIGHT,77.61,LOW,RUNNING,19.3,4.43,LIGHT,75.77,LOW,RUNNING,23.09,7.08,LIGHT,84.48,LOW,RUNNING,27.07,55.0,207.3,0.25,22.0,COOLING,0.25,22.0,COOLING,0.25,22.0,COOLING,0.25,22.0,COOLING,21.51,21.571,23.893,21.571,22.136,23.893,21.51,2.383,321.92,165.14,160.67,160.25,170.0,170.0,1360.0,170.0,197.22,247.77,249.85,247.77,48.57,248.05,-544.67,248.05,875.0,875.0,875.0,875.0,-137.29,-44.04,350.85,-48.93,807.98,1870.0,942.61,3500.0,120.59,0.0,1.0,0.997,0.0,22.5,TARGETED_EAST_OCCUPANCY_COOL,14.6725
2,Occupancy Concentration,0,165,1650.0,22,2,2,16,2,21.98,5.63,LIGHT,80.92,LOW,RUNNING,19.9,4.52,LIGHT,76.66,LOW,RUNNING,22.37,7.35,LIGHT,83.99,LOW,RUNNING,21.42,5.82,LIGHT,80.51,LOW,RUNNING,19.54,5.0,LIGHT,76.92,LOW,RUNNING,24.66,8.22,LIGHT,88.16,LOW,RUNNING,22.67,6.24,LIGHT,82.7,LOW,RUNNING,20.52,4.5,LIGHT,77.4,LOW,RUNNING,19.31,4.52,LIGHT,75.92,LOW,RUNNING,23.23,7.2,LIGHT,84.84,LOW,RUNNING,27.07,55.0,207.5,0.25,22.0,COOLING,0.25,22.0,COOLING,0.25,22.0,COOLING,0.25,22.0,COOLING,21.507,21.57,23.9,21.57,22.137,23.9,21.507,2.393,322.08,165.08,160.1,160.76,170.0,170.0,1360.0,170.0,197.35,247.92,249.87,247.92,49.16,248.71,-546.58,248.71,875.0,875.0,875.0,875.0,-136.41,-43.29,348.39,-47.61,808.02,1870.0,943.06,3500.0,121.08,0.0,1.0,0.997,0.0,22.5,TARGETED_EAST_OCCUPANCY_COOL,14.7638
2,Occupancy Concentration,0,166,1660.0,22,2,2,16,2,21.81,5.56,LIGHT,80.6,LOW,RUNNING,19.83,4.56,LIGHT,76.63,LOW,RUNNING,22.47,7.47,LIGHT,84.29,LOW,RUNNING,21.59,5.9,LIGHT,80.84,LOW,RUNNING,19.63,4.97,LIGHT,76.99,LOW,RUNNING,24.59,8.1,LIGHT,87.89,LOW,RUNNING,22.51,6.14,LIGHT,82.35,LOW,RUNNING,20.41,4.51,LIGHT,77.28,LOW,RUNNING,19.36,4.63,LIGHT,76.15,LOW,RUNNING,23.4,7.3,LIGHT,85.2,LOW,RUNNING,27.08,55.0,207.7,0.25,22.0,COOLING,0.25,22.0,COOLING,0.25,22.0,COOLING,0.25,22.0,COOLING,21.504,21.569,23.907,21.569,22.137,23.907,21.504,2.403,322.36,164.88,159.63,161.35,170.0,170.0,1360.0,170.0,197.71,248.27,250.11,248.27,49.75,249.37,-548.49,249.37,875.0,875.0,875.0,875.0,-135.18,-42.48,346.25,-46.01,808.22,1870.0,944.36,3500.0,122.58,0.0,1.0,0.997,0.0,22.5,TARGETED_EAST_OCCUPANCY_COOL,14.8556
2,Occupancy Concentration,0,167,1670.0,22,2,2,16,2,21.65,5.52,LIGHT,80.34,LOW,RUNNING,19.8,4.63,LIGHT,76.69,LOW,RUNNING,22.59,7.59,LIGHT,84.62,LOW,RUNNING,21.76,5.96,LIGHT,81.14,LOW,RUNNING,19.69,4.91,LIGHT,76.98,LOW,RUNNING,24.49,7.98,LIGHT,87.58,LOW,RUNNING,22.34,6.07,LIGHT,82.03,LOW,RUNNING,20.34,4.55,LIGHT,77.25,LOW,RUNNING,19.45,4.75,LIGHT,76.44,LOW,RUNNING,23.56,7.39,LIGHT,85.53,LOW,RUNNING,27.08,55.0,207.8,0.25,22.0,COOLING,0.25,22.0,COOLING,0.25,22.0,COOLING,0.25,22.0,COOLING,21.501,21.568,23.914,21.568,22.138,23.914,21.501,2.413,322.79,164.56,159.28,161.97,170.0,170.0,1360.0,170.0,197.8,248.37,250.04,248.37,50.34,250.03,-550.41,250.03,875.0,875.0,875.0,875.0,-134.07,-42.04,343.91,-44.63,808.6,1870.0,944.58,3500.0,123.17,0.0,1.0,0.998,0.0,22.5,TARGETED_EAST_OCCUPANCY_COOL,14.9479
2,Occupancy Concentration,0,168,1680.0,22,2,2,16,2,21.52,5.5,LIGHT,80.15,LOW,RUNNING,19.81,4.72,LIGHT,76.84,LOW,RUNNING,22.74,7.7,LIGHT,84.97,LOW,RUNNING,21.9,5.99,LIGHT,81.36,LOW,RUNNING,19.7,4.83,LIGHT,76.87,LOW,RUNNING,24.35,7.86,LIGHT,87.23,LOW,RUNNING,22.18,6.02,LIGHT,81.75,LOW,RUNNING,20.3,4.62,LIGHT,77.31,LOW,RUNNING,19.57,4.87,LIGHT,76.77,LOW,RUNNING,23.73,7.45,LIGHT,85.84,LOW,RUNNING,27.08,55.0,208.0,0.25,22.0,COOLING,0.25,22.0,COOLING,0.25,22.0,COOLING,0.25,22.0,COOLING,21.498,21.567,23.921,21.567,22.138,23.921,21.498,2.423,323.32,164.1,159.06,162.61,170.0,170.0,1360.0,170.0,197.95,248.51,250.07,248.51,50.94,250.69,-552.32,250.69,875.0,875.0,875.0,875.0,-132.79,-41.7,341.81,-43.19,809.09,1870.0,945.04,3500.0,124.13,0.0,1.0,0.999,0.0,22.5,TARGETED_EAST_OCCUPANCY_COOL,15.0408
2,Occupancy Concentration,0,169,1690.0,22,2,2,16,2,21.41,5.51,LIGHT,80.03,LOW,RUNNING,19.86,4.83,LIGHT,77.07,LOW,RUNNING,22.9,7.81,LIGHT,85.34,LOW,RUNNING,22.03,6.0,LIGHT,81.54,LOW,RUNNING,19.67,4.73,LIGHT,76.68,LOW,RUNNING,24.2,7.75,LIGHT,86.88,LOW,RUNNING,22.04,6.0,LIGHT,81.55,LOW,RUNNING,20.31,4.71,LIGHT,77.45,LOW,RUNNING,19.71,4.98,LIGHT,77.11,LOW,RUNNING,23.88,7.49,LIGHT,86.08,LOW,RUNNING,27.09,55.0,208.2,0.25,22.0,COOLING,0.25,22.0,COOLING,0.25,22.0,COOLING,0.25,22.0,COOLING,21.495,21.566,23.928,21.566,22.139,23.928,21.495,2.433,323.98,163.56,159.0,163.19,170.0,170.0,1360.0,170.0,198.31,248.86,250.3,248.86,51.52,251.35,-554.22,251.35,875.0,875.0,875.0,875.0,-131.19,-41.23,340.08,-41.6,809.73,1870.0,946.33,3500.0,126.06,0.0,1.0,1.0,0.0,22.5,TARGETED_EAST_OCCUPANCY_COOL,15.1343
2,Occupancy Concentration,0,170,1700.0,22,2,2,16,2,21.34,5.55,LIGHT,80.0,LOW,RUNNING,19.95,4.95,LIGHT,77.36,LOW,RUNNING,23.07,7.89,LIGHT,85.67,LOW,RUNNING,22.12,5.97,LIGHT,81.61,LOW,RUNNING,19.6,4.62,LIGHT,76.43,LOW,RUNNING,24.03,7.66,LIGHT,86.53,LOW,RUNNING,21.93,6.01,LIGHT,81.43,LOW,RUNNING,20.35,4.81,LIGHT,77.65,LOW,RUNNING,19.87,5.09,LIGHT,77.47,LOW,RUNNING,24.01,7.5,LIGHT,86.26,LOW,RUNNING,27.09,55.0,208.3,0.25,22.0,COOLING,0.25,22.0,COOLING,0.25,22.0,COOLING,0.25,22.0,COOLING,21.492,21.565,23.935,21.565,22.139,23.935,21.492,2.443,324.64,162.96,159.08,163.73,170.0,170.0,1360.0,170.0,198.4,248.96,250.24,248.96,52.11,252.01,-556.14,252.01,875.0,875.0,875.0,875.0,-129.85,-41.07,338.18,-40.3,810.41,1870.0,946.56,3500.0,126.96,0.0,0.999,1.0,0.0,22.5,TARGETED_EAST_OCCUPANCY_COOL,15.2286
2,Occupancy Concentration,0,171,1710.0,22,2,2,16,2,21.3,5.62,LIGHT,80.06,LOW,RUNNING,20.07,5.07,LIGHT,77.69,LOW,RUNNING,23.23,7.95,LIGHT,85.96,LOW,RUNNING,22.18,5.92,LIGHT,81.6,LOW,RUNNING,19.5,4.5,LIGHT,76.12,LOW,RUNNING,23.86,7.58,LIGHT,86.2,LOW,RUNNING,21.85,6.05,LIGHT,81.39,LOW,RUNNING,20.43,4.93,LIGHT,77.93,LOW,RUNNING,20.04,5.18,LIGHT,77.82,LOW,RUNNING,24.11,7.48,LIGHT,86.36,LOW,RUNNING,27.09,55.0,208.5,0.25,22.0,COOLING,0.25,22.0,COOLING,0.25,22.0,COOLING,0.25,22.0,COOLING,21.489,21.564,23.942,21.564,22.14,23.942,21.489,2.453,325.31,162.32,159.32,164.18,170.0,170.0,1360.0,170.0,198.55,249.1,250.27,249.1,52.71,252.67,-558.04,252.67,875.0,875.0,875.0,875.0,-128.43,-40.91,336.55,-39.05,811.13,1870.0,947.02,3500.0,128.16,0.0,0.999,1.0,0.0,22.5,TARGETED_EAST_OCCUPANCY_COOL,15.3237
2,Occupancy Concentration,0,172,1720.0,22,2,2,16,2,21.31,5.71,LIGHT,80.2,LOW,RUNNING,20.22,5.19,LIGHT,78.06,LOW,RUNNING,23.39,7.99,LIGHT,86.22,LOW,RUNNING,22.2,5.84,LIGHT,81.51,LOW,RUNNING,19.37,4.38,LIGHT,75.78,LOW,RUNNING,23.7,7.53,LIGHT,85.92,LOW,RUNNING,21.81,6.11,LIGHT,81.43,LOW,RUNNING,20.55,5.05,LIGHT,78.26,LOW,RUNNING,20.21,5.25,LIGHT,78.14,LOW,RUNNING,24.17,7.43,LIGHT,86.36,LOW,RUNNING,27.1,55.0,208.7,0.25,22.0,COOLING,0.25,22.0,COOLING,0.25,22.0,COOLING,0.25,22.0,COOLING,21.486,21.563,23.949,21.563,22.14,23.949,21.486,2.463,325.99,161.7,159.69,164.5,170.0,170.0,1360.0,170.0,198.9,249.46,250.51,249.46,53.29,253.33,-559.96,253.33,875.0,875.0,875.0,875.0,-126.82,-40.51,335.24,-37.71,811.88,1870.0,948.33,3500.0,130.2,0.0,0.998,1.0,0.0,22.5,TARGETED_EAST_OCCUPANCY_COOL,15.4193
2,Occupancy Concentration,0,173,1730.0,22,2,2,16,2,21.35,5.82,LIGHT,80.42,LOW,RUNNING,20.38,5.29,LIGHT,78.41,LOW,RUNNING,23.51,8.0,LIGHT,86.39,LOW,RUNNING,22.18,5.75,LIGHT,81.35,LOW,RUNNING,19.22,4.27,LIGHT,75.43,LOW,RUNNING,23.56,7.5,LIGHT,85.7,LOW,RUNNING,21.8,6.19,LIGHT,81.53,LOW,RUNNING,20.69,5.17,LIGHT,78.62,LOW,RUNNING,20.36,5.29,LIGHT,78.39,LOW,RUNNING,24.2,7.36,LIGHT,86.29,LOW,RUNNING,27.1,55.0,208.8,0.25,22.0,COOLING,0.25,22.0,COOLING,0.25,22.0,COOLING,0.25,22.0,COOLING,21.483,21.562,23.956,21.562,22.141,23.956,21.483,2.473,326.57,161.13,160.15,164.68,170.0,170.0,1360.0,170.0,199.0,249.55,250.45,249.55,53.88,253.99,-561.87,253.99,875.0,875.0,875.0,875.0,-125.55,-40.33,333.73,-36.78,812.53,1870.0,948.55,3500.0,131.07,0.0,0.997,1.0,0.0,22.5,TARGETED_EAST_OCCUPANCY_COOL,15.5155
2,Occupancy Concentration,0,174,1740.0,22,2,2,16,2,21.44,5.93,LIGHT,80.69,LOW,RUNNING,20.55,5.38,LIGHT,78.76,LOW,RUNNING,23.61,7.98,LIGHT,86.48,LOW,RUNNING,22.12,5.64,LIGHT,81.11,LOW,RUNNING,19.05,4.17,LIGHT,75.07,LOW,RUNNING,23.44,7.51,LIGHT,85.57,LOW,RUNNING,21.84,6.3,LIGHT,81.75,LOW,RUNNING,20.85,5.28,LIGHT,78.98,LOW,RUNNING,20.49,5.3,LIGHT,78.56,LOW,RUNNING,24.18,7.26,LIGHT,86.11,LOW,RUNNING,27.1,55.0,209.0,0.25,22.0,COOLING,0.25,22.0,COOLING,0.25,22.0,COOLING,0.25,22.0,COOLING,21.48,21.561,23.963,21.561,22.141,23.963,21.48,2.483,327.04,160.64,160.73,164.67,170.0,170.0,1360.0,170.0,199.15,249.69,250.48,249.69,54.48,254.65,-563.77,254.65,875.0,875.0,875.0,875.0,-124.33,-40.02,332.44,-35.99,813.08,1870.0,949.01,3500.0,132.1,0.0,0.997,1.0,0.0,22.5,TARGETED_EAST_OCCUPANCY_COOL,15.6124
2,Occupancy Concentration,0,175,1750.0,22,2,2,16,2,21.55,6.05,LIGHT,81.01,LOW,RUNNING,20.71,5.45,LIGHT,79.06,LOW,RUNNING,23.68,7.93,LIGHT,86.49,LOW,RUNNING,22.02,5.52,LIGHT,80.81,LOW,RUNNING,18.88,4.09,LIGHT,74.73,LOW,RUNNING,23.36,7.54,LIGHT,85.51,LOW,RUNNING,21.92,6.41,LIGHT,82.02,LOW,RUNNING,21.02,5.37,LIGHT,79.33,LOW,RUNNING,20.6,5.28,LIGHT,78.67,LOW,RUNNING,24.13,7.16,LIGHT,85.9,LOW,RUNNING,27.11,55.0,209.2,0.25,22.0,COOLING,0.25,22.0,COOLING,0.25,22.0,COOLING,0.25,22.0,COOLING,21.477,21.56,23.97,21.56,22.142,23.97,21.477,2.493,327.37,160.24,161.35,164.57,170.0,170.0,1360.0,170.0,199.49,250.05,250.71,250.05,55.06,255.31,-565.69,255.31,875.0,875.0,875.0,875.0,-123.08,-39.4,331.37,-35.07,813.53,1870.0,950.3,3500.0,133.82,0.0,0.997,1.0,0.0,22.5,TARGETED_EAST_OCCUPANCY_COOL,15.7096
2,Occupancy Concentration,0,176,1760.0,22,2,2,16,2,21.7,6.17,LIGHT,81.38,LOW,RUNNING,20.87,5.49,LIGHT,79.32,LOW,RUNNING,23.7,7.86,LIGHT,86.42,LOW,RUNNING,21.89,5.4,LIGHT,80.46,LOW,RUNNING,18.72,4.03,LIGHT,74.45,LOW,RUNNING,23.31,7.6,LIGHT,85.54,LOW,RUNNING,22.03,6.53,LIGHT,82.33,LOW,RUNNING,21.18,5.44,LIGHT,79.63,LOW,RUNNING,20.67,5.24,LIGHT,78.7,LOW,RUNNING,24.04,7.04,LIGHT,85.61,LOW,RUNNING,27.11,55.0,209.3,0.25,22.0,COOLING,0.25,22.0,COOLING,0.25,22.0,COOLING,0.25,22.0,COOLING,21.475,21.559,23.977,21.559,22.143,23.977,21.475,2.502,327.58,159.99,161.96,164.31,170.0,170.0,1360.0,170.0,199.6,250.14,250.65,250.14,55.65,255.97,-567.6,255.97,875.0,875.0,875.0,875.0,-122.17,-38.9,330.01,-34.58,813.84,1870.0,950.53,3500.0,134.36,0.0,0.997,1.0,0.0,22.5,TARGETED_EAST_OCCUPANCY_COOL,15.8052
2,Occupancy Concentration,0,177,1770.0,22,2,2,16,2,21.86,6.28,LIGHT,81.75,LOW,RUNNING,21.0,5.5,LIGHT,79.5,LOW,RUNNING,23.68,7.76,LIGHT,86.24,LOW,RUNNING,21.74,5.28,LIGHT,80.09,LOW,RUNNING,18.58,4.0,LIGHT,74.22,LOW,RUNNING,23.3,7.68,LIGHT,85.64,LOW,RUNNING,22.17,6.65,LIGHT,82.69,LOW,RUNNING,21.34,5.48,LIGHT,79.89,LOW,RUNNING,20.7,5.17,LIGHT,78.63,LOW,RUNNING,23.91,6.92,LIGHT,85.27,LOW,RUNNING,27.11,55.0,209.5,0.25,22.0,COOLING,0.25,22.0,COOLING,0.25,22.0,COOLING,0.25,22.0,COOLING,21.473,21.558,23.984,21.558,22.143,23.984,21.473,2.511,327.58,159.86,162.58,163.9,170.0,170.0,1360.0,170.0,199.71,250.29,250.67,250.29,56.01,256.74,-569.49,256.74,875.0,875.0,875.0,875.0,-121.7,-38.11,328.76,-34.07,813.92,1870.0,950.96,3500.0,134.88,0.0,0.997,1.0,0.0,22.5,TARGETED_EAST_OCCUPANCY_COOL,15.9012
2,Occupancy Concentration,0,178,1780.0,22,2,2,16,2,22.02,6.37,LIGHT,82.08,LOW,RUNNING,21.1,5.48,LIGHT,79.59,LOW,RUNNING,23.63,7.65,LIGHT,86.01,LOW,RUNNING,21.58,5.18,LIGHT,79.74,LOW,RUNNING,18.46,4.0,LIGHT,74.08,LOW,RUNNING,23.34,7.78,LIGHT,85.84,LOW,RUNNING,22.33,6.76,LIGHT,83.05,LOW,RUNNING,21.48,5.5,LIGHT,80.1,LOW,RUNNING,20.69,5.08,LIGHT,78.48,LOW,RUNNING,23.77,6.8,LIGHT,84.91,LOW,RUNNING,27.12,55.0,209.7,0.25,22.0,COOLING,0.25,22.0,COOLING,0.25,22.0,COOLING,0.25,22.0,COOLING,21.471,21.557,23.991,21.557,22.144,23.991,21.471,2.52,327.42,159.92,163.15,163.39,170.0,170.0,1360.0,170.0,200.05,250.64,250.91,250.64,56.37,257.51,-571.39,257.51,875.0,875.0,875.0,875.0,-121.16,-36.93,327.67,-33.46,813.88,1870.0,952.24,3500.0,136.12,0.0,0.998,1.0,0.0,22.5,TARGETED_EAST_OCCUPANCY_COOL,15.9973
2,Occupancy Concentration,0,179,1790.0,22,2,2,16,2,22.19,6.44,LIGHT,82.4,LOW,RUNNING,21.17,5.44,LIGHT,79.62,LOW,RUNNING,23.53,7.53,LIGHT,85.71,LOW,RUNNING,21.41,5.1,LIGHT,79.41,LOW,RUNNING,18.37,4.03,LIGHT,74.01,LOW,RUNNING,23.41,7.9,LIGHT,86.11,LOW,RUNNING,22.49,6.86,LIGHT,83.4,LOW,RUNNING,21.59,5.49,LIGHT,80.22,LOW,RUNNING,20.64,4.97,LIGHT,78.25,LOW,RUNNING,23.6,6.7,LIGHT,84.55,LOW,RUNNING,27.12,55.0,209.8,0.25,22.0,COOLING,0.25,22.0,COOLING,0.25,22.0,COOLING,0.25,22.0,COOLING,21.469,21.556,23.998,21.556,22.145,23.998,21.469,2.529,327.14,160.12,163.62,162.8,170.0,170.0,1360.0,170.0,200.12,250.72,250.84,250.72,56.72,258.28,-573.28,258.28,875.0,875.0,875.0,875.0,-121.02,-35.88,326.18,-33.2,813.68,1870.0,952.4,3500.0,136.08,0.0,0.998,1.0,0.0,22.5,TARGETED_EAST_OCCUPANCY_COOL,16.0936
2,Occupancy Concentration,0,180,1800.0,22,2,2,16,2,22.35,6.48,LIGHT,82.66,LOW,RUNNING,21.2,5.37,LIGHT,79.56,LOW,RUNNING,23.41,7.41,LIGHT,85.38,LOW,RUNNING,21.24,5.04,LIGHT,79.11,LOW,RUNNING,18.31,4.09,LIGHT,74.02,LOW,RUNNING,23.51,8.02,LIGHT,86.42,LOW,RUNNING,22.66,6.93,LIGHT,83.72,LOW,RUNNING,21.66,5.45,LIGHT,80.25,LOW,RUNNING,20.55,4.85,LIGHT,77.96,LOW,RUNNING,23.44,6.61,LIGHT,84.22,LOW,RUNNING,27.12,55.0,210.0,0.25,22.0,COOLING,0.25,22.0,COOLING,0.25,22.0,COOLING,0.25,22.0,COOLING,21.467,21.555,24.005,21.555,22.145,24.005,21.467,2.538,326.71,160.44,163.97,162.18,170.0,170.0,1360.0,170.0,200.25,250.88,250.87,250.88,57.07,259.05,-575.17,259.05,875.0,875.0,875.0,875.0,-120.97,-34.63,324.67,-32.89,813.3,1870.0,952.88,3500.0,136.18,0.0,0.999,1.0,0.0,22.5,TARGETED_EAST_OCCUPANCY_COOL,16.19
2,Occupancy Concentration,0,181,1810.0,22,2,2,16,2,22.48,6.5,LIGHT,82.85,LOW,RUNNING,21.19,5.28,LIGHT,79.41,LOW,RUNNING,23.26,7.3,LIGHT,85.03,LOW,RUNNING,21.1,5.01,LIGHT,78.89,LOW,RUNNING,18.3,4.17,LIGHT,74.13,LOW,RUNNING,23.65,8.14,LIGHT,86.77,LOW,RUNNING,22.82,6.98,LIGHT,84.0,LOW,RUNNING,21.7,5.38,LIGHT,80.19,LOW,RUNNING,20.43,4.73,LIGHT,77.63,LOW,RUNNING,23.27,6.55,LIGHT,83.91,LOW,RUNNING,27.13,55.0,210.2,0.25,22.0,COOLING,0.25,22.0,COOLING,0.25,22.0,COOLING,0.25,22.0,COOLING,21.465,21.554,24.012,21.554,22.146,24.012,21.465,2.547,326.18,160.9,164.19,161.54,170.0,170.0,1360.0,170.0,200.58,251.24,251.11,251.24,57.43,259.82,-577.07,259.82,875.0,875.0,875.0,875.0,-120.81,-33.04,323.23,-32.4,812.81,1870.0,954.17,3500.0,136.98,0.0,1.0,1.0,0.0,22.5,TARGETED_EAST_OCCUPANCY_COOL,16.2864
2,Occupancy Concentration,0,182,1820.0,22,2,2,16,2,22.59,6.49,LIGHT,82.97,LOW,RUNNING,21.14,5.17,LIGHT,79.18,LOW,RUNNING,23.1,7.19,LIGHT,84.66,LOW,RUNNING,20.97,5.0,LIGHT,78.71,LOW,RUNNING,18.33,4.27,LIGHT,74.32,LOW,RUNNING,23.8,8.25,LIGHT,87.12,LOW,RUNNING,22.96,7.0,LIGHT,84.2,LOW,RUNNING,21.69,5.29,LIGHT,80.05,LOW,RUNNING,20.29,4.62,LIGHT,77.29,LOW,RUNNING,23.12,6.51,LIGHT,83.67,LOW,RUNNING,27.13,55.0,210.3,0.25,22.0,COOLING,0.25,22.0,COOLING,0.25,22.0,COOLING,0.25,22.0,COOLING,21.463,21.553,24.019,21.553,22.147,24.019,21.463,2.556,325.52,161.44,164.25,160.96,170.0,170.0,1360.0,170.0,200.66,251.32,251.05,251.32,57.78,260.59,-578.97,260.59,875.0,875.0,875.0,875.0,-121.04,-31.65,321.33,-32.13,812.17,1870.0,954.35,3500.0,136.51,0.0,1.0,1.0,0.0,22.5,TARGETED_EAST_OCCUPANCY_COOL,16.3831
2,Occupancy Concentration,0,183,1830.0,22,2,2,16,2,22.66,6.45,LIGHT,83.0,LOW,RUNNING,21.05,5.05,LIGHT,78.89,LOW,RUNNING,22.93,7.11,LIGHT,84.33,LOW,RUNNING,20.88,5.03,LIGHT,78.64,LOW,RUNNING,18.4,4.38,LIGHT,74.57,LOW,RUNNING,23.97,8.34,LIGHT,87.47,LOW,RUNNING,23.07,6.99,LIGHT,84.32,LOW,RUNNING,21.65,5.19,LIGHT,79.85,LOW,RUNNING,20.13,4.51,LIGHT,76.93,LOW,RUNNING,22.99,6.5,LIGHT,83.49,LOW,RUNNING,27.14,55.0,210.5,0.25,22.0,COOLING,0.25,22.0,COOLING,0.25,22.0,COOLING,0.25,22.0,COOLING,21.461,21.552,24.026,21.552,22.148,24.026,21.461,2.565,324.86,162.04,164.17,160.42,170.0,170.0,1360.0,170.0,201.0,251.68,251.29,251.68,58.14,261.36,-580.86,261.36,875.0,875.0,875.0,875.0,-121.0,-29.92,319.6,-31.54,811.49,1870.0,955.65,3500.0,137.14,0.0,1.0,0.999,0.0,22.5,TARGETED_EAST_OCCUPANCY_COOL,16.4798
2,Occupancy Concentration,0,184,1840.0,22,2,2,16,2,22.7,6.38,LIGHT,82.94,LOW,RUNNING,20.93,4.93,LIGHT,78.56,LOW,RUNNING,22.77,7.05,LIGHT,84.04,LOW,RUNNING,20.82,5.08,LIGHT,78.65,LOW,RUNNING,18.5,4.5,LIGHT,74.88,LOW,RUNNING,24.14,8.42,LIGHT,87.8,LOW,RUNNING,23.15,6.95,LIGHT,84.36,LOW,RUNNING,21.57,5.07,LIGHT,79.57,LOW,RUNNING,19.96,4.42,LIGHT,76.58,LOW,RUNNING,22.89,6.52,LIGHT,83.39,LOW,RUNNING,27.14,55.0,210.7,0.25,22.0,COOLING,0.25,22.0,COOLING,0.25,22.0,COOLING,0.25,22.0,COOLING,21.459,21.551,24.032,21.551,22.148,24.032,21.459,2.573,324.19,162.68,163.93,159.97,170.0,170.0,1360.0,170.0,201.11,251.83,251.31,251.83,58.5,262.13,-582.76,262.13,875.0,875.0,875.0,875.0,-121.2,-28.36,317.48,-31.07,810.77,1870.0,956.08,3500.0,136.85,0.0,1.0,0.998,0.0,22.5,TARGETED_EAST_OCCUPANCY_COOL,16.5647
2,Occupancy Concentration,0,185,1850.0,22,2,2,16,2,22.69,6.29,LIGHT,82.8,LOW,RUNNING,20.78,4.81,LIGHT,78.19,LOW,RUNNING,22.61,7.01,LIGHT,83.78,LOW,RUNNING,20.8,5.16,LIGHT,78.74,LOW,RUNNING,18.63,4.62,LIGHT,75.22,LOW,RUNNING,24.3,8.47,LIGHT,88.08,LOW,RUNNING,23.19,6.89,LIGHT,84.32,LOW,RUNNING,21.45,4.95,LIGHT,79.24,LOW,RUNNING,19.79,4.35,LIGHT,76.26,LOW,RUNNING,22.83,6.57,LIGHT,83.39,LOW,RUNNING,27.14,55.0,210.8,0.25,22.0,COOLING,0.25,22.0,COOLING,0.25,22.0,COOLING,0.25,22.0,COOLING,21.457,21.55,24.038,21.55,22.149,24.038,21.457,2.581,323.51,163.3,163.56,159.65,170.0,170.0,1360.0,170.0,201.19,251.91,251.27,251.91,58.83,262.79,-584.42,262.79,875.0,875.0,875.0,875.0,-121.47,-27.0,315.41,-30.65,810.02,1870.0,956.28,3500.0,136.29,0.0,1.0,0.997,0.0,22.5,TARGETED_EAST_OCCUPANCY_COOL,16.6501
2,Occupancy Concentration,0,186,1860.0,22,2,2,16,2,22.65,6.18,LIGHT,82.58,LOW,RUNNING,20.62,4.71,LIGHT,77.84,LOW,RUNNING,22.49,7.0,LIGHT,83.61,LOW,RUNNING,20.82,5.25,LIGHT,78.9,LOW,RUNNING,18.78,4.73,LIGHT,75.57,LOW,RUNNING,24.44,8.5,LIGHT,88.3,LOW,RUNNING,23.2,6.81,LIGHT,84.22,LOW,RUNNING,21.31,4.83,LIGHT,78.88,LOW,RUNNING,19.64,4.31,LIGHT,76.02,LOW,RUNNING,22.8,6.64,LIGHT,83.46,LOW,RUNNING,27.15,55.0,211.0,0.25,22.0,COOLING,0.25,22.0,COOLING,0.25,22.0,COOLING,0.25,22.0,COOLING,21.455,21.549,24.044,21.549,22.149,24.044,21.455,2.589,322.93,163.87,163.1,159.48,170.0,170.0,1360.0,170.0,201.52,252.28,251.53,252.28,59.17,263.45,-586.07,263.45,875.0,875.0,875.0,875.0,-121.38,-25.4,313.56,-29.79,809.38,1870.0,957.61,3500.0,136.99,0.0,1.0,0.997,0.0,22.5,TARGETED_EAST_OCCUPANCY_COOL,16.7354
2,Occupancy Concentration,0,187,1870.0,22,2,2,16,2,22.56,6.07,LIGHT,82.31,LOW,RUNNING,20.45,4.62,LIGHT,77.49,LOW,RUNNING,22.39,7.02,LIGHT,83.52,LOW,RUNNING,20.88,5.36,LIGHT,79.14,LOW,RUNNING,18.95,4.83,LIGHT,75.93,LOW,RUNNING,24.56,8.49,LIGHT,88.44,LOW,RUNNING,23.16,6.7,LIGHT,84.0,LOW,RUNNING,21.15,4.72,LIGHT,78.52,LOW,RUNNING,19.51,4.3,LIGHT,75.84,LOW,RUNNING,22.82,6.74,LIGHT,83.64,LOW,RUNNING,27.15,55.0,211.2,0.25,22.0,COOLING,0.25,22.0,COOLING,0.25,22.0,COOLING,0.25,22.0,COOLING,21.453,21.549,24.05,21.548,22.15,24.05,21.453,2.597,322.46,164.37,162.52,159.48,170.0,170.0,1360.0,170.0,201.64,252.42,251.58,252.42,59.52,264.11,-587.74,264.11,875.0,875.0,875.0,875.0,-121.38,-24.1,311.36,-28.99,808.83,1870.0,958.06,3500.0,136.89,0.0,1.0,0.991,0.0,22.5,TARGETED_EAST_OCCUPANCY_COOL,16.8151
2,Occupancy Concentration,0,188,1880.0,22,2,2,16,2,22.45,5.95,LIGHT,81.99,LOW,RUNNING,20.29,4.55,LIGHT,77.19,LOW,RUNNING,22.32,7.07,LIGHT,83.51,LOW,RUNNING,20.98,5.48,LIGHT,79.44,LOW,RUNNING,19.12,4.91,LIGHT,76.27,LOW,RUNNING,24.64,8.46,LIGHT,88.49,LOW,RUNNING,23.08,6.59,LIGHT,83.73,LOW,RUNNING,20.98,4.63,LIGHT,78.17,LOW,RUNNING,19.4,4.32,LIGHT,75.73,LOW,RUNNING,22.87,6.84,LIGHT,83.85,LOW,RUNNING,27.15,55.0,211.3,0.25,22.0,COOLING,0.25,22.0,COOLING,0.25,22.0,COOLING,0.25,22.0,COOLING,21.451,21.549,24.056,21.547,22.151,24.056,21.451,2.605,322.13,164.76,161.9,159.58,170.0,170.0,1360.0,170.0,201.73,252.48,251.54,252.5,59.96,264.54,-589.29,264.79,875.0,875.0,875.0,875.0,-121.18,-23.22,309.15,-28.13,808.37,1870.0,958.25,3500.0,136.62,0.0,1.0,0.985,0.0,22.5,TARGETED_EAST_OCCUPANCY_COOL,16.8953
2,Occupancy Concentration,0,189,1890.0,22,2,2,16,2,22.3,5.83,LIGHT,81.62,LOW,RUNNING,20.13,4.51,LIGHT,76.93,LOW,RUNNING,22.3,7.14,LIGHT,83.58,LOW,RUNNING,21.11,5.6,LIGHT,79.79,LOW,RUNNING,19.28,4.97,LIGHT,76.55,LOW,RUNNING,24.69,8.4,LIGHT,88.46,LOW,RUNNING,22.97,6.47,LIGHT,83.42,LOW,RUNNING,20.82,4.56,LIGHT,77.87,LOW,RUNNING,19.33,4.36,LIGHT,75.7,LOW,RUNNING,22.96,6.96,LIGHT,84.14,LOW,RUNNING,27.16,55.0,211.5,0.25,22.0,COOLING,0.25,22.0,COOLING,0.25,22.0,COOLING,0.25,22.0,COOLING,21.449,21.549,24.062,21.546,22.151,24.062,21.449,2.613,321.92,165.01,161.29,159.84,170.0,170.0,1360.0,170.0,202.05,252.83,251.8,252.87,60.41,264.96,-590.84,265.46,875.0,875.0,875.0,875.0,-120.62,-22.2,307.25,-26.83,808.06,1870.0,959.55,3500.0,137.6,0.0,1.0,0.979,0.0,22.5,TARGETED_EAST_OCCUPANCY_COOL,16.9757
2,Occupancy Concentration,0,190,1900.0,22,2,2,16,2,22.14,5.72,LIGHT,81.25,LOW,RUNNING,20.0,4.5,LIGHT,76.75,LOW,RUNNING,22.32,7.24,LIGHT,83.76,LOW,RUNNING,21.26,5.72,LIGHT,80.16,LOW,RUNNING,19.42,5.0,LIGHT,76.78,LOW,RUNNING,24.7,8.32,LIGHT,88.36,LOW,RUNNING,22.83,6.35,LIGHT,83.06,LOW,RUNNING,20.66,4.52,LIGHT,77.61,LOW,RUNNING,19.3,4.43,LIGHT,75.77,LOW,RUNNING,23.09,7.08,LIGHT,84.48,LOW,RUNNING,27.16,55.0,211.7,0.25,22.0,COOLING,0.25,22.0,COOLING,0.25,22.0,COOLING,0.25,22.0,COOLING,21.447,21.549,24.068,21.545,22.152,24.068,21.447,2.621,321.92,165.14,160.67,160.25,170.0,170.0,1360.0,170.0,202.18,252.95,251.85,253.01,60.86,265.39,-592.39,266.14,875.0,875.0,875.0,875.0,-120.04,-21.52,305.13,-25.6,807.98,1870.0,959.99,3500.0,137.97,0.0,1.0,0.974,0.0,22.5,TARGETED_EAST_OCCUPANCY_COOL,17.0563
2,Occupancy Concentration,0,191,1910.0,22,2,2,16,2,21.98,5.63,LIGHT,80.92,LOW,RUNNING,19.9,4.52,LIGHT,76.66,LOW,RUNNING,22.37,7.35,LIGHT,83.99,LOW,RUNNING,21.42,5.82,LIGHT,80.51,LOW,RUNNING,19.54,5.0,LIGHT,76.92,LOW,RUNNING,24.66,8.22,LIGHT,88.16,LOW,RUNNING,22.67,6.24,LIGHT,82.7,LOW,RUNNING,20.52,4.5,LIGHT,77.4,LOW,RUNNING,19.31,4.52,LIGHT,75.92,LOW,RUNNING,23.23,7.2,LIGHT,84.84,LOW,RUNNING,27.16,55.0,211.8,0.25,22.0,COOLING,0.25,22.0,COOLING,0.25,22.0,COOLING,0.25,22.0,COOLING,21.445,21.549,24.074,21.545,22.153,24.074,21.445,2.629,322.08,165.08,160.1,160.76,170.0,170.0,1360.0,170.0,202.25,253.02,251.8,253.1,61.32,265.81,-593.94,266.81,875.0,875.0,875.0,875.0,-119.35,-21.09,302.96,-24.33,808.02,1870.0,960.17,3500.0,138.19,0.0,1.0,0.974,0.0,22.5,TARGETED_EAST_OCCUPANCY_COOL,17.1288
2,Occupancy Concentration,0,192,1920.0,22,2,2,16,2,21.81,5.56,LIGHT,80.6,LOW,RUNNING,19.83,4.56,LIGHT,76.63,LOW,RUNNING,22.47,7.47,LIGHT,84.29,LOW,RUNNING,21.59,5.9,LIGHT,80.84,LOW,RUNNING,19.63,4.97,LIGHT,76.99,LOW,RUNNING,24.59,8.1,LIGHT,87.89,LOW,RUNNING,22.51,6.14,LIGHT,82.35,LOW,RUNNING,20.41,4.51,LIGHT,77.28,LOW,RUNNING,19.36,4.63,LIGHT,76.15,LOW,RUNNING,23.4,7.3,LIGHT,85.2,LOW,RUNNING,27.17,55.0,212.0,0.25,22.0,COOLING,0.25,22.0,COOLING,0.25,22.0,COOLING,0.25,22.0,COOLING,21.443,21.549,24.08,21.545,22.154,24.08,21.443,2.637,322.36,164.88,159.63,161.35,170.0,170.0,1360.0,170.0,202.59,253.35,252.06,253.44,61.88,266.25,-595.38,267.25,875.0,875.0,875.0,875.0,-118.17,-20.52,301.31,-22.96,808.22,1870.0,961.44,3500.0,139.66,0.0,1.0,0.975,0.0,22.5,TARGETED_EAST_OCCUPANCY_COOL,17.2019
2,Occupancy Concentration,0,193,1930.0,22,2,2,16,2,21.65,5.52,LIGHT,80.34,LOW,RUNNING,19.8,4.63,LIGHT,76.69,LOW,RUNNING,22.59,7.59,LIGHT,84.62,LOW,RUNNING,21.76,5.96,LIGHT,81.14,LOW,RUNNING,19.69,4.91,LIGHT,76.98,LOW,RUNNING,24.49,7.98,LIGHT,87.58,LOW,RUNNING,22.34,6.07,LIGHT,82.03,LOW,RUNNING,20.34,4.55,LIGHT,77.25,LOW,RUNNING,19.45,4.75,LIGHT,76.44,LOW,RUNNING,23.56,7.39,LIGHT,85.53,LOW,RUNNING,27.17,55.0,212.2,0.25,22.0,COOLING,0.25,22.0,COOLING,0.25,22.0,COOLING,0.25,22.0,COOLING,21.441,21.549,24.086,21.545,22.155,24.086,21.441,2.645,322.79,164.56,159.28,161.97,170.0,170.0,1360.0,170.0,202.71,253.47,252.11,253.56,62.43,266.69,-596.81,267.69,875.0,875.0,875.0,875.0,-117.07,-20.28,299.58,-21.78,808.6,1870.0,961.85,3500.0,140.45,0.0,1.0,0.976,0.0,22.5,TARGETED_EAST_OCCUPANCY_COOL,17.2756
2,Occupancy Concentration,0,194,1940.0,22,2,2,16,2,21.52,5.5,LIGHT,80.15,LOW,RUNNING,19.81,4.72,LIGHT,76.84,LOW,RUNNING,22.74,7.7,LIGHT,84.97,LOW,RUNNING,21.9,5.99,LIGHT,81.36,LOW,RUNNING,19.7,4.83,LIGHT,76.87,LOW,RUNNING,24.35,7.86,LIGHT,87.23,LOW,RUNNING,22.18,6.02,LIGHT,81.75,LOW,RUNNING,20.3,4.62,LIGHT,77.31,LOW,RUNNING,19.57,4.87,LIGHT,76.77,LOW,RUNNING,23.73,7.45,LIGHT,85.84,LOW,RUNNING,27.17,55.0,212.3,0.25,22.0,COOLING,0.25,22.0,COOLING,0.25,22.0,COOLING,0.25,22.0,COOLING,21.439,21.549,24.092,21.545,22.156,24.092,21.439,2.653,323.32,164.1,159.06,162.61,170.0,170.0,1360.0,170.0,202.78,253.54,252.07,253.63,63.0,267.13,-598.25,268.13,875.0,875.0,875.0,875.0,-115.9,-20.23,297.88,-20.63,809.09,1870.0,962.02,3500.0,141.12,0.0,1.0,0.976,0.0,22.5,TARGETED_EAST_OCCUPANCY_COOL,17.3497
2,Occupancy Concentration,0,195,1950.0,22,2,2,16,2,21.41,5.51,LIGHT,80.03,LOW,RUNNING,19.86,4.83,LIGHT,77.07,LOW,RUNNING,22.9,7.81,LIGHT,85.34,LOW,RUNNING,22.03,6.0,LIGHT,81.54,LOW,RUNNING,19.67,4.73,LIGHT,76.68,LOW,RUNNING,24.2,7.75,LIGHT,86.88,LOW,RUNNING,22.04,6.0,LIGHT,81.55,LOW,RUNNING,20.31,4.71,LIGHT,77.45,LOW,RUNNING,19.71,4.98,LIGHT,77.11,LOW,RUNNING,23.88,7.49,LIGHT,86.08,LOW,RUNNING,27.18,55.0,212.5,0.25,22.0,COOLING,0.25,22.0,COOLING,0.25,22.0,COOLING,0.25,22.0,COOLING,21.437,21.549,24.098,21.545,22.157,24.098,21.437,2.661,323.98,163.56,159.0,163.19,170.0,170.0,1360.0,170.0,203.12,253.88,252.33,253.96,63.56,267.57,-599.69,268.57,875.0,875.0,875.0,875.0,-114.34,-19.99,296.64,-19.28,809.73,1870.0,963.29,3500.0,143.03,0.0,1.0,0.977,0.0,22.5,TARGETED_EAST_OCCUPANCY_COOL,17.4242
2,Occupancy Concentration,0,196,1960.0,22,2,2,16,2,21.34,5.55,LIGHT,80.0,LOW,RUNNING,19.95,4.95,LIGHT,77.36,LOW,RUNNING,23.07,7.89,LIGHT,85.67,LOW,RUNNING,22.12,5.97,LIGHT,81.61,LOW,RUNNING,19.6,4.62,LIGHT,76.43,LOW,RUNNING,24.03,7.66,LIGHT,86.53,LOW,RUNNING,21.93,6.01,LIGHT,81.43,LOW,RUNNING,20.35,4.81,LIGHT,77.65,LOW,RUNNING,19.87,5.09,LIGHT,77.47,LOW,RUNNING,24.01,7.5,LIGHT,86.26,LOW,RUNNING,27.18,55.0,212.7,0.25,22.0,COOLING,0.25,22.0,COOLING,0.25,22.0,COOLING,0.25,22.0,COOLING,21.435,21.549,24.104,21.545,22.158,24.104,21.435,2.669,324.64,162.96,159.08,163.73,170.0,170.0,1360.0,170.0,203.23,254.01,252.37,254.09,64.11,268.01,-601.13,269.01,875.0,875.0,875.0,875.0,-113.02,-20.02,295.32,-18.17,810.41,1870.0,963.7,3500.0,144.11,0.0,1.0,0.978,0.0,22.5,TARGETED_EAST_OCCUPANCY_COOL,17.4993
2,Occupancy Concentration,0,197,1970.0,22,2,2,16,2,21.3,5.62,LIGHT,80.06,LOW,RUNNING,20.07,5.07,LIGHT,77.69,LOW,RUNNING,23.23,7.95,LIGHT,85.96,LOW,RUNNING,22.18,5.92,LIGHT,81.6,LOW,RUNNING,19.5,4.5,LIGHT,76.12,LOW,RUNNING,23.86,7.58,LIGHT,86.2,LOW,RUNNING,21.85,6.05,LIGHT,81.39,LOW,RUNNING,20.43,4.93,LIGHT,77.93,LOW,RUNNING,20.04,5.18,LIGHT,77.82,LOW,RUNNING,24.11,7.48,LIGHT,86.36,LOW,RUNNING,27.18,55.0,212.8,0.25,22.0,COOLING,0.25,22.0,COOLING,0.25,22.0,COOLING,0.25,22.0,COOLING,21.433,21.549,24.11,21.545,22.159,24.11,21.433,2.677,325.31,162.32,159.32,164.18,170.0,170.0,1360.0,170.0,203.32,254.07,252.33,254.15,64.68,268.45,-602.57,269.45,875.0,875.0,875.0,875.0,-111.69,-20.16,294.08,-17.22,811.13,1870.0,963.87,3500.0,145.01,0.0,1.0,0.979,0.0,22.5,TARGETED_EAST_OCCUPANCY_COOL,17.5749
2,Occupancy Concentration,0,198,1980.0,22,2,2,16,2,21.31,5.71,LIGHT,80.2,LOW,RUNNING,20.22,5.19,LIGHT,78.06,LOW,RUNNING,23.39,7.99,LIGHT,86.22,LOW,RUNNING,22.2,5.84,LIGHT,81.51,LOW,RUNNING,19.37,4.38,LIGHT,75.78,LOW,RUNNING,23.7,7.53,LIGHT,85.92,LOW,RUNNING,21.81,6.11,LIGHT,81.43,LOW,RUNNING,20.55,5.05,LIGHT,78.26,LOW,RUNNING,20.21,5.25,LIGHT,78.14,LOW,RUNNING,24.17,7.43,LIGHT,86.36,LOW,RUNNING,27.19,55.0,213.0,0.25,22.0,COOLING,0.25,22.0,COOLING,0.25,22.0,COOLING,0.25,22.0,COOLING,21.431,21.549,24.116,21.545,22.16,24.116,21.431,2.685,325.99,161.7,159.69,164.5,170.0,170.0,1360.0,170.0,203.66,254.4,252.6,254.49,65.24,268.89,-604.01,269.89,875.0,875.0,875.0,875.0,-110.11,-20.01,293.28,-16.12,811.88,1870.0,965.15,3500.0,147.04,0.0,1.0,0.979,0.0,22.5,TARGETED_EAST_OCCUPANCY_COOL,17.651
2,Occupancy Concentration,0,199,1990.0,22,2,2,16,2,21.35,5.82,LIGHT,80.42,LOW,RUNNING,20.38,5.29,LIGHT,78.41,LOW,RUNNING,23.51,8.0,LIGHT,86.39,LOW,RUNNING,22.18,5.75,LIGHT,81.35,LOW,RUNNING,19.22,4.27,LIGHT,75.43,LOW,RUNNING,23.56,7.5,LIGHT,85.7,LOW,RUNNING,21.8,6.19,LIGHT,81.53,LOW,RUNNING,20.69,5.17,LIGHT,78.62,LOW,RUNNING,20.36,5.29,LIGHT,78.39,LOW,RUNNING,24.2,7.36,LIGHT,86.29,LOW,RUNNING,27.19,55.0,213.2,0.25,22.0,COOLING,0.25,22.0,COOLING,0.25,22.0,COOLING,0.25,22.0,COOLING,21.429,21.549,24.122,21.545,22.161,24.122,21.429,2.693,326.57,161.13,160.15,164.68,170.0,170.0,1360.0,170.0,203.77,254.53,252.64,254.62,65.79,269.33,-605.45,270.33,875.0,875.0,875.0,875.0,-108.87,-20.01,292.34,-15.37,812.53,1870.0,965.56,3500.0,148.09,0.0,1.0,0.98,0.0,22.5,TARGETED_EAST_OCCUPANCY_COOL,17.7277
2,Occupancy Concentration,0,200,2000.0,22,2,2,16,2,21.44,5.93,LIGHT,80.69,LOW,RUNNING,20.55,5.38,LIGHT,78.76,LOW,RUNNING,23.61,7.98,LIGHT,86.48,LOW,RUNNING,22.12,5.64,LIGHT,81.11,LOW,RUNNING,19.05,4.17,LIGHT,75.07,LOW,RUNNING,23.44,7.51,LIGHT,85.57,LOW,RUNNING,21.84,6.3,LIGHT,81.75,LOW,RUNNING,20.85,5.28,LIGHT,78.98,LOW,RUNNING,20.49,5.3,LIGHT,78.56,LOW,RUNNING,24.18,7.26,LIGHT,86.11,LOW,RUNNING,27.19,55.0,213.3,0.25,22.0,COOLING,0.25,22.0,COOLING,0.25,22.0,COOLING,0.25,22.0,COOLING,21.427,21.549,24.128,21.545,22.162,24.128,21.427,2.701,327.04,160.64,160.73,164.67,170.0,170.0,1360.0,170.0,203.85,254.59,252.6,254.68,66.36,269.77,-606.89,270.77,875.0,875.0,875.0,875.0,-107.75,-20.0,291.44,-14.88,813.08,1870.0,965.72,3500.0,148.81,0.0,1.0,0.98,0.0,22.5,TARGETED_EAST_OCCUPANCY_COOL,17.8049
2,Occupancy Concentration,0,201,2010.0,22,2,2,16,2,21.55,6.05,LIGHT,81.01,LOW,RUNNING,20.71,5.45,LIGHT,79.06,LOW,RUNNING,23.68,7.93,LIGHT,86.49,LOW,RUNNING,22.02,5.52,LIGHT,80.81,LOW,RUNNING,18.88,4.09,LIGHT,74.73,LOW,RUNNING,23.36,7.54,LIGHT,85.51,LOW,RUNNING,21.92,6.41,LIGHT,82.02,LOW,RUNNING,21.02,5.37,LIGHT,79.33,LOW,RUNNING,20.6,5.28,LIGHT,78.67,LOW,RUNNING,24.13,7.16,LIGHT,85.9,LOW,RUNNING,27.2,55.0,213.5,0.25,22.0,COOLING,0.25,22.0,COOLING,0.25,22.0,COOLING,0.25,22.0,COOLING,21.425,21.549,24.134,21.545,22.163,24.134,21.425,2.709,327.37,160.24,161.35,164.57,170.0,170.0,1360.0,170.0,204.18,254.94,252.86,255.02,66.92,270.21,-608.33,271.21,875.0,875.0,875.0,875.0,-106.53,-19.61,290.88,-14.2,813.53,1870.0,967.0,3500.0,150.54,0.0,1.0,0.981,0.0,22.5,TARGETED_EAST_OCCUPANCY_COOL,17.8824
2,Occupancy Concentration,0,202,2020.0,22,2,2,16,2,21.7,6.17,LIGHT,81.38,LOW,RUNNING,20.87,5.49,LIGHT,79.32,LOW,RUNNING,23.7,7.86,LIGHT,86.42,LOW,RUNNING,21.89,5.4,LIGHT,80.46,LOW,RUNNING,18.72,4.03,LIGHT,74.45,LOW,RUNNING,23.31,7.6,LIGHT,85.54,LOW,RUNNING,22.03,6.53,LIGHT,82.33,LOW,RUNNING,21.18,5.44,LIGHT,79.63,LOW,RUNNING,20.67,5.24,LIGHT,78.7,LOW,RUNNING,24.04,7.04,LIGHT,85.61,LOW,RUNNING,27.2,55.0,213.7,0.25,22.0,COOLING,0.25,22.0,COOLING,0.25,22.0,COOLING,0.25,22.0,COOLING,21.423,21.549,24.14,21.545,22.164,24.14,21.423,2.717,327.58,159.99,161.96,164.31,170.0,170.0,1360.0,170.0,204.3,255.06,252.91,255.14,67.47,270.65,-609.77,271.65,875.0,875.0,875.0,875.0,-105.65,-19.3,290.1,-13.9,813.84,1870.0,967.41,3500.0,151.25,0.0,1.0,0.981,0.0,22.5,TARGETED_EAST_OCCUPANCY_COOL,17.9603
2,Occupancy Concentration,0,203,2030.0,22,2,2,16,2,21.86,6.28,LIGHT,81.75,LOW,RUNNING,21.0,5.5,LIGHT,79.5,LOW,RUNNING,23.68,7.76,LIGHT,86.24,LOW,RUNNING,21.74,5.28,LIGHT,80.09,LOW,RUNNING,18.58,4.0,LIGHT,74.22,LOW,RUNNING,23.3,7.68,LIGHT,85.64,LOW,RUNNING,22.17,6.65,LIGHT,82.69,LOW,RUNNING,21.34,5.48,LIGHT,79.89,LOW,RUNNING,20.7,5.17,LIGHT,78.63,LOW,RUNNING,23.91,6.92,LIGHT,85.27,LOW,RUNNING,27.2,55.0,213.8,0.25,22.0,COOLING,0.25,22.0,COOLING,0.25,22.0,COOLING,0.25,22.0,COOLING,21.421,21.549,24.146,21.545,22.165,24.146,21.421,2.725,327.58,159.86,162.58,163.9,170.0,170.0,1360.0,170.0,204.38,255.12,252.86,255.2,68.04,271.09,-611.22,272.09,875.0,875.0,875.0,875.0,-105.0,-18.93,289.22,-13.81,813.92,1870.0,967.56,3500.0,151.48,0.0,1.0,0.98,0.0,22.5,TARGETED_EAST_OCCUPANCY_COOL,18.0385
2,Occupancy Concentration,0,204,2040.0,22,2,2,16,2,22.02,6.37,LIGHT,82.08,LOW,RUNNING,21.1,5.48,LIGHT,79.59,LOW,RUNNING,23.63,7.65,LIGHT,86.01,LOW,RUNNING,21.58,5.18,LIGHT,79.74,LOW,RUNNING,18.46,4.0,LIGHT,74.08,LOW,RUNNING,23.34,7.78,LIGHT,85.84,LOW,RUNNING,22.33,6.76,LIGHT,83.05,LOW,RUNNING,21.48,5.5,LIGHT,80.1,LOW,RUNNING,20.69,5.08,LIGHT,78.48,LOW,RUNNING,23.77,6.8,LIGHT,84.91,LOW,RUNNING,27.21,55.0,214.0,0.25,22.0,COOLING,0.25,22.0,COOLING,0.25,22.0,COOLING,0.25,22.0,COOLING,21.419,21.549,24.152,21.545,22.166,24.152,21.419,2.733,327.42,159.92,163.15,163.39,170.0,170.0,1360.0,170.0,204.71,255.46,253.13,255.55,68.6,271.53,-612.65,272.53,875.0,875.0,875.0,875.0,-104.27,-18.09,288.63,-13.53,813.88,1870.0,968.85,3500.0,152.74,0.0,1.0,0.98,0.0,22.5,TARGETED_EAST_OCCUPANCY_COOL,18.1169
2,Occupancy Concentration,0,205,2050.0,22,2,2,16,2,22.19,6.44,LIGHT,82.4,LOW,RUNNING,21.17,5.44,LIGHT,79.62,LOW,RUNNING,23.53,7.53,LIGHT,85.71,LOW,RUNNING,21.41,5.1,LIGHT,79.41,LOW,RUNNING,18.37,4.03,LIGHT,74.01,LOW,RUNNING,23.41,7.9,LIGHT,86.11,LOW,RUNNING,22.49,6.86,LIGHT,83.4,LOW,RUNNING,21.59,5.49,LIGHT,80.22,LOW,RUNNING,20.64,4.97,LIGHT,78.25,LOW,RUNNING,23.6,6.7,LIGHT,84.55,LOW,RUNNING,27.21,55.0,214.2,0.25,22.0,COOLING,0.25,22.0,COOLING,0.25,22.0,COOLING,0.25,22.0,COOLING,21.417,21.549,24.158,21.545,22.167,24.158,21.417,2.741,327.14,160.12,163.62,162.8,170.0,170.0,1360.0,170.0,204.84,255.59,253.17,255.68,69.16,271.97,-614.1,272.97,875.0,875.0,875.0,875.0,-103.86,-17.32,287.69,-13.55,813.68,1870.0,969.28,3500.0,152.96,0.0,1.0,0.979,0.0,22.5,TARGETED_EAST_OCCUPANCY_COOL,18.1954
2,Occupancy Concentration,0,206,2060.0,22,2,2,16,2,22.35,6.48,LIGHT,82.66,LOW,RUNNING,21.2,5.37,LIGHT,79.56,LOW,RUNNING,23.41,7.41,LIGHT,85.38,LOW,RUNNING,21.24,5.04,LIGHT,79.11,LOW,RUNNING,18.31,4.09,LIGHT,74.02,LOW,RUNNING,23.51,8.02,LIGHT,86.42,LOW,RUNNING,22.66,6.93,LIGHT,83.72,LOW,RUNNING,21.66,5.45,LIGHT,80.25,LOW,RUNNING,20.55,4.85,LIGHT,77.96,LOW,RUNNING,23.44,6.61,LIGHT,84.22,LOW,RUNNING,27.22,55.0,214.3,0.25,22.0,COOLING,0.25,22.0,COOLING,0.25,22.0,COOLING,0.25,22.0,COOLING,21.415,21.549,24.164,21.545,22.168,24.164,21.415,2.749,326.71,160.44,163.97,162.18,170.0,170.0,1360.0,170.0,205.12,255.87,253.34,255.95,69.71,272.41,-615.54,273.41,875.0,875.0,875.0,875.0,-103.46,-16.28,286.77,-13.46,813.3,1870.0,970.28,3500.0,153.57,0.0,1.0,0.979,0.0,22.5,TARGETED_EAST_OCCUPANCY_COOL,18.2738
2,Occupancy Concentration,0,207,2070.0,22,2,2,16,2,22.48,6.5,LIGHT,82.85,LOW,RUNNING,21.19,5.28,LIGHT,79.41,LOW,RUNNING,23.26,7.3,LIGHT,85.03,LOW,RUNNING,21.1,5.01,LIGHT,78.89,LOW,RUNNING,18.3,4.17,LIGHT,74.13,LOW,RUNNING,23.65,8.14,LIGHT,86.77,LOW,RUNNING,22.82,6.98,LIGHT,84.0,LOW,RUNNING,21.7,5.38,LIGHT,80.19,LOW,RUNNING,20.43,4.73,LIGHT,77.63,LOW,RUNNING,23.27,6.55,LIGHT,83.91,LOW,RUNNING,27.22,55.0,214.5,0.25,22.0,COOLING,0.25,22.0,COOLING,0.25,22.0,COOLING,0.25,22.0,COOLING,21.413,21.549,24.17,21.545,22.169,24.17,21.413,2.757,326.18,160.9,164.19,161.54,170.0,170.0,1360.0,170.0,205.25,255.99,253.39,256.07,70.28,272.85,-616.98,273.85,875.0,875.0,875.0,875.0,-103.29,-15.26,285.6,-13.54,812.81,1870.0,970.7,3500.0,153.51,0.0,1.0,0.978,0.0,22.5,TARGETED_EAST_OCCUPANCY_COOL,18.3523
2,Occupancy Concentration,0,208,2080.0,22,2,2,16,2,22.59,6.49,LIGHT,82.97,LOW,RUNNING,21.14,5.17,LIGHT,79.18,LOW,RUNNING,23.1,7.19,LIGHT,84.66,LOW,RUNNING,20.97,5.0,LIGHT,78.71,LOW,RUNNING,18.33,4.27,LIGHT,74.32,LOW,RUNNING,23.8,8.25,LIGHT,87.12,LOW,RUNNING,22.96,7.0,LIGHT,84.2,LOW,RUNNING,21.69,5.29,LIGHT,80.05,LOW,RUNNING,20.29,4.62,LIGHT,77.29,LOW,RUNNING,23.12,6.51,LIGHT,83.67,LOW,RUNNING,27.22,55.0,214.7,0.25,22.0,COOLING,0.25,22.0,COOLING,0.25,22.0,COOLING,0.25,22.0,COOLING,21.411,21.549,24.176,21.545,22.17,24.176,21.411,2.765,325.52,161.44,164.25,160.96,170.0,170.0,1360.0,170.0,205.36,256.12,253.43,256.2,70.84,273.29,-618.42,274.29,875.0,875.0,875.0,875.0,-103.28,-14.15,284.26,-13.55,812.17,1870.0,971.11,3500.0,153.28,0.0,1.0,0.977,0.0,22.5,TARGETED_EAST_OCCUPANCY_COOL,18.4307
2,Occupancy Concentration,0,209,2090.0,22,2,2,16,2,22.66,6.45,LIGHT,83.0,LOW,RUNNING,21.05,5.05,LIGHT,78.89,LOW,RUNNING,22.93,7.11,LIGHT,84.33,LOW,RUNNING,20.88,5.03,LIGHT,78.64,LOW,RUNNING,18.4,4.38,LIGHT,74.57,LOW,RUNNING,23.97,8.34,LIGHT,87.47,LOW,RUNNING,23.07,6.99,LIGHT,84.32,LOW,RUNNING,21.65,5.19,LIGHT,79.85,LOW,RUNNING,20.13,4.51,LIGHT,76.93,LOW,RUNNING,22.99,6.5,LIGHT,83.49,LOW,RUNNING,27.23,55.0,214.8,0.25,22.0,COOLING,0.25,22.0,COOLING,0.25,22.0,COOLING,0.25,22.0,COOLING,21.409,21.549,24.182,21.545,22.171,24.182,21.409,2.773,324.86,162.04,164.17,160.42,170.0,170.0,1360.0,170.0,205.66,256.39,253.61,256.48,71.39,273.73,-619.85,274.73,875.0,875.0,875.0,875.0,-103.09,-12.84,282.93,-13.37,811.49,1870.0,972.14,3500.0,153.63,0.0,1.0,0.976,0.0,22.5,TARGETED_EAST_OCCUPANCY_COOL,18.5089
2,Occupancy Concentration,0,210,2100.0,22,2,2,16,2,22.7,6.38,LIGHT,82.94,LOW,RUNNING,20.93,4.93,LIGHT,78.56,LOW,RUNNING,22.77,7.05,LIGHT,84.04,LOW,RUNNING,20.82,5.08,LIGHT,78.65,LOW,RUNNING,18.5,4.5,LIGHT,74.88,LOW,RUNNING,24.14,8.42,LIGHT,87.8,LOW,RUNNING,23.15,6.95,LIGHT,84.36,LOW,RUNNING,21.57,5.07,LIGHT,79.57,LOW,RUNNING,19.96,4.42,LIGHT,76.58,LOW,RUNNING,22.89,6.52,LIGHT,83.39,LOW,RUNNING,27.23,55.0,215.0,0.25,22.0,COOLING,0.25,22.0,COOLING,0.25,22.0,COOLING,0.25,22.0,COOLING,21.407,21.549,24.188,21.545,22.172,24.188,21.407,2.781,324.19,162.68,163.93,159.97,170.0,170.0,1360.0,170.0,205.77,256.52,253.65,256.61,71.96,274.17,-621.29,275.17,875.0,875.0,875.0,875.0,-103.08,-11.63,281.29,-13.25,810.77,1870.0,972.55,3500.0,153.33,0.0,1.0,0.976,0.0,22.5,TARGETED_EAST_OCCUPANCY_COOL,18.587
2,Occupancy Concentration,0,211,2110.0,22,2,2,16,2,22.69,6.29,LIGHT,82.8,LOW,RUNNING,20.78,4.81,LIGHT,78.19,LOW,RUNNING,22.61,7.01,LIGHT,83.78,LOW,RUNNING,20.8,5.16,LIGHT,78.74,LOW,RUNNING,18.63,4.62,LIGHT,75.22,LOW,RUNNING,24.3,8.47,LIGHT,88.08,LOW,RUNNING,23.19,6.89,LIGHT,84.32,LOW,RUNNING,21.45,4.95,LIGHT,79.24,LOW,RUNNING,19.79,4.35,LIGHT,76.26,LOW,RUNNING,22.83,6.57,LIGHT,83.39,LOW,RUNNING,27.23,55.0,215.2,0.25,22.0,COOLING,0.25,22.0,COOLING,0.25,22.0,COOLING,0.25,22.0,COOLING,21.405,21.549,24.194,21.545,22.173,24.194,21.405,2.789,323.51,163.3,163.56,159.65,170.0,170.0,1360.0,170.0,205.89,256.64,253.7,256.73,72.52,274.61,-622.73,275.61,875.0,875.0,875.0,875.0,-103.08,-10.45,279.53,-13.01,810.02,1870.0,972.96,3500.0,152.99,0.0,1.0,0.975,0.0,22.5,TARGETED_EAST_OCCUPANCY_COOL,18.6651
2,Occupancy Concentration,0,212,2120.0,22,2,2,16,2,22.65,6.18,LIGHT,82.58,LOW,RUNNING,20.62,4.71,LIGHT,77.84,LOW,RUNNING,22.49,7.0,LIGHT,83.61,LOW,RUNNING,20.82,5.25,LIGHT,78.9,LOW,RUNNING,18.78,4.73,LIGHT,75.57,LOW,RUNNING,24.44,8.5,LIGHT,88.3,LOW,RUNNING,23.2,6.81,LIGHT,84.22,LOW,RUNNING,21.31,4.83,LIGHT,78.88,LOW,RUNNING,19.64,4.31,LIGHT,76.02,LOW,RUNNING,22.8,6.64,LIGHT,83.46,LOW,RUNNING,27.24,55.0,215.3,0.25,22.0,COOLING,0.25,22.0,COOLING,0.25,22.0,COOLING,0.25,22.0,COOLING,21.403,21.549,24.2,21.545,22.174,24.2,21.403,2.797,322.93,163.87,163.1,159.48,170.0,170.0,1360.0,170.0,206.19,256.92,253.88,257.0,73.07,275.05,-624.17,276.05,875.0,875.0,875.0,875.0,-102.81,-9.16,277.81,-12.47,809.38,1870.0,973.99,3500.0,153.37,0.0,1.0,0.974,0.0,22.5,TARGETED_EAST_OCCUPANCY_COOL,18.7429
2,Occupancy Concentration,0,213,2130.0,22,2,2,16,2,22.56,6.07,LIGHT,82.31,LOW,RUNNING,20.45,4.62,LIGHT,77.49,LOW,RUNNING,22.39,7.02,LIGHT,83.52,LOW,RUNNING,20.88,5.36,LIGHT,79.14,LOW,RUNNING,18.95,4.83,LIGHT,75.93,LOW,RUNNING,24.56,8.49,LIGHT,88.44,LOW,RUNNING,23.16,6.7,LIGHT,84.0,LOW,RUNNING,21.15,4.72,LIGHT,78.52,LOW,RUNNING,19.51,4.3,LIGHT,75.84,LOW,RUNNING,22.82,6.74,LIGHT,83.64,LOW,RUNNING,27.24,55.0,215.5,0.25,22.0,COOLING,0.25,22.0,COOLING,0.25,22.0,COOLING,0.25,22.0,COOLING,21.401,21.549,24.206,21.545,22.175,24.206,21.401,2.805,322.46,164.37,162.52,159.48,170.0,170.0,1360.0,170.0,206.31,257.05,253.92,257.13,73.64,275.49,-625.61,276.49,875.0,875.0,875.0,875.0,-102.59,-8.09,275.83,-11.9,808.83,1870.0,974.41,3500.0,153.25,0.0,1.0,0.974,0.0,22.5,TARGETED_EAST_OCCUPANCY_COOL,18.8207
2,Occupancy Concentration,0,214,2140.0,22,2,2,16,2,22.45,5.95,LIGHT,81.99,LOW,RUNNING,20.29,4.55,LIGHT,77.19,LOW,RUNNING,22.32,7.07,LIGHT,83.51,LOW,RUNNING,20.98,5.48,LIGHT,79.44,LOW,RUNNING,19.12,4.91,LIGHT,76.27,LOW,RUNNING,24.64,8.46,LIGHT,88.49,LOW,RUNNING,23.08,6.59,LIGHT,83.73,LOW,RUNNING,20.98,4.63,LIGHT,78.17,LOW,RUNNING,19.4,4.32,LIGHT,75.73,LOW,RUNNING,22.87,6.84,LIGHT,83.85,LOW,RUNNING,27.24,55.0,215.7,0.25,22.0,COOLING,0.25,22.0,COOLING,0.25,22.0,COOLING,0.25,22.0,COOLING,21.399,21.549,24.212,21.545,22.176,24.212,21.399,2.813,322.13,164.76,161.9,159.58,170.0,170.0,1360.0,170.0,206.43,257.17,253.97,257.25,74.2,275.93,-627.05,276.93,875.0,875.0,875.0,875.0,-102.24,-7.14,273.82,-11.24,808.37,1870.0,974.82,3500.0,153.2,0.0,1.0,0.974,0.0,22.5,TARGETED_EAST_OCCUPANCY_COOL,18.8985
2,Occupancy Concentration,0,215,2150.0,22,2,2,16,2,22.3,5.83,LIGHT,81.62,LOW,RUNNING,20.13,4.51,LIGHT,76.93,LOW,RUNNING,22.3,7.14,LIGHT,83.58,LOW,RUNNING,21.11,5.6,LIGHT,79.79,LOW,RUNNING,19.28,4.97,LIGHT,76.55,LOW,RUNNING,24.69,8.4,LIGHT,88.46,LOW,RUNNING,22.97,6.47,LIGHT,83.42,LOW,RUNNING,20.82,4.56,LIGHT,77.87,LOW,RUNNING,19.33,4.36,LIGHT,75.7,LOW,RUNNING,22.96,6.96,LIGHT,84.14,LOW,RUNNING,27.25,55.0,215.8,0.25,22.0,COOLING,0.25,22.0,COOLING,0.25,22.0,COOLING,0.25,22.0,COOLING,21.397,21.549,24.218,21.545,22.177,24.218,21.397,2.821,321.92,165.01,161.29,159.84,170.0,170.0,1360.0,170.0,206.72,257.45,254.14,257.54,74.75,276.37,-628.49,277.37,875.0,875.0,875.0,875.0,-101.61,-6.17,271.94,-10.25,808.06,1870.0,975.85,3500.0,153.91,0.0,1.0,0.974,0.0,22.5,TARGETED_EAST_OCCUPANCY_COOL,18.9763
2,Occupancy Concentration,0,216,2160.0,22,2,2,16,2,22.14,5.72,LIGHT,81.25,LOW,RUNNING,20.0,4.5,LIGHT,76.75,LOW,RUNNING,22.32,7.24,LIGHT,83.76,LOW,RUNNING,21.26,5.72,LIGHT,80.16,LOW,RUNNING,19.42,5.0,LIGHT,76.78,LOW,RUNNING,24.7,8.32,LIGHT,88.36,LOW,RUNNING,22.83,6.35,LIGHT,83.06,LOW,RUNNING,20.66,4.52,LIGHT,77.61,LOW,RUNNING,19.3,4.43,LIGHT,75.77,LOW,RUNNING,23.09,7.08,LIGHT,84.48,LOW,RUNNING,27.25,55.0,216.0,0.25,22.0,COOLING,0.25,22.0,COOLING,0.25,22.0,COOLING,0.25,22.0,COOLING,21.395,21.549,24.224,21.545,22.178,24.224,21.395,2.829,321.92,165.14,160.67,160.25,170.0,170.0,1360.0,170.0,206.84,257.57,254.19,257.66,75.32,276.81,-629.93,277.81,875.0,875.0,875.0,875.0,-100.92,-5.48,269.93,-9.28,807.98,1870.0,976.26,3500.0,154.25,0.0,1.0,0.974,0.0,22.5,TARGETED_EAST_OCCUPANCY_COOL,19.0543
2,Occupancy Concentration,0,217,2170.0,22,2,2,16,2,21.98,5.63,LIGHT,80.92,LOW,RUNNING,19.9,4.52,LIGHT,76.66,LOW,RUNNING,22.37,7.35,LIGHT,83.99,LOW,RUNNING,21.42,5.82,LIGHT,80.51,LOW,RUNNING,19.54,5.0,LIGHT,76.92,LOW,RUNNING,24.66,8.22,LIGHT,88.16,LOW,RUNNING,22.67,6.24,LIGHT,82.7,LOW,RUNNING,20.52,4.5,LIGHT,77.4,LOW,RUNNING,19.31,4.52,LIGHT,75.92,LOW,RUNNING,23.23,7.2,LIGHT,84.84,LOW,RUNNING,27.25,55.0,216.2,0.25,22.0,COOLING,0.25,22.0,COOLING,0.25,22.0,COOLING,0.25,22.0,COOLING,21.393,21.549,24.229,21.545,22.179,24.229,21.393,2.836,322.08,165.08,160.1,160.76,170.0,170.0,1360.0,170.0,206.96,257.69,254.23,257.78,75.88,277.25,-631.37,278.25,875.0,875.0,875.0,875.0,-100.08,-4.98,267.96,-8.21,808.02,1870.0,976.66,3500.0,154.69,0.0,1.0,0.974,0.0,22.5,TARGETED_EAST_OCCUPANCY_COOL,19.1193
2,Occupancy Concentration,0,218,2180.0,22,2,2,16,2,21.81,5.56,LIGHT,80.6,LOW,RUNNING,19.83,4.56,LIGHT,76.63,LOW,RUNNING,22.47,7.47,LIGHT,84.29,LOW,RUNNING,21.59,5.9,LIGHT,80.84,LOW,RUNNING,19.63,4.97,LIGHT,76.99,LOW,RUNNING,24.59,8.1,LIGHT,87.89,LOW,RUNNING,22.51,6.14,LIGHT,82.35,LOW,RUNNING,20.41,4.51,LIGHT,77.28,LOW,RUNNING,19.36,4.63,LIGHT,76.15,LOW,RUNNING,23.4,7.3,LIGHT,85.2,LOW,RUNNING,27.26,55.0,216.3,0.25,22.0,COOLING,0.25,22.0,COOLING,0.25,22.0,COOLING,0.25,22.0,COOLING,21.391,21.549,24.234,21.545,22.18,24.234,21.391,2.843,322.36,164.88,159.63,161.35,170.0,170.0,1360.0,170.0,207.25,257.98,254.43,258.06,76.42,277.58,-632.58,278.58,875.0,875.0,875.0,875.0,-98.97,-4.56,266.48,-7.01,808.22,1870.0,977.72,3500.0,155.94,0.0,1.0,0.975,0.0,22.5,TARGETED_EAST_OCCUPANCY_COOL,19.1851
2,Occupancy Concentration,0,219,2190.0,22,2,2,16,2,21.65,5.52,LIGHT,80.34,LOW,RUNNING,19.8,4.63,LIGHT,76.69,LOW,RUNNING,22.59,7.59,LIGHT,84.62,LOW,RUNNING,21.76,5.96,LIGHT,81.14,LOW,RUNNING,19.69,4.91,LIGHT,76.98,LOW,RUNNING,24.49,7.98,LIGHT,87.58,LOW,RUNNING,22.34,6.07,LIGHT,82.03,LOW,RUNNING,20.34,4.55,LIGHT,77.25,LOW,RUNNING,19.45,4.75,LIGHT,76.44,LOW,RUNNING,23.56,7.39,LIGHT,85.53,LOW,RUNNING,27.26,55.0,216.5,0.25,22.0,COOLING,0.25,22.0,COOLING,0.25,22.0,COOLING,0.25,22.0,COOLING,21.389,21.549,24.239,21.545,22.181,24.239,21.389,2.85,322.79,164.56,159.28,161.97,170.0,170.0,1360.0,170.0,207.37,258.1,254.5,258.18,76.97,277.91,-633.79,278.91,875.0,875.0,875.0,875.0,-97.87,-4.43,264.99,-5.94,808.6,1870.0,978.15,3500.0,156.75,0.0,1.0,0.976,0.0,22.5,TARGETED_EAST_OCCUPANCY_COOL,19.2514
2,Occupancy Concentration,0,220,2200.0,22,2,2,16,2,21.52,5.5,LIGHT,80.15,LOW,RUNNING,19.81,4.72,LIGHT,76.84,LOW,RUNNING,22.74,7.7,LIGHT,84.97,LOW,RUNNING,21.9,5.99,LIGHT,81.36,LOW,RUNNING,19.7,4.83,LIGHT,76.87,LOW,RUNNING,24.35,7.86,LIGHT,87.23,LOW,RUNNING,22.18,6.02,LIGHT,81.75,LOW,RUNNING,20.3,4.62,LIGHT,77.31,LOW,RUNNING,19.57,4.87,LIGHT,76.77,LOW,RUNNING,23.73,7.45,LIGHT,85.84,LOW,RUNNING,27.26,55.0,216.7,0.25,22.0,COOLING,0.25,22.0,COOLING,0.25,22.0,COOLING,0.25,22.0,COOLING,21.387,21.549,24.244,21.545,22.181,24.244,21.387,2.857,323.32,164.1,159.06,162.61,170.0,170.0,1360.0,170.0,207.49,258.23,254.56,258.31,77.51,278.24,-634.99,279.24,875.0,875.0,875.0,875.0,-96.68,-4.43,263.63,-4.84,809.09,1870.0,978.59,3500.0,157.68,0.0,1.0,0.987,0.0,22.5,TARGETED_EAST_OCCUPANCY_COOL,19.3236
2,Occupancy Concentration,0,221,2210.0,22,2,2,16,2,21.41,5.51,LIGHT,80.03,LOW,RUNNING,19.86,4.83,LIGHT,77.07,LOW,RUNNING,22.9,7.81,LIGHT,85.34,LOW,RUNNING,22.03,6.0,LIGHT,81.54,LOW,RUNNING,19.67,4.73,LIGHT,76.68,LOW,RUNNING,24.2,7.75,LIGHT,86.88,LOW,RUNNING,22.04,6.0,LIGHT,81.55,LOW,RUNNING,20.31,4.71,LIGHT,77.45,LOW,RUNNING,19.71,4.98,LIGHT,77.11,LOW,RUNNING,23.88,7.49,LIGHT,86.08,LOW,RUNNING,27.27,55.0,216.8,0.25,22.0,COOLING,0.25,22.0,COOLING,0.25,22.0,COOLING,0.25,22.0,COOLING,21.385,21.549,24.249,21.545,22.182,24.249,21.385,2.864,323.98,163.56,159.0,163.19,170.0,170.0,1360.0,170.0,207.78,258.5,254.76,258.59,78.06,278.57,-636.19,279.57,875.0,875.0,875.0,875.0,-95.18,-4.37,262.57,-3.65,809.73,1870.0,979.63,3500.0,159.37,0.0,1.0,0.999,0.0,22.5,TARGETED_EAST_OCCUPANCY_COOL,19.3961
2,Occupancy Concentration,0,222,2220.0,22,2,2,16,2,21.34,5.55,LIGHT,80.0,LOW,RUNNING,19.95,4.95,LIGHT,77.36,LOW,RUNNING,23.07,7.89,LIGHT,85.67,LOW,RUNNING,22.12,5.97,LIGHT,81.61,LOW,RUNNING,19.6,4.62,LIGHT,76.43,LOW,RUNNING,24.03,7.66,LIGHT,86.53,LOW,RUNNING,21.93,6.01,LIGHT,81.43,LOW,RUNNING,20.35,4.81,LIGHT,77.65,LOW,RUNNING,19.87,5.09,LIGHT,77.47,LOW,RUNNING,24.01,7.5,LIGHT,86.26,LOW,RUNNING,27.27,55.0,217.0,0.25,22.0,COOLING,0.25,22.0,COOLING,0.25,22.0,COOLING,0.25,22.0,COOLING,21.383,21.549,24.254,21.545,22.183,24.254,21.383,2.871,324.64,162.96,159.08,163.73,170.0,170.0,1360.0,170.0,207.91,258.62,254.83,258.71,78.6,278.9,-637.4,279.9,875.0,875.0,875.0,875.0,-93.85,-4.52,261.51,-2.66,810.41,1870.0,980.07,3500.0,160.48,0.0,1.0,1.0,0.0,22.5,TARGETED_EAST_OCCUPANCY_COOL,19.4819
2,Occupancy Concentration,0,223,2230.0,22,2,2,16,2,21.3,5.62,LIGHT,80.06,LOW,RUNNING,20.07,5.07,LIGHT,77.69,LOW,RUNNING,23.23,7.95,LIGHT,85.96,LOW,RUNNING,22.18,5.92,LIGHT,81.6,LOW,RUNNING,19.5,4.5,LIGHT,76.12,LOW,RUNNING,23.86,7.58,LIGHT,86.2,LOW,RUNNING,21.85,6.05,LIGHT,81.39,LOW,RUNNING,20.43,4.93,LIGHT,77.93,LOW,RUNNING,20.04,5.18,LIGHT,77.82,LOW,RUNNING,24.11,7.48,LIGHT,86.36,LOW,RUNNING,27.27,55.0,217.2,0.25,22.0,COOLING,0.25,22.0,COOLING,0.25,22.0,COOLING,0.25,22.0,COOLING,21.381,21.549,24.259,21.545,22.184,24.259,21.381,2.878,325.31,162.32,159.32,164.18,170.0,170.0,1360.0,170.0,208.02,258.75,254.89,258.84,79.15,279.23,-638.61,280.23,875.0,875.0,875.0,875.0,-92.52,-4.7,260.6,-1.75,811.13,1870.0,980.5,3500.0,161.63,0.0,1.0,1.0,0.0,22.5,TARGETED_EAST_OCCUPANCY_COOL,19.5696
2,Occupancy Concentration,0,224,2240.0,22,2,2,16,2,21.31,5.71,LIGHT,80.2,LOW,RUNNING,20.22,5.19,LIGHT,78.06,LOW,RUNNING,23.39,7.99,LIGHT,86.22,LOW,RUNNING,22.2,5.84,LIGHT,81.51,LOW,RUNNING,19.37,4.38,LIGHT,75.78,LOW,RUNNING,23.7,7.53,LIGHT,85.92,LOW,RUNNING,21.81,6.11,LIGHT,81.43,LOW,RUNNING,20.55,5.05,LIGHT,78.26,LOW,RUNNING,20.21,5.25,LIGHT,78.14,LOW,RUNNING,24.17,7.43,LIGHT,86.36,LOW,RUNNING,27.28,55.0,217.3,0.25,22.0,COOLING,0.25,22.0,COOLING,0.25,22.0,COOLING,0.25,22.0,COOLING,21.379,21.549,24.264,21.545,22.184,24.264,21.379,2.885,325.99,161.7,159.69,164.5,170.0,170.0,1360.0,170.0,208.32,259.03,255.09,259.11,79.69,279.56,-639.81,280.56,875.0,875.0,875.0,875.0,-91.0,-4.71,259.97,-0.83,811.88,1870.0,981.55,3500.0,163.43,0.0,1.0,1.0,0.0,22.5,TARGETED_EAST_OCCUPANCY_COOL,19.6577
2,Occupancy Concentration,0,225,2250.0,22,2,2,16,2,21.35,5.82,LIGHT,80.42,LOW,RUNNING,20.38,5.29,LIGHT,78.41,LOW,RUNNING,23.51,8.0,LIGHT,86.39,LOW,RUNNING,22.18,5.75,LIGHT,81.35,LOW,RUNNING,19.22,4.27,LIGHT,75.43,LOW,RUNNING,23.56,7.5,LIGHT,85.7,LOW,RUNNING,21.8,6.19,LIGHT,81.53,LOW,RUNNING,20.69,5.17,LIGHT,78.62,LOW,RUNNING,20.36,5.29,LIGHT,78.39,LOW,RUNNING,24.2,7.36,LIGHT,86.29,LOW,RUNNING,27.28,55.0,217.5,0.25,22.0,COOLING,0.25,22.0,COOLING,0.25,22.0,COOLING,0.25,22.0,COOLING,21.377,21.549,24.269,21.545,22.185,24.269,21.377,2.892,326.57,161.13,160.15,164.68,170.0,170.0,1360.0,170.0,208.43,259.16,255.15,259.24,80.23,279.89,-641.01,280.89,875.0,875.0,875.0,875.0,-89.77,-4.82,259.29,-0.19,812.53,1870.0,981.98,3500.0,164.51,0.0,1.0,1.0,0.0,22.5,TARGETED_EAST_OCCUPANCY_COOL,19.7466
2,Occupancy Concentration,0,226,2260.0,22,2,2,16,2,21.44,5.93,LIGHT,80.69,LOW,RUNNING,20.55,5.38,LIGHT,78.76,LOW,RUNNING,23.61,7.98,LIGHT,86.48,LOW,RUNNING,22.12,5.64,LIGHT,81.11,LOW,RUNNING,19.05,4.17,LIGHT,75.07,LOW,RUNNING,23.44,7.51,LIGHT,85.57,LOW,RUNNING,21.84,6.3,LIGHT,81.75,LOW,RUNNING,20.85,5.28,LIGHT,78.98,LOW,RUNNING,20.49,5.3,LIGHT,78.56,LOW,RUNNING,24.18,7.26,LIGHT,86.11,LOW,RUNNING,27.28,55.0,217.7,0.25,22.0,COOLING,0.25,22.0,COOLING,0.25,22.0,COOLING,0.25,22.0,COOLING,21.375,21.549,24.274,21.545,22.186,24.274,21.375,2.899,327.04,160.64,160.73,164.67,170.0,170.0,1360.0,170.0,208.55,259.28,255.23,259.36,80.78,280.22,-642.22,281.22,875.0,875.0,875.0,875.0,-88.63,-4.86,258.74,0.25,813.08,1870.0,982.42,3500.0,165.5,0.0,1.0,1.0,0.0,22.5,TARGETED_EAST_OCCUPANCY_COOL,19.836
2,Occupancy Concentration,0,227,2270.0,22,2,2,16,2,21.55,6.05,LIGHT,81.01,LOW,RUNNING,20.71,5.45,LIGHT,79.06,LOW,RUNNING,23.68,7.93,LIGHT,86.49,LOW,RUNNING,22.02,5.52,LIGHT,80.81,LOW,RUNNING,18.88,4.09,LIGHT,74.73,LOW,RUNNING,23.36,7.54,LIGHT,85.51,LOW,RUNNING,21.92,6.41,LIGHT,82.02,LOW,RUNNING,21.02,5.37,LIGHT,79.33,LOW,RUNNING,20.6,5.28,LIGHT,78.67,LOW,RUNNING,24.13,7.16,LIGHT,85.9,LOW,RUNNING,27.29,55.0,217.8,0.25,22.0,COOLING,0.25,22.0,COOLING,0.25,22.0,COOLING,0.25,22.0,COOLING,21.373,21.549,24.279,21.545,22.187,24.279,21.373,2.906,327.37,160.24,161.35,164.57,170.0,170.0,1360.0,170.0,208.84,259.55,255.41,259.64,81.33,280.55,-643.43,281.55,875.0,875.0,875.0,875.0,-87.46,-4.66,258.33,0.76,813.53,1870.0,983.44,3500.0,166.97,0.0,1.0,1.0,0.0,22.5,TARGETED_EAST_OCCUPANCY_COOL,19.9258
2,Occupancy Concentration,0,228,2280.0,22,2,2,16,2,21.7,6.17,LIGHT,81.38,LOW,RUNNING,20.87,5.49,LIGHT,79.32,LOW,RUNNING,23.7,7.86,LIGHT,86.42,LOW,RUNNING,21.89,5.4,LIGHT,80.46,LOW,RUNNING,18.72,4.03,LIGHT,74.45,LOW,RUNNING,23.31,7.6,LIGHT,85.54,LOW,RUNNING,22.03,6.53,LIGHT,82.33,LOW,RUNNING,21.18,5.44,LIGHT,79.63,LOW,RUNNING,20.67,5.24,LIGHT,78.7,LOW,RUNNING,24.04,7.04,LIGHT,85.61,LOW,RUNNING,27.29,55.0,218.0,0.25,22.0,COOLING,0.25,22.0,COOLING,0.25,22.0,COOLING,0.25,22.0,COOLING,21.371,21.549,24.284,21.545,22.187,24.284,21.371,2.913,327.58,159.99,161.96,164.31,170.0,170.0,1360.0,170.0,208.97,259.68,255.49,259.77,81.87,280.88,-644.63,281.88,875.0,875.0,875.0,875.0,-86.58,-4.45,257.82,0.96,813.84,1870.0,983.91,3500.0,167.75,0.0,1.0,1.0,0.0,22.5,TARGETED_EAST_OCCUPANCY_COOL,20.0162
2,Occupancy Concentration,0,229,2290.0,22,2,2,16,2,21.86,6.28,LIGHT,81.75,LOW,RUNNING,21.0,5.5,LIGHT,79.5,LOW,RUNNING,23.68,7.76,LIGHT,86.24,LOW,RUNNING,21.74,5.28,LIGHT,80.09,LOW,RUNNING,18.58,4.0,LIGHT,74.22,LOW,RUNNING,23.3,7.68,LIGHT,85.64,LOW,RUNNING,22.17,6.65,LIGHT,82.69,LOW,RUNNING,21.34,5.48,LIGHT,79.89,LOW,RUNNING,20.7,5.17,LIGHT,78.63,LOW,RUNNING,23.91,6.92,LIGHT,85.27,LOW,RUNNING,27.3,55.0,218.2,0.25,22.0,COOLING,0.25,22.0,COOLING,0.25,22.0,COOLING,0.25,22.0,COOLING,21.369,21.549,24.289,21.545,22.188,24.289,21.369,2.92,327.58,159.86,162.58,163.9,170.0,170.0,1360.0,170.0,209.3,260.03,255.76,260.11,82.42,281.21,-645.83,282.21,875.0,875.0,875.0,875.0,-85.7,-3.9,257.51,1.22,813.92,1870.0,985.2,3500.0,169.13,0.0,1.0,1.0,0.0,22.5,TARGETED_EAST_OCCUPANCY_COOL,20.107
2,Occupancy Concentration,0,230,2300.0,22,2,2,16,2,22.02,6.37,LIGHT,82.08,LOW,RUNNING,21.1,5.48,LIGHT,79.59,LOW,RUNNING,23.63,7.65,LIGHT,86.01,LOW,RUNNING,21.58,5.18,LIGHT,79.74,LOW,RUNNING,18.46,4.0,LIGHT,74.08,LOW,RUNNING,23.34,7.78,LIGHT,85.84,LOW,RUNNING,22.33,6.76,LIGHT,83.05,LOW,RUNNING,21.48,5.5,LIGHT,80.1,LOW,RUNNING,20.69,5.08,LIGHT,78.48,LOW,RUNNING,23.77,6.8,LIGHT,84.91,LOW,RUNNING,27.3,55.0,218.3,0.25,22.0,COOLING,0.25,22.0,COOLING,0.25,22.0,COOLING,0.25,22.0,COOLING,21.367,21.549,24.294,21.545,22.189,24.294,21.367,2.927,327.42,159.92,163.15,163.39,170.0,170.0,1360.0,170.0,209.38,260.09,255.75,260.17,82.96,281.54,-647.04,282.54,875.0,875.0,875.0,875.0,-85.24,-3.45,256.86,1.1,813.88,1870.0,985.39,3500.0,169.27,0.0,1.0,1.0,0.0,22.5,TARGETED_EAST_OCCUPANCY_COOL,20.1984
2,Occupancy Concentration,0,231,2310.0,22,2,2,16,2,22.19,6.44,LIGHT,82.4,LOW,RUNNING,21.17,5.44,LIGHT,79.62,LOW,RUNNING,23.53,7.53,LIGHT,85.71,LOW,RUNNING,21.41,5.1,LIGHT,79.41,LOW,RUNNING,18.37,4.03,LIGHT,74.01,LOW,RUNNING,23.41,7.9,LIGHT,86.11,LOW,RUNNING,22.49,6.86,LIGHT,83.4,LOW,RUNNING,21.59,5.49,LIGHT,80.22,LOW,RUNNING,20.64,4.97,LIGHT,78.25,LOW,RUNNING,23.6,6.7,LIGHT,84.55,LOW,RUNNING,27.3,55.0,218.5,0.25,22.0,COOLING,0.25,22.0,COOLING,0.25,22.0,COOLING,0.25,22.0,COOLING,21.365,21.549,24.299,21.545,22.189,24.299,21.365,2.934,327.14,160.12,163.62,162.8,170.0,170.0,1360.0,170.0,209.5,260.21,255.82,260.29,83.5,281.87,-648.24,282.87,875.0,875.0,875.0,875.0,-84.86,-2.8,256.2,0.96,813.68,1870.0,985.82,3500.0,169.5,0.0,1.0,1.0,0.0,22.5,TARGETED_EAST_OCCUPANCY_COOL,20.29
2,Occupancy Concentration,0,232,2320.0,22,2,2,16,2,22.35,6.48,LIGHT,82.66,LOW,RUNNING,21.2,5.37,LIGHT,79.56,LOW,RUNNING,23.41,7.41,LIGHT,85.38,LOW,RUNNING,21.24,5.04,LIGHT,79.11,LOW,RUNNING,18.31,4.09,LIGHT,74.02,LOW,RUNNING,23.51,8.02,LIGHT,86.42,LOW,RUNNING,22.66,6.93,LIGHT,83.72,LOW,RUNNING,21.66,5.45,LIGHT,80.25,LOW,RUNNING,20.55,4.85,LIGHT,77.96,LOW,RUNNING,23.44,6.61,LIGHT,84.22,LOW,RUNNING,27.31,55.0,218.7,0.25,22.0,COOLING,0.25,22.0,COOLING,0.25,22.0,COOLING,0.25,22.0,COOLING,21.363,21.549,24.304,21.545,22.19,24.304,21.363,2.941,326.71,160.44,163.97,162.18,170.0,170.0,1360.0,170.0,209.83,260.55,256.1,260.64,84.05,282.2,-649.45,283.2,875.0,875.0,875.0,875.0,-84.41,-1.81,255.62,1.02,813.3,1870.0,987.12,3500.0,170.42,0.0,1.0,1.0,0.0,22.5,TARGETED_EAST_OCCUPANCY_COOL,20.3817
2,Occupancy Concentration,0,233,2330.0,22,2,2,16,2,22.48,6.5,LIGHT,82.85,LOW,RUNNING,21.19,5.28,LIGHT,79.41,LOW,RUNNING,23.26,7.3,LIGHT,85.03,LOW,RUNNING,21.1,5.01,LIGHT,78.89,LOW,RUNNING,18.3,4.17,LIGHT,74.13,LOW,RUNNING,23.65,8.14,LIGHT,86.77,LOW,RUNNING,22.82,6.98,LIGHT,84.0,LOW,RUNNING,21.7,5.38,LIGHT,80.19,LOW,RUNNING,20.43,4.73,LIGHT,77.63,LOW,RUNNING,23.27,6.55,LIGHT,83.91,LOW,RUNNING,27.31,55.0,218.8,0.25,22.0,COOLING,0.25,22.0,COOLING,0.25,22.0,COOLING,0.25,22.0,COOLING,21.361,21.549,24.309,21.545,22.191,24.309,21.361,2.948,326.18,160.9,164.19,161.54,170.0,170.0,1360.0,170.0,209.91,260.61,256.08,260.7,84.6,282.53,-650.65,283.53,875.0,875.0,875.0,875.0,-84.31,-0.96,254.62,0.77,812.81,1870.0,987.3,3500.0,170.12,0.0,1.0,1.0,0.0,22.5,TARGETED_EAST_OCCUPANCY_COOL,20.4737
2,Occupancy Concentration,0,234,2340.0,22,2,2,16,2,22.59,6.49,LIGHT,82.97,LOW,RUNNING,21.14,5.17,LIGHT,79.18,LOW,RUNNING,23.1,7.19,LIGHT,84.66,LOW,RUNNING,20.97,5.0,LIGHT,78.71,LOW,RUNNING,18.33,4.27,LIGHT,74.32,LOW,RUNNING,23.8,8.25,LIGHT,87.12,LOW,RUNNING,22.96,7.0,LIGHT,84.2,LOW,RUNNING,21.69,5.29,LIGHT,80.05,LOW,RUNNING,20.29,4.62,LIGHT,77.29,LOW,RUNNING,23.12,6.51,LIGHT,83.67,LOW,RUNNING,27.31,55.0,219.0,0.25,22.0,COOLING,0.25,22.0,COOLING,0.25,22.0,COOLING,0.25,22.0,COOLING,21.359,21.549,24.314,21.545,22.192,24.314,21.359,2.955,325.52,161.44,164.25,160.96,170.0,170.0,1360.0,170.0,210.02,260.74,256.14,260.83,85.14,282.86,-651.86,283.86,875.0,875.0,875.0,875.0,-84.32,0.04,253.53,0.65,812.17,1870.0,987.73,3500.0,169.9,0.0,1.0,1.0,0.0,22.5,TARGETED_EAST_OCCUPANCY_COOL,20.5658
2,Occupancy Concentration,0,235,2350.0,22,2,2,16,2,22.66,6.45,LIGHT,83.0,LOW,RUNNING,21.05,5.05,LIGHT,78.89,LOW,RUNNING,22.93,7.11,LIGHT,84.33,LOW,RUNNING,20.88,5.03,LIGHT,78.64,LOW,RUNNING,18.4,4.38,LIGHT,74.57,LOW,RUNNING,23.97,8.34,LIGHT,87.47,LOW,RUNNING,23.07,6.99,LIGHT,84.32,LOW,RUNNING,21.65,5.19,LIGHT,79.85,LOW,RUNNING,20.13,4.51,LIGHT,76.93,LOW,RUNNING,22.99,6.5,LIGHT,83.49,LOW,RUNNING,27.32,55.0,219.2,0.25,22.0,COOLING,0.25,22.0,COOLING,0.25,22.0,COOLING,0.25,22.0,COOLING,21.357,21.549,24.319,21.545,22.192,24.319,21.357,2.962,324.86,162.04,164.17,160.42,170.0,170.0,1360.0,170.0,210.36,261.08,256.43,261.16,85.68,283.19,-653.06,284.19,875.0,875.0,875.0,875.0,-84.1,1.31,252.54,0.77,811.49,1870.0,989.03,3500.0,170.52,0.0,1.0,1.0,0.0,22.5,TARGETED_EAST_OCCUPANCY_COOL,20.6579
2,Occupancy Concentration,0,236,2360.0,22,2,2,16,2,22.7,6.38,LIGHT,82.94,LOW,RUNNING,20.93,4.93,LIGHT,78.56,LOW,RUNNING,22.77,7.05,LIGHT,84.04,LOW,RUNNING,20.82,5.08,LIGHT,78.65,LOW,RUNNING,18.5,4.5,LIGHT,74.88,LOW,RUNNING,24.14,8.42,LIGHT,87.8,LOW,RUNNING,23.15,6.95,LIGHT,84.36,LOW,RUNNING,21.57,5.07,LIGHT,79.57,LOW,RUNNING,19.96,4.42,LIGHT,76.58,LOW,RUNNING,22.89,6.52,LIGHT,83.39,LOW,RUNNING,27.32,55.0,219.3,0.25,22.0,COOLING,0.25,22.0,COOLING,0.25,22.0,COOLING,0.25,22.0,COOLING,21.355,21.549,24.324,21.545,22.193,24.324,21.355,2.969,324.19,162.68,163.93,159.97,170.0,170.0,1360.0,170.0,210.44,261.14,256.41,261.22,86.23,283.52,-654.27,284.52,875.0,875.0,875.0,875.0,-84.14,2.34,251.07,0.71,810.77,1870.0,989.21,3500.0,169.98,0.0,1.0,1.0,0.0,22.5,TARGETED_EAST_OCCUPANCY_COOL,20.7499
2,Occupancy Concentration,0,237,2370.0,22,2,2,16,2,22.69,6.29,LIGHT,82.8,LOW,RUNNING,20.78,4.81,LIGHT,78.19,LOW,RUNNING,22.61,7.01,LIGHT,83.78,LOW,RUNNING,20.8,5.16,LIGHT,78.74,LOW,RUNNING,18.63,4.62,LIGHT,75.22,LOW,RUNNING,24.3,8.47,LIGHT,88.08,LOW,RUNNING,23.19,6.89,LIGHT,84.32,LOW,RUNNING,21.45,4.95,LIGHT,79.24,LOW,RUNNING,19.79,4.35,LIGHT,76.26,LOW,RUNNING,22.83,6.57,LIGHT,83.39,LOW,RUNNING,27.32,55.0,219.5,0.25,22.0,COOLING,0.25,22.0,COOLING,0.25,22.0,COOLING,0.25,22.0,COOLING,21.353,21.549,24.329,21.545,22.194,24.329,21.353,2.976,323.51,163.3,163.56,159.65,170.0,170.0,1360.0,170.0,210.56,261.27,256.47,261.35,86.78,283.85,-655.48,284.85,875.0,875.0,875.0,875.0,-84.15,3.42,249.55,0.85,810.02,1870.0,989.65,3500.0,169.67,0.0,1.0,1.0,0.0,22.5,TARGETED_EAST_OCCUPANCY_COOL,20.8419
2,Occupancy Concentration,0,238,2380.0,22,2,2,16,2,22.65,6.18,LIGHT,82.58,LOW,RUNNING,20.62,4.71,LIGHT,77.84,LOW,RUNNING,22.49,7.0,LIGHT,83.61,LOW,RUNNING,20.82,5.25,LIGHT,78.9,LOW,RUNNING,18.78,4.73,LIGHT,75.57,LOW,RUNNING,24.44,8.5,LIGHT,88.3,LOW,RUNNING,23.2,6.81,LIGHT,84.22,LOW,RUNNING,21.31,4.83,LIGHT,78.88,LOW,RUNNING,19.64,4.31,LIGHT,76.02,LOW,RUNNING,22.8,6.64,LIGHT,83.46,LOW,RUNNING,27.33,55.0,219.7,0.25,22.0,COOLING,0.25,22.0,COOLING,0.25,22.0,COOLING,0.25,22.0,COOLING,21.351,21.549,24.334,21.545,22.195,24.334,21.351,2.983,322.93,163.87,163.1,159.48,170.0,170.0,1360.0,170.0,210.9,261.6,256.76,261.69,87.32,284.18,-656.68,285.18,875.0,875.0,875.0,875.0,-83.85,4.65,248.18,1.35,809.38,1870.0,990.95,3500.0,170.33,0.0,1.0,1.0,0.0,22.5,TARGETED_EAST_OCCUPANCY_COOL,20.9339
2,Occupancy Concentration,0,239,2390.0,22,2,2,16,2,22.56,6.07,LIGHT,82.31,LOW,RUNNING,20.45,4.62,LIGHT,77.49,LOW,RUNNING,22.39,7.02,LIGHT,83.52,LOW,RUNNING,20.88,5.36,LIGHT,79.14,LOW,RUNNING,18.95,4.83,LIGHT,75.93,LOW,RUNNING,24.56,8.49,LIGHT,88.44,LOW,RUNNING,23.16,6.7,LIGHT,84.0,LOW,RUNNING,21.15,4.72,LIGHT,78.52,LOW,RUNNING,19.51,4.3,LIGHT,75.84,LOW,RUNNING,22.82,6.74,LIGHT,83.64,LOW,RUNNING,27.33,55.0,219.8,0.25,22.0,COOLING,0.25,22.0,COOLING,0.25,22.0,COOLING,0.25,22.0,COOLING,21.349,21.549,24.339,21.545,22.195,24.339,21.349,2.99,322.46,164.37,162.52,159.48,170.0,170.0,1360.0,170.0,210.97,261.67,256.73,261.76,87.87,284.51,-657.88,285.51,875.0,875.0,875.0,875.0,-83.7,5.55,246.37,1.75,808.83,1870.0,991.13,3500.0,169.97,0.0,1.0,1.0,0.0,22.5,TARGETED_EAST_OCCUPANCY_COOL,21.0256
2,Occupancy Concentration,0,240,2400.0,22,2,2,16,2,22.45,5.95,LIGHT,81.99,LOW,RUNNING,20.29,4.55,LIGHT,77.19,LOW,RUNNING,22.32,7.07,LIGHT,83.51,LOW,RUNNING,20.98,5.48,LIGHT,79.44,LOW,RUNNING,19.12,4.91,LIGHT,76.27,LOW,RUNNING,24.64,8.46,LIGHT,88.49,LOW,RUNNING,23.08,6.59,LIGHT,83.73,LOW,RUNNING,20.98,4.63,LIGHT,78.17,LOW,RUNNING,19.4,4.32,LIGHT,75.73,LOW,RUNNING,22.87,6.84,LIGHT,83.85,LOW,RUNNING,27.33,55.0,220.0,0.25,22.0,COOLING,0.25,22.0,COOLING,0.25,22.0,COOLING,0.25,22.0,COOLING,21.347,21.549,24.344,21.545,22.196,24.344,21.347,2.997,322.13,164.76,161.9,159.58,170.0,170.0,1360.0,170.0,211.09,261.79,256.81,261.88,88.41,284.84,-659.09,285.84,875.0,875.0,875.0,875.0,-83.37,6.39,244.62,2.3,808.37,1870.0,991.57,3500.0,169.94,0.0,1.0,1.0,0.0,22.5,TARGETED_EAST_OCCUPANCY_COOL,21.1174
2,Occupancy Concentration,0,241,2410.0,22,2,2,16,2,22.3,5.83,LIGHT,81.62,LOW,RUNNING,20.13,4.51,LIGHT,76.93,LOW,RUNNING,22.3,7.14,LIGHT,83.58,LOW,RUNNING,21.11,5.6,LIGHT,79.79,LOW,RUNNING,19.28,4.97,LIGHT,76.55,LOW,RUNNING,24.69,8.4,LIGHT,88.46,LOW,RUNNING,22.97,6.47,LIGHT,83.42,LOW,RUNNING,20.82,4.56,LIGHT,77.87,LOW,RUNNING,19.33,4.36,LIGHT,75.7,LOW,RUNNING,22.96,6.96,LIGHT,84.14,LOW,RUNNING,27.34,55.0,220.2,0.25,22.0,COOLING,0.25,22.0,COOLING,0.25,22.0,COOLING,0.25,22.0,COOLING,21.345,21.549,24.349,21.545,22.197,24.349,21.345,3.004,321.92,165.01,161.29,159.84,170.0,170.0,1360.0,170.0,211.43,262.13,257.08,262.21,88.95,285.17,-660.3,286.17,875.0,875.0,875.0,875.0,-82.7,7.31,243.07,3.22,808.06,1870.0,992.85,3500.0,170.9,0.0,1.0,1.0,0.0,22.5,TARGETED_EAST_OCCUPANCY_COOL,21.2092
2,Occupancy Concentration,0,242,2420.0,22,2,2,16,2,22.14,5.72,LIGHT,81.25,LOW,RUNNING,20.0,4.5,LIGHT,76.75,LOW,RUNNING,22.32,7.24,LIGHT,83.76,LOW,RUNNING,21.26,5.72,LIGHT,80.16,LOW,RUNNING,19.42,5.0,LIGHT,76.78,LOW,RUNNING,24.7,8.32,LIGHT,88.36,LOW,RUNNING,22.83,6.35,LIGHT,83.06,LOW,RUNNING,20.66,4.52,LIGHT,77.61,LOW,RUNNING,19.3,4.43,LIGHT,75.77,LOW,RUNNING,23.09,7.08,LIGHT,84.48,LOW,RUNNING,27.34,55.0,220.3,0.25,22.0,COOLING,0.25,22.0,COOLING,0.25,22.0,COOLING,0.25,22.0,COOLING,21.343,21.549,24.354,21.545,22.198,24.354,21.343,3.011,321.92,165.14,160.67,160.25,170.0,170.0,1360.0,170.0,211.5,262.2,257.07,262.28,89.5,285.5,-661.5,286.5,875.0,875.0,875.0,875.0,-82.08,7.84,241.24,4.03,807.98,1870.0,993.05,3500.0,171.03,0.0,1.0,1.0,0.0,22.5,TARGETED_EAST_OCCUPANCY_COOL,21.3008
2,Occupancy Concentration,0,243,2430.0,22,2,2,16,2,21.98,5.63,LIGHT,80.92,LOW,RUNNING,19.9,4.52,LIGHT,76.66,LOW,RUNNING,22.37,7.35,LIGHT,83.99,LOW,RUNNING,21.42,5.82,LIGHT,80.51,LOW,RUNNING,19.54,5.0,LIGHT,76.92,LOW,RUNNING,24.66,8.22,LIGHT,88.16,LOW,RUNNING,22.67,6.24,LIGHT,82.7,LOW,RUNNING,20.52,4.5,LIGHT,77.4,LOW,RUNNING,19.31,4.52,LIGHT,75.92,LOW,RUNNING,23.23,7.2,LIGHT,84.84,LOW,RUNNING,27.34,55.0,220.5,0.25,22.0,COOLING,0.25,22.0,COOLING,0.25,22.0,COOLING,0.25,22.0,COOLING,21.341,21.549,24.359,21.545,22.199,24.359,21.341,3.018,322.08,165.08,160.1,160.76,170.0,170.0,1360.0,170.0,211.63,262.32,257.14,262.4,90.05,285.83,-662.7,286.83,875.0,875.0,875.0,875.0,-81.24,8.23,239.54,4.99,808.02,1870.0,993.49,3500.0,171.52,0.0,1.0,1.0,0.0,22.5,TARGETED_EAST_OCCUPANCY_COOL,21.3926
2,Occupancy Concentration,0,244,2440.0,22,2,2,16,2,21.81,5.56,LIGHT,80.6,LOW,RUNNING,19.83,4.56,LIGHT,76.63,LOW,RUNNING,22.47,7.47,LIGHT,84.29,LOW,RUNNING,21.59,5.9,LIGHT,80.84,LOW,RUNNING,19.63,4.97,LIGHT,76.99,LOW,RUNNING,24.59,8.1,LIGHT,87.89,LOW,RUNNING,22.51,6.14,LIGHT,82.35,LOW,RUNNING,20.41,4.51,LIGHT,77.28,LOW,RUNNING,19.36,4.63,LIGHT,76.15,LOW,RUNNING,23.4,7.3,LIGHT,85.2,LOW,RUNNING,27.35,55.0,220.7,0.25,22.0,COOLING,0.25,22.0,COOLING,0.25,22.0,COOLING,0.25,22.0,COOLING,21.339,21.549,24.364,21.545,22.199,24.364,21.339,3.025,322.36,164.88,159.63,161.35,170.0,170.0,1360.0,170.0,211.95,262.66,257.42,262.75,90.59,286.16,-663.91,287.16,875.0,875.0,875.0,875.0,-80.1,8.7,238.14,6.26,808.22,1870.0,994.78,3500.0,173.0,0.0,1.0,1.0,0.0,22.5,TARGETED_EAST_OCCUPANCY_COOL,21.4846
2,Occupancy Concentration,0,245,2450.0,22,2,2,16,2,21.65,5.52,LIGHT,80.34,LOW,RUNNING,19.8,4.63,LIGHT,76.69,LOW,RUNNING,22.59,7.59,LIGHT,84.62,LOW,RUNNING,21.76,5.96,LIGHT,81.14,LOW,RUNNING,19.69,4.91,LIGHT,76.98,LOW,RUNNING,24.49,7.98,LIGHT,87.58,LOW,RUNNING,22.34,6.07,LIGHT,82.03,LOW,RUNNING,20.34,4.55,LIGHT,77.25,LOW,RUNNING,19.45,4.75,LIGHT,76.44,LOW,RUNNING,23.56,7.39,LIGHT,85.53,LOW,RUNNING,27.35,55.0,220.8,0.25,22.0,COOLING,0.25,22.0,COOLING,0.25,22.0,COOLING,0.25,22.0,COOLING,21.337,21.549,24.369,21.545,22.2,24.369,21.337,3.032,322.79,164.56,159.28,161.97,170.0,170.0,1360.0,170.0,212.04,262.72,257.4,262.81,91.14,286.49,-665.12,287.49,875.0,875.0,875.0,875.0,-79.03,8.77,236.56,7.27,808.6,1870.0,994.97,3500.0,173.57,0.0,1.0,1.0,0.0,22.5,TARGETED_EAST_OCCUPANCY_COOL,21.5767
2,Occupancy Concentration,0,246,2460.0,22,2,2,16,2,21.52,5.5,LIGHT,80.15,LOW,RUNNING,19.81,4.72,LIGHT,76.84,LOW,RUNNING,22.74,7.7,LIGHT,84.97,LOW,RUNNING,21.9,5.99,LIGHT,81.36,LOW,RUNNING,19.7,4.83,LIGHT,76.87,LOW,RUNNING,24.35,7.86,LIGHT,87.23,LOW,RUNNING,22.18,6.02,LIGHT,81.75,LOW,RUNNING,20.3,4.62,LIGHT,77.31,LOW,RUNNING,19.57,4.87,LIGHT,76.77,LOW,RUNNING,23.73,7.45,LIGHT,85.84,LOW,RUNNING,27.35,55.0,221.0,0.25,22.0,COOLING,0.25,22.0,COOLING,0.25,22.0,COOLING,0.25,22.0,COOLING,21.335,21.549,24.374,21.545,22.201,24.374,21.335,3.039,323.32,164.1,159.06,162.61,170.0,170.0,1360.0,170.0,212.16,262.84,257.47,262.93,91.68,286.82,-666.32,287.82,875.0,875.0,875.0,875.0,-77.84,8.76,235.21,8.36,809.09,1870.0,995.4,3500.0,174.49,0.0,1.0,1.0,0.0,22.5,TARGETED_EAST_OCCUPANCY_COOL,21.6693
2,Occupancy Concentration,0,247,2470.0,22,2,2,16,2,21.41,5.51,LIGHT,80.03,LOW,RUNNING,19.86,4.83,LIGHT,77.07,LOW,RUNNING,22.9,7.81,LIGHT,85.34,LOW,RUNNING,22.03,6.0,LIGHT,81.54,LOW,RUNNING,19.67,4.73,LIGHT,76.68,LOW,RUNNING,24.2,7.75,LIGHT,86.88,LOW,RUNNING,22.04,6.0,LIGHT,81.55,LOW,RUNNING,20.31,4.71,LIGHT,77.45,LOW,RUNNING,19.71,4.98,LIGHT,77.11,LOW,RUNNING,23.88,7.49,LIGHT,86.08,LOW,RUNNING,27.36,55.0,221.2,0.25,22.0,COOLING,0.25,22.0,COOLING,0.25,22.0,COOLING,0.25,22.0,COOLING,21.333,21.549,24.379,21.545,22.201,24.379,21.333,3.046,323.98,163.56,159.0,163.19,170.0,170.0,1360.0,170.0,212.49,263.19,257.75,263.27,92.22,287.15,-667.52,288.15,875.0,875.0,875.0,875.0,-76.31,8.9,234.23,9.61,809.73,1870.0,996.7,3500.0,176.43,0.0,1.0,1.0,0.0,22.5,TARGETED_EAST_OCCUPANCY_COOL,21.7621
2,Occupancy Concentration,0,248,2480.0,22,2,2,16,2,21.34,5.55,LIGHT,80.0,LOW,RUNNING,19.95,4.95,LIGHT,77.36,LOW,RUNNING,23.07,7.89,LIGHT,85.67,LOW,RUNNING,22.12,5.97,LIGHT,81.61,LOW,RUNNING,19.6,4.62,LIGHT,76.43,LOW,RUNNING,24.03,7.66,LIGHT,86.53,LOW,RUNNING,21.93,6.01,LIGHT,81.43,LOW,RUNNING,20.35,4.81,LIGHT,77.65,LOW,RUNNING,19.87,5.09,LIGHT,77.47,LOW,RUNNING,24.01,7.5,LIGHT,86.26,LOW,RUNNING,27.36,55.0,221.3,0.25,22.0,COOLING,0.25,22.0,COOLING,0.25,22.0,COOLING,0.25,22.0,COOLING,21.331,21.549,24.384,21.545,22.202,24.384,21.331,3.053,324.64,162.96,159.08,163.73,170.0,170.0,1360.0,170.0,212.57,263.25,257.73,263.33,92.77,287.48,-668.73,288.48,875.0,875.0,875.0,875.0,-75.02,8.69,233.08,10.54,810.41,1870.0,996.88,3500.0,177.29,0.0,1.0,1.0,0.0,22.5,TARGETED_EAST_OCCUPANCY_COOL,21.8555
2,Occupancy Concentration,0,249,2490.0,22,2,2,16,2,21.3,5.62,LIGHT,80.06,LOW,RUNNING,20.07,5.07,LIGHT,77.69,LOW,RUNNING,23.23,7.95,LIGHT,85.96,LOW,RUNNING,22.18,5.92,LIGHT,81.6,LOW,RUNNING,19.5,4.5,LIGHT,76.12,LOW,RUNNING,23.86,7.58,LIGHT,86.2,LOW,RUNNING,21.85,6.05,LIGHT,81.39,LOW,RUNNING,20.43,4.93,LIGHT,77.93,LOW,RUNNING,20.04,5.18,LIGHT,77.82,LOW,RUNNING,24.11,7.48,LIGHT,86.36,LOW,RUNNING,27.36,55.0,221.5,0.25,22.0,COOLING,0.25,22.0,COOLING,0.25,22.0,COOLING,0.25,22.0,COOLING,21.329,21.549,24.389,21.545,22.203,24.389,21.329,3.06,325.31,162.32,159.32,164.18,170.0,170.0,1360.0,170.0,212.68,263.38,257.79,263.46,93.32,287.81,-669.93,288.81,875.0,875.0,875.0,875.0,-73.69,8.51,232.18,11.45,811.13,1870.0,997.31,3500.0,178.45,0.0,1.0,1.0,0.0,22.5,TARGETED_EAST_OCCUPANCY_COOL,21.9494
2,Occupancy Concentration,0,250,2500.0,22,2,2,16,2,21.31,5.71,LIGHT,80.2,LOW,RUNNING,20.22,5.19,LIGHT,78.06,LOW,RUNNING,23.39,7.99,LIGHT,86.22,LOW,RUNNING,22.2,5.84,LIGHT,81.51,LOW,RUNNING,19.37,4.38,LIGHT,75.78,LOW,RUNNING,23.7,7.53,LIGHT,85.92,LOW,RUNNING,21.81,6.11,LIGHT,81.43,LOW,RUNNING,20.55,5.05,LIGHT,78.26,LOW,RUNNING,20.21,5.25,LIGHT,78.14,LOW,RUNNING,24.17,7.43,LIGHT,86.36,LOW,RUNNING,27.37,55.0,221.7,0.25,22.0,COOLING,0.25,22.0,COOLING,0.25,22.0,COOLING,0.25,22.0,COOLING,21.328,21.549,24.394,21.545,22.204,24.394,21.328,3.066,325.99,161.7,159.69,164.5,170.0,170.0,1360.0,170.0,213.02,263.71,258.08,263.8,93.86,288.14,-671.14,289.14,875.0,875.0,875.0,875.0,-72.13,8.55,231.63,12.44,811.88,1870.0,998.61,3500.0,180.49,0.0,1.0,1.0,0.0,22.5,TARGETED_EAST_OCCUPANCY_COOL,22.0305
2,Occupancy Concentration,0,251,2510.0,22,2,2,16,2,21.35,5.82,LIGHT,80.42,LOW,RUNNING,20.38,5.29,LIGHT,78.41,LOW,RUNNING,23.51,8.0,LIGHT,86.39,LOW,RUNNING,22.18,5.75,LIGHT,81.35,LOW,RUNNING,19.22,4.27,LIGHT,75.43,LOW,RUNNING,23.56,7.5,LIGHT,85.7,LOW,RUNNING,21.8,6.19,LIGHT,81.53,LOW,RUNNING,20.69,5.17,LIGHT,78.62,LOW,RUNNING,20.36,5.29,LIGHT,78.39,LOW,RUNNING,24.2,7.36,LIGHT,86.29,LOW,RUNNING,27.37,55.0,221.8,0.25,22.0,COOLING,0.25,22.0,COOLING,0.25,22.0,COOLING,0.25,22.0,COOLING,21.327,21.549,24.399,21.545,22.205,24.399,21.327,3.072,326.57,161.13,160.15,164.68,170.0,170.0,1360.0,170.0,213.07,263.77,258.05,263.86,94.17,288.58,-672.33,289.58,875.0,875.0,875.0,875.0,-71.19,8.48,230.87,13.12,812.53,1870.0,998.75,3500.0,181.28,0.0,1.0,1.0,0.0,22.5,TARGETED_EAST_OCCUPANCY_COOL,22.1125
2,Occupancy Concentration,0,252,2520.0,22,2,2,16,2,21.44,5.93,LIGHT,80.69,LOW,RUNNING,20.55,5.38,LIGHT,78.76,LOW,RUNNING,23.61,7.98,LIGHT,86.48,LOW,RUNNING,22.12,5.64,LIGHT,81.11,LOW,RUNNING,19.05,4.17,LIGHT,75.07,LOW,RUNNING,23.44,7.51,LIGHT,85.57,LOW,RUNNING,21.84,6.3,LIGHT,81.75,LOW,RUNNING,20.85,5.28,LIGHT,78.98,LOW,RUNNING,20.49,5.3,LIGHT,78.56,LOW,RUNNING,24.18,7.26,LIGHT,86.11,LOW,RUNNING,27.38,55.0,222.0,0.25,22.0,COOLING,0.25,22.0,COOLING,0.25,22.0,COOLING,0.25,22.0,COOLING,21.326,21.549,24.404,21.545,22.206,24.404,21.326,3.078,327.04,160.64,160.73,164.67,170.0,170.0,1360.0,170.0,213.39,264.12,258.34,264.2,94.48,289.02,-673.52,290.02,875.0,875.0,875.0,875.0,-70.09,8.78,230.55,13.89,813.08,1870.0,1000.05,3500.0,183.13,0.0,1.0,1.0,0.0,22.5,TARGETED_EAST_OCCUPANCY_COOL,22.195
2,Occupancy Concentration,0,253,2530.0,22,2,2,16,2,21.55,6.05,LIGHT,81.01,LOW,RUNNING,20.71,5.45,LIGHT,79.06,LOW,RUNNING,23.68,7.93,LIGHT,86.49,LOW,RUNNING,22.02,5.52,LIGHT,80.81,LOW,RUNNING,18.88,4.09,LIGHT,74.73,LOW,RUNNING,23.36,7.54,LIGHT,85.51,LOW,RUNNING,21.92,6.41,LIGHT,82.02,LOW,RUNNING,21.02,5.37,LIGHT,79.33,LOW,RUNNING,20.6,5.28,LIGHT,78.67,LOW,RUNNING,24.13,7.16,LIGHT,85.9,LOW,RUNNING,27.38,55.0,222.2,0.25,22.0,COOLING,0.25,22.0,COOLING,0.25,22.0,COOLING,0.25,22.0,COOLING,21.325,21.549,24.409,21.545,22.207,24.409,21.325,3.084,327.37,160.24,161.35,164.57,170.0,170.0,1360.0,170.0,213.49,264.25,258.4,264.33,94.79,289.46,-674.71,290.46,875.0,875.0,875.0,875.0,-69.35,8.95,230.04,14.36,813.53,1870.0,1000.47,3500.0,184.0,0.0,1.0,1.0,0.0,22.5,TARGETED_EAST_OCCUPANCY_COOL,22.2782
2,Occupancy Concentration,0,254,2540.0,22,2,2,16,2,21.7,6.17,LIGHT,81.38,LOW,RUNNING,20.87,5.49,LIGHT,79.32,LOW,RUNNING,23.7,7.86,LIGHT,86.42,LOW,RUNNING,21.89,5.4,LIGHT,80.46,LOW,RUNNING,18.72,4.03,LIGHT,74.45,LOW,RUNNING,23.31,7.6,LIGHT,85.54,LOW,RUNNING,22.03,6.53,LIGHT,82.33,LOW,RUNNING,21.18,5.44,LIGHT,79.63,LOW,RUNNING,20.67,5.24,LIGHT,78.7,LOW,RUNNING,24.04,7.04,LIGHT,85.61,LOW,RUNNING,27.38,55.0,222.3,0.25,22.0,COOLING,0.25,22.0,COOLING,0.25,22.0,COOLING,0.25,22.0,COOLING,21.324,21.549,24.414,21.545,22.208,24.414,21.324,3.09,327.58,159.99,161.96,164.31,170.0,170.0,1360.0,170.0,213.54,264.31,258.39,264.39,95.1,289.9,-675.9,290.9,875.0,875.0,875.0,875.0,-68.78,9.2,229.45,14.6,813.84,1870.0,1000.63,3500.0,184.47,0.0,1.0,1.0,0.0,22.5,TARGETED_EAST_OCCUPANCY_COOL,22.3617
2,Occupancy Concentration,0,255,2550.0,22,2,2,16,2,21.86,6.28,LIGHT,81.75,LOW,RUNNING,21.0,5.5,LIGHT,79.5,LOW,RUNNING,23.68,7.76,LIGHT,86.24,LOW,RUNNING,21.74,5.28,LIGHT,80.09,LOW,RUNNING,18.58,4.0,LIGHT,74.22,LOW,RUNNING,23.3,7.68,LIGHT,85.64,LOW,RUNNING,22.17,6.65,LIGHT,82.69,LOW,RUNNING,21.34,5.48,LIGHT,79.89,LOW,RUNNING,20.7,5.17,LIGHT,78.63,LOW,RUNNING,23.91,6.92,LIGHT,85.27,LOW,RUNNING,27.39,55.0,222.5,0.25,22.0,COOLING,0.25,22.0,COOLING,0.25,22.0,COOLING,0.25,22.0,COOLING,21.323,21.549,24.419,21.545,22.209,24.419,21.323,3.096,327.58,159.86,162.58,163.9,170.0,170.0,1360.0,170.0,213.86,264.64,258.67,264.73,95.41,290.34,-677.09,291.34,875.0,875.0,875.0,875.0,-68.15,9.84,229.16,14.97,813.92,1870.0,1001.9,3500.0,185.82,0.0,1.0,1.0,0.0,22.5,TARGETED_EAST_OCCUPANCY_COOL,22.4456
2,Occupancy Concentration,0,256,2560.0,22,2,2,16,2,22.02,6.37,LIGHT,82.08,LOW,RUNNING,21.1,5.48,LIGHT,79.59,LOW,RUNNING,23.63,7.65,LIGHT,86.01,LOW,RUNNING,21.58,5.18,LIGHT,79.74,LOW,RUNNING,18.46,4.0,LIGHT,74.08,LOW,RUNNING,23.34,7.78,LIGHT,85.84,LOW,RUNNING,22.33,6.76,LIGHT,83.05,LOW,RUNNING,21.48,5.5,LIGHT,80.1,LOW,RUNNING,20.69,5.08,LIGHT,78.48,LOW,RUNNING,23.77,6.8,LIGHT,84.91,LOW,RUNNING,27.39,55.0,222.7,0.25,22.0,COOLING,0.25,22.0,COOLING,0.25,22.0,COOLING,0.25,22.0,COOLING,21.322,21.549,24.424,21.545,22.21,24.424,21.322,3.102,327.42,159.92,163.15,163.39,170.0,170.0,1360.0,170.0,213.95,264.77,258.74,264.86,95.72,290.78,-678.28,291.78,875.0,875.0,875.0,875.0,-67.91,10.47,228.61,15.03,813.88,1870.0,1002.32,3500.0,186.2,0.0,1.0,1.0,0.0,22.5,TARGETED_EAST_OCCUPANCY_COOL,22.5301
2,Occupancy Concentration,0,257,2570.0,22,2,2,16,2,22.19,6.44,LIGHT,82.4,LOW,RUNNING,21.17,5.44,LIGHT,79.62,LOW,RUNNING,23.53,7.53,LIGHT,85.71,LOW,RUNNING,21.41,5.1,LIGHT,79.41,LOW,RUNNING,18.37,4.03,LIGHT,74.01,LOW,RUNNING,23.41,7.9,LIGHT,86.11,LOW,RUNNING,22.49,6.86,LIGHT,83.4,LOW,RUNNING,21.59,5.49,LIGHT,80.22,LOW,RUNNING,20.64,4.97,LIGHT,78.25,LOW,RUNNING,23.6,6.7,LIGHT,84.55,LOW,RUNNING,27.39,55.0,222.8,0.25,22.0,COOLING,0.25,22.0,COOLING,0.25,22.0,COOLING,0.25,22.0,COOLING,21.321,21.549,24.429,21.545,22.211,24.429,21.321,3.108,327.14,160.12,163.62,162.8,170.0,170.0,1360.0,170.0,214.01,264.83,258.72,264.92,96.03,291.22,-679.47,292.22,875.0,875.0,875.0,875.0,-67.82,11.17,227.87,14.94,813.68,1870.0,1002.48,3500.0,186.16,0.0,1.0,1.0,0.0,22.5,TARGETED_EAST_OCCUPANCY_COOL,22.6146
2,Occupancy Concentration,0,258,2580.0,22,2,2,16,2,22.35,6.48,LIGHT,82.66,LOW,RUNNING,21.2,5.37,LIGHT,79.56,LOW,RUNNING,23.41,7.41,LIGHT,85.38,LOW,RUNNING,21.24,5.04,LIGHT,79.11,LOW,RUNNING,18.31,4.09,LIGHT,74.02,LOW,RUNNING,23.51,8.02,LIGHT,86.42,LOW,RUNNING,22.66,6.93,LIGHT,83.72,LOW,RUNNING,21.66,5.45,LIGHT,80.25,LOW,RUNNING,20.55,4.85,LIGHT,77.96,LOW,RUNNING,23.44,6.61,LIGHT,84.22,LOW,RUNNING,27.4,55.0,223.0,0.25,22.0,COOLING,0.25,22.0,COOLING,0.25,22.0,COOLING,0.25,22.0,COOLING,21.32,21.549,24.434,21.545,22.212,24.434,21.32,3.114,326.71,160.44,163.97,162.18,170.0,170.0,1360.0,170.0,214.32,265.18,259.0,265.26,96.34,291.66,-680.66,292.66,875.0,875.0,875.0,875.0,-67.63,12.28,227.31,15.1,813.3,1870.0,1003.76,3500.0,187.06,0.0,1.0,1.0,0.0,22.5,TARGETED_EAST_OCCUPANCY_COOL,22.6993
2,Occupancy Concentration,0,259,2590.0,22,2,2,16,2,22.48,6.5,LIGHT,82.85,LOW,RUNNING,21.19,5.28,LIGHT,79.41,LOW,RUNNING,23.26,7.3,LIGHT,85.03,LOW,RUNNING,21.1,5.01,LIGHT,78.89,LOW,RUNNING,18.3,4.17,LIGHT,74.13,LOW,RUNNING,23.65,8.14,LIGHT,86.77,LOW,RUNNING,22.82,6.98,LIGHT,84.0,LOW,RUNNING,21.7,5.38,LIGHT,80.19,LOW,RUNNING,20.43,4.73,LIGHT,77.63,LOW,RUNNING,23.27,6.55,LIGHT,83.91,LOW,RUNNING,27.4,55.0,223.2,0.25,22.0,COOLING,0.25,22.0,COOLING,0.25,22.0,COOLING,0.25,22.0,COOLING,21.319,21.549,24.439,21.545,22.213,24.439,21.319,3.12,326.18,160.9,164.19,161.54,170.0,170.0,1360.0,170.0,214.42,265.3,259.07,265.38,96.65,292.1,-681.85,293.1,875.0,875.0,875.0,875.0,-67.75,13.3,226.41,15.02,812.81,1870.0,1004.17,3500.0,186.98,0.0,1.0,1.0,0.0,22.5,TARGETED_EAST_OCCUPANCY_COOL,22.7842
2,Occupancy Concentration,0,260,2600.0,22,2,2,16,2,22.59,6.49,LIGHT,82.97,LOW,RUNNING,21.14,5.17,LIGHT,79.18,LOW,RUNNING,23.1,7.19,LIGHT,84.66,LOW,RUNNING,20.97,5.0,LIGHT,78.71,LOW,RUNNING,18.33,4.27,LIGHT,74.32,LOW,RUNNING,23.8,8.25,LIGHT,87.12,LOW,RUNNING,22.96,7.0,LIGHT,84.2,LOW,RUNNING,21.69,5.29,LIGHT,80.05,LOW,RUNNING,20.29,4.62,LIGHT,77.29,LOW,RUNNING,23.12,6.51,LIGHT,83.67,LOW,RUNNING,27.4,55.0,223.3,0.25,22.0,COOLING,0.25,22.0,COOLING,0.25,22.0,COOLING,0.25,22.0,COOLING,21.318,21.549,24.444,21.545,22.214,24.444,21.318,3.126,325.52,161.44,164.25,160.96,170.0,170.0,1360.0,170.0,214.48,265.36,259.05,265.44,96.96,292.54,-683.04,293.54,875.0,875.0,875.0,875.0,-68.04,14.34,225.26,14.94,812.17,1870.0,1004.33,3500.0,186.5,0.0,1.0,1.0,0.0,22.5,TARGETED_EAST_OCCUPANCY_COOL,22.8691
2,Occupancy Concentration,0,261,2610.0,22,2,2,16,2,22.66,6.45,LIGHT,83.0,LOW,RUNNING,21.05,5.05,LIGHT,78.89,LOW,RUNNING,22.93,7.11,LIGHT,84.33,LOW,RUNNING,20.88,5.03,LIGHT,78.64,LOW,RUNNING,18.4,4.38,LIGHT,74.57,LOW,RUNNING,23.97,8.34,LIGHT,87.47,LOW,RUNNING,23.07,6.99,LIGHT,84.32,LOW,RUNNING,21.65,5.19,LIGHT,79.85,LOW,RUNNING,20.13,4.51,LIGHT,76.93,LOW,RUNNING,22.99,6.5,LIGHT,83.49,LOW,RUNNING,27.41,55.0,223.5,0.25,22.0,COOLING,0.25,22.0,COOLING,0.25,22.0,COOLING,0.25,22.0,COOLING,21.317,21.549,24.449,21.545,22.215,24.449,21.317,3.132,324.86,162.04,164.17,160.42,170.0,170.0,1360.0,170.0,214.79,265.7,259.33,265.79,97.27,292.98,-684.23,293.98,875.0,875.0,875.0,875.0,-68.08,15.72,224.27,15.19,811.49,1870.0,1005.61,3500.0,187.1,0.0,1.0,1.0,0.0,22.5,TARGETED_EAST_OCCUPANCY_COOL,22.9539
2,Occupancy Concentration,0,262,2620.0,22,2,2,16,2,22.7,6.38,LIGHT,82.94,LOW,RUNNING,20.93,4.93,LIGHT,78.56,LOW,RUNNING,22.77,7.05,LIGHT,84.04,LOW,RUNNING,20.82,5.08,LIGHT,78.65,LOW,RUNNING,18.5,4.5,LIGHT,74.88,LOW,RUNNING,24.14,8.42,LIGHT,87.8,LOW,RUNNING,23.15,6.95,LIGHT,84.36,LOW,RUNNING,21.57,5.07,LIGHT,79.57,LOW,RUNNING,19.96,4.42,LIGHT,76.58,LOW,RUNNING,22.89,6.52,LIGHT,83.39,LOW,RUNNING,27.41,55.0,223.7,0.25,22.0,COOLING,0.25,22.0,COOLING,0.25,22.0,COOLING,0.25,22.0,COOLING,21.316,21.549,24.454,21.545,22.216,24.454,21.316,3.138,324.19,162.68,163.93,159.97,170.0,170.0,1360.0,170.0,214.89,265.82,259.4,265.91,97.58,293.42,-685.42,294.42,875.0,875.0,875.0,875.0,-68.34,16.92,222.91,15.3,810.77,1870.0,1006.02,3500.0,186.79,0.0,1.0,1.0,0.0,22.5,TARGETED_EAST_OCCUPANCY_COOL,23.0387
2,Occupancy Concentration,0,263,2630.0,22,2,2,16,2,22.69,6.29,LIGHT,82.8,LOW,RUNNING,20.78,4.81,LIGHT,78.19,LOW,RUNNING,22.61,7.01,LIGHT,83.78,LOW,RUNNING,20.8,5.16,LIGHT,78.74,LOW,RUNNING,18.63,4.62,LIGHT,75.22,LOW,RUNNING,24.3,8.47,LIGHT,88.08,LOW,RUNNING,23.19,6.89,LIGHT,84.32,LOW,RUNNING,21.45,4.95,LIGHT,79.24,LOW,RUNNING,19.79,4.35,LIGHT,76.26,LOW,RUNNING,22.83,6.57,LIGHT,83.39,LOW,RUNNING,27.41,55.0,223.8,0.25,22.0,COOLING,0.25,22.0,COOLING,0.25,22.0,COOLING,0.25,22.0,COOLING,21.315,21.549,24.459,21.545,22.217,24.459,21.315,3.144,323.51,163.3,163.56,159.65,170.0,170.0,1360.0,170.0,214.94,265.89,259.37,265.98,97.89,293.86,-686.61,294.86,875.0,875.0,875.0,875.0,-68.66,18.05,221.32,15.49,810.02,1870.0,1006.18,3500.0,186.2,0.0,1.0,1.0,0.0,22.5,TARGETED_EAST_OCCUPANCY_COOL,23.1233
2,Occupancy Concentration,0,264,2640.0,22,2,2,16,2,22.65,6.18,LIGHT,82.58,LOW,RUNNING,20.62,4.71,LIGHT,77.84,LOW,RUNNING,22.49,7.0,LIGHT,83.61,LOW,RUNNING,20.82,5.25,LIGHT,78.9,LOW,RUNNING,18.78,4.73,LIGHT,75.57,LOW,RUNNING,24.44,8.5,LIGHT,88.3,LOW,RUNNING,23.2,6.81,LIGHT,84.22,LOW,RUNNING,21.31,4.83,LIGHT,78.88,LOW,RUNNING,19.64,4.31,LIGHT,76.02,LOW,RUNNING,22.8,6.64,LIGHT,83.46,LOW,RUNNING,27.42,55.0,224.0,0.25,22.0,COOLING,0.25,22.0,COOLING,0.25,22.0,COOLING,0.25,22.0,COOLING,21.314,21.549,24.463,21.545,22.218,24.463,21.314,3.149,322.93,163.87,163.1,159.48,170.0,170.0,1360.0,170.0,215.26,266.23,259.66,266.31,98.2,294.3,-687.8,295.3,875.0,875.0,875.0,875.0,-68.61,19.4,219.96,16.09,809.38,1870.0,1007.46,3500.0,186.84,0.0,1.0,1.0,0.0,22.5,TARGETED_EAST_OCCUPANCY_COOL,23.193
2,Occupancy Concentration,0,265,2650.0,22,2,2,16,2,22.56,6.07,LIGHT,82.31,LOW,RUNNING,20.45,4.62,LIGHT,77.49,LOW,RUNNING,22.39,7.02,LIGHT,83.52,LOW,RUNNING,20.88,5.36,LIGHT,79.14,LOW,RUNNING,18.95,4.83,LIGHT,75.93,LOW,RUNNING,24.56,8.49,LIGHT,88.44,LOW,RUNNING,23.16,6.7,LIGHT,84.0,LOW,RUNNING,21.15,4.72,LIGHT,78.52,LOW,RUNNING,19.51,4.3,LIGHT,75.84,LOW,RUNNING,22.82,6.74,LIGHT,83.64,LOW,RUNNING,27.42,55.0,224.2,0.25,22.0,COOLING,0.25,22.0,COOLING,0.25,22.0,COOLING,0.25,22.0,COOLING,21.313,21.549,24.467,21.545,22.218,24.467,21.313,3.154,322.46,164.37,162.52,159.48,170.0,170.0,1360.0,170.0,215.36,266.35,259.75,266.43,98.5,294.63,-688.76,295.63,875.0,875.0,875.0,875.0,-68.68,20.35,218.51,16.54,808.83,1870.0,1007.89,3500.0,186.72,0.0,1.0,1.0,0.0,22.5,TARGETED_EAST_OCCUPANCY_COOL,23.263
2,Occupancy Concentration,0,266,2660.0,22,2,2,16,2,22.45,5.95,LIGHT,81.99,LOW,RUNNING,20.29,4.55,LIGHT,77.19,LOW,RUNNING,22.32,7.07,LIGHT,83.51,LOW,RUNNING,20.98,5.48,LIGHT,79.44,LOW,RUNNING,19.12,4.91,LIGHT,76.27,LOW,RUNNING,24.64,8.46,LIGHT,88.49,LOW,RUNNING,23.08,6.59,LIGHT,83.73,LOW,RUNNING,20.98,4.63,LIGHT,78.17,LOW,RUNNING,19.4,4.32,LIGHT,75.73,LOW,RUNNING,22.87,6.84,LIGHT,83.85,LOW,RUNNING,27.42,55.0,224.3,0.25,22.0,COOLING,0.25,22.0,COOLING,0.25,22.0,COOLING,0.25,22.0,COOLING,21.312,21.549,24.471,21.545,22.219,24.471,21.312,3.159,322.13,164.76,161.9,159.58,170.0,170.0,1360.0,170.0,215.41,266.42,259.75,266.5,98.79,294.96,-689.71,295.96,875.0,875.0,875.0,875.0,-68.67,21.14,216.94,17.04,808.37,1870.0,1008.08,3500.0,186.45,0.0,1.0,1.0,0.0,22.5,TARGETED_EAST_OCCUPANCY_COOL,23.3328
2,Occupancy Concentration,0,267,2670.0,22,2,2,16,2,22.3,5.83,LIGHT,81.62,LOW,RUNNING,20.13,4.51,LIGHT,76.93,LOW,RUNNING,22.3,7.14,LIGHT,83.58,LOW,RUNNING,21.11,5.6,LIGHT,79.79,LOW,RUNNING,19.28,4.97,LIGHT,76.55,LOW,RUNNING,24.69,8.4,LIGHT,88.46,LOW,RUNNING,22.97,6.47,LIGHT,83.42,LOW,RUNNING,20.82,4.56,LIGHT,77.87,LOW,RUNNING,19.33,4.36,LIGHT,75.7,LOW,RUNNING,22.96,6.96,LIGHT,84.14,LOW,RUNNING,27.43,55.0,224.5,0.25,22.0,COOLING,0.25,22.0,COOLING,0.25,22.0,COOLING,0.25,22.0,COOLING,21.311,21.549,24.475,21.545,22.22,24.475,21.311,3.164,321.92,165.01,161.29,159.84,170.0,170.0,1360.0,170.0,215.73,266.75,260.06,266.84,99.08,295.29,-690.66,296.29,875.0,875.0,875.0,875.0,-68.27,22.05,215.69,17.97,808.06,1870.0,1009.38,3500.0,187.44,0.0,1.0,1.0,0.0,22.5,TARGETED_EAST_OCCUPANCY_COOL,23.4024
2,Occupancy Concentration,0,268,2680.0,22,2,2,16,2,22.14,5.72,LIGHT,81.25,LOW,RUNNING,20.0,4.5,LIGHT,76.75,LOW,RUNNING,22.32,7.24,LIGHT,83.76,LOW,RUNNING,21.26,5.72,LIGHT,80.16,LOW,RUNNING,19.42,5.0,LIGHT,76.78,LOW,RUNNING,24.7,8.32,LIGHT,88.36,LOW,RUNNING,22.83,6.35,LIGHT,83.06,LOW,RUNNING,20.66,4.52,LIGHT,77.61,LOW,RUNNING,19.3,4.43,LIGHT,75.77,LOW,RUNNING,23.09,7.08,LIGHT,84.48,LOW,RUNNING,27.43,55.0,224.7,0.25,22.0,COOLING,0.25,22.0,COOLING,0.25,22.0,COOLING,0.25,22.0,COOLING,21.31,21.549,24.479,21.545,22.221,24.479,21.31,3.169,321.92,165.14,160.67,160.25,170.0,170.0,1360.0,170.0,215.82,266.88,260.14,266.97,99.38,295.62,-691.62,296.62,875.0,875.0,875.0,875.0,-67.88,22.64,214.19,18.84,807.98,1870.0,1009.81,3500.0,187.79,0.0,1.0,1.0,0.0,22.5,TARGETED_EAST_OCCUPANCY_COOL,23.4719
2,Occupancy Concentration,0,269,2690.0,22,2,2,16,2,21.98,5.63,LIGHT,80.92,LOW,RUNNING,19.9,4.52,LIGHT,76.66,LOW,RUNNING,22.37,7.35,LIGHT,83.99,LOW,RUNNING,21.42,5.82,LIGHT,80.51,LOW,RUNNING,19.54,5.0,LIGHT,76.92,LOW,RUNNING,24.66,8.22,LIGHT,88.16,LOW,RUNNING,22.67,6.24,LIGHT,82.7,LOW,RUNNING,20.52,4.5,LIGHT,77.4,LOW,RUNNING,19.31,4.52,LIGHT,75.92,LOW,RUNNING,23.23,7.2,LIGHT,84.84,LOW,RUNNING,27.43,55.0,224.8,0.25,22.0,COOLING,0.25,22.0,COOLING,0.25,22.0,COOLING,0.25,22.0,COOLING,21.309,21.549,24.483,21.545,22.221,24.483,21.309,3.174,322.08,165.08,160.1,160.76,170.0,170.0,1360.0,170.0,215.88,266.94,260.15,267.03,99.68,295.95,-692.57,296.95,875.0,875.0,875.0,875.0,-67.36,22.97,212.68,19.74,808.02,1870.0,1010.0,3500.0,188.03,0.0,1.0,1.0,0.0,22.5,TARGETED_EAST_OCCUPANCY_COOL,23.5413
2,Occupancy Concentration,0,270,2700.0,22,2,2,16,2,21.81,5.56,LIGHT,80.6,LOW,RUNNING,19.83,4.56,LIGHT,76.63,LOW,RUNNING,22.47,7.47,LIGHT,84.29,LOW,RUNNING,21.59,5.9,LIGHT,80.84,LOW,RUNNING,19.63,4.97,LIGHT,76.99,LOW,RUNNING,24.59,8.1,LIGHT,87.89,LOW,RUNNING,22.51,6.14,LIGHT,82.35,LOW,RUNNING,20.41,4.51,LIGHT,77.28,LOW,RUNNING,19.36,4.63,LIGHT,76.15,LOW,RUNNING,23.4,7.3,LIGHT,85.2,LOW,RUNNING,27.44,55.0,225.0,0.25,22.0,COOLING,0.25,22.0,COOLING,0.25,22.0,COOLING,0.25,22.0,COOLING,21.308,21.549,24.487,21.545,22.222,24.487,21.308,3.179,322.36,164.88,159.63,161.35,170.0,170.0,1360.0,170.0,216.2,267.28,260.46,267.36,99.97,296.28,-693.53,297.28,875.0,875.0,875.0,875.0,-66.47,23.44,211.56,20.99,808.22,1870.0,1011.3,3500.0,189.52,0.0,1.0,1.0,0.0,22.5,TARGETED_EAST_OCCUPANCY_COOL,23.6108
2,Occupancy Concentration,0,271,2710.0,22,2,2,16,2,21.65,5.52,LIGHT,80.34,LOW,RUNNING,19.8,4.63,LIGHT,76.69,LOW,RUNNING,22.59,7.59,LIGHT,84.62,LOW,RUNNING,21.76,5.96,LIGHT,81.14,LOW,RUNNING,19.69,4.91,LIGHT,76.98,LOW,RUNNING,24.49,7.98,LIGHT,87.58,LOW,RUNNING,22.34,6.07,LIGHT,82.03,LOW,RUNNING,20.34,4.55,LIGHT,77.25,LOW,RUNNING,19.45,4.75,LIGHT,76.44,LOW,RUNNING,23.56,7.39,LIGHT,85.53,LOW,RUNNING,27.44,55.0,225.2,0.25,22.0,COOLING,0.25,22.0,COOLING,0.25,22.0,COOLING,0.25,22.0,COOLING,21.307,21.549,24.491,21.545,22.223,24.491,21.307,3.184,322.79,164.56,159.28,161.97,170.0,170.0,1360.0,170.0,216.29,267.41,260.54,267.49,100.27,296.61,-694.48,297.61,875.0,875.0,875.0,875.0,-65.65,23.58,210.34,22.07,808.6,1870.0,1011.73,3500.0,190.34,0.0,1.0,1.0,0.0,22.5,TARGETED_EAST_OCCUPANCY_COOL,23.6805
2,Occupancy Concentration,0,272,2720.0,22,2,2,16,2,21.52,5.5,LIGHT,80.15,LOW,RUNNING,19.81,4.72,LIGHT,76.84,LOW,RUNNING,22.74,7.7,LIGHT,84.97,LOW,RUNNING,21.9,5.99,LIGHT,81.36,LOW,RUNNING,19.7,4.83,LIGHT,76.87,LOW,RUNNING,24.35,7.86,LIGHT,87.23,LOW,RUNNING,22.18,6.02,LIGHT,81.75,LOW,RUNNING,20.3,4.62,LIGHT,77.31,LOW,RUNNING,19.57,4.87,LIGHT,76.77,LOW,RUNNING,23.73,7.45,LIGHT,85.84,LOW,RUNNING,27.44,55.0,225.3,0.25,22.0,COOLING,0.25,22.0,COOLING,0.25,22.0,COOLING,0.25,22.0,COOLING,21.306,21.549,24.495,21.545,22.224,24.495,21.306,3.189,323.32,164.1,159.06,162.61,170.0,170.0,1360.0,170.0,216.35,267.47,260.54,267.55,100.56,296.94,-695.44,297.94,875.0,875.0,875.0,875.0,-64.77,23.51,209.16,23.1,809.09,1870.0,1011.91,3500.0,191.0,0.0,1.0,1.0,0.0,22.5,TARGETED_EAST_OCCUPANCY_COOL,23.7503
2,Occupancy Concentration,0,273,2730.0,22,2,2,16,2,21.41,5.51,LIGHT,80.03,LOW,RUNNING,19.86,4.83,LIGHT,77.07,LOW,RUNNING,22.9,7.81,LIGHT,85.34,LOW,RUNNING,22.03,6.0,LIGHT,81.54,LOW,RUNNING,19.67,4.73,LIGHT,76.68,LOW,RUNNING,24.2,7.75,LIGHT,86.88,LOW,RUNNING,22.04,6.0,LIGHT,81.55,LOW,RUNNING,20.31,4.71,LIGHT,77.45,LOW,RUNNING,19.71,4.98,LIGHT,77.11,LOW,RUNNING,23.88,7.49,LIGHT,86.08,LOW,RUNNING,27.45,55.0,225.5,0.25,22.0,COOLING,0.25,22.0,COOLING,0.25,22.0,COOLING,0.25,22.0,COOLING,21.305,21.549,24.499,21.545,22.224,24.499,21.305,3.194,323.98,163.56,159.0,163.19,170.0,170.0,1360.0,170.0,216.66,267.81,260.84,267.9,100.85,297.27,-696.4,298.27,875.0,875.0,875.0,875.0,-63.51,23.64,208.44,24.36,809.73,1870.0,1013.21,3500.0,192.93,0.0,1.0,1.0,0.0,22.5,TARGETED_EAST_OCCUPANCY_COOL,23.8204
2,Occupancy Concentration,0,274,2740.0,22,2,2,16,2,21.34,5.55,LIGHT,80.0,LOW,RUNNING,19.95,4.95,LIGHT,77.36,LOW,RUNNING,23.07,7.89,LIGHT,85.67,LOW,RUNNING,22.12,5.97,LIGHT,81.61,LOW,RUNNING,19.6,4.62,LIGHT,76.43,LOW,RUNNING,24.03,7.66,LIGHT,86.53,LOW,RUNNING,21.93,6.01,LIGHT,81.43,LOW,RUNNING,20.35,4.81,LIGHT,77.65,LOW,RUNNING,19.87,5.09,LIGHT,77.47,LOW,RUNNING,24.01,7.5,LIGHT,86.26,LOW,RUNNING,27.45,55.0,225.7,0.25,22.0,COOLING,0.25,22.0,COOLING,0.25,22.0,COOLING,0.25,22.0,COOLING,21.304,21.549,24.503,21.546,22.226,24.503,21.304,3.199,324.64,162.96,159.08,163.73,170.0,170.0,1360.0,170.0,216.76,267.93,260.94,268.02,101.15,297.6,-697.35,298.6,875.0,875.0,875.0,875.0,-62.45,23.49,207.67,25.35,810.41,1870.0,1013.65,3500.0,194.06,0.0,1.0,1.0,0.0,22.5,TARGETED_EAST_OCCUPANCY_COOL,23.8888
2,Occupancy Concentration,0,275,2750.0,22,2,2,16,2,21.3,5.62,LIGHT,80.06,LOW,RUNNING,20.07,5.07,LIGHT,77.69,LOW,RUNNING,23.23,7.95,LIGHT,85.96,LOW,RUNNING,22.18,5.92,LIGHT,81.6,LOW,RUNNING,19.5,4.5,LIGHT,76.12,LOW,RUNNING,23.86,7.58,LIGHT,86.2,LOW,RUNNING,21.85,6.05,LIGHT,81.39,LOW,RUNNING,20.43,4.93,LIGHT,77.93,LOW,RUNNING,20.04,5.18,LIGHT,77.82,LOW,RUNNING,24.11,7.48,LIGHT,86.36,LOW,RUNNING,27.45,55.0,225.8,0.25,22.0,COOLING,0.25,22.0,COOLING,0.25,22.0,COOLING,0.25,22.0,COOLING,21.303,21.549,24.507,21.547,22.227,24.507,21.303,3.204,325.31,162.32,159.32,164.18,170.0,170.0,1360.0,170.0,216.81,267.99,260.93,268.06,101.56,297.94,-698.2,298.69,875.0,875.0,875.0,875.0,-61.32,23.25,207.05,25.93,811.13,1870.0,1013.79,3500.0,194.91,0.0,1.0,1.0,0.0,22.5,TARGETED_EAST_OCCUPANCY_COOL,23.9577
2,Occupancy Concentration,0,276,2760.0,22,2,2,16,2,21.31,5.71,LIGHT,80.2,LOW,RUNNING,20.22,5.19,LIGHT,78.06,LOW,RUNNING,23.39,7.99,LIGHT,86.22,LOW,RUNNING,22.2,5.84,LIGHT,81.51,LOW,RUNNING,19.37,4.38,LIGHT,75.78,LOW,RUNNING,23.7,7.53,LIGHT,85.92,LOW,RUNNING,21.81,6.11,LIGHT,81.43,LOW,RUNNING,20.55,5.05,LIGHT,78.26,LOW,RUNNING,20.21,5.25,LIGHT,78.14,LOW,RUNNING,24.17,7.43,LIGHT,86.36,LOW,RUNNING,27.46,55.0,226.0,0.25,22.0,COOLING,0.25,22.0,COOLING,0.25,22.0,COOLING,0.25,22.0,COOLING,21.302,21.549,24.511,21.548,22.227,24.511,21.302,3.209,325.99,161.7,159.69,164.5,170.0,170.0,1360.0,170.0,217.13,268.34,261.24,268.38,101.96,298.29,-699.04,298.79,875.0,875.0,875.0,875.0,-59.92,23.33,206.89,26.67,811.88,1870.0,1015.09,3500.0,196.97,0.0,1.0,1.0,0.0,22.5,TARGETED_EAST_OCCUPANCY_COOL,24.027
2,Occupancy Concentration,0,277,2770.0,22,2,2,16,2,21.35,5.82,LIGHT,80.42,LOW,RUNNING,20.38,5.29,LIGHT,78.41,LOW,RUNNING,23.51,8.0,LIGHT,86.39,LOW,RUNNING,22.18,5.75,LIGHT,81.35,LOW,RUNNING,19.22,4.27,LIGHT,75.43,LOW,RUNNING,23.56,7.5,LIGHT,85.7,LOW,RUNNING,21.8,6.19,LIGHT,81.53,LOW,RUNNING,20.69,5.17,LIGHT,78.62,LOW,RUNNING,20.36,5.29,LIGHT,78.39,LOW,RUNNING,24.2,7.36,LIGHT,86.29,LOW,RUNNING,27.46,55.0,226.2,0.25,22.0,COOLING,0.25,22.0,COOLING,0.25,22.0,COOLING,0.25,22.0,COOLING,21.301,21.549,24.515,21.549,22.229,24.515,21.301,3.214,326.57,161.13,160.15,164.68,170.0,170.0,1360.0,170.0,217.23,268.47,261.32,268.49,102.36,298.63,-699.89,298.89,875.0,875.0,875.0,875.0,-58.84,23.23,206.58,27.06,812.53,1870.0,1015.51,3500.0,198.03,0.0,1.0,1.0,0.0,22.5,TARGETED_EAST_OCCUPANCY_COOL,24.0968
2,Occupancy Concentration,0,278,2780.0,22,2,2,16,2,21.44,5.93,LIGHT,80.69,LOW,RUNNING,20.55,5.38,LIGHT,78.76,LOW,RUNNING,23.61,7.98,LIGHT,86.48,LOW,RUNNING,22.12,5.64,LIGHT,81.11,LOW,RUNNING,19.05,4.17,LIGHT,75.07,LOW,RUNNING,23.44,7.51,LIGHT,85.57,LOW,RUNNING,21.84,6.3,LIGHT,81.75,LOW,RUNNING,20.85,5.28,LIGHT,78.98,LOW,RUNNING,20.49,5.3,LIGHT,78.56,LOW,RUNNING,24.18,7.26,LIGHT,86.11,LOW,RUNNING,27.47,55.0,226.3,0.25,22.0,COOLING,0.25,22.0,COOLING,0.25,22.0,COOLING,0.25,22.0,COOLING,21.3,21.549,24.519,21.55,22.23,24.519,21.3,3.219,327.04,160.64,160.73,164.67,170.0,170.0,1360.0,170.0,217.49,268.74,261.54,268.74,102.77,298.98,-700.73,298.98,875.0,875.0,875.0,875.0,-57.7,23.36,206.54,27.39,813.08,1870.0,1016.51,3500.0,199.59,0.0,1.0,1.0,0.0,22.5,TARGETED_EAST_OCCUPANCY_COOL,24.167
2,Occupancy Concentration,0,279,2790.0,22,2,2,16,2,21.55,6.05,LIGHT,81.01,LOW,RUNNING,20.71,5.45,LIGHT,79.06,LOW,RUNNING,23.68,7.93,LIGHT,86.49,LOW,RUNNING,22.02,5.52,LIGHT,80.81,LOW,RUNNING,18.88,4.09,LIGHT,74.73,LOW,RUNNING,23.36,7.54,LIGHT,85.51,LOW,RUNNING,21.92,6.41,LIGHT,82.02,LOW,RUNNING,21.02,5.37,LIGHT,79.33,LOW,RUNNING,20.6,5.28,LIGHT,78.67,LOW,RUNNING,24.13,7.16,LIGHT,85.9,LOW,RUNNING,27.47,55.0,226.5,0.25,22.0,COOLING,0.25,22.0,COOLING,0.25,22.0,COOLING,0.25,22.0,COOLING,21.299,21.549,24.523,21.551,22.23,24.523,21.299,3.224,327.37,160.24,161.35,164.57,170.0,170.0,1360.0,170.0,217.59,268.86,261.64,268.84,103.17,299.33,-701.57,299.07,875.0,875.0,875.0,875.0,-56.87,23.43,206.42,27.48,813.53,1870.0,1016.93,3500.0,200.46,0.0,1.0,1.0,0.0,22.5,TARGETED_EAST_OCCUPANCY_COOL,24.2379
2,Occupancy Concentration,0,280,2800.0,22,2,2,16,2,21.7,6.17,LIGHT,81.38,LOW,RUNNING,20.87,5.49,LIGHT,79.32,LOW,RUNNING,23.7,7.86,LIGHT,86.42,LOW,RUNNING,21.89,5.4,LIGHT,80.46,LOW,RUNNING,18.72,4.03,LIGHT,74.45,LOW,RUNNING,23.31,7.6,LIGHT,85.54,LOW,RUNNING,22.03,6.53,LIGHT,82.33,LOW,RUNNING,21.18,5.44,LIGHT,79.63,LOW,RUNNING,20.67,5.24,LIGHT,78.7,LOW,RUNNING,24.04,7.04,LIGHT,85.61,LOW,RUNNING,27.47,55.0,226.7,0.25,22.0,COOLING,0.25,22.0,COOLING,0.25,22.0,COOLING,0.25,22.0,COOLING,21.298,21.549,24.527,21.552,22.232,24.527,21.298,3.229,327.58,159.99,161.96,164.31,170.0,170.0,1360.0,170.0,217.69,268.99,261.72,268.95,103.58,299.67,-702.42,299.17,875.0,875.0,875.0,875.0,-56.15,23.65,206.26,27.43,813.84,1870.0,1017.35,3500.0,201.19,0.0,1.0,1.0,0.0,22.5,TARGETED_EAST_OCCUPANCY_COOL,24.309
2,Occupancy Concentration,0,281,2810.0,22,2,2,16,2,21.86,6.28,LIGHT,81.75,LOW,RUNNING,21.0,5.5,LIGHT,79.5,LOW,RUNNING,23.68,7.76,LIGHT,86.24,LOW,RUNNING,21.74,5.28,LIGHT,80.09,LOW,RUNNING,18.58,4.0,LIGHT,74.22,LOW,RUNNING,23.3,7.68,LIGHT,85.64,LOW,RUNNING,22.17,6.65,LIGHT,82.69,LOW,RUNNING,21.34,5.48,LIGHT,79.89,LOW,RUNNING,20.7,5.17,LIGHT,78.63,LOW,RUNNING,23.91,6.92,LIGHT,85.27,LOW,RUNNING,27.48,55.0,226.8,0.25,22.0,COOLING,0.25,22.0,COOLING,0.25,22.0,COOLING,0.25,22.0,COOLING,21.297,21.549,24.531,21.553,22.233,24.531,21.297,3.234,327.58,159.86,162.58,163.9,170.0,170.0,1360.0,170.0,217.96,269.27,261.94,269.2,103.99,300.02,-703.27,299.26,875.0,875.0,875.0,875.0,-55.47,24.15,206.25,27.36,813.92,1870.0,1018.37,3500.0,202.29,0.0,1.0,1.0,0.0,22.5,TARGETED_EAST_OCCUPANCY_COOL,24.3805
2,Occupancy Concentration,0,282,2820.0,22,2,2,16,2,22.02,6.37,LIGHT,82.08,LOW,RUNNING,21.1,5.48,LIGHT,79.59,LOW,RUNNING,23.63,7.65,LIGHT,86.01,LOW,RUNNING,21.58,5.18,LIGHT,79.74,LOW,RUNNING,18.46,4.0,LIGHT,74.08,LOW,RUNNING,23.34,7.78,LIGHT,85.84,LOW,RUNNING,22.33,6.76,LIGHT,83.05,LOW,RUNNING,21.48,5.5,LIGHT,80.1,LOW,RUNNING,20.69,5.08,LIGHT,78.48,LOW,RUNNING,23.77,6.8,LIGHT,84.91,LOW,RUNNING,27.48,55.0,227.0,0.25,22.0,COOLING,0.25,22.0,COOLING,0.25,22.0,COOLING,0.25,22.0,COOLING,21.296,21.55,24.535,21.554,22.234,24.535,21.296,3.239,327.42,159.92,163.15,163.39,170.0,170.0,1360.0,170.0,218.05,269.4,262.02,269.31,104.39,300.36,-704.11,299.36,875.0,875.0,875.0,875.0,-55.14,24.68,206.06,27.06,813.88,1870.0,1018.78,3500.0,202.66,0.0,1.0,1.0,0.0,22.5,TARGETED_EAST_OCCUPANCY_COOL,24.4504
2,Occupancy Concentration,0,283,2830.0,22,2,2,16,2,22.19,6.44,LIGHT,82.4,LOW,RUNNING,21.17,5.44,LIGHT,79.62,LOW,RUNNING,23.53,7.53,LIGHT,85.71,LOW,RUNNING,21.41,5.1,LIGHT,79.41,LOW,RUNNING,18.37,4.03,LIGHT,74.01,LOW,RUNNING,23.41,7.9,LIGHT,86.11,LOW,RUNNING,22.49,6.86,LIGHT,83.4,LOW,RUNNING,21.59,5.49,LIGHT,80.22,LOW,RUNNING,20.64,4.97,LIGHT,78.25,LOW,RUNNING,23.6,6.7,LIGHT,84.55,LOW,RUNNING,27.48,55.0,227.2,0.25,22.0,COOLING,0.25,22.0,COOLING,0.25,22.0,COOLING,0.25,22.0,COOLING,21.295,21.551,24.539,21.555,22.235,24.539,21.295,3.244,327.14,160.12,163.62,162.8,170.0,170.0,1360.0,170.0,218.16,269.49,262.12,269.41,104.91,300.47,-704.85,299.47,875.0,875.0,875.0,875.0,-54.79,25.08,205.89,26.68,813.68,1870.0,1019.18,3500.0,202.86,0.0,1.0,1.0,0.0,22.5,TARGETED_EAST_OCCUPANCY_COOL,24.5204
2,Occupancy Concentration,0,284,2840.0,22,2,2,16,2,22.35,6.48,LIGHT,82.66,LOW,RUNNING,21.2,5.37,LIGHT,79.56,LOW,RUNNING,23.41,7.41,LIGHT,85.38,LOW,RUNNING,21.24,5.04,LIGHT,79.11,LOW,RUNNING,18.31,4.09,LIGHT,74.02,LOW,RUNNING,23.51,8.02,LIGHT,86.42,LOW,RUNNING,22.66,6.93,LIGHT,83.72,LOW,RUNNING,21.66,5.45,LIGHT,80.25,LOW,RUNNING,20.55,4.85,LIGHT,77.96,LOW,RUNNING,23.44,6.61,LIGHT,84.22,LOW,RUNNING,27.49,55.0,227.3,0.25,22.0,COOLING,0.25,22.0,COOLING,0.25,22.0,COOLING,0.25,22.0,COOLING,21.294,21.552,24.543,21.556,22.236,24.543,21.294,3.249,326.71,160.44,163.97,162.18,170.0,170.0,1360.0,170.0,218.43,269.75,262.34,269.66,105.42,300.58,-705.58,299.58,875.0,875.0,875.0,875.0,-54.44,25.77,205.73,26.42,813.3,1870.0,1020.18,3500.0,203.48,0.0,1.0,1.0,0.0,22.5,TARGETED_EAST_OCCUPANCY_COOL,24.5905
2,Occupancy Concentration,0,285,2850.0,22,2,2,16,2,22.48,6.5,LIGHT,82.85,LOW,RUNNING,21.19,5.28,LIGHT,79.41,LOW,RUNNING,23.26,7.3,LIGHT,85.03,LOW,RUNNING,21.1,5.01,LIGHT,78.89,LOW,RUNNING,18.3,4.17,LIGHT,74.13,LOW,RUNNING,23.65,8.14,LIGHT,86.77,LOW,RUNNING,22.82,6.98,LIGHT,84.0,LOW,RUNNING,21.7,5.38,LIGHT,80.19,LOW,RUNNING,20.43,4.73,LIGHT,77.63,LOW,RUNNING,23.27,6.55,LIGHT,83.91,LOW,RUNNING,27.49,55.0,227.5,0.25,22.0,COOLING,0.25,22.0,COOLING,0.25,22.0,COOLING,0.25,22.0,COOLING,21.293,21.553,24.547,21.557,22.238,24.547,21.293,3.254,326.18,160.9,164.19,161.54,170.0,170.0,1360.0,170.0,218.52,269.86,262.42,269.77,105.93,300.69,-706.31,299.69,875.0,875.0,875.0,875.0,-54.37,26.45,205.3,26.0,812.81,1870.0,1020.57,3500.0,203.38,0.0,1.0,1.0,0.0,22.5,TARGETED_EAST_OCCUPANCY_COOL,24.6608
2,Occupancy Concentration,0,286,2860.0,22,2,2,16,2,22.59,6.49,LIGHT,82.97,LOW,RUNNING,21.14,5.17,LIGHT,79.18,LOW,RUNNING,23.1,7.19,LIGHT,84.66,LOW,RUNNING,20.97,5.0,LIGHT,78.71,LOW,RUNNING,18.33,4.27,LIGHT,74.32,LOW,RUNNING,23.8,8.25,LIGHT,87.12,LOW,RUNNING,22.96,7.0,LIGHT,84.2,LOW,RUNNING,21.69,5.29,LIGHT,80.05,LOW,RUNNING,20.29,4.62,LIGHT,77.29,LOW,RUNNING,23.12,6.51,LIGHT,83.67,LOW,RUNNING,27.49,55.0,227.7,0.25,22.0,COOLING,0.25,22.0,COOLING,0.25,22.0,COOLING,0.25,22.0,COOLING,21.292,21.554,24.551,21.558,22.239,24.551,21.292,3.259,325.52,161.44,164.25,160.96,170.0,170.0,1360.0,170.0,218.63,269.96,262.51,269.87,106.45,300.8,-707.05,299.8,875.0,875.0,875.0,875.0,-54.4,27.2,204.71,25.63,812.17,1870.0,1020.97,3500.0,203.14,0.0,1.0,1.0,0.0,22.5,TARGETED_EAST_OCCUPANCY_COOL,24.731
2,Occupancy Concentration,0,287,2870.0,22,2,2,16,2,22.66,6.45,LIGHT,83.0,LOW,RUNNING,21.05,5.05,LIGHT,78.89,LOW,RUNNING,22.93,7.11,LIGHT,84.33,LOW,RUNNING,20.88,5.03,LIGHT,78.64,LOW,RUNNING,18.4,4.38,LIGHT,74.57,LOW,RUNNING,23.97,8.34,LIGHT,87.47,LOW,RUNNING,23.07,6.99,LIGHT,84.32,LOW,RUNNING,21.65,5.19,LIGHT,79.85,LOW,RUNNING,20.13,4.51,LIGHT,76.93,LOW,RUNNING,22.99,6.5,LIGHT,83.49,LOW,RUNNING,27.5,55.0,227.8,0.25,22.0,COOLING,0.25,22.0,COOLING,0.25,22.0,COOLING,0.25,22.0,COOLING,21.291,21.555,24.555,21.559,22.24,24.555,21.291,3.264,324.86,162.04,164.17,160.42,170.0,170.0,1360.0,170.0,218.89,270.22,262.72,270.13,106.96,300.91,-707.78,299.91,875.0,875.0,875.0,875.0,-54.29,28.17,204.11,25.46,811.49,1870.0,1021.96,3500.0,203.45,0.0,1.0,1.0,0.0,22.5,TARGETED_EAST_OCCUPANCY_COOL,24.801
2,Occupancy Concentration,0,288,2880.0,22,2,2,16,2,22.7,6.38,LIGHT,82.94,LOW,RUNNING,20.93,4.93,LIGHT,78.56,LOW,RUNNING,22.77,7.05,LIGHT,84.04,LOW,RUNNING,20.82,5.08,LIGHT,78.65,LOW,RUNNING,18.5,4.5,LIGHT,74.88,LOW,RUNNING,24.14,8.42,LIGHT,87.8,LOW,RUNNING,23.15,6.95,LIGHT,84.36,LOW,RUNNING,21.57,5.07,LIGHT,79.57,LOW,RUNNING,19.96,4.42,LIGHT,76.58,LOW,RUNNING,22.89,6.52,LIGHT,83.39,LOW,RUNNING,27.5,55.0,228.0,0.25,22.0,COOLING,0.25,22.0,COOLING,0.25,22.0,COOLING,0.25,22.0,COOLING,21.29,21.556,24.559,21.56,22.241,24.559,21.29,3.269,324.19,162.68,163.93,159.97,170.0,170.0,1360.0,170.0,218.99,270.32,262.82,270.23,107.48,301.02,-708.52,300.02,875.0,875.0,875.0,875.0,-54.34,29.02,203.23,25.22,810.77,1870.0,1022.36,3500.0,203.13,0.0,1.0,1.0,0.0,22.5,TARGETED_EAST_OCCUPANCY_COOL,24.8709
2,Occupancy Concentration,0,289,2890.0,22,2,2,16,2,22.69,6.29,LIGHT,82.8,LOW,RUNNING,20.78,4.81,LIGHT,78.19,LOW,RUNNING,22.61,7.01,LIGHT,83.78,LOW,RUNNING,20.8,5.16,LIGHT,78.74,LOW,RUNNING,18.63,4.62,LIGHT,75.22,LOW,RUNNING,24.3,8.47,LIGHT,88.08,LOW,RUNNING,23.19,6.89,LIGHT,84.32,LOW,RUNNING,21.45,4.95,LIGHT,79.24,LOW,RUNNING,19.79,4.35,LIGHT,76.26,LOW,RUNNING,22.83,6.57,LIGHT,83.39,LOW,RUNNING,27.5,55.0,228.2,0.25,22.0,COOLING,0.25,22.0,COOLING,0.25,22.0,COOLING,0.25,22.0,COOLING,21.289,21.557,24.563,21.561,22.242,24.563,21.289,3.274,323.51,163.3,163.56,159.65,170.0,170.0,1360.0,170.0,219.1,270.42,262.9,270.33,108.0,301.13,-709.26,300.13,875.0,875.0,875.0,875.0,-54.39,29.85,202.2,25.11,810.02,1870.0,1022.75,3500.0,202.77,0.0,1.0,1.0,0.0,22.5,TARGETED_EAST_OCCUPANCY_COOL,24.9406
2,Occupancy Concentration,0,290,2900.0,22,2,2,16,2,22.65,6.18,LIGHT,82.58,LOW,RUNNING,20.62,4.71,LIGHT,77.84,LOW,RUNNING,22.49,7.0,LIGHT,83.61,LOW,RUNNING,20.82,5.25,LIGHT,78.9,LOW,RUNNING,18.78,4.73,LIGHT,75.57,LOW,RUNNING,24.44,8.5,LIGHT,88.3,LOW,RUNNING,23.2,6.81,LIGHT,84.22,LOW,RUNNING,21.31,4.83,LIGHT,78.88,LOW,RUNNING,19.64,4.31,LIGHT,76.02,LOW,RUNNING,22.8,6.64,LIGHT,83.46,LOW,RUNNING,27.51,55.0,228.3,0.25,22.0,COOLING,0.25,22.0,COOLING,0.25,22.0,COOLING,0.25,22.0,COOLING,21.288,21.558,24.567,21.562,22.244,24.567,21.288,3.279,322.93,163.87,163.1,159.48,170.0,170.0,1360.0,170.0,219.36,270.68,263.12,270.59,108.51,301.24,-709.99,300.24,875.0,875.0,875.0,875.0,-54.2,30.79,201.23,25.31,809.38,1870.0,1023.75,3500.0,203.13,0.0,1.0,1.0,0.0,22.5,TARGETED_EAST_OCCUPANCY_COOL,25.0101
2,Occupancy Concentration,0,291,2910.0,22,2,2,16,2,22.56,6.07,LIGHT,82.31,LOW,RUNNING,20.45,4.62,LIGHT,77.49,LOW,RUNNING,22.39,7.02,LIGHT,83.52,LOW,RUNNING,20.88,5.36,LIGHT,79.14,LOW,RUNNING,18.95,4.83,LIGHT,75.93,LOW,RUNNING,24.56,8.49,LIGHT,88.44,LOW,RUNNING,23.16,6.7,LIGHT,84.0,LOW,RUNNING,21.15,4.72,LIGHT,78.52,LOW,RUNNING,19.51,4.3,LIGHT,75.84,LOW,RUNNING,22.82,6.74,LIGHT,83.64,LOW,RUNNING,27.51,55.0,228.5,0.25,22.0,COOLING,0.25,22.0,COOLING,0.25,22.0,COOLING,0.25,22.0,COOLING,21.287,21.559,24.571,21.563,22.245,24.571,21.287,3.284,322.46,164.37,162.52,159.48,170.0,170.0,1360.0,170.0,219.46,270.78,263.21,270.69,109.03,301.35,-710.72,300.35,875.0,875.0,875.0,875.0,-54.05,31.5,200.01,25.52,808.83,1870.0,1024.14,3500.0,202.98,0.0,1.0,1.0,0.0,22.5,TARGETED_EAST_OCCUPANCY_COOL,25.0793
2,Occupancy Concentration,0,292,2920.0,22,2,2,16,2,22.45,5.95,LIGHT,81.99,LOW,RUNNING,20.29,4.55,LIGHT,77.19,LOW,RUNNING,22.32,7.07,LIGHT,83.51,LOW,RUNNING,20.98,5.48,LIGHT,79.44,LOW,RUNNING,19.12,4.91,LIGHT,76.27,LOW,RUNNING,24.64,8.46,LIGHT,88.49,LOW,RUNNING,23.08,6.59,LIGHT,83.73,LOW,RUNNING,20.98,4.63,LIGHT,78.17,LOW,RUNNING,19.4,4.32,LIGHT,75.73,LOW,RUNNING,22.87,6.84,LIGHT,83.85,LOW,RUNNING,27.51,55.0,228.7,0.25,22.0,COOLING,0.25,22.0,COOLING,0.25,22.0,COOLING,0.25,22.0,COOLING,21.286,21.56,24.575,21.564,22.246,24.575,21.286,3.289,322.13,164.76,161.9,159.58,170.0,170.0,1360.0,170.0,219.55,270.89,263.3,270.8,109.54,301.46,-711.46,300.46,875.0,875.0,875.0,875.0,-53.78,32.11,198.74,25.84,808.37,1870.0,1024.54,3500.0,202.91,0.0,1.0,1.0,0.0,22.5,TARGETED_EAST_OCCUPANCY_COOL,25.1484
2,Occupancy Concentration,0,293,2930.0,22,2,2,16,2,22.3,5.83,LIGHT,81.62,LOW,RUNNING,20.13,4.51,LIGHT,76.93,LOW,RUNNING,22.3,7.14,LIGHT,83.58,LOW,RUNNING,21.11,5.6,LIGHT,79.79,LOW,RUNNING,19.28,4.97,LIGHT,76.55,LOW,RUNNING,24.69,8.4,LIGHT,88.46,LOW,RUNNING,22.97,6.47,LIGHT,83.42,LOW,RUNNING,20.82,4.56,LIGHT,77.87,LOW,RUNNING,19.33,4.36,LIGHT,75.7,LOW,RUNNING,22.96,6.96,LIGHT,84.14,LOW,RUNNING,27.52,55.0,228.8,0.25,22.0,COOLING,0.25,22.0,COOLING,0.25,22.0,COOLING,0.25,22.0,COOLING,21.285,21.561,24.579,21.565,22.248,24.579,21.285,3.294,321.92,165.01,161.29,159.84,170.0,170.0,1360.0,170.0,219.83,271.14,263.52,271.05,110.05,301.57,-712.19,300.57,875.0,875.0,875.0,875.0,-53.2,32.72,197.62,26.46,808.06,1870.0,1025.54,3500.0,203.6,0.0,1.0,1.0,0.0,22.5,TARGETED_EAST_OCCUPANCY_COOL,25.2172
2,Occupancy Concentration,0,294,2940.0,22,2,2,16,2,22.14,5.72,LIGHT,81.25,LOW,RUNNING,20.0,4.5,LIGHT,76.75,LOW,RUNNING,22.32,7.24,LIGHT,83.76,LOW,RUNNING,21.26,5.72,LIGHT,80.16,LOW,RUNNING,19.42,5.0,LIGHT,76.78,LOW,RUNNING,24.7,8.32,LIGHT,88.36,LOW,RUNNING,22.83,6.35,LIGHT,83.06,LOW,RUNNING,20.66,4.52,LIGHT,77.61,LOW,RUNNING,19.3,4.43,LIGHT,75.77,LOW,RUNNING,23.09,7.08,LIGHT,84.48,LOW,RUNNING,27.52,55.0,229.0,0.25,22.0,COOLING,0.25,22.0,COOLING,0.25,22.0,COOLING,0.25,22.0,COOLING,21.284,21.562,24.583,21.566,22.249,24.583,21.284,3.299,321.92,165.14,160.67,160.25,170.0,170.0,1360.0,170.0,219.93,271.24,263.61,271.15,110.57,301.68,-712.93,300.68,875.0,875.0,875.0,875.0,-52.58,33.06,196.35,27.08,807.98,1870.0,1025.93,3500.0,203.91,0.0,1.0,1.0,0.0,22.5,TARGETED_EAST_OCCUPANCY_COOL,25.286
2,Occupancy Concentration,0,295,2950.0,22,2,2,16,2,21.98,5.63,LIGHT,80.92,LOW,RUNNING,19.9,4.52,LIGHT,76.66,LOW,RUNNING,22.37,7.35,LIGHT,83.99,LOW,RUNNING,21.42,5.82,LIGHT,80.51,LOW,RUNNING,19.54,5.0,LIGHT,76.92,LOW,RUNNING,24.66,8.22,LIGHT,88.16,LOW,RUNNING,22.67,6.24,LIGHT,82.7,LOW,RUNNING,20.52,4.5,LIGHT,77.4,LOW,RUNNING,19.31,4.52,LIGHT,75.92,LOW,RUNNING,23.23,7.2,LIGHT,84.84,LOW,RUNNING,27.52,55.0,229.2,0.25,22.0,COOLING,0.25,22.0,COOLING,0.25,22.0,COOLING,0.25,22.0,COOLING,21.283,21.563,24.587,21.567,22.25,24.587,21.283,3.304,322.08,165.08,160.1,160.76,170.0,170.0,1360.0,170.0,220.02,271.35,263.7,271.26,111.09,301.79,-713.66,300.79,875.0,875.0,875.0,875.0,-51.81,33.22,195.14,27.81,808.02,1870.0,1026.33,3500.0,204.36,0.0,1.0,1.0,0.0,22.5,TARGETED_EAST_OCCUPANCY_COOL,25.3547
2,Occupancy Concentration,0,296,2960.0,22,2,2,16,2,21.81,5.56,LIGHT,80.6,LOW,RUNNING,19.83,4.56,LIGHT,76.63,LOW,RUNNING,22.47,7.47,LIGHT,84.29,LOW,RUNNING,21.59,5.9,LIGHT,80.84,LOW,RUNNING,19.63,4.97,LIGHT,76.99,LOW,RUNNING,24.59,8.1,LIGHT,87.89,LOW,RUNNING,22.51,6.14,LIGHT,82.35,LOW,RUNNING,20.41,4.51,LIGHT,77.28,LOW,RUNNING,19.36,4.63,LIGHT,76.15,LOW,RUNNING,23.4,7.3,LIGHT,85.2,LOW,RUNNING,27.53,55.0,229.3,0.25,22.0,COOLING,0.25,22.0,COOLING,0.25,22.0,COOLING,0.25,22.0,COOLING,21.282,21.564,24.591,21.568,22.251,24.591,21.282,3.309,322.36,164.88,159.63,161.35,170.0,170.0,1360.0,170.0,220.3,271.6,263.91,271.51,111.6,301.9,-714.4,300.9,875.0,875.0,875.0,875.0,-50.74,33.38,194.14,28.76,808.22,1870.0,1027.32,3500.0,205.54,0.0,1.0,1.0,0.0,22.5,TARGETED_EAST_OCCUPANCY_COOL,25.4233
2,Occupancy Concentration,0,297,2970.0,22,2,2,16,2,21.65,5.52,LIGHT,80.34,LOW,RUNNING,19.8,4.63,LIGHT,76.69,LOW,RUNNING,22.59,7.59,LIGHT,84.62,LOW,RUNNING,21.76,5.96,LIGHT,81.14,LOW,RUNNING,19.69,4.91,LIGHT,76.98,LOW,RUNNING,24.49,7.98,LIGHT,87.58,LOW,RUNNING,22.34,6.07,LIGHT,82.03,LOW,RUNNING,20.34,4.55,LIGHT,77.25,LOW,RUNNING,19.45,4.75,LIGHT,76.44,LOW,RUNNING,23.56,7.39,LIGHT,85.53,LOW,RUNNING,27.53,55.0,229.5,0.25,22.0,COOLING,0.25,22.0,COOLING,0.25,22.0,COOLING,0.25,22.0,COOLING,21.281,21.565,24.595,21.569,22.252,24.595,21.281,3.314,322.79,164.56,159.28,161.97,170.0,170.0,1360.0,170.0,220.39,271.71,264.0,271.62,112.12,302.01,-715.14,301.01,875.0,875.0,875.0,875.0,-49.7,33.28,193.14,29.6,808.6,1870.0,1027.72,3500.0,206.32,0.0,1.0,1.0,0.0,22.5,TARGETED_EAST_OCCUPANCY_COOL,25.4922
2,Occupancy Concentration,0,298,2980.0,22,2,2,16,2,21.52,5.5,LIGHT,80.15,LOW,RUNNING,19.81,4.72,LIGHT,76.84,LOW,RUNNING,22.74,7.7,LIGHT,84.97,LOW,RUNNING,21.9,5.99,LIGHT,81.36,LOW,RUNNING,19.7,4.83,LIGHT,76.87,LOW,RUNNING,24.35,7.86,LIGHT,87.23,LOW,RUNNING,22.18,6.02,LIGHT,81.75,LOW,RUNNING,20.3,4.62,LIGHT,77.31,LOW,RUNNING,19.57,4.87,LIGHT,76.77,LOW,RUNNING,23.73,7.45,LIGHT,85.84,LOW,RUNNING,27.53,55.0,229.7,0.25,22.0,COOLING,0.25,22.0,COOLING,0.25,22.0,COOLING,0.25,22.0,COOLING,21.28,21.566,24.599,21.57,22.254,24.599,21.28,3.319,323.32,164.1,159.06,162.61,170.0,170.0,1360.0,170.0,220.49,271.81,264.09,271.72,112.63,302.12,-715.87,301.12,875.0,875.0,875.0,875.0,-48.56,33.03,192.28,30.45,809.09,1870.0,1028.11,3500.0,207.2,0.0,1.0,1.0,0.0,22.5,TARGETED_EAST_OCCUPANCY_COOL,25.5614
2,Occupancy Concentration,0,299,2990.0,22,2,2,16,2,21.41,5.51,LIGHT,80.03,LOW,RUNNING,19.86,4.83,LIGHT,77.07,LOW,RUNNING,22.9,7.81,LIGHT,85.34,LOW,RUNNING,22.03,6.0,LIGHT,81.54,LOW,RUNNING,19.67,4.73,LIGHT,76.68,LOW,RUNNING,24.2,7.75,LIGHT,86.88,LOW,RUNNING,22.04,6.0,LIGHT,81.55,LOW,RUNNING,20.31,4.71,LIGHT,77.45,LOW,RUNNING,19.71,4.98,LIGHT,77.11,LOW,RUNNING,23.88,7.49,LIGHT,86.08,LOW,RUNNING,27.54,55.0,229.8,0.25,22.0,COOLING,0.25,22.0,COOLING,0.25,22.0,COOLING,0.25,22.0,COOLING,21.279,21.567,24.603,21.571,22.255,24.603,21.279,3.324,323.98,163.56,159.0,163.19,170.0,170.0,1360.0,170.0,220.76,272.06,264.3,271.97,113.14,302.23,-716.61,301.23,875.0,875.0,875.0,875.0,-47.12,32.85,191.69,31.39,809.73,1870.0,1029.09,3500.0,208.81,0.0,1.0,1.0,0.0,22.5,TARGETED_EAST_OCCUPANCY_COOL,25.6307
2,Occupancy Concentration,0,300,3000.0,22,2,2,16,2,21.34,5.55,LIGHT,80.0,LOW,RUNNING,19.95,4.95,LIGHT,77.36,LOW,RUNNING,23.07,7.89,LIGHT,85.67,LOW,RUNNING,22.12,5.97,LIGHT,81.61,LOW,RUNNING,19.6,4.62,LIGHT,76.43,LOW,RUNNING,24.03,7.66,LIGHT,86.53,LOW,RUNNING,21.93,6.01,LIGHT,81.43,LOW,RUNNING,20.35,4.81,LIGHT,77.65,LOW,RUNNING,19.87,5.09,LIGHT,77.47,LOW,RUNNING,24.01,7.5,LIGHT,86.26,LOW,RUNNING,27.54,55.0,230.0,0.25,22.0,COOLING,0.25,22.0,COOLING,0.25,22.0,COOLING,0.25,22.0,COOLING,21.278,21.568,24.607,21.572,22.256,24.607,21.278,3.329,324.64,162.96,159.08,163.73,170.0,170.0,1360.0,170.0,220.86,272.17,264.4,272.08,113.66,302.34,-717.34,301.34,875.0,875.0,875.0,875.0,-45.84,32.47,191.14,32.15,810.41,1870.0,1029.51,3500.0,209.92,0.0,1.0,1.0,0.0,22.5,TARGETED_EAST_OCCUPANCY_COOL,25.7005
2,Occupancy Concentration,0,301,3010.0,22,2,2,16,2,21.3,5.62,LIGHT,80.06,LOW,RUNNING,20.07,5.07,LIGHT,77.69,LOW,RUNNING,23.23,7.95,LIGHT,85.96,LOW,RUNNING,22.18,5.92,LIGHT,81.6,LOW,RUNNING,19.5,4.5,LIGHT,76.12,LOW,RUNNING,23.86,7.58,LIGHT,86.2,LOW,RUNNING,21.85,6.05,LIGHT,81.39,LOW,RUNNING,20.43,4.93,LIGHT,77.93,LOW,RUNNING,20.04,5.18,LIGHT,77.82,LOW,RUNNING,24.11,7.48,LIGHT,86.36,LOW,RUNNING,27.55,55.0,230.2,0.25,22.0,COOLING,0.25,22.0,COOLING,0.25,22.0,COOLING,0.25,22.0,COOLING,21.277,21.569,24.611,21.573,22.258,24.611,21.277,3.334,325.31,162.32,159.32,164.18,170.0,170.0,1360.0,170.0,221.18,272.49,264.69,272.41,114.18,302.45,-718.07,301.45,875.0,875.0,875.0,875.0,-44.33,32.26,190.94,33.04,811.13,1870.0,1030.77,3500.0,211.91,0.0,1.0,1.0,0.0,22.5,TARGETED_EAST_OCCUPANCY_COOL,25.7707
2,Occupancy Concentration,0,302,3020.0,22,2,2,16,2,21.31,5.71,LIGHT,80.2,LOW,RUNNING,20.22,5.19,LIGHT,78.06,LOW,RUNNING,23.39,7.99,LIGHT,86.22,LOW,RUNNING,22.2,5.84,LIGHT,81.51,LOW,RUNNING,19.37,4.38,LIGHT,75.78,LOW,RUNNING,23.7,7.53,LIGHT,85.92,LOW,RUNNING,21.81,6.11,LIGHT,81.43,LOW,RUNNING,20.55,5.05,LIGHT,78.26,LOW,RUNNING,20.21,5.25,LIGHT,78.14,LOW,RUNNING,24.17,7.43,LIGHT,86.36,LOW,RUNNING,27.55,55.0,230.3,0.25,22.0,COOLING,0.25,22.0,COOLING,0.25,22.0,COOLING,0.25,22.0,COOLING,21.276,21.57,24.615,21.574,22.259,24.615,21.276,3.339,325.99,161.7,159.69,164.5,170.0,170.0,1360.0,170.0,221.23,272.53,264.7,272.45,114.69,302.56,-718.81,301.56,875.0,875.0,875.0,875.0,-43.09,31.79,190.58,33.51,811.88,1870.0,1030.91,3500.0,212.79,0.0,1.0,1.0,0.0,22.5,TARGETED_EAST_OCCUPANCY_COOL,25.8413
2,Occupancy Concentration,0,303,3030.0,22,2,2,16,2,21.35,5.82,LIGHT,80.42,LOW,RUNNING,20.38,5.29,LIGHT,78.41,LOW,RUNNING,23.51,8.0,LIGHT,86.39,LOW,RUNNING,22.18,5.75,LIGHT,81.35,LOW,RUNNING,19.22,4.27,LIGHT,75.43,LOW,RUNNING,23.56,7.5,LIGHT,85.7,LOW,RUNNING,21.8,6.19,LIGHT,81.53,LOW,RUNNING,20.69,5.17,LIGHT,78.62,LOW,RUNNING,20.36,5.29,LIGHT,78.39,LOW,RUNNING,24.2,7.36,LIGHT,86.29,LOW,RUNNING,27.55,55.0,230.5,0.25,22.0,COOLING,0.25,22.0,COOLING,0.25,22.0,COOLING,0.25,22.0,COOLING,21.275,21.571,24.619,21.575,22.26,24.619,21.275,3.344,326.57,161.13,160.15,164.68,170.0,170.0,1360.0,170.0,221.33,272.63,264.79,272.54,115.21,302.67,-719.54,301.67,875.0,875.0,875.0,875.0,-41.89,31.43,190.4,33.89,812.53,1870.0,1031.29,3500.0,213.83,0.0,1.0,1.0,0.0,22.5,TARGETED_EAST_OCCUPANCY_COOL,25.9124
2,Occupancy Concentration,0,304,3040.0,22,2,2,16,2,21.44,5.93,LIGHT,80.69,LOW,RUNNING,20.55,5.38,LIGHT,78.76,LOW,RUNNING,23.61,7.98,LIGHT,86.48,LOW,RUNNING,22.12,5.64,LIGHT,81.11,LOW,RUNNING,19.05,4.17,LIGHT,75.07,LOW,RUNNING,23.44,7.51,LIGHT,85.57,LOW,RUNNING,21.84,6.3,LIGHT,81.75,LOW,RUNNING,20.85,5.28,LIGHT,78.98,LOW,RUNNING,20.49,5.3,LIGHT,78.56,LOW,RUNNING,24.18,7.26,LIGHT,86.11,LOW,RUNNING,27.56,55.0,230.7,0.25,22.0,COOLING,0.25,22.0,COOLING,0.25,22.0,COOLING,0.25,22.0,COOLING,21.274,21.572,24.623,21.576,22.261,24.623,21.274,3.349,327.04,160.64,160.73,164.67,170.0,170.0,1360.0,170.0,221.64,272.95,265.09,272.87,115.72,302.78,-720.28,301.78,875.0,875.0,875.0,875.0,-40.6,31.37,190.54,34.32,813.08,1870.0,1032.55,3500.0,215.63,0.0,1.0,1.0,0.0,22.5,TARGETED_EAST_OCCUPANCY_COOL,25.9841
2,Occupancy Concentration,0,305,3050.0,22,2,2,16,2,21.55,6.05,LIGHT,81.01,LOW,RUNNING,20.71,5.45,LIGHT,79.06,LOW,RUNNING,23.68,7.93,LIGHT,86.49,LOW,RUNNING,22.02,5.52,LIGHT,80.81,LOW,RUNNING,18.88,4.09,LIGHT,74.73,LOW,RUNNING,23.36,7.54,LIGHT,85.51,LOW,RUNNING,21.92,6.41,LIGHT,82.02,LOW,RUNNING,21.02,5.37,LIGHT,79.33,LOW,RUNNING,20.6,5.28,LIGHT,78.67,LOW,RUNNING,24.13,7.16,LIGHT,85.9,LOW,RUNNING,27.56,55.0,230.8,0.25,22.0,COOLING,0.25,22.0,COOLING,0.25,22.0,COOLING,0.25,22.0,COOLING,21.273,21.573,24.627,21.577,22.262,24.627,21.273,3.354,327.37,160.24,161.35,164.57,170.0,170.0,1360.0,170.0,221.7,272.99,265.1,272.91,116.23,302.89,-721.02,301.89,875.0,875.0,875.0,875.0,-39.7,31.12,190.43,34.37,813.53,1870.0,1032.7,3500.0,216.22,0.0,1.0,1.0,0.0,22.5,TARGETED_EAST_OCCUPANCY_COOL,26.0563
2,Occupancy Concentration,0,306,3060.0,22,2,2,16,2,21.7,6.17,LIGHT,81.38,LOW,RUNNING,20.87,5.49,LIGHT,79.32,LOW,RUNNING,23.7,7.86,LIGHT,86.42,LOW,RUNNING,21.89,5.4,LIGHT,80.46,LOW,RUNNING,18.72,4.03,LIGHT,74.45,LOW,RUNNING,23.31,7.6,LIGHT,85.54,LOW,RUNNING,22.03,6.53,LIGHT,82.33,LOW,RUNNING,21.18,5.44,LIGHT,79.63,LOW,RUNNING,20.67,5.24,LIGHT,78.7,LOW,RUNNING,24.04,7.04,LIGHT,85.61,LOW,RUNNING,27.56,55.0,231.0,0.25,22.0,COOLING,0.25,22.0,COOLING,0.25,22.0,COOLING,0.25,22.0,COOLING,21.272,21.574,24.631,21.578,22.264,24.631,21.272,3.359,327.58,159.99,161.96,164.31,170.0,170.0,1360.0,170.0,221.79,273.1,265.18,273.01,116.75,303.0,-721.75,302.0,875.0,875.0,875.0,875.0,-38.88,31.09,190.39,34.32,813.84,1870.0,1033.08,3500.0,216.92,0.0,1.0,1.0,0.0,22.5,TARGETED_EAST_OCCUPANCY_COOL,26.1288
2,Occupancy Concentration,0,307,3070.0,22,2,2,16,2,21.86,6.28,LIGHT,81.75,LOW,RUNNING,21.0,5.5,LIGHT,79.5,LOW,RUNNING,23.68,7.76,LIGHT,86.24,LOW,RUNNING,21.74,5.28,LIGHT,80.09,LOW,RUNNING,18.58,4.0,LIGHT,74.22,LOW,RUNNING,23.3,7.68,LIGHT,85.64,LOW,RUNNING,22.17,6.65,LIGHT,82.69,LOW,RUNNING,21.34,5.48,LIGHT,79.89,LOW,RUNNING,20.7,5.17,LIGHT,78.63,LOW,RUNNING,23.91,6.92,LIGHT,85.27,LOW,RUNNING,27.57,55.0,231.2,0.25,22.0,COOLING,0.25,22.0,COOLING,0.25,22.0,COOLING,0.25,22.0,COOLING,21.271,21.575,24.635,21.579,22.265,24.635,21.271,3.364,327.58,159.86,162.58,163.9,170.0,170.0,1360.0,170.0,222.11,273.41,265.49,273.33,117.27,303.11,-722.48,302.11,875.0,875.0,875.0,875.0,-38.04,31.38,190.59,34.34,813.92,1870.0,1034.34,3500.0,218.27,0.0,1.0,1.0,0.0,22.5,TARGETED_EAST_OCCUPANCY_COOL,26.2018
2,Occupancy Concentration,0,308,3080.0,22,2,2,16,2,22.02,6.37,LIGHT,82.08,LOW,RUNNING,21.1,5.48,LIGHT,79.59,LOW,RUNNING,23.63,7.65,LIGHT,86.01,LOW,RUNNING,21.58,5.18,LIGHT,79.74,LOW,RUNNING,18.46,4.0,LIGHT,74.08,LOW,RUNNING,23.34,7.78,LIGHT,85.84,LOW,RUNNING,22.33,6.76,LIGHT,83.05,LOW,RUNNING,21.48,5.5,LIGHT,80.1,LOW,RUNNING,20.69,5.08,LIGHT,78.48,LOW,RUNNING,23.77,6.8,LIGHT,84.91,LOW,RUNNING,27.57,55.0,231.3,0.25,22.0,COOLING,0.25,22.0,COOLING,0.25,22.0,COOLING,0.25,22.0,COOLING,21.27,21.576,24.639,21.58,22.266,24.639,21.27,3.369,327.42,159.92,163.15,163.39,170.0,170.0,1360.0,170.0,222.17,273.45,265.49,273.37,117.78,303.22,-723.22,302.22,875.0,875.0,875.0,875.0,-37.63,31.59,190.42,33.98,813.88,1870.0,1034.48,3500.0,218.36,0.0,1.0,1.0,0.0,22.5,TARGETED_EAST_OCCUPANCY_COOL,26.2751
2,Occupancy Concentration,0,309,3090.0,22,2,2,16,2,22.19,6.44,LIGHT,82.4,LOW,RUNNING,21.17,5.44,LIGHT,79.62,LOW,RUNNING,23.53,7.53,LIGHT,85.71,LOW,RUNNING,21.41,5.1,LIGHT,79.41,LOW,RUNNING,18.37,4.03,LIGHT,74.01,LOW,RUNNING,23.41,7.9,LIGHT,86.11,LOW,RUNNING,22.49,6.86,LIGHT,83.4,LOW,RUNNING,21.59,5.49,LIGHT,80.22,LOW,RUNNING,20.64,4.97,LIGHT,78.25,LOW,RUNNING,23.6,6.7,LIGHT,84.55,LOW,RUNNING,27.57,55.0,231.5,0.25,22.0,COOLING,0.25,22.0,COOLING,0.25,22.0,COOLING,0.25,22.0,COOLING,21.269,21.577,24.643,21.581,22.267,24.643,21.269,3.374,327.14,160.12,163.62,162.8,170.0,170.0,1360.0,170.0,222.26,273.56,265.58,273.48,118.29,303.33,-723.96,302.33,875.0,875.0,875.0,875.0,-37.31,32.01,190.24,33.61,813.68,1870.0,1034.88,3500.0,218.55,0.0,1.0,1.0,0.0,22.5,TARGETED_EAST_OCCUPANCY_COOL,26.3487
2,Occupancy Concentration,0,310,3100.0,22,2,2,16,2,22.35,6.48,LIGHT,82.66,LOW,RUNNING,21.2,5.37,LIGHT,79.56,LOW,RUNNING,23.41,7.41,LIGHT,85.38,LOW,RUNNING,21.24,5.04,LIGHT,79.11,LOW,RUNNING,18.31,4.09,LIGHT,74.02,LOW,RUNNING,23.51,8.02,LIGHT,86.42,LOW,RUNNING,22.66,6.93,LIGHT,83.72,LOW,RUNNING,21.66,5.45,LIGHT,80.25,LOW,RUNNING,20.55,4.85,LIGHT,77.96,LOW,RUNNING,23.44,6.61,LIGHT,84.22,LOW,RUNNING,27.58,55.0,231.7,0.25,22.0,COOLING,0.25,22.0,COOLING,0.25,22.0,COOLING,0.25,22.0,COOLING,21.268,21.578,24.647,21.582,22.269,24.647,21.268,3.379,326.71,160.44,163.97,162.18,170.0,170.0,1360.0,170.0,222.58,273.87,265.89,273.79,118.81,303.44,-724.69,302.44,875.0,875.0,875.0,875.0,-36.9,32.75,190.17,33.41,813.3,1870.0,1036.13,3500.0,219.43,0.0,1.0,1.0,0.0,22.5,TARGETED_EAST_OCCUPANCY_COOL,26.4222
2,Occupancy Concentration,0,311,3110.0,22,2,2,16,2,22.48,6.5,LIGHT,82.85,LOW,RUNNING,21.19,5.28,LIGHT,79.41,LOW,RUNNING,23.26,7.3,LIGHT,85.03,LOW,RUNNING,21.1,5.01,LIGHT,78.89,LOW,RUNNING,18.3,4.17,LIGHT,74.13,LOW,RUNNING,23.65,8.14,LIGHT,86.77,LOW,RUNNING,22.82,6.98,LIGHT,84.0,LOW,RUNNING,21.7,5.38,LIGHT,80.19,LOW,RUNNING,20.43,4.73,LIGHT,77.63,LOW,RUNNING,23.27,6.55,LIGHT,83.91,LOW,RUNNING,27.58,55.0,231.8,0.25,22.0,COOLING,0.25,22.0,COOLING,0.25,22.0,COOLING,0.25,22.0,COOLING,21.267,21.579,24.651,21.583,22.27,24.651,21.267,3.384,326.18,160.9,164.19,161.54,170.0,170.0,1360.0,170.0,222.63,273.92,265.88,273.84,119.32,303.55,-725.42,302.55,875.0,875.0,875.0,875.0,-36.87,33.37,189.65,32.93,812.81,1870.0,1036.27,3500.0,219.08,0.0,1.0,1.0,0.0,22.5,TARGETED_EAST_OCCUPANCY_COOL,26.4959
2,Occupancy Concentration,0,312,3120.0,22,2,2,16,2,22.59,6.49,LIGHT,82.97,LOW,RUNNING,21.14,5.17,LIGHT,79.18,LOW,RUNNING,23.1,7.19,LIGHT,84.66,LOW,RUNNING,20.97,5.0,LIGHT,78.71,LOW,RUNNING,18.33,4.27,LIGHT,74.32,LOW,RUNNING,23.8,8.25,LIGHT,87.12,LOW,RUNNING,22.96,7.0,LIGHT,84.2,LOW,RUNNING,21.69,5.29,LIGHT,80.05,LOW,RUNNING,20.29,4.62,LIGHT,77.29,LOW,RUNNING,23.12,6.51,LIGHT,83.67,LOW,RUNNING,27.58,55.0,232.0,0.25,22.0,COOLING,0.25,22.0,COOLING,0.25,22.0,COOLING,0.25,22.0,COOLING,21.266,21.58,24.655,21.584,22.271,24.655,21.266,3.389,325.52,161.44,164.25,160.96,170.0,170.0,1360.0,170.0,222.73,274.02,265.97,273.94,119.84,303.66,-726.16,302.66,875.0,875.0,875.0,875.0,-36.91,34.12,189.06,32.56,812.17,1870.0,1036.66,3500.0,218.83,0.0,1.0,1.0,0.0,22.5,TARGETED_EAST_OCCUPANCY_COOL,26.5696
2,Occupancy Concentration,0,313,3130.0,22,2,2,16,2,22.66,6.45,LIGHT,83.0,LOW,RUNNING,21.05,5.05,LIGHT,78.89,LOW,RUNNING,22.93,7.11,LIGHT,84.33,LOW,RUNNING,20.88,5.03,LIGHT,78.64,LOW,RUNNING,18.4,4.38,LIGHT,74.57,LOW,RUNNING,23.97,8.34,LIGHT,87.47,LOW,RUNNING,23.07,6.99,LIGHT,84.32,LOW,RUNNING,21.65,5.19,LIGHT,79.85,LOW,RUNNING,20.13,4.51,LIGHT,76.93,LOW,RUNNING,22.99,6.5,LIGHT,83.49,LOW,RUNNING,27.59,55.0,232.2,0.25,22.0,COOLING,0.25,22.0,COOLING,0.25,22.0,COOLING,0.25,22.0,COOLING,21.265,21.581,24.659,21.585,22.273,24.659,21.265,3.394,324.86,162.04,164.17,160.42,170.0,170.0,1360.0,170.0,223.05,274.34,266.27,274.25,120.36,303.77,-726.9,302.77,875.0,875.0,875.0,875.0,-36.73,35.15,188.54,32.44,811.49,1870.0,1037.91,3500.0,219.4,0.0,1.0,1.0,0.0,22.5,TARGETED_EAST_OCCUPANCY_COOL,26.643
2,Occupancy Concentration,0,314,3140.0,22,2,2,16,2,22.7,6.38,LIGHT,82.94,LOW,RUNNING,20.93,4.93,LIGHT,78.56,LOW,RUNNING,22.77,7.05,LIGHT,84.04,LOW,RUNNING,20.82,5.08,LIGHT,78.65,LOW,RUNNING,18.5,4.5,LIGHT,74.88,LOW,RUNNING,24.14,8.42,LIGHT,87.8,LOW,RUNNING,23.15,6.95,LIGHT,84.36,LOW,RUNNING,21.57,5.07,LIGHT,79.57,LOW,RUNNING,19.96,4.42,LIGHT,76.58,LOW,RUNNING,22.89,6.52,LIGHT,83.39,LOW,RUNNING,27.59,55.0,232.3,0.25,22.0,COOLING,0.25,22.0,COOLING,0.25,22.0,COOLING,0.25,22.0,COOLING,21.264,21.582,24.663,21.586,22.274,24.663,21.264,3.399,324.19,162.68,163.93,159.97,170.0,170.0,1360.0,170.0,223.1,274.38,266.28,274.3,120.87,303.88,-727.63,302.88,875.0,875.0,875.0,875.0,-36.84,35.94,187.58,32.15,810.77,1870.0,1038.06,3500.0,218.83,0.0,1.0,1.0,0.0,22.5,TARGETED_EAST_OCCUPANCY_COOL,26.7163
2,Occupancy Concentration,0,315,3150.0,22,2,2,16,2,22.69,6.29,LIGHT,82.8,LOW,RUNNING,20.78,4.81,LIGHT,78.19,LOW,RUNNING,22.61,7.01,LIGHT,83.78,LOW,RUNNING,20.8,5.16,LIGHT,78.74,LOW,RUNNING,18.63,4.62,LIGHT,75.22,LOW,RUNNING,24.3,8.47,LIGHT,88.08,LOW,RUNNING,23.19,6.89,LIGHT,84.32,LOW,RUNNING,21.45,4.95,LIGHT,79.24,LOW,RUNNING,19.79,4.35,LIGHT,76.26,LOW,RUNNING,22.83,6.57,LIGHT,83.39,LOW,RUNNING,27.59,55.0,232.5,0.25,22.0,COOLING,0.25,22.0,COOLING,0.25,22.0,COOLING,0.25,22.0,COOLING,21.263,21.583,24.667,21.587,22.275,24.667,21.263,3.404,323.51,163.3,163.56,159.65,170.0,170.0,1360.0,170.0,223.2,274.48,266.37,274.4,121.39,303.99,-728.37,302.99,875.0,875.0,875.0,875.0,-36.9,36.77,186.56,32.04,810.02,1870.0,1038.45,3500.0,218.47,0.0,1.0,1.0,0.0,22.5,TARGETED_EAST_OCCUPANCY_COOL,26.7895
2,Occupancy Concentration,0,316,3160.0,22,2,2,16,2,22.65,6.18,LIGHT,82.58,LOW,RUNNING,20.62,4.71,LIGHT,77.84,LOW,RUNNING,22.49,7.0,LIGHT,83.61,LOW,RUNNING,20.82,5.25,LIGHT,78.9,LOW,RUNNING,18.78,4.73,LIGHT,75.57,LOW,RUNNING,24.44,8.5,LIGHT,88.3,LOW,RUNNING,23.2,6.81,LIGHT,84.22,LOW,RUNNING,21.31,4.83,LIGHT,78.88,LOW,RUNNING,19.64,4.31,LIGHT,76.02,LOW,RUNNING,22.8,6.64,LIGHT,83.46,LOW,RUNNING,27.6,55.0,232.7,0.25,22.0,COOLING,0.25,22.0,COOLING,0.25,22.0,COOLING,0.25,22.0,COOLING,21.262,21.584,24.671,21.588,22.276,24.671,21.262,3.409,322.93,163.87,163.1,159.48,170.0,170.0,1360.0,170.0,223.51,274.81,266.67,274.72,121.9,304.1,-729.1,303.1,875.0,875.0,875.0,875.0,-36.66,37.78,185.67,32.3,809.38,1870.0,1039.71,3500.0,219.09,0.0,1.0,1.0,0.0,22.5,TARGETED_EAST_OCCUPANCY_COOL,26.8624
2,Occupancy Concentration,0,317,3170.0,22,2,2,16,2,22.56,6.07,LIGHT,82.31,LOW,RUNNING,20.45,4.62,LIGHT,77.49,LOW,RUNNING,22.39,7.02,LIGHT,83.52,LOW,RUNNING,20.88,5.36,LIGHT,79.14,LOW,RUNNING,18.95,4.83,LIGHT,75.93,LOW,RUNNING,24.56,8.49,LIGHT,88.44,LOW,RUNNING,23.16,6.7,LIGHT,84.0,LOW,RUNNING,21.15,4.72,LIGHT,78.52,LOW,RUNNING,19.51,4.3,LIGHT,75.84,LOW,RUNNING,22.82,6.74,LIGHT,83.64,LOW,RUNNING,27.6,55.0,232.8,0.25,22.0,COOLING,0.25,22.0,COOLING,0.25,22.0,COOLING,0.25,22.0,COOLING,21.261,21.585,24.675,21.589,22.277,24.675,21.261,3.414,322.46,164.37,162.52,159.48,170.0,170.0,1360.0,170.0,223.57,274.84,266.67,274.76,122.41,304.21,-729.83,303.21,875.0,875.0,875.0,875.0,-36.56,38.42,184.36,32.45,808.83,1870.0,1039.84,3500.0,218.67,0.0,1.0,1.0,0.0,22.5,TARGETED_EAST_OCCUPANCY_COOL,26.9349
2,Occupancy Concentration,0,318,3180.0,22,2,2,16,2,22.45,5.95,LIGHT,81.99,LOW,RUNNING,20.29,4.55,LIGHT,77.19,LOW,RUNNING,22.32,7.07,LIGHT,83.51,LOW,RUNNING,20.98,5.48,LIGHT,79.44,LOW,RUNNING,19.12,4.91,LIGHT,76.27,LOW,RUNNING,24.64,8.46,LIGHT,88.49,LOW,RUNNING,23.08,6.59,LIGHT,83.73,LOW,RUNNING,20.98,4.63,LIGHT,78.17,LOW,RUNNING,19.4,4.32,LIGHT,75.73,LOW,RUNNING,22.87,6.84,LIGHT,83.85,LOW,RUNNING,27.6,55.0,233.0,0.25,22.0,COOLING,0.25,22.0,COOLING,0.25,22.0,COOLING,0.25,22.0,COOLING,21.26,21.586,24.679,21.59,22.279,24.679,21.26,3.419,322.13,164.76,161.9,159.58,170.0,170.0,1360.0,170.0,223.67,274.94,266.77,274.86,122.93,304.32,-730.57,303.32,875.0,875.0,875.0,875.0,-36.27,39.02,183.1,32.76,808.37,1870.0,1040.24,3500.0,218.61,0.0,1.0,1.0,0.0,22.5,TARGETED_EAST_OCCUPANCY_COOL,27.0074
2,Occupancy Concentration,0,319,3190.0,22,2,2,16,2,22.3,5.83,LIGHT,81.62,LOW,RUNNING,20.13,4.51,LIGHT,76.93,LOW,RUNNING,22.3,7.14,LIGHT,83.58,LOW,RUNNING,21.11,5.6,LIGHT,79.79,LOW,RUNNING,19.28,4.97,LIGHT,76.55,LOW,RUNNING,24.69,8.4,LIGHT,88.46,LOW,RUNNING,22.97,6.47,LIGHT,83.42,LOW,RUNNING,20.82,4.56,LIGHT,77.87,LOW,RUNNING,19.33,4.36,LIGHT,75.7,LOW,RUNNING,22.96,6.96,LIGHT,84.14,LOW,RUNNING,27.61,55.0,233.2,0.25,22.0,COOLING,0.25,22.0,COOLING,0.25,22.0,COOLING,0.25,22.0,COOLING,21.259,21.587,24.683,21.591,22.28,24.683,21.259,3.424,321.92,165.01,161.29,159.84,170.0,170.0,1360.0,170.0,223.97,275.27,267.07,275.18,123.44,304.43,-731.3,303.43,875.0,875.0,875.0,875.0,-35.67,39.71,182.06,33.45,808.06,1870.0,1041.49,3500.0,219.55,0.0,1.0,1.0,0.0,22.5,TARGETED_EAST_OCCUPANCY_COOL,27.0797
2,Occupancy Concentration,0,320,3200.0,22,2,2,16,2,22.14,5.72,LIGHT,81.25,LOW,RUNNING,20.0,4.5,LIGHT,76.75,LOW,RUNNING,22.32,7.24,LIGHT,83.76,LOW,RUNNING,21.26,5.72,LIGHT,80.16,LOW,RUNNING,19.42,5.0,LIGHT,76.78,LOW,RUNNING,24.7,8.32,LIGHT,88.36,LOW,RUNNING,22.83,6.35,LIGHT,83.06,LOW,RUNNING,20.66,4.52,LIGHT,77.61,LOW,RUNNING,19.3,4.43,LIGHT,75.77,LOW,RUNNING,23.09,7.08,LIGHT,84.48,LOW,RUNNING,27.61,55.0,233.3,0.25,22.0,COOLING,0.25,22.0,COOLING,0.25,22.0,COOLING,0.25,22.0,COOLING,21.258,21.588,24.687,21.592,22.281,24.687,21.258,3.429,321.92,165.14,160.67,160.25,170.0,170.0,1360.0,170.0,224.04,275.3,267.07,275.22,123.96,304.54,-732.04,303.54,875.0,875.0,875.0,875.0,-35.08,39.98,180.7,34.01,807.98,1870.0,1041.63,3500.0,219.61,0.0,1.0,1.0,0.0,22.5,TARGETED_EAST_OCCUPANCY_COOL,27.1516
2,Occupancy Concentration,0,321,3210.0,22,2,2,16,2,21.98,5.63,LIGHT,80.92,LOW,RUNNING,19.9,4.52,LIGHT,76.66,LOW,RUNNING,22.37,7.35,LIGHT,83.99,LOW,RUNNING,21.42,5.82,LIGHT,80.51,LOW,RUNNING,19.54,5.0,LIGHT,76.92,LOW,RUNNING,24.66,8.22,LIGHT,88.16,LOW,RUNNING,22.67,6.24,LIGHT,82.7,LOW,RUNNING,20.52,4.5,LIGHT,77.4,LOW,RUNNING,19.31,4.52,LIGHT,75.92,LOW,RUNNING,23.23,7.2,LIGHT,84.84,LOW,RUNNING,27.61,55.0,233.5,0.25,22.0,COOLING,0.25,22.0,COOLING,0.25,22.0,COOLING,0.25,22.0,COOLING,21.257,21.589,24.691,21.593,22.282,24.691,21.257,3.434,322.08,165.08,160.1,160.76,170.0,170.0,1360.0,170.0,224.13,275.41,267.15,275.33,124.48,304.65,-732.78,303.65,875.0,875.0,875.0,875.0,-34.31,40.14,179.47,34.74,808.02,1870.0,1042.02,3500.0,220.04,0.0,1.0,1.0,0.0,22.5,TARGETED_EAST_OCCUPANCY_COOL,27.2236
2,Occupancy Concentration,0,322,3220.0,22,2,2,16,2,21.81,5.56,LIGHT,80.6,LOW,RUNNING,19.83,4.56,LIGHT,76.63,LOW,RUNNING,22.47,7.47,LIGHT,84.29,LOW,RUNNING,21.59,5.9,LIGHT,80.84,LOW,RUNNING,19.63,4.97,LIGHT,76.99,LOW,RUNNING,24.59,8.1,LIGHT,87.89,LOW,RUNNING,22.51,6.14,LIGHT,82.35,LOW,RUNNING,20.41,4.51,LIGHT,77.28,LOW,RUNNING,19.36,4.63,LIGHT,76.15,LOW,RUNNING,23.4,7.3,LIGHT,85.2,LOW,RUNNING,27.62,55.0,233.7,0.25,22.0,COOLING,0.25,22.0,COOLING,0.25,22.0,COOLING,0.25,22.0,COOLING,21.256,21.59,24.695,21.594,22.284,24.695,21.256,3.439,322.36,164.88,159.63,161.35,170.0,170.0,1360.0,170.0,224.44,275.73,267.46,275.64,124.99,304.76,-733.51,303.76,875.0,875.0,875.0,875.0,-33.21,40.37,178.58,35.75,808.22,1870.0,1043.27,3500.0,221.49,0.0,1.0,1.0,0.0,22.5,TARGETED_EAST_OCCUPANCY_COOL,27.2958
2,Occupancy Concentration,0,323,3230.0,22,2,2,16,2,21.65,5.52,LIGHT,80.34,LOW,RUNNING,19.8,4.63,LIGHT,76.69,LOW,RUNNING,22.59,7.59,LIGHT,84.62,LOW,RUNNING,21.76,5.96,LIGHT,81.14,LOW,RUNNING,19.69,4.91,LIGHT,76.98,LOW,RUNNING,24.49,7.98,LIGHT,87.58,LOW,RUNNING,22.34,6.07,LIGHT,82.03,LOW,RUNNING,20.34,4.55,LIGHT,77.25,LOW,RUNNING,19.45,4.75,LIGHT,76.44,LOW,RUNNING,23.56,7.39,LIGHT,85.53,LOW,RUNNING,27.62,55.0,233.8,0.25,22.0,COOLING,0.25,22.0,COOLING,0.25,22.0,COOLING,0.25,22.0,COOLING,21.255,21.591,24.699,21.595,22.285,24.699,21.255,3.444,322.79,164.56,159.28,161.97,170.0,170.0,1360.0,170.0,224.5,275.77,267.46,275.68,125.51,304.87,-734.25,303.87,875.0,875.0,875.0,875.0,-32.2,40.2,177.49,36.52,808.6,1870.0,1043.41,3500.0,222.01,0.0,1.0,1.0,0.0,22.5,TARGETED_EAST_OCCUPANCY_COOL,27.3679
2,Occupancy Concentration,0,324,3240.0,22,2,2,16,2,21.52,5.5,LIGHT,80.15,LOW,RUNNING,19.81,4.72,LIGHT,76.84,LOW,RUNNING,22.74,7.7,LIGHT,84.97,LOW,RUNNING,21.9,5.99,LIGHT,81.36,LOW,RUNNING,19.7,4.83,LIGHT,76.87,LOW,RUNNING,24.35,7.86,LIGHT,87.23,LOW,RUNNING,22.18,6.02,LIGHT,81.75,LOW,RUNNING,20.3,4.62,LIGHT,77.31,LOW,RUNNING,19.57,4.87,LIGHT,76.77,LOW,RUNNING,23.73,7.45,LIGHT,85.84,LOW,RUNNING,27.62,55.0,234.0,0.25,22.0,COOLING,0.25,22.0,COOLING,0.25,22.0,COOLING,0.25,22.0,COOLING,21.254,21.592,24.703,21.596,22.286,24.703,21.254,3.449,323.32,164.1,159.06,162.61,170.0,170.0,1360.0,170.0,224.6,275.87,267.55,275.79,126.02,304.98,-734.98,303.98,875.0,875.0,875.0,875.0,-31.06,39.95,176.63,37.38,809.09,1870.0,1043.81,3500.0,222.9,0.0,1.0,1.0,0.0,22.5,TARGETED_EAST_OCCUPANCY_COOL,27.4404
2,Occupancy Concentration,0,325,3250.0,22,2,2,16,2,21.41,5.51,LIGHT,80.03,LOW,RUNNING,19.86,4.83,LIGHT,77.07,LOW,RUNNING,22.9,7.81,LIGHT,85.34,LOW,RUNNING,22.03,6.0,LIGHT,81.54,LOW,RUNNING,19.67,4.73,LIGHT,76.68,LOW,RUNNING,24.2,7.75,LIGHT,86.88,LOW,RUNNING,22.04,6.0,LIGHT,81.55,LOW,RUNNING,20.31,4.71,LIGHT,77.45,LOW,RUNNING,19.71,4.98,LIGHT,77.11,LOW,RUNNING,23.88,7.49,LIGHT,86.08,LOW,RUNNING,27.63,55.0,234.2,0.25,22.0,COOLING,0.25,22.0,COOLING,0.25,22.0,COOLING,0.25,22.0,COOLING,21.253,21.593,24.707,21.597,22.288,24.707,21.253,3.454,323.98,163.56,159.0,163.19,170.0,170.0,1360.0,170.0,224.91,276.2,267.85,276.11,126.53,305.09,-735.72,304.09,875.0,875.0,875.0,875.0,-29.58,39.85,176.13,38.39,809.73,1870.0,1045.07,3500.0,224.79,0.0,1.0,1.0,0.0,22.5,TARGETED_EAST_OCCUPANCY_COOL,27.5131
2,Occupancy Concentration,0,326,3260.0,22,2,2,16,2,21.34,5.55,LIGHT,80.0,LOW,RUNNING,19.95,4.95,LIGHT,77.36,LOW,RUNNING,23.07,7.89,LIGHT,85.67,LOW,RUNNING,22.12,5.97,LIGHT,81.61,LOW,RUNNING,19.6,4.62,LIGHT,76.43,LOW,RUNNING,24.03,7.66,LIGHT,86.53,LOW,RUNNING,21.93,6.01,LIGHT,81.43,LOW,RUNNING,20.35,4.81,LIGHT,77.65,LOW,RUNNING,19.87,5.09,LIGHT,77.47,LOW,RUNNING,24.01,7.5,LIGHT,86.26,LOW,RUNNING,27.63,55.0,234.3,0.25,22.0,COOLING,0.25,22.0,COOLING,0.25,22.0,COOLING,0.25,22.0,COOLING,21.252,21.594,24.711,21.598,22.289,24.711,21.252,3.459,324.64,162.96,159.08,163.73,170.0,170.0,1360.0,170.0,224.97,276.24,267.85,276.15,127.05,305.2,-736.45,304.2,875.0,875.0,875.0,875.0,-28.34,39.4,175.48,39.08,810.41,1870.0,1045.21,3500.0,225.62,0.0,1.0,1.0,0.0,22.5,TARGETED_EAST_OCCUPANCY_COOL,27.5862
2,Occupancy Concentration,0,327,3270.0,22,2,2,16,2,21.3,5.62,LIGHT,80.06,LOW,RUNNING,20.07,5.07,LIGHT,77.69,LOW,RUNNING,23.23,7.95,LIGHT,85.96,LOW,RUNNING,22.18,5.92,LIGHT,81.6,LOW,RUNNING,19.5,4.5,LIGHT,76.12,LOW,RUNNING,23.86,7.58,LIGHT,86.2,LOW,RUNNING,21.85,6.05,LIGHT,81.39,LOW,RUNNING,20.43,4.93,LIGHT,77.93,LOW,RUNNING,20.04,5.18,LIGHT,77.82,LOW,RUNNING,24.11,7.48,LIGHT,86.36,LOW,RUNNING,27.64,55.0,234.5,0.25,22.0,COOLING,0.25,22.0,COOLING,0.25,22.0,COOLING,0.25,22.0,COOLING,21.251,21.595,24.715,21.599,22.29,24.715,21.251,3.464,325.31,162.32,159.32,164.18,170.0,170.0,1360.0,170.0,225.28,276.55,268.16,276.46,127.57,305.31,-737.18,304.31,875.0,875.0,875.0,875.0,-26.84,39.18,175.3,39.95,811.13,1870.0,1046.45,3500.0,227.59,0.0,1.0,1.0,0.0,22.5,TARGETED_EAST_OCCUPANCY_COOL,27.6598
2,Occupancy Concentration,0,328,3280.0,22,2,2,16,2,21.31,5.71,LIGHT,80.2,LOW,RUNNING,20.22,5.19,LIGHT,78.06,LOW,RUNNING,23.39,7.99,LIGHT,86.22,LOW,RUNNING,22.2,5.84,LIGHT,81.51,LOW,RUNNING,19.37,4.38,LIGHT,75.78,LOW,RUNNING,23.7,7.53,LIGHT,85.92,LOW,RUNNING,21.81,6.11,LIGHT,81.43,LOW,RUNNING,20.55,5.05,LIGHT,78.26,LOW,RUNNING,20.21,5.25,LIGHT,78.14,LOW,RUNNING,24.17,7.43,LIGHT,86.36,LOW,RUNNING,27.64,55.0,234.7,0.25,22.0,COOLING,0.25,22.0,COOLING,0.25,22.0,COOLING,0.25,22.0,COOLING,21.25,21.596,24.719,21.6,22.291,24.719,21.25,3.469,325.99,161.7,159.69,164.5,170.0,170.0,1360.0,170.0,225.37,276.66,268.25,276.57,128.08,305.42,-737.92,304.42,875.0,875.0,875.0,875.0,-25.56,38.78,175.02,40.49,811.88,1870.0,1046.85,3500.0,228.73,0.0,1.0,1.0,0.0,22.5,TARGETED_EAST_OCCUPANCY_COOL,27.7339
2,Occupancy Concentration,0,329,3290.0,22,2,2,16,2,21.35,5.82,LIGHT,80.42,LOW,RUNNING,20.38,5.29,LIGHT,78.41,LOW,RUNNING,23.51,8.0,LIGHT,86.39,LOW,RUNNING,22.18,5.75,LIGHT,81.35,LOW,RUNNING,19.22,4.27,LIGHT,75.43,LOW,RUNNING,23.56,7.5,LIGHT,85.7,LOW,RUNNING,21.8,6.19,LIGHT,81.53,LOW,RUNNING,20.69,5.17,LIGHT,78.62,LOW,RUNNING,20.36,5.29,LIGHT,78.39,LOW,RUNNING,24.2,7.36,LIGHT,86.29,LOW,RUNNING,27.64,55.0,234.8,0.25,22.0,COOLING,0.25,22.0,COOLING,0.25,22.0,COOLING,0.25,22.0,COOLING,21.25,21.597,24.723,21.601,22.293,24.723,21.25,3.473,326.57,161.13,160.15,164.68,170.0,170.0,1360.0,170.0,225.44,276.7,268.25,276.61,128.6,305.53,-738.66,304.53,875.0,875.0,875.0,875.0,-24.39,38.36,174.74,40.82,812.53,1870.0,1047.0,3500.0,229.53,0.0,1.0,1.0,0.0,22.5,TARGETED_EAST_OCCUPANCY_COOL,27.7933
2,Occupancy Concentration,0,330,3300.0,22,2,2,16,2,21.44,5.93,LIGHT,80.69,LOW,RUNNING,20.55,5.38,LIGHT,78.76,LOW,RUNNING,23.61,7.98,LIGHT,86.48,LOW,RUNNING,22.12,5.64,LIGHT,81.11,LOW,RUNNING,19.05,4.17,LIGHT,75.07,LOW,RUNNING,23.44,7.51,LIGHT,85.57,LOW,RUNNING,21.84,6.3,LIGHT,81.75,LOW,RUNNING,20.85,5.28,LIGHT,78.98,LOW,RUNNING,20.49,5.3,LIGHT,78.56,LOW,RUNNING,24.18,7.26,LIGHT,86.11,LOW,RUNNING,27.65,55.0,235.0,0.25,22.0,COOLING,0.25,22.0,COOLING,0.25,22.0,COOLING,0.25,22.0,COOLING,21.25,21.598,24.727,21.602,22.294,24.727,21.25,3.477,327.04,160.64,160.73,164.67,170.0,170.0,1360.0,170.0,225.72,277.02,268.55,276.93,128.88,305.75,-739.37,304.75,875.0,875.0,875.0,875.0,-23.36,38.41,174.91,41.35,813.08,1870.0,1048.22,3500.0,231.31,0.0,1.0,1.0,0.0,22.5,TARGETED_EAST_OCCUPANCY_COOL,27.8539
2,Occupancy Concentration,0,331,3310.0,22,2,2,16,2,21.55,6.05,LIGHT,81.01,LOW,RUNNING,20.71,5.45,LIGHT,79.06,LOW,RUNNING,23.68,7.93,LIGHT,86.49,LOW,RUNNING,22.02,5.52,LIGHT,80.81,LOW,RUNNING,18.88,4.09,LIGHT,74.73,LOW,RUNNING,23.36,7.54,LIGHT,85.51,LOW,RUNNING,21.92,6.41,LIGHT,82.02,LOW,RUNNING,21.02,5.37,LIGHT,79.33,LOW,RUNNING,20.6,5.28,LIGHT,78.67,LOW,RUNNING,24.13,7.16,LIGHT,85.9,LOW,RUNNING,27.65,55.0,235.2,0.25,22.0,COOLING,0.25,22.0,COOLING,0.25,22.0,COOLING,0.25,22.0,COOLING,21.25,21.599,24.731,21.603,22.296,24.731,21.25,3.481,327.37,160.24,161.35,164.57,170.0,170.0,1360.0,170.0,225.8,277.12,268.64,277.03,129.15,305.97,-740.1,304.97,875.0,875.0,875.0,875.0,-22.68,38.33,174.89,41.57,813.53,1870.0,1048.59,3500.0,232.11,0.0,1.0,1.0,0.0,22.5,TARGETED_EAST_OCCUPANCY_COOL,27.9149
2,Occupancy Concentration,0,332,3320.0,22,2,2,16,2,21.7,6.17,LIGHT,81.38,LOW,RUNNING,20.87,5.49,LIGHT,79.32,LOW,RUNNING,23.7,7.86,LIGHT,86.42,LOW,RUNNING,21.89,5.4,LIGHT,80.46,LOW,RUNNING,18.72,4.03,LIGHT,74.45,LOW,RUNNING,23.31,7.6,LIGHT,85.54,LOW,RUNNING,22.03,6.53,LIGHT,82.33,LOW,RUNNING,21.18,5.44,LIGHT,79.63,LOW,RUNNING,20.67,5.24,LIGHT,78.7,LOW,RUNNING,24.04,7.04,LIGHT,85.61,LOW,RUNNING,27.65,55.0,235.3,0.25,22.0,COOLING,0.25,22.0,COOLING,0.25,22.0,COOLING,0.25,22.0,COOLING,21.25,21.6,24.735,21.604,22.297,24.735,21.25,3.485,327.58,159.99,161.96,164.31,170.0,170.0,1360.0,170.0,225.84,277.16,268.65,277.07,129.44,306.19,-740.82,305.19,875.0,875.0,875.0,875.0,-22.14,38.34,174.79,41.57,813.84,1870.0,1048.72,3500.0,232.56,0.0,1.0,1.0,0.0,22.5,TARGETED_EAST_OCCUPANCY_COOL,27.9761
2,Occupancy Concentration,0,333,3330.0,22,2,2,16,2,21.86,6.28,LIGHT,81.75,LOW,RUNNING,21.0,5.5,LIGHT,79.5,LOW,RUNNING,23.68,7.76,LIGHT,86.24,LOW,RUNNING,21.74,5.28,LIGHT,80.09,LOW,RUNNING,18.58,4.0,LIGHT,74.22,LOW,RUNNING,23.3,7.68,LIGHT,85.64,LOW,RUNNING,22.17,6.65,LIGHT,82.69,LOW,RUNNING,21.34,5.48,LIGHT,79.89,LOW,RUNNING,20.7,5.17,LIGHT,78.63,LOW,RUNNING,23.91,6.92,LIGHT,85.27,LOW,RUNNING,27.66,55.0,235.5,0.25,22.0,COOLING,0.25,22.0,COOLING,0.25,22.0,COOLING,0.25,22.0,COOLING,21.25,21.601,24.739,21.605,22.299,24.739,21.25,3.489,327.58,159.86,162.58,163.9,170.0,170.0,1360.0,170.0,226.12,277.48,268.95,277.39,129.72,306.41,-741.53,305.41,875.0,875.0,875.0,875.0,-21.58,38.75,175.0,41.7,813.92,1870.0,1049.94,3500.0,233.87,0.0,1.0,1.0,0.0,22.5,TARGETED_EAST_OCCUPANCY_COOL,28.0379
2,Occupancy Concentration,0,334,3340.0,22,2,2,16,2,22.02,6.37,LIGHT,82.08,LOW,RUNNING,21.1,5.48,LIGHT,79.59,LOW,RUNNING,23.63,7.65,LIGHT,86.01,LOW,RUNNING,21.58,5.18,LIGHT,79.74,LOW,RUNNING,18.46,4.0,LIGHT,74.08,LOW,RUNNING,23.34,7.78,LIGHT,85.84,LOW,RUNNING,22.33,6.76,LIGHT,83.05,LOW,RUNNING,21.48,5.5,LIGHT,80.1,LOW,RUNNING,20.69,5.08,LIGHT,78.48,LOW,RUNNING,23.77,6.8,LIGHT,84.91,LOW,RUNNING,27.66,55.0,235.7,0.25,22.0,COOLING,0.25,22.0,COOLING,0.25,22.0,COOLING,0.25,22.0,COOLING,21.25,21.602,24.743,21.606,22.3,24.743,21.25,3.493,327.42,159.92,163.15,163.39,170.0,170.0,1360.0,170.0,226.2,277.58,269.04,277.49,129.99,306.63,-742.26,305.63,875.0,875.0,875.0,875.0,-21.39,39.13,174.93,41.51,813.88,1870.0,1050.31,3500.0,234.18,0.0,1.0,1.0,0.0,22.5,TARGETED_EAST_OCCUPANCY_COOL,28.1
2,Occupancy Concentration,0,335,3350.0,22,2,2,16,2,22.19,6.44,LIGHT,82.4,LOW,RUNNING,21.17,5.44,LIGHT,79.62,LOW,RUNNING,23.53,7.53,LIGHT,85.71,LOW,RUNNING,21.41,5.1,LIGHT,79.41,LOW,RUNNING,18.37,4.03,LIGHT,74.01,LOW,RUNNING,23.41,7.9,LIGHT,86.11,LOW,RUNNING,22.49,6.86,LIGHT,83.4,LOW,RUNNING,21.59,5.49,LIGHT,80.22,LOW,RUNNING,20.64,4.97,LIGHT,78.25,LOW,RUNNING,23.6,6.7,LIGHT,84.55,LOW,RUNNING,27.66,55.0,235.8,0.25,22.0,COOLING,0.25,22.0,COOLING,0.25,22.0,COOLING,0.25,22.0,COOLING,21.25,21.603,24.747,21.607,22.302,24.747,21.25,3.497,327.14,160.12,163.62,162.8,170.0,170.0,1360.0,170.0,226.23,277.63,269.04,277.54,130.28,306.85,-742.97,305.85,875.0,875.0,875.0,875.0,-21.35,39.6,174.69,41.19,813.68,1870.0,1050.44,3500.0,234.13,0.0,1.0,1.0,0.0,22.5,TARGETED_EAST_OCCUPANCY_COOL,28.1621
2,Occupancy Concentration,0,336,3360.0,22,2,2,16,2,22.35,6.48,LIGHT,82.66,LOW,RUNNING,21.2,5.37,LIGHT,79.56,LOW,RUNNING,23.41,7.41,LIGHT,85.38,LOW,RUNNING,21.24,5.04,LIGHT,79.11,LOW,RUNNING,18.31,4.09,LIGHT,74.02,LOW,RUNNING,23.51,8.02,LIGHT,86.42,LOW,RUNNING,22.66,6.93,LIGHT,83.72,LOW,RUNNING,21.66,5.45,LIGHT,80.25,LOW,RUNNING,20.55,4.85,LIGHT,77.96,LOW,RUNNING,23.44,6.61,LIGHT,84.22,LOW,RUNNING,27.67,55.0,236.0,0.25,22.0,COOLING,0.25,22.0,COOLING,0.25,22.0,COOLING,0.25,22.0,COOLING,21.25,21.604,24.751,21.608,22.303,24.751,21.25,3.501,326.71,160.44,163.97,162.18,170.0,170.0,1360.0,170.0,226.53,277.94,269.34,277.85,130.56,307.07,-743.69,306.07,875.0,875.0,875.0,875.0,-21.2,40.45,174.62,41.1,813.3,1870.0,1051.66,3500.0,234.97,0.0,1.0,1.0,0.0,22.5,TARGETED_EAST_OCCUPANCY_COOL,28.2244
2,Occupancy Concentration,0,337,3370.0,22,2,2,16,2,22.48,6.5,LIGHT,82.85,LOW,RUNNING,21.19,5.28,LIGHT,79.41,LOW,RUNNING,23.26,7.3,LIGHT,85.03,LOW,RUNNING,21.1,5.01,LIGHT,78.89,LOW,RUNNING,18.3,4.17,LIGHT,74.13,LOW,RUNNING,23.65,8.14,LIGHT,86.77,LOW,RUNNING,22.82,6.98,LIGHT,84.0,LOW,RUNNING,21.7,5.38,LIGHT,80.19,LOW,RUNNING,20.43,4.73,LIGHT,77.63,LOW,RUNNING,23.27,6.55,LIGHT,83.91,LOW,RUNNING,27.67,55.0,236.2,0.25,22.0,COOLING,0.25,22.0,COOLING,0.25,22.0,COOLING,0.25,22.0,COOLING,21.25,21.605,24.755,21.609,22.305,24.755,21.25,3.505,326.18,160.9,164.19,161.54,170.0,170.0,1360.0,170.0,226.61,278.04,269.43,277.95,130.83,307.29,-744.42,306.29,875.0,875.0,875.0,875.0,-21.38,41.23,174.2,40.78,812.81,1870.0,1052.03,3500.0,234.83,0.0,1.0,1.0,0.0,22.5,TARGETED_EAST_OCCUPANCY_COOL,28.2866
2,Occupancy Concentration,0,338,3380.0,22,2,2,16,2,22.59,6.49,LIGHT,82.97,LOW,RUNNING,21.14,5.17,LIGHT,79.18,LOW,RUNNING,23.1,7.19,LIGHT,84.66,LOW,RUNNING,20.97,5.0,LIGHT,78.71,LOW,RUNNING,18.33,4.27,LIGHT,74.32,LOW,RUNNING,23.8,8.25,LIGHT,87.12,LOW,RUNNING,22.96,7.0,LIGHT,84.2,LOW,RUNNING,21.69,5.29,LIGHT,80.05,LOW,RUNNING,20.29,4.62,LIGHT,77.29,LOW,RUNNING,23.12,6.51,LIGHT,83.67,LOW,RUNNING,27.67,55.0,236.3,0.25,22.0,COOLING,0.25,22.0,COOLING,0.25,22.0,COOLING,0.25,22.0,COOLING,21.25,21.606,24.759,21.61,22.306,24.759,21.25,3.509,325.52,161.44,164.25,160.96,170.0,170.0,1360.0,170.0,226.64,278.09,269.43,278.0,131.12,307.51,-745.13,306.51,875.0,875.0,875.0,875.0,-21.72,42.04,173.55,40.47,812.17,1870.0,1052.16,3500.0,234.34,0.0,1.0,1.0,0.0,22.5,TARGETED_EAST_OCCUPANCY_COOL,28.3489
2,Occupancy Concentration,0,339,3390.0,22,2,2,16,2,22.66,6.45,LIGHT,83.0,LOW,RUNNING,21.05,5.05,LIGHT,78.89,LOW,RUNNING,22.93,7.11,LIGHT,84.33,LOW,RUNNING,20.88,5.03,LIGHT,78.64,LOW,RUNNING,18.4,4.38,LIGHT,74.57,LOW,RUNNING,23.97,8.34,LIGHT,87.47,LOW,RUNNING,23.07,6.99,LIGHT,84.32,LOW,RUNNING,21.65,5.19,LIGHT,79.85,LOW,RUNNING,20.13,4.51,LIGHT,76.93,LOW,RUNNING,22.99,6.5,LIGHT,83.49,LOW,RUNNING,27.68,55.0,236.5,0.25,22.0,COOLING,0.25,22.0,COOLING,0.25,22.0,COOLING,0.25,22.0,COOLING,21.25,21.607,24.763,21.611,22.308,24.763,21.25,3.513,324.86,162.04,164.17,160.42,170.0,170.0,1360.0,170.0,226.94,278.4,269.74,278.31,131.4,307.73,-745.86,306.73,875.0,875.0,875.0,875.0,-21.8,43.17,173.05,40.46,811.49,1870.0,1053.39,3500.0,234.88,0.0,1.0,1.0,0.0,22.5,TARGETED_EAST_OCCUPANCY_COOL,28.4108
2,Occupancy Concentration,0,340,3400.0,22,2,2,16,2,22.7,6.38,LIGHT,82.94,LOW,RUNNING,20.93,4.93,LIGHT,78.56,LOW,RUNNING,22.77,7.05,LIGHT,84.04,LOW,RUNNING,20.82,5.08,LIGHT,78.65,LOW,RUNNING,18.5,4.5,LIGHT,74.88,LOW,RUNNING,24.14,8.42,LIGHT,87.8,LOW,RUNNING,23.15,6.95,LIGHT,84.36,LOW,RUNNING,21.57,5.07,LIGHT,79.57,LOW,RUNNING,19.96,4.42,LIGHT,76.58,LOW,RUNNING,22.89,6.52,LIGHT,83.39,LOW,RUNNING,27.68,55.0,236.7,0.25,22.0,COOLING,0.25,22.0,COOLING,0.25,22.0,COOLING,0.25,22.0,COOLING,21.25,21.608,24.767,21.612,22.309,24.767,21.25,3.517,324.19,162.68,163.93,159.97,170.0,170.0,1360.0,170.0,227.01,278.51,269.83,278.42,131.68,307.95,-746.58,306.95,875.0,875.0,875.0,875.0,-22.12,44.14,172.18,40.34,810.77,1870.0,1053.77,3500.0,234.54,0.0,1.0,1.0,0.0,22.5,TARGETED_EAST_OCCUPANCY_COOL,28.4727
2,Occupancy Concentration,0,341,3410.0,22,2,2,16,2,22.69,6.29,LIGHT,82.8,LOW,RUNNING,20.78,4.81,LIGHT,78.19,LOW,RUNNING,22.61,7.01,LIGHT,83.78,LOW,RUNNING,20.8,5.16,LIGHT,78.74,LOW,RUNNING,18.63,4.62,LIGHT,75.22,LOW,RUNNING,24.3,8.47,LIGHT,88.08,LOW,RUNNING,23.19,6.89,LIGHT,84.32,LOW,RUNNING,21.45,4.95,LIGHT,79.24,LOW,RUNNING,19.79,4.35,LIGHT,76.26,LOW,RUNNING,22.83,6.57,LIGHT,83.39,LOW,RUNNING,27.68,55.0,236.8,0.25,22.0,COOLING,0.25,22.0,COOLING,0.25,22.0,COOLING,0.25,22.0,COOLING,21.25,21.609,24.77,21.613,22.311,24.77,21.25,3.52,323.51,163.3,163.56,159.65,170.0,170.0,1360.0,170.0,227.05,278.55,269.83,278.46,131.95,308.17,-747.29,307.17,875.0,875.0,875.0,875.0,-22.49,45.02,171.1,40.28,810.02,1870.0,1053.89,3500.0,233.91,0.0,1.0,1.0,0.0,22.5,TARGETED_EAST_OCCUPANCY_COOL,28.5174
2,Occupancy Concentration,0,342,3420.0,22,2,2,16,2,22.65,6.18,LIGHT,82.58,LOW,RUNNING,20.62,4.71,LIGHT,77.84,LOW,RUNNING,22.49,7.0,LIGHT,83.61,LOW,RUNNING,20.82,5.25,LIGHT,78.9,LOW,RUNNING,18.78,4.73,LIGHT,75.57,LOW,RUNNING,24.44,8.5,LIGHT,88.3,LOW,RUNNING,23.2,6.81,LIGHT,84.22,LOW,RUNNING,21.31,4.83,LIGHT,78.88,LOW,RUNNING,19.64,4.31,LIGHT,76.02,LOW,RUNNING,22.8,6.64,LIGHT,83.46,LOW,RUNNING,27.69,55.0,237.0,0.25,22.0,COOLING,0.25,22.0,COOLING,0.25,22.0,COOLING,0.25,22.0,COOLING,21.25,21.61,24.773,21.614,22.312,24.773,21.25,3.523,322.93,163.87,163.1,159.48,170.0,170.0,1360.0,170.0,227.34,278.86,270.16,278.78,132.22,308.28,-747.78,307.28,875.0,875.0,875.0,875.0,-22.51,46.01,170.48,40.54,809.38,1870.0,1055.14,3500.0,234.52,0.0,1.0,1.0,0.0,22.5,TARGETED_EAST_OCCUPANCY_COOL,28.5624
2,Occupancy Concentration,0,343,3430.0,22,2,2,16,2,22.56,6.07,LIGHT,82.31,LOW,RUNNING,20.45,4.62,LIGHT,77.49,LOW,RUNNING,22.39,7.02,LIGHT,83.52,LOW,RUNNING,20.88,5.36,LIGHT,79.14,LOW,RUNNING,18.95,4.83,LIGHT,75.93,LOW,RUNNING,24.56,8.49,LIGHT,88.44,LOW,RUNNING,23.16,6.7,LIGHT,84.0,LOW,RUNNING,21.15,4.72,LIGHT,78.52,LOW,RUNNING,19.51,4.3,LIGHT,75.84,LOW,RUNNING,22.82,6.74,LIGHT,83.64,LOW,RUNNING,27.69,55.0,237.2,0.25,22.0,COOLING,0.25,22.0,COOLING,0.25,22.0,COOLING,0.25,22.0,COOLING,21.25,21.611,24.776,21.615,22.313,24.776,21.25,3.526,322.46,164.37,162.52,159.48,170.0,170.0,1360.0,170.0,227.41,278.97,270.27,278.88,132.49,308.39,-748.26,307.39,875.0,875.0,875.0,875.0,-22.64,46.73,169.53,40.75,808.83,1870.0,1055.53,3500.0,234.37,0.0,1.0,1.0,0.0,22.5,TARGETED_EAST_OCCUPANCY_COOL,28.6071
2,Occupancy Concentration,0,344,3440.0,22,2,2,16,2,22.45,5.95,LIGHT,81.99,LOW,RUNNING,20.29,4.55,LIGHT,77.19,LOW,RUNNING,22.32,7.07,LIGHT,83.51,LOW,RUNNING,20.98,5.48,LIGHT,79.44,LOW,RUNNING,19.12,4.91,LIGHT,76.27,LOW,RUNNING,24.64,8.46,LIGHT,88.49,LOW,RUNNING,23.08,6.59,LIGHT,83.73,LOW,RUNNING,20.98,4.63,LIGHT,78.17,LOW,RUNNING,19.4,4.32,LIGHT,75.73,LOW,RUNNING,22.87,6.84,LIGHT,83.85,LOW,RUNNING,27.69,55.0,237.3,0.25,22.0,COOLING,0.25,22.0,COOLING,0.25,22.0,COOLING,0.25,22.0,COOLING,21.25,21.612,24.779,21.616,22.314,24.779,21.25,3.529,322.13,164.76,161.9,159.58,170.0,170.0,1360.0,170.0,227.45,279.01,270.29,278.92,132.75,308.5,-748.75,307.5,875.0,875.0,875.0,875.0,-22.67,47.27,168.44,41.0,808.37,1870.0,1055.67,3500.0,234.04,0.0,1.0,1.0,0.0,22.5,TARGETED_EAST_OCCUPANCY_COOL,28.6514
2,Occupancy Concentration,0,345,3450.0,22,2,2,16,2,22.3,5.83,LIGHT,81.62,LOW,RUNNING,20.13,4.51,LIGHT,76.93,LOW,RUNNING,22.3,7.14,LIGHT,83.58,LOW,RUNNING,21.11,5.6,LIGHT,79.79,LOW,RUNNING,19.28,4.97,LIGHT,76.55,LOW,RUNNING,24.69,8.4,LIGHT,88.46,LOW,RUNNING,22.97,6.47,LIGHT,83.42,LOW,RUNNING,20.82,4.56,LIGHT,77.87,LOW,RUNNING,19.33,4.36,LIGHT,75.7,LOW,RUNNING,22.96,6.96,LIGHT,84.14,LOW,RUNNING,27.7,55.0,237.5,0.25,22.0,COOLING,0.25,22.0,COOLING,0.25,22.0,COOLING,0.25,22.0,COOLING,21.25,21.613,24.782,21.617,22.316,24.782,21.25,3.532,321.92,165.01,161.29,159.84,170.0,170.0,1360.0,170.0,227.73,279.33,270.61,279.25,133.01,308.61,-749.24,307.61,875.0,875.0,875.0,875.0,-22.34,47.95,167.66,41.7,808.06,1870.0,1056.92,3500.0,234.97,0.0,1.0,1.0,0.0,22.5,TARGETED_EAST_OCCUPANCY_COOL,28.6955
2,Occupancy Concentration,0,346,3460.0,22,2,2,16,2,22.14,5.72,LIGHT,81.25,LOW,RUNNING,20.0,4.5,LIGHT,76.75,LOW,RUNNING,22.32,7.24,LIGHT,83.76,LOW,RUNNING,21.26,5.72,LIGHT,80.16,LOW,RUNNING,19.42,5.0,LIGHT,76.78,LOW,RUNNING,24.7,8.32,LIGHT,88.36,LOW,RUNNING,22.83,6.35,LIGHT,83.06,LOW,RUNNING,20.66,4.52,LIGHT,77.61,LOW,RUNNING,19.3,4.43,LIGHT,75.77,LOW,RUNNING,23.09,7.08,LIGHT,84.48,LOW,RUNNING,27.7,55.0,237.7,0.25,22.0,COOLING,0.25,22.0,COOLING,0.25,22.0,COOLING,0.25,22.0,COOLING,21.25,21.614,24.785,21.618,22.317,24.785,21.25,3.535,321.92,165.14,160.67,160.25,170.0,170.0,1360.0,170.0,227.81,279.43,270.73,279.34,133.28,308.72,-749.72,307.72,875.0,875.0,875.0,875.0,-21.99,48.29,166.68,42.31,807.98,1870.0,1057.31,3500.0,235.29,0.0,1.0,1.0,0.0,22.5,TARGETED_EAST_OCCUPANCY_COOL,28.7394
2,Occupancy Concentration,0,347,3470.0,22,2,2,16,2,21.98,5.63,LIGHT,80.92,LOW,RUNNING,19.9,4.52,LIGHT,76.66,LOW,RUNNING,22.37,7.35,LIGHT,83.99,LOW,RUNNING,21.42,5.82,LIGHT,80.51,LOW,RUNNING,19.54,5.0,LIGHT,76.92,LOW,RUNNING,24.66,8.22,LIGHT,88.16,LOW,RUNNING,22.67,6.24,LIGHT,82.7,LOW,RUNNING,20.52,4.5,LIGHT,77.4,LOW,RUNNING,19.31,4.52,LIGHT,75.92,LOW,RUNNING,23.23,7.2,LIGHT,84.84,LOW,RUNNING,27.7,55.0,237.8,0.25,22.0,COOLING,0.25,22.0,COOLING,0.25,22.0,COOLING,0.25,22.0,COOLING,21.25,21.615,24.788,21.619,22.318,24.788,21.25,3.538,322.08,165.08,160.1,160.76,170.0,170.0,1360.0,170.0,227.84,279.47,270.74,279.38,133.54,308.83,-750.21,307.83,875.0,875.0,875.0,875.0,-21.54,48.38,165.63,42.97,808.02,1870.0,1057.43,3500.0,235.44,0.0,1.0,1.0,0.0,22.5,TARGETED_EAST_OCCUPANCY_COOL,28.783
2,Occupancy Concentration,0,348,3480.0,22,2,2,16,2,21.81,5.56,LIGHT,80.6,LOW,RUNNING,19.83,4.56,LIGHT,76.63,LOW,RUNNING,22.47,7.47,LIGHT,84.29,LOW,RUNNING,21.59,5.9,LIGHT,80.84,LOW,RUNNING,19.63,4.97,LIGHT,76.99,LOW,RUNNING,24.59,8.1,LIGHT,87.89,LOW,RUNNING,22.51,6.14,LIGHT,82.35,LOW,RUNNING,20.41,4.51,LIGHT,77.28,LOW,RUNNING,19.36,4.63,LIGHT,76.15,LOW,RUNNING,23.4,7.3,LIGHT,85.2,LOW,RUNNING,27.71,55.0,238.0,0.25,22.0,COOLING,0.25,22.0,COOLING,0.25,22.0,COOLING,0.25,22.0,COOLING,21.25,21.616,24.791,21.62,22.319,24.791,21.25,3.541,322.36,164.88,159.63,161.35,170.0,170.0,1360.0,170.0,228.14,279.79,271.07,279.71,133.81,308.94,-750.69,307.94,875.0,875.0,875.0,875.0,-20.69,48.61,165.01,44.0,808.22,1870.0,1058.71,3500.0,236.93,0.0,1.0,1.0,0.0,22.5,TARGETED_EAST_OCCUPANCY_COOL,28.8267
2,Occupancy Concentration,0,349,3490.0,22,2,2,16,2,21.65,5.52,LIGHT,80.34,LOW,RUNNING,19.8,4.63,LIGHT,76.69,LOW,RUNNING,22.59,7.59,LIGHT,84.62,LOW,RUNNING,21.76,5.96,LIGHT,81.14,LOW,RUNNING,19.69,4.91,LIGHT,76.98,LOW,RUNNING,24.49,7.98,LIGHT,87.58,LOW,RUNNING,22.34,6.07,LIGHT,82.03,LOW,RUNNING,20.34,4.55,LIGHT,77.25,LOW,RUNNING,19.45,4.75,LIGHT,76.44,LOW,RUNNING,23.56,7.39,LIGHT,85.53,LOW,RUNNING,27.71,55.0,238.2,0.25,22.0,COOLING,0.25,22.0,COOLING,0.25,22.0,COOLING,0.25,22.0,COOLING,21.25,21.617,24.794,21.621,22.32,24.794,21.25,3.544,322.79,164.56,159.28,161.97,170.0,170.0,1360.0,170.0,228.22,279.9,271.18,279.82,134.08,309.05,-751.17,308.05,875.0,875.0,875.0,875.0,-19.91,48.51,164.29,44.84,808.6,1870.0,1059.12,3500.0,237.73,0.0,1.0,1.0,0.0,22.5,TARGETED_EAST_OCCUPANCY_COOL,28.8705
2,Occupancy Concentration,0,350,3500.0,22,2,2,16,2,21.52,5.5,LIGHT,80.15,LOW,RUNNING,19.81,4.72,LIGHT,76.84,LOW,RUNNING,22.74,7.7,LIGHT,84.97,LOW,RUNNING,21.9,5.99,LIGHT,81.36,LOW,RUNNING,19.7,4.83,LIGHT,76.87,LOW,RUNNING,24.35,7.86,LIGHT,87.23,LOW,RUNNING,22.18,6.02,LIGHT,81.75,LOW,RUNNING,20.3,4.62,LIGHT,77.31,LOW,RUNNING,19.57,4.87,LIGHT,76.77,LOW,RUNNING,23.73,7.45,LIGHT,85.84,LOW,RUNNING,27.72,55.0,238.3,0.25,22.0,COOLING,0.25,22.0,COOLING,0.25,22.0,COOLING,0.25,22.0,COOLING,21.25,21.618,24.797,21.622,22.322,24.797,21.25,3.547,323.32,164.1,159.06,162.61,170.0,170.0,1360.0,170.0,228.46,280.15,271.42,280.07,134.34,309.16,-751.66,308.16,875.0,875.0,875.0,875.0,-18.88,48.41,163.82,45.84,809.09,1870.0,1060.1,3500.0,239.19,0.0,1.0,1.0,0.0,22.5,TARGETED_EAST_OCCUPANCY_COOL,28.9144
2,Occupancy Concentration,0,351,3510.0,22,2,2,16,2,21.41,5.51,LIGHT,80.03,LOW,RUNNING,19.86,4.83,LIGHT,77.07,LOW,RUNNING,22.9,7.81,LIGHT,85.34,LOW,RUNNING,22.03,6.0,LIGHT,81.54,LOW,RUNNING,19.67,4.73,LIGHT,76.68,LOW,RUNNING,24.2,7.75,LIGHT,86.88,LOW,RUNNING,22.04,6.0,LIGHT,81.55,LOW,RUNNING,20.31,4.71,LIGHT,77.45,LOW,RUNNING,19.71,4.98,LIGHT,77.11,LOW,RUNNING,23.88,7.49,LIGHT,86.08,LOW,RUNNING,27.72,55.0,238.5,0.25,22.0,COOLING,0.25,22.0,COOLING,0.25,22.0,COOLING,0.25,22.0,COOLING,21.25,21.619,24.8,21.623,22.323,24.8,21.25,3.55,323.98,163.56,159.0,163.19,170.0,170.0,1360.0,170.0,228.54,280.25,271.53,280.17,134.6,309.27,-752.15,308.27,875.0,875.0,875.0,875.0,-17.88,48.08,163.38,46.63,809.73,1870.0,1060.49,3500.0,240.21,0.0,1.0,1.0,0.0,22.5,TARGETED_EAST_OCCUPANCY_COOL,28.9586
2,Occupancy Concentration,0,352,3520.0,22,2,2,16,2,21.34,5.55,LIGHT,80.0,LOW,RUNNING,19.95,4.95,LIGHT,77.36,LOW,RUNNING,23.07,7.89,LIGHT,85.67,LOW,RUNNING,22.12,5.97,LIGHT,81.61,LOW,RUNNING,19.6,4.62,LIGHT,76.43,LOW,RUNNING,24.03,7.66,LIGHT,86.53,LOW,RUNNING,21.93,6.01,LIGHT,81.43,LOW,RUNNING,20.35,4.81,LIGHT,77.65,LOW,RUNNING,19.87,5.09,LIGHT,77.47,LOW,RUNNING,24.01,7.5,LIGHT,86.26,LOW,RUNNING,27.72,55.0,238.7,0.25,22.0,COOLING,0.25,22.0,COOLING,0.25,22.0,COOLING,0.25,22.0,COOLING,21.25,21.62,24.803,21.624,22.324,24.803,21.25,3.553,324.64,162.96,159.08,163.73,170.0,170.0,1360.0,170.0,228.61,280.36,271.64,280.28,134.87,309.38,-752.63,308.38,875.0,875.0,875.0,875.0,-16.88,47.7,163.09,47.39,810.41,1870.0,1060.89,3500.0,241.3,0.0,1.0,1.0,0.0,22.5,TARGETED_EAST_OCCUPANCY_COOL,29.0031
2,Occupancy Concentration,0,353,3530.0,22,2,2,16,2,21.3,5.62,LIGHT,80.06,LOW,RUNNING,20.07,5.07,LIGHT,77.69,LOW,RUNNING,23.23,7.95,LIGHT,85.96,LOW,RUNNING,22.18,5.92,LIGHT,81.6,LOW,RUNNING,19.5,4.5,LIGHT,76.12,LOW,RUNNING,23.86,7.58,LIGHT,86.2,LOW,RUNNING,21.85,6.05,LIGHT,81.39,LOW,RUNNING,20.43,4.93,LIGHT,77.93,LOW,RUNNING,20.04,5.18,LIGHT,77.82,LOW,RUNNING,24.11,7.48,LIGHT,86.36,LOW,RUNNING,27.73,55.0,238.8,0.25,22.0,COOLING,0.25,22.0,COOLING,0.25,22.0,COOLING,0.25,22.0,COOLING,21.25,21.621,24.806,21.625,22.325,24.806,21.25,3.556,325.31,162.32,159.32,164.18,170.0,170.0,1360.0,170.0,228.87,280.61,271.88,280.53,135.13,309.49,-753.12,308.49,875.0,875.0,875.0,875.0,-15.69,47.42,163.08,48.2,811.13,1870.0,1061.89,3500.0,243.01,0.0,1.0,1.0,0.0,22.5,TARGETED_EAST_OCCUPANCY_COOL,29.0479
2,Occupancy Concentration,0,354,3540.0,22,2,2,16,2,21.31,5.71,LIGHT,80.2,LOW,RUNNING,20.22,5.19,LIGHT,78.06,LOW,RUNNING,23.39,7.99,LIGHT,86.22,LOW,RUNNING,22.2,5.84,LIGHT,81.51,LOW,RUNNING,19.37,4.38,LIGHT,75.78,LOW,RUNNING,23.7,7.53,LIGHT,85.92,LOW,RUNNING,21.81,6.11,LIGHT,81.43,LOW,RUNNING,20.55,5.05,LIGHT,78.26,LOW,RUNNING,20.21,5.25,LIGHT,78.14,LOW,RUNNING,24.17,7.43,LIGHT,86.36,LOW,RUNNING,27.73,55.0,239.0,0.25,22.0,COOLING,0.25,22.0,COOLING,0.25,22.0,COOLING,0.25,22.0,COOLING,21.25,21.622,24.809,21.626,22.327,24.809,21.25,3.559,325.99,161.7,159.69,164.5,170.0,170.0,1360.0,170.0,228.94,280.72,271.99,280.64,135.4,309.6,-753.6,308.6,875.0,875.0,875.0,875.0,-14.67,47.02,163.08,48.74,811.88,1870.0,1062.29,3500.0,244.17,0.0,1.0,1.0,0.0,22.5,TARGETED_EAST_OCCUPANCY_COOL,29.0932
2,Occupancy Concentration,0,355,3550.0,22,2,2,16,2,21.35,5.82,LIGHT,80.42,LOW,RUNNING,20.38,5.29,LIGHT,78.41,LOW,RUNNING,23.51,8.0,LIGHT,86.39,LOW,RUNNING,22.18,5.75,LIGHT,81.35,LOW,RUNNING,19.22,4.27,LIGHT,75.43,LOW,RUNNING,23.56,7.5,LIGHT,85.7,LOW,RUNNING,21.8,6.19,LIGHT,81.53,LOW,RUNNING,20.69,5.17,LIGHT,78.62,LOW,RUNNING,20.36,5.29,LIGHT,78.39,LOW,RUNNING,24.2,7.36,LIGHT,86.29,LOW,RUNNING,27.73,55.0,239.2,0.25,22.0,COOLING,0.25,22.0,COOLING,0.25,22.0,COOLING,0.25,22.0,COOLING,21.25,21.623,24.812,21.627,22.328,24.812,21.25,3.562,326.57,161.13,160.15,164.68,170.0,170.0,1360.0,170.0,229.02,280.82,272.1,280.74,135.67,309.71,-754.09,308.71,875.0,875.0,875.0,875.0,-13.74,46.66,163.16,49.13,812.53,1870.0,1062.68,3500.0,245.21,0.0,1.0,1.0,0.0,22.5,TARGETED_EAST_OCCUPANCY_COOL,29.1389
2,Occupancy Concentration,0,356,3560.0,22,2,2,16,2,21.44,5.93,LIGHT,80.69,LOW,RUNNING,20.55,5.38,LIGHT,78.76,LOW,RUNNING,23.61,7.98,LIGHT,86.48,LOW,RUNNING,22.12,5.64,LIGHT,81.11,LOW,RUNNING,19.05,4.17,LIGHT,75.07,LOW,RUNNING,23.44,7.51,LIGHT,85.57,LOW,RUNNING,21.84,6.3,LIGHT,81.75,LOW,RUNNING,20.85,5.28,LIGHT,78.98,LOW,RUNNING,20.49,5.3,LIGHT,78.56,LOW,RUNNING,24.18,7.26,LIGHT,86.11,LOW,RUNNING,27.74,55.0,239.3,0.25,22.0,COOLING,0.25,22.0,COOLING,0.25,22.0,COOLING,0.25,22.0,COOLING,21.25,21.624,24.815,21.628,22.329,24.815,21.25,3.565,327.04,160.64,160.73,164.67,170.0,170.0,1360.0,170.0,229.27,281.08,272.34,280.99,135.93,309.82,-754.57,308.82,875.0,875.0,875.0,875.0,-12.76,46.54,163.5,49.48,813.08,1870.0,1063.68,3500.0,246.76,0.0,1.0,1.0,0.0,22.5,TARGETED_EAST_OCCUPANCY_COOL,29.185
2,Occupancy Concentration,0,357,3570.0,22,2,2,16,2,21.55,6.05,LIGHT,81.01,LOW,RUNNING,20.71,5.45,LIGHT,79.06,LOW,RUNNING,23.68,7.93,LIGHT,86.49,LOW,RUNNING,22.02,5.52,LIGHT,80.81,LOW,RUNNING,18.88,4.09,LIGHT,74.73,LOW,RUNNING,23.36,7.54,LIGHT,85.51,LOW,RUNNING,21.92,6.41,LIGHT,82.02,LOW,RUNNING,21.02,5.37,LIGHT,79.33,LOW,RUNNING,20.6,5.28,LIGHT,78.67,LOW,RUNNING,24.13,7.16,LIGHT,85.9,LOW,RUNNING,27.74,55.0,239.5,0.25,22.0,COOLING,0.25,22.0,COOLING,0.25,22.0,COOLING,0.25,22.0,COOLING,21.25,21.625,24.818,21.629,22.331,24.818,21.25,3.568,327.37,160.24,161.35,164.57,170.0,170.0,1360.0,170.0,229.34,281.18,272.45,281.1,136.19,309.93,-755.06,308.93,875.0,875.0,875.0,875.0,-12.1,46.35,163.74,49.6,813.53,1870.0,1064.07,3500.0,247.59,0.0,1.0,1.0,0.0,22.5,TARGETED_EAST_OCCUPANCY_COOL,29.2317
2,Occupancy Concentration,0,358,3580.0,22,2,2,16,2,21.7,6.17,LIGHT,81.38,LOW,RUNNING,20.87,5.49,LIGHT,79.32,LOW,RUNNING,23.7,7.86,LIGHT,86.42,LOW,RUNNING,21.89,5.4,LIGHT,80.46,LOW,RUNNING,18.72,4.03,LIGHT,74.45,LOW,RUNNING,23.31,7.6,LIGHT,85.54,LOW,RUNNING,22.03,6.53,LIGHT,82.33,LOW,RUNNING,21.18,5.44,LIGHT,79.63,LOW,RUNNING,20.67,5.24,LIGHT,78.7,LOW,RUNNING,24.04,7.04,LIGHT,85.61,LOW,RUNNING,27.74,55.0,239.7,0.25,22.0,COOLING,0.25,22.0,COOLING,0.25,22.0,COOLING,0.25,22.0,COOLING,21.25,21.626,24.821,21.63,22.332,24.821,21.25,3.571,327.58,159.99,161.96,164.31,170.0,170.0,1360.0,170.0,229.42,281.28,272.56,281.2,136.46,310.04,-755.54,309.04,875.0,875.0,875.0,875.0,-11.54,46.31,163.98,49.55,813.84,1870.0,1064.46,3500.0,248.3,0.0,1.0,1.0,0.0,22.5,TARGETED_EAST_OCCUPANCY_COOL,29.2786
2,Occupancy Concentration,0,359,3590.0,22,2,2,16,2,21.86,6.28,LIGHT,81.75,LOW,RUNNING,21.0,5.5,LIGHT,79.5,LOW,RUNNING,23.68,7.76,LIGHT,86.24,LOW,RUNNING,21.74,5.28,LIGHT,80.09,LOW,RUNNING,18.58,4.0,LIGHT,74.22,LOW,RUNNING,23.3,7.68,LIGHT,85.64,LOW,RUNNING,22.17,6.65,LIGHT,82.69,LOW,RUNNING,21.34,5.48,LIGHT,79.89,LOW,RUNNING,20.7,5.17,LIGHT,78.63,LOW,RUNNING,23.91,6.92,LIGHT,85.27,LOW,RUNNING,27.75,55.0,239.8,0.25,22.0,COOLING,0.25,22.0,COOLING,0.25,22.0,COOLING,0.25,22.0,COOLING,21.25,21.627,24.824,21.631,22.333,24.824,21.25,3.574,327.58,159.86,162.58,163.9,170.0,170.0,1360.0,170.0,229.67,281.55,272.79,281.46,136.73,310.15,-756.03,309.15,875.0,875.0,875.0,875.0,-11.02,46.56,164.34,49.51,813.92,1870.0,1065.47,3500.0,249.39,0.0,1.0,1.0,0.0,22.5,TARGETED_EAST_OCCUPANCY_COOL,29.3258
2,Occupancy Concentration,0,360,3600.0,22,2,2,16,2,22.02,6.37,LIGHT,82.08,LOW,RUNNING,21.1,5.48,LIGHT,79.59,LOW,RUNNING,23.63,7.65,LIGHT,86.01,LOW,RUNNING,21.58,5.18,LIGHT,79.74,LOW,RUNNING,18.46,4.0,LIGHT,74.08,LOW,RUNNING,23.34,7.78,LIGHT,85.84,LOW,RUNNING,22.33,6.76,LIGHT,83.05,LOW,RUNNING,21.48,5.5,LIGHT,80.1,LOW,RUNNING,20.69,5.08,LIGHT,78.48,LOW,RUNNING,23.77,6.8,LIGHT,84.91,LOW,RUNNING,27.75,55.0,240.0,0.25,22.0,COOLING,0.25,22.0,COOLING,0.25,22.0,COOLING,0.25,22.0,COOLING,21.25,21.628,24.827,21.632,22.334,24.827,21.25,3.577,327.42,159.92,163.15,163.39,170.0,170.0,1360.0,170.0,229.75,281.64,272.91,281.56,136.99,310.26,-756.51,309.26,875.0,875.0,875.0,875.0,-10.84,46.82,164.55,49.21,813.88,1870.0,1065.86,3500.0,249.74,0.0,1.0,1.0,0.0,22.5,TARGETED_EAST_OCCUPANCY_COOL,29.3735
2,Occupancy Concentration,0,361,3610.0,22,2,2,16,2,22.19,6.44,LIGHT,82.4,LOW,RUNNING,21.17,5.44,LIGHT,79.62,LOW,RUNNING,23.53,7.53,LIGHT,85.71,LOW,RUNNING,21.41,5.1,LIGHT,79.41,LOW,RUNNING,18.37,4.03,LIGHT,74.01,LOW,RUNNING,23.41,7.9,LIGHT,86.11,LOW,RUNNING,22.49,6.86,LIGHT,83.4,LOW,RUNNING,21.59,5.49,LIGHT,80.22,LOW,RUNNING,20.64,4.97,LIGHT,78.25,LOW,RUNNING,23.6,6.7,LIGHT,84.55,LOW,RUNNING,27.75,55.0,240.2,0.25,22.0,COOLING,0.25,22.0,COOLING,0.25,22.0,COOLING,0.25,22.0,COOLING,21.25,21.629,24.83,21.633,22.335,24.83,21.25,3.58,327.14,160.12,163.62,162.8,170.0,170.0,1360.0,170.0,229.83,281.74,273.01,281.66,137.26,310.37,-757.0,309.37,875.0,875.0,875.0,875.0,-10.77,47.23,164.63,48.83,813.68,1870.0,1066.24,3500.0,249.92,0.0,1.0,1.0,0.0,22.5,TARGETED_EAST_OCCUPANCY_COOL,29.4212
2,Occupancy Concentration,0,362,3620.0,22,2,2,16,2,22.35,6.48,LIGHT,82.66,LOW,RUNNING,21.2,5.37,LIGHT,79.56,LOW,RUNNING,23.41,7.41,LIGHT,85.38,LOW,RUNNING,21.24,5.04,LIGHT,79.11,LOW,RUNNING,18.31,4.09,LIGHT,74.02,LOW,RUNNING,23.51,8.02,LIGHT,86.42,LOW,RUNNING,22.66,6.93,LIGHT,83.72,LOW,RUNNING,21.66,5.45,LIGHT,80.25,LOW,RUNNING,20.55,4.85,LIGHT,77.96,LOW,RUNNING,23.44,6.61,LIGHT,84.22,LOW,RUNNING,27.76,55.0,240.3,0.25,22.0,COOLING,0.25,22.0,COOLING,0.25,22.0,COOLING,0.25,22.0,COOLING,21.25,21.63,24.833,21.634,22.337,24.833,21.25,3.583,326.71,160.44,163.97,162.18,170.0,170.0,1360.0,170.0,230.08,282.01,273.26,281.92,137.52,310.48,-757.48,309.48,875.0,875.0,875.0,875.0,-10.69,47.93,164.75,48.58,813.3,1870.0,1067.27,3500.0,250.57,0.0,1.0,1.0,0.0,22.5,TARGETED_EAST_OCCUPANCY_COOL,29.4688
2,Occupancy Concentration,0,363,3630.0,22,2,2,16,2,22.48,6.5,LIGHT,82.85,LOW,RUNNING,21.19,5.28,LIGHT,79.41,LOW,RUNNING,23.26,7.3,LIGHT,85.03,LOW,RUNNING,21.1,5.01,LIGHT,78.89,LOW,RUNNING,18.3,4.17,LIGHT,74.13,LOW,RUNNING,23.65,8.14,LIGHT,86.77,LOW,RUNNING,22.82,6.98,LIGHT,84.0,LOW,RUNNING,21.7,5.38,LIGHT,80.19,LOW,RUNNING,20.43,4.73,LIGHT,77.63,LOW,RUNNING,23.27,6.55,LIGHT,83.91,LOW,RUNNING,27.76,55.0,240.5,0.25,22.0,COOLING,0.25,22.0,COOLING,0.25,22.0,COOLING,0.25,22.0,COOLING,21.25,21.631,24.836,21.635,22.338,24.836,21.25,3.586,326.18,160.9,164.19,161.54,170.0,170.0,1360.0,170.0,230.16,282.11,273.37,282.02,137.78,310.59,-757.96,309.59,875.0,875.0,875.0,875.0,-10.88,48.6,164.6,48.15,812.81,1870.0,1067.66,3500.0,250.47,0.0,1.0,1.0,0.0,22.5,TARGETED_EAST_OCCUPANCY_COOL,29.5166
2,Occupancy Concentration,0,364,3640.0,22,2,2,16,2,22.59,6.49,LIGHT,82.97,LOW,RUNNING,21.14,5.17,LIGHT,79.18,LOW,RUNNING,23.1,7.19,LIGHT,84.66,LOW,RUNNING,20.97,5.0,LIGHT,78.71,LOW,RUNNING,18.33,4.27,LIGHT,74.32,LOW,RUNNING,23.8,8.25,LIGHT,87.12,LOW,RUNNING,22.96,7.0,LIGHT,84.2,LOW,RUNNING,21.69,5.29,LIGHT,80.05,LOW,RUNNING,20.29,4.62,LIGHT,77.29,LOW,RUNNING,23.12,6.51,LIGHT,83.67,LOW,RUNNING,27.76,55.0,240.7,0.25,22.0,COOLING,0.25,22.0,COOLING,0.25,22.0,COOLING,0.25,22.0,COOLING,21.25,21.632,24.839,21.636,22.339,24.839,21.25,3.589,325.52,161.44,164.25,160.96,170.0,170.0,1360.0,170.0,230.23,282.21,273.48,282.13,138.05,310.7,-758.45,309.7,875.0,875.0,875.0,875.0,-11.2,49.35,164.28,47.79,812.17,1870.0,1068.05,3500.0,250.22,0.0,1.0,1.0,0.0,22.5,TARGETED_EAST_OCCUPANCY_COOL,29.5642
2,Occupancy Concentration,0,365,3650.0,22,2,2,16,2,22.66,6.45,LIGHT,83.0,LOW,RUNNING,21.05,5.05,LIGHT,78.89,LOW,RUNNING,22.93,7.11,LIGHT,84.33,LOW,RUNNING,20.88,5.03,LIGHT,78.64,LOW,RUNNING,18.4,4.38,LIGHT,74.57,LOW,RUNNING,23.97,8.34,LIGHT,87.47,LOW,RUNNING,23.07,6.99,LIGHT,84.32,LOW,RUNNING,21.65,5.19,LIGHT,79.85,LOW,RUNNING,20.13,4.51,LIGHT,76.93,LOW,RUNNING,22.99,6.5,LIGHT,83.49,LOW,RUNNING,27.77,55.0,240.8,0.25,22.0,COOLING,0.25,22.0,COOLING,0.25,22.0,COOLING,0.25,22.0,COOLING,21.25,21.633,24.842,21.637,22.34,24.842,21.25,3.592,324.86,162.04,164.17,160.42,170.0,170.0,1360.0,170.0,230.48,282.47,273.72,282.38,138.32,310.81,-758.93,309.81,875.0,875.0,875.0,875.0,-11.34,50.32,163.96,47.61,811.49,1870.0,1069.05,3500.0,250.55,0.0,1.0,1.0,0.0,22.5,TARGETED_EAST_OCCUPANCY_COOL,29.6114
2,Occupancy Concentration,0,366,3660.0,22,2,2,16,2,22.7,6.38,LIGHT,82.94,LOW,RUNNING,20.93,4.93,LIGHT,78.56,LOW,RUNNING,22.77,7.05,LIGHT,84.04,LOW,RUNNING,20.82,5.08,LIGHT,78.65,LOW,RUNNING,18.5,4.5,LIGHT,74.88,LOW,RUNNING,24.14,8.42,LIGHT,87.8,LOW,RUNNING,23.15,6.95,LIGHT,84.36,LOW,RUNNING,21.57,5.07,LIGHT,79.57,LOW,RUNNING,19.96,4.42,LIGHT,76.58,LOW,RUNNING,22.89,6.52,LIGHT,83.39,LOW,RUNNING,27.77,55.0,241.0,0.25,22.0,COOLING,0.25,22.0,COOLING,0.25,22.0,COOLING,0.25,22.0,COOLING,21.25,21.634,24.845,21.638,22.342,24.845,21.25,3.595,324.19,162.68,163.93,159.97,170.0,170.0,1360.0,170.0,230.56,282.57,273.83,282.48,138.58,310.92,-759.42,309.92,875.0,875.0,875.0,875.0,-11.67,51.17,163.34,47.37,810.77,1870.0,1069.44,3500.0,250.21,0.0,1.0,1.0,0.0,22.5,TARGETED_EAST_OCCUPANCY_COOL,29.6585
2,Occupancy Concentration,0,367,3670.0,22,2,2,16,2,22.69,6.29,LIGHT,82.8,LOW,RUNNING,20.78,4.81,LIGHT,78.19,LOW,RUNNING,22.61,7.01,LIGHT,83.78,LOW,RUNNING,20.8,5.16,LIGHT,78.74,LOW,RUNNING,18.63,4.62,LIGHT,75.22,LOW,RUNNING,24.3,8.47,LIGHT,88.08,LOW,RUNNING,23.19,6.89,LIGHT,84.32,LOW,RUNNING,21.45,4.95,LIGHT,79.24,LOW,RUNNING,19.79,4.35,LIGHT,76.26,LOW,RUNNING,22.83,6.57,LIGHT,83.39,LOW,RUNNING,27.77,55.0,241.2,0.25,22.0,COOLING,0.25,22.0,COOLING,0.25,22.0,COOLING,0.25,22.0,COOLING,21.25,21.635,24.848,21.639,22.343,24.848,21.25,3.598,323.51,163.3,163.56,159.65,170.0,170.0,1360.0,170.0,230.63,282.67,273.94,282.59,138.85,311.03,-759.9,310.03,875.0,875.0,875.0,875.0,-12.01,52.0,162.6,47.27,810.02,1870.0,1069.83,3500.0,249.86,0.0,1.0,1.0,0.0,22.5,TARGETED_EAST_OCCUPANCY_COOL,29.7054
2,Occupancy Concentration,0,368,3680.0,22,2,2,16,2,22.65,6.18,LIGHT,82.58,LOW,RUNNING,20.62,4.71,LIGHT,77.84,LOW,RUNNING,22.49,7.0,LIGHT,83.61,LOW,RUNNING,20.82,5.25,LIGHT,78.9,LOW,RUNNING,18.78,4.73,LIGHT,75.57,LOW,RUNNING,24.44,8.5,LIGHT,88.3,LOW,RUNNING,23.2,6.81,LIGHT,84.22,LOW,RUNNING,21.31,4.83,LIGHT,78.88,LOW,RUNNING,19.64,4.31,LIGHT,76.02,LOW,RUNNING,22.8,6.64,LIGHT,83.46,LOW,RUNNING,27.78,55.0,241.3,0.25,22.0,COOLING,0.25,22.0,COOLING,0.25,22.0,COOLING,0.25,22.0,COOLING,21.25,21.636,24.851,21.64,22.344,24.851,21.25,3.601,322.93,163.87,163.1,159.48,170.0,170.0,1360.0,170.0,230.89,282.93,274.18,282.84,139.11,311.14,-760.39,310.14,875.0,875.0,875.0,875.0,-12.07,52.94,161.89,47.46,809.38,1870.0,1070.84,3500.0,250.22,0.0,1.0,1.0,0.0,22.5,TARGETED_EAST_OCCUPANCY_COOL,29.7518
2,Occupancy Concentration,0,369,3690.0,22,2,2,16,2,22.56,6.07,LIGHT,82.31,LOW,RUNNING,20.45,4.62,LIGHT,77.49,LOW,RUNNING,22.39,7.02,LIGHT,83.52,LOW,RUNNING,20.88,5.36,LIGHT,79.14,LOW,RUNNING,18.95,4.83,LIGHT,75.93,LOW,RUNNING,24.56,8.49,LIGHT,88.44,LOW,RUNNING,23.16,6.7,LIGHT,84.0,LOW,RUNNING,21.15,4.72,LIGHT,78.52,LOW,RUNNING,19.51,4.3,LIGHT,75.84,LOW,RUNNING,22.82,6.74,LIGHT,83.64,LOW,RUNNING,27.78,55.0,241.5,0.25,22.0,COOLING,0.25,22.0,COOLING,0.25,22.0,COOLING,0.25,22.0,COOLING,21.25,21.637,24.854,21.641,22.346,24.854,21.25,3.604,322.46,164.37,162.52,159.48,170.0,170.0,1360.0,170.0,230.96,283.04,274.28,282.95,139.37,311.25,-760.87,310.25,875.0,875.0,875.0,875.0,-12.21,53.66,160.93,47.68,808.83,1870.0,1071.23,3500.0,250.06,0.0,1.0,1.0,0.0,22.5,TARGETED_EAST_OCCUPANCY_COOL,29.7979
2,Occupancy Concentration,0,370,3700.0,22,2,2,16,2,22.45,5.95,LIGHT,81.99,LOW,RUNNING,20.29,4.55,LIGHT,77.19,LOW,RUNNING,22.32,7.07,LIGHT,83.51,LOW,RUNNING,20.98,5.48,LIGHT,79.44,LOW,RUNNING,19.12,4.91,LIGHT,76.27,LOW,RUNNING,24.64,8.46,LIGHT,88.49,LOW,RUNNING,23.08,6.59,LIGHT,83.73,LOW,RUNNING,20.98,4.63,LIGHT,78.17,LOW,RUNNING,19.4,4.32,LIGHT,75.73,LOW,RUNNING,22.87,6.84,LIGHT,83.85,LOW,RUNNING,27.78,55.0,241.7,0.25,22.0,COOLING,0.25,22.0,COOLING,0.25,22.0,COOLING,0.25,22.0,COOLING,21.25,21.638,24.857,21.642,22.347,24.857,21.25,3.607,322.13,164.76,161.9,159.58,170.0,170.0,1360.0,170.0,231.04,283.13,274.4,283.05,139.64,311.36,-761.36,310.36,875.0,875.0,875.0,875.0,-12.19,54.25,159.94,47.99,808.37,1870.0,1071.62,3500.0,249.99,0.0,1.0,1.0,0.0,22.5,TARGETED_EAST_OCCUPANCY_COOL,29.8437
2,Occupancy Concentration,0,371,3710.0,22,2,2,16,2,22.3,5.83,LIGHT,81.62,LOW,RUNNING,20.13,4.51,LIGHT,76.93,LOW,RUNNING,22.3,7.14,LIGHT,83.58,LOW,RUNNING,21.11,5.6,LIGHT,79.79,LOW,RUNNING,19.28,4.97,LIGHT,76.55,LOW,RUNNING,24.69,8.4,LIGHT,88.46,LOW,RUNNING,22.97,6.47,LIGHT,83.42,LOW,RUNNING,20.82,4.56,LIGHT,77.87,LOW,RUNNING,19.33,4.36,LIGHT,75.7,LOW,RUNNING,22.96,6.96,LIGHT,84.14,LOW,RUNNING,27.79,55.0,241.8,0.25,22.0,COOLING,0.25,22.0,COOLING,0.25,22.0,COOLING,0.25,22.0,COOLING,21.25,21.639,24.86,21.643,22.348,24.86,21.25,3.61,321.92,165.01,161.29,159.84,170.0,170.0,1360.0,170.0,231.28,283.39,274.63,283.3,139.91,311.47,-761.84,310.47,875.0,875.0,875.0,875.0,-11.89,54.87,159.08,48.61,808.06,1870.0,1072.6,3500.0,250.67,0.0,1.0,1.0,0.0,22.5,TARGETED_EAST_OCCUPANCY_COOL,29.8892
2,Occupancy Concentration,0,372,3720.0,22,2,2,16,2,22.14,5.72,LIGHT,81.25,LOW,RUNNING,20.0,4.5,LIGHT,76.75,LOW,RUNNING,22.32,7.24,LIGHT,83.76,LOW,RUNNING,21.26,5.72,LIGHT,80.16,LOW,RUNNING,19.42,5.0,LIGHT,76.78,LOW,RUNNING,24.7,8.32,LIGHT,88.36,LOW,RUNNING,22.83,6.35,LIGHT,83.06,LOW,RUNNING,20.66,4.52,LIGHT,77.61,LOW,RUNNING,19.3,4.43,LIGHT,75.77,LOW,RUNNING,23.09,7.08,LIGHT,84.48,LOW,RUNNING,27.79,55.0,242.0,0.25,22.0,COOLING,0.25,22.0,COOLING,0.25,22.0,COOLING,0.25,22.0,COOLING,21.25,21.64,24.863,21.644,22.349,24.863,21.25,3.613,321.92,165.14,160.67,160.25,170.0,170.0,1360.0,170.0,231.36,283.5,274.74,283.41,140.17,311.58,-762.33,310.58,875.0,875.0,875.0,875.0,-11.55,55.22,158.08,49.24,807.98,1870.0,1073.01,3500.0,250.99,0.0,1.0,1.0,0.0,22.5,TARGETED_EAST_OCCUPANCY_COOL,29.9344
2,Occupancy Concentration,0,373,3730.0,22,2,2,16,2,21.98,5.63,LIGHT,80.92,LOW,RUNNING,19.9,4.52,LIGHT,76.66,LOW,RUNNING,22.37,7.35,LIGHT,83.99,LOW,RUNNING,21.42,5.82,LIGHT,80.51,LOW,RUNNING,19.54,5.0,LIGHT,76.92,LOW,RUNNING,24.66,8.22,LIGHT,88.16,LOW,RUNNING,22.67,6.24,LIGHT,82.7,LOW,RUNNING,20.52,4.5,LIGHT,77.4,LOW,RUNNING,19.31,4.52,LIGHT,75.92,LOW,RUNNING,23.23,7.2,LIGHT,84.84,LOW,RUNNING,27.8,55.0,242.2,0.25,22.0,COOLING,0.25,22.0,COOLING,0.25,22.0,COOLING,0.25,22.0,COOLING,21.25,21.641,24.866,21.645,22.351,24.866,21.25,3.616,322.08,165.08,160.1,160.76,170.0,170.0,1360.0,170.0,231.66,283.82,275.07,283.73,140.43,311.69,-762.82,310.69,875.0,875.0,875.0,875.0,-10.83,55.59,157.35,50.18,808.02,1870.0,1074.28,3500.0,252.29,0.0,1.0,1.0,0.0,22.5,TARGETED_EAST_OCCUPANCY_COOL,29.9795
2,Occupancy Concentration,0,374,3740.0,22,2,2,16,2,21.81,5.56,LIGHT,80.6,LOW,RUNNING,19.83,4.56,LIGHT,76.63,LOW,RUNNING,22.47,7.47,LIGHT,84.29,LOW,RUNNING,21.59,5.9,LIGHT,80.84,LOW,RUNNING,19.63,4.97,LIGHT,76.99,LOW,RUNNING,24.59,8.1,LIGHT,87.89,LOW,RUNNING,22.51,6.14,LIGHT,82.35,LOW,RUNNING,20.41,4.51,LIGHT,77.28,LOW,RUNNING,19.36,4.63,LIGHT,76.15,LOW,RUNNING,23.4,7.3,LIGHT,85.2,LOW,RUNNING,27.8,55.0,242.3,0.25,22.0,COOLING,0.25,22.0,COOLING,0.25,22.0,COOLING,0.25,22.0,COOLING,21.25,21.642,24.869,21.646,22.352,24.869,21.25,3.619,322.36,164.88,159.63,161.35,170.0,170.0,1360.0,170.0,231.69,283.86,275.09,283.77,140.7,311.8,-763.3,310.8,875.0,875.0,875.0,875.0,-10.25,55.54,156.42,50.92,808.22,1870.0,1074.41,3500.0,252.63,0.0,1.0,1.0,0.0,22.5,TARGETED_EAST_OCCUPANCY_COOL,30.0246
2,Occupancy Concentration,0,375,3750.0,22,2,2,16,2,21.65,5.52,LIGHT,80.34,LOW,RUNNING,19.8,4.63,LIGHT,76.69,LOW,RUNNING,22.59,7.59,LIGHT,84.62,LOW,RUNNING,21.76,5.96,LIGHT,81.14,LOW,RUNNING,19.69,4.91,LIGHT,76.98,LOW,RUNNING,24.49,7.98,LIGHT,87.58,LOW,RUNNING,22.34,6.07,LIGHT,82.03,LOW,RUNNING,20.34,4.55,LIGHT,77.25,LOW,RUNNING,19.45,4.75,LIGHT,76.44,LOW,RUNNING,23.56,7.39,LIGHT,85.53,LOW,RUNNING,27.8,55.0,242.5,0.25,22.0,COOLING,0.25,22.0,COOLING,0.25,22.0,COOLING,0.25,22.0,COOLING,21.25,21.643,24.872,21.647,22.353,24.872,21.25,3.622,322.79,164.56,159.28,161.97,170.0,170.0,1360.0,170.0,231.77,283.96,275.21,283.87,140.97,311.91,-763.78,310.91,875.0,875.0,875.0,875.0,-9.47,55.43,155.71,51.75,808.6,1870.0,1074.81,3500.0,253.42,0.0,1.0,1.0,0.0,22.5,TARGETED_EAST_OCCUPANCY_COOL,30.0699
2,Occupancy Concentration,0,376,3760.0,22,2,2,16,2,21.52,5.5,LIGHT,80.15,LOW,RUNNING,19.81,4.72,LIGHT,76.84,LOW,RUNNING,22.74,7.7,LIGHT,84.97,LOW,RUNNING,21.9,5.99,LIGHT,81.36,LOW,RUNNING,19.7,4.83,LIGHT,76.87,LOW,RUNNING,24.35,7.86,LIGHT,87.23,LOW,RUNNING,22.18,6.02,LIGHT,81.75,LOW,RUNNING,20.3,4.62,LIGHT,77.31,LOW,RUNNING,19.57,4.87,LIGHT,76.77,LOW,RUNNING,23.73,7.45,LIGHT,85.84,LOW,RUNNING,27.81,55.0,242.7,0.25,22.0,COOLING,0.25,22.0,COOLING,0.25,22.0,COOLING,0.25,22.0,COOLING,21.25,21.644,24.875,21.648,22.354,24.875,21.25,3.625,323.32,164.1,159.06,162.61,170.0,170.0,1360.0,170.0,232.05,284.28,275.53,284.19,141.23,312.02,-764.27,311.02,875.0,875.0,875.0,875.0,-8.4,55.4,155.32,52.82,809.09,1870.0,1076.05,3500.0,255.14,0.0,1.0,1.0,0.0,22.5,TARGETED_EAST_OCCUPANCY_COOL,30.1152
2,Occupancy Concentration,0,377,3770.0,22,2,2,16,2,21.41,5.51,LIGHT,80.03,LOW,RUNNING,19.86,4.83,LIGHT,77.07,LOW,RUNNING,22.9,7.81,LIGHT,85.34,LOW,RUNNING,22.03,6.0,LIGHT,81.54,LOW,RUNNING,19.67,4.73,LIGHT,76.68,LOW,RUNNING,24.2,7.75,LIGHT,86.88,LOW,RUNNING,22.04,6.0,LIGHT,81.55,LOW,RUNNING,20.31,4.71,LIGHT,77.45,LOW,RUNNING,19.71,4.98,LIGHT,77.11,LOW,RUNNING,23.88,7.49,LIGHT,86.08,LOW,RUNNING,27.81,55.0,242.8,0.25,22.0,COOLING,0.25,22.0,COOLING,0.25,22.0,COOLING,0.25,22.0,COOLING,21.25,21.645,24.878,21.649,22.355,24.878,21.25,3.628,323.98,163.56,159.0,163.19,170.0,170.0,1360.0,170.0,232.09,284.32,275.55,284.23,141.49,312.13,-764.76,311.13,875.0,875.0,875.0,875.0,-7.44,55.01,154.79,53.55,809.73,1870.0,1076.19,3500.0,255.91,0.0,1.0,1.0,0.0,22.5,TARGETED_EAST_OCCUPANCY_COOL,30.1607
2,Occupancy Concentration,0,378,3780.0,22,2,2,16,2,21.34,5.55,LIGHT,80.0,LOW,RUNNING,19.95,4.95,LIGHT,77.36,LOW,RUNNING,23.07,7.89,LIGHT,85.67,LOW,RUNNING,22.12,5.97,LIGHT,81.61,LOW,RUNNING,19.6,4.62,LIGHT,76.43,LOW,RUNNING,24.03,7.66,LIGHT,86.53,LOW,RUNNING,21.93,6.01,LIGHT,81.43,LOW,RUNNING,20.35,4.81,LIGHT,77.65,LOW,RUNNING,19.87,5.09,LIGHT,77.47,LOW,RUNNING,24.01,7.5,LIGHT,86.26,LOW,RUNNING,27.81,55.0,243.0,0.25,22.0,COOLING,0.25,22.0,COOLING,0.25,22.0,COOLING,0.25,22.0,COOLING,21.25,21.646,24.881,21.65,22.357,24.881,21.25,3.631,324.64,162.96,159.08,163.73,170.0,170.0,1360.0,170.0,232.16,284.43,275.66,284.34,141.76,312.24,-765.24,311.24,875.0,875.0,875.0,875.0,-6.44,54.63,154.5,54.31,810.41,1870.0,1076.59,3500.0,257.0,0.0,1.0,1.0,0.0,22.5,TARGETED_EAST_OCCUPANCY_COOL,30.2067
2,Occupancy Concentration,0,379,3790.0,22,2,2,16,2,21.3,5.62,LIGHT,80.06,LOW,RUNNING,20.07,5.07,LIGHT,77.69,LOW,RUNNING,23.23,7.95,LIGHT,85.96,LOW,RUNNING,22.18,5.92,LIGHT,81.6,LOW,RUNNING,19.5,4.5,LIGHT,76.12,LOW,RUNNING,23.86,7.58,LIGHT,86.2,LOW,RUNNING,21.85,6.05,LIGHT,81.39,LOW,RUNNING,20.43,4.93,LIGHT,77.93,LOW,RUNNING,20.04,5.18,LIGHT,77.82,LOW,RUNNING,24.11,7.48,LIGHT,86.36,LOW,RUNNING,27.82,55.0,243.2,0.25,22.0,COOLING,0.25,22.0,COOLING,0.25,22.0,COOLING,0.25,22.0,COOLING,21.25,21.647,24.884,21.651,22.358,24.884,21.25,3.634,325.31,162.32,159.32,164.18,170.0,170.0,1360.0,170.0,232.45,284.74,275.99,284.66,142.02,312.35,-765.73,311.35,875.0,875.0,875.0,875.0,-5.22,54.41,154.58,55.19,811.13,1870.0,1077.84,3500.0,258.96,0.0,1.0,1.0,0.0,22.5,TARGETED_EAST_OCCUPANCY_COOL,30.253
2,Occupancy Concentration,0,380,3800.0,22,2,2,16,2,21.31,5.71,LIGHT,80.2,LOW,RUNNING,20.22,5.19,LIGHT,78.06,LOW,RUNNING,23.39,7.99,LIGHT,86.22,LOW,RUNNING,22.2,5.84,LIGHT,81.51,LOW,RUNNING,19.37,4.38,LIGHT,75.78,LOW,RUNNING,23.7,7.53,LIGHT,85.92,LOW,RUNNING,21.81,6.11,LIGHT,81.43,LOW,RUNNING,20.55,5.05,LIGHT,78.26,LOW,RUNNING,20.21,5.25,LIGHT,78.14,LOW,RUNNING,24.17,7.43,LIGHT,86.36,LOW,RUNNING,27.82,55.0,243.3,0.25,22.0,COOLING,0.25,22.0,COOLING,0.25,22.0,COOLING,0.25,22.0,COOLING,21.25,21.648,24.887,21.652,22.359,24.887,21.25,3.637,325.99,161.7,159.69,164.5,170.0,170.0,1360.0,170.0,232.49,284.78,276.01,284.69,142.29,312.46,-766.21,311.46,875.0,875.0,875.0,875.0,-4.23,53.94,154.49,55.65,811.88,1870.0,1077.97,3500.0,259.85,0.0,1.0,1.0,0.0,22.5,TARGETED_EAST_OCCUPANCY_COOL,30.2996
2,Occupancy Concentration,0,381,3810.0,22,2,2,16,2,21.35,5.82,LIGHT,80.42,LOW,RUNNING,20.38,5.29,LIGHT,78.41,LOW,RUNNING,23.51,8.0,LIGHT,86.39,LOW,RUNNING,22.18,5.75,LIGHT,81.35,LOW,RUNNING,19.22,4.27,LIGHT,75.43,LOW,RUNNING,23.56,7.5,LIGHT,85.7,LOW,RUNNING,21.8,6.19,LIGHT,81.53,LOW,RUNNING,20.69,5.17,LIGHT,78.62,LOW,RUNNING,20.36,5.29,LIGHT,78.39,LOW,RUNNING,24.2,7.36,LIGHT,86.29,LOW,RUNNING,27.82,55.0,243.5,0.25,22.0,COOLING,0.25,22.0,COOLING,0.25,22.0,COOLING,0.25,22.0,COOLING,21.25,21.649,24.89,21.653,22.361,24.89,21.25,3.64,326.57,161.13,160.15,164.68,170.0,170.0,1360.0,170.0,232.56,284.89,276.12,284.8,142.56,312.57,-766.69,311.57,875.0,875.0,875.0,875.0,-3.31,53.59,154.58,56.05,812.53,1870.0,1078.37,3500.0,260.91,0.0,1.0,1.0,0.0,22.5,TARGETED_EAST_OCCUPANCY_COOL,30.3468
2,Occupancy Concentration,0,382,3820.0,22,2,2,16,2,21.44,5.93,LIGHT,80.69,LOW,RUNNING,20.55,5.38,LIGHT,78.76,LOW,RUNNING,23.61,7.98,LIGHT,86.48,LOW,RUNNING,22.12,5.64,LIGHT,81.11,LOW,RUNNING,19.05,4.17,LIGHT,75.07,LOW,RUNNING,23.44,7.51,LIGHT,85.57,LOW,RUNNING,21.84,6.3,LIGHT,81.75,LOW,RUNNING,20.85,5.28,LIGHT,78.98,LOW,RUNNING,20.49,5.3,LIGHT,78.56,LOW,RUNNING,24.18,7.26,LIGHT,86.11,LOW,RUNNING,27.83,55.0,243.7,0.25,22.0,COOLING,0.25,22.0,COOLING,0.25,22.0,COOLING,0.25,22.0,COOLING,21.25,21.65,24.893,21.654,22.362,24.893,21.25,3.643,327.04,160.64,160.73,164.67,170.0,170.0,1360.0,170.0,232.86,285.2,276.45,285.12,142.82,312.68,-767.18,311.68,875.0,875.0,875.0,875.0,-2.28,53.52,155.0,56.47,813.08,1870.0,1079.63,3500.0,262.71,0.0,1.0,1.0,0.0,22.5,TARGETED_EAST_OCCUPANCY_COOL,30.3944
2,Occupancy Concentration,0,383,3830.0,22,2,2,16,2,21.55,6.05,LIGHT,81.01,LOW,RUNNING,20.71,5.45,LIGHT,79.06,LOW,RUNNING,23.68,7.93,LIGHT,86.49,LOW,RUNNING,22.02,5.52,LIGHT,80.81,LOW,RUNNING,18.88,4.09,LIGHT,74.73,LOW,RUNNING,23.36,7.54,LIGHT,85.51,LOW,RUNNING,21.92,6.41,LIGHT,82.02,LOW,RUNNING,21.02,5.37,LIGHT,79.33,LOW,RUNNING,20.6,5.28,LIGHT,78.67,LOW,RUNNING,24.13,7.16,LIGHT,85.9,LOW,RUNNING,27.83,55.0,243.8,0.25,22.0,COOLING,0.25,22.0,COOLING,0.25,22.0,COOLING,0.25,22.0,COOLING,21.25,21.651,24.896,21.655,22.363,24.896,21.25,3.646,327.37,160.24,161.35,164.57,170.0,170.0,1360.0,170.0,232.89,285.25,276.47,285.16,143.08,312.79,-767.67,311.79,875.0,875.0,875.0,875.0,-1.66,53.28,155.15,56.52,813.53,1870.0,1079.77,3500.0,263.29,0.0,1.0,1.0,0.0,22.5,TARGETED_EAST_OCCUPANCY_COOL,30.4425
2,Occupancy Concentration,0,384,3840.0,22,2,2,16,2,21.7,6.17,LIGHT,81.38,LOW,RUNNING,20.87,5.49,LIGHT,79.32,LOW,RUNNING,23.7,7.86,LIGHT,86.42,LOW,RUNNING,21.89,5.4,LIGHT,80.46,LOW,RUNNING,18.72,4.03,LIGHT,74.45,LOW,RUNNING,23.31,7.6,LIGHT,85.54,LOW,RUNNING,22.03,6.53,LIGHT,82.33,LOW,RUNNING,21.18,5.44,LIGHT,79.63,LOW,RUNNING,20.67,5.24,LIGHT,78.7,LOW,RUNNING,24.04,7.04,LIGHT,85.61,LOW,RUNNING,27.83,55.0,244.0,0.25,22.0,COOLING,0.25,22.0,COOLING,0.25,22.0,COOLING,0.25,22.0,COOLING,21.25,21.652,24.899,21.656,22.364,24.899,21.25,3.649,327.58,159.99,161.96,164.31,170.0,170.0,1360.0,170.0,232.97,285.35,276.58,285.26,143.35,312.9,-768.15,311.9,875.0,875.0,875.0,875.0,-1.1,53.24,155.39,56.47,813.84,1870.0,1080.16,3500.0,264.0,0.0,1.0,1.0,0.0,22.5,TARGETED_EAST_OCCUPANCY_COOL,30.4909
2,Occupancy Concentration,0,385,3850.0,22,2,2,16,2,21.86,6.28,LIGHT,81.75,LOW,RUNNING,21.0,5.5,LIGHT,79.5,LOW,RUNNING,23.68,7.76,LIGHT,86.24,LOW,RUNNING,21.74,5.28,LIGHT,80.09,LOW,RUNNING,18.58,4.0,LIGHT,74.22,LOW,RUNNING,23.3,7.68,LIGHT,85.64,LOW,RUNNING,22.17,6.65,LIGHT,82.69,LOW,RUNNING,21.34,5.48,LIGHT,79.89,LOW,RUNNING,20.7,5.17,LIGHT,78.63,LOW,RUNNING,23.91,6.92,LIGHT,85.27,LOW,RUNNING,27.84,55.0,244.2,0.25,22.0,COOLING,0.25,22.0,COOLING,0.25,22.0,COOLING,0.25,22.0,COOLING,21.25,21.653,24.902,21.657,22.366,24.902,21.25,3.652,327.58,159.86,162.58,163.9,170.0,170.0,1360.0,170.0,233.27,285.66,276.9,285.58,143.62,313.01,-768.64,312.01,875.0,875.0,875.0,875.0,-0.53,53.53,155.84,56.49,813.92,1870.0,1081.41,3500.0,265.33,0.0,1.0,1.0,0.0,22.5,TARGETED_EAST_OCCUPANCY_COOL,30.5397
2,Occupancy Concentration,0,386,3860.0,22,2,2,16,2,22.02,6.37,LIGHT,82.08,LOW,RUNNING,21.1,5.48,LIGHT,79.59,LOW,RUNNING,23.63,7.65,LIGHT,86.01,LOW,RUNNING,21.58,5.18,LIGHT,79.74,LOW,RUNNING,18.46,4.0,LIGHT,74.08,LOW,RUNNING,23.34,7.78,LIGHT,85.84,LOW,RUNNING,22.33,6.76,LIGHT,83.05,LOW,RUNNING,21.48,5.5,LIGHT,80.1,LOW,RUNNING,20.69,5.08,LIGHT,78.48,LOW,RUNNING,23.77,6.8,LIGHT,84.91,LOW,RUNNING,27.84,55.0,244.3,0.25,22.0,COOLING,0.25,22.0,COOLING,0.25,22.0,COOLING,0.25,22.0,COOLING,21.25,21.654,24.905,21.658,22.367,24.905,21.25,3.655,327.42,159.92,163.15,163.39,170.0,170.0,1360.0,170.0,233.3,285.71,276.93,285.62,143.88,313.12,-769.12,312.12,875.0,875.0,875.0,875.0,-0.4,53.75,155.96,56.13,813.88,1870.0,1081.56,3500.0,265.44,0.0,1.0,1.0,0.0,22.5,TARGETED_EAST_OCCUPANCY_COOL,30.5888
2,Occupancy Concentration,0,387,3870.0,22,2,2,16,2,22.19,6.44,LIGHT,82.4,LOW,RUNNING,21.17,5.44,LIGHT,79.62,LOW,RUNNING,23.53,7.53,LIGHT,85.71,LOW,RUNNING,21.41,5.1,LIGHT,79.41,LOW,RUNNING,18.37,4.03,LIGHT,74.01,LOW,RUNNING,23.41,7.9,LIGHT,86.11,LOW,RUNNING,22.49,6.86,LIGHT,83.4,LOW,RUNNING,21.59,5.49,LIGHT,80.22,LOW,RUNNING,20.64,4.97,LIGHT,78.25,LOW,RUNNING,23.6,6.7,LIGHT,84.55,LOW,RUNNING,27.84,55.0,244.5,0.25,22.0,COOLING,0.25,22.0,COOLING,0.25,22.0,COOLING,0.25,22.0,COOLING,21.25,21.655,24.908,21.659,22.368,24.908,21.25,3.658,327.14,160.12,163.62,162.8,170.0,170.0,1360.0,170.0,233.38,285.81,277.04,285.72,144.15,313.23,-769.61,312.23,875.0,875.0,875.0,875.0,-0.33,54.16,156.05,55.75,813.68,1870.0,1081.95,3500.0,265.63,0.0,1.0,1.0,0.0,22.5,TARGETED_EAST_OCCUPANCY_COOL,30.6379
2,Occupancy Concentration,0,388,3880.0,22,2,2,16,2,22.35,6.48,LIGHT,82.66,LOW,RUNNING,21.2,5.37,LIGHT,79.56,LOW,RUNNING,23.41,7.41,LIGHT,85.38,LOW,RUNNING,21.24,5.04,LIGHT,79.11,LOW,RUNNING,18.31,4.09,LIGHT,74.02,LOW,RUNNING,23.51,8.02,LIGHT,86.42,LOW,RUNNING,22.66,6.93,LIGHT,83.72,LOW,RUNNING,21.66,5.45,LIGHT,80.25,LOW,RUNNING,20.55,4.85,LIGHT,77.96,LOW,RUNNING,23.44,6.61,LIGHT,84.22,LOW,RUNNING,27.85,55.0,244.7,0.25,22.0,COOLING,0.25,22.0,COOLING,0.25,22.0,COOLING,0.25,22.0,COOLING,21.25,21.656,24.911,21.66,22.369,24.911,21.25,3.661,326.71,160.44,163.97,162.18,170.0,170.0,1360.0,170.0,233.66,286.13,277.36,286.05,144.41,313.34,-770.09,312.34,875.0,875.0,875.0,875.0,-0.22,54.91,156.24,55.57,813.3,1870.0,1083.2,3500.0,266.5,0.0,1.0,1.0,0.0,22.5,TARGETED_EAST_OCCUPANCY_COOL,30.6871
2,Occupancy Concentration,0,389,3890.0,22,2,2,16,2,22.48,6.5,LIGHT,82.85,LOW,RUNNING,21.19,5.28,LIGHT,79.41,LOW,RUNNING,23.26,7.3,LIGHT,85.03,LOW,RUNNING,21.1,5.01,LIGHT,78.89,LOW,RUNNING,18.3,4.17,LIGHT,74.13,LOW,RUNNING,23.65,8.14,LIGHT,86.77,LOW,RUNNING,22.82,6.98,LIGHT,84.0,LOW,RUNNING,21.7,5.38,LIGHT,80.19,LOW,RUNNING,20.43,4.73,LIGHT,77.63,LOW,RUNNING,23.27,6.55,LIGHT,83.91,LOW,RUNNING,27.85,55.0,244.8,0.25,22.0,COOLING,0.25,22.0,COOLING,0.25,22.0,COOLING,0.25,22.0,COOLING,21.25,21.657,24.914,21.661,22.37,24.914,21.25,3.664,326.18,160.9,164.19,161.54,170.0,170.0,1360.0,170.0,233.7,286.17,277.39,286.09,144.67,313.45,-770.58,312.45,875.0,875.0,875.0,875.0,-0.45,55.52,156.0,55.08,812.81,1870.0,1083.35,3500.0,266.15,0.0,1.0,1.0,0.0,22.5,TARGETED_EAST_OCCUPANCY_COOL,30.7362
2,Occupancy Concentration,0,390,3900.0,22,2,2,16,2,22.59,6.49,LIGHT,82.97,LOW,RUNNING,21.14,5.17,LIGHT,79.18,LOW,RUNNING,23.1,7.19,LIGHT,84.66,LOW,RUNNING,20.97,5.0,LIGHT,78.71,LOW,RUNNING,18.33,4.27,LIGHT,74.32,LOW,RUNNING,23.8,8.25,LIGHT,87.12,LOW,RUNNING,22.96,7.0,LIGHT,84.2,LOW,RUNNING,21.69,5.29,LIGHT,80.05,LOW,RUNNING,20.29,4.62,LIGHT,77.29,LOW,RUNNING,23.12,6.51,LIGHT,83.67,LOW,RUNNING,27.85,55.0,245.0,0.25,22.0,COOLING,0.25,22.0,COOLING,0.25,22.0,COOLING,0.25,22.0,COOLING,21.25,21.658,24.917,21.662,22.372,24.917,21.25,3.667,325.52,161.44,164.25,160.96,170.0,170.0,1360.0,170.0,233.78,286.27,277.5,286.18,144.94,313.56,-771.06,312.56,875.0,875.0,875.0,875.0,-0.76,56.27,155.69,54.7,812.17,1870.0,1083.73,3500.0,265.9,0.0,1.0,1.0,0.0,22.5,TARGETED_EAST_OCCUPANCY_COOL,30.7854
2,Occupancy Concentration,0,391,3910.0,22,2,2,16,2,22.66,6.45,LIGHT,83.0,LOW,RUNNING,21.05,5.05,LIGHT,78.89,LOW,RUNNING,22.93,7.11,LIGHT,84.33,LOW,RUNNING,20.88,5.03,LIGHT,78.64,LOW,RUNNING,18.4,4.38,LIGHT,74.57,LOW,RUNNING,23.97,8.34,LIGHT,87.47,LOW,RUNNING,23.07,6.99,LIGHT,84.32,LOW,RUNNING,21.65,5.19,LIGHT,79.85,LOW,RUNNING,20.13,4.51,LIGHT,76.93,LOW,RUNNING,22.99,6.5,LIGHT,83.49,LOW,RUNNING,27.86,55.0,245.2,0.25,22.0,COOLING,0.25,22.0,COOLING,0.25,22.0,COOLING,0.25,22.0,COOLING,21.25,21.659,24.92,21.663,22.373,24.92,21.25,3.67,324.86,162.04,164.17,160.42,170.0,170.0,1360.0,170.0,234.06,286.59,277.82,286.51,145.21,313.67,-771.55,312.67,875.0,875.0,875.0,875.0,-0.87,57.3,155.44,54.6,811.49,1870.0,1084.98,3500.0,266.47,0.0,1.0,1.0,0.0,22.5,TARGETED_EAST_OCCUPANCY_COOL,30.8342
2,Occupancy Concentration,0,392,3920.0,22,2,2,16,2,22.7,6.38,LIGHT,82.94,LOW,RUNNING,20.93,4.93,LIGHT,78.56,LOW,RUNNING,22.77,7.05,LIGHT,84.04,LOW,RUNNING,20.82,5.08,LIGHT,78.65,LOW,RUNNING,18.5,4.5,LIGHT,74.88,LOW,RUNNING,24.14,8.42,LIGHT,87.8,LOW,RUNNING,23.15,6.95,LIGHT,84.36,LOW,RUNNING,21.57,5.07,LIGHT,79.57,LOW,RUNNING,19.96,4.42,LIGHT,76.58,LOW,RUNNING,22.89,6.52,LIGHT,83.39,LOW,RUNNING,27.86,55.0,245.3,0.25,22.0,COOLING,0.25,22.0,COOLING,0.25,22.0,COOLING,0.25,22.0,COOLING,21.25,21.66,24.923,21.664,22.374,24.923,21.25,3.673,324.19,162.68,163.93,159.97,170.0,170.0,1360.0,170.0,234.1,286.63,277.85,286.55,145.47,313.78,-772.03,312.78,875.0,875.0,875.0,875.0,-1.24,58.09,154.75,54.3,810.77,1870.0,1085.13,3500.0,265.9,0.0,1.0,1.0,0.0,22.5,TARGETED_EAST_OCCUPANCY_COOL,30.8826
2,Occupancy Concentration,0,393,3930.0,22,2,2,16,2,22.69,6.29,LIGHT,82.8,LOW,RUNNING,20.78,4.81,LIGHT,78.19,LOW,RUNNING,22.61,7.01,LIGHT,83.78,LOW,RUNNING,20.8,5.16,LIGHT,78.74,LOW,RUNNING,18.63,4.62,LIGHT,75.22,LOW,RUNNING,24.3,8.47,LIGHT,88.08,LOW,RUNNING,23.19,6.89,LIGHT,84.32,LOW,RUNNING,21.45,4.95,LIGHT,79.24,LOW,RUNNING,19.79,4.35,LIGHT,76.26,LOW,RUNNING,22.83,6.57,LIGHT,83.39,LOW,RUNNING,27.86,55.0,245.5,0.25,22.0,COOLING,0.25,22.0,COOLING,0.25,22.0,COOLING,0.25,22.0,COOLING,21.25,21.661,24.926,21.665,22.375,24.926,21.25,3.676,323.51,163.3,163.56,159.65,170.0,170.0,1360.0,170.0,234.17,286.74,277.96,286.65,145.74,313.89,-772.51,312.89,875.0,875.0,875.0,875.0,-1.58,58.93,154.01,54.19,810.02,1870.0,1085.52,3500.0,265.55,0.0,1.0,1.0,0.0,22.5,TARGETED_EAST_OCCUPANCY_COOL,30.931
2,Occupancy Concentration,0,394,3940.0,22,2,2,16,2,22.65,6.18,LIGHT,82.58,LOW,RUNNING,20.62,4.71,LIGHT,77.84,LOW,RUNNING,22.49,7.0,LIGHT,83.61,LOW,RUNNING,20.82,5.25,LIGHT,78.9,LOW,RUNNING,18.78,4.73,LIGHT,75.57,LOW,RUNNING,24.44,8.5,LIGHT,88.3,LOW,RUNNING,23.2,6.81,LIGHT,84.22,LOW,RUNNING,21.31,4.83,LIGHT,78.88,LOW,RUNNING,19.64,4.31,LIGHT,76.02,LOW,RUNNING,22.8,6.64,LIGHT,83.46,LOW,RUNNING,27.87,55.0,245.7,0.25,22.0,COOLING,0.25,22.0,COOLING,0.25,22.0,COOLING,0.25,22.0,COOLING,21.25,21.662,24.929,21.666,22.377,24.929,21.25,3.679,322.93,163.87,163.1,159.48,170.0,170.0,1360.0,170.0,234.47,287.05,278.29,286.97,146.0,314.0,-773.0,313.0,875.0,875.0,875.0,875.0,-1.6,59.92,153.39,54.45,809.38,1870.0,1086.78,3500.0,266.16,0.0,1.0,1.0,0.0,22.5,TARGETED_EAST_OCCUPANCY_COOL,30.9789
2,Occupancy Concentration,0,395,3950.0,22,2,2,16,2,22.56,6.07,LIGHT,82.31,LOW,RUNNING,20.45,4.62,LIGHT,77.49,LOW,RUNNING,22.39,7.02,LIGHT,83.52,LOW,RUNNING,20.88,5.36,LIGHT,79.14,LOW,RUNNING,18.95,4.83,LIGHT,75.93,LOW,RUNNING,24.56,8.49,LIGHT,88.44,LOW,RUNNING,23.16,6.7,LIGHT,84.0,LOW,RUNNING,21.15,4.72,LIGHT,78.52,LOW,RUNNING,19.51,4.3,LIGHT,75.84,LOW,RUNNING,22.82,6.74,LIGHT,83.64,LOW,RUNNING,27.87,55.0,245.8,0.25,22.0,COOLING,0.25,22.0,COOLING,0.25,22.0,COOLING,0.25,22.0,COOLING,21.25,21.663,24.932,21.667,22.378,24.932,21.25,3.682,322.46,164.37,162.52,159.48,170.0,170.0,1360.0,170.0,234.5,287.09,278.3,287.01,146.26,314.11,-773.48,313.11,875.0,875.0,875.0,875.0,-1.78,60.57,152.34,54.6,808.83,1870.0,1086.9,3500.0,265.73,0.0,1.0,1.0,0.0,22.5,TARGETED_EAST_OCCUPANCY_COOL,31.0263
2,Occupancy Concentration,0,396,3960.0,22,2,2,16,2,22.45,5.95,LIGHT,81.99,LOW,RUNNING,20.29,4.55,LIGHT,77.19,LOW,RUNNING,22.32,7.07,LIGHT,83.51,LOW,RUNNING,20.98,5.48,LIGHT,79.44,LOW,RUNNING,19.12,4.91,LIGHT,76.27,LOW,RUNNING,24.64,8.46,LIGHT,88.49,LOW,RUNNING,23.08,6.59,LIGHT,83.73,LOW,RUNNING,20.98,4.63,LIGHT,78.17,LOW,RUNNING,19.4,4.32,LIGHT,75.73,LOW,RUNNING,22.87,6.84,LIGHT,83.85,LOW,RUNNING,27.88,55.0,246.0,0.25,22.0,COOLING,0.25,22.0,COOLING,0.25,22.0,COOLING,0.25,22.0,COOLING,21.25,21.664,24.935,21.668,22.379,24.935,21.25,3.685,322.13,164.76,161.9,159.58,170.0,170.0,1360.0,170.0,234.79,287.42,278.63,287.33,146.53,314.22,-773.97,313.22,875.0,875.0,875.0,875.0,-1.55,61.4,151.56,55.13,808.37,1870.0,1088.17,3500.0,266.54,0.0,1.0,1.0,0.0,22.5,TARGETED_EAST_OCCUPANCY_COOL,31.0735
2,Occupancy Concentration,0,397,3970.0,22,2,2,16,2,22.3,5.83,LIGHT,81.62,LOW,RUNNING,20.13,4.51,LIGHT,76.93,LOW,RUNNING,22.3,7.14,LIGHT,83.58,LOW,RUNNING,21.11,5.6,LIGHT,79.79,LOW,RUNNING,19.28,4.97,LIGHT,76.55,LOW,RUNNING,24.69,8.4,LIGHT,88.46,LOW,RUNNING,22.97,6.47,LIGHT,83.42,LOW,RUNNING,20.82,4.56,LIGHT,77.87,LOW,RUNNING,19.33,4.36,LIGHT,75.7,LOW,RUNNING,22.96,6.96,LIGHT,84.14,LOW,RUNNING,27.88,55.0,246.2,0.25,22.0,COOLING,0.25,22.0,COOLING,0.25,22.0,COOLING,0.25,22.0,COOLING,21.25,21.665,24.938,21.669,22.38,24.938,21.25,3.688,321.92,165.01,161.29,159.84,170.0,170.0,1360.0,170.0,234.87,287.52,278.74,287.44,146.8,314.33,-774.45,313.33,875.0,875.0,875.0,875.0,-1.41,61.86,150.58,55.61,808.06,1870.0,1088.57,3500.0,266.64,0.0,1.0,1.0,0.0,22.5,TARGETED_EAST_OCCUPANCY_COOL,31.1205
2,Occupancy Concentration,0,398,3980.0,22,2,2,16,2,22.14,5.72,LIGHT,81.25,LOW,RUNNING,20.0,4.5,LIGHT,76.75,LOW,RUNNING,22.32,7.24,LIGHT,83.76,LOW,RUNNING,21.26,5.72,LIGHT,80.16,LOW,RUNNING,19.42,5.0,LIGHT,76.78,LOW,RUNNING,24.7,8.32,LIGHT,88.36,LOW,RUNNING,22.83,6.35,LIGHT,83.06,LOW,RUNNING,20.66,4.52,LIGHT,77.61,LOW,RUNNING,19.3,4.43,LIGHT,75.77,LOW,RUNNING,23.09,7.08,LIGHT,84.48,LOW,RUNNING,27.88,55.0,246.3,0.25,22.0,COOLING,0.25,22.0,COOLING,0.25,22.0,COOLING,0.25,22.0,COOLING,21.25,21.666,24.941,21.67,22.382,24.941,21.25,3.691,321.92,165.14,160.67,160.25,170.0,170.0,1360.0,170.0,234.9,287.56,278.76,287.48,147.06,314.44,-774.94,313.44,875.0,875.0,875.0,875.0,-1.12,62.14,149.49,56.17,807.98,1870.0,1088.7,3500.0,266.68,0.0,1.0,1.0,0.0,22.5,TARGETED_EAST_OCCUPANCY_COOL,31.1671
2,Occupancy Concentration,0,399,3990.0,22,2,2,16,2,21.98,5.63,LIGHT,80.92,LOW,RUNNING,19.9,4.52,LIGHT,76.66,LOW,RUNNING,22.37,7.35,LIGHT,83.99,LOW,RUNNING,21.42,5.82,LIGHT,80.51,LOW,RUNNING,19.54,5.0,LIGHT,76.92,LOW,RUNNING,24.66,8.22,LIGHT,88.16,LOW,RUNNING,22.67,6.24,LIGHT,82.7,LOW,RUNNING,20.52,4.5,LIGHT,77.4,LOW,RUNNING,19.31,4.52,LIGHT,75.92,LOW,RUNNING,23.23,7.2,LIGHT,84.84,LOW,RUNNING,27.89,55.0,246.5,0.25,22.0,COOLING,0.25,22.0,COOLING,0.25,22.0,COOLING,0.25,22.0,COOLING,21.25,21.667,24.944,21.671,22.383,24.944,21.25,3.694,322.08,165.08,160.1,160.76,170.0,170.0,1360.0,170.0,235.2,287.88,279.09,287.79,147.33,314.55,-775.42,313.55,875.0,875.0,875.0,875.0,-0.39,62.51,148.77,57.1,808.02,1870.0,1089.96,3500.0,267.99,0.0,1.0,1.0,0.0,22.5,TARGETED_EAST_OCCUPANCY_COOL,31.2136
2,Occupancy Concentration,0,400,4000.0,22,2,2,16,2,21.81,5.56,LIGHT,80.6,LOW,RUNNING,19.83,4.56,LIGHT,76.63,LOW,RUNNING,22.47,7.47,LIGHT,84.29,LOW,RUNNING,21.59,5.9,LIGHT,80.84,LOW,RUNNING,19.63,4.97,LIGHT,76.99,LOW,RUNNING,24.59,8.1,LIGHT,87.89,LOW,RUNNING,22.51,6.14,LIGHT,82.35,LOW,RUNNING,20.41,4.51,LIGHT,77.28,LOW,RUNNING,19.36,4.63,LIGHT,76.15,LOW,RUNNING,23.4,7.3,LIGHT,85.2,LOW,RUNNING,27.89,55.0,246.7,0.25,22.0,COOLING,0.25,22.0,COOLING,0.25,22.0,COOLING,0.25,22.0,COOLING,21.25,21.668,24.947,21.672,22.384,24.947,21.25,3.697,322.36,164.88,159.63,161.35,170.0,170.0,1360.0,170.0,235.27,287.98,279.2,287.9,147.59,314.66,-775.91,313.66,875.0,875.0,875.0,875.0,0.22,62.52,147.92,57.91,808.22,1870.0,1090.35,3500.0,268.57,0.0,1.0,1.0,0.0,22.5,TARGETED_EAST_OCCUPANCY_COOL,31.2602
2,Occupancy Concentration,0,401,4010.0,22,2,2,16,2,21.65,5.52,LIGHT,80.34,LOW,RUNNING,19.8,4.63,LIGHT,76.69,LOW,RUNNING,22.59,7.59,LIGHT,84.62,LOW,RUNNING,21.76,5.96,LIGHT,81.14,LOW,RUNNING,19.69,4.91,LIGHT,76.98,LOW,RUNNING,24.49,7.98,LIGHT,87.58,LOW,RUNNING,22.34,6.07,LIGHT,82.03,LOW,RUNNING,20.34,4.55,LIGHT,77.25,LOW,RUNNING,19.45,4.75,LIGHT,76.44,LOW,RUNNING,23.56,7.39,LIGHT,85.53,LOW,RUNNING,27.89,55.0,246.8,0.25,22.0,COOLING,0.25,22.0,COOLING,0.25,22.0,COOLING,0.25,22.0,COOLING,21.25,21.669,24.95,21.673,22.386,24.95,21.25,3.7,322.79,164.56,159.28,161.97,170.0,170.0,1360.0,170.0,235.31,288.02,279.22,287.94,147.85,314.77,-776.39,313.77,875.0,875.0,875.0,875.0,0.95,62.35,147.11,58.68,808.6,1870.0,1090.49,3500.0,269.09,0.0,1.0,1.0,0.0,22.5,TARGETED_EAST_OCCUPANCY_COOL,31.3068
2,Occupancy Concentration,0,402,4020.0,22,2,2,16,2,21.52,5.5,LIGHT,80.15,LOW,RUNNING,19.81,4.72,LIGHT,76.84,LOW,RUNNING,22.74,7.7,LIGHT,84.97,LOW,RUNNING,21.9,5.99,LIGHT,81.36,LOW,RUNNING,19.7,4.83,LIGHT,76.87,LOW,RUNNING,24.35,7.86,LIGHT,87.23,LOW,RUNNING,22.18,6.02,LIGHT,81.75,LOW,RUNNING,20.3,4.62,LIGHT,77.31,LOW,RUNNING,19.57,4.87,LIGHT,76.77,LOW,RUNNING,23.73,7.45,LIGHT,85.84,LOW,RUNNING,27.9,55.0,247.0,0.25,22.0,COOLING,0.25,22.0,COOLING,0.25,22.0,COOLING,0.25,22.0,COOLING,21.25,21.67,24.953,21.674,22.387,24.953,21.25,3.703,323.32,164.1,159.06,162.61,170.0,170.0,1360.0,170.0,235.59,288.35,279.54,288.26,148.12,314.88,-776.88,313.88,875.0,875.0,875.0,875.0,2.03,62.33,146.72,59.75,809.09,1870.0,1091.74,3500.0,270.83,0.0,1.0,1.0,0.0,22.5,TARGETED_EAST_OCCUPANCY_COOL,31.3536
2,Occupancy Concentration,0,403,4030.0,22,2,2,16,2,21.41,5.51,LIGHT,80.03,LOW,RUNNING,19.86,4.83,LIGHT,77.07,LOW,RUNNING,22.9,7.81,LIGHT,85.34,LOW,RUNNING,22.03,6.0,LIGHT,81.54,LOW,RUNNING,19.67,4.73,LIGHT,76.68,LOW,RUNNING,24.2,7.75,LIGHT,86.88,LOW,RUNNING,22.04,6.0,LIGHT,81.55,LOW,RUNNING,20.31,4.71,LIGHT,77.45,LOW,RUNNING,19.71,4.98,LIGHT,77.11,LOW,RUNNING,23.88,7.49,LIGHT,86.08,LOW,RUNNING,27.9,55.0,247.2,0.25,22.0,COOLING,0.25,22.0,COOLING,0.25,22.0,COOLING,0.25,22.0,COOLING,21.25,21.671,24.956,21.675,22.388,24.956,21.25,3.706,323.98,163.56,159.0,163.19,170.0,170.0,1360.0,170.0,235.67,288.44,279.66,288.36,148.39,314.99,-777.36,313.99,875.0,875.0,875.0,875.0,3.04,61.99,146.3,60.54,809.73,1870.0,1092.13,3500.0,271.87,0.0,1.0,1.0,0.0,22.5,TARGETED_EAST_OCCUPANCY_COOL,31.4006
2,Occupancy Concentration,0,404,4040.0,22,2,2,16,2,21.34,5.55,LIGHT,80.0,LOW,RUNNING,19.95,4.95,LIGHT,77.36,LOW,RUNNING,23.07,7.89,LIGHT,85.67,LOW,RUNNING,22.12,5.97,LIGHT,81.61,LOW,RUNNING,19.6,4.62,LIGHT,76.43,LOW,RUNNING,24.03,7.66,LIGHT,86.53,LOW,RUNNING,21.93,6.01,LIGHT,81.43,LOW,RUNNING,20.35,4.81,LIGHT,77.65,LOW,RUNNING,19.87,5.09,LIGHT,77.47,LOW,RUNNING,24.01,7.5,LIGHT,86.26,LOW,RUNNING,27.9,55.0,247.3,0.25,22.0,COOLING,0.25,22.0,COOLING,0.25,22.0,COOLING,0.25,22.0,COOLING,21.25,21.672,24.959,21.676,22.389,24.959,21.25,3.709,324.64,162.96,159.08,163.73,170.0,170.0,1360.0,170.0,235.71,288.48,279.69,288.4,148.65,315.1,-777.85,314.1,875.0,875.0,875.0,875.0,4.0,61.54,145.92,61.23,810.41,1870.0,1092.28,3500.0,272.69,0.0,1.0,1.0,0.0,22.5,TARGETED_EAST_OCCUPANCY_COOL,31.4479
2,Occupancy Concentration,0,405,4050.0,22,2,2,16,2,21.3,5.62,LIGHT,80.06,LOW,RUNNING,20.07,5.07,LIGHT,77.69,LOW,RUNNING,23.23,7.95,LIGHT,85.96,LOW,RUNNING,22.18,5.92,LIGHT,81.6,LOW,RUNNING,19.5,4.5,LIGHT,76.12,LOW,RUNNING,23.86,7.58,LIGHT,86.2,LOW,RUNNING,21.85,6.05,LIGHT,81.39,LOW,RUNNING,20.43,4.93,LIGHT,77.93,LOW,RUNNING,20.04,5.18,LIGHT,77.82,LOW,RUNNING,24.11,7.48,LIGHT,86.36,LOW,RUNNING,27.91,55.0,247.5,0.25,22.0,COOLING,0.25,22.0,COOLING,0.25,22.0,COOLING,0.25,22.0,COOLING,21.25,21.673,24.962,21.677,22.39,24.962,21.25,3.712,325.31,162.32,159.32,164.18,170.0,170.0,1360.0,170.0,236.0,288.81,280.01,288.72,148.91,315.21,-778.34,314.21,875.0,875.0,875.0,875.0,5.22,61.34,145.99,62.11,811.13,1870.0,1093.54,3500.0,274.66,0.0,1.0,1.0,0.0,22.5,TARGETED_EAST_OCCUPANCY_COOL,31.4956
2,Occupancy Concentration,0,406,4060.0,22,2,2,16,2,21.31,5.71,LIGHT,80.2,LOW,RUNNING,20.22,5.19,LIGHT,78.06,LOW,RUNNING,23.39,7.99,LIGHT,86.22,LOW,RUNNING,22.2,5.84,LIGHT,81.51,LOW,RUNNING,19.37,4.38,LIGHT,75.78,LOW,RUNNING,23.7,7.53,LIGHT,85.92,LOW,RUNNING,21.81,6.11,LIGHT,81.43,LOW,RUNNING,20.55,5.05,LIGHT,78.26,LOW,RUNNING,20.21,5.25,LIGHT,78.14,LOW,RUNNING,24.17,7.43,LIGHT,86.36,LOW,RUNNING,27.91,55.0,247.7,0.25,22.0,COOLING,0.25,22.0,COOLING,0.25,22.0,COOLING,0.25,22.0,COOLING,21.25,21.674,24.965,21.678,22.392,24.965,21.25,3.715,325.99,161.7,159.69,164.5,170.0,170.0,1360.0,170.0,236.08,288.91,280.12,288.82,149.18,315.32,-778.82,314.32,875.0,875.0,875.0,875.0,6.25,60.93,145.99,62.64,811.88,1870.0,1093.93,3500.0,275.81,0.0,1.0,1.0,0.0,22.5,TARGETED_EAST_OCCUPANCY_COOL,31.5438
2,Occupancy Concentration,0,407,4070.0,22,2,2,16,2,21.35,5.82,LIGHT,80.42,LOW,RUNNING,20.38,5.29,LIGHT,78.41,LOW,RUNNING,23.51,8.0,LIGHT,86.39,LOW,RUNNING,22.18,5.75,LIGHT,81.35,LOW,RUNNING,19.22,4.27,LIGHT,75.43,LOW,RUNNING,23.56,7.5,LIGHT,85.7,LOW,RUNNING,21.8,6.19,LIGHT,81.53,LOW,RUNNING,20.69,5.17,LIGHT,78.62,LOW,RUNNING,20.36,5.29,LIGHT,78.39,LOW,RUNNING,24.2,7.36,LIGHT,86.29,LOW,RUNNING,27.91,55.0,247.8,0.25,22.0,COOLING,0.25,22.0,COOLING,0.25,22.0,COOLING,0.25,22.0,COOLING,21.25,21.675,24.968,21.679,22.393,24.968,21.25,3.718,326.57,161.13,160.15,164.68,170.0,170.0,1360.0,170.0,236.11,288.95,280.14,288.87,149.45,315.43,-779.3,314.43,875.0,875.0,875.0,875.0,7.13,60.51,145.99,62.98,812.53,1870.0,1094.07,3500.0,276.61,0.0,1.0,1.0,0.0,22.5,TARGETED_EAST_OCCUPANCY_COOL,31.5923
2,Occupancy Concentration,0,408,4080.0,22,2,2,16,2,21.44,5.93,LIGHT,80.69,LOW,RUNNING,20.55,5.38,LIGHT,78.76,LOW,RUNNING,23.61,7.98,LIGHT,86.48,LOW,RUNNING,22.12,5.64,LIGHT,81.11,LOW,RUNNING,19.05,4.17,LIGHT,75.07,LOW,RUNNING,23.44,7.51,LIGHT,85.57,LOW,RUNNING,21.84,6.3,LIGHT,81.75,LOW,RUNNING,20.85,5.28,LIGHT,78.98,LOW,RUNNING,20.49,5.3,LIGHT,78.56,LOW,RUNNING,24.18,7.26,LIGHT,86.11,LOW,RUNNING,27.92,55.0,248.0,0.25,22.0,COOLING,0.25,22.0,COOLING,0.25,22.0,COOLING,0.25,22.0,COOLING,21.25,21.676,24.971,21.68,22.394,24.971,21.25,3.721,327.04,160.64,160.73,164.67,170.0,170.0,1360.0,170.0,236.41,289.27,280.47,289.18,149.71,315.54,-779.79,314.54,875.0,875.0,875.0,875.0,8.16,60.45,146.41,63.39,813.08,1870.0,1095.33,3500.0,278.41,0.0,1.0,1.0,0.0,22.5,TARGETED_EAST_OCCUPANCY_COOL,31.6414
2,Occupancy Concentration,0,409,4090.0,22,2,2,16,2,21.55,6.05,LIGHT,81.01,LOW,RUNNING,20.71,5.45,LIGHT,79.06,LOW,RUNNING,23.68,7.93,LIGHT,86.49,LOW,RUNNING,22.02,5.52,LIGHT,80.81,LOW,RUNNING,18.88,4.09,LIGHT,74.73,LOW,RUNNING,23.36,7.54,LIGHT,85.51,LOW,RUNNING,21.92,6.41,LIGHT,82.02,LOW,RUNNING,21.02,5.37,LIGHT,79.33,LOW,RUNNING,20.6,5.28,LIGHT,78.67,LOW,RUNNING,24.13,7.16,LIGHT,85.9,LOW,RUNNING,27.92,55.0,248.2,0.25,22.0,COOLING,0.25,22.0,COOLING,0.25,22.0,COOLING,0.25,22.0,COOLING,21.25,21.677,24.974,21.681,22.395,24.974,21.25,3.724,327.37,160.24,161.35,164.57,170.0,170.0,1360.0,170.0,236.49,289.37,280.57,289.28,149.97,315.65,-780.28,314.65,875.0,875.0,875.0,875.0,8.83,60.26,146.64,63.5,813.53,1870.0,1095.71,3500.0,279.23,0.0,1.0,1.0,0.0,22.5,TARGETED_EAST_OCCUPANCY_COOL,31.691
2,Occupancy Concentration,0,410,4100.0,22,2,2,16,2,21.7,6.17,LIGHT,81.38,LOW,RUNNING,20.87,5.49,LIGHT,79.32,LOW,RUNNING,23.7,7.86,LIGHT,86.42,LOW,RUNNING,21.89,5.4,LIGHT,80.46,LOW,RUNNING,18.72,4.03,LIGHT,74.45,LOW,RUNNING,23.31,7.6,LIGHT,85.54,LOW,RUNNING,22.03,6.53,LIGHT,82.33,LOW,RUNNING,21.18,5.44,LIGHT,79.63,LOW,RUNNING,20.67,5.24,LIGHT,78.7,LOW,RUNNING,24.04,7.04,LIGHT,85.61,LOW,RUNNING,27.92,55.0,248.3,0.25,22.0,COOLING,0.25,22.0,COOLING,0.25,22.0,COOLING,0.25,22.0,COOLING,21.25,21.678,24.977,21.682,22.397,24.977,21.25,3.727,327.58,159.99,161.96,164.31,170.0,170.0,1360.0,170.0,236.52,289.41,280.6,289.33,150.24,315.76,-780.76,314.76,875.0,875.0,875.0,875.0,9.34,60.16,146.8,63.4,813.84,1870.0,1095.86,3500.0,279.7,0.0,1.0,1.0,0.0,22.5,TARGETED_EAST_OCCUPANCY_COOL,31.7408
2,Occupancy Concentration,0,411,4110.0,22,2,2,16,2,21.86,6.28,LIGHT,81.75,LOW,RUNNING,21.0,5.5,LIGHT,79.5,LOW,RUNNING,23.68,7.76,LIGHT,86.24,LOW,RUNNING,21.74,5.28,LIGHT,80.09,LOW,RUNNING,18.58,4.0,LIGHT,74.22,LOW,RUNNING,23.3,7.68,LIGHT,85.64,LOW,RUNNING,22.17,6.65,LIGHT,82.69,LOW,RUNNING,21.34,5.48,LIGHT,79.89,LOW,RUNNING,20.7,5.17,LIGHT,78.63,LOW,RUNNING,23.91,6.92,LIGHT,85.27,LOW,RUNNING,27.93,55.0,248.5,0.25,22.0,COOLING,0.25,22.0,COOLING,0.25,22.0,COOLING,0.25,22.0,COOLING,21.25,21.679,24.98,21.683,22.398,24.98,21.25,3.73,327.58,159.86,162.58,163.9,170.0,170.0,1360.0,170.0,236.81,289.73,280.93,289.64,150.5,315.87,-781.25,314.87,875.0,875.0,875.0,875.0,9.89,60.46,147.26,63.41,813.92,1870.0,1097.11,3500.0,281.02,0.0,1.0,1.0,0.0,22.5,TARGETED_EAST_OCCUPANCY_COOL,31.7911
2,Occupancy Concentration,0,412,4120.0,22,2,2,16,2,22.02,6.37,LIGHT,82.08,LOW,RUNNING,21.1,5.48,LIGHT,79.59,LOW,RUNNING,23.63,7.65,LIGHT,86.01,LOW,RUNNING,21.58,5.18,LIGHT,79.74,LOW,RUNNING,18.46,4.0,LIGHT,74.08,LOW,RUNNING,23.34,7.78,LIGHT,85.84,LOW,RUNNING,22.33,6.76,LIGHT,83.05,LOW,RUNNING,21.48,5.5,LIGHT,80.1,LOW,RUNNING,20.69,5.08,LIGHT,78.48,LOW,RUNNING,23.77,6.8,LIGHT,84.91,LOW,RUNNING,27.93,55.0,248.7,0.25,22.0,COOLING,0.25,22.0,COOLING,0.25,22.0,COOLING,0.25,22.0,COOLING,21.25,21.68,24.983,21.684,22.399,24.983,21.25,3.733,327.42,159.92,163.15,163.39,170.0,170.0,1360.0,170.0,236.88,289.84,281.03,289.75,150.77,315.98,-781.73,314.98,875.0,875.0,875.0,875.0,10.07,60.74,147.45,63.12,813.88,1870.0,1097.5,3500.0,281.38,0.0,1.0,1.0,0.0,22.5,TARGETED_EAST_OCCUPANCY_COOL,31.8417
2,Occupancy Concentration,0,413,4130.0,22,2,2,16,2,22.19,6.44,LIGHT,82.4,LOW,RUNNING,21.17,5.44,LIGHT,79.62,LOW,RUNNING,23.53,7.53,LIGHT,85.71,LOW,RUNNING,21.41,5.1,LIGHT,79.41,LOW,RUNNING,18.37,4.03,LIGHT,74.01,LOW,RUNNING,23.41,7.9,LIGHT,86.11,LOW,RUNNING,22.49,6.86,LIGHT,83.4,LOW,RUNNING,21.59,5.49,LIGHT,80.22,LOW,RUNNING,20.64,4.97,LIGHT,78.25,LOW,RUNNING,23.6,6.7,LIGHT,84.55,LOW,RUNNING,27.93,55.0,248.8,0.25,22.0,COOLING,0.25,22.0,COOLING,0.25,22.0,COOLING,0.25,22.0,COOLING,21.25,21.681,24.986,21.685,22.401,24.986,21.25,3.736,327.14,160.12,163.62,162.8,170.0,170.0,1360.0,170.0,236.92,289.88,281.06,289.79,151.04,316.09,-782.22,315.09,875.0,875.0,875.0,875.0,10.1,61.09,147.46,62.68,813.68,1870.0,1097.65,3500.0,281.33,0.0,1.0,1.0,0.0,22.5,TARGETED_EAST_OCCUPANCY_COOL,31.8923
2,Occupancy Concentration,0,414,4140.0,22,2,2,16,2,22.35,6.48,LIGHT,82.66,LOW,RUNNING,21.2,5.37,LIGHT,79.56,LOW,RUNNING,23.41,7.41,LIGHT,85.38,LOW,RUNNING,21.24,5.04,LIGHT,79.11,LOW,RUNNING,18.31,4.09,LIGHT,74.02,LOW,RUNNING,23.51,8.02,LIGHT,86.42,LOW,RUNNING,22.66,6.93,LIGHT,83.72,LOW,RUNNING,21.66,5.45,LIGHT,80.25,LOW,RUNNING,20.55,4.85,LIGHT,77.96,LOW,RUNNING,23.44,6.61,LIGHT,84.22,LOW,RUNNING,27.94,55.0,249.0,0.25,22.0,COOLING,0.25,22.0,COOLING,0.25,22.0,COOLING,0.25,22.0,COOLING,21.25,21.682,24.989,21.686,22.402,24.989,21.25,3.739,326.71,160.44,163.97,162.18,170.0,170.0,1360.0,170.0,237.22,290.19,281.39,290.1,151.3,316.2,-782.7,315.2,875.0,875.0,875.0,875.0,10.23,61.83,147.66,62.48,813.3,1870.0,1098.9,3500.0,282.2,0.0,1.0,1.0,0.0,22.5,TARGETED_EAST_OCCUPANCY_COOL,31.943
2,Occupancy Concentration,0,415,4150.0,22,2,2,16,2,22.48,6.5,LIGHT,82.85,LOW,RUNNING,21.19,5.28,LIGHT,79.41,LOW,RUNNING,23.26,7.3,LIGHT,85.03,LOW,RUNNING,21.1,5.01,LIGHT,78.89,LOW,RUNNING,18.3,4.17,LIGHT,74.13,LOW,RUNNING,23.65,8.14,LIGHT,86.77,LOW,RUNNING,22.82,6.98,LIGHT,84.0,LOW,RUNNING,21.7,5.38,LIGHT,80.19,LOW,RUNNING,20.43,4.73,LIGHT,77.63,LOW,RUNNING,23.27,6.55,LIGHT,83.91,LOW,RUNNING,27.94,55.0,249.2,0.25,22.0,COOLING,0.25,22.0,COOLING,0.25,22.0,COOLING,0.25,22.0,COOLING,21.25,21.683,24.992,21.687,22.403,24.992,21.25,3.742,326.18,160.9,164.19,161.54,170.0,170.0,1360.0,170.0,237.29,290.3,281.5,290.21,151.56,316.31,-783.19,315.31,875.0,875.0,875.0,875.0,10.03,62.51,147.5,62.06,812.81,1870.0,1099.3,3500.0,282.1,0.0,1.0,1.0,0.0,22.5,TARGETED_EAST_OCCUPANCY_COOL,31.9937
2,Occupancy Concentration,0,416,4160.0,22,2,2,16,2,22.59,6.49,LIGHT,82.97,LOW,RUNNING,21.14,5.17,LIGHT,79.18,LOW,RUNNING,23.1,7.19,LIGHT,84.66,LOW,RUNNING,20.97,5.0,LIGHT,78.71,LOW,RUNNING,18.33,4.27,LIGHT,74.32,LOW,RUNNING,23.8,8.25,LIGHT,87.12,LOW,RUNNING,22.96,7.0,LIGHT,84.2,LOW,RUNNING,21.69,5.29,LIGHT,80.05,LOW,RUNNING,20.29,4.62,LIGHT,77.29,LOW,RUNNING,23.12,6.51,LIGHT,83.67,LOW,RUNNING,27.94,55.0,249.3,0.25,22.0,COOLING,0.25,22.0,COOLING,0.25,22.0,COOLING,0.25,22.0,COOLING,21.25,21.684,24.995,21.688,22.404,24.995,21.25,3.745,325.52,161.44,164.25,160.96,170.0,170.0,1360.0,170.0,237.33,290.34,281.52,290.25,151.83,316.42,-783.67,315.42,875.0,875.0,875.0,875.0,9.68,63.2,147.1,61.63,812.17,1870.0,1099.44,3500.0,281.61,0.0,1.0,1.0,0.0,22.5,TARGETED_EAST_OCCUPANCY_COOL,32.0442
2,Occupancy Concentration,0,417,4170.0,22,2,2,16,2,22.66,6.45,LIGHT,83.0,LOW,RUNNING,21.05,5.05,LIGHT,78.89,LOW,RUNNING,22.93,7.11,LIGHT,84.33,LOW,RUNNING,20.88,5.03,LIGHT,78.64,LOW,RUNNING,18.4,4.38,LIGHT,74.57,LOW,RUNNING,23.97,8.34,LIGHT,87.47,LOW,RUNNING,23.07,6.99,LIGHT,84.32,LOW,RUNNING,21.65,5.19,LIGHT,79.85,LOW,RUNNING,20.13,4.51,LIGHT,76.93,LOW,RUNNING,22.99,6.5,LIGHT,83.49,LOW,RUNNING,27.95,55.0,249.5,0.25,22.0,COOLING,0.25,22.0,COOLING,0.25,22.0,COOLING,0.25,22.0,COOLING,21.25,21.685,24.998,21.689,22.405,24.998,21.25,3.748,324.86,162.04,164.17,160.42,170.0,170.0,1360.0,170.0,237.61,290.66,281.84,290.57,152.09,316.53,-784.16,315.53,875.0,875.0,875.0,875.0,9.56,64.23,146.85,61.52,811.49,1870.0,1100.68,3500.0,282.16,0.0,1.0,1.0,0.0,22.5,TARGETED_EAST_OCCUPANCY_COOL,32.0944
2,Occupancy Concentration,0,418,4180.0,22,2,2,16,2,22.7,6.38,LIGHT,82.94,LOW,RUNNING,20.93,4.93,LIGHT,78.56,LOW,RUNNING,22.77,7.05,LIGHT,84.04,LOW,RUNNING,20.82,5.08,LIGHT,78.65,LOW,RUNNING,18.5,4.5,LIGHT,74.88,LOW,RUNNING,24.14,8.42,LIGHT,87.8,LOW,RUNNING,23.15,6.95,LIGHT,84.36,LOW,RUNNING,21.57,5.07,LIGHT,79.57,LOW,RUNNING,19.96,4.42,LIGHT,76.58,LOW,RUNNING,22.89,6.52,LIGHT,83.39,LOW,RUNNING,27.95,55.0,249.7,0.25,22.0,COOLING,0.25,22.0,COOLING,0.25,22.0,COOLING,0.25,22.0,COOLING,21.25,21.686,25.001,21.69,22.407,25.001,21.25,3.751,324.19,162.68,163.93,159.97,170.0,170.0,1360.0,170.0,237.69,290.76,281.96,290.67,152.36,316.64,-784.64,315.64,875.0,875.0,875.0,875.0,9.24,65.08,146.25,61.28,810.77,1870.0,1101.08,3500.0,281.85,0.0,1.0,1.0,0.0,22.5,TARGETED_EAST_OCCUPANCY_COOL,32.1445
2,Occupancy Concentration,0,419,4190.0,22,2,2,16,2,22.69,6.29,LIGHT,82.8,LOW,RUNNING,20.78,4.81,LIGHT,78.19,LOW,RUNNING,22.61,7.01,LIGHT,83.78,LOW,RUNNING,20.8,5.16,LIGHT,78.74,LOW,RUNNING,18.63,4.62,LIGHT,75.22,LOW,RUNNING,24.3,8.47,LIGHT,88.08,LOW,RUNNING,23.19,6.89,LIGHT,84.32,LOW,RUNNING,21.45,4.95,LIGHT,79.24,LOW,RUNNING,19.79,4.35,LIGHT,76.26,LOW,RUNNING,22.83,6.57,LIGHT,83.39,LOW,RUNNING,27.95,55.0,249.8,0.25,22.0,COOLING,0.25,22.0,COOLING,0.25,22.0,COOLING,0.25,22.0,COOLING,21.25,21.687,25.004,21.691,22.408,25.004,21.25,3.754,323.51,163.3,163.56,159.65,170.0,170.0,1360.0,170.0,237.72,290.8,281.97,290.71,152.63,316.75,-785.13,315.75,875.0,875.0,875.0,875.0,8.86,65.85,145.4,61.11,810.02,1870.0,1101.2,3500.0,281.22,0.0,1.0,1.0,0.0,22.5,TARGETED_EAST_OCCUPANCY_COOL,32.1941
2,Occupancy Concentration,0,420,4200.0,22,2,2,16,2,22.65,6.18,LIGHT,82.58,LOW,RUNNING,20.62,4.71,LIGHT,77.84,LOW,RUNNING,22.49,7.0,LIGHT,83.61,LOW,RUNNING,20.82,5.25,LIGHT,78.9,LOW,RUNNING,18.78,4.73,LIGHT,75.57,LOW,RUNNING,24.44,8.5,LIGHT,88.3,LOW,RUNNING,23.2,6.81,LIGHT,84.22,LOW,RUNNING,21.31,4.83,LIGHT,78.88,LOW,RUNNING,19.64,4.31,LIGHT,76.02,LOW,RUNNING,22.8,6.64,LIGHT,83.46,LOW,RUNNING,27.96,55.0,250.0,0.25,22.0,COOLING,0.25,22.0,COOLING,0.25,22.0,COOLING,0.25,22.0,COOLING,21.25,21.688,25.007,21.692,22.409,25.007,21.25,3.757,322.93,163.87,163.1,159.48,170.0,170.0,1360.0,170.0,238.02,291.12,282.3,291.03,152.89,316.86,-785.61,315.86,875.0,875.0,875.0,875.0,8.84,66.85,144.79,61.37,809.38,1870.0,1102.47,3500.0,281.85,0.0,1.0,1.0,0.0,22.5,TARGETED_EAST_OCCUPANCY_COOL,32.2435
2,Occupancy Concentration,0,421,4210.0,22,2,2,16,2,22.56,6.07,LIGHT,82.31,LOW,RUNNING,20.45,4.62,LIGHT,77.49,LOW,RUNNING,22.39,7.02,LIGHT,83.52,LOW,RUNNING,20.88,5.36,LIGHT,79.14,LOW,RUNNING,18.95,4.83,LIGHT,75.93,LOW,RUNNING,24.56,8.49,LIGHT,88.44,LOW,RUNNING,23.16,6.7,LIGHT,84.0,LOW,RUNNING,21.15,4.72,LIGHT,78.52,LOW,RUNNING,19.51,4.3,LIGHT,75.84,LOW,RUNNING,22.82,6.74,LIGHT,83.64,LOW,RUNNING,27.96,55.0,250.2,0.25,22.0,COOLING,0.25,22.0,COOLING,0.25,22.0,COOLING,0.25,22.0,COOLING,21.25,21.689,25.01,21.693,22.41,25.01,21.25,3.76,322.46,164.37,162.52,159.48,170.0,170.0,1360.0,170.0,238.1,291.23,282.41,291.14,153.15,316.97,-786.1,315.97,875.0,875.0,875.0,875.0,8.71,67.57,143.83,61.59,808.83,1870.0,1102.88,3500.0,281.7,0.0,1.0,1.0,0.0,22.5,TARGETED_EAST_OCCUPANCY_COOL,32.2924
2,Occupancy Concentration,0,422,4220.0,22,2,2,16,2,22.45,5.95,LIGHT,81.99,LOW,RUNNING,20.29,4.55,LIGHT,77.19,LOW,RUNNING,22.32,7.07,LIGHT,83.51,LOW,RUNNING,20.98,5.48,LIGHT,79.44,LOW,RUNNING,19.12,4.91,LIGHT,76.27,LOW,RUNNING,24.64,8.46,LIGHT,88.49,LOW,RUNNING,23.08,6.59,LIGHT,83.73,LOW,RUNNING,20.98,4.63,LIGHT,78.17,LOW,RUNNING,19.4,4.32,LIGHT,75.73,LOW,RUNNING,22.87,6.84,LIGHT,83.85,LOW,RUNNING,27.97,55.0,250.3,0.25,22.0,COOLING,0.25,22.0,COOLING,0.25,22.0,COOLING,0.25,22.0,COOLING,21.25,21.69,25.013,21.694,22.412,25.013,21.25,3.763,322.13,164.76,161.9,159.58,170.0,170.0,1360.0,170.0,238.34,291.48,282.65,291.4,153.42,317.08,-786.58,316.08,875.0,875.0,875.0,875.0,8.89,68.32,142.97,62.06,808.37,1870.0,1103.87,3500.0,282.24,0.0,1.0,1.0,0.0,22.5,TARGETED_EAST_OCCUPANCY_COOL,32.341
2,Occupancy Concentration,0,423,4230.0,22,2,2,16,2,22.3,5.83,LIGHT,81.62,LOW,RUNNING,20.13,4.51,LIGHT,76.93,LOW,RUNNING,22.3,7.14,LIGHT,83.58,LOW,RUNNING,21.11,5.6,LIGHT,79.79,LOW,RUNNING,19.28,4.97,LIGHT,76.55,LOW,RUNNING,24.69,8.4,LIGHT,88.46,LOW,RUNNING,22.97,6.47,LIGHT,83.42,LOW,RUNNING,20.82,4.56,LIGHT,77.87,LOW,RUNNING,19.33,4.36,LIGHT,75.7,LOW,RUNNING,22.96,6.96,LIGHT,84.14,LOW,RUNNING,27.97,55.0,250.5,0.25,22.0,COOLING,0.25,22.0,COOLING,0.25,22.0,COOLING,0.25,22.0,COOLING,21.25,21.691,25.016,21.695,22.413,25.016,21.25,3.766,321.92,165.01,161.29,159.84,170.0,170.0,1360.0,170.0,238.42,291.58,282.77,291.49,153.69,317.19,-787.07,316.19,875.0,875.0,875.0,875.0,9.03,68.78,141.99,62.52,808.06,1870.0,1104.26,3500.0,282.32,0.0,1.0,1.0,0.0,22.5,TARGETED_EAST_OCCUPANCY_COOL,32.3895
2,Occupancy Concentration,0,424,4240.0,22,2,2,16,2,22.14,5.72,LIGHT,81.25,LOW,RUNNING,20.0,4.5,LIGHT,76.75,LOW,RUNNING,22.32,7.24,LIGHT,83.76,LOW,RUNNING,21.26,5.72,LIGHT,80.16,LOW,RUNNING,19.42,5.0,LIGHT,76.78,LOW,RUNNING,24.7,8.32,LIGHT,88.36,LOW,RUNNING,22.83,6.35,LIGHT,83.06,LOW,RUNNING,20.66,4.52,LIGHT,77.61,LOW,RUNNING,19.3,4.43,LIGHT,75.77,LOW,RUNNING,23.09,7.08,LIGHT,84.48,LOW,RUNNING,27.97,55.0,250.7,0.25,22.0,COOLING,0.25,22.0,COOLING,0.25,22.0,COOLING,0.25,22.0,COOLING,21.25,21.692,25.019,21.696,22.414,25.019,21.25,3.769,321.92,165.14,160.67,160.25,170.0,170.0,1360.0,170.0,238.49,291.69,282.87,291.6,153.95,317.3,-787.55,316.3,875.0,875.0,875.0,875.0,9.36,69.13,140.99,63.15,807.98,1870.0,1104.65,3500.0,282.63,0.0,1.0,1.0,0.0,22.5,TARGETED_EAST_OCCUPANCY_COOL,32.4376
2,Occupancy Concentration,0,425,4250.0,22,2,2,16,2,21.98,5.63,LIGHT,80.92,LOW,RUNNING,19.9,4.52,LIGHT,76.66,LOW,RUNNING,22.37,7.35,LIGHT,83.99,LOW,RUNNING,21.42,5.82,LIGHT,80.51,LOW,RUNNING,19.54,5.0,LIGHT,76.92,LOW,RUNNING,24.66,8.22,LIGHT,88.16,LOW,RUNNING,22.67,6.24,LIGHT,82.7,LOW,RUNNING,20.52,4.5,LIGHT,77.4,LOW,RUNNING,19.31,4.52,LIGHT,75.92,LOW,RUNNING,23.23,7.2,LIGHT,84.84,LOW,RUNNING,27.98,55.0,250.8,0.25,22.0,COOLING,0.25,22.0,COOLING,0.25,22.0,COOLING,0.25,22.0,COOLING,21.25,21.693,25.022,21.697,22.416,25.022,21.25,3.772,322.08,165.08,160.1,160.76,170.0,170.0,1360.0,170.0,238.75,291.94,283.11,291.86,154.22,317.41,-788.03,316.41,875.0,875.0,875.0,875.0,10.05,69.43,140.18,64.03,808.02,1870.0,1105.66,3500.0,283.69,0.0,1.0,1.0,0.0,22.5,TARGETED_EAST_OCCUPANCY_COOL,32.4854
2,Occupancy Concentration,0,426,4260.0,22,2,2,16,2,21.81,5.56,LIGHT,80.6,LOW,RUNNING,19.83,4.56,LIGHT,76.63,LOW,RUNNING,22.47,7.47,LIGHT,84.29,LOW,RUNNING,21.59,5.9,LIGHT,80.84,LOW,RUNNING,19.63,4.97,LIGHT,76.99,LOW,RUNNING,24.59,8.1,LIGHT,87.89,LOW,RUNNING,22.51,6.14,LIGHT,82.35,LOW,RUNNING,20.41,4.51,LIGHT,77.28,LOW,RUNNING,19.36,4.63,LIGHT,76.15,LOW,RUNNING,23.4,7.3,LIGHT,85.2,LOW,RUNNING,27.98,55.0,251.0,0.25,22.0,COOLING,0.25,22.0,COOLING,0.25,22.0,COOLING,0.25,22.0,COOLING,21.25,21.694,25.025,21.698,22.417,25.025,21.25,3.775,322.36,164.88,159.63,161.35,170.0,170.0,1360.0,170.0,238.82,292.05,283.22,291.96,154.48,317.52,-788.52,316.52,875.0,875.0,875.0,875.0,10.66,69.45,139.33,64.83,808.22,1870.0,1106.05,3500.0,284.27,0.0,1.0,1.0,0.0,22.5,TARGETED_EAST_OCCUPANCY_COOL,32.5334
2,Occupancy Concentration,0,427,4270.0,22,2,2,16,2,21.65,5.52,LIGHT,80.34,LOW,RUNNING,19.8,4.63,LIGHT,76.69,LOW,RUNNING,22.59,7.59,LIGHT,84.62,LOW,RUNNING,21.76,5.96,LIGHT,81.14,LOW,RUNNING,19.69,4.91,LIGHT,76.98,LOW,RUNNING,24.49,7.98,LIGHT,87.58,LOW,RUNNING,22.34,6.07,LIGHT,82.03,LOW,RUNNING,20.34,4.55,LIGHT,77.25,LOW,RUNNING,19.45,4.75,LIGHT,76.44,LOW,RUNNING,23.56,7.39,LIGHT,85.53,LOW,RUNNING,27.98,55.0,251.2,0.25,22.0,COOLING,0.25,22.0,COOLING,0.25,22.0,COOLING,0.25,22.0,COOLING,21.25,21.695,25.028,21.699,22.418,25.028,21.25,3.778,322.79,164.56,159.28,161.97,170.0,170.0,1360.0,170.0,238.9,292.15,283.33,292.06,154.74,317.63,-789.0,316.63,875.0,875.0,875.0,875.0,11.43,69.34,138.61,65.66,808.6,1870.0,1106.44,3500.0,285.04,0.0,1.0,1.0,0.0,22.5,TARGETED_EAST_OCCUPANCY_COOL,32.5815
2,Occupancy Concentration,0,428,4280.0,22,2,2,16,2,21.52,5.5,LIGHT,80.15,LOW,RUNNING,19.81,4.72,LIGHT,76.84,LOW,RUNNING,22.74,7.7,LIGHT,84.97,LOW,RUNNING,21.9,5.99,LIGHT,81.36,LOW,RUNNING,19.7,4.83,LIGHT,76.87,LOW,RUNNING,24.35,7.86,LIGHT,87.23,LOW,RUNNING,22.18,6.02,LIGHT,81.75,LOW,RUNNING,20.3,4.62,LIGHT,77.31,LOW,RUNNING,19.57,4.87,LIGHT,76.77,LOW,RUNNING,23.73,7.45,LIGHT,85.84,LOW,RUNNING,27.99,55.0,251.3,0.25,22.0,COOLING,0.25,22.0,COOLING,0.25,22.0,COOLING,0.25,22.0,COOLING,21.25,21.696,25.031,21.7,22.419,25.031,21.25,3.781,323.32,164.1,159.06,162.61,170.0,170.0,1360.0,170.0,239.15,292.4,283.57,292.32,155.01,317.74,-789.49,316.74,875.0,875.0,875.0,875.0,12.48,69.24,138.14,66.67,809.09,1870.0,1107.44,3500.0,286.53,0.0,1.0,1.0,0.0,22.5,TARGETED_EAST_OCCUPANCY_COOL,32.6296
2,Occupancy Concentration,0,429,4290.0,22,2,2,16,2,21.41,5.51,LIGHT,80.03,LOW,RUNNING,19.86,4.83,LIGHT,77.07,LOW,RUNNING,22.9,7.81,LIGHT,85.34,LOW,RUNNING,22.03,6.0,LIGHT,81.54,LOW,RUNNING,19.67,4.73,LIGHT,76.68,LOW,RUNNING,24.2,7.75,LIGHT,86.88,LOW,RUNNING,22.04,6.0,LIGHT,81.55,LOW,RUNNING,20.31,4.71,LIGHT,77.45,LOW,RUNNING,19.71,4.98,LIGHT,77.11,LOW,RUNNING,23.88,7.49,LIGHT,86.08,LOW,RUNNING,27.99,55.0,251.5,0.25,22.0,COOLING,0.25,22.0,COOLING,0.25,22.0,COOLING,0.25,22.0,COOLING,21.25,21.697,25.034,21.701,22.421,25.034,21.25,3.784,323.98,163.56,159.0,163.19,170.0,170.0,1360.0,170.0,239.22,292.51,283.68,292.42,155.28,317.85,-789.97,316.85,875.0,875.0,875.0,875.0,13.48,68.92,137.71,67.46,809.73,1870.0,1107.83,3500.0,287.57,0.0,1.0,1.0,0.0,22.5,TARGETED_EAST_OCCUPANCY_COOL,32.678
2,Occupancy Concentration,0,430,4300.0,22,2,2,16,2,21.34,5.55,LIGHT,80.0,LOW,RUNNING,19.95,4.95,LIGHT,77.36,LOW,RUNNING,23.07,7.89,LIGHT,85.67,LOW,RUNNING,22.12,5.97,LIGHT,81.61,LOW,RUNNING,19.6,4.62,LIGHT,76.43,LOW,RUNNING,24.03,7.66,LIGHT,86.53,LOW,RUNNING,21.93,6.01,LIGHT,81.43,LOW,RUNNING,20.35,4.81,LIGHT,77.65,LOW,RUNNING,19.87,5.09,LIGHT,77.47,LOW,RUNNING,24.01,7.5,LIGHT,86.26,LOW,RUNNING,27.99,55.0,251.7,0.25,22.0,COOLING,0.25,22.0,COOLING,0.25,22.0,COOLING,0.25,22.0,COOLING,21.25,21.698,25.037,21.702,22.422,25.037,21.25,3.787,324.64,162.96,159.08,163.73,170.0,170.0,1360.0,170.0,239.3,292.61,283.79,292.52,155.54,317.96,-790.46,316.96,875.0,875.0,875.0,875.0,14.48,68.53,137.41,68.21,810.41,1870.0,1108.22,3500.0,288.63,0.0,1.0,1.0,0.0,22.5,TARGETED_EAST_OCCUPANCY_COOL,32.7268
2,Occupancy Concentration,0,431,4310.0,22,2,2,16,2,21.3,5.62,LIGHT,80.06,LOW,RUNNING,20.07,5.07,LIGHT,77.69,LOW,RUNNING,23.23,7.95,LIGHT,85.96,LOW,RUNNING,22.18,5.92,LIGHT,81.6,LOW,RUNNING,19.5,4.5,LIGHT,76.12,LOW,RUNNING,23.86,7.58,LIGHT,86.2,LOW,RUNNING,21.85,6.05,LIGHT,81.39,LOW,RUNNING,20.43,4.93,LIGHT,77.93,LOW,RUNNING,20.04,5.18,LIGHT,77.82,LOW,RUNNING,24.11,7.48,LIGHT,86.36,LOW,RUNNING,28.0,55.0,251.8,0.25,22.0,COOLING,0.25,22.0,COOLING,0.25,22.0,COOLING,0.25,22.0,COOLING,21.25,21.699,25.04,21.703,22.423,25.04,21.25,3.79,325.31,162.32,159.32,164.18,170.0,170.0,1360.0,170.0,239.54,292.87,284.02,292.79,155.81,318.07,-790.94,317.07,875.0,875.0,875.0,875.0,15.66,68.26,137.4,69.04,811.13,1870.0,1109.22,3500.0,290.36,0.0,1.0,1.0,0.0,22.5,TARGETED_EAST_OCCUPANCY_COOL,32.7759
2,Occupancy Concentration,0,432,4320.0,22,2,2,16,2,21.31,5.71,LIGHT,80.2,LOW,RUNNING,20.22,5.19,LIGHT,78.06,LOW,RUNNING,23.39,7.99,LIGHT,86.22,LOW,RUNNING,22.2,5.84,LIGHT,81.51,LOW,RUNNING,19.37,4.38,LIGHT,75.78,LOW,RUNNING,23.7,7.53,LIGHT,85.92,LOW,RUNNING,21.81,6.11,LIGHT,81.43,LOW,RUNNING,20.55,5.05,LIGHT,78.26,LOW,RUNNING,20.21,5.25,LIGHT,78.14,LOW,RUNNING,24.17,7.43,LIGHT,86.36,LOW,RUNNING,28.0,55.0,252.0,0.25,22.0,COOLING,0.25,22.0,COOLING,0.25,22.0,COOLING,0.25,22.0,COOLING,21.25,21.7,25.043,21.704,22.424,25.043,21.25,3.793,325.99,161.7,159.69,164.5,170.0,170.0,1360.0,170.0,239.62,292.97,284.14,292.89,156.07,318.18,-791.43,317.18,875.0,875.0,875.0,875.0,16.68,67.85,137.4,69.57,811.88,1870.0,1109.62,3500.0,291.5,0.0,1.0,1.0,0.0,22.5,TARGETED_EAST_OCCUPANCY_COOL,32.8255
2,Occupancy Concentration,0,433,4330.0,22,2,2,16,2,21.35,5.82,LIGHT,80.42,LOW,RUNNING,20.38,5.29,LIGHT,78.41,LOW,RUNNING,23.51,8.0,LIGHT,86.39,LOW,RUNNING,22.18,5.75,LIGHT,81.35,LOW,RUNNING,19.22,4.27,LIGHT,75.43,LOW,RUNNING,23.56,7.5,LIGHT,85.7,LOW,RUNNING,21.8,6.19,LIGHT,81.53,LOW,RUNNING,20.69,5.17,LIGHT,78.62,LOW,RUNNING,20.36,5.29,LIGHT,78.39,LOW,RUNNING,24.2,7.36,LIGHT,86.29,LOW,RUNNING,28.0,55.0,252.2,0.25,22.0,COOLING,0.25,22.0,COOLING,0.25,22.0,COOLING,0.25,22.0,COOLING,21.25,21.701,25.046,21.705,22.425,25.046,21.25,3.796,326.57,161.13,160.15,164.68,170.0,170.0,1360.0,170.0,239.7,293.07,284.25,292.98,156.33,318.29,-791.91,317.29,875.0,875.0,875.0,875.0,17.6,67.49,137.49,69.95,812.53,1870.0,1110.0,3500.0,292.53,0.0,1.0,1.0,0.0,22.5,TARGETED_EAST_OCCUPANCY_COOL,32.8756
2,Occupancy Concentration,0,434,4340.0,22,2,2,16,2,21.44,5.93,LIGHT,80.69,LOW,RUNNING,20.55,5.38,LIGHT,78.76,LOW,RUNNING,23.61,7.98,LIGHT,86.48,LOW,RUNNING,22.12,5.64,LIGHT,81.11,LOW,RUNNING,19.05,4.17,LIGHT,75.07,LOW,RUNNING,23.44,7.51,LIGHT,85.57,LOW,RUNNING,21.84,6.3,LIGHT,81.75,LOW,RUNNING,20.85,5.28,LIGHT,78.98,LOW,RUNNING,20.49,5.3,LIGHT,78.56,LOW,RUNNING,24.18,7.26,LIGHT,86.11,LOW,RUNNING,28.01,55.0,252.3,0.25,22.0,COOLING,0.25,22.0,COOLING,0.25,22.0,COOLING,0.25,22.0,COOLING,21.25,21.702,25.049,21.706,22.427,25.049,21.25,3.799,327.04,160.64,160.73,164.67,170.0,170.0,1360.0,170.0,239.95,293.33,284.49,293.25,156.6,318.4,-792.4,317.4,875.0,875.0,875.0,875.0,18.59,67.37,137.82,70.32,813.08,1870.0,1111.02,3500.0,294.1,0.0,1.0,1.0,0.0,22.5,TARGETED_EAST_OCCUPANCY_COOL,32.9261
2,Occupancy Concentration,0,435,4350.0,22,2,2,16,2,21.55,6.05,LIGHT,81.01,LOW,RUNNING,20.71,5.45,LIGHT,79.06,LOW,RUNNING,23.68,7.93,LIGHT,86.49,LOW,RUNNING,22.02,5.52,LIGHT,80.81,LOW,RUNNING,18.88,4.09,LIGHT,74.73,LOW,RUNNING,23.36,7.54,LIGHT,85.51,LOW,RUNNING,21.92,6.41,LIGHT,82.02,LOW,RUNNING,21.02,5.37,LIGHT,79.33,LOW,RUNNING,20.6,5.28,LIGHT,78.67,LOW,RUNNING,24.13,7.16,LIGHT,85.9,LOW,RUNNING,28.01,55.0,252.5,0.25,22.0,COOLING,0.25,22.0,COOLING,0.25,22.0,COOLING,0.25,22.0,COOLING,21.25,21.703,25.052,21.707,22.428,25.052,21.25,3.802,327.37,160.24,161.35,164.57,170.0,170.0,1360.0,170.0,240.03,293.43,284.6,293.35,156.87,318.51,-792.88,317.51,875.0,875.0,875.0,875.0,19.27,67.18,138.07,70.43,813.53,1870.0,1111.41,3500.0,294.95,0.0,1.0,1.0,0.0,22.5,TARGETED_EAST_OCCUPANCY_COOL,32.9771
2,Occupancy Concentration,0,436,4360.0,22,2,2,16,2,21.7,6.17,LIGHT,81.38,LOW,RUNNING,20.87,5.49,LIGHT,79.32,LOW,RUNNING,23.7,7.86,LIGHT,86.42,LOW,RUNNING,21.89,5.4,LIGHT,80.46,LOW,RUNNING,18.72,4.03,LIGHT,74.45,LOW,RUNNING,23.31,7.6,LIGHT,85.54,LOW,RUNNING,22.03,6.53,LIGHT,82.33,LOW,RUNNING,21.18,5.44,LIGHT,79.63,LOW,RUNNING,20.67,5.24,LIGHT,78.7,LOW,RUNNING,24.04,7.04,LIGHT,85.61,LOW,RUNNING,28.01,55.0,252.7,0.25,22.0,COOLING,0.25,22.0,COOLING,0.25,22.0,COOLING,0.25,22.0,COOLING,21.25,21.704,25.055,21.708,22.429,25.055,21.25,3.805,327.58,159.99,161.96,164.31,170.0,170.0,1360.0,170.0,240.1,293.54,284.71,293.45,157.13,318.62,-793.37,317.62,875.0,875.0,875.0,875.0,19.81,67.15,138.3,70.38,813.84,1870.0,1111.8,3500.0,295.64,0.0,1.0,1.0,0.0,22.5,TARGETED_EAST_OCCUPANCY_COOL,33.0285
2,Occupancy Concentration,0,437,4370.0,22,2,2,16,2,21.86,6.28,LIGHT,81.75,LOW,RUNNING,21.0,5.5,LIGHT,79.5,LOW,RUNNING,23.68,7.76,LIGHT,86.24,LOW,RUNNING,21.74,5.28,LIGHT,80.09,LOW,RUNNING,18.58,4.0,LIGHT,74.22,LOW,RUNNING,23.3,7.68,LIGHT,85.64,LOW,RUNNING,22.17,6.65,LIGHT,82.69,LOW,RUNNING,21.34,5.48,LIGHT,79.89,LOW,RUNNING,20.7,5.17,LIGHT,78.63,LOW,RUNNING,23.91,6.92,LIGHT,85.27,LOW,RUNNING,28.02,55.0,252.8,0.25,22.0,COOLING,0.25,22.0,COOLING,0.25,22.0,COOLING,0.25,22.0,COOLING,21.25,21.705,25.058,21.709,22.43,25.058,21.25,3.808,327.58,159.86,162.58,163.9,170.0,170.0,1360.0,170.0,240.35,293.79,284.95,293.71,157.39,318.73,-793.86,317.73,875.0,875.0,875.0,875.0,20.32,67.38,138.67,70.34,813.92,1870.0,1112.8,3500.0,296.71,0.0,1.0,1.0,0.0,22.5,TARGETED_EAST_OCCUPANCY_COOL,33.0802
2,Occupancy Concentration,0,438,4380.0,22,2,2,16,2,22.02,6.37,LIGHT,82.08,LOW,RUNNING,21.1,5.48,LIGHT,79.59,LOW,RUNNING,23.63,7.65,LIGHT,86.01,LOW,RUNNING,21.58,5.18,LIGHT,79.74,LOW,RUNNING,18.46,4.0,LIGHT,74.08,LOW,RUNNING,23.34,7.78,LIGHT,85.84,LOW,RUNNING,22.33,6.76,LIGHT,83.05,LOW,RUNNING,21.48,5.5,LIGHT,80.1,LOW,RUNNING,20.69,5.08,LIGHT,78.48,LOW,RUNNING,23.77,6.8,LIGHT,84.91,LOW,RUNNING,28.02,55.0,253.0,0.25,22.0,COOLING,0.25,22.0,COOLING,0.25,22.0,COOLING,0.25,22.0,COOLING,21.25,21.706,25.061,21.71,22.432,25.061,21.25,3.811,327.42,159.92,163.15,163.39,170.0,170.0,1360.0,170.0,240.43,293.89,285.06,293.81,157.66,318.84,-794.34,317.84,875.0,875.0,875.0,875.0,20.51,67.65,138.87,70.04,813.88,1870.0,1113.19,3500.0,297.07,0.0,1.0,1.0,0.0,22.5,TARGETED_EAST_OCCUPANCY_COOL,33.1323
2,Occupancy Concentration,0,439,4390.0,22,2,2,16,2,22.19,6.44,LIGHT,82.4,LOW,RUNNING,21.17,5.44,LIGHT,79.62,LOW,RUNNING,23.53,7.53,LIGHT,85.71,LOW,RUNNING,21.41,5.1,LIGHT,79.41,LOW,RUNNING,18.37,4.03,LIGHT,74.01,LOW,RUNNING,23.41,7.9,LIGHT,86.11,LOW,RUNNING,22.49,6.86,LIGHT,83.4,LOW,RUNNING,21.59,5.49,LIGHT,80.22,LOW,RUNNING,20.64,4.97,LIGHT,78.25,LOW,RUNNING,23.6,6.7,LIGHT,84.55,LOW,RUNNING,28.02,55.0,253.2,0.25,22.0,COOLING,0.25,22.0,COOLING,0.25,22.0,COOLING,0.25,22.0,COOLING,21.25,21.707,25.064,21.711,22.433,25.064,21.25,3.814,327.14,160.12,163.62,162.8,170.0,170.0,1360.0,170.0,240.5,294.0,285.17,293.91,157.93,318.95,-794.82,317.95,875.0,875.0,875.0,875.0,20.57,68.07,138.97,69.66,813.68,1870.0,1113.58,3500.0,297.27,0.0,1.0,1.0,0.0,22.5,TARGETED_EAST_OCCUPANCY_COOL,33.1844
2,Occupancy Concentration,0,440,4400.0,22,2,2,16,2,22.35,6.48,LIGHT,82.66,LOW,RUNNING,21.2,5.37,LIGHT,79.56,LOW,RUNNING,23.41,7.41,LIGHT,85.38,LOW,RUNNING,21.24,5.04,LIGHT,79.11,LOW,RUNNING,18.31,4.09,LIGHT,74.02,LOW,RUNNING,23.51,8.02,LIGHT,86.42,LOW,RUNNING,22.66,6.93,LIGHT,83.72,LOW,RUNNING,21.66,5.45,LIGHT,80.25,LOW,RUNNING,20.55,4.85,LIGHT,77.96,LOW,RUNNING,23.44,6.61,LIGHT,84.22,LOW,RUNNING,28.03,55.0,253.3,0.25,22.0,COOLING,0.25,22.0,COOLING,0.25,22.0,COOLING,0.25,22.0,COOLING,21.25,21.708,25.067,21.712,22.434,25.067,21.25,3.817,326.71,160.44,163.97,162.18,170.0,170.0,1360.0,170.0,240.76,294.25,285.41,294.17,158.19,319.06,-795.31,318.06,875.0,875.0,875.0,875.0,20.66,68.75,139.07,69.41,813.3,1870.0,1114.59,3500.0,297.89,0.0,1.0,1.0,0.0,22.5,TARGETED_EAST_OCCUPANCY_COOL,33.2365
2,Occupancy Concentration,0,441,4410.0,22,2,2,16,2,22.48,6.5,LIGHT,82.85,LOW,RUNNING,21.19,5.28,LIGHT,79.41,LOW,RUNNING,23.26,7.3,LIGHT,85.03,LOW,RUNNING,21.1,5.01,LIGHT,78.89,LOW,RUNNING,18.3,4.17,LIGHT,74.13,LOW,RUNNING,23.65,8.14,LIGHT,86.77,LOW,RUNNING,22.82,6.98,LIGHT,84.0,LOW,RUNNING,21.7,5.38,LIGHT,80.19,LOW,RUNNING,20.43,4.73,LIGHT,77.63,LOW,RUNNING,23.27,6.55,LIGHT,83.91,LOW,RUNNING,28.03,55.0,253.5,0.25,22.0,COOLING,0.25,22.0,COOLING,0.25,22.0,COOLING,0.25,22.0,COOLING,21.25,21.709,25.07,21.713,22.436,25.07,21.25,3.82,326.18,160.9,164.19,161.54,170.0,170.0,1360.0,170.0,240.83,294.36,285.51,294.28,158.45,319.17,-795.8,318.17,875.0,875.0,875.0,875.0,20.46,69.43,138.9,68.99,812.81,1870.0,1114.98,3500.0,297.78,0.0,1.0,1.0,0.0,22.5,TARGETED_EAST_OCCUPANCY_COOL,33.2886
2,Occupancy Concentration,0,442,4420.0,22,2,2,16,2,22.59,6.49,LIGHT,82.97,LOW,RUNNING,21.14,5.17,LIGHT,79.18,LOW,RUNNING,23.1,7.19,LIGHT,84.66,LOW,RUNNING,20.97,5.0,LIGHT,78.71,LOW,RUNNING,18.33,4.27,LIGHT,74.32,LOW,RUNNING,23.8,8.25,LIGHT,87.12,LOW,RUNNING,22.96,7.0,LIGHT,84.2,LOW,RUNNING,21.69,5.29,LIGHT,80.05,LOW,RUNNING,20.29,4.62,LIGHT,77.29,LOW,RUNNING,23.12,6.51,LIGHT,83.67,LOW,RUNNING,28.03,55.0,253.7,0.25,22.0,COOLING,0.25,22.0,COOLING,0.25,22.0,COOLING,0.25,22.0,COOLING,21.25,21.71,25.073,21.714,22.437,25.073,21.25,3.823,325.52,161.44,164.25,160.96,170.0,170.0,1360.0,170.0,240.91,294.46,285.63,294.38,158.72,319.28,-796.28,318.28,875.0,875.0,875.0,875.0,20.15,70.18,138.6,68.62,812.17,1870.0,1115.38,3500.0,297.55,0.0,1.0,1.0,0.0,22.5,TARGETED_EAST_OCCUPANCY_COOL,33.3407
2,Occupancy Concentration,0,443,4430.0,22,2,2,16,2,22.66,6.45,LIGHT,83.0,LOW,RUNNING,21.05,5.05,LIGHT,78.89,LOW,RUNNING,22.93,7.11,LIGHT,84.33,LOW,RUNNING,20.88,5.03,LIGHT,78.64,LOW,RUNNING,18.4,4.38,LIGHT,74.57,LOW,RUNNING,23.97,8.34,LIGHT,87.47,LOW,RUNNING,23.07,6.99,LIGHT,84.32,LOW,RUNNING,21.65,5.19,LIGHT,79.85,LOW,RUNNING,20.13,4.51,LIGHT,76.93,LOW,RUNNING,22.99,6.5,LIGHT,83.49,LOW,RUNNING,28.04,55.0,253.8,0.25,22.0,COOLING,0.25,22.0,COOLING,0.25,22.0,COOLING,0.25,22.0,COOLING,21.25,21.711,25.076,21.715,22.438,25.076,21.25,3.826,324.86,162.04,164.17,160.42,170.0,170.0,1360.0,170.0,241.15,294.71,285.86,294.63,158.98,319.39,-796.77,318.39,875.0,875.0,875.0,875.0,19.99,71.14,138.26,68.44,811.49,1870.0,1116.35,3500.0,297.83,0.0,1.0,1.0,0.0,22.5,TARGETED_EAST_OCCUPANCY_COOL,33.3924
2,Occupancy Concentration,0,444,4440.0,22,2,2,16,2,22.7,6.38,LIGHT,82.94,LOW,RUNNING,20.93,4.93,LIGHT,78.56,LOW,RUNNING,22.77,7.05,LIGHT,84.04,LOW,RUNNING,20.82,5.08,LIGHT,78.65,LOW,RUNNING,18.5,4.5,LIGHT,74.88,LOW,RUNNING,24.14,8.42,LIGHT,87.8,LOW,RUNNING,23.15,6.95,LIGHT,84.36,LOW,RUNNING,21.57,5.07,LIGHT,79.57,LOW,RUNNING,19.96,4.42,LIGHT,76.58,LOW,RUNNING,22.89,6.52,LIGHT,83.39,LOW,RUNNING,28.04,55.0,254.0,0.25,22.0,COOLING,0.25,22.0,COOLING,0.25,22.0,COOLING,0.25,22.0,COOLING,21.25,21.712,25.079,21.716,22.439,25.079,21.25,3.829,324.19,162.68,163.93,159.97,170.0,170.0,1360.0,170.0,241.23,294.82,285.98,294.74,159.25,319.5,-797.25,318.5,875.0,875.0,875.0,875.0,19.67,72.0,137.66,68.21,810.77,1870.0,1116.77,3500.0,297.54,0.0,1.0,1.0,0.0,22.5,TARGETED_EAST_OCCUPANCY_COOL,33.4439
2,Occupancy Concentration,0,445,4450.0,22,2,2,16,2,22.69,6.29,LIGHT,82.8,LOW,RUNNING,20.78,4.81,LIGHT,78.19,LOW,RUNNING,22.61,7.01,LIGHT,83.78,LOW,RUNNING,20.8,5.16,LIGHT,78.74,LOW,RUNNING,18.63,4.62,LIGHT,75.22,LOW,RUNNING,24.3,8.47,LIGHT,88.08,LOW,RUNNING,23.19,6.89,LIGHT,84.32,LOW,RUNNING,21.45,4.95,LIGHT,79.24,LOW,RUNNING,19.79,4.35,LIGHT,76.26,LOW,RUNNING,22.83,6.57,LIGHT,83.39,LOW,RUNNING,28.05,55.0,254.2,0.25,22.0,COOLING,0.25,22.0,COOLING,0.25,22.0,COOLING,0.25,22.0,COOLING,21.25,21.713,25.082,21.717,22.441,25.082,21.25,3.832,323.51,163.3,163.56,159.65,170.0,170.0,1360.0,170.0,241.53,295.15,286.3,295.06,159.52,319.61,-797.74,318.61,875.0,875.0,875.0,875.0,19.56,73.06,137.12,68.32,810.02,1870.0,1118.04,3500.0,298.06,0.0,1.0,1.0,0.0,22.5,TARGETED_EAST_OCCUPANCY_COOL,33.495
2,Occupancy Concentration,0,446,4460.0,22,2,2,16,2,22.65,6.18,LIGHT,82.58,LOW,RUNNING,20.62,4.71,LIGHT,77.84,LOW,RUNNING,22.49,7.0,LIGHT,83.61,LOW,RUNNING,20.82,5.25,LIGHT,78.9,LOW,RUNNING,18.78,4.73,LIGHT,75.57,LOW,RUNNING,24.44,8.5,LIGHT,88.3,LOW,RUNNING,23.2,6.81,LIGHT,84.22,LOW,RUNNING,21.31,4.83,LIGHT,78.88,LOW,RUNNING,19.64,4.31,LIGHT,76.02,LOW,RUNNING,22.8,6.64,LIGHT,83.46,LOW,RUNNING,28.05,55.0,254.3,0.25,22.0,COOLING,0.25,22.0,COOLING,0.25,22.0,COOLING,0.25,22.0,COOLING,21.25,21.715,25.085,21.718,22.442,25.085,21.25,3.835,322.93,163.87,163.1,159.48,170.0,170.0,1360.0,170.0,241.56,295.19,286.32,295.1,159.78,319.72,-798.22,318.72,875.0,875.0,875.0,875.0,19.27,73.78,136.2,68.3,809.38,1870.0,1118.17,3500.0,297.55,0.0,1.0,1.0,0.0,22.5,TARGETED_EAST_OCCUPANCY_COOL,33.544
2,Occupancy Concentration,0,447,4470.0,22,2,2,16,2,22.56,6.07,LIGHT,82.31,LOW,RUNNING,20.45,4.62,LIGHT,77.49,LOW,RUNNING,22.39,7.02,LIGHT,83.52,LOW,RUNNING,20.88,5.36,LIGHT,79.14,LOW,RUNNING,18.95,4.83,LIGHT,75.93,LOW,RUNNING,24.56,8.49,LIGHT,88.44,LOW,RUNNING,23.16,6.7,LIGHT,84.0,LOW,RUNNING,21.15,4.72,LIGHT,78.52,LOW,RUNNING,19.51,4.3,LIGHT,75.84,LOW,RUNNING,22.82,6.74,LIGHT,83.64,LOW,RUNNING,28.05,55.0,254.5,0.25,22.0,COOLING,0.25,22.0,COOLING,0.25,22.0,COOLING,0.25,22.0,COOLING,21.25,21.717,25.088,21.719,22.444,25.088,21.25,3.838,322.46,164.37,162.52,159.48,170.0,170.0,1360.0,170.0,241.64,295.26,286.44,295.2,160.16,319.6,-798.6,318.85,875.0,875.0,875.0,875.0,19.26,74.23,135.36,68.53,808.83,1870.0,1118.54,3500.0,297.38,0.0,1.0,1.0,0.0,22.5,TARGETED_EAST_OCCUPANCY_COOL,33.5927
2,Occupancy Concentration,0,448,4480.0,22,2,2,16,2,22.45,5.95,LIGHT,81.99,LOW,RUNNING,20.29,4.55,LIGHT,77.19,LOW,RUNNING,22.32,7.07,LIGHT,83.51,LOW,RUNNING,20.98,5.48,LIGHT,79.44,LOW,RUNNING,19.12,4.91,LIGHT,76.27,LOW,RUNNING,24.64,8.46,LIGHT,88.49,LOW,RUNNING,23.08,6.59,LIGHT,83.73,LOW,RUNNING,20.98,4.63,LIGHT,78.17,LOW,RUNNING,19.4,4.32,LIGHT,75.73,LOW,RUNNING,22.87,6.84,LIGHT,83.85,LOW,RUNNING,28.06,55.0,254.7,0.25,22.0,COOLING,0.25,22.0,COOLING,0.25,22.0,COOLING,0.25,22.0,COOLING,21.25,21.719,25.091,21.72,22.445,25.091,21.25,3.841,322.13,164.76,161.9,159.58,170.0,170.0,1360.0,170.0,241.92,295.56,286.76,295.52,160.53,319.47,-798.97,318.97,875.0,875.0,875.0,875.0,19.58,74.79,134.69,69.07,808.37,1870.0,1119.76,3500.0,298.13,0.0,1.0,1.0,0.0,22.5,TARGETED_EAST_OCCUPANCY_COOL,33.6411
2,Occupancy Concentration,0,449,4490.0,22,2,2,16,2,22.3,5.83,LIGHT,81.62,LOW,RUNNING,20.13,4.51,LIGHT,76.93,LOW,RUNNING,22.3,7.14,LIGHT,83.58,LOW,RUNNING,21.11,5.6,LIGHT,79.79,LOW,RUNNING,19.28,4.97,LIGHT,76.55,LOW,RUNNING,24.69,8.4,LIGHT,88.46,LOW,RUNNING,22.97,6.47,LIGHT,83.42,LOW,RUNNING,20.82,4.56,LIGHT,77.87,LOW,RUNNING,19.33,4.36,LIGHT,75.7,LOW,RUNNING,22.96,6.96,LIGHT,84.14,LOW,RUNNING,28.06,55.0,254.8,0.25,22.0,COOLING,0.25,22.0,COOLING,0.25,22.0,COOLING,0.25,22.0,COOLING,21.25,21.721,25.094,21.721,22.447,25.094,21.25,3.844,321.92,165.01,161.29,159.84,170.0,170.0,1360.0,170.0,241.96,295.58,286.78,295.56,160.91,319.34,-799.35,319.1,875.0,875.0,875.0,875.0,19.79,74.93,133.72,69.5,808.06,1870.0,1119.88,3500.0,297.94,0.0,1.0,1.0,0.0,22.5,TARGETED_EAST_OCCUPANCY_COOL,33.6892
2,Occupancy Concentration,0,450,4500.0,22,2,2,16,2,22.14,5.72,LIGHT,81.25,LOW,RUNNING,20.0,4.5,LIGHT,76.75,LOW,RUNNING,22.32,7.24,LIGHT,83.76,LOW,RUNNING,21.26,5.72,LIGHT,80.16,LOW,RUNNING,19.42,5.0,LIGHT,76.78,LOW,RUNNING,24.7,8.32,LIGHT,88.36,LOW,RUNNING,22.83,6.35,LIGHT,83.06,LOW,RUNNING,20.66,4.52,LIGHT,77.61,LOW,RUNNING,19.3,4.43,LIGHT,75.77,LOW,RUNNING,23.09,7.08,LIGHT,84.48,LOW,RUNNING,28.06,55.0,255.0,0.25,22.0,COOLING,0.25,22.0,COOLING,0.25,22.0,COOLING,0.25,22.0,COOLING,21.25,21.723,25.097,21.722,22.448,25.097,21.25,3.847,321.92,165.14,160.67,160.25,170.0,170.0,1360.0,170.0,242.03,295.67,286.89,295.67,161.28,319.22,-799.72,319.22,875.0,875.0,875.0,875.0,20.23,75.03,132.84,70.14,807.98,1870.0,1120.26,3500.0,298.24,0.0,1.0,1.0,0.0,22.5,TARGETED_EAST_OCCUPANCY_COOL,33.7371
2,Occupancy Concentration,0,451,4510.0,22,2,2,16,2,21.98,5.63,LIGHT,80.92,LOW,RUNNING,19.9,4.52,LIGHT,76.66,LOW,RUNNING,22.37,7.35,LIGHT,83.99,LOW,RUNNING,21.42,5.82,LIGHT,80.51,LOW,RUNNING,19.54,5.0,LIGHT,76.92,LOW,RUNNING,24.66,8.22,LIGHT,88.16,LOW,RUNNING,22.67,6.24,LIGHT,82.7,LOW,RUNNING,20.52,4.5,LIGHT,77.4,LOW,RUNNING,19.31,4.52,LIGHT,75.92,LOW,RUNNING,23.23,7.2,LIGHT,84.84,LOW,RUNNING,28.07,55.0,255.2,0.25,22.0,COOLING,0.25,22.0,COOLING,0.25,22.0,COOLING,0.25,22.0,COOLING,21.25,21.725,25.1,21.723,22.45,25.1,21.25,3.85,322.08,165.08,160.1,160.76,170.0,170.0,1360.0,170.0,242.33,295.96,287.22,295.98,161.66,319.1,-800.1,319.34,875.0,875.0,875.0,875.0,21.07,75.14,132.22,71.08,808.02,1870.0,1121.49,3500.0,299.51,0.0,1.0,1.0,0.0,22.5,TARGETED_EAST_OCCUPANCY_COOL,33.7848
2,Occupancy Concentration,0,452,4520.0,22,2,2,16,2,21.81,5.56,LIGHT,80.6,LOW,RUNNING,19.83,4.56,LIGHT,76.63,LOW,RUNNING,22.47,7.47,LIGHT,84.29,LOW,RUNNING,21.59,5.9,LIGHT,80.84,LOW,RUNNING,19.63,4.97,LIGHT,76.99,LOW,RUNNING,24.59,8.1,LIGHT,87.89,LOW,RUNNING,22.51,6.14,LIGHT,82.35,LOW,RUNNING,20.41,4.51,LIGHT,77.28,LOW,RUNNING,19.36,4.63,LIGHT,76.15,LOW,RUNNING,23.4,7.3,LIGHT,85.2,LOW,RUNNING,28.07,55.0,255.3,0.25,22.0,COOLING,0.25,22.0,COOLING,0.25,22.0,COOLING,0.25,22.0,COOLING,21.25,21.727,25.103,21.724,22.451,25.103,21.25,3.853,322.36,164.88,159.63,161.35,170.0,170.0,1360.0,170.0,242.37,295.98,287.24,296.02,162.03,318.97,-800.47,319.47,875.0,875.0,875.0,875.0,21.76,74.83,131.4,71.84,808.22,1870.0,1121.61,3500.0,299.83,0.0,1.0,1.0,0.0,22.5,TARGETED_EAST_OCCUPANCY_COOL,33.8325
2,Occupancy Concentration,0,453,4530.0,22,2,2,16,2,21.65,5.52,LIGHT,80.34,LOW,RUNNING,19.8,4.63,LIGHT,76.69,LOW,RUNNING,22.59,7.59,LIGHT,84.62,LOW,RUNNING,21.76,5.96,LIGHT,81.14,LOW,RUNNING,19.69,4.91,LIGHT,76.98,LOW,RUNNING,24.49,7.98,LIGHT,87.58,LOW,RUNNING,22.34,6.07,LIGHT,82.03,LOW,RUNNING,20.34,4.55,LIGHT,77.25,LOW,RUNNING,19.45,4.75,LIGHT,76.44,LOW,RUNNING,23.56,7.39,LIGHT,85.53,LOW,RUNNING,28.07,55.0,255.5,0.25,22.0,COOLING,0.25,22.0,COOLING,0.25,22.0,COOLING,0.25,22.0,COOLING,21.25,21.729,25.106,21.725,22.453,25.106,21.25,3.856,322.79,164.56,159.28,161.97,170.0,170.0,1360.0,170.0,242.44,296.06,287.35,296.13,162.41,318.85,-800.85,319.6,875.0,875.0,875.0,875.0,22.64,74.47,130.78,72.7,808.6,1870.0,1121.98,3500.0,300.59,0.0,1.0,1.0,0.0,22.5,TARGETED_EAST_OCCUPANCY_COOL,33.8803
2,Occupancy Concentration,0,454,4540.0,22,2,2,16,2,21.52,5.5,LIGHT,80.15,LOW,RUNNING,19.81,4.72,LIGHT,76.84,LOW,RUNNING,22.74,7.7,LIGHT,84.97,LOW,RUNNING,21.9,5.99,LIGHT,81.36,LOW,RUNNING,19.7,4.83,LIGHT,76.87,LOW,RUNNING,24.35,7.86,LIGHT,87.23,LOW,RUNNING,22.18,6.02,LIGHT,81.75,LOW,RUNNING,20.3,4.62,LIGHT,77.31,LOW,RUNNING,19.57,4.87,LIGHT,76.77,LOW,RUNNING,23.73,7.45,LIGHT,85.84,LOW,RUNNING,28.08,55.0,255.7,0.25,22.0,COOLING,0.25,22.0,COOLING,0.25,22.0,COOLING,0.25,22.0,COOLING,21.25,21.731,25.109,21.727,22.454,25.109,21.25,3.859,323.32,164.1,159.06,162.61,170.0,170.0,1360.0,170.0,242.73,296.36,287.68,296.44,162.78,318.72,-801.22,319.72,875.0,875.0,875.0,875.0,23.83,74.18,130.52,73.77,809.09,1870.0,1123.21,3500.0,302.3,0.0,1.0,1.0,0.0,22.5,TARGETED_EAST_OCCUPANCY_COOL,33.9266
2,Occupancy Concentration,0,455,4550.0,22,2,2,16,2,21.41,5.51,LIGHT,80.03,LOW,RUNNING,19.86,4.83,LIGHT,77.07,LOW,RUNNING,22.9,7.81,LIGHT,85.34,LOW,RUNNING,22.03,6.0,LIGHT,81.54,LOW,RUNNING,19.67,4.73,LIGHT,76.68,LOW,RUNNING,24.2,7.75,LIGHT,86.88,LOW,RUNNING,22.04,6.0,LIGHT,81.55,LOW,RUNNING,20.31,4.71,LIGHT,77.45,LOW,RUNNING,19.71,4.98,LIGHT,77.11,LOW,RUNNING,23.88,7.49,LIGHT,86.08,LOW,RUNNING,28.08,55.0,255.8,0.25,22.0,COOLING,0.25,22.0,COOLING,0.25,22.0,COOLING,0.25,22.0,COOLING,21.251,21.733,25.112,21.729,22.456,25.112,21.251,3.861,323.98,163.56,159.0,163.19,170.0,170.0,1360.0,170.0,242.76,296.38,287.7,296.47,163.27,318.61,-801.49,319.61,875.0,875.0,875.0,875.0,25.01,73.55,130.21,74.27,809.73,1870.0,1123.31,3500.0,303.04,0.0,1.0,1.0,0.0,22.5,TARGETED_EAST_OCCUPANCY_COOL,33.9565
2,Occupancy Concentration,0,456,4560.0,22,2,2,16,2,21.34,5.55,LIGHT,80.0,LOW,RUNNING,19.95,4.95,LIGHT,77.36,LOW,RUNNING,23.07,7.89,LIGHT,85.67,LOW,RUNNING,22.12,5.97,LIGHT,81.61,LOW,RUNNING,19.6,4.62,LIGHT,76.43,LOW,RUNNING,24.03,7.66,LIGHT,86.53,LOW,RUNNING,21.93,6.01,LIGHT,81.43,LOW,RUNNING,20.35,4.81,LIGHT,77.65,LOW,RUNNING,19.87,5.09,LIGHT,77.47,LOW,RUNNING,24.01,7.5,LIGHT,86.26,LOW,RUNNING,28.08,55.0,256.0,0.25,22.0,COOLING,0.25,22.0,COOLING,0.25,22.0,COOLING,0.25,22.0,COOLING,21.252,21.734,25.115,21.731,22.458,25.115,21.252,3.863,324.64,162.96,159.08,163.73,170.0,170.0,1360.0,170.0,242.82,296.46,287.81,296.55,163.51,318.61,-801.73,319.61,875.0,875.0,875.0,875.0,25.97,73.03,130.16,74.89,810.41,1870.0,1123.64,3500.0,304.05,0.0,1.0,1.0,0.0,22.5,TARGETED_EAST_OCCUPANCY_COOL,33.9892
2,Occupancy Concentration,0,457,4570.0,22,2,2,16,2,21.3,5.62,LIGHT,80.06,LOW,RUNNING,20.07,5.07,LIGHT,77.69,LOW,RUNNING,23.23,7.95,LIGHT,85.96,LOW,RUNNING,22.18,5.92,LIGHT,81.6,LOW,RUNNING,19.5,4.5,LIGHT,76.12,LOW,RUNNING,23.86,7.58,LIGHT,86.2,LOW,RUNNING,21.85,6.05,LIGHT,81.39,LOW,RUNNING,20.43,4.93,LIGHT,77.93,LOW,RUNNING,20.04,5.18,LIGHT,77.82,LOW,RUNNING,24.11,7.48,LIGHT,86.36,LOW,RUNNING,28.09,55.0,256.2,0.25,22.0,COOLING,0.25,22.0,COOLING,0.25,22.0,COOLING,0.25,22.0,COOLING,21.253,21.735,25.118,21.733,22.46,25.118,21.253,3.865,325.31,162.32,159.32,164.18,170.0,170.0,1360.0,170.0,243.1,296.77,288.13,296.84,163.66,318.84,-802.09,319.59,875.0,875.0,875.0,875.0,27.07,72.93,130.36,75.61,811.13,1870.0,1124.84,3500.0,305.97,0.0,1.0,1.0,0.0,22.5,TARGETED_EAST_OCCUPANCY_COOL,34.0222
2,Occupancy Concentration,0,458,4580.0,22,2,2,16,2,21.31,5.71,LIGHT,80.2,LOW,RUNNING,20.22,5.19,LIGHT,78.06,LOW,RUNNING,23.39,7.99,LIGHT,86.22,LOW,RUNNING,22.2,5.84,LIGHT,81.51,LOW,RUNNING,19.37,4.38,LIGHT,75.78,LOW,RUNNING,23.7,7.53,LIGHT,85.92,LOW,RUNNING,21.81,6.11,LIGHT,81.43,LOW,RUNNING,20.55,5.05,LIGHT,78.26,LOW,RUNNING,20.21,5.25,LIGHT,78.14,LOW,RUNNING,24.17,7.43,LIGHT,86.36,LOW,RUNNING,28.09,55.0,256.3,0.25,22.0,COOLING,0.25,22.0,COOLING,0.25,22.0,COOLING,0.25,22.0,COOLING,21.254,21.736,25.121,21.735,22.462,25.121,21.254,3.867,325.99,161.7,159.69,164.5,170.0,170.0,1360.0,170.0,243.11,296.82,288.16,296.87,163.79,319.08,-802.45,319.58,875.0,875.0,875.0,875.0,27.89,72.6,130.4,75.95,811.88,1870.0,1124.96,3500.0,306.84,0.0,1.0,1.0,0.0,22.5,TARGETED_EAST_OCCUPANCY_COOL,34.0555
2,Occupancy Concentration,0,459,4590.0,22,2,2,16,2,21.35,5.82,LIGHT,80.42,LOW,RUNNING,20.38,5.29,LIGHT,78.41,LOW,RUNNING,23.51,8.0,LIGHT,86.39,LOW,RUNNING,22.18,5.75,LIGHT,81.35,LOW,RUNNING,19.22,4.27,LIGHT,75.43,LOW,RUNNING,23.56,7.5,LIGHT,85.7,LOW,RUNNING,21.8,6.19,LIGHT,81.53,LOW,RUNNING,20.69,5.17,LIGHT,78.62,LOW,RUNNING,20.36,5.29,LIGHT,78.39,LOW,RUNNING,24.2,7.36,LIGHT,86.29,LOW,RUNNING,28.09,55.0,256.5,0.25,22.0,COOLING,0.25,22.0,COOLING,0.25,22.0,COOLING,0.25,22.0,COOLING,21.255,21.737,25.124,21.737,22.463,25.124,21.255,3.869,326.57,161.13,160.15,164.68,170.0,170.0,1360.0,170.0,243.16,296.92,288.27,296.94,163.93,319.31,-802.81,319.57,875.0,875.0,875.0,875.0,28.66,72.36,130.61,76.19,812.53,1870.0,1125.29,3500.0,307.82,0.0,1.0,1.0,0.0,22.5,TARGETED_EAST_OCCUPANCY_COOL,34.0894
2,Occupancy Concentration,0,460,4600.0,22,2,2,16,2,21.44,5.93,LIGHT,80.69,LOW,RUNNING,20.55,5.38,LIGHT,78.76,LOW,RUNNING,23.61,7.98,LIGHT,86.48,LOW,RUNNING,22.12,5.64,LIGHT,81.11,LOW,RUNNING,19.05,4.17,LIGHT,75.07,LOW,RUNNING,23.44,7.51,LIGHT,85.57,LOW,RUNNING,21.84,6.3,LIGHT,81.75,LOW,RUNNING,20.85,5.28,LIGHT,78.98,LOW,RUNNING,20.49,5.3,LIGHT,78.56,LOW,RUNNING,24.18,7.26,LIGHT,86.11,LOW,RUNNING,28.1,55.0,256.7,0.25,22.0,COOLING,0.25,22.0,COOLING,0.25,22.0,COOLING,0.25,22.0,COOLING,21.256,21.738,25.127,21.739,22.465,25.127,21.256,3.871,327.04,160.64,160.73,164.67,170.0,170.0,1360.0,170.0,243.43,297.24,288.59,297.24,164.07,319.55,-803.18,319.55,875.0,875.0,875.0,875.0,29.54,72.43,131.14,76.46,813.08,1870.0,1126.5,3500.0,309.57,0.0,1.0,1.0,0.0,22.5,TARGETED_EAST_OCCUPANCY_COOL,34.1237
2,Occupancy Concentration,0,461,4610.0,22,2,2,16,2,21.55,6.05,LIGHT,81.01,LOW,RUNNING,20.71,5.45,LIGHT,79.06,LOW,RUNNING,23.68,7.93,LIGHT,86.49,LOW,RUNNING,22.02,5.52,LIGHT,80.81,LOW,RUNNING,18.88,4.09,LIGHT,74.73,LOW,RUNNING,23.36,7.54,LIGHT,85.51,LOW,RUNNING,21.92,6.41,LIGHT,82.02,LOW,RUNNING,21.02,5.37,LIGHT,79.33,LOW,RUNNING,20.6,5.28,LIGHT,78.67,LOW,RUNNING,24.13,7.16,LIGHT,85.9,LOW,RUNNING,28.1,55.0,256.8,0.25,22.0,COOLING,0.25,22.0,COOLING,0.25,22.0,COOLING,0.25,22.0,COOLING,21.257,21.739,25.13,21.741,22.467,25.13,21.257,3.873,327.37,160.24,161.35,164.57,170.0,170.0,1360.0,170.0,243.45,297.28,288.62,297.26,164.21,319.79,-803.53,319.53,875.0,875.0,875.0,875.0,30.03,72.31,131.44,76.36,813.53,1870.0,1126.61,3500.0,310.14,0.0,1.0,1.0,0.0,22.5,TARGETED_EAST_OCCUPANCY_COOL,34.1585
2,Occupancy Concentration,0,462,4620.0,22,2,2,16,2,21.7,6.17,LIGHT,81.38,LOW,RUNNING,20.87,5.49,LIGHT,79.32,LOW,RUNNING,23.7,7.86,LIGHT,86.42,LOW,RUNNING,21.89,5.4,LIGHT,80.46,LOW,RUNNING,18.72,4.03,LIGHT,74.45,LOW,RUNNING,23.31,7.6,LIGHT,85.54,LOW,RUNNING,22.03,6.53,LIGHT,82.33,LOW,RUNNING,21.18,5.44,LIGHT,79.63,LOW,RUNNING,20.67,5.24,LIGHT,78.7,LOW,RUNNING,24.04,7.04,LIGHT,85.61,LOW,RUNNING,28.1,55.0,257.0,0.25,22.0,COOLING,0.25,22.0,COOLING,0.25,22.0,COOLING,0.25,22.0,COOLING,21.258,21.74,25.133,21.743,22.468,25.133,21.258,3.875,327.58,159.99,161.96,164.31,170.0,170.0,1360.0,170.0,243.5,297.38,288.73,297.34,164.35,320.02,-803.89,319.52,875.0,875.0,875.0,875.0,30.43,72.39,131.8,76.17,813.84,1870.0,1126.95,3500.0,310.79,0.0,1.0,1.0,0.0,22.5,TARGETED_EAST_OCCUPANCY_COOL,34.1936
2,Occupancy Concentration,0,463,4630.0,22,2,2,16,2,21.86,6.28,LIGHT,81.75,LOW,RUNNING,21.0,5.5,LIGHT,79.5,LOW,RUNNING,23.68,7.76,LIGHT,86.24,LOW,RUNNING,21.74,5.28,LIGHT,80.09,LOW,RUNNING,18.58,4.0,LIGHT,74.22,LOW,RUNNING,23.3,7.68,LIGHT,85.64,LOW,RUNNING,22.17,6.65,LIGHT,82.69,LOW,RUNNING,21.34,5.48,LIGHT,79.89,LOW,RUNNING,20.7,5.17,LIGHT,78.63,LOW,RUNNING,23.91,6.92,LIGHT,85.27,LOW,RUNNING,28.11,55.0,257.2,0.25,22.0,COOLING,0.25,22.0,COOLING,0.25,22.0,COOLING,0.25,22.0,COOLING,21.259,21.741,25.136,21.745,22.47,25.136,21.259,3.877,327.58,159.86,162.58,163.9,170.0,170.0,1360.0,170.0,243.77,297.71,289.06,297.64,164.49,320.26,-804.26,319.51,875.0,875.0,875.0,875.0,30.84,72.83,132.38,76.05,813.92,1870.0,1128.18,3500.0,312.1,0.0,1.0,1.0,0.0,22.5,TARGETED_EAST_OCCUPANCY_COOL,34.2292
2,Occupancy Concentration,0,464,4640.0,22,2,2,16,2,22.02,6.37,LIGHT,82.08,LOW,RUNNING,21.1,5.48,LIGHT,79.59,LOW,RUNNING,23.63,7.65,LIGHT,86.01,LOW,RUNNING,21.58,5.18,LIGHT,79.74,LOW,RUNNING,18.46,4.0,LIGHT,74.08,LOW,RUNNING,23.34,7.78,LIGHT,85.84,LOW,RUNNING,22.33,6.76,LIGHT,83.05,LOW,RUNNING,21.48,5.5,LIGHT,80.1,LOW,RUNNING,20.69,5.08,LIGHT,78.48,LOW,RUNNING,23.77,6.8,LIGHT,84.91,LOW,RUNNING,28.11,55.0,257.3,0.25,22.0,COOLING,0.25,22.0,COOLING,0.25,22.0,COOLING,0.25,22.0,COOLING,21.26,21.742,25.139,21.747,22.472,25.139,21.26,3.879,327.42,159.92,163.15,163.39,170.0,170.0,1360.0,170.0,243.79,297.74,289.08,297.66,164.63,320.49,-804.61,319.49,875.0,875.0,875.0,875.0,30.84,73.15,132.62,75.54,813.88,1870.0,1128.27,3500.0,312.15,0.0,1.0,1.0,0.0,22.5,TARGETED_EAST_OCCUPANCY_COOL,34.2649
2,Occupancy Concentration,0,465,4650.0,22,2,2,16,2,22.19,6.44,LIGHT,82.4,LOW,RUNNING,21.17,5.44,LIGHT,79.62,LOW,RUNNING,23.53,7.53,LIGHT,85.71,LOW,RUNNING,21.41,5.1,LIGHT,79.41,LOW,RUNNING,18.37,4.03,LIGHT,74.01,LOW,RUNNING,23.41,7.9,LIGHT,86.11,LOW,RUNNING,22.49,6.86,LIGHT,83.4,LOW,RUNNING,21.59,5.49,LIGHT,80.22,LOW,RUNNING,20.64,4.97,LIGHT,78.25,LOW,RUNNING,23.6,6.7,LIGHT,84.55,LOW,RUNNING,28.11,55.0,257.5,0.25,22.0,COOLING,0.25,22.0,COOLING,0.25,22.0,COOLING,0.25,22.0,COOLING,21.261,21.744,25.142,21.749,22.474,25.142,21.261,3.881,327.14,160.12,163.62,162.8,170.0,170.0,1360.0,170.0,243.83,297.85,289.19,297.74,164.77,320.72,-804.97,319.48,875.0,875.0,875.0,875.0,30.74,73.69,132.84,75.02,813.68,1870.0,1128.61,3500.0,312.29,0.0,1.0,1.0,0.0,22.5,TARGETED_EAST_OCCUPANCY_COOL,34.2992
2,Occupancy Concentration,0,466,4660.0,22,2,2,16,2,22.35,6.48,LIGHT,82.66,LOW,RUNNING,21.2,5.37,LIGHT,79.56,LOW,RUNNING,23.41,7.41,LIGHT,85.38,LOW,RUNNING,21.24,5.04,LIGHT,79.11,LOW,RUNNING,18.31,4.09,LIGHT,74.02,LOW,RUNNING,23.51,8.02,LIGHT,86.42,LOW,RUNNING,22.66,6.93,LIGHT,83.72,LOW,RUNNING,21.66,5.45,LIGHT,80.25,LOW,RUNNING,20.55,4.85,LIGHT,77.96,LOW,RUNNING,23.44,6.61,LIGHT,84.22,LOW,RUNNING,28.12,55.0,257.7,0.25,22.0,COOLING,0.25,22.0,COOLING,0.25,22.0,COOLING,0.25,22.0,COOLING,21.262,21.746,25.145,21.751,22.476,25.145,21.262,3.883,326.71,160.44,163.97,162.18,170.0,170.0,1360.0,170.0,244.11,298.14,289.52,298.04,165.03,320.72,-805.23,319.48,875.0,875.0,875.0,875.0,30.85,74.3,133.26,74.7,813.3,1870.0,1129.81,3500.0,313.11,0.0,1.0,1.0,0.0,22.5,TARGETED_EAST_OCCUPANCY_COOL,34.3334
2,Occupancy Concentration,0,467,4670.0,22,2,2,16,2,22.48,6.5,LIGHT,82.85,LOW,RUNNING,21.19,5.28,LIGHT,79.41,LOW,RUNNING,23.26,7.3,LIGHT,85.03,LOW,RUNNING,21.1,5.01,LIGHT,78.89,LOW,RUNNING,18.3,4.17,LIGHT,74.13,LOW,RUNNING,23.65,8.14,LIGHT,86.77,LOW,RUNNING,22.82,6.98,LIGHT,84.0,LOW,RUNNING,21.7,5.38,LIGHT,80.19,LOW,RUNNING,20.43,4.73,LIGHT,77.63,LOW,RUNNING,23.27,6.55,LIGHT,83.91,LOW,RUNNING,28.12,55.0,257.8,0.25,22.0,COOLING,0.25,22.0,COOLING,0.25,22.0,COOLING,0.25,22.0,COOLING,21.263,21.748,25.148,21.753,22.478,25.148,21.263,3.885,326.18,160.9,164.19,161.54,170.0,170.0,1360.0,170.0,244.12,298.16,289.53,298.05,165.27,320.73,-805.47,319.47,875.0,875.0,875.0,875.0,30.57,74.79,133.25,74.06,812.81,1870.0,1129.86,3500.0,312.67,0.0,1.0,1.0,0.0,22.5,TARGETED_EAST_OCCUPANCY_COOL,34.3676
2,Occupancy Concentration,0,468,4680.0,22,2,2,16,2,22.59,6.49,LIGHT,82.97,LOW,RUNNING,21.14,5.17,LIGHT,79.18,LOW,RUNNING,23.1,7.19,LIGHT,84.66,LOW,RUNNING,20.97,5.0,LIGHT,78.71,LOW,RUNNING,18.33,4.27,LIGHT,74.32,LOW,RUNNING,23.8,8.25,LIGHT,87.12,LOW,RUNNING,22.96,7.0,LIGHT,84.2,LOW,RUNNING,21.69,5.29,LIGHT,80.05,LOW,RUNNING,20.29,4.62,LIGHT,77.29,LOW,RUNNING,23.12,6.51,LIGHT,83.67,LOW,RUNNING,28.12,55.0,258.0,0.25,22.0,COOLING,0.25,22.0,COOLING,0.25,22.0,COOLING,0.25,22.0,COOLING,21.264,21.75,25.151,21.755,22.48,25.151,21.264,3.887,325.52,161.44,164.25,160.96,170.0,170.0,1360.0,170.0,244.18,298.25,289.65,298.14,165.52,320.72,-805.72,319.48,875.0,875.0,875.0,875.0,30.22,75.41,133.18,73.58,812.17,1870.0,1130.22,3500.0,312.39,0.0,1.0,1.0,0.0,22.5,TARGETED_EAST_OCCUPANCY_COOL,34.4018
2,Occupancy Concentration,0,469,4690.0,22,2,2,16,2,22.66,6.45,LIGHT,83.0,LOW,RUNNING,21.05,5.05,LIGHT,78.89,LOW,RUNNING,22.93,7.11,LIGHT,84.33,LOW,RUNNING,20.88,5.03,LIGHT,78.64,LOW,RUNNING,18.4,4.38,LIGHT,74.57,LOW,RUNNING,23.97,8.34,LIGHT,87.47,LOW,RUNNING,23.07,6.99,LIGHT,84.32,LOW,RUNNING,21.65,5.19,LIGHT,79.85,LOW,RUNNING,20.13,4.51,LIGHT,76.93,LOW,RUNNING,22.99,6.5,LIGHT,83.49,LOW,RUNNING,28.13,55.0,258.2,0.25,22.0,COOLING,0.25,22.0,COOLING,0.25,22.0,COOLING,0.25,22.0,COOLING,21.265,21.752,25.154,21.756,22.482,25.154,21.265,3.889,324.86,162.04,164.17,160.42,170.0,170.0,1360.0,170.0,244.45,298.55,289.97,298.44,165.78,320.72,-805.98,319.48,875.0,875.0,875.0,875.0,30.09,76.31,133.16,73.34,811.49,1870.0,1131.41,3500.0,312.9,0.0,1.0,1.0,0.0,22.5,TARGETED_EAST_OCCUPANCY_COOL,34.4372
2,Occupancy Concentration,0,470,4700.0,22,2,2,16,2,22.7,6.38,LIGHT,82.94,LOW,RUNNING,20.93,4.93,LIGHT,78.56,LOW,RUNNING,22.77,7.05,LIGHT,84.04,LOW,RUNNING,20.82,5.08,LIGHT,78.65,LOW,RUNNING,18.5,4.5,LIGHT,74.88,LOW,RUNNING,24.14,8.42,LIGHT,87.8,LOW,RUNNING,23.15,6.95,LIGHT,84.36,LOW,RUNNING,21.57,5.07,LIGHT,79.57,LOW,RUNNING,19.96,4.42,LIGHT,76.58,LOW,RUNNING,22.89,6.52,LIGHT,83.39,LOW,RUNNING,28.13,55.0,258.3,0.25,22.0,COOLING,0.25,22.0,COOLING,0.25,22.0,COOLING,0.25,22.0,COOLING,21.266,21.754,25.157,21.757,22.483,25.157,21.266,3.891,324.19,162.68,163.93,159.97,170.0,170.0,1360.0,170.0,244.46,298.57,289.99,298.48,165.91,320.71,-806.34,319.71,875.0,875.0,875.0,875.0,29.56,76.96,132.58,73.16,810.77,1870.0,1131.5,3500.0,312.26,0.0,1.0,1.0,0.0,22.5,TARGETED_EAST_OCCUPANCY_COOL,34.4723
2,Occupancy Concentration,0,471,4710.0,22,2,2,16,2,22.69,6.29,LIGHT,82.8,LOW,RUNNING,20.78,4.81,LIGHT,78.19,LOW,RUNNING,22.61,7.01,LIGHT,83.78,LOW,RUNNING,20.8,5.16,LIGHT,78.74,LOW,RUNNING,18.63,4.62,LIGHT,75.22,LOW,RUNNING,24.3,8.47,LIGHT,88.08,LOW,RUNNING,23.19,6.89,LIGHT,84.32,LOW,RUNNING,21.45,4.95,LIGHT,79.24,LOW,RUNNING,19.79,4.35,LIGHT,76.26,LOW,RUNNING,22.83,6.57,LIGHT,83.39,LOW,RUNNING,28.14,55.0,258.5,0.25,22.0,COOLING,0.25,22.0,COOLING,0.25,22.0,COOLING,0.25,22.0,COOLING,21.267,21.756,25.16,21.758,22.485,25.16,21.267,3.893,323.51,163.3,163.56,159.65,170.0,170.0,1360.0,170.0,244.73,298.86,290.32,298.79,166.06,320.69,-806.69,319.94,875.0,875.0,875.0,875.0,29.3,77.85,132.19,73.38,810.02,1870.0,1132.7,3500.0,312.72,0.0,1.0,1.0,0.0,22.5,TARGETED_EAST_OCCUPANCY_COOL,34.5072
2,Occupancy Concentration,0,472,4720.0,22,2,2,16,2,22.65,6.18,LIGHT,82.58,LOW,RUNNING,20.62,4.71,LIGHT,77.84,LOW,RUNNING,22.49,7.0,LIGHT,83.61,LOW,RUNNING,20.82,5.25,LIGHT,78.9,LOW,RUNNING,18.78,4.73,LIGHT,75.57,LOW,RUNNING,24.44,8.5,LIGHT,88.3,LOW,RUNNING,23.2,6.81,LIGHT,84.22,LOW,RUNNING,21.31,4.83,LIGHT,78.88,LOW,RUNNING,19.64,4.31,LIGHT,76.02,LOW,RUNNING,22.8,6.64,LIGHT,83.46,LOW,RUNNING,28.14,55.0,258.7,0.25,22.0,COOLING,0.25,22.0,COOLING,0.25,22.0,COOLING,0.25,22.0,COOLING,21.268,21.758,25.163,21.76,22.487,25.163,21.268,3.895,322.93,163.87,163.1,159.48,170.0,170.0,1360.0,170.0,244.78,298.95,290.43,298.9,166.2,320.68,-807.06,320.18,875.0,875.0,875.0,875.0,28.91,78.5,131.47,73.56,809.38,1870.0,1133.06,3500.0,312.44,0.0,1.0,1.0,0.0,22.5,TARGETED_EAST_OCCUPANCY_COOL,34.54
2,Occupancy Concentration,0,473,4730.0,22,2,2,16,2,22.56,6.07,LIGHT,82.31,LOW,RUNNING,20.45,4.62,LIGHT,77.49,LOW,RUNNING,22.39,7.02,LIGHT,83.52,LOW,RUNNING,20.88,5.36,LIGHT,79.14,LOW,RUNNING,18.95,4.83,LIGHT,75.93,LOW,RUNNING,24.56,8.49,LIGHT,88.44,LOW,RUNNING,23.16,6.7,LIGHT,84.0,LOW,RUNNING,21.15,4.72,LIGHT,78.52,LOW,RUNNING,19.51,4.3,LIGHT,75.84,LOW,RUNNING,22.82,6.74,LIGHT,83.64,LOW,RUNNING,28.14,55.0,258.8,0.25,22.0,COOLING,0.25,22.0,COOLING,0.25,22.0,COOLING,0.25,22.0,COOLING,21.269,21.76,25.166,21.762,22.489,25.166,21.269,3.897,322.46,164.37,162.52,159.48,170.0,170.0,1360.0,170.0,244.8,298.96,290.46,298.92,166.44,320.68,-807.3,320.18,875.0,875.0,875.0,875.0,28.7,79.01,130.68,73.58,808.83,1870.0,1133.14,3500.0,311.97,0.0,1.0,1.0,0.0,22.5,TARGETED_EAST_OCCUPANCY_COOL,34.5724
2,Occupancy Concentration,0,474,4740.0,22,2,2,16,2,22.45,5.95,LIGHT,81.99,LOW,RUNNING,20.29,4.55,LIGHT,77.19,LOW,RUNNING,22.32,7.07,LIGHT,83.51,LOW,RUNNING,20.98,5.48,LIGHT,79.44,LOW,RUNNING,19.12,4.91,LIGHT,76.27,LOW,RUNNING,24.64,8.46,LIGHT,88.49,LOW,RUNNING,23.08,6.59,LIGHT,83.73,LOW,RUNNING,20.98,4.63,LIGHT,78.17,LOW,RUNNING,19.4,4.32,LIGHT,75.73,LOW,RUNNING,22.87,6.84,LIGHT,83.85,LOW,RUNNING,28.15,55.0,259.0,0.25,22.0,COOLING,0.25,22.0,COOLING,0.25,22.0,COOLING,0.25,22.0,COOLING,21.27,21.762,25.169,21.764,22.491,25.169,21.27,3.899,322.13,164.76,161.9,159.58,170.0,170.0,1360.0,170.0,245.06,299.26,290.78,299.22,166.7,320.68,-807.55,320.18,875.0,875.0,875.0,875.0,28.89,79.7,130.13,73.98,808.37,1870.0,1134.32,3500.0,312.7,0.0,1.0,1.0,0.0,22.5,TARGETED_EAST_OCCUPANCY_COOL,34.6044
2,Occupancy Concentration,0,475,4750.0,22,2,2,16,2,22.3,5.83,LIGHT,81.62,LOW,RUNNING,20.13,4.51,LIGHT,76.93,LOW,RUNNING,22.3,7.14,LIGHT,83.58,LOW,RUNNING,21.11,5.6,LIGHT,79.79,LOW,RUNNING,19.28,4.97,LIGHT,76.55,LOW,RUNNING,24.69,8.4,LIGHT,88.46,LOW,RUNNING,22.97,6.47,LIGHT,83.42,LOW,RUNNING,20.82,4.56,LIGHT,77.87,LOW,RUNNING,19.33,4.36,LIGHT,75.7,LOW,RUNNING,22.96,6.96,LIGHT,84.14,LOW,RUNNING,28.15,55.0,259.2,0.25,22.0,COOLING,0.25,22.0,COOLING,0.25,22.0,COOLING,0.25,22.0,COOLING,21.271,21.764,25.172,21.766,22.493,25.172,21.271,3.901,321.92,165.01,161.29,159.84,170.0,170.0,1360.0,170.0,245.12,299.34,290.89,299.3,166.95,320.68,-807.81,320.18,875.0,875.0,875.0,875.0,28.99,80.03,129.37,74.32,808.06,1870.0,1134.65,3500.0,312.71,0.0,1.0,1.0,0.0,22.5,TARGETED_EAST_OCCUPANCY_COOL,34.6363
2,Occupancy Concentration,0,476,4760.0,22,2,2,16,2,22.14,5.72,LIGHT,81.25,LOW,RUNNING,20.0,4.5,LIGHT,76.75,LOW,RUNNING,22.32,7.24,LIGHT,83.76,LOW,RUNNING,21.26,5.72,LIGHT,80.16,LOW,RUNNING,19.42,5.0,LIGHT,76.78,LOW,RUNNING,24.7,8.32,LIGHT,88.36,LOW,RUNNING,22.83,6.35,LIGHT,83.06,LOW,RUNNING,20.66,4.52,LIGHT,77.61,LOW,RUNNING,19.3,4.43,LIGHT,75.77,LOW,RUNNING,23.09,7.08,LIGHT,84.48,LOW,RUNNING,28.15,55.0,259.3,0.25,22.0,COOLING,0.25,22.0,COOLING,0.25,22.0,COOLING,0.25,22.0,COOLING,21.272,21.766,25.175,21.768,22.495,25.175,21.272,3.903,321.92,165.14,160.67,160.25,170.0,170.0,1360.0,170.0,245.14,299.36,290.92,299.32,167.19,320.68,-808.06,320.18,875.0,875.0,875.0,875.0,29.25,80.18,128.53,74.75,807.98,1870.0,1134.74,3500.0,312.71,0.0,1.0,1.0,0.0,22.5,TARGETED_EAST_OCCUPANCY_COOL,34.6678
2,Occupancy Concentration,0,477,4770.0,22,2,2,16,2,21.98,5.63,LIGHT,80.92,LOW,RUNNING,19.9,4.52,LIGHT,76.66,LOW,RUNNING,22.37,7.35,LIGHT,83.99,LOW,RUNNING,21.42,5.82,LIGHT,80.51,LOW,RUNNING,19.54,5.0,LIGHT,76.92,LOW,RUNNING,24.66,8.22,LIGHT,88.16,LOW,RUNNING,22.67,6.24,LIGHT,82.7,LOW,RUNNING,20.52,4.5,LIGHT,77.4,LOW,RUNNING,19.31,4.52,LIGHT,75.92,LOW,RUNNING,23.23,7.2,LIGHT,84.84,LOW,RUNNING,28.16,55.0,259.5,0.25,22.0,COOLING,0.25,22.0,COOLING,0.25,22.0,COOLING,0.25,22.0,COOLING,21.273,21.768,25.178,21.77,22.497,25.178,21.273,3.905,322.08,165.08,160.1,160.76,170.0,170.0,1360.0,170.0,245.4,299.66,291.24,299.62,167.45,320.68,-808.31,320.18,875.0,875.0,875.0,875.0,29.93,80.42,128.03,75.56,808.02,1870.0,1135.92,3500.0,313.94,0.0,1.0,1.0,0.0,22.5,TARGETED_EAST_OCCUPANCY_COOL,34.6991
2,Occupancy Concentration,0,478,4780.0,22,2,2,16,2,21.81,5.56,LIGHT,80.6,LOW,RUNNING,19.83,4.56,LIGHT,76.63,LOW,RUNNING,22.47,7.47,LIGHT,84.29,LOW,RUNNING,21.59,5.9,LIGHT,80.84,LOW,RUNNING,19.63,4.97,LIGHT,76.99,LOW,RUNNING,24.59,8.1,LIGHT,87.89,LOW,RUNNING,22.51,6.14,LIGHT,82.35,LOW,RUNNING,20.41,4.51,LIGHT,77.28,LOW,RUNNING,19.36,4.63,LIGHT,76.15,LOW,RUNNING,23.4,7.3,LIGHT,85.2,LOW,RUNNING,28.16,55.0,259.7,0.25,22.0,COOLING,0.25,22.0,COOLING,0.25,22.0,COOLING,0.25,22.0,COOLING,21.274,21.77,25.181,21.772,22.499,25.181,21.274,3.907,322.36,164.88,159.63,161.35,170.0,170.0,1360.0,170.0,245.46,299.74,291.35,299.7,167.7,320.68,-808.56,320.18,875.0,875.0,875.0,875.0,30.52,80.3,127.42,76.23,808.22,1870.0,1136.25,3500.0,314.47,0.0,1.0,1.0,0.0,22.5,TARGETED_EAST_OCCUPANCY_COOL,34.7305
2,Occupancy Concentration,0,479,4790.0,22,2,2,16,2,21.65,5.52,LIGHT,80.34,LOW,RUNNING,19.8,4.63,LIGHT,76.69,LOW,RUNNING,22.59,7.59,LIGHT,84.62,LOW,RUNNING,21.76,5.96,LIGHT,81.14,LOW,RUNNING,19.69,4.91,LIGHT,76.98,LOW,RUNNING,24.49,7.98,LIGHT,87.58,LOW,RUNNING,22.34,6.07,LIGHT,82.03,LOW,RUNNING,20.34,4.55,LIGHT,77.25,LOW,RUNNING,19.45,4.75,LIGHT,76.44,LOW,RUNNING,23.56,7.39,LIGHT,85.53,LOW,RUNNING,28.16,55.0,259.8,0.25,22.0,COOLING,0.25,22.0,COOLING,0.25,22.0,COOLING,0.25,22.0,COOLING,21.275,21.772,25.184,21.774,22.501,25.184,21.275,3.909,322.79,164.56,159.28,161.97,170.0,170.0,1360.0,170.0,245.47,299.77,291.37,299.72,167.94,320.68,-808.81,320.18,875.0,875.0,875.0,875.0,31.2,80.01,126.84,76.87,808.6,1870.0,1136.33,3500.0,314.92,0.0,1.0,1.0,0.0,22.5,TARGETED_EAST_OCCUPANCY_COOL,34.7619
2,Occupancy Concentration,0,480,4800.0,22,2,2,16,2,21.52,5.5,LIGHT,80.15,LOW,RUNNING,19.81,4.72,LIGHT,76.84,LOW,RUNNING,22.74,7.7,LIGHT,84.97,LOW,RUNNING,21.9,5.99,LIGHT,81.36,LOW,RUNNING,19.7,4.83,LIGHT,76.87,LOW,RUNNING,24.35,7.86,LIGHT,87.23,LOW,RUNNING,22.18,6.02,LIGHT,81.75,LOW,RUNNING,20.3,4.62,LIGHT,77.31,LOW,RUNNING,19.57,4.87,LIGHT,76.77,LOW,RUNNING,23.73,7.45,LIGHT,85.84,LOW,RUNNING,28.17,55.0,260.0,0.25,22.0,COOLING,0.25,22.0,COOLING,0.25,22.0,COOLING,0.25,22.0,COOLING,21.276,21.774,25.187,21.776,22.503,25.187,21.276,3.911,323.32,164.1,159.06,162.61,170.0,170.0,1360.0,170.0,245.74,300.06,291.7,300.01,168.2,320.68,-809.06,320.18,875.0,875.0,875.0,875.0,32.26,79.84,126.7,77.8,809.09,1870.0,1137.51,3500.0,316.6,0.0,1.0,1.0,0.0,22.5,TARGETED_EAST_OCCUPANCY_COOL,34.7936
2,Occupancy Concentration,0,481,4810.0,22,2,2,16,2,21.41,5.51,LIGHT,80.03,LOW,RUNNING,19.86,4.83,LIGHT,77.07,LOW,RUNNING,22.9,7.81,LIGHT,85.34,LOW,RUNNING,22.03,6.0,LIGHT,81.54,LOW,RUNNING,19.67,4.73,LIGHT,76.68,LOW,RUNNING,24.2,7.75,LIGHT,86.88,LOW,RUNNING,22.04,6.0,LIGHT,81.55,LOW,RUNNING,20.31,4.71,LIGHT,77.45,LOW,RUNNING,19.71,4.98,LIGHT,77.11,LOW,RUNNING,23.88,7.49,LIGHT,86.08,LOW,RUNNING,28.17,55.0,260.2,0.25,22.0,COOLING,0.25,22.0,COOLING,0.25,22.0,COOLING,0.25,22.0,COOLING,21.277,21.776,25.19,21.778,22.505,25.19,21.277,3.913,323.98,163.56,159.0,163.19,170.0,170.0,1360.0,170.0,245.8,300.13,291.8,300.09,168.45,320.68,-809.31,320.18,875.0,875.0,875.0,875.0,33.23,79.37,126.49,78.46,809.73,1870.0,1137.82,3500.0,317.55,0.0,1.0,1.0,0.0,22.5,TARGETED_EAST_OCCUPANCY_COOL,34.8254
2,Occupancy Concentration,0,482,4820.0,22,2,2,16,2,21.34,5.55,LIGHT,80.0,LOW,RUNNING,19.95,4.95,LIGHT,77.36,LOW,RUNNING,23.07,7.89,LIGHT,85.67,LOW,RUNNING,22.12,5.97,LIGHT,81.61,LOW,RUNNING,19.6,4.62,LIGHT,76.43,LOW,RUNNING,24.03,7.66,LIGHT,86.53,LOW,RUNNING,21.93,6.01,LIGHT,81.43,LOW,RUNNING,20.35,4.81,LIGHT,77.65,LOW,RUNNING,19.87,5.09,LIGHT,77.47,LOW,RUNNING,24.01,7.5,LIGHT,86.26,LOW,RUNNING,28.17,55.0,260.3,0.25,22.0,COOLING,0.25,22.0,COOLING,0.25,22.0,COOLING,0.25,22.0,COOLING,21.278,21.778,25.193,21.78,22.507,25.193,21.278,3.915,324.64,162.96,159.08,163.73,170.0,170.0,1360.0,170.0,245.81,300.16,291.83,300.12,168.69,320.68,-809.56,320.18,875.0,875.0,875.0,875.0,34.14,78.8,126.35,79.03,810.41,1870.0,1137.92,3500.0,318.32,0.0,1.0,1.0,0.0,22.5,TARGETED_EAST_OCCUPANCY_COOL,34.8576
2,Occupancy Concentration,0,483,4830.0,22,2,2,16,2,21.3,5.62,LIGHT,80.06,LOW,RUNNING,20.07,5.07,LIGHT,77.69,LOW,RUNNING,23.23,7.95,LIGHT,85.96,LOW,RUNNING,22.18,5.92,LIGHT,81.6,LOW,RUNNING,19.5,4.5,LIGHT,76.12,LOW,RUNNING,23.86,7.58,LIGHT,86.2,LOW,RUNNING,21.85,6.05,LIGHT,81.39,LOW,RUNNING,20.43,4.93,LIGHT,77.93,LOW,RUNNING,20.04,5.18,LIGHT,77.82,LOW,RUNNING,24.11,7.48,LIGHT,86.36,LOW,RUNNING,28.18,55.0,260.5,0.25,22.0,COOLING,0.25,22.0,COOLING,0.25,22.0,COOLING,0.25,22.0,COOLING,21.279,21.78,25.196,21.782,22.509,25.196,21.279,3.917,325.31,162.32,159.32,164.18,170.0,170.0,1360.0,170.0,246.08,300.45,292.16,300.41,168.95,320.68,-809.81,320.18,875.0,875.0,875.0,875.0,35.34,78.45,126.67,79.77,811.13,1870.0,1139.1,3500.0,320.23,0.0,1.0,1.0,0.0,22.5,TARGETED_EAST_OCCUPANCY_COOL,34.8902
2,Occupancy Concentration,0,484,4840.0,22,2,2,16,2,21.31,5.71,LIGHT,80.2,LOW,RUNNING,20.22,5.19,LIGHT,78.06,LOW,RUNNING,23.39,7.99,LIGHT,86.22,LOW,RUNNING,22.2,5.84,LIGHT,81.51,LOW,RUNNING,19.37,4.38,LIGHT,75.78,LOW,RUNNING,23.7,7.53,LIGHT,85.92,LOW,RUNNING,21.81,6.11,LIGHT,81.43,LOW,RUNNING,20.55,5.05,LIGHT,78.26,LOW,RUNNING,20.21,5.25,LIGHT,78.14,LOW,RUNNING,24.17,7.43,LIGHT,86.36,LOW,RUNNING,28.18,55.0,260.7,0.25,22.0,COOLING,0.25,22.0,COOLING,0.25,22.0,COOLING,0.25,22.0,COOLING,21.28,21.782,25.199,21.784,22.511,25.199,21.28,3.919,325.99,161.7,159.69,164.5,170.0,170.0,1360.0,170.0,246.13,300.54,292.27,300.5,169.2,320.68,-810.06,320.18,875.0,875.0,875.0,875.0,36.32,77.92,126.9,80.18,811.88,1870.0,1139.44,3500.0,321.32,0.0,1.0,1.0,0.0,22.5,TARGETED_EAST_OCCUPANCY_COOL,34.9233
2,Occupancy Concentration,0,485,4850.0,22,2,2,16,2,21.35,5.82,LIGHT,80.42,LOW,RUNNING,20.38,5.29,LIGHT,78.41,LOW,RUNNING,23.51,8.0,LIGHT,86.39,LOW,RUNNING,22.18,5.75,LIGHT,81.35,LOW,RUNNING,19.22,4.27,LIGHT,75.43,LOW,RUNNING,23.56,7.5,LIGHT,85.7,LOW,RUNNING,21.8,6.19,LIGHT,81.53,LOW,RUNNING,20.69,5.17,LIGHT,78.62,LOW,RUNNING,20.36,5.29,LIGHT,78.39,LOW,RUNNING,24.2,7.36,LIGHT,86.29,LOW,RUNNING,28.18,55.0,260.8,0.25,22.0,COOLING,0.25,22.0,COOLING,0.25,22.0,COOLING,0.25,22.0,COOLING,21.281,21.784,25.202,21.786,22.513,25.202,21.281,3.921,326.57,161.13,160.15,164.68,170.0,170.0,1360.0,170.0,246.15,300.56,292.29,300.51,169.44,320.68,-810.31,320.18,875.0,875.0,875.0,875.0,37.16,77.37,127.13,80.37,812.53,1870.0,1139.51,3500.0,322.03,0.0,1.0,1.0,0.0,22.5,TARGETED_EAST_OCCUPANCY_COOL,34.9567
2,Occupancy Concentration,0,486,4860.0,22,2,2,16,2,21.44,5.93,LIGHT,80.69,LOW,RUNNING,20.55,5.38,LIGHT,78.76,LOW,RUNNING,23.61,7.98,LIGHT,86.48,LOW,RUNNING,22.12,5.64,LIGHT,81.11,LOW,RUNNING,19.05,4.17,LIGHT,75.07,LOW,RUNNING,23.44,7.51,LIGHT,85.57,LOW,RUNNING,21.84,6.3,LIGHT,81.75,LOW,RUNNING,20.85,5.28,LIGHT,78.98,LOW,RUNNING,20.49,5.3,LIGHT,78.56,LOW,RUNNING,24.18,7.26,LIGHT,86.11,LOW,RUNNING,28.19,55.0,261.0,0.25,22.0,COOLING,0.25,22.0,COOLING,0.25,22.0,COOLING,0.25,22.0,COOLING,21.282,21.786,25.205,21.788,22.515,25.205,21.282,3.923,327.04,160.64,160.73,164.67,170.0,170.0,1360.0,170.0,246.42,300.85,292.61,300.81,169.7,320.68,-810.56,320.18,875.0,875.0,875.0,875.0,38.16,77.17,127.78,80.66,813.08,1870.0,1140.69,3500.0,323.77,0.0,1.0,1.0,0.0,22.5,TARGETED_EAST_OCCUPANCY_COOL,34.9907
2,Occupancy Concentration,0,487,4870.0,22,2,2,16,2,21.55,6.05,LIGHT,81.01,LOW,RUNNING,20.71,5.45,LIGHT,79.06,LOW,RUNNING,23.68,7.93,LIGHT,86.49,LOW,RUNNING,22.02,5.52,LIGHT,80.81,LOW,RUNNING,18.88,4.09,LIGHT,74.73,LOW,RUNNING,23.36,7.54,LIGHT,85.51,LOW,RUNNING,21.92,6.41,LIGHT,82.02,LOW,RUNNING,21.02,5.37,LIGHT,79.33,LOW,RUNNING,20.6,5.28,LIGHT,78.67,LOW,RUNNING,24.13,7.16,LIGHT,85.9,LOW,RUNNING,28.19,55.0,261.2,0.25,22.0,COOLING,0.25,22.0,COOLING,0.25,22.0,COOLING,0.25,22.0,COOLING,21.283,21.788,25.208,21.79,22.517,25.208,21.283,3.925,327.37,160.24,161.35,164.57,170.0,170.0,1360.0,170.0,246.47,300.94,292.73,300.89,169.95,320.68,-810.8,320.18,875.0,875.0,875.0,875.0,38.79,76.86,128.28,80.64,813.53,1870.0,1141.03,3500.0,324.57,0.0,1.0,1.0,0.0,22.5,TARGETED_EAST_OCCUPANCY_COOL,35.0253
2,Occupancy Concentration,0,488,4880.0,22,2,2,16,2,21.7,6.17,LIGHT,81.38,LOW,RUNNING,20.87,5.49,LIGHT,79.32,LOW,RUNNING,23.7,7.86,LIGHT,86.42,LOW,RUNNING,21.89,5.4,LIGHT,80.46,LOW,RUNNING,18.72,4.03,LIGHT,74.45,LOW,RUNNING,23.31,7.6,LIGHT,85.54,LOW,RUNNING,22.03,6.53,LIGHT,82.33,LOW,RUNNING,21.18,5.44,LIGHT,79.63,LOW,RUNNING,20.67,5.24,LIGHT,78.7,LOW,RUNNING,24.04,7.04,LIGHT,85.61,LOW,RUNNING,28.19,55.0,261.3,0.25,22.0,COOLING,0.25,22.0,COOLING,0.25,22.0,COOLING,0.25,22.0,COOLING,21.284,21.79,25.211,21.792,22.519,25.211,21.284,3.927,327.58,159.99,161.96,164.31,170.0,170.0,1360.0,170.0,246.49,300.95,292.75,300.91,170.19,320.68,-811.05,320.18,875.0,875.0,875.0,875.0,39.26,76.62,128.66,80.4,813.84,1870.0,1141.1,3500.0,324.94,0.0,1.0,1.0,0.0,22.5,TARGETED_EAST_OCCUPANCY_COOL,35.06
2,Occupancy Concentration,0,489,4890.0,22,2,2,16,2,21.86,6.28,LIGHT,81.75,LOW,RUNNING,21.0,5.5,LIGHT,79.5,LOW,RUNNING,23.68,7.76,LIGHT,86.24,LOW,RUNNING,21.74,5.28,LIGHT,80.09,LOW,RUNNING,18.58,4.0,LIGHT,74.22,LOW,RUNNING,23.3,7.68,LIGHT,85.64,LOW,RUNNING,22.17,6.65,LIGHT,82.69,LOW,RUNNING,21.34,5.48,LIGHT,79.89,LOW,RUNNING,20.7,5.17,LIGHT,78.63,LOW,RUNNING,23.91,6.92,LIGHT,85.27,LOW,RUNNING,28.2,55.0,261.5,0.25,22.0,COOLING,0.25,22.0,COOLING,0.25,22.0,COOLING,0.25,22.0,COOLING,21.285,21.792,25.214,21.794,22.521,25.214,21.285,3.929,327.58,159.86,162.58,163.9,170.0,170.0,1360.0,170.0,246.75,301.25,293.07,301.21,170.45,320.68,-811.3,320.18,875.0,875.0,875.0,875.0,39.78,76.79,129.35,80.29,813.92,1870.0,1142.28,3500.0,326.21,0.0,1.0,1.0,0.0,22.5,TARGETED_EAST_OCCUPANCY_COOL,35.0953
2,Occupancy Concentration,0,490,4900.0,22,2,2,16,2,22.02,6.37,LIGHT,82.08,LOW,RUNNING,21.1,5.48,LIGHT,79.59,LOW,RUNNING,23.63,7.65,LIGHT,86.01,LOW,RUNNING,21.58,5.18,LIGHT,79.74,LOW,RUNNING,18.46,4.0,LIGHT,74.08,LOW,RUNNING,23.34,7.78,LIGHT,85.84,LOW,RUNNING,22.33,6.76,LIGHT,83.05,LOW,RUNNING,21.48,5.5,LIGHT,80.1,LOW,RUNNING,20.69,5.08,LIGHT,78.48,LOW,RUNNING,23.77,6.8,LIGHT,84.91,LOW,RUNNING,28.2,55.0,261.7,0.25,22.0,COOLING,0.25,22.0,COOLING,0.25,22.0,COOLING,0.25,22.0,COOLING,21.286,21.794,25.217,21.796,22.523,25.217,21.286,3.931,327.42,159.92,163.15,163.39,170.0,170.0,1360.0,170.0,246.81,301.33,293.19,301.29,170.7,320.68,-811.55,320.18,875.0,875.0,875.0,875.0,39.93,76.93,129.79,79.86,813.88,1870.0,1142.62,3500.0,326.51,0.0,1.0,1.0,0.0,22.5,TARGETED_EAST_OCCUPANCY_COOL,35.1309
2,Occupancy Concentration,0,491,4910.0,22,2,2,16,2,22.19,6.44,LIGHT,82.4,LOW,RUNNING,21.17,5.44,LIGHT,79.62,LOW,RUNNING,23.53,7.53,LIGHT,85.71,LOW,RUNNING,21.41,5.1,LIGHT,79.41,LOW,RUNNING,18.37,4.03,LIGHT,74.01,LOW,RUNNING,23.41,7.9,LIGHT,86.11,LOW,RUNNING,22.49,6.86,LIGHT,83.4,LOW,RUNNING,21.59,5.49,LIGHT,80.22,LOW,RUNNING,20.64,4.97,LIGHT,78.25,LOW,RUNNING,23.6,6.7,LIGHT,84.55,LOW,RUNNING,28.2,55.0,261.8,0.25,22.0,COOLING,0.25,22.0,COOLING,0.25,22.0,COOLING,0.25,22.0,COOLING,21.287,21.796,25.22,21.798,22.525,25.22,21.287,3.933,327.14,160.12,163.62,162.8,170.0,170.0,1360.0,170.0,246.82,301.35,293.2,301.31,170.94,320.68,-811.8,320.18,875.0,875.0,875.0,875.0,39.9,77.15,130.02,79.29,813.68,1870.0,1142.68,3500.0,326.36,0.0,1.0,1.0,0.0,22.5,TARGETED_EAST_OCCUPANCY_COOL,35.1664
2,Occupancy Concentration,0,492,4920.0,22,2,2,16,2,22.35,6.48,LIGHT,82.66,LOW,RUNNING,21.2,5.37,LIGHT,79.56,LOW,RUNNING,23.41,7.41,LIGHT,85.38,LOW,RUNNING,21.24,5.04,LIGHT,79.11,LOW,RUNNING,18.31,4.09,LIGHT,74.02,LOW,RUNNING,23.51,8.02,LIGHT,86.42,LOW,RUNNING,22.66,6.93,LIGHT,83.72,LOW,RUNNING,21.66,5.45,LIGHT,80.25,LOW,RUNNING,20.55,4.85,LIGHT,77.96,LOW,RUNNING,23.44,6.61,LIGHT,84.22,LOW,RUNNING,28.21,55.0,262.0,0.25,22.0,COOLING,0.25,22.0,COOLING,0.25,22.0,COOLING,0.25,22.0,COOLING,21.288,21.798,25.223,21.8,22.527,25.223,21.288,3.935,326.71,160.44,163.97,162.18,170.0,170.0,1360.0,170.0,247.09,301.65,293.54,301.61,171.19,320.68,-812.05,320.18,875.0,875.0,875.0,875.0,39.99,77.77,130.46,78.97,813.3,1870.0,1143.89,3500.0,327.19,0.0,1.0,1.0,0.0,22.5,TARGETED_EAST_OCCUPANCY_COOL,35.2021
2,Occupancy Concentration,0,493,4930.0,22,2,2,16,2,22.48,6.5,LIGHT,82.85,LOW,RUNNING,21.19,5.28,LIGHT,79.41,LOW,RUNNING,23.26,7.3,LIGHT,85.03,LOW,RUNNING,21.1,5.01,LIGHT,78.89,LOW,RUNNING,18.3,4.17,LIGHT,74.13,LOW,RUNNING,23.65,8.14,LIGHT,86.77,LOW,RUNNING,22.82,6.98,LIGHT,84.0,LOW,RUNNING,21.7,5.38,LIGHT,80.19,LOW,RUNNING,20.43,4.73,LIGHT,77.63,LOW,RUNNING,23.27,6.55,LIGHT,83.91,LOW,RUNNING,28.21,55.0,262.2,0.25,22.0,COOLING,0.25,22.0,COOLING,0.25,22.0,COOLING,0.25,22.0,COOLING,21.289,21.8,25.226,21.802,22.529,25.226,21.289,3.937,326.18,160.9,164.19,161.54,170.0,170.0,1360.0,170.0,247.15,301.74,293.64,301.69,171.44,320.68,-812.3,320.18,875.0,875.0,875.0,875.0,39.77,78.32,130.53,78.41,812.81,1870.0,1144.22,3500.0,327.03,0.0,1.0,1.0,0.0,22.5,TARGETED_EAST_OCCUPANCY_COOL,35.2376
2,Occupancy Concentration,0,494,4940.0,22,2,2,16,2,22.59,6.49,LIGHT,82.97,LOW,RUNNING,21.14,5.17,LIGHT,79.18,LOW,RUNNING,23.1,7.19,LIGHT,84.66,LOW,RUNNING,20.97,5.0,LIGHT,78.71,LOW,RUNNING,18.33,4.27,LIGHT,74.32,LOW,RUNNING,23.8,8.25,LIGHT,87.12,LOW,RUNNING,22.96,7.0,LIGHT,84.2,LOW,RUNNING,21.69,5.29,LIGHT,80.05,LOW,RUNNING,20.29,4.62,LIGHT,77.29,LOW,RUNNING,23.12,6.51,LIGHT,83.67,LOW,RUNNING,28.22,55.0,262.3,0.25,22.0,COOLING,0.25,22.0,COOLING,0.25,22.0,COOLING,0.25,22.0,COOLING,21.29,21.802,25.229,21.804,22.531,25.229,21.29,3.939,325.52,161.44,164.25,160.96,170.0,170.0,1360.0,170.0,247.38,301.97,293.88,301.93,171.69,320.68,-812.55,320.18,875.0,875.0,875.0,875.0,39.59,79.09,130.58,78.07,812.17,1870.0,1145.16,3500.0,327.33,0.0,1.0,1.0,0.0,22.5,TARGETED_EAST_OCCUPANCY_COOL,35.273
2,Occupancy Concentration,0,495,4950.0,22,2,2,16,2,22.66,6.45,LIGHT,83.0,LOW,RUNNING,21.05,5.05,LIGHT,78.89,LOW,RUNNING,22.93,7.11,LIGHT,84.33,LOW,RUNNING,20.88,5.03,LIGHT,78.64,LOW,RUNNING,18.4,4.38,LIGHT,74.57,LOW,RUNNING,23.97,8.34,LIGHT,87.47,LOW,RUNNING,23.07,6.99,LIGHT,84.32,LOW,RUNNING,21.65,5.19,LIGHT,79.85,LOW,RUNNING,20.13,4.51,LIGHT,76.93,LOW,RUNNING,22.99,6.5,LIGHT,83.49,LOW,RUNNING,28.22,55.0,262.5,0.25,22.0,COOLING,0.25,22.0,COOLING,0.25,22.0,COOLING,0.25,22.0,COOLING,21.291,21.804,25.232,21.806,22.533,25.232,21.291,3.941,324.86,162.04,164.17,160.42,170.0,170.0,1360.0,170.0,247.44,302.05,294.0,302.0,171.94,320.68,-812.81,320.18,875.0,875.0,875.0,875.0,39.24,79.77,130.36,77.6,811.49,1870.0,1145.49,3500.0,326.97,0.0,1.0,1.0,0.0,22.5,TARGETED_EAST_OCCUPANCY_COOL,35.3082
2,Occupancy Concentration,0,496,4960.0,22,2,2,16,2,22.7,6.38,LIGHT,82.94,LOW,RUNNING,20.93,4.93,LIGHT,78.56,LOW,RUNNING,22.77,7.05,LIGHT,84.04,LOW,RUNNING,20.82,5.08,LIGHT,78.65,LOW,RUNNING,18.5,4.5,LIGHT,74.88,LOW,RUNNING,24.14,8.42,LIGHT,87.8,LOW,RUNNING,23.15,6.95,LIGHT,84.36,LOW,RUNNING,21.57,5.07,LIGHT,79.57,LOW,RUNNING,19.96,4.42,LIGHT,76.58,LOW,RUNNING,22.89,6.52,LIGHT,83.39,LOW,RUNNING,28.22,55.0,262.7,0.25,22.0,COOLING,0.25,22.0,COOLING,0.25,22.0,COOLING,0.25,22.0,COOLING,21.292,21.806,25.235,21.808,22.535,25.235,21.292,3.943,324.19,162.68,163.93,159.97,170.0,170.0,1360.0,170.0,247.48,302.13,294.1,302.09,172.19,320.68,-813.05,320.18,875.0,875.0,875.0,875.0,38.86,80.49,129.98,77.24,810.77,1870.0,1145.8,3500.0,326.57,0.0,1.0,1.0,0.0,22.5,TARGETED_EAST_OCCUPANCY_COOL,35.3431
2,Occupancy Concentration,0,497,4970.0,22,2,2,16,2,22.69,6.29,LIGHT,82.8,LOW,RUNNING,20.78,4.81,LIGHT,78.19,LOW,RUNNING,22.61,7.01,LIGHT,83.78,LOW,RUNNING,20.8,5.16,LIGHT,78.74,LOW,RUNNING,18.63,4.62,LIGHT,75.22,LOW,RUNNING,24.3,8.47,LIGHT,88.08,LOW,RUNNING,23.19,6.89,LIGHT,84.32,LOW,RUNNING,21.45,4.95,LIGHT,79.24,LOW,RUNNING,19.79,4.35,LIGHT,76.26,LOW,RUNNING,22.83,6.57,LIGHT,83.39,LOW,RUNNING,28.23,55.0,262.8,0.25,22.0,COOLING,0.25,22.0,COOLING,0.25,22.0,COOLING,0.25,22.0,COOLING,21.293,21.808,25.238,21.81,22.537,25.238,21.293,3.945,323.51,163.3,163.56,159.65,170.0,170.0,1360.0,170.0,247.72,302.37,294.34,302.32,172.44,320.68,-813.3,320.18,875.0,875.0,875.0,875.0,38.67,81.35,129.6,77.15,810.02,1870.0,1146.75,3500.0,326.77,0.0,1.0,1.0,0.0,22.5,TARGETED_EAST_OCCUPANCY_COOL,35.3776
2,Occupancy Concentration,0,498,4980.0,22,2,2,16,2,22.65,6.18,LIGHT,82.58,LOW,RUNNING,20.62,4.71,LIGHT,77.84,LOW,RUNNING,22.49,7.0,LIGHT,83.61,LOW,RUNNING,20.82,5.25,LIGHT,78.9,LOW,RUNNING,18.78,4.73,LIGHT,75.57,LOW,RUNNING,24.44,8.5,LIGHT,88.3,LOW,RUNNING,23.2,6.81,LIGHT,84.22,LOW,RUNNING,21.31,4.83,LIGHT,78.88,LOW,RUNNING,19.64,4.31,LIGHT,76.02,LOW,RUNNING,22.8,6.64,LIGHT,83.46,LOW,RUNNING,28.23,55.0,263.0,0.25,22.0,COOLING,0.25,22.0,COOLING,0.25,22.0,COOLING,0.25,22.0,COOLING,21.294,21.81,25.241,21.812,22.539,25.241,21.294,3.947,322.93,163.87,163.1,159.48,170.0,170.0,1360.0,170.0,247.77,302.45,294.45,302.41,172.7,320.68,-813.56,320.18,875.0,875.0,875.0,875.0,38.4,82.0,128.99,77.07,809.38,1870.0,1147.08,3500.0,326.46,0.0,1.0,1.0,0.0,22.5,TARGETED_EAST_OCCUPANCY_COOL,35.4118
2,Occupancy Concentration,0,499,4990.0,22,2,2,16,2,22.56,6.07,LIGHT,82.31,LOW,RUNNING,20.45,4.62,LIGHT,77.49,LOW,RUNNING,22.39,7.02,LIGHT,83.52,LOW,RUNNING,20.88,5.36,LIGHT,79.14,LOW,RUNNING,18.95,4.83,LIGHT,75.93,LOW,RUNNING,24.56,8.49,LIGHT,88.44,LOW,RUNNING,23.16,6.7,LIGHT,84.0,LOW,RUNNING,21.15,4.72,LIGHT,78.52,LOW,RUNNING,19.51,4.3,LIGHT,75.84,LOW,RUNNING,22.82,6.74,LIGHT,83.64,LOW,RUNNING,28.23,55.0,263.2,0.25,22.0,COOLING,0.25,22.0,COOLING,0.25,22.0,COOLING,0.25,22.0,COOLING,21.295,21.812,25.244,21.814,22.541,25.244,21.295,3.949,322.46,164.37,162.52,159.48,170.0,170.0,1360.0,170.0,247.82,302.53,294.56,302.49,172.94,320.68,-813.8,320.18,875.0,875.0,875.0,875.0,38.22,82.58,128.28,77.15,808.83,1870.0,1147.4,3500.0,326.23,0.0,1.0,1.0,0.0,22.5,TARGETED_EAST_OCCUPANCY_COOL,35.4456
2,Occupancy Concentration,0,500,5000.0,22,2,2,16,2,22.45,5.95,LIGHT,81.99,LOW,RUNNING,20.29,4.55,LIGHT,77.19,LOW,RUNNING,22.32,7.07,LIGHT,83.51,LOW,RUNNING,20.98,5.48,LIGHT,79.44,LOW,RUNNING,19.12,4.91,LIGHT,76.27,LOW,RUNNING,24.64,8.46,LIGHT,88.49,LOW,RUNNING,23.08,6.59,LIGHT,83.73,LOW,RUNNING,20.98,4.63,LIGHT,78.17,LOW,RUNNING,19.4,4.32,LIGHT,75.73,LOW,RUNNING,22.87,6.84,LIGHT,83.85,LOW,RUNNING,28.24,55.0,263.3,0.25,22.0,COOLING,0.25,22.0,COOLING,0.25,22.0,COOLING,0.25,22.0,COOLING,21.296,21.814,25.247,21.816,22.543,25.247,21.296,3.951,322.13,164.76,161.9,159.58,170.0,170.0,1360.0,170.0,248.06,302.76,294.8,302.72,173.19,320.68,-814.05,320.18,875.0,875.0,875.0,875.0,38.38,83.2,127.65,77.48,808.37,1870.0,1148.34,3500.0,326.71,0.0,1.0,1.0,0.0,22.5,TARGETED_EAST_OCCUPANCY_COOL,35.4789
2,Occupancy Concentration,0,501,5010.0,22,2,2,16,2,22.3,5.83,LIGHT,81.62,LOW,RUNNING,20.13,4.51,LIGHT,76.93,LOW,RUNNING,22.3,7.14,LIGHT,83.58,LOW,RUNNING,21.11,5.6,LIGHT,79.79,LOW,RUNNING,19.28,4.97,LIGHT,76.55,LOW,RUNNING,24.69,8.4,LIGHT,88.46,LOW,RUNNING,22.97,6.47,LIGHT,83.42,LOW,RUNNING,20.82,4.56,LIGHT,77.87,LOW,RUNNING,19.33,4.36,LIGHT,75.7,LOW,RUNNING,22.96,6.96,LIGHT,84.14,LOW,RUNNING,28.24,55.0,263.5,0.25,22.0,COOLING,0.25,22.0,COOLING,0.25,22.0,COOLING,0.25,22.0,COOLING,21.297,21.816,25.25,21.818,22.545,25.25,21.297,3.953,321.92,165.01,161.29,159.84,170.0,170.0,1360.0,170.0,248.11,302.85,294.91,302.81,173.45,320.68,-814.31,320.18,875.0,875.0,875.0,875.0,38.48,83.54,126.89,77.83,808.06,1870.0,1148.68,3500.0,326.74,0.0,1.0,1.0,0.0,22.5,TARGETED_EAST_OCCUPANCY_COOL,35.5121
2,Occupancy Concentration,0,502,5020.0,22,2,2,16,2,22.14,5.72,LIGHT,81.25,LOW,RUNNING,20.0,4.5,LIGHT,76.75,LOW,RUNNING,22.32,7.24,LIGHT,83.76,LOW,RUNNING,21.26,5.72,LIGHT,80.16,LOW,RUNNING,19.42,5.0,LIGHT,76.78,LOW,RUNNING,24.7,8.32,LIGHT,88.36,LOW,RUNNING,22.83,6.35,LIGHT,83.06,LOW,RUNNING,20.66,4.52,LIGHT,77.61,LOW,RUNNING,19.3,4.43,LIGHT,75.77,LOW,RUNNING,23.09,7.08,LIGHT,84.48,LOW,RUNNING,28.24,55.0,263.7,0.25,22.0,COOLING,0.25,22.0,COOLING,0.25,22.0,COOLING,0.25,22.0,COOLING,21.298,21.818,25.253,21.82,22.547,25.253,21.298,3.955,321.92,165.14,160.67,160.25,170.0,170.0,1360.0,170.0,248.16,302.93,295.02,302.88,173.69,320.68,-814.55,320.18,875.0,875.0,875.0,875.0,38.77,83.75,126.14,78.31,807.98,1870.0,1148.99,3500.0,326.97,0.0,1.0,1.0,0.0,22.5,TARGETED_EAST_OCCUPANCY_COOL,35.545
2,Occupancy Concentration,0,503,5030.0,22,2,2,16,2,21.98,5.63,LIGHT,80.92,LOW,RUNNING,19.9,4.52,LIGHT,76.66,LOW,RUNNING,22.37,7.35,LIGHT,83.99,LOW,RUNNING,21.42,5.82,LIGHT,80.51,LOW,RUNNING,19.54,5.0,LIGHT,76.92,LOW,RUNNING,24.66,8.22,LIGHT,88.16,LOW,RUNNING,22.67,6.24,LIGHT,82.7,LOW,RUNNING,20.52,4.5,LIGHT,77.4,LOW,RUNNING,19.31,4.52,LIGHT,75.92,LOW,RUNNING,23.23,7.2,LIGHT,84.84,LOW,RUNNING,28.25,55.0,263.8,0.25,22.0,COOLING,0.25,22.0,COOLING,0.25,22.0,COOLING,0.25,22.0,COOLING,21.299,21.82,25.256,21.822,22.549,25.256,21.299,3.957,322.08,165.08,160.1,160.76,170.0,170.0,1360.0,170.0,248.39,303.17,295.26,303.13,173.95,320.68,-814.8,320.18,875.0,875.0,875.0,875.0,39.42,83.93,125.56,79.07,808.02,1870.0,1149.95,3500.0,327.98,0.0,1.0,1.0,0.0,22.5,TARGETED_EAST_OCCUPANCY_COOL,35.5776
2,Occupancy Concentration,0,504,5040.0,22,2,2,16,2,21.81,5.56,LIGHT,80.6,LOW,RUNNING,19.83,4.56,LIGHT,76.63,LOW,RUNNING,22.47,7.47,LIGHT,84.29,LOW,RUNNING,21.59,5.9,LIGHT,80.84,LOW,RUNNING,19.63,4.97,LIGHT,76.99,LOW,RUNNING,24.59,8.1,LIGHT,87.89,LOW,RUNNING,22.51,6.14,LIGHT,82.35,LOW,RUNNING,20.41,4.51,LIGHT,77.28,LOW,RUNNING,19.36,4.63,LIGHT,76.15,LOW,RUNNING,23.4,7.3,LIGHT,85.2,LOW,RUNNING,28.25,55.0,264.0,0.25,22.0,COOLING,0.25,22.0,COOLING,0.25,22.0,COOLING,0.25,22.0,COOLING,21.3,21.822,25.259,21.824,22.551,25.259,21.3,3.959,322.36,164.88,159.63,161.35,170.0,170.0,1360.0,170.0,248.45,303.25,295.37,303.2,174.2,320.68,-815.06,320.18,875.0,875.0,875.0,875.0,40.01,83.81,124.94,79.73,808.22,1870.0,1150.27,3500.0,328.49,0.0,1.0,1.0,0.0,22.5,TARGETED_EAST_OCCUPANCY_COOL,35.6103
2,Occupancy Concentration,0,505,5050.0,22,2,2,16,2,21.65,5.52,LIGHT,80.34,LOW,RUNNING,19.8,4.63,LIGHT,76.69,LOW,RUNNING,22.59,7.59,LIGHT,84.62,LOW,RUNNING,21.76,5.96,LIGHT,81.14,LOW,RUNNING,19.69,4.91,LIGHT,76.98,LOW,RUNNING,24.49,7.98,LIGHT,87.58,LOW,RUNNING,22.34,6.07,LIGHT,82.03,LOW,RUNNING,20.34,4.55,LIGHT,77.25,LOW,RUNNING,19.45,4.75,LIGHT,76.44,LOW,RUNNING,23.56,7.39,LIGHT,85.53,LOW,RUNNING,28.25,55.0,264.2,0.25,22.0,COOLING,0.25,22.0,COOLING,0.25,22.0,COOLING,0.25,22.0,COOLING,21.301,21.824,25.262,21.826,22.553,25.262,21.301,3.961,322.79,164.56,159.28,161.97,170.0,170.0,1360.0,170.0,248.5,303.32,295.48,303.28,174.44,320.68,-815.3,320.18,875.0,875.0,875.0,875.0,40.73,83.56,124.46,80.43,808.6,1870.0,1150.58,3500.0,329.18,0.0,1.0,1.0,0.0,22.5,TARGETED_EAST_OCCUPANCY_COOL,35.6431
2,Occupancy Concentration,0,506,5060.0,22,2,2,16,2,21.52,5.5,LIGHT,80.15,LOW,RUNNING,19.81,4.72,LIGHT,76.84,LOW,RUNNING,22.74,7.7,LIGHT,84.97,LOW,RUNNING,21.9,5.99,LIGHT,81.36,LOW,RUNNING,19.7,4.83,LIGHT,76.87,LOW,RUNNING,24.35,7.86,LIGHT,87.23,LOW,RUNNING,22.18,6.02,LIGHT,81.75,LOW,RUNNING,20.3,4.62,LIGHT,77.31,LOW,RUNNING,19.57,4.87,LIGHT,76.77,LOW,RUNNING,23.73,7.45,LIGHT,85.84,LOW,RUNNING,28.26,55.0,264.3,0.25,22.0,COOLING,0.25,22.0,COOLING,0.25,22.0,COOLING,0.25,22.0,COOLING,21.302,21.826,25.265,21.828,22.555,25.265,21.302,3.963,323.32,164.1,159.06,162.61,170.0,170.0,1360.0,170.0,248.73,303.56,295.72,303.52,174.7,320.68,-815.55,320.18,875.0,875.0,875.0,875.0,41.75,83.34,124.23,81.31,809.09,1870.0,1151.53,3500.0,330.63,0.0,1.0,1.0,0.0,22.5,TARGETED_EAST_OCCUPANCY_COOL,35.676
2,Occupancy Concentration,0,507,5070.0,22,2,2,16,2,21.41,5.51,LIGHT,80.03,LOW,RUNNING,19.86,4.83,LIGHT,77.07,LOW,RUNNING,22.9,7.81,LIGHT,85.34,LOW,RUNNING,22.03,6.0,LIGHT,81.54,LOW,RUNNING,19.67,4.73,LIGHT,76.68,LOW,RUNNING,24.2,7.75,LIGHT,86.88,LOW,RUNNING,22.04,6.0,LIGHT,81.55,LOW,RUNNING,20.31,4.71,LIGHT,77.45,LOW,RUNNING,19.71,4.98,LIGHT,77.11,LOW,RUNNING,23.88,7.49,LIGHT,86.08,LOW,RUNNING,28.26,55.0,264.5,0.25,22.0,COOLING,0.25,22.0,COOLING,0.25,22.0,COOLING,0.25,22.0,COOLING,21.303,21.828,25.268,21.83,22.557,25.268,21.303,3.965,323.98,163.56,159.0,163.19,170.0,170.0,1360.0,170.0,248.79,303.64,295.83,303.6,174.95,320.68,-815.81,320.18,875.0,875.0,875.0,875.0,42.72,82.88,124.02,81.97,809.73,1870.0,1151.86,3500.0,331.59,0.0,1.0,1.0,0.0,22.5,TARGETED_EAST_OCCUPANCY_COOL,35.7093
2,Occupancy Concentration,0,508,5080.0,22,2,2,16,2,21.34,5.55,LIGHT,80.0,LOW,RUNNING,19.95,4.95,LIGHT,77.36,LOW,RUNNING,23.07,7.89,LIGHT,85.67,LOW,RUNNING,22.12,5.97,LIGHT,81.61,LOW,RUNNING,19.6,4.62,LIGHT,76.43,LOW,RUNNING,24.03,7.66,LIGHT,86.53,LOW,RUNNING,21.93,6.01,LIGHT,81.43,LOW,RUNNING,20.35,4.81,LIGHT,77.65,LOW,RUNNING,19.87,5.09,LIGHT,77.47,LOW,RUNNING,24.01,7.5,LIGHT,86.26,LOW,RUNNING,28.26,55.0,264.7,0.25,22.0,COOLING,0.25,22.0,COOLING,0.25,22.0,COOLING,0.25,22.0,COOLING,21.304,21.83,25.271,21.832,22.559,25.271,21.304,3.967,324.64,162.96,159.08,163.73,170.0,170.0,1360.0,170.0,248.84,303.73,295.94,303.69,175.19,320.68,-816.06,320.18,875.0,875.0,875.0,875.0,43.67,82.37,123.96,82.6,810.41,1870.0,1152.2,3500.0,332.6,0.0,1.0,1.0,0.0,22.5,TARGETED_EAST_OCCUPANCY_COOL,35.7433
2,Occupancy Concentration,0,509,5090.0,22,2,2,16,2,21.3,5.62,LIGHT,80.06,LOW,RUNNING,20.07,5.07,LIGHT,77.69,LOW,RUNNING,23.23,7.95,LIGHT,85.96,LOW,RUNNING,22.18,5.92,LIGHT,81.6,LOW,RUNNING,19.5,4.5,LIGHT,76.12,LOW,RUNNING,23.86,7.58,LIGHT,86.2,LOW,RUNNING,21.85,6.05,LIGHT,81.39,LOW,RUNNING,20.43,4.93,LIGHT,77.93,LOW,RUNNING,20.04,5.18,LIGHT,77.82,LOW,RUNNING,24.11,7.48,LIGHT,86.36,LOW,RUNNING,28.27,55.0,264.8,0.25,22.0,COOLING,0.25,22.0,COOLING,0.25,22.0,COOLING,0.25,22.0,COOLING,21.305,21.832,25.274,21.834,22.561,25.274,21.305,3.969,325.31,162.32,159.32,164.18,170.0,170.0,1360.0,170.0,249.07,303.96,296.18,303.92,175.45,320.68,-816.31,320.18,875.0,875.0,875.0,875.0,44.83,81.96,124.19,83.28,811.13,1870.0,1153.13,3500.0,334.26,0.0,1.0,1.0,0.0,22.5,TARGETED_EAST_OCCUPANCY_COOL,35.7777
2,Occupancy Concentration,0,510,5100.0,22,2,2,16,2,21.31,5.71,LIGHT,80.2,LOW,RUNNING,20.22,5.19,LIGHT,78.06,LOW,RUNNING,23.39,7.99,LIGHT,86.22,LOW,RUNNING,22.2,5.84,LIGHT,81.51,LOW,RUNNING,19.37,4.38,LIGHT,75.78,LOW,RUNNING,23.7,7.53,LIGHT,85.92,LOW,RUNNING,21.81,6.11,LIGHT,81.43,LOW,RUNNING,20.55,5.05,LIGHT,78.26,LOW,RUNNING,20.21,5.25,LIGHT,78.14,LOW,RUNNING,24.17,7.43,LIGHT,86.36,LOW,RUNNING,28.27,55.0,265.0,0.25,22.0,COOLING,0.25,22.0,COOLING,0.25,22.0,COOLING,0.25,22.0,COOLING,21.306,21.834,25.277,21.836,22.563,25.277,21.306,3.971,325.99,161.7,159.69,164.5,170.0,170.0,1360.0,170.0,249.13,304.04,296.28,303.99,175.7,320.68,-816.56,320.18,875.0,875.0,875.0,875.0,45.82,81.42,124.41,83.67,811.88,1870.0,1153.44,3500.0,335.32,0.0,1.0,1.0,0.0,22.5,TARGETED_EAST_OCCUPANCY_COOL,35.8128
2,Occupancy Concentration,0,511,5110.0,22,2,2,16,2,21.35,5.82,LIGHT,80.42,LOW,RUNNING,20.38,5.29,LIGHT,78.41,LOW,RUNNING,23.51,8.0,LIGHT,86.39,LOW,RUNNING,22.18,5.75,LIGHT,81.35,LOW,RUNNING,19.22,4.27,LIGHT,75.43,LOW,RUNNING,23.56,7.5,LIGHT,85.7,LOW,RUNNING,21.8,6.19,LIGHT,81.53,LOW,RUNNING,20.69,5.17,LIGHT,78.62,LOW,RUNNING,20.36,5.29,LIGHT,78.39,LOW,RUNNING,24.2,7.36,LIGHT,86.29,LOW,RUNNING,28.27,55.0,265.2,0.25,22.0,COOLING,0.25,22.0,COOLING,0.25,22.0,COOLING,0.25,22.0,COOLING,21.307,21.836,25.28,21.838,22.565,25.28,21.307,3.973,326.57,161.13,160.15,164.68,170.0,170.0,1360.0,170.0,249.18,304.12,296.4,304.08,175.94,320.68,-816.81,320.18,875.0,875.0,875.0,875.0,46.69,80.93,124.74,83.94,812.53,1870.0,1153.78,3500.0,336.3,0.0,1.0,1.0,0.0,22.5,TARGETED_EAST_OCCUPANCY_COOL,35.8486
2,Occupancy Concentration,0,512,5120.0,22,2,2,16,2,21.44,5.93,LIGHT,80.69,LOW,RUNNING,20.55,5.38,LIGHT,78.76,LOW,RUNNING,23.61,7.98,LIGHT,86.48,LOW,RUNNING,22.12,5.64,LIGHT,81.11,LOW,RUNNING,19.05,4.17,LIGHT,75.07,LOW,RUNNING,23.44,7.51,LIGHT,85.57,LOW,RUNNING,21.84,6.3,LIGHT,81.75,LOW,RUNNING,20.85,5.28,LIGHT,78.98,LOW,RUNNING,20.49,5.3,LIGHT,78.56,LOW,RUNNING,24.18,7.26,LIGHT,86.11,LOW,RUNNING,28.28,55.0,265.3,0.25,22.0,COOLING,0.25,22.0,COOLING,0.25,22.0,COOLING,0.25,22.0,COOLING,21.308,21.838,25.283,21.84,22.567,25.283,21.308,3.975,327.04,160.64,160.73,164.67,170.0,170.0,1360.0,170.0,249.41,304.36,296.64,304.31,176.2,320.68,-817.06,320.18,875.0,875.0,875.0,875.0,47.65,80.68,125.31,84.16,813.08,1870.0,1154.72,3500.0,337.8,0.0,1.0,1.0,0.0,22.5,TARGETED_EAST_OCCUPANCY_COOL,35.8851
2,Occupancy Concentration,0,513,5130.0,22,2,2,16,2,21.55,6.05,LIGHT,81.01,LOW,RUNNING,20.71,5.45,LIGHT,79.06,LOW,RUNNING,23.68,7.93,LIGHT,86.49,LOW,RUNNING,22.02,5.52,LIGHT,80.81,LOW,RUNNING,18.88,4.09,LIGHT,74.73,LOW,RUNNING,23.36,7.54,LIGHT,85.51,LOW,RUNNING,21.92,6.41,LIGHT,82.02,LOW,RUNNING,21.02,5.37,LIGHT,79.33,LOW,RUNNING,20.6,5.28,LIGHT,78.67,LOW,RUNNING,24.13,7.16,LIGHT,85.9,LOW,RUNNING,28.28,55.0,265.5,0.25,22.0,COOLING,0.25,22.0,COOLING,0.25,22.0,COOLING,0.25,22.0,COOLING,21.309,21.84,25.286,21.842,22.569,25.286,21.309,3.977,327.37,160.24,161.35,164.57,170.0,170.0,1360.0,170.0,249.46,304.44,296.75,304.4,176.45,320.68,-817.31,320.18,875.0,875.0,875.0,875.0,48.28,80.36,125.79,84.15,813.53,1870.0,1155.05,3500.0,338.58,0.0,1.0,1.0,0.0,22.5,TARGETED_EAST_OCCUPANCY_COOL,35.9222
2,Occupancy Concentration,0,514,5140.0,22,2,2,16,2,21.7,6.17,LIGHT,81.38,LOW,RUNNING,20.87,5.49,LIGHT,79.32,LOW,RUNNING,23.7,7.86,LIGHT,86.42,LOW,RUNNING,21.89,5.4,LIGHT,80.46,LOW,RUNNING,18.72,4.03,LIGHT,74.45,LOW,RUNNING,23.31,7.6,LIGHT,85.54,LOW,RUNNING,22.03,6.53,LIGHT,82.33,LOW,RUNNING,21.18,5.44,LIGHT,79.63,LOW,RUNNING,20.67,5.24,LIGHT,78.7,LOW,RUNNING,24.04,7.04,LIGHT,85.61,LOW,RUNNING,28.28,55.0,265.7,0.25,22.0,COOLING,0.25,22.0,COOLING,0.25,22.0,COOLING,0.25,22.0,COOLING,21.31,21.842,25.289,21.844,22.571,25.289,21.31,3.979,327.58,159.99,161.96,164.31,170.0,170.0,1360.0,170.0,249.52,304.52,296.86,304.48,176.69,320.68,-817.56,320.18,875.0,875.0,875.0,875.0,48.79,80.19,126.26,83.97,813.84,1870.0,1155.38,3500.0,339.21,0.0,1.0,1.0,0.0,22.5,TARGETED_EAST_OCCUPANCY_COOL,35.9599
2,Occupancy Concentration,0,515,5150.0,22,2,2,16,2,21.86,6.28,LIGHT,81.75,LOW,RUNNING,21.0,5.5,LIGHT,79.5,LOW,RUNNING,23.68,7.76,LIGHT,86.24,LOW,RUNNING,21.74,5.28,LIGHT,80.09,LOW,RUNNING,18.58,4.0,LIGHT,74.22,LOW,RUNNING,23.3,7.68,LIGHT,85.64,LOW,RUNNING,22.17,6.65,LIGHT,82.69,LOW,RUNNING,21.34,5.48,LIGHT,79.89,LOW,RUNNING,20.7,5.17,LIGHT,78.63,LOW,RUNNING,23.91,6.92,LIGHT,85.27,LOW,RUNNING,28.29,55.0,265.8,0.25,22.0,COOLING,0.25,22.0,COOLING,0.25,22.0,COOLING,0.25,22.0,COOLING,21.311,21.844,25.292,21.846,22.573,25.292,21.311,3.981,327.58,159.86,162.58,163.9,170.0,170.0,1360.0,170.0,249.74,304.75,297.09,304.71,176.95,320.68,-817.81,320.18,875.0,875.0,875.0,875.0,49.27,80.29,126.86,83.79,813.92,1870.0,1156.29,3500.0,340.21,0.0,1.0,1.0,0.0,22.5,TARGETED_EAST_OCCUPANCY_COOL,35.9981
2,Occupancy Concentration,0,516,5160.0,22,2,2,16,2,22.02,6.37,LIGHT,82.08,LOW,RUNNING,21.1,5.48,LIGHT,79.59,LOW,RUNNING,23.63,7.65,LIGHT,86.01,LOW,RUNNING,21.58,5.18,LIGHT,79.74,LOW,RUNNING,18.46,4.0,LIGHT,74.08,LOW,RUNNING,23.34,7.78,LIGHT,85.84,LOW,RUNNING,22.33,6.76,LIGHT,83.05,LOW,RUNNING,21.48,5.5,LIGHT,80.1,LOW,RUNNING,20.69,5.08,LIGHT,78.48,LOW,RUNNING,23.77,6.8,LIGHT,84.91,LOW,RUNNING,28.29,55.0,266.0,0.25,22.0,COOLING,0.25,22.0,COOLING,0.25,22.0,COOLING,0.25,22.0,COOLING,21.312,21.846,25.295,21.848,22.575,25.295,21.312,3.983,327.42,159.92,163.15,163.39,170.0,170.0,1360.0,170.0,249.8,304.84,297.21,304.8,177.2,320.68,-818.06,320.18,875.0,875.0,875.0,875.0,49.42,80.44,127.3,83.37,813.88,1870.0,1156.65,3500.0,340.53,0.0,1.0,1.0,0.0,22.5,TARGETED_EAST_OCCUPANCY_COOL,36.0369
2,Occupancy Concentration,0,517,5170.0,22,2,2,16,2,22.19,6.44,LIGHT,82.4,LOW,RUNNING,21.17,5.44,LIGHT,79.62,LOW,RUNNING,23.53,7.53,LIGHT,85.71,LOW,RUNNING,21.41,5.1,LIGHT,79.41,LOW,RUNNING,18.37,4.03,LIGHT,74.01,LOW,RUNNING,23.41,7.9,LIGHT,86.11,LOW,RUNNING,22.49,6.86,LIGHT,83.4,LOW,RUNNING,21.59,5.49,LIGHT,80.22,LOW,RUNNING,20.64,4.97,LIGHT,78.25,LOW,RUNNING,23.6,6.7,LIGHT,84.55,LOW,RUNNING,28.3,55.0,266.2,0.25,22.0,COOLING,0.25,22.0,COOLING,0.25,22.0,COOLING,0.25,22.0,COOLING,21.313,21.848,25.298,21.85,22.577,25.298,21.313,3.985,327.14,160.12,163.62,162.8,170.0,170.0,1360.0,170.0,250.07,305.14,297.53,305.1,177.44,320.68,-818.31,320.18,875.0,875.0,875.0,875.0,49.65,80.94,127.84,83.08,813.68,1870.0,1157.84,3500.0,341.51,0.0,1.0,1.0,0.0,22.5,TARGETED_EAST_OCCUPANCY_COOL,36.076
2,Occupancy Concentration,0,518,5180.0,22,2,2,16,2,22.35,6.48,LIGHT,82.66,LOW,RUNNING,21.2,5.37,LIGHT,79.56,LOW,RUNNING,23.41,7.41,LIGHT,85.38,LOW,RUNNING,21.24,5.04,LIGHT,79.11,LOW,RUNNING,18.31,4.09,LIGHT,74.02,LOW,RUNNING,23.51,8.02,LIGHT,86.42,LOW,RUNNING,22.66,6.93,LIGHT,83.72,LOW,RUNNING,21.66,5.45,LIGHT,80.25,LOW,RUNNING,20.55,4.85,LIGHT,77.96,LOW,RUNNING,23.44,6.61,LIGHT,84.22,LOW,RUNNING,28.3,55.0,266.3,0.25,22.0,COOLING,0.25,22.0,COOLING,0.25,22.0,COOLING,0.25,22.0,COOLING,21.314,21.85,25.301,21.852,22.579,25.301,21.314,3.987,326.71,160.44,163.97,162.18,170.0,170.0,1360.0,170.0,250.08,305.16,297.55,305.11,177.7,320.68,-818.55,320.18,875.0,875.0,875.0,875.0,49.49,81.28,127.97,82.47,813.3,1870.0,1157.9,3500.0,341.21,0.0,1.0,1.0,0.0,22.5,TARGETED_EAST_OCCUPANCY_COOL,36.1151
2,Occupancy Concentration,0,519,5190.0,22,2,2,16,2,22.48,6.5,LIGHT,82.85,LOW,RUNNING,21.19,5.28,LIGHT,79.41,LOW,RUNNING,23.26,7.3,LIGHT,85.03,LOW,RUNNING,21.1,5.01,LIGHT,78.89,LOW,RUNNING,18.3,4.17,LIGHT,74.13,LOW,RUNNING,23.65,8.14,LIGHT,86.77,LOW,RUNNING,22.82,6.98,LIGHT,84.0,LOW,RUNNING,21.7,5.38,LIGHT,80.19,LOW,RUNNING,20.43,4.73,LIGHT,77.63,LOW,RUNNING,23.27,6.55,LIGHT,83.91,LOW,RUNNING,28.3,55.0,266.5,0.25,22.0,COOLING,0.25,22.0,COOLING,0.25,22.0,COOLING,0.25,22.0,COOLING,21.315,21.852,25.304,21.854,22.581,25.304,21.315,3.989,326.18,160.9,164.19,161.54,170.0,170.0,1360.0,170.0,250.14,305.23,297.67,305.19,177.95,320.68,-818.8,320.18,875.0,875.0,875.0,875.0,49.27,81.81,128.06,81.91,812.81,1870.0,1158.23,3500.0,341.05,0.0,1.0,1.0,0.0,22.5,TARGETED_EAST_OCCUPANCY_COOL,36.1544
2,Occupancy Concentration,0,520,5200.0,22,2,2,16,2,22.59,6.49,LIGHT,82.97,LOW,RUNNING,21.14,5.17,LIGHT,79.18,LOW,RUNNING,23.1,7.19,LIGHT,84.66,LOW,RUNNING,20.97,5.0,LIGHT,78.71,LOW,RUNNING,18.33,4.27,LIGHT,74.32,LOW,RUNNING,23.8,8.25,LIGHT,87.12,LOW,RUNNING,22.96,7.0,LIGHT,84.2,LOW,RUNNING,21.69,5.29,LIGHT,80.05,LOW,RUNNING,20.29,4.62,LIGHT,77.29,LOW,RUNNING,23.12,6.51,LIGHT,83.67,LOW,RUNNING,28.31,55.0,266.7,0.25,22.0,COOLING,0.25,22.0,COOLING,0.25,22.0,COOLING,0.25,22.0,COOLING,21.316,21.854,25.307,21.856,22.583,25.307,21.316,3.991,325.52,161.44,164.25,160.96,170.0,170.0,1360.0,170.0,250.4,305.54,297.99,305.49,178.19,320.68,-819.05,320.18,875.0,875.0,875.0,875.0,49.11,82.66,128.19,81.63,812.17,1870.0,1159.42,3500.0,341.59,0.0,1.0,1.0,0.0,22.5,TARGETED_EAST_OCCUPANCY_COOL,36.1939
2,Occupancy Concentration,0,521,5210.0,22,2,2,16,2,22.66,6.45,LIGHT,83.0,LOW,RUNNING,21.05,5.05,LIGHT,78.89,LOW,RUNNING,22.93,7.11,LIGHT,84.33,LOW,RUNNING,20.88,5.03,LIGHT,78.64,LOW,RUNNING,18.4,4.38,LIGHT,74.57,LOW,RUNNING,23.97,8.34,LIGHT,87.47,LOW,RUNNING,23.07,6.99,LIGHT,84.32,LOW,RUNNING,21.65,5.19,LIGHT,79.85,LOW,RUNNING,20.13,4.51,LIGHT,76.93,LOW,RUNNING,22.99,6.5,LIGHT,83.49,LOW,RUNNING,28.31,55.0,266.8,0.25,22.0,COOLING,0.25,22.0,COOLING,0.25,22.0,COOLING,0.25,22.0,COOLING,21.317,21.856,25.31,21.858,22.585,25.31,21.317,3.993,324.86,162.04,164.17,160.42,170.0,170.0,1360.0,170.0,250.42,305.55,298.01,305.51,178.45,320.68,-819.3,320.18,875.0,875.0,875.0,875.0,48.73,83.27,127.88,81.11,811.49,1870.0,1159.49,3500.0,340.99,0.0,1.0,1.0,0.0,22.5,TARGETED_EAST_OCCUPANCY_COOL,36.233
2,Occupancy Concentration,0,522,5220.0,22,2,2,16,2,22.7,6.38,LIGHT,82.94,LOW,RUNNING,20.93,4.93,LIGHT,78.56,LOW,RUNNING,22.77,7.05,LIGHT,84.04,LOW,RUNNING,20.82,5.08,LIGHT,78.65,LOW,RUNNING,18.5,4.5,LIGHT,74.88,LOW,RUNNING,24.14,8.42,LIGHT,87.8,LOW,RUNNING,23.15,6.95,LIGHT,84.36,LOW,RUNNING,21.57,5.07,LIGHT,79.57,LOW,RUNNING,19.96,4.42,LIGHT,76.58,LOW,RUNNING,22.89,6.52,LIGHT,83.39,LOW,RUNNING,28.31,55.0,267.0,0.25,22.0,COOLING,0.25,22.0,COOLING,0.25,22.0,COOLING,0.25,22.0,COOLING,21.318,21.858,25.313,21.86,22.587,25.313,21.318,3.995,324.19,162.68,163.93,159.97,170.0,170.0,1360.0,170.0,250.47,305.64,298.12,305.6,178.7,320.68,-819.55,320.18,875.0,875.0,875.0,875.0,48.36,84.0,127.5,80.75,810.77,1870.0,1159.83,3500.0,340.61,0.0,1.0,1.0,0.0,22.5,TARGETED_EAST_OCCUPANCY_COOL,36.2721
2,Occupancy Concentration,0,523,5230.0,22,2,2,16,2,22.69,6.29,LIGHT,82.8,LOW,RUNNING,20.78,4.81,LIGHT,78.19,LOW,RUNNING,22.61,7.01,LIGHT,83.78,LOW,RUNNING,20.8,5.16,LIGHT,78.74,LOW,RUNNING,18.63,4.62,LIGHT,75.22,LOW,RUNNING,24.3,8.47,LIGHT,88.08,LOW,RUNNING,23.19,6.89,LIGHT,84.32,LOW,RUNNING,21.45,4.95,LIGHT,79.24,LOW,RUNNING,19.79,4.35,LIGHT,76.26,LOW,RUNNING,22.83,6.57,LIGHT,83.39,LOW,RUNNING,28.32,55.0,267.2,0.25,22.0,COOLING,0.25,22.0,COOLING,0.25,22.0,COOLING,0.25,22.0,COOLING,21.319,21.86,25.316,21.862,22.589,25.316,21.319,3.997,323.51,163.3,163.56,159.65,170.0,170.0,1360.0,170.0,250.74,305.93,298.45,305.89,178.94,320.68,-819.8,320.18,875.0,875.0,875.0,875.0,48.19,84.91,127.21,80.72,810.02,1870.0,1161.01,3500.0,341.03,0.0,1.0,1.0,0.0,22.5,TARGETED_EAST_OCCUPANCY_COOL,36.3111
2,Occupancy Concentration,0,524,5240.0,22,2,2,16,2,22.65,6.18,LIGHT,82.58,LOW,RUNNING,20.62,4.71,LIGHT,77.84,LOW,RUNNING,22.49,7.0,LIGHT,83.61,LOW,RUNNING,20.82,5.25,LIGHT,78.9,LOW,RUNNING,18.78,4.73,LIGHT,75.57,LOW,RUNNING,24.44,8.5,LIGHT,88.3,LOW,RUNNING,23.2,6.81,LIGHT,84.22,LOW,RUNNING,21.31,4.83,LIGHT,78.88,LOW,RUNNING,19.64,4.31,LIGHT,76.02,LOW,RUNNING,22.8,6.64,LIGHT,83.46,LOW,RUNNING,28.32,55.0,267.3,0.25,22.0,COOLING,0.25,22.0,COOLING,0.25,22.0,COOLING,0.25,22.0,COOLING,21.32,21.862,25.319,21.864,22.591,25.319,21.32,3.999,322.93,163.87,163.1,159.48,170.0,170.0,1360.0,170.0,250.76,305.95,298.48,305.91,179.19,320.68,-820.06,320.18,875.0,875.0,875.0,875.0,47.88,85.5,126.52,80.57,809.38,1870.0,1161.1,3500.0,340.47,0.0,1.0,1.0,0.0,22.5,TARGETED_EAST_OCCUPANCY_COOL,36.3497
2,Occupancy Concentration,0,525,5250.0,22,2,2,16,2,22.56,6.07,LIGHT,82.31,LOW,RUNNING,20.45,4.62,LIGHT,77.49,LOW,RUNNING,22.39,7.02,LIGHT,83.52,LOW,RUNNING,20.88,5.36,LIGHT,79.14,LOW,RUNNING,18.95,4.83,LIGHT,75.93,LOW,RUNNING,24.56,8.49,LIGHT,88.44,LOW,RUNNING,23.16,6.7,LIGHT,84.0,LOW,RUNNING,21.15,4.72,LIGHT,78.52,LOW,RUNNING,19.51,4.3,LIGHT,75.84,LOW,RUNNING,22.82,6.74,LIGHT,83.64,LOW,RUNNING,28.32,55.0,267.5,0.25,22.0,COOLING,0.25,22.0,COOLING,0.25,22.0,COOLING,0.25,22.0,COOLING,21.321,21.864,25.322,21.866,22.593,25.322,21.321,4.001,322.46,164.37,162.52,159.48,170.0,170.0,1360.0,170.0,250.81,306.04,298.58,305.99,179.44,320.68,-820.3,320.18,875.0,875.0,875.0,875.0,47.71,86.09,125.8,80.65,808.83,1870.0,1161.42,3500.0,340.25,0.0,1.0,1.0,0.0,22.5,TARGETED_EAST_OCCUPANCY_COOL,36.3882
2,Occupancy Concentration,0,526,5260.0,22,2,2,16,2,22.45,5.95,LIGHT,81.99,LOW,RUNNING,20.29,4.55,LIGHT,77.19,LOW,RUNNING,22.32,7.07,LIGHT,83.51,LOW,RUNNING,20.98,5.48,LIGHT,79.44,LOW,RUNNING,19.12,4.91,LIGHT,76.27,LOW,RUNNING,24.64,8.46,LIGHT,88.49,LOW,RUNNING,23.08,6.59,LIGHT,83.73,LOW,RUNNING,20.98,4.63,LIGHT,78.17,LOW,RUNNING,19.4,4.32,LIGHT,75.73,LOW,RUNNING,22.87,6.84,LIGHT,83.85,LOW,RUNNING,28.33,55.0,267.7,0.25,22.0,COOLING,0.25,22.0,COOLING,0.25,22.0,COOLING,0.25,22.0,COOLING,21.322,21.866,25.325,21.868,22.595,25.325,21.322,4.003,322.13,164.76,161.9,159.58,170.0,170.0,1360.0,170.0,251.08,306.33,298.91,306.29,179.69,320.68,-820.55,320.18,875.0,875.0,875.0,875.0,47.9,86.77,125.26,81.05,808.37,1870.0,1162.61,3500.0,340.98,0.0,1.0,1.0,0.0,22.5,TARGETED_EAST_OCCUPANCY_COOL,36.4265
2,Occupancy Concentration,0,527,5270.0,22,2,2,16,2,22.3,5.83,LIGHT,81.62,LOW,RUNNING,20.13,4.51,LIGHT,76.93,LOW,RUNNING,22.3,7.14,LIGHT,83.58,LOW,RUNNING,21.11,5.6,LIGHT,79.79,LOW,RUNNING,19.28,4.97,LIGHT,76.55,LOW,RUNNING,24.69,8.4,LIGHT,88.46,LOW,RUNNING,22.97,6.47,LIGHT,83.42,LOW,RUNNING,20.82,4.56,LIGHT,77.87,LOW,RUNNING,19.33,4.36,LIGHT,75.7,LOW,RUNNING,22.96,6.96,LIGHT,84.14,LOW,RUNNING,28.33,55.0,267.8,0.25,22.0,COOLING,0.25,22.0,COOLING,0.25,22.0,COOLING,0.25,22.0,COOLING,21.323,21.868,25.328,21.87,22.597,25.328,21.323,4.005,321.92,165.01,161.29,159.84,170.0,170.0,1360.0,170.0,251.09,306.36,298.93,306.31,179.94,320.68,-820.8,320.18,875.0,875.0,875.0,875.0,47.95,87.05,124.42,81.33,808.06,1870.0,1162.69,3500.0,340.75,0.0,1.0,1.0,0.0,22.5,TARGETED_EAST_OCCUPANCY_COOL,36.4646
2,Occupancy Concentration,0,528,5280.0,22,2,2,16,2,22.14,5.72,LIGHT,81.25,LOW,RUNNING,20.0,4.5,LIGHT,76.75,LOW,RUNNING,22.32,7.24,LIGHT,83.76,LOW,RUNNING,21.26,5.72,LIGHT,80.16,LOW,RUNNING,19.42,5.0,LIGHT,76.78,LOW,RUNNING,24.7,8.32,LIGHT,88.36,LOW,RUNNING,22.83,6.35,LIGHT,83.06,LOW,RUNNING,20.66,4.52,LIGHT,77.61,LOW,RUNNING,19.3,4.43,LIGHT,75.77,LOW,RUNNING,23.09,7.08,LIGHT,84.48,LOW,RUNNING,28.33,55.0,268.0,0.25,22.0,COOLING,0.25,22.0,COOLING,0.25,22.0,COOLING,0.25,22.0,COOLING,21.324,21.87,25.331,21.872,22.599,25.331,21.324,4.007,321.92,165.14,160.67,160.25,170.0,170.0,1360.0,170.0,251.15,306.43,299.04,306.39,180.19,320.68,-821.05,320.18,875.0,875.0,875.0,875.0,48.26,87.25,123.66,81.82,807.98,1870.0,1163.01,3500.0,340.99,0.0,1.0,1.0,0.0,22.5,TARGETED_EAST_OCCUPANCY_COOL,36.5026
2,Occupancy Concentration,0,529,5290.0,22,2,2,16,2,21.98,5.63,LIGHT,80.92,LOW,RUNNING,19.9,4.52,LIGHT,76.66,LOW,RUNNING,22.37,7.35,LIGHT,83.99,LOW,RUNNING,21.42,5.82,LIGHT,80.51,LOW,RUNNING,19.54,5.0,LIGHT,76.92,LOW,RUNNING,24.66,8.22,LIGHT,88.16,LOW,RUNNING,22.67,6.24,LIGHT,82.7,LOW,RUNNING,20.52,4.5,LIGHT,77.4,LOW,RUNNING,19.31,4.52,LIGHT,75.92,LOW,RUNNING,23.23,7.2,LIGHT,84.84,LOW,RUNNING,28.34,55.0,268.2,0.25,22.0,COOLING,0.25,22.0,COOLING,0.25,22.0,COOLING,0.25,22.0,COOLING,21.325,21.872,25.334,21.874,22.601,25.334,21.325,4.009,322.08,165.08,160.1,160.76,170.0,170.0,1360.0,170.0,251.42,306.72,299.36,306.68,180.44,320.68,-821.3,320.18,875.0,875.0,875.0,875.0,48.94,87.48,123.16,82.62,808.02,1870.0,1164.18,3500.0,342.2,0.0,1.0,1.0,0.0,22.5,TARGETED_EAST_OCCUPANCY_COOL,36.5406
2,Occupancy Concentration,0,530,5300.0,22,2,2,16,2,21.81,5.56,LIGHT,80.6,LOW,RUNNING,19.83,4.56,LIGHT,76.63,LOW,RUNNING,22.47,7.47,LIGHT,84.29,LOW,RUNNING,21.59,5.9,LIGHT,80.84,LOW,RUNNING,19.63,4.97,LIGHT,76.99,LOW,RUNNING,24.59,8.1,LIGHT,87.89,LOW,RUNNING,22.51,6.14,LIGHT,82.35,LOW,RUNNING,20.41,4.51,LIGHT,77.28,LOW,RUNNING,19.36,4.63,LIGHT,76.15,LOW,RUNNING,23.4,7.3,LIGHT,85.2,LOW,RUNNING,28.34,55.0,268.3,0.25,22.0,COOLING,0.25,22.0,COOLING,0.25,22.0,COOLING,0.25,22.0,COOLING,21.326,21.874,25.336,21.876,22.603,25.336,21.326,4.01,322.36,164.88,159.63,161.35,170.0,170.0,1360.0,170.0,251.43,306.75,299.39,306.71,180.69,320.68,-821.56,320.18,875.0,875.0,875.0,875.0,49.48,87.31,122.46,83.24,808.22,1870.0,1164.28,3500.0,342.49,0.0,1.0,1.0,0.0,22.5,TARGETED_EAST_OCCUPANCY_COOL,36.5575
2,Occupancy Concentration,0,531,5310.0,22,2,2,16,2,21.65,5.52,LIGHT,80.34,LOW,RUNNING,19.8,4.63,LIGHT,76.69,LOW,RUNNING,22.59,7.59,LIGHT,84.62,LOW,RUNNING,21.76,5.96,LIGHT,81.14,LOW,RUNNING,19.69,4.91,LIGHT,76.98,LOW,RUNNING,24.49,7.98,LIGHT,87.58,LOW,RUNNING,22.34,6.07,LIGHT,82.03,LOW,RUNNING,20.34,4.55,LIGHT,77.25,LOW,RUNNING,19.45,4.75,LIGHT,76.44,LOW,RUNNING,23.56,7.39,LIGHT,85.53,LOW,RUNNING,28.34,55.0,268.5,0.25,22.0,COOLING,0.25,22.0,COOLING,0.25,22.0,COOLING,0.25,22.0,COOLING,21.327,21.876,25.338,21.878,22.605,25.338,21.327,4.011,322.79,164.56,159.28,161.97,170.0,170.0,1360.0,170.0,251.49,306.83,299.53,306.79,180.93,320.57,-821.57,320.07,875.0,875.0,875.0,875.0,50.21,86.96,122.24,83.83,808.6,1870.0,1164.64,3500.0,343.24,0.0,1.0,1.0,0.0,22.5,TARGETED_EAST_OCCUPANCY_COOL,36.5753
2,Occupancy Concentration,0,532,5320.0,22,2,2,16,2,21.52,5.5,LIGHT,80.15,LOW,RUNNING,19.81,4.72,LIGHT,76.84,LOW,RUNNING,22.74,7.7,LIGHT,84.97,LOW,RUNNING,21.9,5.99,LIGHT,81.36,LOW,RUNNING,19.7,4.83,LIGHT,76.87,LOW,RUNNING,24.35,7.86,LIGHT,87.23,LOW,RUNNING,22.18,6.02,LIGHT,81.75,LOW,RUNNING,20.3,4.62,LIGHT,77.31,LOW,RUNNING,19.57,4.87,LIGHT,76.77,LOW,RUNNING,23.73,7.45,LIGHT,85.84,LOW,RUNNING,28.35,55.0,268.7,0.25,22.0,COOLING,0.25,22.0,COOLING,0.25,22.0,COOLING,0.25,22.0,COOLING,21.328,21.878,25.34,21.88,22.607,25.34,21.328,4.012,323.32,164.1,159.06,162.61,170.0,170.0,1360.0,170.0,251.75,307.13,299.87,307.09,181.16,320.46,-821.59,319.96,875.0,875.0,875.0,875.0,51.23,86.69,122.34,84.66,809.09,1870.0,1165.84,3500.0,344.92,0.0,1.0,1.0,0.0,22.5,TARGETED_EAST_OCCUPANCY_COOL,36.5934
2,Occupancy Concentration,0,533,5330.0,22,2,2,16,2,21.41,5.51,LIGHT,80.03,LOW,RUNNING,19.86,4.83,LIGHT,77.07,LOW,RUNNING,22.9,7.81,LIGHT,85.34,LOW,RUNNING,22.03,6.0,LIGHT,81.54,LOW,RUNNING,19.67,4.73,LIGHT,76.68,LOW,RUNNING,24.2,7.75,LIGHT,86.88,LOW,RUNNING,22.04,6.0,LIGHT,81.55,LOW,RUNNING,20.31,4.71,LIGHT,77.45,LOW,RUNNING,19.71,4.98,LIGHT,77.11,LOW,RUNNING,23.88,7.49,LIGHT,86.08,LOW,RUNNING,28.35,55.0,268.8,0.25,22.0,COOLING,0.25,22.0,COOLING,0.25,22.0,COOLING,0.25,22.0,COOLING,21.329,21.88,25.342,21.882,22.608,25.342,21.329,4.013,323.98,163.56,159.0,163.19,170.0,170.0,1360.0,170.0,251.77,307.15,299.92,307.11,181.4,320.35,-821.6,319.85,875.0,875.0,875.0,875.0,52.15,86.06,122.32,85.15,809.73,1870.0,1165.95,3500.0,345.68,0.0,1.0,1.0,0.0,22.5,TARGETED_EAST_OCCUPANCY_COOL,36.6117
2,Occupancy Concentration,0,534,5340.0,22,2,2,16,2,21.34,5.55,LIGHT,80.0,LOW,RUNNING,19.95,4.95,LIGHT,77.36,LOW,RUNNING,23.07,7.89,LIGHT,85.67,LOW,RUNNING,22.12,5.97,LIGHT,81.61,LOW,RUNNING,19.6,4.62,LIGHT,76.43,LOW,RUNNING,24.03,7.66,LIGHT,86.53,LOW,RUNNING,21.93,6.01,LIGHT,81.43,LOW,RUNNING,20.35,4.81,LIGHT,77.65,LOW,RUNNING,19.87,5.09,LIGHT,77.47,LOW,RUNNING,24.01,7.5,LIGHT,86.26,LOW,RUNNING,28.35,55.0,269.0,0.25,22.0,COOLING,0.25,22.0,COOLING,0.25,22.0,COOLING,0.25,22.0,COOLING,21.33,21.882,25.344,21.884,22.61,25.344,21.33,4.014,324.64,162.96,159.08,163.73,170.0,170.0,1360.0,170.0,251.83,307.23,300.04,307.18,181.63,320.24,-821.61,319.74,875.0,875.0,875.0,875.0,53.1,85.43,122.51,85.65,810.41,1870.0,1166.28,3500.0,346.69,0.0,1.0,1.0,0.0,22.5,TARGETED_EAST_OCCUPANCY_COOL,36.6305
2,Occupancy Concentration,0,535,5350.0,22,2,2,16,2,21.3,5.62,LIGHT,80.06,LOW,RUNNING,20.07,5.07,LIGHT,77.69,LOW,RUNNING,23.23,7.95,LIGHT,85.96,LOW,RUNNING,22.18,5.92,LIGHT,81.6,LOW,RUNNING,19.5,4.5,LIGHT,76.12,LOW,RUNNING,23.86,7.58,LIGHT,86.2,LOW,RUNNING,21.85,6.05,LIGHT,81.39,LOW,RUNNING,20.43,4.93,LIGHT,77.93,LOW,RUNNING,20.04,5.18,LIGHT,77.82,LOW,RUNNING,24.11,7.48,LIGHT,86.36,LOW,RUNNING,28.36,55.0,269.2,0.25,22.0,COOLING,0.25,22.0,COOLING,0.25,22.0,COOLING,0.25,22.0,COOLING,21.331,21.884,25.347,21.886,22.612,25.347,21.331,4.016,325.31,162.32,159.32,164.18,170.0,170.0,1360.0,170.0,252.1,307.53,300.39,307.48,181.87,320.13,-821.63,319.63,875.0,875.0,875.0,875.0,54.28,84.98,123.08,86.29,811.13,1870.0,1167.5,3500.0,348.63,0.0,1.0,1.0,0.0,22.5,TARGETED_EAST_OCCUPANCY_COOL,36.6715
2,Occupancy Concentration,0,536,5360.0,22,2,2,16,2,21.31,5.71,LIGHT,80.2,LOW,RUNNING,20.22,5.19,LIGHT,78.06,LOW,RUNNING,23.39,7.99,LIGHT,86.22,LOW,RUNNING,22.2,5.84,LIGHT,81.51,LOW,RUNNING,19.37,4.38,LIGHT,75.78,LOW,RUNNING,23.7,7.53,LIGHT,85.92,LOW,RUNNING,21.81,6.11,LIGHT,81.43,LOW,RUNNING,20.55,5.05,LIGHT,78.26,LOW,RUNNING,20.21,5.25,LIGHT,78.14,LOW,RUNNING,24.17,7.43,LIGHT,86.36,LOW,RUNNING,28.36,55.0,269.3,0.25,22.0,COOLING,0.25,22.0,COOLING,0.25,22.0,COOLING,0.25,22.0,COOLING,21.332,21.886,25.35,21.888,22.614,25.35,21.332,4.018,325.99,161.7,159.69,164.5,170.0,170.0,1360.0,170.0,252.11,307.54,300.42,307.5,182.12,320.13,-821.88,319.63,875.0,875.0,875.0,875.0,55.22,84.37,123.23,86.63,811.88,1870.0,1167.57,3500.0,349.45,0.0,1.0,1.0,0.0,22.5,TARGETED_EAST_OCCUPANCY_COOL,36.7122
2,Occupancy Concentration,0,537,5370.0,22,2,2,16,2,21.35,5.82,LIGHT,80.42,LOW,RUNNING,20.38,5.29,LIGHT,78.41,LOW,RUNNING,23.51,8.0,LIGHT,86.39,LOW,RUNNING,22.18,5.75,LIGHT,81.35,LOW,RUNNING,19.22,4.27,LIGHT,75.43,LOW,RUNNING,23.56,7.5,LIGHT,85.7,LOW,RUNNING,21.8,6.19,LIGHT,81.53,LOW,RUNNING,20.69,5.17,LIGHT,78.62,LOW,RUNNING,20.36,5.29,LIGHT,78.39,LOW,RUNNING,24.2,7.36,LIGHT,86.29,LOW,RUNNING,28.36,55.0,269.5,0.25,22.0,COOLING,0.25,22.0,COOLING,0.25,22.0,COOLING,0.25,22.0,COOLING,21.333,21.888,25.353,21.89,22.616,25.353,21.333,4.02,326.57,161.13,160.15,164.68,170.0,170.0,1360.0,170.0,252.16,307.63,300.52,307.59,182.37,320.13,-822.13,319.63,875.0,875.0,875.0,875.0,56.1,83.89,123.54,86.9,812.53,1870.0,1167.9,3500.0,350.43,0.0,1.0,1.0,0.0,22.5,TARGETED_EAST_OCCUPANCY_COOL,36.7537
2,Occupancy Concentration,0,538,5380.0,22,2,2,16,2,21.44,5.93,LIGHT,80.69,LOW,RUNNING,20.55,5.38,LIGHT,78.76,LOW,RUNNING,23.61,7.98,LIGHT,86.48,LOW,RUNNING,22.12,5.64,LIGHT,81.11,LOW,RUNNING,19.05,4.17,LIGHT,75.07,LOW,RUNNING,23.44,7.51,LIGHT,85.57,LOW,RUNNING,21.84,6.3,LIGHT,81.75,LOW,RUNNING,20.85,5.28,LIGHT,78.98,LOW,RUNNING,20.49,5.3,LIGHT,78.56,LOW,RUNNING,24.18,7.26,LIGHT,86.11,LOW,RUNNING,28.37,55.0,269.7,0.25,22.0,COOLING,0.25,22.0,COOLING,0.25,22.0,COOLING,0.25,22.0,COOLING,21.334,21.89,25.356,21.892,22.618,25.356,21.334,4.022,327.04,160.64,160.73,164.67,170.0,170.0,1360.0,170.0,252.44,307.92,300.86,307.88,182.62,320.13,-822.38,319.63,875.0,875.0,875.0,875.0,57.1,83.69,124.21,87.18,813.08,1870.0,1169.1,3500.0,352.18,0.0,1.0,1.0,0.0,22.5,TARGETED_EAST_OCCUPANCY_COOL,36.796
2,Occupancy Concentration,0,539,5390.0,22,2,2,16,2,21.55,6.05,LIGHT,81.01,LOW,RUNNING,20.71,5.45,LIGHT,79.06,LOW,RUNNING,23.68,7.93,LIGHT,86.49,LOW,RUNNING,22.02,5.52,LIGHT,80.81,LOW,RUNNING,18.88,4.09,LIGHT,74.73,LOW,RUNNING,23.36,7.54,LIGHT,85.51,LOW,RUNNING,21.92,6.41,LIGHT,82.02,LOW,RUNNING,21.02,5.37,LIGHT,79.33,LOW,RUNNING,20.6,5.28,LIGHT,78.67,LOW,RUNNING,24.13,7.16,LIGHT,85.9,LOW,RUNNING,28.37,55.0,269.8,0.25,22.0,COOLING,0.25,22.0,COOLING,0.25,22.0,COOLING,0.25,22.0,COOLING,21.335,21.892,25.359,21.894,22.62,25.359,21.335,4.024,327.37,160.24,161.35,164.57,170.0,170.0,1360.0,170.0,252.44,307.94,300.87,307.9,182.87,320.13,-822.63,319.63,875.0,875.0,875.0,875.0,57.68,83.31,124.59,87.1,813.53,1870.0,1169.15,3500.0,352.68,0.0,1.0,1.0,0.0,22.5,TARGETED_EAST_OCCUPANCY_COOL,36.8388
2,Occupancy Concentration,0,540,5400.0,22,2,2,16,2,21.7,6.17,LIGHT,81.38,LOW,RUNNING,20.87,5.49,LIGHT,79.32,LOW,RUNNING,23.7,7.86,LIGHT,86.42,LOW,RUNNING,21.89,5.4,LIGHT,80.46,LOW,RUNNING,18.72,4.03,LIGHT,74.45,LOW,RUNNING,23.31,7.6,LIGHT,85.54,LOW,RUNNING,22.03,6.53,LIGHT,82.33,LOW,RUNNING,21.18,5.44,LIGHT,79.63,LOW,RUNNING,20.67,5.24,LIGHT,78.7,LOW,RUNNING,24.04,7.04,LIGHT,85.61,LOW,RUNNING,28.38,55.0,270.0,0.25,22.0,COOLING,0.25,22.0,COOLING,0.25,22.0,COOLING,0.25,22.0,COOLING,21.336,21.894,25.362,21.896,22.622,25.362,21.336,4.026,327.58,159.99,161.96,164.31,170.0,170.0,1360.0,170.0,252.72,308.24,301.2,308.2,183.12,320.13,-822.88,319.63,875.0,875.0,875.0,875.0,58.42,83.36,125.28,87.14,813.84,1870.0,1170.36,3500.0,354.2,0.0,1.0,1.0,0.0,22.5,TARGETED_EAST_OCCUPANCY_COOL,36.8823
2,Occupancy Concentration,0,541,5410.0,22,2,2,16,2,21.86,6.28,LIGHT,81.75,LOW,RUNNING,21.0,5.5,LIGHT,79.5,LOW,RUNNING,23.68,7.76,LIGHT,86.24,LOW,RUNNING,21.74,5.28,LIGHT,80.09,LOW,RUNNING,18.58,4.0,LIGHT,74.22,LOW,RUNNING,23.3,7.68,LIGHT,85.64,LOW,RUNNING,22.17,6.65,LIGHT,82.69,LOW,RUNNING,21.34,5.48,LIGHT,79.89,LOW,RUNNING,20.7,5.17,LIGHT,78.63,LOW,RUNNING,23.91,6.92,LIGHT,85.27,LOW,RUNNING,28.38,55.0,270.2,0.25,22.0,COOLING,0.25,22.0,COOLING,0.25,22.0,COOLING,0.25,22.0,COOLING,21.337,21.896,25.365,21.898,22.624,25.365,21.337,4.028,327.58,159.86,162.58,163.9,170.0,170.0,1360.0,170.0,252.78,308.33,301.31,308.29,183.37,320.13,-823.13,319.63,875.0,875.0,875.0,875.0,58.73,83.32,125.76,86.82,813.92,1870.0,1170.71,3500.0,354.63,0.0,1.0,1.0,0.0,22.5,TARGETED_EAST_OCCUPANCY_COOL,36.9263
2,Occupancy Concentration,0,542,5420.0,22,2,2,16,2,22.02,6.37,LIGHT,82.08,LOW,RUNNING,21.1,5.48,LIGHT,79.59,LOW,RUNNING,23.63,7.65,LIGHT,86.01,LOW,RUNNING,21.58,5.18,LIGHT,79.74,LOW,RUNNING,18.46,4.0,LIGHT,74.08,LOW,RUNNING,23.34,7.78,LIGHT,85.84,LOW,RUNNING,22.33,6.76,LIGHT,83.05,LOW,RUNNING,21.48,5.5,LIGHT,80.1,LOW,RUNNING,20.69,5.08,LIGHT,78.48,LOW,RUNNING,23.77,6.8,LIGHT,84.91,LOW,RUNNING,28.38,55.0,270.3,0.25,22.0,COOLING,0.25,22.0,COOLING,0.25,22.0,COOLING,0.25,22.0,COOLING,21.338,21.898,25.368,21.9,22.626,25.368,21.338,4.03,327.42,159.92,163.15,163.39,170.0,170.0,1360.0,170.0,252.78,308.35,301.33,308.3,183.62,320.13,-823.38,319.63,875.0,875.0,875.0,875.0,58.82,83.4,126.1,86.32,813.88,1870.0,1170.76,3500.0,354.64,0.0,1.0,1.0,0.0,22.5,TARGETED_EAST_OCCUPANCY_COOL,36.9707
2,Occupancy Concentration,0,543,5430.0,22,2,2,16,2,22.19,6.44,LIGHT,82.4,LOW,RUNNING,21.17,5.44,LIGHT,79.62,LOW,RUNNING,23.53,7.53,LIGHT,85.71,LOW,RUNNING,21.41,5.1,LIGHT,79.41,LOW,RUNNING,18.37,4.03,LIGHT,74.01,LOW,RUNNING,23.41,7.9,LIGHT,86.11,LOW,RUNNING,22.49,6.86,LIGHT,83.4,LOW,RUNNING,21.59,5.49,LIGHT,80.22,LOW,RUNNING,20.64,4.97,LIGHT,78.25,LOW,RUNNING,23.6,6.7,LIGHT,84.55,LOW,RUNNING,28.39,55.0,270.5,0.25,22.0,COOLING,0.25,22.0,COOLING,0.25,22.0,COOLING,0.25,22.0,COOLING,21.339,21.9,25.371,21.902,22.628,25.371,21.339,4.032,327.14,160.12,163.62,162.8,170.0,170.0,1360.0,170.0,253.06,308.64,301.66,308.6,183.87,320.13,-823.63,319.63,875.0,875.0,875.0,875.0,59.07,83.89,126.65,86.03,813.68,1870.0,1171.96,3500.0,355.64,0.0,1.0,1.0,0.0,22.5,TARGETED_EAST_OCCUPANCY_COOL,37.0155
2,Occupancy Concentration,0,544,5440.0,22,2,2,16,2,22.35,6.48,LIGHT,82.66,LOW,RUNNING,21.2,5.37,LIGHT,79.56,LOW,RUNNING,23.41,7.41,LIGHT,85.38,LOW,RUNNING,21.24,5.04,LIGHT,79.11,LOW,RUNNING,18.31,4.09,LIGHT,74.02,LOW,RUNNING,23.51,8.02,LIGHT,86.42,LOW,RUNNING,22.66,6.93,LIGHT,83.72,LOW,RUNNING,21.66,5.45,LIGHT,80.25,LOW,RUNNING,20.55,4.85,LIGHT,77.96,LOW,RUNNING,23.44,6.61,LIGHT,84.22,LOW,RUNNING,28.39,55.0,270.7,0.25,22.0,COOLING,0.25,22.0,COOLING,0.25,22.0,COOLING,0.25,22.0,COOLING,21.34,21.902,25.374,21.904,22.63,25.374,21.34,4.034,326.71,160.44,163.97,162.18,170.0,170.0,1360.0,170.0,253.11,308.73,301.77,308.68,184.12,320.13,-823.88,319.63,875.0,875.0,875.0,875.0,58.94,84.3,126.86,85.49,813.3,1870.0,1172.29,3500.0,355.59,0.0,1.0,1.0,0.0,22.5,TARGETED_EAST_OCCUPANCY_COOL,37.0605
2,Occupancy Concentration,0,545,5450.0,22,2,2,16,2,22.48,6.5,LIGHT,82.85,LOW,RUNNING,21.19,5.28,LIGHT,79.41,LOW,RUNNING,23.26,7.3,LIGHT,85.03,LOW,RUNNING,21.1,5.01,LIGHT,78.89,LOW,RUNNING,18.3,4.17,LIGHT,74.13,LOW,RUNNING,23.65,8.14,LIGHT,86.77,LOW,RUNNING,22.82,6.98,LIGHT,84.0,LOW,RUNNING,21.7,5.38,LIGHT,80.19,LOW,RUNNING,20.43,4.73,LIGHT,77.63,LOW,RUNNING,23.27,6.55,LIGHT,83.91,LOW,RUNNING,28.39,55.0,270.8,0.25,22.0,COOLING,0.25,22.0,COOLING,0.25,22.0,COOLING,0.25,22.0,COOLING,21.341,21.904,25.377,21.906,22.632,25.377,21.341,4.036,326.18,160.9,164.19,161.54,170.0,170.0,1360.0,170.0,253.13,308.74,301.79,308.7,184.37,320.13,-824.13,319.63,875.0,875.0,875.0,875.0,58.68,84.77,126.85,84.87,812.81,1870.0,1172.36,3500.0,355.17,0.0,1.0,1.0,0.0,22.5,TARGETED_EAST_OCCUPANCY_COOL,37.1053
2,Occupancy Concentration,0,546,5460.0,22,2,2,16,2,22.59,6.49,LIGHT,82.97,LOW,RUNNING,21.14,5.17,LIGHT,79.18,LOW,RUNNING,23.1,7.19,LIGHT,84.66,LOW,RUNNING,20.97,5.0,LIGHT,78.71,LOW,RUNNING,18.33,4.27,LIGHT,74.32,LOW,RUNNING,23.8,8.25,LIGHT,87.12,LOW,RUNNING,22.96,7.0,LIGHT,84.2,LOW,RUNNING,21.69,5.29,LIGHT,80.05,LOW,RUNNING,20.29,4.62,LIGHT,77.29,LOW,RUNNING,23.12,6.51,LIGHT,83.67,LOW,RUNNING,28.4,55.0,271.0,0.25,22.0,COOLING,0.25,22.0,COOLING,0.25,22.0,COOLING,0.25,22.0,COOLING,21.342,21.906,25.38,21.908,22.634,25.38,21.342,4.038,325.52,161.44,164.25,160.96,170.0,170.0,1360.0,170.0,253.39,309.04,302.11,309.0,184.62,320.13,-824.38,319.63,875.0,875.0,875.0,875.0,58.53,85.61,126.98,84.59,812.17,1870.0,1173.54,3500.0,355.71,0.0,1.0,1.0,0.0,22.5,TARGETED_EAST_OCCUPANCY_COOL,37.1504
2,Occupancy Concentration,0,547,5470.0,22,2,2,16,2,22.66,6.45,LIGHT,83.0,LOW,RUNNING,21.05,5.05,LIGHT,78.89,LOW,RUNNING,22.93,7.11,LIGHT,84.33,LOW,RUNNING,20.88,5.03,LIGHT,78.64,LOW,RUNNING,18.4,4.38,LIGHT,74.57,LOW,RUNNING,23.97,8.34,LIGHT,87.47,LOW,RUNNING,23.07,6.99,LIGHT,84.32,LOW,RUNNING,21.65,5.19,LIGHT,79.85,LOW,RUNNING,20.13,4.51,LIGHT,76.93,LOW,RUNNING,22.99,6.5,LIGHT,83.49,LOW,RUNNING,28.4,55.0,271.2,0.25,22.0,COOLING,0.25,22.0,COOLING,0.25,22.0,COOLING,0.25,22.0,COOLING,21.343,21.908,25.383,21.91,22.636,25.383,21.343,4.04,324.86,162.04,164.17,160.42,170.0,170.0,1360.0,170.0,253.45,309.12,302.23,309.08,184.87,320.13,-824.63,319.63,875.0,875.0,875.0,875.0,58.18,86.29,126.77,84.13,811.49,1870.0,1173.88,3500.0,355.37,0.0,1.0,1.0,0.0,22.5,TARGETED_EAST_OCCUPANCY_COOL,37.1953
2,Occupancy Concentration,0,548,5480.0,22,2,2,16,2,22.7,6.38,LIGHT,82.94,LOW,RUNNING,20.93,4.93,LIGHT,78.56,LOW,RUNNING,22.77,7.05,LIGHT,84.04,LOW,RUNNING,20.82,5.08,LIGHT,78.65,LOW,RUNNING,18.5,4.5,LIGHT,74.88,LOW,RUNNING,24.14,8.42,LIGHT,87.8,LOW,RUNNING,23.15,6.95,LIGHT,84.36,LOW,RUNNING,21.57,5.07,LIGHT,79.57,LOW,RUNNING,19.96,4.42,LIGHT,76.58,LOW,RUNNING,22.89,6.52,LIGHT,83.39,LOW,RUNNING,28.4,55.0,271.3,0.25,22.0,COOLING,0.25,22.0,COOLING,0.25,22.0,COOLING,0.25,22.0,COOLING,21.344,21.91,25.386,21.912,22.638,25.386,21.344,4.042,324.19,162.68,163.93,159.97,170.0,170.0,1360.0,170.0,253.47,309.14,302.26,309.09,185.12,320.13,-824.88,319.63,875.0,875.0,875.0,875.0,57.78,86.95,126.31,83.69,810.77,1870.0,1173.96,3500.0,354.73,0.0,1.0,1.0,0.0,22.5,TARGETED_EAST_OCCUPANCY_COOL,37.2398
2,Occupancy Concentration,0,549,5490.0,22,2,2,16,2,22.69,6.29,LIGHT,82.8,LOW,RUNNING,20.78,4.81,LIGHT,78.19,LOW,RUNNING,22.61,7.01,LIGHT,83.78,LOW,RUNNING,20.8,5.16,LIGHT,78.74,LOW,RUNNING,18.63,4.62,LIGHT,75.22,LOW,RUNNING,24.3,8.47,LIGHT,88.08,LOW,RUNNING,23.19,6.89,LIGHT,84.32,LOW,RUNNING,21.45,4.95,LIGHT,79.24,LOW,RUNNING,19.79,4.35,LIGHT,76.26,LOW,RUNNING,22.83,6.57,LIGHT,83.39,LOW,RUNNING,28.41,55.0,271.5,0.25,22.0,COOLING,0.25,22.0,COOLING,0.25,22.0,COOLING,0.25,22.0,COOLING,21.345,21.912,25.389,21.914,22.64,25.389,21.345,4.044,323.51,163.3,163.56,159.65,170.0,170.0,1360.0,170.0,253.73,309.44,302.58,309.4,185.37,320.13,-825.13,319.63,875.0,875.0,875.0,875.0,57.61,87.87,126.01,83.68,810.02,1870.0,1175.15,3500.0,355.17,0.0,1.0,1.0,0.0,22.5,TARGETED_EAST_OCCUPANCY_COOL,37.2845
2,Occupancy Concentration,0,550,5500.0,22,2,2,16,2,22.65,6.18,LIGHT,82.58,LOW,RUNNING,20.62,4.71,LIGHT,77.84,LOW,RUNNING,22.49,7.0,LIGHT,83.61,LOW,RUNNING,20.82,5.25,LIGHT,78.9,LOW,RUNNING,18.78,4.73,LIGHT,75.57,LOW,RUNNING,24.44,8.5,LIGHT,88.3,LOW,RUNNING,23.2,6.81,LIGHT,84.22,LOW,RUNNING,21.31,4.83,LIGHT,78.88,LOW,RUNNING,19.64,4.31,LIGHT,76.02,LOW,RUNNING,22.8,6.64,LIGHT,83.46,LOW,RUNNING,28.41,55.0,271.7,0.25,22.0,COOLING,0.25,22.0,COOLING,0.25,22.0,COOLING,0.25,22.0,COOLING,21.346,21.914,25.392,21.916,22.642,25.392,21.346,4.046,322.93,163.87,163.1,159.48,170.0,170.0,1360.0,170.0,253.79,309.52,302.69,309.47,185.62,320.13,-825.38,319.63,875.0,875.0,875.0,875.0,57.34,88.52,125.41,83.58,809.38,1870.0,1175.47,3500.0,354.85,0.0,1.0,1.0,0.0,22.5,TARGETED_EAST_OCCUPANCY_COOL,37.3287
2,Occupancy Concentration,0,551,5510.0,22,2,2,16,2,22.56,6.07,LIGHT,82.31,LOW,RUNNING,20.45,4.62,LIGHT,77.49,LOW,RUNNING,22.39,7.02,LIGHT,83.52,LOW,RUNNING,20.88,5.36,LIGHT,79.14,LOW,RUNNING,18.95,4.83,LIGHT,75.93,LOW,RUNNING,24.56,8.49,LIGHT,88.44,LOW,RUNNING,23.16,6.7,LIGHT,84.0,LOW,RUNNING,21.15,4.72,LIGHT,78.52,LOW,RUNNING,19.51,4.3,LIGHT,75.84,LOW,RUNNING,22.82,6.74,LIGHT,83.64,LOW,RUNNING,28.41,55.0,271.8,0.25,22.0,COOLING,0.25,22.0,COOLING,0.25,22.0,COOLING,0.25,22.0,COOLING,21.347,21.916,25.395,21.918,22.644,25.395,21.347,4.048,322.46,164.37,162.52,159.48,170.0,170.0,1360.0,170.0,253.8,309.54,302.71,309.5,185.87,320.13,-825.63,319.63,875.0,875.0,875.0,875.0,57.13,89.04,124.6,83.61,808.83,1870.0,1175.55,3500.0,354.38,0.0,1.0,1.0,0.0,22.5,TARGETED_EAST_OCCUPANCY_COOL,37.3725
2,Occupancy Concentration,0,552,5520.0,22,2,2,16,2,22.45,5.95,LIGHT,81.99,LOW,RUNNING,20.29,4.55,LIGHT,77.19,LOW,RUNNING,22.32,7.07,LIGHT,83.51,LOW,RUNNING,20.98,5.48,LIGHT,79.44,LOW,RUNNING,19.12,4.91,LIGHT,76.27,LOW,RUNNING,24.64,8.46,LIGHT,88.49,LOW,RUNNING,23.08,6.59,LIGHT,83.73,LOW,RUNNING,20.98,4.63,LIGHT,78.17,LOW,RUNNING,19.4,4.32,LIGHT,75.73,LOW,RUNNING,22.87,6.84,LIGHT,83.85,LOW,RUNNING,28.42,55.0,272.0,0.25,22.0,COOLING,0.25,22.0,COOLING,0.25,22.0,COOLING,0.25,22.0,COOLING,21.348,21.918,25.398,21.92,22.646,25.398,21.348,4.05,322.13,164.76,161.9,159.58,170.0,170.0,1360.0,170.0,254.07,309.84,303.04,309.79,186.12,320.13,-825.88,319.63,875.0,875.0,875.0,875.0,57.32,89.73,124.06,84.0,808.37,1870.0,1176.74,3500.0,355.11,0.0,1.0,1.0,0.0,22.5,TARGETED_EAST_OCCUPANCY_COOL,37.4163
2,Occupancy Concentration,0,553,5530.0,22,2,2,16,2,22.3,5.83,LIGHT,81.62,LOW,RUNNING,20.13,4.51,LIGHT,76.93,LOW,RUNNING,22.3,7.14,LIGHT,83.58,LOW,RUNNING,21.11,5.6,LIGHT,79.79,LOW,RUNNING,19.28,4.97,LIGHT,76.55,LOW,RUNNING,24.69,8.4,LIGHT,88.46,LOW,RUNNING,22.97,6.47,LIGHT,83.42,LOW,RUNNING,20.82,4.56,LIGHT,77.87,LOW,RUNNING,19.33,4.36,LIGHT,75.7,LOW,RUNNING,22.96,6.96,LIGHT,84.14,LOW,RUNNING,28.42,55.0,272.2,0.25,22.0,COOLING,0.25,22.0,COOLING,0.25,22.0,COOLING,0.25,22.0,COOLING,21.349,21.92,25.401,21.922,22.648,25.401,21.349,4.052,321.92,165.01,161.29,159.84,170.0,170.0,1360.0,170.0,254.13,309.91,303.14,309.87,186.37,320.13,-826.13,319.63,875.0,875.0,875.0,875.0,57.42,90.05,123.3,84.34,808.06,1870.0,1177.05,3500.0,355.11,0.0,1.0,1.0,0.0,22.5,TARGETED_EAST_OCCUPANCY_COOL,37.46
2,Occupancy Concentration,0,554,5540.0,22,2,2,16,2,22.14,5.72,LIGHT,81.25,LOW,RUNNING,20.0,4.5,LIGHT,76.75,LOW,RUNNING,22.32,7.24,LIGHT,83.76,LOW,RUNNING,21.26,5.72,LIGHT,80.16,LOW,RUNNING,19.42,5.0,LIGHT,76.78,LOW,RUNNING,24.7,8.32,LIGHT,88.36,LOW,RUNNING,22.83,6.35,LIGHT,83.06,LOW,RUNNING,20.66,4.52,LIGHT,77.61,LOW,RUNNING,19.3,4.43,LIGHT,75.77,LOW,RUNNING,23.09,7.08,LIGHT,84.48,LOW,RUNNING,28.42,55.0,272.3,0.25,22.0,COOLING,0.25,22.0,COOLING,0.25,22.0,COOLING,0.25,22.0,COOLING,21.35,21.922,25.403,21.924,22.65,25.403,21.35,4.053,321.92,165.14,160.67,160.25,170.0,170.0,1360.0,170.0,254.14,309.94,303.17,309.9,186.62,320.13,-826.38,319.63,875.0,875.0,875.0,875.0,57.68,90.21,122.46,84.78,807.98,1870.0,1177.15,3500.0,355.13,0.0,1.0,1.0,0.0,22.5,TARGETED_EAST_OCCUPANCY_COOL,37.4804
2,Occupancy Concentration,0,555,5550.0,22,2,2,16,2,21.98,5.63,LIGHT,80.92,LOW,RUNNING,19.9,4.52,LIGHT,76.66,LOW,RUNNING,22.37,7.35,LIGHT,83.99,LOW,RUNNING,21.42,5.82,LIGHT,80.51,LOW,RUNNING,19.54,5.0,LIGHT,76.92,LOW,RUNNING,24.66,8.22,LIGHT,88.16,LOW,RUNNING,22.67,6.24,LIGHT,82.7,LOW,RUNNING,20.52,4.5,LIGHT,77.4,LOW,RUNNING,19.31,4.52,LIGHT,75.92,LOW,RUNNING,23.23,7.2,LIGHT,84.84,LOW,RUNNING,28.43,55.0,272.5,0.25,22.0,COOLING,0.25,22.0,COOLING,0.25,22.0,COOLING,0.25,22.0,COOLING,21.351,21.924,25.405,21.926,22.651,25.405,21.351,4.054,322.08,165.08,160.1,160.76,170.0,170.0,1360.0,170.0,254.41,310.23,303.52,310.19,186.85,320.02,-826.39,319.52,875.0,875.0,875.0,875.0,58.34,90.33,122.23,85.47,808.02,1870.0,1178.35,3500.0,356.37,0.0,1.0,1.0,0.0,22.5,TARGETED_EAST_OCCUPANCY_COOL,37.5018
2,Occupancy Concentration,0,556,5560.0,22,2,2,16,2,21.81,5.56,LIGHT,80.6,LOW,RUNNING,19.83,4.56,LIGHT,76.63,LOW,RUNNING,22.47,7.47,LIGHT,84.29,LOW,RUNNING,21.59,5.9,LIGHT,80.84,LOW,RUNNING,19.63,4.97,LIGHT,76.99,LOW,RUNNING,24.59,8.1,LIGHT,87.89,LOW,RUNNING,22.51,6.14,LIGHT,82.35,LOW,RUNNING,20.41,4.51,LIGHT,77.28,LOW,RUNNING,19.36,4.63,LIGHT,76.15,LOW,RUNNING,23.4,7.3,LIGHT,85.2,LOW,RUNNING,28.43,55.0,272.7,0.25,22.0,COOLING,0.25,22.0,COOLING,0.25,22.0,COOLING,0.25,22.0,COOLING,21.352,21.926,25.407,21.928,22.653,25.407,21.352,4.055,322.36,164.88,159.63,161.35,170.0,170.0,1360.0,170.0,254.46,310.32,303.65,310.28,187.09,319.91,-826.41,319.41,875.0,875.0,875.0,875.0,58.91,90.11,121.87,86.04,808.22,1870.0,1178.71,3500.0,356.93,0.0,1.0,1.0,0.0,22.5,TARGETED_EAST_OCCUPANCY_COOL,37.5232
2,Occupancy Concentration,0,557,5570.0,22,2,2,16,2,21.65,5.52,LIGHT,80.34,LOW,RUNNING,19.8,4.63,LIGHT,76.69,LOW,RUNNING,22.59,7.59,LIGHT,84.62,LOW,RUNNING,21.76,5.96,LIGHT,81.14,LOW,RUNNING,19.69,4.91,LIGHT,76.98,LOW,RUNNING,24.49,7.98,LIGHT,87.58,LOW,RUNNING,22.34,6.07,LIGHT,82.03,LOW,RUNNING,20.34,4.55,LIGHT,77.25,LOW,RUNNING,19.45,4.75,LIGHT,76.44,LOW,RUNNING,23.56,7.39,LIGHT,85.53,LOW,RUNNING,28.43,55.0,272.8,0.25,22.0,COOLING,0.25,22.0,COOLING,0.25,22.0,COOLING,0.25,22.0,COOLING,21.353,21.928,25.409,21.93,22.655,25.409,21.353,4.056,322.79,164.56,159.28,161.97,170.0,170.0,1360.0,170.0,254.48,310.34,303.69,310.29,187.32,319.8,-826.43,319.3,875.0,875.0,875.0,875.0,59.59,89.7,121.54,86.56,808.6,1870.0,1178.8,3500.0,357.39,0.0,1.0,1.0,0.0,22.5,TARGETED_EAST_OCCUPANCY_COOL,37.5445
2,Occupancy Concentration,0,558,5580.0,22,2,2,16,2,21.52,5.5,LIGHT,80.15,LOW,RUNNING,19.81,4.72,LIGHT,76.84,LOW,RUNNING,22.74,7.7,LIGHT,84.97,LOW,RUNNING,21.9,5.99,LIGHT,81.36,LOW,RUNNING,19.7,4.83,LIGHT,76.87,LOW,RUNNING,24.35,7.86,LIGHT,87.23,LOW,RUNNING,22.18,6.02,LIGHT,81.75,LOW,RUNNING,20.3,4.62,LIGHT,77.31,LOW,RUNNING,19.57,4.87,LIGHT,76.77,LOW,RUNNING,23.73,7.45,LIGHT,85.84,LOW,RUNNING,28.44,55.0,273.0,0.25,22.0,COOLING,0.25,22.0,COOLING,0.25,22.0,COOLING,0.25,22.0,COOLING,21.354,21.93,25.411,21.932,22.657,25.411,21.354,4.057,323.32,164.1,159.06,162.61,170.0,170.0,1360.0,170.0,254.75,310.63,304.04,310.59,187.56,319.69,-826.44,319.19,875.0,875.0,875.0,875.0,60.63,89.42,121.66,87.39,809.09,1870.0,1180.01,3500.0,359.1,0.0,1.0,1.0,0.0,22.5,TARGETED_EAST_OCCUPANCY_COOL,37.5665
2,Occupancy Concentration,0,559,5590.0,22,2,2,16,2,21.41,5.51,LIGHT,80.03,LOW,RUNNING,19.86,4.83,LIGHT,77.07,LOW,RUNNING,22.9,7.81,LIGHT,85.34,LOW,RUNNING,22.03,6.0,LIGHT,81.54,LOW,RUNNING,19.67,4.73,LIGHT,76.68,LOW,RUNNING,24.2,7.75,LIGHT,86.88,LOW,RUNNING,22.04,6.0,LIGHT,81.55,LOW,RUNNING,20.31,4.71,LIGHT,77.45,LOW,RUNNING,19.71,4.98,LIGHT,77.11,LOW,RUNNING,23.88,7.49,LIGHT,86.08,LOW,RUNNING,28.44,55.0,273.2,0.25,22.0,COOLING,0.25,22.0,COOLING,0.25,22.0,COOLING,0.25,22.0,COOLING,21.355,21.932,25.413,21.934,22.659,25.413,21.355,4.058,323.98,163.56,159.0,163.19,170.0,170.0,1360.0,170.0,254.8,310.72,304.17,310.67,187.8,319.58,-826.46,319.08,875.0,875.0,875.0,875.0,61.58,88.86,121.71,87.94,809.73,1870.0,1180.36,3500.0,360.09,0.0,1.0,1.0,0.0,22.5,TARGETED_EAST_OCCUPANCY_COOL,37.5886
2,Occupancy Concentration,0,560,5600.0,22,2,2,16,2,21.34,5.55,LIGHT,80.0,LOW,RUNNING,19.95,4.95,LIGHT,77.36,LOW,RUNNING,23.07,7.89,LIGHT,85.67,LOW,RUNNING,22.12,5.97,LIGHT,81.61,LOW,RUNNING,19.6,4.62,LIGHT,76.43,LOW,RUNNING,24.03,7.66,LIGHT,86.53,LOW,RUNNING,21.93,6.01,LIGHT,81.43,LOW,RUNNING,20.35,4.81,LIGHT,77.65,LOW,RUNNING,19.87,5.09,LIGHT,77.47,LOW,RUNNING,24.01,7.5,LIGHT,86.26,LOW,RUNNING,28.44,55.0,273.3,0.25,22.0,COOLING,0.25,22.0,COOLING,0.25,22.0,COOLING,0.25,22.0,COOLING,21.356,21.934,25.415,21.936,22.66,25.415,21.356,4.059,324.64,162.96,159.08,163.73,170.0,170.0,1360.0,170.0,254.82,310.73,304.22,310.69,188.03,319.47,-826.47,318.97,875.0,875.0,875.0,875.0,62.49,88.16,121.83,88.39,810.41,1870.0,1180.46,3500.0,360.87,0.0,1.0,1.0,0.0,22.5,TARGETED_EAST_OCCUPANCY_COOL,37.6111
2,Occupancy Concentration,0,561,5610.0,22,2,2,16,2,21.3,5.62,LIGHT,80.06,LOW,RUNNING,20.07,5.07,LIGHT,77.69,LOW,RUNNING,23.23,7.95,LIGHT,85.96,LOW,RUNNING,22.18,5.92,LIGHT,81.6,LOW,RUNNING,19.5,4.5,LIGHT,76.12,LOW,RUNNING,23.86,7.58,LIGHT,86.2,LOW,RUNNING,21.85,6.05,LIGHT,81.39,LOW,RUNNING,20.43,4.93,LIGHT,77.93,LOW,RUNNING,20.04,5.18,LIGHT,77.82,LOW,RUNNING,24.11,7.48,LIGHT,86.36,LOW,RUNNING,28.45,55.0,273.5,0.25,22.0,COOLING,0.25,22.0,COOLING,0.25,22.0,COOLING,0.25,22.0,COOLING,21.357,21.936,25.417,21.938,22.662,25.417,21.357,4.06,325.31,162.32,159.32,164.18,170.0,170.0,1360.0,170.0,255.08,311.03,304.56,310.99,188.26,319.36,-826.48,318.86,875.0,875.0,875.0,875.0,63.65,87.71,122.4,89.03,811.13,1870.0,1181.66,3500.0,362.79,0.0,1.0,1.0,0.0,22.5,TARGETED_EAST_OCCUPANCY_COOL,37.6345
2,Occupancy Concentration,0,562,5620.0,22,2,2,16,2,21.31,5.71,LIGHT,80.2,LOW,RUNNING,20.22,5.19,LIGHT,78.06,LOW,RUNNING,23.39,7.99,LIGHT,86.22,LOW,RUNNING,22.2,5.84,LIGHT,81.51,LOW,RUNNING,19.37,4.38,LIGHT,75.78,LOW,RUNNING,23.7,7.53,LIGHT,85.92,LOW,RUNNING,21.81,6.11,LIGHT,81.43,LOW,RUNNING,20.55,5.05,LIGHT,78.26,LOW,RUNNING,20.21,5.25,LIGHT,78.14,LOW,RUNNING,24.17,7.43,LIGHT,86.36,LOW,RUNNING,28.45,55.0,273.7,0.25,22.0,COOLING,0.25,22.0,COOLING,0.25,22.0,COOLING,0.25,22.0,COOLING,21.358,21.938,25.42,21.94,22.664,25.42,21.358,4.062,325.99,161.7,159.69,164.5,170.0,170.0,1360.0,170.0,255.14,311.11,304.7,311.07,188.5,319.25,-826.5,318.75,875.0,875.0,875.0,875.0,64.63,87.06,122.89,89.32,811.88,1870.0,1182.02,3500.0,363.9,0.0,1.0,1.0,0.0,22.5,TARGETED_EAST_OCCUPANCY_COOL,37.6815
2,Occupancy Concentration,0,563,5630.0,22,2,2,16,2,21.35,5.82,LIGHT,80.42,LOW,RUNNING,20.38,5.29,LIGHT,78.41,LOW,RUNNING,23.51,8.0,LIGHT,86.39,LOW,RUNNING,22.18,5.75,LIGHT,81.35,LOW,RUNNING,19.22,4.27,LIGHT,75.43,LOW,RUNNING,23.56,7.5,LIGHT,85.7,LOW,RUNNING,21.8,6.19,LIGHT,81.53,LOW,RUNNING,20.69,5.17,LIGHT,78.62,LOW,RUNNING,20.36,5.29,LIGHT,78.39,LOW,RUNNING,24.2,7.36,LIGHT,86.29,LOW,RUNNING,28.45,55.0,273.8,0.25,22.0,COOLING,0.25,22.0,COOLING,0.25,22.0,COOLING,0.25,22.0,COOLING,21.359,21.94,25.423,21.942,22.666,25.423,21.359,4.064,326.57,161.13,160.15,164.68,170.0,170.0,1360.0,170.0,255.15,311.13,304.71,311.08,188.75,319.25,-826.75,318.75,875.0,875.0,875.0,875.0,65.47,86.51,123.11,89.51,812.53,1870.0,1182.07,3500.0,364.6,0.0,1.0,1.0,0.0,22.5,TARGETED_EAST_OCCUPANCY_COOL,37.7283
2,Occupancy Concentration,0,564,5640.0,22,2,2,16,2,21.44,5.93,LIGHT,80.69,LOW,RUNNING,20.55,5.38,LIGHT,78.76,LOW,RUNNING,23.61,7.98,LIGHT,86.48,LOW,RUNNING,22.12,5.64,LIGHT,81.11,LOW,RUNNING,19.05,4.17,LIGHT,75.07,LOW,RUNNING,23.44,7.51,LIGHT,85.57,LOW,RUNNING,21.84,6.3,LIGHT,81.75,LOW,RUNNING,20.85,5.28,LIGHT,78.98,LOW,RUNNING,20.49,5.3,LIGHT,78.56,LOW,RUNNING,24.18,7.26,LIGHT,86.11,LOW,RUNNING,28.46,55.0,274.0,0.25,22.0,COOLING,0.25,22.0,COOLING,0.25,22.0,COOLING,0.25,22.0,COOLING,21.36,21.942,25.426,21.944,22.668,25.426,21.36,4.066,327.04,160.64,160.73,164.67,170.0,170.0,1360.0,170.0,255.42,311.43,305.05,311.39,189.0,319.25,-827.0,318.75,875.0,875.0,875.0,875.0,66.46,86.32,123.78,89.81,813.08,1870.0,1183.29,3500.0,366.37,0.0,1.0,1.0,0.0,22.5,TARGETED_EAST_OCCUPANCY_COOL,37.7762
2,Occupancy Concentration,0,565,5650.0,22,2,2,16,2,21.55,6.05,LIGHT,81.01,LOW,RUNNING,20.71,5.45,LIGHT,79.06,LOW,RUNNING,23.68,7.93,LIGHT,86.49,LOW,RUNNING,22.02,5.52,LIGHT,80.81,LOW,RUNNING,18.88,4.09,LIGHT,74.73,LOW,RUNNING,23.36,7.54,LIGHT,85.51,LOW,RUNNING,21.92,6.41,LIGHT,82.02,LOW,RUNNING,21.02,5.37,LIGHT,79.33,LOW,RUNNING,20.6,5.28,LIGHT,78.67,LOW,RUNNING,24.13,7.16,LIGHT,85.9,LOW,RUNNING,28.46,55.0,274.2,0.25,22.0,COOLING,0.25,22.0,COOLING,0.25,22.0,COOLING,0.25,22.0,COOLING,21.361,21.944,25.429,21.946,22.67,25.429,21.361,4.068,327.37,160.24,161.35,164.57,170.0,170.0,1360.0,170.0,255.48,311.52,305.15,311.47,189.25,319.25,-827.25,318.75,875.0,875.0,875.0,875.0,67.1,86.01,124.25,89.79,813.53,1870.0,1183.62,3500.0,367.15,0.0,1.0,1.0,0.0,22.5,TARGETED_EAST_OCCUPANCY_COOL,37.8246
2,Occupancy Concentration,0,566,5660.0,22,2,2,16,2,21.7,6.17,LIGHT,81.38,LOW,RUNNING,20.87,5.49,LIGHT,79.32,LOW,RUNNING,23.7,7.86,LIGHT,86.42,LOW,RUNNING,21.89,5.4,LIGHT,80.46,LOW,RUNNING,18.72,4.03,LIGHT,74.45,LOW,RUNNING,23.31,7.6,LIGHT,85.54,LOW,RUNNING,22.03,6.53,LIGHT,82.33,LOW,RUNNING,21.18,5.44,LIGHT,79.63,LOW,RUNNING,20.67,5.24,LIGHT,78.7,LOW,RUNNING,24.04,7.04,LIGHT,85.61,LOW,RUNNING,28.47,55.0,274.3,0.25,22.0,COOLING,0.25,22.0,COOLING,0.25,22.0,COOLING,0.25,22.0,COOLING,21.362,21.946,25.432,21.948,22.672,25.432,21.362,4.07,327.58,159.99,161.96,164.31,170.0,170.0,1360.0,170.0,255.7,311.75,305.39,311.71,189.5,319.25,-827.5,318.75,875.0,875.0,875.0,875.0,67.78,85.99,124.85,89.77,813.84,1870.0,1184.55,3500.0,368.39,0.0,1.0,1.0,0.0,22.5,TARGETED_EAST_OCCUPANCY_COOL,37.8735
2,Occupancy Concentration,0,567,5670.0,22,2,2,16,2,21.86,6.28,LIGHT,81.75,LOW,RUNNING,21.0,5.5,LIGHT,79.5,LOW,RUNNING,23.68,7.76,LIGHT,86.24,LOW,RUNNING,21.74,5.28,LIGHT,80.09,LOW,RUNNING,18.58,4.0,LIGHT,74.22,LOW,RUNNING,23.3,7.68,LIGHT,85.64,LOW,RUNNING,22.17,6.65,LIGHT,82.69,LOW,RUNNING,21.34,5.48,LIGHT,79.89,LOW,RUNNING,20.7,5.17,LIGHT,78.63,LOW,RUNNING,23.91,6.92,LIGHT,85.27,LOW,RUNNING,28.47,55.0,274.5,0.25,22.0,COOLING,0.25,22.0,COOLING,0.25,22.0,COOLING,0.25,22.0,COOLING,21.363,21.948,25.435,21.95,22.674,25.435,21.363,4.072,327.58,159.86,162.58,163.9,170.0,170.0,1360.0,170.0,255.76,311.83,305.51,311.78,189.75,319.25,-827.75,318.75,875.0,875.0,875.0,875.0,68.09,85.94,125.34,89.43,813.92,1870.0,1184.88,3500.0,368.8,0.0,1.0,1.0,0.0,22.5,TARGETED_EAST_OCCUPANCY_COOL,37.9232
2,Occupancy Concentration,0,568,5680.0,22,2,2,16,2,22.02,6.37,LIGHT,82.08,LOW,RUNNING,21.1,5.48,LIGHT,79.59,LOW,RUNNING,23.63,7.65,LIGHT,86.01,LOW,RUNNING,21.58,5.18,LIGHT,79.74,LOW,RUNNING,18.46,4.0,LIGHT,74.08,LOW,RUNNING,23.34,7.78,LIGHT,85.84,LOW,RUNNING,22.33,6.76,LIGHT,83.05,LOW,RUNNING,21.48,5.5,LIGHT,80.1,LOW,RUNNING,20.69,5.08,LIGHT,78.48,LOW,RUNNING,23.77,6.8,LIGHT,84.91,LOW,RUNNING,28.47,55.0,274.7,0.25,22.0,COOLING,0.25,22.0,COOLING,0.25,22.0,COOLING,0.25,22.0,COOLING,21.364,21.95,25.438,21.952,22.676,25.438,21.364,4.074,327.42,159.92,163.15,163.39,170.0,170.0,1360.0,170.0,255.81,311.91,305.61,311.87,190.0,319.25,-828.0,318.75,875.0,875.0,875.0,875.0,68.23,86.08,125.76,89.01,813.88,1870.0,1185.2,3500.0,369.08,0.0,1.0,1.0,0.0,22.5,TARGETED_EAST_OCCUPANCY_COOL,37.9732
2,Occupancy Concentration,0,569,5690.0,22,2,2,16,2,22.19,6.44,LIGHT,82.4,LOW,RUNNING,21.17,5.44,LIGHT,79.62,LOW,RUNNING,23.53,7.53,LIGHT,85.71,LOW,RUNNING,21.41,5.1,LIGHT,79.41,LOW,RUNNING,18.37,4.03,LIGHT,74.01,LOW,RUNNING,23.41,7.9,LIGHT,86.11,LOW,RUNNING,22.49,6.86,LIGHT,83.4,LOW,RUNNING,21.59,5.49,LIGHT,80.22,LOW,RUNNING,20.64,4.97,LIGHT,78.25,LOW,RUNNING,23.6,6.7,LIGHT,84.55,LOW,RUNNING,28.48,55.0,274.8,0.25,22.0,COOLING,0.25,22.0,COOLING,0.25,22.0,COOLING,0.25,22.0,COOLING,21.365,21.952,25.441,21.954,22.678,25.441,21.365,4.076,327.14,160.12,163.62,162.8,170.0,170.0,1360.0,170.0,256.04,312.15,305.85,312.1,190.25,319.25,-828.25,318.75,875.0,875.0,875.0,875.0,68.43,86.52,126.22,88.65,813.68,1870.0,1186.14,3500.0,369.82,0.0,1.0,1.0,0.0,22.5,TARGETED_EAST_OCCUPANCY_COOL,38.0234
2,Occupancy Concentration,0,570,5700.0,22,2,2,16,2,22.35,6.48,LIGHT,82.66,LOW,RUNNING,21.2,5.37,LIGHT,79.56,LOW,RUNNING,23.41,7.41,LIGHT,85.38,LOW,RUNNING,21.24,5.04,LIGHT,79.11,LOW,RUNNING,18.31,4.09,LIGHT,74.02,LOW,RUNNING,23.51,8.02,LIGHT,86.42,LOW,RUNNING,22.66,6.93,LIGHT,83.72,LOW,RUNNING,21.66,5.45,LIGHT,80.25,LOW,RUNNING,20.55,4.85,LIGHT,77.96,LOW,RUNNING,23.44,6.61,LIGHT,84.22,LOW,RUNNING,28.48,55.0,275.0,0.25,22.0,COOLING,0.25,22.0,COOLING,0.25,22.0,COOLING,0.25,22.0,COOLING,21.366,21.954,25.444,21.956,22.68,25.444,21.366,4.078,326.71,160.44,163.97,162.18,170.0,170.0,1360.0,170.0,256.09,312.23,305.96,312.19,190.5,319.25,-828.5,318.75,875.0,875.0,875.0,875.0,68.3,86.92,126.43,88.12,813.3,1870.0,1186.47,3500.0,369.77,0.0,1.0,1.0,0.0,22.5,TARGETED_EAST_OCCUPANCY_COOL,38.0738
2,Occupancy Concentration,0,571,5710.0,22,2,2,16,2,22.48,6.5,LIGHT,82.85,LOW,RUNNING,21.19,5.28,LIGHT,79.41,LOW,RUNNING,23.26,7.3,LIGHT,85.03,LOW,RUNNING,21.1,5.01,LIGHT,78.89,LOW,RUNNING,18.3,4.17,LIGHT,74.13,LOW,RUNNING,23.65,8.14,LIGHT,86.77,LOW,RUNNING,22.82,6.98,LIGHT,84.0,LOW,RUNNING,21.7,5.38,LIGHT,80.19,LOW,RUNNING,20.43,4.73,LIGHT,77.63,LOW,RUNNING,23.27,6.55,LIGHT,83.91,LOW,RUNNING,28.48,55.0,275.2,0.25,22.0,COOLING,0.25,22.0,COOLING,0.25,22.0,COOLING,0.25,22.0,COOLING,21.367,21.956,25.447,21.958,22.682,25.447,21.367,4.08,326.18,160.9,164.19,161.54,170.0,170.0,1360.0,170.0,256.15,312.31,306.07,312.27,190.75,319.25,-828.75,318.75,875.0,875.0,875.0,875.0,68.08,87.46,126.51,87.56,812.81,1870.0,1186.8,3500.0,369.61,0.0,1.0,1.0,0.0,22.5,TARGETED_EAST_OCCUPANCY_COOL,38.1242
2,Occupancy Concentration,0,572,5720.0,22,2,2,16,2,22.59,6.49,LIGHT,82.97,LOW,RUNNING,21.14,5.17,LIGHT,79.18,LOW,RUNNING,23.1,7.19,LIGHT,84.66,LOW,RUNNING,20.97,5.0,LIGHT,78.71,LOW,RUNNING,18.33,4.27,LIGHT,74.32,LOW,RUNNING,23.8,8.25,LIGHT,87.12,LOW,RUNNING,22.96,7.0,LIGHT,84.2,LOW,RUNNING,21.69,5.29,LIGHT,80.05,LOW,RUNNING,20.29,4.62,LIGHT,77.29,LOW,RUNNING,23.12,6.51,LIGHT,83.67,LOW,RUNNING,28.49,55.0,275.3,0.25,22.0,COOLING,0.25,22.0,COOLING,0.25,22.0,COOLING,0.25,22.0,COOLING,21.368,21.958,25.45,21.96,22.684,25.45,21.368,4.082,325.52,161.44,164.25,160.96,170.0,170.0,1360.0,170.0,256.38,312.54,306.31,312.5,191.0,319.25,-829.0,318.75,875.0,875.0,875.0,875.0,67.9,88.23,126.56,87.21,812.17,1870.0,1187.73,3500.0,369.9,0.0,1.0,1.0,0.0,22.5,TARGETED_EAST_OCCUPANCY_COOL,38.1747
2,Occupancy Concentration,0,573,5730.0,22,2,2,16,2,22.66,6.45,LIGHT,83.0,LOW,RUNNING,21.05,5.05,LIGHT,78.89,LOW,RUNNING,22.93,7.11,LIGHT,84.33,LOW,RUNNING,20.88,5.03,LIGHT,78.64,LOW,RUNNING,18.4,4.38,LIGHT,74.57,LOW,RUNNING,23.97,8.34,LIGHT,87.47,LOW,RUNNING,23.07,6.99,LIGHT,84.32,LOW,RUNNING,21.65,5.19,LIGHT,79.85,LOW,RUNNING,20.13,4.51,LIGHT,76.93,LOW,RUNNING,22.99,6.5,LIGHT,83.49,LOW,RUNNING,28.49,55.0,275.5,0.25,22.0,COOLING,0.25,22.0,COOLING,0.25,22.0,COOLING,0.25,22.0,COOLING,21.369,21.96,25.453,21.962,22.686,25.453,21.369,4.084,324.86,162.04,164.17,160.42,170.0,170.0,1360.0,170.0,256.43,312.63,306.42,312.58,191.25,319.25,-829.25,318.75,875.0,875.0,875.0,875.0,67.54,88.92,126.34,86.75,811.49,1870.0,1188.06,3500.0,369.55,0.0,1.0,1.0,0.0,22.5,TARGETED_EAST_OCCUPANCY_COOL,38.2249
2,Occupancy Concentration,0,574,5740.0,22,2,2,16,2,22.7,6.38,LIGHT,82.94,LOW,RUNNING,20.93,4.93,LIGHT,78.56,LOW,RUNNING,22.77,7.05,LIGHT,84.04,LOW,RUNNING,20.82,5.08,LIGHT,78.65,LOW,RUNNING,18.5,4.5,LIGHT,74.88,LOW,RUNNING,24.14,8.42,LIGHT,87.8,LOW,RUNNING,23.15,6.95,LIGHT,84.36,LOW,RUNNING,21.57,5.07,LIGHT,79.57,LOW,RUNNING,19.96,4.42,LIGHT,76.58,LOW,RUNNING,22.89,6.52,LIGHT,83.39,LOW,RUNNING,28.49,55.0,275.7,0.25,22.0,COOLING,0.25,22.0,COOLING,0.25,22.0,COOLING,0.25,22.0,COOLING,21.37,21.962,25.456,21.964,22.688,25.456,21.37,4.086,324.19,162.68,163.93,159.97,170.0,170.0,1360.0,170.0,256.49,312.7,306.54,312.66,191.5,319.25,-829.5,318.75,875.0,875.0,875.0,875.0,67.18,89.63,125.97,86.38,810.77,1870.0,1188.39,3500.0,369.16,0.0,1.0,1.0,0.0,22.5,TARGETED_EAST_OCCUPANCY_COOL,38.275
2,Occupancy Concentration,0,575,5750.0,22,2,2,16,2,22.69,6.29,LIGHT,82.8,LOW,RUNNING,20.78,4.81,LIGHT,78.19,LOW,RUNNING,22.61,7.01,LIGHT,83.78,LOW,RUNNING,20.8,5.16,LIGHT,78.74,LOW,RUNNING,18.63,4.62,LIGHT,75.22,LOW,RUNNING,24.3,8.47,LIGHT,88.08,LOW,RUNNING,23.19,6.89,LIGHT,84.32,LOW,RUNNING,21.45,4.95,LIGHT,79.24,LOW,RUNNING,19.79,4.35,LIGHT,76.26,LOW,RUNNING,22.83,6.57,LIGHT,83.39,LOW,RUNNING,28.5,55.0,275.8,0.25,22.0,COOLING,0.25,22.0,COOLING,0.25,22.0,COOLING,0.25,22.0,COOLING,21.371,21.964,25.459,21.966,22.69,25.459,21.371,4.088,323.51,163.3,163.56,159.65,170.0,170.0,1360.0,170.0,256.71,312.95,306.77,312.9,191.75,319.25,-829.75,318.75,875.0,875.0,875.0,875.0,66.97,90.5,125.58,86.3,810.02,1870.0,1189.33,3500.0,369.35,0.0,1.0,1.0,0.0,22.5,TARGETED_EAST_OCCUPANCY_COOL,38.3248
2,Occupancy Concentration,0,576,5760.0,22,2,2,16,2,22.65,6.18,LIGHT,82.58,LOW,RUNNING,20.62,4.71,LIGHT,77.84,LOW,RUNNING,22.49,7.0,LIGHT,83.61,LOW,RUNNING,20.82,5.25,LIGHT,78.9,LOW,RUNNING,18.78,4.73,LIGHT,75.57,LOW,RUNNING,24.44,8.5,LIGHT,88.3,LOW,RUNNING,23.2,6.81,LIGHT,84.22,LOW,RUNNING,21.31,4.83,LIGHT,78.88,LOW,RUNNING,19.64,4.31,LIGHT,76.02,LOW,RUNNING,22.8,6.64,LIGHT,83.46,LOW,RUNNING,28.5,55.0,276.0,0.25,22.0,COOLING,0.25,22.0,COOLING,0.25,22.0,COOLING,0.25,22.0,COOLING,21.372,21.966,25.462,21.968,22.692,25.462,21.372,4.09,322.93,163.87,163.1,159.48,170.0,170.0,1360.0,170.0,256.77,313.02,306.88,312.98,192.0,319.25,-830.0,318.75,875.0,875.0,875.0,875.0,66.7,91.14,124.98,86.21,809.38,1870.0,1189.65,3500.0,369.03,0.0,1.0,1.0,0.0,22.5,TARGETED_EAST_OCCUPANCY_COOL,38.3744
2,Occupancy Concentration,0,577,5770.0,22,2,2,16,2,22.56,6.07,LIGHT,82.31,LOW,RUNNING,20.45,4.62,LIGHT,77.49,LOW,RUNNING,22.39,7.02,LIGHT,83.52,LOW,RUNNING,20.88,5.36,LIGHT,79.14,LOW,RUNNING,18.95,4.83,LIGHT,75.93,LOW,RUNNING,24.56,8.49,LIGHT,88.44,LOW,RUNNING,23.16,6.7,LIGHT,84.0,LOW,RUNNING,21.15,4.72,LIGHT,78.52,LOW,RUNNING,19.51,4.3,LIGHT,75.84,LOW,RUNNING,22.82,6.74,LIGHT,83.64,LOW,RUNNING,28.5,55.0,276.2,0.25,22.0,COOLING,0.25,22.0,COOLING,0.25,22.0,COOLING,0.25,22.0,COOLING,21.373,21.968,25.465,21.97,22.694,25.465,21.373,4.092,322.46,164.37,162.52,159.48,170.0,170.0,1360.0,170.0,256.83,313.1,306.99,313.06,192.25,319.25,-830.25,318.75,875.0,875.0,875.0,875.0,66.54,91.72,124.26,86.29,808.83,1870.0,1189.98,3500.0,368.81,0.0,1.0,1.0,0.0,22.5,TARGETED_EAST_OCCUPANCY_COOL,38.4236
2,Occupancy Concentration,0,578,5780.0,22,2,2,16,2,22.45,5.95,LIGHT,81.99,LOW,RUNNING,20.29,4.55,LIGHT,77.19,LOW,RUNNING,22.32,7.07,LIGHT,83.51,LOW,RUNNING,20.98,5.48,LIGHT,79.44,LOW,RUNNING,19.12,4.91,LIGHT,76.27,LOW,RUNNING,24.64,8.46,LIGHT,88.49,LOW,RUNNING,23.08,6.59,LIGHT,83.73,LOW,RUNNING,20.98,4.63,LIGHT,78.17,LOW,RUNNING,19.4,4.32,LIGHT,75.73,LOW,RUNNING,22.87,6.84,LIGHT,83.85,LOW,RUNNING,28.51,55.0,276.3,0.25,22.0,COOLING,0.25,22.0,COOLING,0.25,22.0,COOLING,0.25,22.0,COOLING,21.374,21.97,25.468,21.972,22.696,25.468,21.374,4.094,322.13,164.76,161.9,159.58,170.0,170.0,1360.0,170.0,257.06,313.34,307.23,313.3,192.5,319.25,-830.5,318.75,875.0,875.0,875.0,875.0,66.69,92.35,123.63,86.63,808.37,1870.0,1190.93,3500.0,369.3,0.0,1.0,1.0,0.0,22.5,TARGETED_EAST_OCCUPANCY_COOL,38.4726
2,Occupancy Concentration,0,579,5790.0,22,2,2,16,2,22.3,5.83,LIGHT,81.62,LOW,RUNNING,20.13,4.51,LIGHT,76.93,LOW,RUNNING,22.3,7.14,LIGHT,83.58,LOW,RUNNING,21.11,5.6,LIGHT,79.79,LOW,RUNNING,19.28,4.97,LIGHT,76.55,LOW,RUNNING,24.69,8.4,LIGHT,88.46,LOW,RUNNING,22.97,6.47,LIGHT,83.42,LOW,RUNNING,20.82,4.56,LIGHT,77.87,LOW,RUNNING,19.33,4.36,LIGHT,75.7,LOW,RUNNING,22.96,6.96,LIGHT,84.14,LOW,RUNNING,28.51,55.0,276.5,0.25,22.0,COOLING,0.25,22.0,COOLING,0.25,22.0,COOLING,0.25,22.0,COOLING,21.375,21.972,25.471,21.974,22.698,25.471,21.375,4.096,321.92,165.01,161.29,159.84,170.0,170.0,1360.0,170.0,257.11,313.42,307.34,313.38,192.75,319.25,-830.75,318.75,875.0,875.0,875.0,875.0,66.78,92.68,122.88,86.97,808.06,1870.0,1191.25,3500.0,369.31,0.0,1.0,1.0,0.0,22.5,TARGETED_EAST_OCCUPANCY_COOL,38.5216
2,Occupancy Concentration,0,580,5800.0,22,2,2,16,2,22.14,5.72,LIGHT,81.25,LOW,RUNNING,20.0,4.5,LIGHT,76.75,LOW,RUNNING,22.32,7.24,LIGHT,83.76,LOW,RUNNING,21.26,5.72,LIGHT,80.16,LOW,RUNNING,19.42,5.0,LIGHT,76.78,LOW,RUNNING,24.7,8.32,LIGHT,88.36,LOW,RUNNING,22.83,6.35,LIGHT,83.06,LOW,RUNNING,20.66,4.52,LIGHT,77.61,LOW,RUNNING,19.3,4.43,LIGHT,75.77,LOW,RUNNING,23.09,7.08,LIGHT,84.48,LOW,RUNNING,28.51,55.0,276.7,0.25,22.0,COOLING,0.25,22.0,COOLING,0.25,22.0,COOLING,0.25,22.0,COOLING,21.376,21.974,25.473,21.976,22.7,25.473,21.376,4.097,321.92,165.14,160.67,160.25,170.0,170.0,1360.0,170.0,257.16,313.51,307.45,313.46,193.0,319.25,-831.0,318.75,875.0,875.0,875.0,875.0,67.08,92.9,122.12,87.46,807.98,1870.0,1191.58,3500.0,369.56,0.0,1.0,1.0,0.0,22.5,TARGETED_EAST_OCCUPANCY_COOL,38.5457
2,Occupancy Concentration,0,581,5810.0,22,2,2,16,2,21.98,5.63,LIGHT,80.92,LOW,RUNNING,19.9,4.52,LIGHT,76.66,LOW,RUNNING,22.37,7.35,LIGHT,83.99,LOW,RUNNING,21.42,5.82,LIGHT,80.51,LOW,RUNNING,19.54,5.0,LIGHT,76.92,LOW,RUNNING,24.66,8.22,LIGHT,88.16,LOW,RUNNING,22.67,6.24,LIGHT,82.7,LOW,RUNNING,20.52,4.5,LIGHT,77.4,LOW,RUNNING,19.31,4.52,LIGHT,75.92,LOW,RUNNING,23.23,7.2,LIGHT,84.84,LOW,RUNNING,28.52,55.0,276.8,0.25,22.0,COOLING,0.25,22.0,COOLING,0.25,22.0,COOLING,0.25,22.0,COOLING,21.377,21.976,25.475,21.978,22.701,25.475,21.377,4.098,322.08,165.08,160.1,160.76,170.0,170.0,1360.0,170.0,257.4,313.74,307.71,313.7,193.23,319.14,-831.01,318.64,875.0,875.0,875.0,875.0,67.71,92.96,121.8,88.1,808.02,1870.0,1192.55,3500.0,370.57,0.0,1.0,1.0,0.0,22.5,TARGETED_EAST_OCCUPANCY_COOL,38.5706
2,Occupancy Concentration,0,582,5820.0,22,2,2,16,2,21.81,5.56,LIGHT,80.6,LOW,RUNNING,19.83,4.56,LIGHT,76.63,LOW,RUNNING,22.47,7.47,LIGHT,84.29,LOW,RUNNING,21.59,5.9,LIGHT,80.84,LOW,RUNNING,19.63,4.97,LIGHT,76.99,LOW,RUNNING,24.59,8.1,LIGHT,87.89,LOW,RUNNING,22.51,6.14,LIGHT,82.35,LOW,RUNNING,20.41,4.51,LIGHT,77.28,LOW,RUNNING,19.36,4.63,LIGHT,76.15,LOW,RUNNING,23.4,7.3,LIGHT,85.2,LOW,RUNNING,28.52,55.0,277.0,0.25,22.0,COOLING,0.25,22.0,COOLING,0.25,22.0,COOLING,0.25,22.0,COOLING,21.378,21.978,25.477,21.98,22.703,25.477,21.378,4.099,322.36,164.88,159.63,161.35,170.0,170.0,1360.0,170.0,257.45,313.82,307.84,313.77,193.47,319.03,-831.03,318.53,875.0,875.0,875.0,875.0,68.28,92.73,121.44,88.65,808.22,1870.0,1192.88,3500.0,371.1,0.0,1.0,1.0,0.0,22.5,TARGETED_EAST_OCCUPANCY_COOL,38.5956
2,Occupancy Concentration,0,583,5830.0,22,2,2,16,2,21.65,5.52,LIGHT,80.34,LOW,RUNNING,19.8,4.63,LIGHT,76.69,LOW,RUNNING,22.59,7.59,LIGHT,84.62,LOW,RUNNING,21.76,5.96,LIGHT,81.14,LOW,RUNNING,19.69,4.91,LIGHT,76.98,LOW,RUNNING,24.49,7.98,LIGHT,87.58,LOW,RUNNING,22.34,6.07,LIGHT,82.03,LOW,RUNNING,20.34,4.55,LIGHT,77.25,LOW,RUNNING,19.45,4.75,LIGHT,76.44,LOW,RUNNING,23.56,7.39,LIGHT,85.53,LOW,RUNNING,28.52,55.0,277.2,0.25,22.0,COOLING,0.25,22.0,COOLING,0.25,22.0,COOLING,0.25,22.0,COOLING,21.379,21.98,25.479,21.982,22.705,25.479,21.379,4.1,322.79,164.56,159.28,161.97,170.0,170.0,1360.0,170.0,257.5,313.9,307.97,313.86,193.71,318.92,-831.04,318.42,875.0,875.0,875.0,875.0,69.0,92.38,121.21,89.25,808.6,1870.0,1193.23,3500.0,371.84,0.0,1.0,1.0,0.0,22.5,TARGETED_EAST_OCCUPANCY_COOL,38.6208
2,Occupancy Concentration,0,584,5840.0,22,2,2,16,2,21.52,5.5,LIGHT,80.15,LOW,RUNNING,19.81,4.72,LIGHT,76.84,LOW,RUNNING,22.74,7.7,LIGHT,84.97,LOW,RUNNING,21.9,5.99,LIGHT,81.36,LOW,RUNNING,19.7,4.83,LIGHT,76.87,LOW,RUNNING,24.35,7.86,LIGHT,87.23,LOW,RUNNING,22.18,6.02,LIGHT,81.75,LOW,RUNNING,20.3,4.62,LIGHT,77.31,LOW,RUNNING,19.57,4.87,LIGHT,76.77,LOW,RUNNING,23.73,7.45,LIGHT,85.84,LOW,RUNNING,28.53,55.0,277.3,0.25,22.0,COOLING,0.25,22.0,COOLING,0.25,22.0,COOLING,0.25,22.0,COOLING,21.38,21.982,25.481,21.984,22.707,25.481,21.38,4.101,323.32,164.1,159.06,162.61,170.0,170.0,1360.0,170.0,257.74,314.14,308.24,314.09,193.94,318.81,-831.06,318.31,875.0,875.0,875.0,875.0,70.0,92.05,121.24,90.01,809.09,1870.0,1194.21,3500.0,373.3,0.0,1.0,1.0,0.0,22.5,TARGETED_EAST_OCCUPANCY_COOL,38.6463
2,Occupancy Concentration,0,585,5850.0,22,2,2,16,2,21.41,5.51,LIGHT,80.03,LOW,RUNNING,19.86,4.83,LIGHT,77.07,LOW,RUNNING,22.9,7.81,LIGHT,85.34,LOW,RUNNING,22.03,6.0,LIGHT,81.54,LOW,RUNNING,19.67,4.73,LIGHT,76.68,LOW,RUNNING,24.2,7.75,LIGHT,86.88,LOW,RUNNING,22.04,6.0,LIGHT,81.55,LOW,RUNNING,20.31,4.71,LIGHT,77.45,LOW,RUNNING,19.71,4.98,LIGHT,77.11,LOW,RUNNING,23.88,7.49,LIGHT,86.08,LOW,RUNNING,28.53,55.0,277.5,0.25,22.0,COOLING,0.25,22.0,COOLING,0.25,22.0,COOLING,0.25,22.0,COOLING,21.381,21.984,25.483,21.986,22.709,25.483,21.381,4.102,323.98,163.56,159.0,163.19,170.0,170.0,1360.0,170.0,257.79,314.22,308.36,314.18,194.18,318.7,-831.08,318.2,875.0,875.0,875.0,875.0,70.95,91.48,121.28,90.57,809.73,1870.0,1194.55,3500.0,374.28,0.0,1.0,1.0,0.0,22.5,TARGETED_EAST_OCCUPANCY_COOL,38.6721
2,Occupancy Concentration,0,586,5860.0,22,2,2,16,2,21.34,5.55,LIGHT,80.0,LOW,RUNNING,19.95,4.95,LIGHT,77.36,LOW,RUNNING,23.07,7.89,LIGHT,85.67,LOW,RUNNING,22.12,5.97,LIGHT,81.61,LOW,RUNNING,19.6,4.62,LIGHT,76.43,LOW,RUNNING,24.03,7.66,LIGHT,86.53,LOW,RUNNING,21.93,6.01,LIGHT,81.43,LOW,RUNNING,20.35,4.81,LIGHT,77.65,LOW,RUNNING,19.87,5.09,LIGHT,77.47,LOW,RUNNING,24.01,7.5,LIGHT,86.26,LOW,RUNNING,28.53,55.0,277.7,0.25,22.0,COOLING,0.25,22.0,COOLING,0.25,22.0,COOLING,0.25,22.0,COOLING,21.382,21.986,25.485,21.988,22.71,25.485,21.382,4.103,324.64,162.96,159.08,163.73,170.0,170.0,1360.0,170.0,257.84,314.3,308.5,314.26,194.41,318.59,-831.09,318.09,875.0,875.0,875.0,875.0,71.89,90.85,121.49,91.08,810.41,1870.0,1194.9,3500.0,375.31,0.0,1.0,1.0,0.0,22.5,TARGETED_EAST_OCCUPANCY_COOL,38.6985
2,Occupancy Concentration,0,587,5870.0,22,2,2,16,2,21.3,5.62,LIGHT,80.06,LOW,RUNNING,20.07,5.07,LIGHT,77.69,LOW,RUNNING,23.23,7.95,LIGHT,85.96,LOW,RUNNING,22.18,5.92,LIGHT,81.6,LOW,RUNNING,19.5,4.5,LIGHT,76.12,LOW,RUNNING,23.86,7.58,LIGHT,86.2,LOW,RUNNING,21.85,6.05,LIGHT,81.39,LOW,RUNNING,20.43,4.93,LIGHT,77.93,LOW,RUNNING,20.04,5.18,LIGHT,77.82,LOW,RUNNING,24.11,7.48,LIGHT,86.36,LOW,RUNNING,28.54,55.0,277.8,0.25,22.0,COOLING,0.25,22.0,COOLING,0.25,22.0,COOLING,0.25,22.0,COOLING,21.383,21.988,25.487,21.99,22.712,25.487,21.383,4.104,325.31,162.32,159.32,164.18,170.0,170.0,1360.0,170.0,258.07,314.53,308.75,314.49,194.64,318.48,-831.1,317.98,875.0,875.0,875.0,875.0,73.02,90.33,121.97,91.65,811.13,1870.0,1195.84,3500.0,376.97,0.0,1.0,1.0,0.0,22.5,TARGETED_EAST_OCCUPANCY_COOL,38.7255
2,Occupancy Concentration,0,588,5880.0,22,2,2,16,2,21.31,5.71,LIGHT,80.2,LOW,RUNNING,20.22,5.19,LIGHT,78.06,LOW,RUNNING,23.39,7.99,LIGHT,86.22,LOW,RUNNING,22.2,5.84,LIGHT,81.51,LOW,RUNNING,19.37,4.38,LIGHT,75.78,LOW,RUNNING,23.7,7.53,LIGHT,85.92,LOW,RUNNING,21.81,6.11,LIGHT,81.43,LOW,RUNNING,20.55,5.05,LIGHT,78.26,LOW,RUNNING,20.21,5.25,LIGHT,78.14,LOW,RUNNING,24.17,7.43,LIGHT,86.36,LOW,RUNNING,28.54,55.0,278.0,0.25,22.0,COOLING,0.25,22.0,COOLING,0.25,22.0,COOLING,0.25,22.0,COOLING,21.385,21.99,25.489,21.992,22.714,25.489,21.385,4.104,325.99,161.7,159.69,164.5,170.0,170.0,1360.0,170.0,258.13,314.62,308.89,314.58,194.88,318.37,-831.12,317.87,875.0,875.0,875.0,875.0,74.0,89.69,122.46,91.95,811.88,1870.0,1196.22,3500.0,378.1,0.0,1.0,1.0,0.0,22.5,TARGETED_EAST_OCCUPANCY_COOL,38.7359
2,Occupancy Concentration,0,589,5890.0,22,2,2,16,2,21.35,5.82,LIGHT,80.42,LOW,RUNNING,20.38,5.29,LIGHT,78.41,LOW,RUNNING,23.51,8.0,LIGHT,86.39,LOW,RUNNING,22.18,5.75,LIGHT,81.35,LOW,RUNNING,19.22,4.27,LIGHT,75.43,LOW,RUNNING,23.56,7.5,LIGHT,85.7,LOW,RUNNING,21.8,6.19,LIGHT,81.53,LOW,RUNNING,20.69,5.17,LIGHT,78.62,LOW,RUNNING,20.36,5.29,LIGHT,78.39,LOW,RUNNING,24.2,7.36,LIGHT,86.29,LOW,RUNNING,28.55,55.0,278.2,0.25,22.0,COOLING,0.25,22.0,COOLING,0.25,22.0,COOLING,0.25,22.0,COOLING,21.387,21.992,25.492,21.994,22.716,25.492,21.387,4.105,326.57,161.13,160.15,164.68,170.0,170.0,1360.0,170.0,258.38,314.92,309.23,314.88,194.88,318.37,-831.12,317.87,875.0,875.0,875.0,875.0,74.83,89.42,123.26,92.43,812.53,1870.0,1197.41,3500.0,379.94,0.0,1.0,1.0,0.0,22.5,TARGETED_EAST_OCCUPANCY_COOL,38.7726
2,Occupancy Concentration,0,590,5900.0,22,2,2,16,2,21.44,5.93,LIGHT,80.69,LOW,RUNNING,20.55,5.38,LIGHT,78.76,LOW,RUNNING,23.61,7.98,LIGHT,86.48,LOW,RUNNING,22.12,5.64,LIGHT,81.11,LOW,RUNNING,19.05,4.17,LIGHT,75.07,LOW,RUNNING,23.44,7.51,LIGHT,85.57,LOW,RUNNING,21.84,6.3,LIGHT,81.75,LOW,RUNNING,20.85,5.28,LIGHT,78.98,LOW,RUNNING,20.49,5.3,LIGHT,78.56,LOW,RUNNING,24.18,7.26,LIGHT,86.11,LOW,RUNNING,28.55,55.0,278.3,0.25,22.0,COOLING,0.25,22.0,COOLING,0.25,22.0,COOLING,0.25,22.0,COOLING,21.389,21.994,25.495,21.996,22.718,25.495,21.389,4.106,327.04,160.64,160.73,164.67,170.0,170.0,1360.0,170.0,258.36,314.94,309.26,314.89,194.89,318.48,-831.36,317.98,875.0,875.0,875.0,875.0,75.29,89.06,123.63,92.54,813.08,1870.0,1197.45,3500.0,380.52,0.0,1.0,1.0,0.0,22.5,TARGETED_EAST_OCCUPANCY_COOL,38.8091
2,Occupancy Concentration,0,591,5910.0,22,2,2,16,2,21.55,6.05,LIGHT,81.01,LOW,RUNNING,20.71,5.45,LIGHT,79.06,LOW,RUNNING,23.68,7.93,LIGHT,86.49,LOW,RUNNING,22.02,5.52,LIGHT,80.81,LOW,RUNNING,18.88,4.09,LIGHT,74.73,LOW,RUNNING,23.36,7.54,LIGHT,85.51,LOW,RUNNING,21.92,6.41,LIGHT,82.02,LOW,RUNNING,21.02,5.37,LIGHT,79.33,LOW,RUNNING,20.6,5.28,LIGHT,78.67,LOW,RUNNING,24.13,7.16,LIGHT,85.9,LOW,RUNNING,28.55,55.0,278.5,0.25,22.0,COOLING,0.25,22.0,COOLING,0.25,22.0,COOLING,0.25,22.0,COOLING,21.391,21.996,25.498,21.998,22.721,25.498,21.391,4.107,327.37,160.24,161.35,164.57,170.0,170.0,1360.0,170.0,258.4,315.01,309.37,314.97,194.91,318.59,-831.59,318.09,875.0,875.0,875.0,875.0,75.68,88.84,124.13,92.63,813.53,1870.0,1197.75,3500.0,381.28,0.0,1.0,1.0,0.0,22.5,TARGETED_EAST_OCCUPANCY_COOL,38.8464
2,Occupancy Concentration,0,592,5920.0,22,2,2,16,2,21.7,6.17,LIGHT,81.38,LOW,RUNNING,20.87,5.49,LIGHT,79.32,LOW,RUNNING,23.7,7.86,LIGHT,86.42,LOW,RUNNING,21.89,5.4,LIGHT,80.46,LOW,RUNNING,18.72,4.03,LIGHT,74.45,LOW,RUNNING,23.31,7.6,LIGHT,85.54,LOW,RUNNING,22.03,6.53,LIGHT,82.33,LOW,RUNNING,21.18,5.44,LIGHT,79.63,LOW,RUNNING,20.67,5.24,LIGHT,78.7,LOW,RUNNING,24.04,7.04,LIGHT,85.61,LOW,RUNNING,28.56,55.0,278.7,0.25,22.0,COOLING,0.25,22.0,COOLING,0.25,22.0,COOLING,0.25,22.0,COOLING,21.393,21.998,25.501,22.0,22.723,25.501,21.393,4.108,327.58,159.99,161.96,164.31,170.0,170.0,1360.0,170.0,258.64,315.32,309.69,315.27,194.93,318.7,-831.83,318.2,875.0,875.0,875.0,875.0,76.15,89.01,124.82,92.78,813.84,1870.0,1198.92,3500.0,382.76,0.0,1.0,1.0,0.0,22.5,TARGETED_EAST_OCCUPANCY_COOL,38.8842
2,Occupancy Concentration,0,593,5930.0,22,2,2,16,2,21.86,6.28,LIGHT,81.75,LOW,RUNNING,21.0,5.5,LIGHT,79.5,LOW,RUNNING,23.68,7.76,LIGHT,86.24,LOW,RUNNING,21.74,5.28,LIGHT,80.09,LOW,RUNNING,18.58,4.0,LIGHT,74.22,LOW,RUNNING,23.3,7.68,LIGHT,85.64,LOW,RUNNING,22.17,6.65,LIGHT,82.69,LOW,RUNNING,21.34,5.48,LIGHT,79.89,LOW,RUNNING,20.7,5.17,LIGHT,78.63,LOW,RUNNING,23.91,6.92,LIGHT,85.27,LOW,RUNNING,28.56,55.0,278.8,0.25,22.0,COOLING,0.25,22.0,COOLING,0.25,22.0,COOLING,0.25,22.0,COOLING,21.395,22.0,25.504,22.002,22.725,25.504,21.395,4.109,327.58,159.86,162.58,163.9,170.0,170.0,1360.0,170.0,258.64,315.33,309.72,315.29,194.94,318.81,-832.06,318.31,875.0,875.0,875.0,875.0,76.16,89.0,125.24,92.5,813.92,1870.0,1198.98,3500.0,382.9,0.0,1.0,1.0,0.0,22.5,TARGETED_EAST_OCCUPANCY_COOL,38.9225
2,Occupancy Concentration,0,594,5940.0,22,2,2,16,2,22.02,6.37,LIGHT,82.08,LOW,RUNNING,21.1,5.48,LIGHT,79.59,LOW,RUNNING,23.63,7.65,LIGHT,86.01,LOW,RUNNING,21.58,5.18,LIGHT,79.74,LOW,RUNNING,18.46,4.0,LIGHT,74.08,LOW,RUNNING,23.34,7.78,LIGHT,85.84,LOW,RUNNING,22.33,6.76,LIGHT,83.05,LOW,RUNNING,21.48,5.5,LIGHT,80.1,LOW,RUNNING,20.69,5.08,LIGHT,78.48,LOW,RUNNING,23.77,6.8,LIGHT,84.91,LOW,RUNNING,28.56,55.0,279.0,0.25,22.0,COOLING,0.25,22.0,COOLING,0.25,22.0,COOLING,0.25,22.0,COOLING,21.397,22.002,25.507,22.004,22.727,25.507,21.397,4.11,327.42,159.92,163.15,163.39,170.0,170.0,1360.0,170.0,258.67,315.42,309.82,315.38,194.95,318.92,-832.3,318.42,875.0,875.0,875.0,875.0,76.04,89.26,125.67,92.19,813.88,1870.0,1199.29,3500.0,383.16,0.0,1.0,1.0,0.0,22.5,TARGETED_EAST_OCCUPANCY_COOL,38.9613
2,Occupancy Concentration,0,595,5950.0,22,2,2,16,2,22.19,6.44,LIGHT,82.4,LOW,RUNNING,21.17,5.44,LIGHT,79.62,LOW,RUNNING,23.53,7.53,LIGHT,85.71,LOW,RUNNING,21.41,5.1,LIGHT,79.41,LOW,RUNNING,18.37,4.03,LIGHT,74.01,LOW,RUNNING,23.41,7.9,LIGHT,86.11,LOW,RUNNING,22.49,6.86,LIGHT,83.4,LOW,RUNNING,21.59,5.49,LIGHT,80.22,LOW,RUNNING,20.64,4.97,LIGHT,78.25,LOW,RUNNING,23.6,6.7,LIGHT,84.55,LOW,RUNNING,28.57,55.0,279.2,0.25,22.0,COOLING,0.25,22.0,COOLING,0.25,22.0,COOLING,0.25,22.0,COOLING,21.399,22.004,25.51,22.006,22.73,25.51,21.399,4.111,327.14,160.12,163.62,162.8,170.0,170.0,1360.0,170.0,258.92,315.71,310.15,315.67,194.97,319.03,-832.53,318.53,875.0,875.0,875.0,875.0,76.03,89.86,126.24,92.0,813.68,1870.0,1200.45,3500.0,384.13,0.0,1.0,1.0,0.0,22.5,TARGETED_EAST_OCCUPANCY_COOL,39.0005
2,Occupancy Concentration,0,596,5960.0,22,2,2,16,2,22.35,6.48,LIGHT,82.66,LOW,RUNNING,21.2,5.37,LIGHT,79.56,LOW,RUNNING,23.41,7.41,LIGHT,85.38,LOW,RUNNING,21.24,5.04,LIGHT,79.11,LOW,RUNNING,18.31,4.09,LIGHT,74.02,LOW,RUNNING,23.51,8.02,LIGHT,86.42,LOW,RUNNING,22.66,6.93,LIGHT,83.72,LOW,RUNNING,21.66,5.45,LIGHT,80.25,LOW,RUNNING,20.55,4.85,LIGHT,77.96,LOW,RUNNING,23.44,6.61,LIGHT,84.22,LOW,RUNNING,28.57,55.0,279.3,0.25,22.0,COOLING,0.25,22.0,COOLING,0.25,22.0,COOLING,0.25,22.0,COOLING,21.401,22.006,25.513,22.008,22.732,25.513,21.401,4.112,326.71,160.44,163.97,162.18,170.0,170.0,1360.0,170.0,258.92,315.73,310.18,315.69,194.98,319.14,-832.77,318.64,875.0,875.0,875.0,875.0,75.61,90.31,126.38,91.51,813.3,1870.0,1200.52,3500.0,383.81,0.0,1.0,1.0,0.0,22.5,TARGETED_EAST_OCCUPANCY_COOL,39.0395
2,Occupancy Concentration,0,597,5970.0,22,2,2,16,2,22.48,6.5,LIGHT,82.85,LOW,RUNNING,21.19,5.28,LIGHT,79.41,LOW,RUNNING,23.26,7.3,LIGHT,85.03,LOW,RUNNING,21.1,5.01,LIGHT,78.89,LOW,RUNNING,18.3,4.17,LIGHT,74.13,LOW,RUNNING,23.65,8.14,LIGHT,86.77,LOW,RUNNING,22.82,6.98,LIGHT,84.0,LOW,RUNNING,21.7,5.38,LIGHT,80.19,LOW,RUNNING,20.43,4.73,LIGHT,77.63,LOW,RUNNING,23.27,6.55,LIGHT,83.91,LOW,RUNNING,28.57,55.0,279.5,0.25,22.0,COOLING,0.25,22.0,COOLING,0.25,22.0,COOLING,0.25,22.0,COOLING,21.403,22.008,25.516,22.01,22.734,25.516,21.403,4.113,326.18,160.9,164.19,161.54,170.0,170.0,1360.0,170.0,258.94,315.82,310.29,315.77,195.0,319.25,-833.0,318.75,875.0,875.0,875.0,875.0,75.12,90.97,126.48,91.06,812.81,1870.0,1200.82,3500.0,383.63,0.0,1.0,1.0,0.0,22.5,TARGETED_EAST_OCCUPANCY_COOL,39.0787
2,Occupancy Concentration,0,598,5980.0,22,2,2,16,2,22.59,6.49,LIGHT,82.97,LOW,RUNNING,21.14,5.17,LIGHT,79.18,LOW,RUNNING,23.1,7.19,LIGHT,84.66,LOW,RUNNING,20.97,5.0,LIGHT,78.71,LOW,RUNNING,18.33,4.27,LIGHT,74.32,LOW,RUNNING,23.8,8.25,LIGHT,87.12,LOW,RUNNING,22.96,7.0,LIGHT,84.2,LOW,RUNNING,21.69,5.29,LIGHT,80.05,LOW,RUNNING,20.29,4.62,LIGHT,77.29,LOW,RUNNING,23.12,6.51,LIGHT,83.67,LOW,RUNNING,28.58,55.0,279.7,0.25,22.0,COOLING,0.25,22.0,COOLING,0.25,22.0,COOLING,0.25,22.0,COOLING,21.405,22.01,25.519,22.012,22.736,25.519,21.405,4.114,325.52,161.44,164.25,160.96,170.0,170.0,1360.0,170.0,259.2,316.11,310.62,316.06,195.02,319.36,-833.23,318.86,875.0,875.0,875.0,875.0,74.74,91.91,126.64,90.88,812.17,1870.0,1201.99,3500.0,384.17,0.0,1.0,1.0,0.0,22.5,TARGETED_EAST_OCCUPANCY_COOL,39.118
2,Occupancy Concentration,0,599,5990.0,22,2,2,16,2,22.66,6.45,LIGHT,83.0,LOW,RUNNING,21.05,5.05,LIGHT,78.89,LOW,RUNNING,22.93,7.11,LIGHT,84.33,LOW,RUNNING,20.88,5.03,LIGHT,78.64,LOW,RUNNING,18.4,4.38,LIGHT,74.57,LOW,RUNNING,23.97,8.34,LIGHT,87.47,LOW,RUNNING,23.07,6.99,LIGHT,84.32,LOW,RUNNING,21.65,5.19,LIGHT,79.85,LOW,RUNNING,20.13,4.51,LIGHT,76.93,LOW,RUNNING,22.99,6.5,LIGHT,83.49,LOW,RUNNING,28.58,55.0,279.8,0.25,22.0,COOLING,0.25,22.0,COOLING,0.25,22.0,COOLING,0.25,22.0,COOLING,21.407,22.012,25.522,22.014,22.739,25.522,21.407,4.115,324.86,162.04,164.17,160.42,170.0,170.0,1360.0,170.0,259.18,316.13,310.63,316.09,195.03,319.47,-833.47,318.97,875.0,875.0,875.0,875.0,74.07,92.64,126.33,90.48,811.49,1870.0,1202.03,3500.0,383.52,0.0,1.0,1.0,0.0,22.5,TARGETED_EAST_OCCUPANCY_COOL,39.1568
2,Occupancy Concentration,0,600,6000.0,22,2,2,16,2,22.7,6.38,LIGHT,82.94,LOW,RUNNING,20.93,4.93,LIGHT,78.56,LOW,RUNNING,22.77,7.05,LIGHT,84.04,LOW,RUNNING,20.82,5.08,LIGHT,78.65,LOW,RUNNING,18.5,4.5,LIGHT,74.88,LOW,RUNNING,24.14,8.42,LIGHT,87.8,LOW,RUNNING,23.15,6.95,LIGHT,84.36,LOW,RUNNING,21.57,5.07,LIGHT,79.57,LOW,RUNNING,19.96,4.42,LIGHT,76.58,LOW,RUNNING,22.89,6.52,LIGHT,83.39,LOW,RUNNING,28.58,55.0,280.0,0.25,22.0,COOLING,0.25,22.0,COOLING,0.25,22.0,COOLING,0.25,22.0,COOLING,21.408,22.014,25.525,22.016,22.741,25.525,21.408,4.117,324.19,162.68,163.93,159.97,170.0,170.0,1360.0,170.0,259.22,316.21,310.75,316.17,195.04,319.58,-833.7,319.08,875.0,875.0,875.0,875.0,73.45,93.47,125.98,90.22,810.77,1870.0,1202.35,3500.0,383.12,0.0,1.0,1.0,0.0,22.5,TARGETED_EAST_OCCUPANCY_COOL,39.2126
2,Occupancy Concentration,0,601,6010.0,22,2,2,16,2,22.69,6.29,LIGHT,82.8,LOW,RUNNING,20.78,4.81,LIGHT,78.19,LOW,RUNNING,22.61,7.01,LIGHT,83.78,LOW,RUNNING,20.8,5.16,LIGHT,78.74,LOW,RUNNING,18.63,4.62,LIGHT,75.22,LOW,RUNNING,24.3,8.47,LIGHT,88.08,LOW,RUNNING,23.19,6.89,LIGHT,84.32,LOW,RUNNING,21.45,4.95,LIGHT,79.24,LOW,RUNNING,19.79,4.35,LIGHT,76.26,LOW,RUNNING,22.83,6.57,LIGHT,83.39,LOW,RUNNING,28.59,55.0,280.2,0.25,22.0,COOLING,0.25,22.0,COOLING,0.25,22.0,COOLING,0.25,22.0,COOLING,21.409,22.016,25.528,22.018,22.743,25.528,21.409,4.119,323.51,163.3,163.56,159.65,170.0,170.0,1360.0,170.0,259.49,316.5,311.07,316.46,195.29,319.58,-833.95,319.08,875.0,875.0,875.0,875.0,73.29,94.38,125.68,90.19,810.02,1870.0,1203.52,3500.0,383.54,0.0,1.0,1.0,0.0,22.5,TARGETED_EAST_OCCUPANCY_COOL,39.2678
2,Occupancy Concentration,0,602,6020.0,22,2,2,16,2,22.65,6.18,LIGHT,82.58,LOW,RUNNING,20.62,4.71,LIGHT,77.84,LOW,RUNNING,22.49,7.0,LIGHT,83.61,LOW,RUNNING,20.82,5.25,LIGHT,78.9,LOW,RUNNING,18.78,4.73,LIGHT,75.57,LOW,RUNNING,24.44,8.5,LIGHT,88.3,LOW,RUNNING,23.2,6.81,LIGHT,84.22,LOW,RUNNING,21.31,4.83,LIGHT,78.88,LOW,RUNNING,19.64,4.31,LIGHT,76.02,LOW,RUNNING,22.8,6.64,LIGHT,83.46,LOW,RUNNING,28.59,55.0,280.3,0.25,22.0,COOLING,0.25,22.0,COOLING,0.25,22.0,COOLING,0.25,22.0,COOLING,21.41,22.018,25.531,22.02,22.745,25.531,21.41,4.121,322.93,163.87,163.1,159.48,170.0,170.0,1360.0,170.0,259.5,316.53,311.09,316.49,195.55,319.58,-834.2,319.08,875.0,875.0,875.0,875.0,72.98,94.98,124.99,90.05,809.38,1870.0,1203.61,3500.0,383.0,0.0,1.0,1.0,0.0,22.5,TARGETED_EAST_OCCUPANCY_COOL,39.3224
2,Occupancy Concentration,0,603,6030.0,22,2,2,16,2,22.56,6.07,LIGHT,82.31,LOW,RUNNING,20.45,4.62,LIGHT,77.49,LOW,RUNNING,22.39,7.02,LIGHT,83.52,LOW,RUNNING,20.88,5.36,LIGHT,79.14,LOW,RUNNING,18.95,4.83,LIGHT,75.93,LOW,RUNNING,24.56,8.49,LIGHT,88.44,LOW,RUNNING,23.16,6.7,LIGHT,84.0,LOW,RUNNING,21.15,4.72,LIGHT,78.52,LOW,RUNNING,19.51,4.3,LIGHT,75.84,LOW,RUNNING,22.82,6.74,LIGHT,83.64,LOW,RUNNING,28.59,55.0,280.5,0.25,22.0,COOLING,0.25,22.0,COOLING,0.25,22.0,COOLING,0.25,22.0,COOLING,21.411,22.02,25.534,22.022,22.747,25.534,21.411,4.123,322.46,164.37,162.52,159.48,170.0,170.0,1360.0,170.0,259.56,316.61,311.21,316.56,195.79,319.58,-834.45,319.08,875.0,875.0,875.0,875.0,72.81,95.56,124.28,90.12,808.83,1870.0,1203.94,3500.0,382.77,0.0,1.0,1.0,0.0,22.5,TARGETED_EAST_OCCUPANCY_COOL,39.3768
2,Occupancy Concentration,0,604,6040.0,22,2,2,16,2,22.45,5.95,LIGHT,81.99,LOW,RUNNING,20.29,4.55,LIGHT,77.19,LOW,RUNNING,22.32,7.07,LIGHT,83.51,LOW,RUNNING,20.98,5.48,LIGHT,79.44,LOW,RUNNING,19.12,4.91,LIGHT,76.27,LOW,RUNNING,24.64,8.46,LIGHT,88.49,LOW,RUNNING,23.08,6.59,LIGHT,83.73,LOW,RUNNING,20.98,4.63,LIGHT,78.17,LOW,RUNNING,19.4,4.32,LIGHT,75.73,LOW,RUNNING,22.87,6.84,LIGHT,83.85,LOW,RUNNING,28.6,55.0,280.7,0.25,22.0,COOLING,0.25,22.0,COOLING,0.25,22.0,COOLING,0.25,22.0,COOLING,21.412,22.022,25.537,22.024,22.749,25.537,21.412,4.125,322.13,164.76,161.9,159.58,170.0,170.0,1360.0,170.0,259.82,316.91,311.53,316.87,196.04,319.58,-834.7,319.08,875.0,875.0,875.0,875.0,72.99,96.25,123.73,90.53,808.37,1870.0,1205.13,3500.0,383.5,0.0,1.0,1.0,0.0,22.5,TARGETED_EAST_OCCUPANCY_COOL,39.4312
2,Occupancy Concentration,0,605,6050.0,22,2,2,16,2,22.3,5.83,LIGHT,81.62,LOW,RUNNING,20.13,4.51,LIGHT,76.93,LOW,RUNNING,22.3,7.14,LIGHT,83.58,LOW,RUNNING,21.11,5.6,LIGHT,79.79,LOW,RUNNING,19.28,4.97,LIGHT,76.55,LOW,RUNNING,24.69,8.4,LIGHT,88.46,LOW,RUNNING,22.97,6.47,LIGHT,83.42,LOW,RUNNING,20.82,4.56,LIGHT,77.87,LOW,RUNNING,19.33,4.36,LIGHT,75.7,LOW,RUNNING,22.96,6.96,LIGHT,84.14,LOW,RUNNING,28.6,55.0,280.8,0.25,22.0,COOLING,0.25,22.0,COOLING,0.25,22.0,COOLING,0.25,22.0,COOLING,21.413,22.024,25.54,22.026,22.751,25.54,21.413,4.127,321.92,165.01,161.29,159.84,170.0,170.0,1360.0,170.0,259.84,316.93,311.55,316.88,196.3,319.58,-834.95,319.08,875.0,875.0,875.0,875.0,73.06,96.52,122.89,90.8,808.06,1870.0,1205.2,3500.0,383.27,0.0,1.0,1.0,0.0,22.5,TARGETED_EAST_OCCUPANCY_COOL,39.4851
2,Occupancy Concentration,0,606,6060.0,22,2,2,16,2,22.14,5.72,LIGHT,81.25,LOW,RUNNING,20.0,4.5,LIGHT,76.75,LOW,RUNNING,22.32,7.24,LIGHT,83.76,LOW,RUNNING,21.26,5.72,LIGHT,80.16,LOW,RUNNING,19.42,5.0,LIGHT,76.78,LOW,RUNNING,24.7,8.32,LIGHT,88.36,LOW,RUNNING,22.83,6.35,LIGHT,83.06,LOW,RUNNING,20.66,4.52,LIGHT,77.61,LOW,RUNNING,19.3,4.43,LIGHT,75.77,LOW,RUNNING,23.09,7.08,LIGHT,84.48,LOW,RUNNING,28.6,55.0,281.0,0.25,22.0,COOLING,0.25,22.0,COOLING,0.25,22.0,COOLING,0.25,22.0,COOLING,21.414,22.026,25.542,22.028,22.753,25.542,21.414,4.128,321.92,165.14,160.67,160.25,170.0,170.0,1360.0,170.0,259.9,317.0,311.66,316.96,196.55,319.58,-835.2,319.08,875.0,875.0,875.0,875.0,73.37,96.72,122.13,91.29,807.98,1870.0,1205.52,3500.0,383.51,0.0,1.0,1.0,0.0,22.5,TARGETED_EAST_OCCUPANCY_COOL,39.5127
2,Occupancy Concentration,0,607,6070.0,22,2,2,16,2,21.98,5.63,LIGHT,80.92,LOW,RUNNING,19.9,4.52,LIGHT,76.66,LOW,RUNNING,22.37,7.35,LIGHT,83.99,LOW,RUNNING,21.42,5.82,LIGHT,80.51,LOW,RUNNING,19.54,5.0,LIGHT,76.92,LOW,RUNNING,24.66,8.22,LIGHT,88.16,LOW,RUNNING,22.67,6.24,LIGHT,82.7,LOW,RUNNING,20.52,4.5,LIGHT,77.4,LOW,RUNNING,19.31,4.52,LIGHT,75.92,LOW,RUNNING,23.23,7.2,LIGHT,84.84,LOW,RUNNING,28.61,55.0,281.2,0.25,22.0,COOLING,0.25,22.0,COOLING,0.25,22.0,COOLING,0.25,22.0,COOLING,21.416,22.028,25.544,22.03,22.755,25.544,21.416,4.128,322.08,165.08,160.1,160.76,170.0,170.0,1360.0,170.0,260.16,317.31,312.01,317.26,196.78,319.47,-835.22,318.97,875.0,875.0,875.0,875.0,74.02,96.86,121.89,91.99,808.02,1870.0,1206.74,3500.0,384.76,0.0,1.0,1.0,0.0,22.5,TARGETED_EAST_OCCUPANCY_COOL,39.5242
2,Occupancy Concentration,0,608,6080.0,22,2,2,16,2,21.81,5.56,LIGHT,80.6,LOW,RUNNING,19.83,4.56,LIGHT,76.63,LOW,RUNNING,22.47,7.47,LIGHT,84.29,LOW,RUNNING,21.59,5.9,LIGHT,80.84,LOW,RUNNING,19.63,4.97,LIGHT,76.99,LOW,RUNNING,24.59,8.1,LIGHT,87.89,LOW,RUNNING,22.51,6.14,LIGHT,82.35,LOW,RUNNING,20.41,4.51,LIGHT,77.28,LOW,RUNNING,19.36,4.63,LIGHT,76.15,LOW,RUNNING,23.4,7.3,LIGHT,85.2,LOW,RUNNING,28.61,55.0,281.3,0.25,22.0,COOLING,0.25,22.0,COOLING,0.25,22.0,COOLING,0.25,22.0,COOLING,21.418,22.03,25.546,22.032,22.756,25.546,21.418,4.128,322.36,164.88,159.63,161.35,170.0,170.0,1360.0,170.0,260.16,317.32,312.06,317.28,196.78,319.47,-835.22,318.97,875.0,875.0,875.0,875.0,74.3,96.67,121.47,92.6,808.22,1870.0,1206.82,3500.0,385.04,0.0,1.0,1.0,0.0,22.5,TARGETED_EAST_OCCUPANCY_COOL,39.536
2,Occupancy Concentration,0,609,6090.0,22,2,2,16,2,21.65,5.52,LIGHT,80.34,LOW,RUNNING,19.8,4.63,LIGHT,76.69,LOW,RUNNING,22.59,7.59,LIGHT,84.62,LOW,RUNNING,21.76,5.96,LIGHT,81.14,LOW,RUNNING,19.69,4.91,LIGHT,76.98,LOW,RUNNING,24.49,7.98,LIGHT,87.58,LOW,RUNNING,22.34,6.07,LIGHT,82.03,LOW,RUNNING,20.34,4.55,LIGHT,77.25,LOW,RUNNING,19.45,4.75,LIGHT,76.44,LOW,RUNNING,23.56,7.39,LIGHT,85.53,LOW,RUNNING,28.61,55.0,281.5,0.25,22.0,COOLING,0.25,22.0,COOLING,0.25,22.0,COOLING,0.25,22.0,COOLING,21.42,22.032,25.548,22.034,22.758,25.548,21.42,4.128,322.79,164.56,159.28,161.97,170.0,170.0,1360.0,170.0,260.19,317.41,312.19,317.37,196.78,319.47,-835.22,318.97,875.0,875.0,875.0,875.0,74.76,96.44,121.25,93.31,808.6,1870.0,1207.16,3500.0,385.76,0.0,1.0,1.0,0.0,22.5,TARGETED_EAST_OCCUPANCY_COOL,39.5482
2,Occupancy Concentration,0,610,6100.0,22,2,2,16,2,21.52,5.5,LIGHT,80.15,LOW,RUNNING,19.81,4.72,LIGHT,76.84,LOW,RUNNING,22.74,7.7,LIGHT,84.97,LOW,RUNNING,21.9,5.99,LIGHT,81.36,LOW,RUNNING,19.7,4.83,LIGHT,76.87,LOW,RUNNING,24.35,7.86,LIGHT,87.23,LOW,RUNNING,22.18,6.02,LIGHT,81.75,LOW,RUNNING,20.3,4.62,LIGHT,77.31,LOW,RUNNING,19.57,4.87,LIGHT,76.77,LOW,RUNNING,23.73,7.45,LIGHT,85.84,LOW,RUNNING,28.62,55.0,281.7,0.25,22.0,COOLING,0.25,22.0,COOLING,0.25,22.0,COOLING,0.25,22.0,COOLING,21.422,22.034,25.55,22.036,22.761,25.55,21.422,4.128,323.32,164.1,159.06,162.61,170.0,170.0,1360.0,170.0,260.44,317.7,312.54,317.66,196.78,319.47,-835.22,318.97,875.0,875.0,875.0,875.0,75.54,96.27,121.38,94.24,809.09,1870.0,1208.34,3500.0,387.43,0.0,1.0,1.0,0.0,22.5,TARGETED_EAST_OCCUPANCY_COOL,39.5609
2,Occupancy Concentration,0,611,6110.0,22,2,2,16,2,21.41,5.51,LIGHT,80.03,LOW,RUNNING,19.86,4.83,LIGHT,77.07,LOW,RUNNING,22.9,7.81,LIGHT,85.34,LOW,RUNNING,22.03,6.0,LIGHT,81.54,LOW,RUNNING,19.67,4.73,LIGHT,76.68,LOW,RUNNING,24.2,7.75,LIGHT,86.88,LOW,RUNNING,22.04,6.0,LIGHT,81.55,LOW,RUNNING,20.31,4.71,LIGHT,77.45,LOW,RUNNING,19.71,4.98,LIGHT,77.11,LOW,RUNNING,23.88,7.49,LIGHT,86.08,LOW,RUNNING,28.62,55.0,281.8,0.25,22.0,COOLING,0.25,22.0,COOLING,0.25,22.0,COOLING,0.25,22.0,COOLING,21.424,22.036,25.552,22.038,22.762,25.552,21.424,4.128,323.98,163.56,159.0,163.19,170.0,170.0,1360.0,170.0,260.43,317.72,312.58,317.68,196.78,319.47,-835.22,318.97,875.0,875.0,875.0,875.0,76.19,95.75,121.36,94.84,809.73,1870.0,1208.41,3500.0,388.14,0.0,1.0,1.0,0.0,22.5,TARGETED_EAST_OCCUPANCY_COOL,39.5736
2,Occupancy Concentration,0,612,6120.0,22,2,2,16,2,21.34,5.55,LIGHT,80.0,LOW,RUNNING,19.95,4.95,LIGHT,77.36,LOW,RUNNING,23.07,7.89,LIGHT,85.67,LOW,RUNNING,22.12,5.97,LIGHT,81.61,LOW,RUNNING,19.6,4.62,LIGHT,76.43,LOW,RUNNING,24.03,7.66,LIGHT,86.53,LOW,RUNNING,21.93,6.01,LIGHT,81.43,LOW,RUNNING,20.35,4.81,LIGHT,77.65,LOW,RUNNING,19.87,5.09,LIGHT,77.47,LOW,RUNNING,24.01,7.5,LIGHT,86.26,LOW,RUNNING,28.62,55.0,282.0,0.25,22.0,COOLING,0.25,22.0,COOLING,0.25,22.0,COOLING,0.25,22.0,COOLING,21.426,22.038,25.554,22.04,22.764,25.554,21.426,4.128,324.64,162.96,159.08,163.73,170.0,170.0,1360.0,170.0,260.46,317.81,312.71,317.76,196.78,319.47,-835.22,318.97,875.0,875.0,875.0,875.0,76.88,95.24,121.57,95.46,810.41,1870.0,1208.74,3500.0,389.15,0.0,1.0,1.0,0.0,22.5,TARGETED_EAST_OCCUPANCY_COOL,39.5871
2,Occupancy Concentration,0,613,6130.0,22,2,2,16,2,21.3,5.62,LIGHT,80.06,LOW,RUNNING,20.07,5.07,LIGHT,77.69,LOW,RUNNING,23.23,7.95,LIGHT,85.96,LOW,RUNNING,22.18,5.92,LIGHT,81.6,LOW,RUNNING,19.5,4.5,LIGHT,76.12,LOW,RUNNING,23.86,7.58,LIGHT,86.2,LOW,RUNNING,21.85,6.05,LIGHT,81.39,LOW,RUNNING,20.43,4.93,LIGHT,77.93,LOW,RUNNING,20.04,5.18,LIGHT,77.82,LOW,RUNNING,24.11,7.48,LIGHT,86.36,LOW,RUNNING,28.63,55.0,282.2,0.25,22.0,COOLING,0.25,22.0,COOLING,0.25,22.0,COOLING,0.25,22.0,COOLING,21.428,22.04,25.556,22.042,22.767,25.556,21.428,4.128,325.31,162.32,159.32,164.18,170.0,170.0,1360.0,170.0,260.72,318.11,313.05,318.07,196.78,319.47,-835.22,318.97,875.0,875.0,875.0,875.0,77.81,94.9,122.15,96.22,811.13,1870.0,1209.95,3500.0,391.08,0.0,1.0,1.0,0.0,22.5,TARGETED_EAST_OCCUPANCY_COOL,39.6013
2,Occupancy Concentration,0,614,6140.0,22,2,2,16,2,21.31,5.71,LIGHT,80.2,LOW,RUNNING,20.22,5.19,LIGHT,78.06,LOW,RUNNING,23.39,7.99,LIGHT,86.22,LOW,RUNNING,22.2,5.84,LIGHT,81.51,LOW,RUNNING,19.37,4.38,LIGHT,75.78,LOW,RUNNING,23.7,7.53,LIGHT,85.92,LOW,RUNNING,21.81,6.11,LIGHT,81.43,LOW,RUNNING,20.55,5.05,LIGHT,78.26,LOW,RUNNING,20.21,5.25,LIGHT,78.14,LOW,RUNNING,24.17,7.43,LIGHT,86.36,LOW,RUNNING,28.63,55.0,282.3,0.25,22.0,COOLING,0.25,22.0,COOLING,0.25,22.0,COOLING,0.25,22.0,COOLING,21.43,22.042,25.559,22.044,22.769,25.559,21.43,4.129,325.99,161.7,159.69,164.5,170.0,170.0,1360.0,170.0,260.7,318.13,313.1,318.08,196.78,319.47,-835.22,318.97,875.0,875.0,875.0,875.0,78.47,94.3,122.57,96.55,811.88,1870.0,1210.01,3500.0,391.89,0.0,1.0,1.0,0.0,22.5,TARGETED_EAST_OCCUPANCY_COOL,39.6425
2,Occupancy Concentration,0,615,6150.0,22,2,2,16,2,21.35,5.82,LIGHT,80.42,LOW,RUNNING,20.38,5.29,LIGHT,78.41,LOW,RUNNING,23.51,8.0,LIGHT,86.39,LOW,RUNNING,22.18,5.75,LIGHT,81.35,LOW,RUNNING,19.22,4.27,LIGHT,75.43,LOW,RUNNING,23.56,7.5,LIGHT,85.7,LOW,RUNNING,21.8,6.19,LIGHT,81.53,LOW,RUNNING,20.69,5.17,LIGHT,78.62,LOW,RUNNING,20.36,5.29,LIGHT,78.39,LOW,RUNNING,24.2,7.36,LIGHT,86.29,LOW,RUNNING,28.64,55.0,282.5,0.25,22.0,COOLING,0.25,22.0,COOLING,0.25,22.0,COOLING,0.25,22.0,COOLING,21.432,22.044,25.562,22.046,22.771,25.562,21.432,4.13,326.57,161.13,160.15,164.68,170.0,170.0,1360.0,170.0,260.96,318.42,313.43,318.37,196.8,319.58,-835.46,319.08,875.0,875.0,875.0,875.0,79.33,94.13,123.12,97.13,812.53,1870.0,1211.18,3500.0,393.71,0.0,1.0,1.0,0.0,22.5,TARGETED_EAST_OCCUPANCY_COOL,39.6838
2,Occupancy Concentration,0,616,6160.0,22,2,2,16,2,21.44,5.93,LIGHT,80.69,LOW,RUNNING,20.55,5.38,LIGHT,78.76,LOW,RUNNING,23.61,7.98,LIGHT,86.48,LOW,RUNNING,22.12,5.64,LIGHT,81.11,LOW,RUNNING,19.05,4.17,LIGHT,75.07,LOW,RUNNING,23.44,7.51,LIGHT,85.57,LOW,RUNNING,21.84,6.3,LIGHT,81.75,LOW,RUNNING,20.85,5.28,LIGHT,78.98,LOW,RUNNING,20.49,5.3,LIGHT,78.56,LOW,RUNNING,24.18,7.26,LIGHT,86.11,LOW,RUNNING,28.64,55.0,282.7,0.25,22.0,COOLING,0.25,22.0,COOLING,0.25,22.0,COOLING,0.25,22.0,COOLING,21.434,22.046,25.565,22.048,22.773,25.565,21.434,4.131,327.04,160.64,160.73,164.67,170.0,170.0,1360.0,170.0,260.98,318.5,313.54,318.46,196.81,319.69,-835.69,319.19,875.0,875.0,875.0,875.0,79.83,93.83,123.58,97.32,813.08,1870.0,1211.48,3500.0,394.56,0.0,1.0,1.0,0.0,22.5,TARGETED_EAST_OCCUPANCY_COOL,39.7259
2,Occupancy Concentration,0,617,6170.0,22,2,2,16,2,21.55,6.05,LIGHT,81.01,LOW,RUNNING,20.71,5.45,LIGHT,79.06,LOW,RUNNING,23.68,7.93,LIGHT,86.49,LOW,RUNNING,22.02,5.52,LIGHT,80.81,LOW,RUNNING,18.88,4.09,LIGHT,74.73,LOW,RUNNING,23.36,7.54,LIGHT,85.51,LOW,RUNNING,21.92,6.41,LIGHT,82.02,LOW,RUNNING,21.02,5.37,LIGHT,79.33,LOW,RUNNING,20.6,5.28,LIGHT,78.67,LOW,RUNNING,24.13,7.16,LIGHT,85.9,LOW,RUNNING,28.64,55.0,282.8,0.25,22.0,COOLING,0.25,22.0,COOLING,0.25,22.0,COOLING,0.25,22.0,COOLING,21.436,22.048,25.568,22.05,22.776,25.568,21.436,4.132,327.37,160.24,161.35,164.57,170.0,170.0,1360.0,170.0,260.98,318.52,313.56,318.48,196.82,319.8,-835.93,319.3,875.0,875.0,875.0,875.0,80.17,93.56,123.98,97.35,813.53,1870.0,1211.54,3500.0,395.06,0.0,1.0,1.0,0.0,22.5,TARGETED_EAST_OCCUPANCY_COOL,39.7684
2,Occupancy Concentration,0,618,6180.0,22,2,2,16,2,21.7,6.17,LIGHT,81.38,LOW,RUNNING,20.87,5.49,LIGHT,79.32,LOW,RUNNING,23.7,7.86,LIGHT,86.42,LOW,RUNNING,21.89,5.4,LIGHT,80.46,LOW,RUNNING,18.72,4.03,LIGHT,74.45,LOW,RUNNING,23.31,7.6,LIGHT,85.54,LOW,RUNNING,22.03,6.53,LIGHT,82.33,LOW,RUNNING,21.18,5.44,LIGHT,79.63,LOW,RUNNING,20.67,5.24,LIGHT,78.7,LOW,RUNNING,24.04,7.04,LIGHT,85.61,LOW,RUNNING,28.65,55.0,283.0,0.25,22.0,COOLING,0.25,22.0,COOLING,0.25,22.0,COOLING,0.25,22.0,COOLING,21.438,22.05,25.571,22.052,22.778,25.571,21.438,4.133,327.58,159.99,161.96,164.31,170.0,170.0,1360.0,170.0,261.22,318.82,313.88,318.78,196.84,319.91,-836.16,319.41,875.0,875.0,875.0,875.0,80.64,93.72,124.68,97.5,813.84,1870.0,1212.7,3500.0,396.54,0.0,1.0,1.0,0.0,22.5,TARGETED_EAST_OCCUPANCY_COOL,39.8117
2,Occupancy Concentration,0,619,6190.0,22,2,2,16,2,21.86,6.28,LIGHT,81.75,LOW,RUNNING,21.0,5.5,LIGHT,79.5,LOW,RUNNING,23.68,7.76,LIGHT,86.24,LOW,RUNNING,21.74,5.28,LIGHT,80.09,LOW,RUNNING,18.58,4.0,LIGHT,74.22,LOW,RUNNING,23.3,7.68,LIGHT,85.64,LOW,RUNNING,22.17,6.65,LIGHT,82.69,LOW,RUNNING,21.34,5.48,LIGHT,79.89,LOW,RUNNING,20.7,5.17,LIGHT,78.63,LOW,RUNNING,23.91,6.92,LIGHT,85.27,LOW,RUNNING,28.65,55.0,283.2,0.25,22.0,COOLING,0.25,22.0,COOLING,0.25,22.0,COOLING,0.25,22.0,COOLING,21.44,22.052,25.574,22.054,22.78,25.574,21.44,4.134,327.58,159.86,162.58,163.9,170.0,170.0,1360.0,170.0,261.26,318.9,314.0,318.86,196.86,320.02,-836.4,319.52,875.0,875.0,875.0,875.0,80.7,93.78,125.18,97.28,813.92,1870.0,1213.02,3500.0,396.94,0.0,1.0,1.0,0.0,22.5,TARGETED_EAST_OCCUPANCY_COOL,39.8556
2,Occupancy Concentration,0,620,6200.0,22,2,2,16,2,22.02,6.37,LIGHT,82.08,LOW,RUNNING,21.1,5.48,LIGHT,79.59,LOW,RUNNING,23.63,7.65,LIGHT,86.01,LOW,RUNNING,21.58,5.18,LIGHT,79.74,LOW,RUNNING,18.46,4.0,LIGHT,74.08,LOW,RUNNING,23.34,7.78,LIGHT,85.84,LOW,RUNNING,22.33,6.76,LIGHT,83.05,LOW,RUNNING,21.48,5.5,LIGHT,80.1,LOW,RUNNING,20.69,5.08,LIGHT,78.48,LOW,RUNNING,23.77,6.8,LIGHT,84.91,LOW,RUNNING,28.65,55.0,283.3,0.25,22.0,COOLING,0.25,22.0,COOLING,0.25,22.0,COOLING,0.25,22.0,COOLING,21.442,22.054,25.577,22.056,22.782,25.577,21.442,4.135,327.42,159.92,163.15,163.39,170.0,170.0,1360.0,170.0,261.25,318.92,314.02,318.87,196.87,320.13,-836.63,319.63,875.0,875.0,875.0,875.0,80.54,93.97,125.54,96.89,813.88,1870.0,1213.06,3500.0,396.94,0.0,1.0,1.0,0.0,22.5,TARGETED_EAST_OCCUPANCY_COOL,39.8997
2,Occupancy Concentration,0,621,6210.0,22,2,2,16,2,22.19,6.44,LIGHT,82.4,LOW,RUNNING,21.17,5.44,LIGHT,79.62,LOW,RUNNING,23.53,7.53,LIGHT,85.71,LOW,RUNNING,21.41,5.1,LIGHT,79.41,LOW,RUNNING,18.37,4.03,LIGHT,74.01,LOW,RUNNING,23.41,7.9,LIGHT,86.11,LOW,RUNNING,22.49,6.86,LIGHT,83.4,LOW,RUNNING,21.59,5.49,LIGHT,80.22,LOW,RUNNING,20.64,4.97,LIGHT,78.25,LOW,RUNNING,23.6,6.7,LIGHT,84.55,LOW,RUNNING,28.66,55.0,283.5,0.25,22.0,COOLING,0.25,22.0,COOLING,0.25,22.0,COOLING,0.25,22.0,COOLING,21.444,22.056,25.58,22.058,22.785,25.58,21.444,4.136,327.14,160.12,163.62,162.8,170.0,170.0,1360.0,170.0,261.5,319.22,314.34,319.18,196.88,320.24,-836.87,319.74,875.0,875.0,875.0,875.0,80.52,94.58,126.09,96.72,813.68,1870.0,1214.24,3500.0,397.91,0.0,1.0,1.0,0.0,22.5,TARGETED_EAST_OCCUPANCY_COOL,39.9442
2,Occupancy Concentration,0,622,6220.0,22,2,2,16,2,22.35,6.48,LIGHT,82.66,LOW,RUNNING,21.2,5.37,LIGHT,79.56,LOW,RUNNING,23.41,7.41,LIGHT,85.38,LOW,RUNNING,21.24,5.04,LIGHT,79.11,LOW,RUNNING,18.31,4.09,LIGHT,74.02,LOW,RUNNING,23.51,8.02,LIGHT,86.42,LOW,RUNNING,22.66,6.93,LIGHT,83.72,LOW,RUNNING,21.66,5.45,LIGHT,80.25,LOW,RUNNING,20.55,4.85,LIGHT,77.96,LOW,RUNNING,23.44,6.61,LIGHT,84.22,LOW,RUNNING,28.66,55.0,283.7,0.25,22.0,COOLING,0.25,22.0,COOLING,0.25,22.0,COOLING,0.25,22.0,COOLING,21.446,22.058,25.583,22.06,22.787,25.583,21.446,4.137,326.71,160.44,163.97,162.18,170.0,170.0,1360.0,170.0,261.53,319.3,314.46,319.25,196.9,320.35,-837.1,319.85,875.0,875.0,875.0,875.0,80.14,95.09,126.33,96.28,813.3,1870.0,1214.54,3500.0,397.84,0.0,1.0,1.0,0.0,22.5,TARGETED_EAST_OCCUPANCY_COOL,39.9888
2,Occupancy Concentration,0,623,6230.0,22,2,2,16,2,22.48,6.5,LIGHT,82.85,LOW,RUNNING,21.19,5.28,LIGHT,79.41,LOW,RUNNING,23.26,7.3,LIGHT,85.03,LOW,RUNNING,21.1,5.01,LIGHT,78.89,LOW,RUNNING,18.3,4.17,LIGHT,74.13,LOW,RUNNING,23.65,8.14,LIGHT,86.77,LOW,RUNNING,22.82,6.98,LIGHT,84.0,LOW,RUNNING,21.7,5.38,LIGHT,80.19,LOW,RUNNING,20.43,4.73,LIGHT,77.63,LOW,RUNNING,23.27,6.55,LIGHT,83.91,LOW,RUNNING,28.66,55.0,283.8,0.25,22.0,COOLING,0.25,22.0,COOLING,0.25,22.0,COOLING,0.25,22.0,COOLING,21.448,22.06,25.586,22.062,22.789,25.586,21.448,4.138,326.18,160.9,164.19,161.54,170.0,170.0,1360.0,170.0,261.52,319.32,314.48,319.28,196.91,320.46,-837.33,319.96,875.0,875.0,875.0,875.0,79.61,95.68,126.34,95.78,812.81,1870.0,1214.6,3500.0,397.41,0.0,1.0,1.0,0.0,22.5,TARGETED_EAST_OCCUPANCY_COOL,40.0332
2,Occupancy Concentration,0,624,6240.0,22,2,2,16,2,22.59,6.49,LIGHT,82.97,LOW,RUNNING,21.14,5.17,LIGHT,79.18,LOW,RUNNING,23.1,7.19,LIGHT,84.66,LOW,RUNNING,20.97,5.0,LIGHT,78.71,LOW,RUNNING,18.33,4.27,LIGHT,74.32,LOW,RUNNING,23.8,8.25,LIGHT,87.12,LOW,RUNNING,22.96,7.0,LIGHT,84.2,LOW,RUNNING,21.69,5.29,LIGHT,80.05,LOW,RUNNING,20.29,4.62,LIGHT,77.29,LOW,RUNNING,23.12,6.51,LIGHT,83.67,LOW,RUNNING,28.67,55.0,284.0,0.25,22.0,COOLING,0.25,22.0,COOLING,0.25,22.0,COOLING,0.25,22.0,COOLING,21.45,22.062,25.589,22.064,22.791,25.589,21.45,4.139,325.52,161.44,164.25,160.96,170.0,170.0,1360.0,170.0,261.77,319.62,314.81,319.57,196.93,320.57,-837.57,320.07,875.0,875.0,875.0,875.0,79.22,96.63,126.49,95.6,812.17,1870.0,1215.77,3500.0,397.94,0.0,1.0,1.0,0.0,22.5,TARGETED_EAST_OCCUPANCY_COOL,40.0778
2,Occupancy Concentration,0,625,6250.0,22,2,2,16,2,22.66,6.45,LIGHT,83.0,LOW,RUNNING,21.05,5.05,LIGHT,78.89,LOW,RUNNING,22.93,7.11,LIGHT,84.33,LOW,RUNNING,20.88,5.03,LIGHT,78.64,LOW,RUNNING,18.4,4.38,LIGHT,74.57,LOW,RUNNING,23.97,8.34,LIGHT,87.47,LOW,RUNNING,23.07,6.99,LIGHT,84.32,LOW,RUNNING,21.65,5.19,LIGHT,79.85,LOW,RUNNING,20.13,4.51,LIGHT,76.93,LOW,RUNNING,22.99,6.5,LIGHT,83.49,LOW,RUNNING,28.67,55.0,284.2,0.25,22.0,COOLING,0.25,22.0,COOLING,0.25,22.0,COOLING,0.25,22.0,COOLING,21.452,22.064,25.592,22.066,22.794,25.592,21.452,4.14,324.86,162.04,164.17,160.42,170.0,170.0,1360.0,170.0,261.81,319.69,314.91,319.65,196.95,320.68,-837.8,320.18,875.0,875.0,875.0,875.0,78.62,97.41,126.28,95.25,811.49,1870.0,1216.06,3500.0,397.56,0.0,1.0,1.0,0.0,22.5,TARGETED_EAST_OCCUPANCY_COOL,40.122
2,Occupancy Concentration,0,626,6260.0,22,2,2,16,2,22.7,6.38,LIGHT,82.94,LOW,RUNNING,20.93,4.93,LIGHT,78.56,LOW,RUNNING,22.77,7.05,LIGHT,84.04,LOW,RUNNING,20.82,5.08,LIGHT,78.65,LOW,RUNNING,18.5,4.5,LIGHT,74.88,LOW,RUNNING,24.14,8.42,LIGHT,87.8,LOW,RUNNING,23.15,6.95,LIGHT,84.36,LOW,RUNNING,21.57,5.07,LIGHT,79.57,LOW,RUNNING,19.96,4.42,LIGHT,76.58,LOW,RUNNING,22.89,6.52,LIGHT,83.39,LOW,RUNNING,28.67,55.0,284.3,0.25,22.0,COOLING,0.25,22.0,COOLING,0.25,22.0,COOLING,0.25,22.0,COOLING,21.454,22.066,25.595,22.068,22.796,25.595,21.454,4.141,324.19,162.68,163.93,159.97,170.0,170.0,1360.0,170.0,261.8,319.72,314.94,319.68,196.96,320.79,-838.04,320.29,875.0,875.0,875.0,875.0,77.95,98.19,125.83,94.94,810.77,1870.0,1216.14,3500.0,396.91,0.0,1.0,1.0,0.0,22.5,TARGETED_EAST_OCCUPANCY_COOL,40.1657
2,Occupancy Concentration,0,627,6270.0,22,2,2,16,2,22.69,6.29,LIGHT,82.8,LOW,RUNNING,20.78,4.81,LIGHT,78.19,LOW,RUNNING,22.61,7.01,LIGHT,83.78,LOW,RUNNING,20.8,5.16,LIGHT,78.74,LOW,RUNNING,18.63,4.62,LIGHT,75.22,LOW,RUNNING,24.3,8.47,LIGHT,88.08,LOW,RUNNING,23.19,6.89,LIGHT,84.32,LOW,RUNNING,21.45,4.95,LIGHT,79.24,LOW,RUNNING,19.79,4.35,LIGHT,76.26,LOW,RUNNING,22.83,6.57,LIGHT,83.39,LOW,RUNNING,28.68,55.0,284.5,0.25,22.0,COOLING,0.25,22.0,COOLING,0.25,22.0,COOLING,0.25,22.0,COOLING,21.456,22.068,25.598,22.07,22.798,25.598,21.456,4.142,323.51,163.3,163.56,159.65,170.0,170.0,1360.0,170.0,262.05,320.01,315.27,319.97,196.97,320.9,-838.27,320.4,875.0,875.0,875.0,875.0,77.53,99.21,125.56,95.02,810.02,1870.0,1217.3,3500.0,397.32,0.0,1.0,1.0,0.0,22.5,TARGETED_EAST_OCCUPANCY_COOL,40.2097
2,Occupancy Concentration,0,628,6280.0,22,2,2,16,2,22.65,6.18,LIGHT,82.58,LOW,RUNNING,20.62,4.71,LIGHT,77.84,LOW,RUNNING,22.49,7.0,LIGHT,83.61,LOW,RUNNING,20.82,5.25,LIGHT,78.9,LOW,RUNNING,18.78,4.73,LIGHT,75.57,LOW,RUNNING,24.44,8.5,LIGHT,88.3,LOW,RUNNING,23.2,6.81,LIGHT,84.22,LOW,RUNNING,21.31,4.83,LIGHT,78.88,LOW,RUNNING,19.64,4.31,LIGHT,76.02,LOW,RUNNING,22.8,6.64,LIGHT,83.46,LOW,RUNNING,28.68,55.0,284.7,0.25,22.0,COOLING,0.25,22.0,COOLING,0.25,22.0,COOLING,0.25,22.0,COOLING,21.458,22.07,25.601,22.072,22.8,25.601,21.458,4.143,322.93,163.87,163.1,159.48,170.0,170.0,1360.0,170.0,262.08,320.1,315.37,320.05,196.99,321.01,-838.51,320.51,875.0,875.0,875.0,875.0,77.0,99.98,124.96,95.04,809.38,1870.0,1217.6,3500.0,396.98,0.0,1.0,1.0,0.0,22.5,TARGETED_EAST_OCCUPANCY_COOL,40.253
2,Occupancy Concentration,0,629,6290.0,22,2,2,16,2,22.56,6.07,LIGHT,82.31,LOW,RUNNING,20.45,4.62,LIGHT,77.49,LOW,RUNNING,22.39,7.02,LIGHT,83.52,LOW,RUNNING,20.88,5.36,LIGHT,79.14,LOW,RUNNING,18.95,4.83,LIGHT,75.93,LOW,RUNNING,24.56,8.49,LIGHT,88.44,LOW,RUNNING,23.16,6.7,LIGHT,84.0,LOW,RUNNING,21.15,4.72,LIGHT,78.52,LOW,RUNNING,19.51,4.3,LIGHT,75.84,LOW,RUNNING,22.82,6.74,LIGHT,83.64,LOW,RUNNING,28.68,55.0,284.8,0.25,22.0,COOLING,0.25,22.0,COOLING,0.25,22.0,COOLING,0.25,22.0,COOLING,21.46,22.072,25.604,22.074,22.803,25.604,21.46,4.144,322.46,164.37,162.52,159.48,170.0,170.0,1360.0,170.0,262.07,320.11,315.4,320.07,197.01,321.12,-838.74,320.62,875.0,875.0,875.0,875.0,76.54,100.6,124.18,95.17,808.83,1870.0,1217.65,3500.0,396.49,0.0,1.0,1.0,0.0,22.5,TARGETED_EAST_OCCUPANCY_COOL,40.2958
2,Occupancy Concentration,0,630,6300.0,22,2,2,16,2,22.45,5.95,LIGHT,81.99,LOW,RUNNING,20.29,4.55,LIGHT,77.19,LOW,RUNNING,22.32,7.07,LIGHT,83.51,LOW,RUNNING,20.98,5.48,LIGHT,79.44,LOW,RUNNING,19.12,4.91,LIGHT,76.27,LOW,RUNNING,24.64,8.46,LIGHT,88.49,LOW,RUNNING,23.08,6.59,LIGHT,83.73,LOW,RUNNING,20.98,4.63,LIGHT,78.17,LOW,RUNNING,19.4,4.32,LIGHT,75.73,LOW,RUNNING,22.87,6.84,LIGHT,83.85,LOW,RUNNING,28.69,55.0,285.0,0.25,22.0,COOLING,0.25,22.0,COOLING,0.25,22.0,COOLING,0.25,22.0,COOLING,21.462,22.074,25.607,22.076,22.805,25.607,21.462,4.145,322.13,164.76,161.9,159.58,170.0,170.0,1360.0,170.0,262.33,320.41,315.72,320.36,197.02,321.23,-838.98,320.73,875.0,875.0,875.0,875.0,76.48,101.4,123.64,95.67,808.37,1870.0,1218.82,3500.0,397.19,0.0,1.0,1.0,0.0,22.5,TARGETED_EAST_OCCUPANCY_COOL,40.3387
2,Occupancy Concentration,0,631,6310.0,22,2,2,16,2,22.3,5.83,LIGHT,81.62,LOW,RUNNING,20.13,4.51,LIGHT,76.93,LOW,RUNNING,22.3,7.14,LIGHT,83.58,LOW,RUNNING,21.11,5.6,LIGHT,79.79,LOW,RUNNING,19.28,4.97,LIGHT,76.55,LOW,RUNNING,24.69,8.4,LIGHT,88.46,LOW,RUNNING,22.97,6.47,LIGHT,83.42,LOW,RUNNING,20.82,4.56,LIGHT,77.87,LOW,RUNNING,19.33,4.36,LIGHT,75.7,LOW,RUNNING,22.96,6.96,LIGHT,84.14,LOW,RUNNING,28.69,55.0,285.2,0.25,22.0,COOLING,0.25,22.0,COOLING,0.25,22.0,COOLING,0.25,22.0,COOLING,21.464,22.076,25.61,22.078,22.807,25.61,21.464,4.146,321.92,165.01,161.29,159.84,170.0,170.0,1360.0,170.0,262.35,320.49,315.83,320.45,197.04,321.34,-839.21,320.84,875.0,875.0,875.0,875.0,76.31,101.84,122.91,96.13,808.06,1870.0,1219.12,3500.0,397.19,0.0,1.0,1.0,0.0,22.5,TARGETED_EAST_OCCUPANCY_COOL,40.3814
2,Occupancy Concentration,0,632,6320.0,22,2,2,16,2,22.14,5.72,LIGHT,81.25,LOW,RUNNING,20.0,4.5,LIGHT,76.75,LOW,RUNNING,22.32,7.24,LIGHT,83.76,LOW,RUNNING,21.26,5.72,LIGHT,80.16,LOW,RUNNING,19.42,5.0,LIGHT,76.78,LOW,RUNNING,24.7,8.32,LIGHT,88.36,LOW,RUNNING,22.83,6.35,LIGHT,83.06,LOW,RUNNING,20.66,4.52,LIGHT,77.61,LOW,RUNNING,19.3,4.43,LIGHT,75.77,LOW,RUNNING,23.09,7.08,LIGHT,84.48,LOW,RUNNING,28.69,55.0,285.3,0.25,22.0,COOLING,0.25,22.0,COOLING,0.25,22.0,COOLING,0.25,22.0,COOLING,21.466,22.078,25.612,22.08,22.809,25.612,21.466,4.146,321.92,165.14,160.67,160.25,170.0,170.0,1360.0,170.0,262.35,320.51,315.86,320.47,197.05,321.45,-839.45,320.95,875.0,875.0,875.0,875.0,76.32,102.1,122.08,96.67,807.98,1870.0,1219.19,3500.0,397.17,0.0,1.0,1.0,0.0,22.5,TARGETED_EAST_OCCUPANCY_COOL,40.3958
2,Occupancy Concentration,0,633,6330.0,22,2,2,16,2,21.98,5.63,LIGHT,80.92,LOW,RUNNING,19.9,4.52,LIGHT,76.66,LOW,RUNNING,22.37,7.35,LIGHT,83.99,LOW,RUNNING,21.42,5.82,LIGHT,80.51,LOW,RUNNING,19.54,5.0,LIGHT,76.92,LOW,RUNNING,24.66,8.22,LIGHT,88.16,LOW,RUNNING,22.67,6.24,LIGHT,82.7,LOW,RUNNING,20.52,4.5,LIGHT,77.4,LOW,RUNNING,19.31,4.52,LIGHT,75.92,LOW,RUNNING,23.23,7.2,LIGHT,84.84,LOW,RUNNING,28.7,55.0,285.5,0.25,22.0,COOLING,0.25,22.0,COOLING,0.25,22.0,COOLING,0.25,22.0,COOLING,21.468,22.08,25.614,22.082,22.811,25.614,21.468,4.146,322.08,165.08,160.1,160.76,170.0,170.0,1360.0,170.0,262.59,320.81,316.2,320.77,197.05,321.45,-839.45,320.95,875.0,875.0,875.0,875.0,76.72,102.34,121.85,97.48,808.02,1870.0,1220.37,3500.0,398.39,0.0,1.0,1.0,0.0,22.5,TARGETED_EAST_OCCUPANCY_COOL,40.4114
2,Occupancy Concentration,0,634,6340.0,22,2,2,16,2,21.81,5.56,LIGHT,80.6,LOW,RUNNING,19.83,4.56,LIGHT,76.63,LOW,RUNNING,22.47,7.47,LIGHT,84.29,LOW,RUNNING,21.59,5.9,LIGHT,80.84,LOW,RUNNING,19.63,4.97,LIGHT,76.99,LOW,RUNNING,24.59,8.1,LIGHT,87.89,LOW,RUNNING,22.51,6.14,LIGHT,82.35,LOW,RUNNING,20.41,4.51,LIGHT,77.28,LOW,RUNNING,19.36,4.63,LIGHT,76.15,LOW,RUNNING,23.4,7.3,LIGHT,85.2,LOW,RUNNING,28.7,55.0,285.7,0.25,22.0,COOLING,0.25,22.0,COOLING,0.25,22.0,COOLING,0.25,22.0,COOLING,21.47,22.082,25.616,22.084,22.813,25.616,21.47,4.146,322.36,164.88,159.63,161.35,170.0,170.0,1360.0,170.0,262.63,320.89,316.34,320.85,197.05,321.45,-839.45,320.95,875.0,875.0,875.0,875.0,77.04,102.22,121.52,98.15,808.22,1870.0,1220.71,3500.0,398.93,0.0,1.0,1.0,0.0,22.5,TARGETED_EAST_OCCUPANCY_COOL,40.4271
2,Occupancy Concentration,0,635,6350.0,22,2,2,16,2,21.65,5.52,LIGHT,80.34,LOW,RUNNING,19.8,4.63,LIGHT,76.69,LOW,RUNNING,22.59,7.59,LIGHT,84.62,LOW,RUNNING,21.76,5.96,LIGHT,81.14,LOW,RUNNING,19.69,4.91,LIGHT,76.98,LOW,RUNNING,24.49,7.98,LIGHT,87.58,LOW,RUNNING,22.34,6.07,LIGHT,82.03,LOW,RUNNING,20.34,4.55,LIGHT,77.25,LOW,RUNNING,19.45,4.75,LIGHT,76.44,LOW,RUNNING,23.56,7.39,LIGHT,85.53,LOW,RUNNING,28.7,55.0,285.8,0.25,22.0,COOLING,0.25,22.0,COOLING,0.25,22.0,COOLING,0.25,22.0,COOLING,21.472,22.084,25.618,22.086,22.815,25.618,21.472,4.146,322.79,164.56,159.28,161.97,170.0,170.0,1360.0,170.0,262.62,320.91,316.38,320.86,197.05,321.45,-839.45,320.95,875.0,875.0,875.0,875.0,77.46,101.92,121.21,98.78,808.6,1870.0,1220.77,3500.0,399.37,0.0,1.0,1.0,0.0,22.5,TARGETED_EAST_OCCUPANCY_COOL,40.4427
2,Occupancy Concentration,0,636,6360.0,22,2,2,16,2,21.52,5.5,LIGHT,80.15,LOW,RUNNING,19.81,4.72,LIGHT,76.84,LOW,RUNNING,22.74,7.7,LIGHT,84.97,LOW,RUNNING,21.9,5.99,LIGHT,81.36,LOW,RUNNING,19.7,4.83,LIGHT,76.87,LOW,RUNNING,24.35,7.86,LIGHT,87.23,LOW,RUNNING,22.18,6.02,LIGHT,81.75,LOW,RUNNING,20.3,4.62,LIGHT,77.31,LOW,RUNNING,19.57,4.87,LIGHT,76.77,LOW,RUNNING,23.73,7.45,LIGHT,85.84,LOW,RUNNING,28.71,55.0,286.0,0.25,22.0,COOLING,0.25,22.0,COOLING,0.25,22.0,COOLING,0.25,22.0,COOLING,21.474,22.086,25.62,22.088,22.817,25.62,21.474,4.146,323.32,164.1,159.06,162.61,170.0,170.0,1360.0,170.0,262.87,321.21,316.73,321.17,197.05,321.45,-839.45,320.95,875.0,875.0,875.0,875.0,78.24,101.76,121.34,99.73,809.09,1870.0,1221.98,3500.0,401.07,0.0,1.0,1.0,0.0,22.5,TARGETED_EAST_OCCUPANCY_COOL,40.4592
2,Occupancy Concentration,0,637,6370.0,22,2,2,16,2,21.41,5.51,LIGHT,80.03,LOW,RUNNING,19.86,4.83,LIGHT,77.07,LOW,RUNNING,22.9,7.81,LIGHT,85.34,LOW,RUNNING,22.03,6.0,LIGHT,81.54,LOW,RUNNING,19.67,4.73,LIGHT,76.68,LOW,RUNNING,24.2,7.75,LIGHT,86.88,LOW,RUNNING,22.04,6.0,LIGHT,81.55,LOW,RUNNING,20.31,4.71,LIGHT,77.45,LOW,RUNNING,19.71,4.98,LIGHT,77.11,LOW,RUNNING,23.88,7.49,LIGHT,86.08,LOW,RUNNING,28.71,55.0,286.2,0.25,22.0,COOLING,0.25,22.0,COOLING,0.25,22.0,COOLING,0.25,22.0,COOLING,21.476,22.088,25.622,22.09,22.819,25.622,21.476,4.146,323.98,163.56,159.0,163.19,170.0,170.0,1360.0,170.0,262.9,321.3,316.86,321.25,197.05,321.45,-839.45,320.95,875.0,875.0,875.0,875.0,78.93,101.31,121.41,100.39,809.73,1870.0,1222.31,3500.0,402.04,0.0,1.0,1.0,0.0,22.5,TARGETED_EAST_OCCUPANCY_COOL,40.4758
2,Occupancy Concentration,0,638,6380.0,22,2,2,16,2,21.34,5.55,LIGHT,80.0,LOW,RUNNING,19.95,4.95,LIGHT,77.36,LOW,RUNNING,23.07,7.89,LIGHT,85.67,LOW,RUNNING,22.12,5.97,LIGHT,81.61,LOW,RUNNING,19.6,4.62,LIGHT,76.43,LOW,RUNNING,24.03,7.66,LIGHT,86.53,LOW,RUNNING,21.93,6.01,LIGHT,81.43,LOW,RUNNING,20.35,4.81,LIGHT,77.65,LOW,RUNNING,19.87,5.09,LIGHT,77.47,LOW,RUNNING,24.01,7.5,LIGHT,86.26,LOW,RUNNING,28.72,55.0,286.3,0.25,22.0,COOLING,0.25,22.0,COOLING,0.25,22.0,COOLING,0.25,22.0,COOLING,21.478,22.09,25.624,22.092,22.821,25.624,21.478,4.146,324.64,162.96,159.08,163.73,170.0,170.0,1360.0,170.0,263.11,321.53,317.12,321.48,197.05,321.45,-839.45,320.95,875.0,875.0,875.0,875.0,79.8,100.94,121.75,101.16,810.41,1870.0,1223.24,3500.0,403.65,0.0,1.0,1.0,0.0,22.5,TARGETED_EAST_OCCUPANCY_COOL,40.4931
2,Occupancy Concentration,0,639,6390.0,22,2,2,16,2,21.3,5.62,LIGHT,80.06,LOW,RUNNING,20.07,5.07,LIGHT,77.69,LOW,RUNNING,23.23,7.95,LIGHT,85.96,LOW,RUNNING,22.18,5.92,LIGHT,81.6,LOW,RUNNING,19.5,4.5,LIGHT,76.12,LOW,RUNNING,23.86,7.58,LIGHT,86.2,LOW,RUNNING,21.85,6.05,LIGHT,81.39,LOW,RUNNING,20.43,4.93,LIGHT,77.93,LOW,RUNNING,20.04,5.18,LIGHT,77.82,LOW,RUNNING,24.11,7.48,LIGHT,86.36,LOW,RUNNING,28.72,55.0,286.5,0.25,22.0,COOLING,0.25,22.0,COOLING,0.25,22.0,COOLING,0.25,22.0,COOLING,21.48,22.092,25.626,22.094,22.823,25.626,21.48,4.146,325.31,162.32,159.32,164.18,170.0,170.0,1360.0,170.0,263.14,321.6,317.25,321.56,197.05,321.45,-839.45,320.95,875.0,875.0,875.0,875.0,80.5,100.37,122.12,101.69,811.13,1870.0,1223.55,3500.0,404.68,0.0,1.0,1.0,0.0,22.5,TARGETED_EAST_OCCUPANCY_COOL,40.511
2,Occupancy Concentration,0,640,6400.0,22,2,2,16,2,21.31,5.71,LIGHT,80.2,LOW,RUNNING,20.22,5.19,LIGHT,78.06,LOW,RUNNING,23.39,7.99,LIGHT,86.22,LOW,RUNNING,22.2,5.84,LIGHT,81.51,LOW,RUNNING,19.37,4.38,LIGHT,75.78,LOW,RUNNING,23.7,7.53,LIGHT,85.92,LOW,RUNNING,21.81,6.11,LIGHT,81.43,LOW,RUNNING,20.55,5.05,LIGHT,78.26,LOW,RUNNING,20.21,5.25,LIGHT,78.14,LOW,RUNNING,24.17,7.43,LIGHT,86.36,LOW,RUNNING,28.72,55.0,286.7,0.25,22.0,COOLING,0.25,22.0,COOLING,0.25,22.0,COOLING,0.25,22.0,COOLING,21.482,22.094,25.629,22.096,22.825,25.629,21.482,4.147,325.99,161.7,159.69,164.5,170.0,170.0,1360.0,170.0,263.17,321.69,317.38,321.65,197.05,321.45,-839.45,320.95,875.0,875.0,875.0,875.0,81.21,99.84,122.62,102.1,811.88,1870.0,1223.89,3500.0,405.77,0.0,1.0,1.0,0.0,22.5,TARGETED_EAST_OCCUPANCY_COOL,40.5577
2,Occupancy Concentration,0,641,6410.0,22,2,2,16,2,21.35,5.82,LIGHT,80.42,LOW,RUNNING,20.38,5.29,LIGHT,78.41,LOW,RUNNING,23.51,8.0,LIGHT,86.39,LOW,RUNNING,22.18,5.75,LIGHT,81.35,LOW,RUNNING,19.22,4.27,LIGHT,75.43,LOW,RUNNING,23.56,7.5,LIGHT,85.7,LOW,RUNNING,21.8,6.19,LIGHT,81.53,LOW,RUNNING,20.69,5.17,LIGHT,78.62,LOW,RUNNING,20.36,5.29,LIGHT,78.39,LOW,RUNNING,24.2,7.36,LIGHT,86.29,LOW,RUNNING,28.73,55.0,286.8,0.25,22.0,COOLING,0.25,22.0,COOLING,0.25,22.0,COOLING,0.25,22.0,COOLING,21.484,22.096,25.632,22.098,22.828,25.632,21.484,4.148,326.57,161.13,160.15,164.68,170.0,170.0,1360.0,170.0,263.38,321.92,317.62,321.88,197.07,321.56,-839.69,321.06,875.0,875.0,875.0,875.0,82.02,99.61,123.08,102.62,812.53,1870.0,1224.8,3500.0,407.33,0.0,1.0,1.0,0.0,22.5,TARGETED_EAST_OCCUPANCY_COOL,40.6043
2,Occupancy Concentration,0,642,6420.0,22,2,2,16,2,21.44,5.93,LIGHT,80.69,LOW,RUNNING,20.55,5.38,LIGHT,78.76,LOW,RUNNING,23.61,7.98,LIGHT,86.48,LOW,RUNNING,22.12,5.64,LIGHT,81.11,LOW,RUNNING,19.05,4.17,LIGHT,75.07,LOW,RUNNING,23.44,7.51,LIGHT,85.57,LOW,RUNNING,21.84,6.3,LIGHT,81.75,LOW,RUNNING,20.85,5.28,LIGHT,78.98,LOW,RUNNING,20.49,5.3,LIGHT,78.56,LOW,RUNNING,24.18,7.26,LIGHT,86.11,LOW,RUNNING,28.73,55.0,287.0,0.25,22.0,COOLING,0.25,22.0,COOLING,0.25,22.0,COOLING,0.25,22.0,COOLING,21.486,22.098,25.635,22.1,22.83,25.635,21.486,4.149,327.04,160.64,160.73,164.67,170.0,170.0,1360.0,170.0,263.41,322.01,317.73,321.97,197.08,321.67,-839.92,321.17,875.0,875.0,875.0,875.0,82.53,99.32,123.54,102.81,813.08,1870.0,1225.12,3500.0,408.2,0.0,1.0,1.0,0.0,22.5,TARGETED_EAST_OCCUPANCY_COOL,40.6518
2,Occupancy Concentration,0,643,6430.0,22,2,2,16,2,21.55,6.05,LIGHT,81.01,LOW,RUNNING,20.71,5.45,LIGHT,79.06,LOW,RUNNING,23.68,7.93,LIGHT,86.49,LOW,RUNNING,22.02,5.52,LIGHT,80.81,LOW,RUNNING,18.88,4.09,LIGHT,74.73,LOW,RUNNING,23.36,7.54,LIGHT,85.51,LOW,RUNNING,21.92,6.41,LIGHT,82.02,LOW,RUNNING,21.02,5.37,LIGHT,79.33,LOW,RUNNING,20.6,5.28,LIGHT,78.67,LOW,RUNNING,24.13,7.16,LIGHT,85.9,LOW,RUNNING,28.73,55.0,287.2,0.25,22.0,COOLING,0.25,22.0,COOLING,0.25,22.0,COOLING,0.25,22.0,COOLING,21.488,22.1,25.638,22.102,22.832,25.638,21.488,4.15,327.37,160.24,161.35,164.57,170.0,170.0,1360.0,170.0,263.45,322.09,317.84,322.04,197.09,321.78,-840.16,321.28,875.0,875.0,875.0,875.0,82.91,99.11,124.03,102.89,813.53,1870.0,1225.42,3500.0,408.94,0.0,1.0,1.0,0.0,22.5,TARGETED_EAST_OCCUPANCY_COOL,40.6999
2,Occupancy Concentration,0,644,6440.0,22,2,2,16,2,21.7,6.17,LIGHT,81.38,LOW,RUNNING,20.87,5.49,LIGHT,79.32,LOW,RUNNING,23.7,7.86,LIGHT,86.42,LOW,RUNNING,21.89,5.4,LIGHT,80.46,LOW,RUNNING,18.72,4.03,LIGHT,74.45,LOW,RUNNING,23.31,7.6,LIGHT,85.54,LOW,RUNNING,22.03,6.53,LIGHT,82.33,LOW,RUNNING,21.18,5.44,LIGHT,79.63,LOW,RUNNING,20.67,5.24,LIGHT,78.7,LOW,RUNNING,24.04,7.04,LIGHT,85.61,LOW,RUNNING,28.74,55.0,287.3,0.25,22.0,COOLING,0.25,22.0,COOLING,0.25,22.0,COOLING,0.25,22.0,COOLING,21.49,22.102,25.641,22.104,22.834,25.641,21.49,4.151,327.58,159.99,161.96,164.31,170.0,170.0,1360.0,170.0,263.66,322.32,318.08,322.28,197.11,321.89,-840.39,321.39,875.0,875.0,875.0,875.0,83.35,99.2,124.65,102.98,813.84,1870.0,1226.34,3500.0,410.18,0.0,1.0,1.0,0.0,22.5,TARGETED_EAST_OCCUPANCY_COOL,40.7485
2,Occupancy Concentration,0,645,6450.0,22,2,2,16,2,21.86,6.28,LIGHT,81.75,LOW,RUNNING,21.0,5.5,LIGHT,79.5,LOW,RUNNING,23.68,7.76,LIGHT,86.24,LOW,RUNNING,21.74,5.28,LIGHT,80.09,LOW,RUNNING,18.58,4.0,LIGHT,74.22,LOW,RUNNING,23.3,7.68,LIGHT,85.64,LOW,RUNNING,22.17,6.65,LIGHT,82.69,LOW,RUNNING,21.34,5.48,LIGHT,79.89,LOW,RUNNING,20.7,5.17,LIGHT,78.63,LOW,RUNNING,23.91,6.92,LIGHT,85.27,LOW,RUNNING,28.74,55.0,287.5,0.25,22.0,COOLING,0.25,22.0,COOLING,0.25,22.0,COOLING,0.25,22.0,COOLING,21.492,22.104,25.644,22.106,22.837,25.644,21.492,4.152,327.58,159.86,162.58,163.9,170.0,170.0,1360.0,170.0,263.69,322.41,318.19,322.36,197.13,322.0,-840.62,321.5,875.0,875.0,875.0,875.0,83.4,99.27,125.15,102.76,813.92,1870.0,1226.65,3500.0,410.58,0.0,1.0,1.0,0.0,22.5,TARGETED_EAST_OCCUPANCY_COOL,40.7978
2,Occupancy Concentration,0,646,6460.0,22,2,2,16,2,22.02,6.37,LIGHT,82.08,LOW,RUNNING,21.1,5.48,LIGHT,79.59,LOW,RUNNING,23.63,7.65,LIGHT,86.01,LOW,RUNNING,21.58,5.18,LIGHT,79.74,LOW,RUNNING,18.46,4.0,LIGHT,74.08,LOW,RUNNING,23.34,7.78,LIGHT,85.84,LOW,RUNNING,22.33,6.76,LIGHT,83.05,LOW,RUNNING,21.48,5.5,LIGHT,80.1,LOW,RUNNING,20.69,5.08,LIGHT,78.48,LOW,RUNNING,23.77,6.8,LIGHT,84.91,LOW,RUNNING,28.74,55.0,287.7,0.25,22.0,COOLING,0.25,22.0,COOLING,0.25,22.0,COOLING,0.25,22.0,COOLING,21.494,22.106,25.647,22.108,22.839,25.647,21.494,4.153,327.42,159.92,163.15,163.39,170.0,170.0,1360.0,170.0,263.72,322.48,318.3,322.44,197.14,322.11,-840.86,321.61,875.0,875.0,875.0,875.0,83.28,99.51,125.59,102.44,813.88,1870.0,1226.94,3500.0,410.82,0.0,1.0,1.0,0.0,22.5,TARGETED_EAST_OCCUPANCY_COOL,40.8474
2,Occupancy Concentration,0,647,6470.0,22,2,2,16,2,22.19,6.44,LIGHT,82.4,LOW,RUNNING,21.17,5.44,LIGHT,79.62,LOW,RUNNING,23.53,7.53,LIGHT,85.71,LOW,RUNNING,21.41,5.1,LIGHT,79.41,LOW,RUNNING,18.37,4.03,LIGHT,74.01,LOW,RUNNING,23.41,7.9,LIGHT,86.11,LOW,RUNNING,22.49,6.86,LIGHT,83.4,LOW,RUNNING,21.59,5.49,LIGHT,80.22,LOW,RUNNING,20.64,4.97,LIGHT,78.25,LOW,RUNNING,23.6,6.7,LIGHT,84.55,LOW,RUNNING,28.75,55.0,287.8,0.25,22.0,COOLING,0.25,22.0,COOLING,0.25,22.0,COOLING,0.25,22.0,COOLING,21.496,22.108,25.65,22.11,22.841,25.65,21.496,4.154,327.14,160.12,163.62,162.8,170.0,170.0,1360.0,170.0,263.92,322.73,318.53,322.68,197.16,322.22,-841.09,321.72,875.0,875.0,875.0,875.0,83.22,100.07,126.06,102.2,813.68,1870.0,1227.86,3500.0,411.55,0.0,1.0,1.0,0.0,22.5,TARGETED_EAST_OCCUPANCY_COOL,40.8972
2,Occupancy Concentration,0,648,6480.0,22,2,2,16,2,22.35,6.48,LIGHT,82.66,LOW,RUNNING,21.2,5.37,LIGHT,79.56,LOW,RUNNING,23.41,7.41,LIGHT,85.38,LOW,RUNNING,21.24,5.04,LIGHT,79.11,LOW,RUNNING,18.31,4.09,LIGHT,74.02,LOW,RUNNING,23.51,8.02,LIGHT,86.42,LOW,RUNNING,22.66,6.93,LIGHT,83.72,LOW,RUNNING,21.66,5.45,LIGHT,80.25,LOW,RUNNING,20.55,4.85,LIGHT,77.96,LOW,RUNNING,23.44,6.61,LIGHT,84.22,LOW,RUNNING,28.75,55.0,288.0,0.25,22.0,COOLING,0.25,22.0,COOLING,0.25,22.0,COOLING,0.25,22.0,COOLING,21.498,22.11,25.653,22.112,22.843,25.653,21.498,4.155,326.71,160.44,163.97,162.18,170.0,170.0,1360.0,170.0,263.96,322.8,318.65,322.76,197.17,322.33,-841.33,321.83,875.0,875.0,875.0,875.0,82.84,100.57,126.29,101.77,813.3,1870.0,1228.17,3500.0,411.47,0.0,1.0,1.0,0.0,22.5,TARGETED_EAST_OCCUPANCY_COOL,40.9471
2,Occupancy Concentration,0,649,6490.0,22,2,2,16,2,22.48,6.5,LIGHT,82.85,LOW,RUNNING,21.19,5.28,LIGHT,79.41,LOW,RUNNING,23.26,7.3,LIGHT,85.03,LOW,RUNNING,21.1,5.01,LIGHT,78.89,LOW,RUNNING,18.3,4.17,LIGHT,74.13,LOW,RUNNING,23.65,8.14,LIGHT,86.77,LOW,RUNNING,22.82,6.98,LIGHT,84.0,LOW,RUNNING,21.7,5.38,LIGHT,80.19,LOW,RUNNING,20.43,4.73,LIGHT,77.63,LOW,RUNNING,23.27,6.55,LIGHT,83.91,LOW,RUNNING,28.75,55.0,288.2,0.25,22.0,COOLING,0.25,22.0,COOLING,0.25,22.0,COOLING,0.25,22.0,COOLING,21.5,22.112,25.656,22.114,22.846,25.656,21.5,4.156,326.18,160.9,164.19,161.54,170.0,170.0,1360.0,170.0,264.0,322.88,318.76,322.84,197.18,322.44,-841.56,321.94,875.0,875.0,875.0,875.0,82.36,101.22,126.39,101.32,812.81,1870.0,1228.48,3500.0,411.29,0.0,1.0,1.0,0.0,22.5,TARGETED_EAST_OCCUPANCY_COOL,40.997
2,Occupancy Concentration,0,650,6500.0,22,2,2,16,2,22.59,6.49,LIGHT,82.97,LOW,RUNNING,21.14,5.17,LIGHT,79.18,LOW,RUNNING,23.1,7.19,LIGHT,84.66,LOW,RUNNING,20.97,5.0,LIGHT,78.71,LOW,RUNNING,18.33,4.27,LIGHT,74.32,LOW,RUNNING,23.8,8.25,LIGHT,87.12,LOW,RUNNING,22.96,7.0,LIGHT,84.2,LOW,RUNNING,21.69,5.29,LIGHT,80.05,LOW,RUNNING,20.29,4.62,LIGHT,77.29,LOW,RUNNING,23.12,6.51,LIGHT,83.67,LOW,RUNNING,28.76,55.0,288.3,0.25,22.0,COOLING,0.25,22.0,COOLING,0.25,22.0,COOLING,0.25,22.0,COOLING,21.502,22.114,25.659,22.116,22.848,25.659,21.502,4.157,325.52,161.44,164.25,160.96,170.0,170.0,1360.0,170.0,264.2,323.12,319.0,323.08,197.2,322.55,-841.8,322.05,875.0,875.0,875.0,875.0,81.92,102.11,126.45,101.09,812.17,1870.0,1229.4,3500.0,411.57,0.0,1.0,1.0,0.0,22.5,TARGETED_EAST_OCCUPANCY_COOL,41.0468
2,Occupancy Concentration,0,651,6510.0,22,2,2,16,2,22.66,6.45,LIGHT,83.0,LOW,RUNNING,21.05,5.05,LIGHT,78.89,LOW,RUNNING,22.93,7.11,LIGHT,84.33,LOW,RUNNING,20.88,5.03,LIGHT,78.64,LOW,RUNNING,18.4,4.38,LIGHT,74.57,LOW,RUNNING,23.97,8.34,LIGHT,87.47,LOW,RUNNING,23.07,6.99,LIGHT,84.32,LOW,RUNNING,21.65,5.19,LIGHT,79.85,LOW,RUNNING,20.13,4.51,LIGHT,76.93,LOW,RUNNING,22.99,6.5,LIGHT,83.49,LOW,RUNNING,28.76,55.0,288.5,0.25,22.0,COOLING,0.25,22.0,COOLING,0.25,22.0,COOLING,0.25,22.0,COOLING,21.504,22.116,25.662,22.118,22.85,25.662,21.504,4.158,324.86,162.04,164.17,160.42,170.0,170.0,1360.0,170.0,264.24,323.2,319.11,323.16,197.22,322.66,-842.03,322.16,875.0,875.0,875.0,875.0,81.32,102.9,126.25,100.74,811.49,1870.0,1229.71,3500.0,411.21,0.0,1.0,1.0,0.0,22.5,TARGETED_EAST_OCCUPANCY_COOL,41.0963
2,Occupancy Concentration,0,652,6520.0,22,2,2,16,2,22.7,6.38,LIGHT,82.94,LOW,RUNNING,20.93,4.93,LIGHT,78.56,LOW,RUNNING,22.77,7.05,LIGHT,84.04,LOW,RUNNING,20.82,5.08,LIGHT,78.65,LOW,RUNNING,18.5,4.5,LIGHT,74.88,LOW,RUNNING,24.14,8.42,LIGHT,87.8,LOW,RUNNING,23.15,6.95,LIGHT,84.36,LOW,RUNNING,21.57,5.07,LIGHT,79.57,LOW,RUNNING,19.96,4.42,LIGHT,76.58,LOW,RUNNING,22.89,6.52,LIGHT,83.39,LOW,RUNNING,28.76,55.0,288.7,0.25,22.0,COOLING,0.25,22.0,COOLING,0.25,22.0,COOLING,0.25,22.0,COOLING,21.506,22.118,25.665,22.12,22.852,25.665,21.506,4.159,324.19,162.68,163.93,159.97,170.0,170.0,1360.0,170.0,264.26,323.29,319.22,323.24,197.23,322.77,-842.27,322.27,875.0,875.0,875.0,875.0,80.68,103.74,125.88,100.48,810.77,1870.0,1230.01,3500.0,410.78,0.0,1.0,1.0,0.0,22.5,TARGETED_EAST_OCCUPANCY_COOL,41.1455
2,Occupancy Concentration,0,653,6530.0,22,2,2,16,2,22.69,6.29,LIGHT,82.8,LOW,RUNNING,20.78,4.81,LIGHT,78.19,LOW,RUNNING,22.61,7.01,LIGHT,83.78,LOW,RUNNING,20.8,5.16,LIGHT,78.74,LOW,RUNNING,18.63,4.62,LIGHT,75.22,LOW,RUNNING,24.3,8.47,LIGHT,88.08,LOW,RUNNING,23.19,6.89,LIGHT,84.32,LOW,RUNNING,21.45,4.95,LIGHT,79.24,LOW,RUNNING,19.79,4.35,LIGHT,76.26,LOW,RUNNING,22.83,6.57,LIGHT,83.39,LOW,RUNNING,28.77,55.0,288.8,0.25,22.0,COOLING,0.25,22.0,COOLING,0.25,22.0,COOLING,0.25,22.0,COOLING,21.508,22.12,25.668,22.122,22.855,25.668,21.508,4.16,323.51,163.3,163.56,159.65,170.0,170.0,1360.0,170.0,264.48,323.52,319.46,323.47,197.24,322.88,-842.5,322.38,875.0,875.0,875.0,875.0,80.23,104.7,125.52,100.5,810.02,1870.0,1230.93,3500.0,410.95,0.0,1.0,1.0,0.0,22.5,TARGETED_EAST_OCCUPANCY_COOL,41.1945
2,Occupancy Concentration,0,654,6540.0,22,2,2,16,2,22.65,6.18,LIGHT,82.58,LOW,RUNNING,20.62,4.71,LIGHT,77.84,LOW,RUNNING,22.49,7.0,LIGHT,83.61,LOW,RUNNING,20.82,5.25,LIGHT,78.9,LOW,RUNNING,18.78,4.73,LIGHT,75.57,LOW,RUNNING,24.44,8.5,LIGHT,88.3,LOW,RUNNING,23.2,6.81,LIGHT,84.22,LOW,RUNNING,21.31,4.83,LIGHT,78.88,LOW,RUNNING,19.64,4.31,LIGHT,76.02,LOW,RUNNING,22.8,6.64,LIGHT,83.46,LOW,RUNNING,28.77,55.0,289.0,0.25,22.0,COOLING,0.25,22.0,COOLING,0.25,22.0,COOLING,0.25,22.0,COOLING,21.51,22.122,25.671,22.124,22.857,25.671,21.51,4.161,322.93,163.87,163.1,159.48,170.0,170.0,1360.0,170.0,264.51,323.59,319.56,323.55,197.26,322.99,-842.74,322.49,875.0,875.0,875.0,875.0,79.7,105.45,124.92,100.52,809.38,1870.0,1231.21,3500.0,410.59,0.0,1.0,1.0,0.0,22.5,TARGETED_EAST_OCCUPANCY_COOL,41.243
2,Occupancy Concentration,0,655,6550.0,22,2,2,16,2,22.56,6.07,LIGHT,82.31,LOW,RUNNING,20.45,4.62,LIGHT,77.49,LOW,RUNNING,22.39,7.02,LIGHT,83.52,LOW,RUNNING,20.88,5.36,LIGHT,79.14,LOW,RUNNING,18.95,4.83,LIGHT,75.93,LOW,RUNNING,24.56,8.49,LIGHT,88.44,LOW,RUNNING,23.16,6.7,LIGHT,84.0,LOW,RUNNING,21.15,4.72,LIGHT,78.52,LOW,RUNNING,19.51,4.3,LIGHT,75.84,LOW,RUNNING,22.82,6.74,LIGHT,83.64,LOW,RUNNING,28.77,55.0,289.2,0.25,22.0,COOLING,0.25,22.0,COOLING,0.25,22.0,COOLING,0.25,22.0,COOLING,21.512,22.124,25.674,22.126,22.859,25.674,21.512,4.162,322.46,164.37,162.52,159.48,170.0,170.0,1360.0,170.0,264.54,323.68,319.68,323.64,197.27,323.1,-842.97,322.6,875.0,875.0,875.0,875.0,79.27,106.15,124.23,100.72,808.83,1870.0,1231.54,3500.0,410.37,0.0,1.0,1.0,0.0,22.5,TARGETED_EAST_OCCUPANCY_COOL,41.2912
2,Occupancy Concentration,0,656,6560.0,22,2,2,16,2,22.45,5.95,LIGHT,81.99,LOW,RUNNING,20.29,4.55,LIGHT,77.19,LOW,RUNNING,22.32,7.07,LIGHT,83.51,LOW,RUNNING,20.98,5.48,LIGHT,79.44,LOW,RUNNING,19.12,4.91,LIGHT,76.27,LOW,RUNNING,24.64,8.46,LIGHT,88.49,LOW,RUNNING,23.08,6.59,LIGHT,83.73,LOW,RUNNING,20.98,4.63,LIGHT,78.17,LOW,RUNNING,19.4,4.32,LIGHT,75.73,LOW,RUNNING,22.87,6.84,LIGHT,83.85,LOW,RUNNING,28.78,55.0,289.3,0.25,22.0,COOLING,0.25,22.0,COOLING,0.25,22.0,COOLING,0.25,22.0,COOLING,21.514,22.126,25.677,22.128,22.861,25.677,21.514,4.163,322.13,164.76,161.9,159.58,170.0,170.0,1360.0,170.0,264.75,323.91,319.92,323.87,197.29,323.21,-843.21,322.71,875.0,875.0,875.0,875.0,79.17,106.88,123.61,101.16,808.37,1870.0,1232.45,3500.0,410.82,0.0,1.0,1.0,0.0,22.5,TARGETED_EAST_OCCUPANCY_COOL,41.3392
2,Occupancy Concentration,0,657,6570.0,22,2,2,16,2,22.3,5.83,LIGHT,81.62,LOW,RUNNING,20.13,4.51,LIGHT,76.93,LOW,RUNNING,22.3,7.14,LIGHT,83.58,LOW,RUNNING,21.11,5.6,LIGHT,79.79,LOW,RUNNING,19.28,4.97,LIGHT,76.55,LOW,RUNNING,24.69,8.4,LIGHT,88.46,LOW,RUNNING,22.97,6.47,LIGHT,83.42,LOW,RUNNING,20.82,4.56,LIGHT,77.87,LOW,RUNNING,19.33,4.36,LIGHT,75.7,LOW,RUNNING,22.96,6.96,LIGHT,84.14,LOW,RUNNING,28.78,55.0,289.5,0.25,22.0,COOLING,0.25,22.0,COOLING,0.25,22.0,COOLING,0.25,22.0,COOLING,21.516,22.128,25.68,22.13,22.863,25.68,21.516,4.164,321.92,165.01,161.29,159.84,170.0,170.0,1360.0,170.0,264.78,324.0,320.02,323.96,197.31,323.32,-843.44,322.82,875.0,875.0,875.0,875.0,79.01,107.33,122.87,101.62,808.06,1870.0,1232.76,3500.0,410.83,0.0,1.0,1.0,0.0,22.5,TARGETED_EAST_OCCUPANCY_COOL,41.3871
2,Occupancy Concentration,0,658,6580.0,22,2,2,16,2,22.14,5.72,LIGHT,81.25,LOW,RUNNING,20.0,4.5,LIGHT,76.75,LOW,RUNNING,22.32,7.24,LIGHT,83.76,LOW,RUNNING,21.26,5.72,LIGHT,80.16,LOW,RUNNING,19.42,5.0,LIGHT,76.78,LOW,RUNNING,24.7,8.32,LIGHT,88.36,LOW,RUNNING,22.83,6.35,LIGHT,83.06,LOW,RUNNING,20.66,4.52,LIGHT,77.61,LOW,RUNNING,19.3,4.43,LIGHT,75.77,LOW,RUNNING,23.09,7.08,LIGHT,84.48,LOW,RUNNING,28.78,55.0,289.7,0.25,22.0,COOLING,0.25,22.0,COOLING,0.25,22.0,COOLING,0.25,22.0,COOLING,21.518,22.13,25.682,22.132,22.866,25.682,21.518,4.164,321.92,165.14,160.67,160.25,170.0,170.0,1360.0,170.0,264.82,324.08,320.14,324.04,197.32,323.43,-843.68,322.93,875.0,875.0,875.0,875.0,79.06,107.65,122.13,102.22,807.98,1870.0,1233.08,3500.0,411.06,0.0,1.0,1.0,0.0,22.5,TARGETED_EAST_OCCUPANCY_COOL,41.4052
2,Occupancy Concentration,0,659,6590.0,22,2,2,16,2,21.98,5.63,LIGHT,80.92,LOW,RUNNING,19.9,4.52,LIGHT,76.66,LOW,RUNNING,22.37,7.35,LIGHT,83.99,LOW,RUNNING,21.42,5.82,LIGHT,80.51,LOW,RUNNING,19.54,5.0,LIGHT,76.92,LOW,RUNNING,24.66,8.22,LIGHT,88.16,LOW,RUNNING,22.67,6.24,LIGHT,82.7,LOW,RUNNING,20.52,4.5,LIGHT,77.4,LOW,RUNNING,19.31,4.52,LIGHT,75.92,LOW,RUNNING,23.23,7.2,LIGHT,84.84,LOW,RUNNING,28.79,55.0,289.8,0.25,22.0,COOLING,0.25,22.0,COOLING,0.25,22.0,COOLING,0.25,22.0,COOLING,21.52,22.132,25.684,22.134,22.867,25.684,21.52,4.164,322.08,165.08,160.1,160.76,170.0,170.0,1360.0,170.0,265.02,324.31,320.39,324.27,197.32,323.43,-843.68,322.93,875.0,875.0,875.0,875.0,79.42,107.82,121.81,102.96,808.02,1870.0,1233.99,3500.0,412.01,0.0,1.0,1.0,0.0,22.5,TARGETED_EAST_OCCUPANCY_COOL,41.4243
2,Occupancy Concentration,0,660,6600.0,22,2,2,16,2,21.81,5.56,LIGHT,80.6,LOW,RUNNING,19.83,4.56,LIGHT,76.63,LOW,RUNNING,22.47,7.47,LIGHT,84.29,LOW,RUNNING,21.59,5.9,LIGHT,80.84,LOW,RUNNING,19.63,4.97,LIGHT,76.99,LOW,RUNNING,24.59,8.1,LIGHT,87.89,LOW,RUNNING,22.51,6.14,LIGHT,82.35,LOW,RUNNING,20.41,4.51,LIGHT,77.28,LOW,RUNNING,19.36,4.63,LIGHT,76.15,LOW,RUNNING,23.4,7.3,LIGHT,85.2,LOW,RUNNING,28.79,55.0,290.0,0.25,22.0,COOLING,0.25,22.0,COOLING,0.25,22.0,COOLING,0.25,22.0,COOLING,21.522,22.134,25.686,22.136,22.869,25.686,21.522,4.164,322.36,164.88,159.63,161.35,170.0,170.0,1360.0,170.0,265.05,324.4,320.53,324.35,197.32,323.43,-843.68,322.93,875.0,875.0,875.0,875.0,79.73,107.71,121.48,103.63,808.22,1870.0,1234.33,3500.0,412.55,0.0,1.0,1.0,0.0,22.5,TARGETED_EAST_OCCUPANCY_COOL,41.4436
2,Occupancy Concentration,0,661,6610.0,22,2,2,16,2,21.65,5.52,LIGHT,80.34,LOW,RUNNING,19.8,4.63,LIGHT,76.69,LOW,RUNNING,22.59,7.59,LIGHT,84.62,LOW,RUNNING,21.76,5.96,LIGHT,81.14,LOW,RUNNING,19.69,4.91,LIGHT,76.98,LOW,RUNNING,24.49,7.98,LIGHT,87.58,LOW,RUNNING,22.34,6.07,LIGHT,82.03,LOW,RUNNING,20.34,4.55,LIGHT,77.25,LOW,RUNNING,19.45,4.75,LIGHT,76.44,LOW,RUNNING,23.56,7.39,LIGHT,85.53,LOW,RUNNING,28.8,55.0,290.2,0.25,22.0,COOLING,0.25,22.0,COOLING,0.25,22.0,COOLING,0.25,22.0,COOLING,21.524,22.136,25.688,22.138,22.872,25.688,21.524,4.164,322.79,164.56,159.28,161.97,170.0,170.0,1360.0,170.0,265.31,324.7,320.87,324.66,197.32,323.43,-843.68,322.93,875.0,875.0,875.0,875.0,80.42,107.69,121.47,104.56,808.6,1870.0,1235.54,3500.0,414.14,0.0,1.0,1.0,0.0,22.5,TARGETED_EAST_OCCUPANCY_COOL,41.4634
2,Occupancy Concentration,0,662,6620.0,22,2,2,16,2,21.52,5.5,LIGHT,80.15,LOW,RUNNING,19.81,4.72,LIGHT,76.84,LOW,RUNNING,22.74,7.7,LIGHT,84.97,LOW,RUNNING,21.9,5.99,LIGHT,81.36,LOW,RUNNING,19.7,4.83,LIGHT,76.87,LOW,RUNNING,24.35,7.86,LIGHT,87.23,LOW,RUNNING,22.18,6.02,LIGHT,81.75,LOW,RUNNING,20.3,4.62,LIGHT,77.31,LOW,RUNNING,19.57,4.87,LIGHT,76.77,LOW,RUNNING,23.73,7.45,LIGHT,85.84,LOW,RUNNING,28.8,55.0,290.3,0.25,22.0,COOLING,0.25,22.0,COOLING,0.25,22.0,COOLING,0.25,22.0,COOLING,21.526,22.138,25.69,22.14,22.873,25.69,21.526,4.164,323.32,164.1,159.06,162.61,170.0,170.0,1360.0,170.0,265.29,324.72,320.92,324.67,197.32,323.43,-843.68,322.93,875.0,875.0,875.0,875.0,80.93,107.25,121.3,105.21,809.09,1870.0,1235.6,3500.0,414.69,0.0,1.0,1.0,0.0,22.5,TARGETED_EAST_OCCUPANCY_COOL,41.4832
2,Occupancy Concentration,0,663,6630.0,22,2,2,16,2,21.41,5.51,LIGHT,80.03,LOW,RUNNING,19.86,4.83,LIGHT,77.07,LOW,RUNNING,22.9,7.81,LIGHT,85.34,LOW,RUNNING,22.03,6.0,LIGHT,81.54,LOW,RUNNING,19.67,4.73,LIGHT,76.68,LOW,RUNNING,24.2,7.75,LIGHT,86.88,LOW,RUNNING,22.04,6.0,LIGHT,81.55,LOW,RUNNING,20.31,4.71,LIGHT,77.45,LOW,RUNNING,19.71,4.98,LIGHT,77.11,LOW,RUNNING,23.88,7.49,LIGHT,86.08,LOW,RUNNING,28.8,55.0,290.5,0.25,22.0,COOLING,0.25,22.0,COOLING,0.25,22.0,COOLING,0.25,22.0,COOLING,21.528,22.14,25.692,22.142,22.875,25.692,21.528,4.164,323.98,163.56,159.0,163.19,170.0,170.0,1360.0,170.0,265.33,324.79,321.05,324.75,197.32,323.43,-843.68,322.93,875.0,875.0,875.0,875.0,81.63,106.78,121.37,105.87,809.73,1870.0,1235.92,3500.0,415.65,0.0,1.0,1.0,0.0,22.5,TARGETED_EAST_OCCUPANCY_COOL,41.5035
2,Occupancy Concentration,0,664,6640.0,22,2,2,16,2,21.34,5.55,LIGHT,80.0,LOW,RUNNING,19.95,4.95,LIGHT,77.36,LOW,RUNNING,23.07,7.89,LIGHT,85.67,LOW,RUNNING,22.12,5.97,LIGHT,81.61,LOW,RUNNING,19.6,4.62,LIGHT,76.43,LOW,RUNNING,24.03,7.66,LIGHT,86.53,LOW,RUNNING,21.93,6.01,LIGHT,81.43,LOW,RUNNING,20.35,4.81,LIGHT,77.65,LOW,RUNNING,19.87,5.09,LIGHT,77.47,LOW,RUNNING,24.01,7.5,LIGHT,86.26,LOW,RUNNING,28.81,55.0,290.7,0.25,22.0,COOLING,0.25,22.0,COOLING,0.25,22.0,COOLING,0.25,22.0,COOLING,21.53,22.142,25.694,22.144,22.877,25.694,21.53,4.164,324.64,162.96,159.08,163.73,170.0,170.0,1360.0,170.0,265.57,325.09,321.4,325.05,197.32,323.43,-843.68,322.93,875.0,875.0,875.0,875.0,82.53,106.48,121.8,106.71,810.41,1870.0,1237.11,3500.0,417.52,0.0,1.0,1.0,0.0,22.5,TARGETED_EAST_OCCUPANCY_COOL,41.5248
2,Occupancy Concentration,0,665,6650.0,22,2,2,16,2,21.3,5.62,LIGHT,80.06,LOW,RUNNING,20.07,5.07,LIGHT,77.69,LOW,RUNNING,23.23,7.95,LIGHT,85.96,LOW,RUNNING,22.18,5.92,LIGHT,81.6,LOW,RUNNING,19.5,4.5,LIGHT,76.12,LOW,RUNNING,23.86,7.58,LIGHT,86.2,LOW,RUNNING,21.85,6.05,LIGHT,81.39,LOW,RUNNING,20.43,4.93,LIGHT,77.93,LOW,RUNNING,20.04,5.18,LIGHT,77.82,LOW,RUNNING,24.11,7.48,LIGHT,86.36,LOW,RUNNING,28.81,55.0,290.8,0.25,22.0,COOLING,0.25,22.0,COOLING,0.25,22.0,COOLING,0.25,22.0,COOLING,21.532,22.144,25.696,22.146,22.88,25.696,21.532,4.164,325.31,162.32,159.32,164.18,170.0,170.0,1360.0,170.0,265.57,325.11,321.44,325.07,197.32,323.43,-843.68,322.93,875.0,875.0,875.0,875.0,83.2,105.86,122.08,107.18,811.13,1870.0,1237.19,3500.0,418.32,0.0,1.0,1.0,0.0,22.5,TARGETED_EAST_OCCUPANCY_COOL,41.5462
2,Occupancy Concentration,0,666,6660.0,22,2,2,16,2,21.31,5.71,LIGHT,80.2,LOW,RUNNING,20.22,5.19,LIGHT,78.06,LOW,RUNNING,23.39,7.99,LIGHT,86.22,LOW,RUNNING,22.2,5.84,LIGHT,81.51,LOW,RUNNING,19.37,4.38,LIGHT,75.78,LOW,RUNNING,23.7,7.53,LIGHT,85.92,LOW,RUNNING,21.81,6.11,LIGHT,81.43,LOW,RUNNING,20.55,5.05,LIGHT,78.26,LOW,RUNNING,20.21,5.25,LIGHT,78.14,LOW,RUNNING,24.17,7.43,LIGHT,86.36,LOW,RUNNING,28.81,55.0,291.0,0.25,22.0,COOLING,0.25,22.0,COOLING,0.25,22.0,COOLING,0.25,22.0,COOLING,21.534,22.146,25.699,22.148,22.882,25.699,21.534,4.165,325.99,161.7,159.69,164.5,170.0,170.0,1360.0,170.0,265.6,325.2,321.57,325.16,197.32,323.43,-843.68,322.93,875.0,875.0,875.0,875.0,83.91,105.33,122.58,107.59,811.88,1870.0,1237.53,3500.0,419.41,0.0,1.0,1.0,0.0,22.5,TARGETED_EAST_OCCUPANCY_COOL,41.5984
2,Occupancy Concentration,0,667,6670.0,22,2,2,16,2,21.35,5.82,LIGHT,80.42,LOW,RUNNING,20.38,5.29,LIGHT,78.41,LOW,RUNNING,23.51,8.0,LIGHT,86.39,LOW,RUNNING,22.18,5.75,LIGHT,81.35,LOW,RUNNING,19.22,4.27,LIGHT,75.43,LOW,RUNNING,23.56,7.5,LIGHT,85.7,LOW,RUNNING,21.8,6.19,LIGHT,81.53,LOW,RUNNING,20.69,5.17,LIGHT,78.62,LOW,RUNNING,20.36,5.29,LIGHT,78.39,LOW,RUNNING,24.2,7.36,LIGHT,86.29,LOW,RUNNING,28.82,55.0,291.2,0.25,22.0,COOLING,0.25,22.0,COOLING,0.25,22.0,COOLING,0.25,22.0,COOLING,21.536,22.148,25.702,22.15,22.884,25.702,21.536,4.166,326.57,161.13,160.15,164.68,170.0,170.0,1360.0,170.0,265.85,325.49,321.9,325.45,197.34,323.54,-843.92,323.04,875.0,875.0,875.0,875.0,84.76,105.16,123.13,108.17,812.53,1870.0,1238.69,3500.0,421.22,0.0,1.0,1.0,0.0,22.5,TARGETED_EAST_OCCUPANCY_COOL,41.6506
2,Occupancy Concentration,0,668,6680.0,22,2,2,16,2,21.44,5.93,LIGHT,80.69,LOW,RUNNING,20.55,5.38,LIGHT,78.76,LOW,RUNNING,23.61,7.98,LIGHT,86.48,LOW,RUNNING,22.12,5.64,LIGHT,81.11,LOW,RUNNING,19.05,4.17,LIGHT,75.07,LOW,RUNNING,23.44,7.51,LIGHT,85.57,LOW,RUNNING,21.84,6.3,LIGHT,81.75,LOW,RUNNING,20.85,5.28,LIGHT,78.98,LOW,RUNNING,20.49,5.3,LIGHT,78.56,LOW,RUNNING,24.18,7.26,LIGHT,86.11,LOW,RUNNING,28.82,55.0,291.3,0.25,22.0,COOLING,0.25,22.0,COOLING,0.25,22.0,COOLING,0.25,22.0,COOLING,21.538,22.15,25.705,22.152,22.886,25.705,21.538,4.167,327.04,160.64,160.73,164.67,170.0,170.0,1360.0,170.0,265.85,325.51,321.93,325.47,197.35,323.65,-844.15,323.15,875.0,875.0,875.0,875.0,85.24,104.8,123.51,108.29,813.08,1870.0,1238.76,3500.0,421.84,0.0,1.0,1.0,0.0,22.5,TARGETED_EAST_OCCUPANCY_COOL,41.7033
2,Occupancy Concentration,0,669,6690.0,22,2,2,16,2,21.55,6.05,LIGHT,81.01,LOW,RUNNING,20.71,5.45,LIGHT,79.06,LOW,RUNNING,23.68,7.93,LIGHT,86.49,LOW,RUNNING,22.02,5.52,LIGHT,80.81,LOW,RUNNING,18.88,4.09,LIGHT,74.73,LOW,RUNNING,23.36,7.54,LIGHT,85.51,LOW,RUNNING,21.92,6.41,LIGHT,82.02,LOW,RUNNING,21.02,5.37,LIGHT,79.33,LOW,RUNNING,20.6,5.28,LIGHT,78.67,LOW,RUNNING,24.13,7.16,LIGHT,85.9,LOW,RUNNING,28.82,55.0,291.5,0.25,22.0,COOLING,0.25,22.0,COOLING,0.25,22.0,COOLING,0.25,22.0,COOLING,21.54,22.152,25.708,22.154,22.889,25.708,21.54,4.168,327.37,160.24,161.35,164.57,170.0,170.0,1360.0,170.0,265.87,325.6,322.03,325.55,197.36,323.76,-844.38,323.26,875.0,875.0,875.0,875.0,85.6,104.6,124.0,108.38,813.53,1870.0,1239.05,3500.0,422.58,0.0,1.0,1.0,0.0,22.5,TARGETED_EAST_OCCUPANCY_COOL,41.7568
2,Occupancy Concentration,0,670,6700.0,22,2,2,16,2,21.7,6.17,LIGHT,81.38,LOW,RUNNING,20.87,5.49,LIGHT,79.32,LOW,RUNNING,23.7,7.86,LIGHT,86.42,LOW,RUNNING,21.89,5.4,LIGHT,80.46,LOW,RUNNING,18.72,4.03,LIGHT,74.45,LOW,RUNNING,23.31,7.6,LIGHT,85.54,LOW,RUNNING,22.03,6.53,LIGHT,82.33,LOW,RUNNING,21.18,5.44,LIGHT,79.63,LOW,RUNNING,20.67,5.24,LIGHT,78.7,LOW,RUNNING,24.04,7.04,LIGHT,85.61,LOW,RUNNING,28.83,55.0,291.7,0.25,22.0,COOLING,0.25,22.0,COOLING,0.25,22.0,COOLING,0.25,22.0,COOLING,21.542,22.154,25.711,22.156,22.891,25.711,21.542,4.169,327.58,159.99,161.96,164.31,170.0,170.0,1360.0,170.0,266.12,325.89,322.36,325.84,197.38,323.87,-844.62,323.37,875.0,875.0,875.0,875.0,86.08,104.75,124.7,108.52,813.84,1870.0,1240.21,3500.0,424.05,0.0,1.0,1.0,0.0,22.5,TARGETED_EAST_OCCUPANCY_COOL,41.8111
2,Occupancy Concentration,0,671,6710.0,22,2,2,16,2,21.86,6.28,LIGHT,81.75,LOW,RUNNING,21.0,5.5,LIGHT,79.5,LOW,RUNNING,23.68,7.76,LIGHT,86.24,LOW,RUNNING,21.74,5.28,LIGHT,80.09,LOW,RUNNING,18.58,4.0,LIGHT,74.22,LOW,RUNNING,23.3,7.68,LIGHT,85.64,LOW,RUNNING,22.17,6.65,LIGHT,82.69,LOW,RUNNING,21.34,5.48,LIGHT,79.89,LOW,RUNNING,20.7,5.17,LIGHT,78.63,LOW,RUNNING,23.91,6.92,LIGHT,85.27,LOW,RUNNING,28.83,55.0,291.8,0.25,22.0,COOLING,0.25,22.0,COOLING,0.25,22.0,COOLING,0.25,22.0,COOLING,21.544,22.156,25.714,22.158,22.893,25.714,21.544,4.17,327.58,159.86,162.58,163.9,170.0,170.0,1360.0,170.0,266.11,325.91,322.38,325.87,197.39,323.98,-844.85,323.48,875.0,875.0,875.0,875.0,86.08,104.75,125.11,108.25,813.92,1870.0,1240.27,3500.0,424.19,0.0,1.0,1.0,0.0,22.5,TARGETED_EAST_OCCUPANCY_COOL,41.8656
2,Occupancy Concentration,0,672,6720.0,22,2,2,16,2,22.02,6.37,LIGHT,82.08,LOW,RUNNING,21.1,5.48,LIGHT,79.59,LOW,RUNNING,23.63,7.65,LIGHT,86.01,LOW,RUNNING,21.58,5.18,LIGHT,79.74,LOW,RUNNING,18.46,4.0,LIGHT,74.08,LOW,RUNNING,23.34,7.78,LIGHT,85.84,LOW,RUNNING,22.33,6.76,LIGHT,83.05,LOW,RUNNING,21.48,5.5,LIGHT,80.1,LOW,RUNNING,20.69,5.08,LIGHT,78.48,LOW,RUNNING,23.77,6.8,LIGHT,84.91,LOW,RUNNING,28.83,55.0,292.0,0.25,22.0,COOLING,0.25,22.0,COOLING,0.25,22.0,COOLING,0.25,22.0,COOLING,21.546,22.158,25.717,22.16,22.895,25.717,21.546,4.171,327.42,159.92,163.15,163.39,170.0,170.0,1360.0,170.0,266.15,325.99,322.49,325.95,197.41,324.09,-845.09,323.59,875.0,875.0,875.0,875.0,85.98,105.0,125.55,107.93,813.88,1870.0,1240.58,3500.0,424.46,0.0,1.0,1.0,0.0,22.5,TARGETED_EAST_OCCUPANCY_COOL,41.9206
2,Occupancy Concentration,0,673,6730.0,22,2,2,16,2,22.19,6.44,LIGHT,82.4,LOW,RUNNING,21.17,5.44,LIGHT,79.62,LOW,RUNNING,23.53,7.53,LIGHT,85.71,LOW,RUNNING,21.41,5.1,LIGHT,79.41,LOW,RUNNING,18.37,4.03,LIGHT,74.01,LOW,RUNNING,23.41,7.9,LIGHT,86.11,LOW,RUNNING,22.49,6.86,LIGHT,83.4,LOW,RUNNING,21.59,5.49,LIGHT,80.22,LOW,RUNNING,20.64,4.97,LIGHT,78.25,LOW,RUNNING,23.6,6.7,LIGHT,84.55,LOW,RUNNING,28.84,55.0,292.2,0.25,22.0,COOLING,0.25,22.0,COOLING,0.25,22.0,COOLING,0.25,22.0,COOLING,21.548,22.16,25.72,22.162,22.898,25.72,21.548,4.172,327.14,160.12,163.62,162.8,170.0,170.0,1360.0,170.0,266.4,326.28,322.81,326.24,197.43,324.2,-845.32,323.7,875.0,875.0,875.0,875.0,85.97,105.6,126.11,107.74,813.68,1870.0,1241.73,3500.0,425.42,0.0,1.0,1.0,0.0,22.5,TARGETED_EAST_OCCUPANCY_COOL,41.9761
2,Occupancy Concentration,0,674,6740.0,22,2,2,16,2,22.35,6.48,LIGHT,82.66,LOW,RUNNING,21.2,5.37,LIGHT,79.56,LOW,RUNNING,23.41,7.41,LIGHT,85.38,LOW,RUNNING,21.24,5.04,LIGHT,79.11,LOW,RUNNING,18.31,4.09,LIGHT,74.02,LOW,RUNNING,23.51,8.02,LIGHT,86.42,LOW,RUNNING,22.66,6.93,LIGHT,83.72,LOW,RUNNING,21.66,5.45,LIGHT,80.25,LOW,RUNNING,20.55,4.85,LIGHT,77.96,LOW,RUNNING,23.44,6.61,LIGHT,84.22,LOW,RUNNING,28.84,55.0,292.3,0.25,22.0,COOLING,0.25,22.0,COOLING,0.25,22.0,COOLING,0.25,22.0,COOLING,21.55,22.162,25.723,22.164,22.9,25.723,21.55,4.173,326.71,160.44,163.97,162.18,170.0,170.0,1360.0,170.0,266.39,326.31,322.84,326.27,197.44,324.31,-845.56,323.81,875.0,875.0,875.0,875.0,85.54,106.06,126.25,107.26,813.3,1870.0,1241.81,3500.0,425.11,0.0,1.0,1.0,0.0,22.5,TARGETED_EAST_OCCUPANCY_COOL,42.0311
2,Occupancy Concentration,0,675,6750.0,22,2,2,16,2,22.48,6.5,LIGHT,82.85,LOW,RUNNING,21.19,5.28,LIGHT,79.41,LOW,RUNNING,23.26,7.3,LIGHT,85.03,LOW,RUNNING,21.1,5.01,LIGHT,78.89,LOW,RUNNING,18.3,4.17,LIGHT,74.13,LOW,RUNNING,23.65,8.14,LIGHT,86.77,LOW,RUNNING,22.82,6.98,LIGHT,84.0,LOW,RUNNING,21.7,5.38,LIGHT,80.19,LOW,RUNNING,20.43,4.73,LIGHT,77.63,LOW,RUNNING,23.27,6.55,LIGHT,83.91,LOW,RUNNING,28.84,55.0,292.5,0.25,22.0,COOLING,0.25,22.0,COOLING,0.25,22.0,COOLING,0.25,22.0,COOLING,21.552,22.164,25.726,22.166,22.902,25.726,21.552,4.174,326.18,160.9,164.19,161.54,170.0,170.0,1360.0,170.0,266.42,326.39,322.96,326.34,197.45,324.42,-845.79,323.92,875.0,875.0,875.0,875.0,85.05,106.71,126.36,106.8,812.81,1870.0,1242.11,3500.0,424.92,0.0,1.0,1.0,0.0,22.5,TARGETED_EAST_OCCUPANCY_COOL,42.0864
2,Occupancy Concentration,0,676,6760.0,22,2,2,16,2,22.59,6.49,LIGHT,82.97,LOW,RUNNING,21.14,5.17,LIGHT,79.18,LOW,RUNNING,23.1,7.19,LIGHT,84.66,LOW,RUNNING,20.97,5.0,LIGHT,78.71,LOW,RUNNING,18.33,4.27,LIGHT,74.32,LOW,RUNNING,23.8,8.25,LIGHT,87.12,LOW,RUNNING,22.96,7.0,LIGHT,84.2,LOW,RUNNING,21.69,5.29,LIGHT,80.05,LOW,RUNNING,20.29,4.62,LIGHT,77.29,LOW,RUNNING,23.12,6.51,LIGHT,83.67,LOW,RUNNING,28.85,55.0,292.7,0.25,22.0,COOLING,0.25,22.0,COOLING,0.25,22.0,COOLING,0.25,22.0,COOLING,21.554,22.166,25.729,22.168,22.904,25.729,21.554,4.175,325.52,161.44,164.25,160.96,170.0,170.0,1360.0,170.0,266.67,326.69,323.28,326.65,197.47,324.53,-846.03,324.03,875.0,875.0,875.0,875.0,84.66,107.66,126.5,106.64,812.17,1870.0,1243.29,3500.0,425.46,0.0,1.0,1.0,0.0,22.5,TARGETED_EAST_OCCUPANCY_COOL,42.1417
2,Occupancy Concentration,0,677,6770.0,22,2,2,16,2,22.66,6.45,LIGHT,83.0,LOW,RUNNING,21.05,5.05,LIGHT,78.89,LOW,RUNNING,22.93,7.11,LIGHT,84.33,LOW,RUNNING,20.88,5.03,LIGHT,78.64,LOW,RUNNING,18.4,4.38,LIGHT,74.57,LOW,RUNNING,23.97,8.34,LIGHT,87.47,LOW,RUNNING,23.07,6.99,LIGHT,84.32,LOW,RUNNING,21.65,5.19,LIGHT,79.85,LOW,RUNNING,20.13,4.51,LIGHT,76.93,LOW,RUNNING,22.99,6.5,LIGHT,83.49,LOW,RUNNING,28.85,55.0,292.8,0.25,22.0,COOLING,0.25,22.0,COOLING,0.25,22.0,COOLING,0.25,22.0,COOLING,21.556,22.168,25.732,22.17,22.907,25.732,21.556,4.176,324.86,162.04,164.17,160.42,170.0,170.0,1360.0,170.0,266.66,326.71,323.3,326.66,197.49,324.64,-846.26,324.14,875.0,875.0,875.0,875.0,84.01,108.39,126.21,106.22,811.49,1870.0,1243.33,3500.0,424.83,0.0,1.0,1.0,0.0,22.5,TARGETED_EAST_OCCUPANCY_COOL,42.1963
2,Occupancy Concentration,0,678,6780.0,22,2,2,16,2,22.7,6.38,LIGHT,82.94,LOW,RUNNING,20.93,4.93,LIGHT,78.56,LOW,RUNNING,22.77,7.05,LIGHT,84.04,LOW,RUNNING,20.82,5.08,LIGHT,78.65,LOW,RUNNING,18.5,4.5,LIGHT,74.88,LOW,RUNNING,24.14,8.42,LIGHT,87.8,LOW,RUNNING,23.15,6.95,LIGHT,84.36,LOW,RUNNING,21.57,5.07,LIGHT,79.57,LOW,RUNNING,19.96,4.42,LIGHT,76.58,LOW,RUNNING,22.89,6.52,LIGHT,83.39,LOW,RUNNING,28.85,55.0,293.0,0.25,22.0,COOLING,0.25,22.0,COOLING,0.25,22.0,COOLING,0.25,22.0,COOLING,21.558,22.17,25.735,22.172,22.909,25.735,21.558,4.177,324.19,162.68,163.93,159.97,170.0,170.0,1360.0,170.0,266.7,326.78,323.42,326.74,197.5,324.75,-846.5,324.25,875.0,875.0,875.0,875.0,83.39,109.21,125.85,105.96,810.77,1870.0,1243.64,3500.0,424.41,0.0,1.0,1.0,0.0,22.5,TARGETED_EAST_OCCUPANCY_COOL,42.2507
2,Occupancy Concentration,0,679,6790.0,22,2,2,16,2,22.69,6.29,LIGHT,82.8,LOW,RUNNING,20.78,4.81,LIGHT,78.19,LOW,RUNNING,22.61,7.01,LIGHT,83.78,LOW,RUNNING,20.8,5.16,LIGHT,78.74,LOW,RUNNING,18.63,4.62,LIGHT,75.22,LOW,RUNNING,24.3,8.47,LIGHT,88.08,LOW,RUNNING,23.19,6.89,LIGHT,84.32,LOW,RUNNING,21.45,4.95,LIGHT,79.24,LOW,RUNNING,19.79,4.35,LIGHT,76.26,LOW,RUNNING,22.83,6.57,LIGHT,83.39,LOW,RUNNING,28.86,55.0,293.2,0.25,22.0,COOLING,0.25,22.0,COOLING,0.25,22.0,COOLING,0.25,22.0,COOLING,21.56,22.172,25.738,22.174,22.911,25.738,21.56,4.178,323.51,163.3,163.56,159.65,170.0,170.0,1360.0,170.0,266.94,327.08,323.74,327.04,197.52,324.86,-846.73,324.36,875.0,875.0,875.0,875.0,82.97,110.24,125.57,106.05,810.02,1870.0,1244.8,3500.0,424.83,0.0,1.0,1.0,0.0,22.5,TARGETED_EAST_OCCUPANCY_COOL,42.3052
2,Occupancy Concentration,0,680,6800.0,22,2,2,16,2,22.65,6.18,LIGHT,82.58,LOW,RUNNING,20.62,4.71,LIGHT,77.84,LOW,RUNNING,22.49,7.0,LIGHT,83.61,LOW,RUNNING,20.82,5.25,LIGHT,78.9,LOW,RUNNING,18.78,4.73,LIGHT,75.57,LOW,RUNNING,24.44,8.5,LIGHT,88.3,LOW,RUNNING,23.2,6.81,LIGHT,84.22,LOW,RUNNING,21.31,4.83,LIGHT,78.88,LOW,RUNNING,19.64,4.31,LIGHT,76.02,LOW,RUNNING,22.8,6.64,LIGHT,83.46,LOW,RUNNING,28.86,55.0,293.3,0.25,22.0,COOLING,0.25,22.0,COOLING,0.25,22.0,COOLING,0.25,22.0,COOLING,21.562,22.174,25.741,22.176,22.913,25.741,21.562,4.179,322.93,163.87,163.1,159.48,170.0,170.0,1360.0,170.0,266.94,327.1,323.76,327.06,197.53,324.97,-846.97,324.47,875.0,875.0,875.0,875.0,82.4,110.94,124.89,106.01,809.38,1870.0,1244.86,3500.0,424.24,0.0,1.0,1.0,0.0,22.5,TARGETED_EAST_OCCUPANCY_COOL,42.3587
2,Occupancy Concentration,0,681,6810.0,22,2,2,16,2,22.56,6.07,LIGHT,82.31,LOW,RUNNING,20.45,4.62,LIGHT,77.49,LOW,RUNNING,22.39,7.02,LIGHT,83.52,LOW,RUNNING,20.88,5.36,LIGHT,79.14,LOW,RUNNING,18.95,4.83,LIGHT,75.93,LOW,RUNNING,24.56,8.49,LIGHT,88.44,LOW,RUNNING,23.16,6.7,LIGHT,84.0,LOW,RUNNING,21.15,4.72,LIGHT,78.52,LOW,RUNNING,19.51,4.3,LIGHT,75.84,LOW,RUNNING,22.82,6.74,LIGHT,83.64,LOW,RUNNING,28.86,55.0,293.5,0.25,22.0,COOLING,0.25,22.0,COOLING,0.25,22.0,COOLING,0.25,22.0,COOLING,21.564,22.176,25.744,22.178,22.916,25.744,21.564,4.18,322.46,164.37,162.52,159.48,170.0,170.0,1360.0,170.0,266.97,327.19,323.87,327.15,197.54,325.08,-847.21,324.58,875.0,875.0,875.0,875.0,81.97,111.64,124.18,106.21,808.83,1870.0,1245.18,3500.0,424.0,0.0,1.0,1.0,0.0,22.5,TARGETED_EAST_OCCUPANCY_COOL,42.412
2,Occupancy Concentration,0,682,6820.0,22,2,2,16,2,22.45,5.95,LIGHT,81.99,LOW,RUNNING,20.29,4.55,LIGHT,77.19,LOW,RUNNING,22.32,7.07,LIGHT,83.51,LOW,RUNNING,20.98,5.48,LIGHT,79.44,LOW,RUNNING,19.12,4.91,LIGHT,76.27,LOW,RUNNING,24.64,8.46,LIGHT,88.49,LOW,RUNNING,23.08,6.59,LIGHT,83.73,LOW,RUNNING,20.98,4.63,LIGHT,78.17,LOW,RUNNING,19.4,4.32,LIGHT,75.73,LOW,RUNNING,22.87,6.84,LIGHT,83.85,LOW,RUNNING,28.87,55.0,293.7,0.25,22.0,COOLING,0.25,22.0,COOLING,0.25,22.0,COOLING,0.25,22.0,COOLING,21.566,22.178,25.747,22.18,22.918,25.747,21.566,4.181,322.13,164.76,161.9,159.58,170.0,170.0,1360.0,170.0,267.22,327.48,324.2,327.44,197.56,325.19,-847.44,324.69,875.0,875.0,875.0,875.0,81.91,112.43,123.66,106.71,808.37,1870.0,1246.34,3500.0,424.71,0.0,1.0,1.0,0.0,22.5,TARGETED_EAST_OCCUPANCY_COOL,42.4655
2,Occupancy Concentration,0,683,6830.0,22,2,2,16,2,22.3,5.83,LIGHT,81.62,LOW,RUNNING,20.13,4.51,LIGHT,76.93,LOW,RUNNING,22.3,7.14,LIGHT,83.58,LOW,RUNNING,21.11,5.6,LIGHT,79.79,LOW,RUNNING,19.28,4.97,LIGHT,76.55,LOW,RUNNING,24.69,8.4,LIGHT,88.46,LOW,RUNNING,22.97,6.47,LIGHT,83.42,LOW,RUNNING,20.82,4.56,LIGHT,77.87,LOW,RUNNING,19.33,4.36,LIGHT,75.7,LOW,RUNNING,22.96,6.96,LIGHT,84.14,LOW,RUNNING,28.87,55.0,293.8,0.25,22.0,COOLING,0.25,22.0,COOLING,0.25,22.0,COOLING,0.25,22.0,COOLING,21.568,22.18,25.75,22.182,22.92,25.75,21.568,4.182,321.92,165.01,161.29,159.84,170.0,170.0,1360.0,170.0,267.21,327.5,324.21,327.46,197.58,325.3,-847.67,324.8,875.0,875.0,875.0,875.0,81.71,112.81,122.83,107.1,808.06,1870.0,1246.38,3500.0,424.45,0.0,1.0,1.0,0.0,22.5,TARGETED_EAST_OCCUPANCY_COOL,42.5183
2,Occupancy Concentration,0,684,6840.0,22,2,2,16,2,22.14,5.72,LIGHT,81.25,LOW,RUNNING,20.0,4.5,LIGHT,76.75,LOW,RUNNING,22.32,7.24,LIGHT,83.76,LOW,RUNNING,21.26,5.72,LIGHT,80.16,LOW,RUNNING,19.42,5.0,LIGHT,76.78,LOW,RUNNING,24.7,8.32,LIGHT,88.36,LOW,RUNNING,22.83,6.35,LIGHT,83.06,LOW,RUNNING,20.66,4.52,LIGHT,77.61,LOW,RUNNING,19.3,4.43,LIGHT,75.77,LOW,RUNNING,23.09,7.08,LIGHT,84.48,LOW,RUNNING,28.88,55.0,294.0,0.25,22.0,COOLING,0.25,22.0,COOLING,0.25,22.0,COOLING,0.25,22.0,COOLING,21.57,22.182,25.752,22.184,22.922,25.752,21.57,4.182,321.92,165.14,160.67,160.25,170.0,170.0,1360.0,170.0,267.46,327.8,324.54,327.76,197.59,325.41,-847.91,324.91,875.0,875.0,875.0,875.0,81.97,113.35,122.3,107.92,807.98,1870.0,1247.56,3500.0,425.54,0.0,1.0,1.0,0.0,22.5,TARGETED_EAST_OCCUPANCY_COOL,42.5403
2,Occupancy Concentration,0,685,6850.0,22,2,2,16,2,21.98,5.63,LIGHT,80.92,LOW,RUNNING,19.9,4.52,LIGHT,76.66,LOW,RUNNING,22.37,7.35,LIGHT,83.99,LOW,RUNNING,21.42,5.82,LIGHT,80.51,LOW,RUNNING,19.54,5.0,LIGHT,76.92,LOW,RUNNING,24.66,8.22,LIGHT,88.16,LOW,RUNNING,22.67,6.24,LIGHT,82.7,LOW,RUNNING,20.52,4.5,LIGHT,77.4,LOW,RUNNING,19.31,4.52,LIGHT,75.92,LOW,RUNNING,23.23,7.2,LIGHT,84.84,LOW,RUNNING,28.88,55.0,294.2,0.25,22.0,COOLING,0.25,22.0,COOLING,0.25,22.0,COOLING,0.25,22.0,COOLING,21.572,22.184,25.754,22.186,22.924,25.754,21.572,4.182,322.08,165.08,160.1,160.76,170.0,170.0,1360.0,170.0,267.49,327.89,324.68,327.84,197.59,325.41,-847.91,324.91,875.0,875.0,875.0,875.0,82.16,113.38,121.87,108.51,808.02,1870.0,1247.9,3500.0,425.92,0.0,1.0,1.0,0.0,22.5,TARGETED_EAST_OCCUPANCY_COOL,42.5631
2,Occupancy Concentration,0,686,6860.0,22,2,2,16,2,21.81,5.56,LIGHT,80.6,LOW,RUNNING,19.83,4.56,LIGHT,76.63,LOW,RUNNING,22.47,7.47,LIGHT,84.29,LOW,RUNNING,21.59,5.9,LIGHT,80.84,LOW,RUNNING,19.63,4.97,LIGHT,76.99,LOW,RUNNING,24.59,8.1,LIGHT,87.89,LOW,RUNNING,22.51,6.14,LIGHT,82.35,LOW,RUNNING,20.41,4.51,LIGHT,77.28,LOW,RUNNING,19.36,4.63,LIGHT,76.15,LOW,RUNNING,23.4,7.3,LIGHT,85.2,LOW,RUNNING,28.88,55.0,294.3,0.25,22.0,COOLING,0.25,22.0,COOLING,0.25,22.0,COOLING,0.25,22.0,COOLING,21.574,22.186,25.756,22.188,22.926,25.756,21.574,4.182,322.36,164.88,159.63,161.35,170.0,170.0,1360.0,170.0,267.48,327.9,324.72,327.86,197.59,325.41,-847.91,324.91,875.0,875.0,875.0,875.0,82.43,113.19,121.44,109.12,808.22,1870.0,1247.96,3500.0,426.18,0.0,1.0,1.0,0.0,22.5,TARGETED_EAST_OCCUPANCY_COOL,42.5858
2,Occupancy Concentration,0,687,6870.0,22,2,2,16,2,21.65,5.52,LIGHT,80.34,LOW,RUNNING,19.8,4.63,LIGHT,76.69,LOW,RUNNING,22.59,7.59,LIGHT,84.62,LOW,RUNNING,21.76,5.96,LIGHT,81.14,LOW,RUNNING,19.69,4.91,LIGHT,76.98,LOW,RUNNING,24.49,7.98,LIGHT,87.58,LOW,RUNNING,22.34,6.07,LIGHT,82.03,LOW,RUNNING,20.34,4.55,LIGHT,77.25,LOW,RUNNING,19.45,4.75,LIGHT,76.44,LOW,RUNNING,23.56,7.39,LIGHT,85.53,LOW,RUNNING,28.89,55.0,294.5,0.25,22.0,COOLING,0.25,22.0,COOLING,0.25,22.0,COOLING,0.25,22.0,COOLING,21.576,22.188,25.758,22.19,22.928,25.758,21.576,4.182,322.79,164.56,159.28,161.97,170.0,170.0,1360.0,170.0,267.73,328.2,325.07,328.15,197.59,325.41,-847.91,324.91,875.0,875.0,875.0,875.0,83.11,113.17,121.44,110.03,808.6,1870.0,1249.15,3500.0,427.75,0.0,1.0,1.0,0.0,22.5,TARGETED_EAST_OCCUPANCY_COOL,42.6093
2,Occupancy Concentration,0,688,6880.0,22,2,2,16,2,21.52,5.5,LIGHT,80.15,LOW,RUNNING,19.81,4.72,LIGHT,76.84,LOW,RUNNING,22.74,7.7,LIGHT,84.97,LOW,RUNNING,21.9,5.99,LIGHT,81.36,LOW,RUNNING,19.7,4.83,LIGHT,76.87,LOW,RUNNING,24.35,7.86,LIGHT,87.23,LOW,RUNNING,22.18,6.02,LIGHT,81.75,LOW,RUNNING,20.3,4.62,LIGHT,77.31,LOW,RUNNING,19.57,4.87,LIGHT,76.77,LOW,RUNNING,23.73,7.45,LIGHT,85.84,LOW,RUNNING,28.89,55.0,294.7,0.25,22.0,COOLING,0.25,22.0,COOLING,0.25,22.0,COOLING,0.25,22.0,COOLING,21.578,22.19,25.76,22.192,22.93,25.76,21.578,4.182,323.32,164.1,159.06,162.61,170.0,170.0,1360.0,170.0,267.76,328.28,325.2,328.24,197.59,325.41,-847.91,324.91,875.0,875.0,875.0,875.0,83.67,112.79,121.35,110.76,809.09,1870.0,1249.48,3500.0,428.57,0.0,1.0,1.0,0.0,22.5,TARGETED_EAST_OCCUPANCY_COOL,42.6329
2,Occupancy Concentration,0,689,6890.0,22,2,2,16,2,21.41,5.51,LIGHT,80.03,LOW,RUNNING,19.86,4.83,LIGHT,77.07,LOW,RUNNING,22.9,7.81,LIGHT,85.34,LOW,RUNNING,22.03,6.0,LIGHT,81.54,LOW,RUNNING,19.67,4.73,LIGHT,76.68,LOW,RUNNING,24.2,7.75,LIGHT,86.88,LOW,RUNNING,22.04,6.0,LIGHT,81.55,LOW,RUNNING,20.31,4.71,LIGHT,77.45,LOW,RUNNING,19.71,4.98,LIGHT,77.11,LOW,RUNNING,23.88,7.49,LIGHT,86.08,LOW,RUNNING,28.89,55.0,294.8,0.25,22.0,COOLING,0.25,22.0,COOLING,0.25,22.0,COOLING,0.25,22.0,COOLING,21.58,22.192,25.762,22.194,22.932,25.762,21.58,4.182,323.98,163.56,159.0,163.19,170.0,170.0,1360.0,170.0,267.76,328.3,325.24,328.26,197.59,325.41,-847.91,324.91,875.0,875.0,875.0,875.0,84.33,112.27,121.33,111.36,809.73,1870.0,1249.56,3500.0,429.29,0.0,1.0,1.0,0.0,22.5,TARGETED_EAST_OCCUPANCY_COOL,42.6568
2,Occupancy Concentration,0,690,6900.0,22,2,2,16,2,21.34,5.55,LIGHT,80.0,LOW,RUNNING,19.95,4.95,LIGHT,77.36,LOW,RUNNING,23.07,7.89,LIGHT,85.67,LOW,RUNNING,22.12,5.97,LIGHT,81.61,LOW,RUNNING,19.6,4.62,LIGHT,76.43,LOW,RUNNING,24.03,7.66,LIGHT,86.53,LOW,RUNNING,21.93,6.01,LIGHT,81.43,LOW,RUNNING,20.35,4.81,LIGHT,77.65,LOW,RUNNING,19.87,5.09,LIGHT,77.47,LOW,RUNNING,24.01,7.5,LIGHT,86.26,LOW,RUNNING,28.9,55.0,295.0,0.25,22.0,COOLING,0.25,22.0,COOLING,0.25,22.0,COOLING,0.25,22.0,COOLING,21.582,22.194,25.764,22.196,22.934,25.764,21.582,4.182,324.64,162.96,159.08,163.73,170.0,170.0,1360.0,170.0,268.0,328.6,325.59,328.56,197.59,325.41,-847.91,324.91,875.0,875.0,875.0,875.0,85.23,111.97,121.76,112.2,810.41,1870.0,1250.75,3500.0,431.16,0.0,1.0,1.0,0.0,22.5,TARGETED_EAST_OCCUPANCY_COOL,42.6819
2,Occupancy Concentration,0,691,6910.0,22,2,2,16,2,21.3,5.62,LIGHT,80.06,LOW,RUNNING,20.07,5.07,LIGHT,77.69,LOW,RUNNING,23.23,7.95,LIGHT,85.96,LOW,RUNNING,22.18,5.92,LIGHT,81.6,LOW,RUNNING,19.5,4.5,LIGHT,76.12,LOW,RUNNING,23.86,7.58,LIGHT,86.2,LOW,RUNNING,21.85,6.05,LIGHT,81.39,LOW,RUNNING,20.43,4.93,LIGHT,77.93,LOW,RUNNING,20.04,5.18,LIGHT,77.82,LOW,RUNNING,24.11,7.48,LIGHT,86.36,LOW,RUNNING,28.9,55.0,295.2,0.25,22.0,COOLING,0.25,22.0,COOLING,0.25,22.0,COOLING,0.25,22.0,COOLING,21.584,22.196,25.766,22.198,22.936,25.766,21.584,4.182,325.31,162.32,159.32,164.18,170.0,170.0,1360.0,170.0,268.04,328.68,325.72,328.64,197.59,325.41,-847.91,324.91,875.0,875.0,875.0,875.0,85.94,111.41,122.13,112.73,811.13,1870.0,1251.08,3500.0,432.21,0.0,1.0,1.0,0.0,22.5,TARGETED_EAST_OCCUPANCY_COOL,42.7073
2,Occupancy Concentration,0,692,6920.0,22,2,2,16,2,21.31,5.71,LIGHT,80.2,LOW,RUNNING,20.22,5.19,LIGHT,78.06,LOW,RUNNING,23.39,7.99,LIGHT,86.22,LOW,RUNNING,22.2,5.84,LIGHT,81.51,LOW,RUNNING,19.37,4.38,LIGHT,75.78,LOW,RUNNING,23.7,7.53,LIGHT,85.92,LOW,RUNNING,21.81,6.11,LIGHT,81.43,LOW,RUNNING,20.55,5.05,LIGHT,78.26,LOW,RUNNING,20.21,5.25,LIGHT,78.14,LOW,RUNNING,24.17,7.43,LIGHT,86.36,LOW,RUNNING,28.9,55.0,295.3,0.25,22.0,COOLING,0.25,22.0,COOLING,0.25,22.0,COOLING,0.25,22.0,COOLING,21.586,22.198,25.769,22.2,22.938,25.769,21.586,4.183,325.99,161.7,159.69,164.5,170.0,170.0,1360.0,170.0,268.03,328.7,325.77,328.65,197.59,325.41,-847.91,324.91,875.0,875.0,875.0,875.0,86.61,110.81,122.55,113.06,811.88,1870.0,1251.15,3500.0,433.03,0.0,1.0,1.0,0.0,22.5,TARGETED_EAST_OCCUPANCY_COOL,42.7647
2,Occupancy Concentration,0,693,6930.0,22,2,2,16,2,21.35,5.82,LIGHT,80.42,LOW,RUNNING,20.38,5.29,LIGHT,78.41,LOW,RUNNING,23.51,8.0,LIGHT,86.39,LOW,RUNNING,22.18,5.75,LIGHT,81.35,LOW,RUNNING,19.22,4.27,LIGHT,75.43,LOW,RUNNING,23.56,7.5,LIGHT,85.7,LOW,RUNNING,21.8,6.19,LIGHT,81.53,LOW,RUNNING,20.69,5.17,LIGHT,78.62,LOW,RUNNING,20.36,5.29,LIGHT,78.39,LOW,RUNNING,24.2,7.36,LIGHT,86.29,LOW,RUNNING,28.91,55.0,295.5,0.25,22.0,COOLING,0.25,22.0,COOLING,0.25,22.0,COOLING,0.25,22.0,COOLING,21.588,22.2,25.772,22.202,22.941,25.772,21.588,4.184,326.57,161.13,160.15,164.68,170.0,170.0,1360.0,170.0,268.28,329.0,326.09,328.96,197.61,325.52,-848.14,325.02,875.0,875.0,875.0,875.0,87.46,110.65,123.1,113.66,812.53,1870.0,1252.33,3500.0,434.87,0.0,1.0,1.0,0.0,22.5,TARGETED_EAST_OCCUPANCY_COOL,42.8223
2,Occupancy Concentration,0,694,6940.0,22,2,2,16,2,21.44,5.93,LIGHT,80.69,LOW,RUNNING,20.55,5.38,LIGHT,78.76,LOW,RUNNING,23.61,7.98,LIGHT,86.48,LOW,RUNNING,22.12,5.64,LIGHT,81.11,LOW,RUNNING,19.05,4.17,LIGHT,75.07,LOW,RUNNING,23.44,7.51,LIGHT,85.57,LOW,RUNNING,21.84,6.3,LIGHT,81.75,LOW,RUNNING,20.85,5.28,LIGHT,78.98,LOW,RUNNING,20.49,5.3,LIGHT,78.56,LOW,RUNNING,24.18,7.26,LIGHT,86.11,LOW,RUNNING,28.91,55.0,295.7,0.25,22.0,COOLING,0.25,22.0,COOLING,0.25,22.0,COOLING,0.25,22.0,COOLING,21.59,22.202,25.775,22.204,22.943,25.775,21.59,4.185,327.04,160.64,160.73,164.67,170.0,170.0,1360.0,170.0,268.31,329.08,326.21,329.03,197.62,325.63,-848.38,325.13,875.0,875.0,875.0,875.0,87.97,110.35,123.56,113.83,813.08,1870.0,1252.63,3500.0,435.71,0.0,1.0,1.0,0.0,22.5,TARGETED_EAST_OCCUPANCY_COOL,42.8806
2,Occupancy Concentration,0,695,6950.0,22,2,2,16,2,21.55,6.05,LIGHT,81.01,LOW,RUNNING,20.71,5.45,LIGHT,79.06,LOW,RUNNING,23.68,7.93,LIGHT,86.49,LOW,RUNNING,22.02,5.52,LIGHT,80.81,LOW,RUNNING,18.88,4.09,LIGHT,74.73,LOW,RUNNING,23.36,7.54,LIGHT,85.51,LOW,RUNNING,21.92,6.41,LIGHT,82.02,LOW,RUNNING,21.02,5.37,LIGHT,79.33,LOW,RUNNING,20.6,5.28,LIGHT,78.67,LOW,RUNNING,24.13,7.16,LIGHT,85.9,LOW,RUNNING,28.91,55.0,295.8,0.25,22.0,COOLING,0.25,22.0,COOLING,0.25,22.0,COOLING,0.25,22.0,COOLING,21.592,22.204,25.778,22.206,22.945,25.778,21.592,4.186,327.37,160.24,161.35,164.57,170.0,170.0,1360.0,170.0,268.3,329.1,326.22,329.06,197.64,325.74,-848.61,325.24,875.0,875.0,875.0,875.0,88.31,110.08,123.96,113.87,813.53,1870.0,1252.68,3500.0,436.22,0.0,1.0,1.0,0.0,22.5,TARGETED_EAST_OCCUPANCY_COOL,42.9393
2,Occupancy Concentration,0,696,6960.0,22,2,2,16,2,21.7,6.17,LIGHT,81.38,LOW,RUNNING,20.87,5.49,LIGHT,79.32,LOW,RUNNING,23.7,7.86,LIGHT,86.42,LOW,RUNNING,21.89,5.4,LIGHT,80.46,LOW,RUNNING,18.72,4.03,LIGHT,74.45,LOW,RUNNING,23.31,7.6,LIGHT,85.54,LOW,RUNNING,22.03,6.53,LIGHT,82.33,LOW,RUNNING,21.18,5.44,LIGHT,79.63,LOW,RUNNING,20.67,5.24,LIGHT,78.7,LOW,RUNNING,24.04,7.04,LIGHT,85.61,LOW,RUNNING,28.92,55.0,296.0,0.25,22.0,COOLING,0.25,22.0,COOLING,0.25,22.0,COOLING,0.25,22.0,COOLING,21.594,22.206,25.781,22.208,22.947,25.781,21.594,4.187,327.58,159.99,161.96,164.31,170.0,170.0,1360.0,170.0,268.55,329.39,326.55,329.35,197.65,325.85,-848.85,325.35,875.0,875.0,875.0,875.0,88.78,110.23,124.66,114.01,813.84,1870.0,1253.84,3500.0,437.68,0.0,1.0,1.0,0.0,22.5,TARGETED_EAST_OCCUPANCY_COOL,42.9991
2,Occupancy Concentration,0,697,6970.0,22,2,2,16,2,21.86,6.28,LIGHT,81.75,LOW,RUNNING,21.0,5.5,LIGHT,79.5,LOW,RUNNING,23.68,7.76,LIGHT,86.24,LOW,RUNNING,21.74,5.28,LIGHT,80.09,LOW,RUNNING,18.58,4.0,LIGHT,74.22,LOW,RUNNING,23.3,7.68,LIGHT,85.64,LOW,RUNNING,22.17,6.65,LIGHT,82.69,LOW,RUNNING,21.34,5.48,LIGHT,79.89,LOW,RUNNING,20.7,5.17,LIGHT,78.63,LOW,RUNNING,23.91,6.92,LIGHT,85.27,LOW,RUNNING,28.92,55.0,296.2,0.25,22.0,COOLING,0.25,22.0,COOLING,0.25,22.0,COOLING,0.25,22.0,COOLING,21.596,22.208,25.784,22.21,22.95,25.784,21.596,4.188,327.58,159.86,162.58,163.9,170.0,170.0,1360.0,170.0,268.59,329.47,326.67,329.43,197.66,325.96,-849.08,325.46,875.0,875.0,875.0,875.0,88.83,110.29,125.17,113.79,813.92,1870.0,1254.16,3500.0,438.08,0.0,1.0,1.0,0.0,22.5,TARGETED_EAST_OCCUPANCY_COOL,43.0592
2,Occupancy Concentration,0,698,6980.0,22,2,2,16,2,22.02,6.37,LIGHT,82.08,LOW,RUNNING,21.1,5.48,LIGHT,79.59,LOW,RUNNING,23.63,7.65,LIGHT,86.01,LOW,RUNNING,21.58,5.18,LIGHT,79.74,LOW,RUNNING,18.46,4.0,LIGHT,74.08,LOW,RUNNING,23.34,7.78,LIGHT,85.84,LOW,RUNNING,22.33,6.76,LIGHT,83.05,LOW,RUNNING,21.48,5.5,LIGHT,80.1,LOW,RUNNING,20.69,5.08,LIGHT,78.48,LOW,RUNNING,23.77,6.8,LIGHT,84.91,LOW,RUNNING,28.92,55.0,296.3,0.25,22.0,COOLING,0.25,22.0,COOLING,0.25,22.0,COOLING,0.25,22.0,COOLING,21.598,22.21,25.787,22.212,22.952,25.787,21.598,4.189,327.42,159.92,163.15,163.39,170.0,170.0,1360.0,170.0,268.58,329.5,326.68,329.46,197.68,326.07,-849.32,325.57,875.0,875.0,875.0,875.0,88.68,110.49,125.51,113.42,813.88,1870.0,1254.22,3500.0,438.1,0.0,1.0,1.0,0.0,22.5,TARGETED_EAST_OCCUPANCY_COOL,43.1194
2,Occupancy Concentration,0,699,6990.0,22,2,2,16,2,22.19,6.44,LIGHT,82.4,LOW,RUNNING,21.17,5.44,LIGHT,79.62,LOW,RUNNING,23.53,7.53,LIGHT,85.71,LOW,RUNNING,21.41,5.1,LIGHT,79.41,LOW,RUNNING,18.37,4.03,LIGHT,74.01,LOW,RUNNING,23.41,7.9,LIGHT,86.11,LOW,RUNNING,22.49,6.86,LIGHT,83.4,LOW,RUNNING,21.59,5.49,LIGHT,80.22,LOW,RUNNING,20.64,4.97,LIGHT,78.25,LOW,RUNNING,23.6,6.7,LIGHT,84.55,LOW,RUNNING,28.93,55.0,296.5,0.25,22.0,COOLING,0.25,22.0,COOLING,0.25,22.0,COOLING,0.25,22.0,COOLING,21.6,22.212,25.79,22.214,22.954,25.79,21.6,4.19,327.14,160.12,163.62,162.8,170.0,170.0,1360.0,170.0,268.83,329.79,327.01,329.75,197.7,326.18,-849.55,325.68,875.0,875.0,875.0,875.0,88.67,111.09,126.08,113.23,813.68,1870.0,1255.38,3500.0,439.07,0.0,1.0,1.0,0.0,22.5,TARGETED_EAST_OCCUPANCY_COOL,43.1803
2,Occupancy Concentration,0,700,7000.0,22,2,2,16,2,22.35,6.48,LIGHT,82.66,LOW,RUNNING,21.2,5.37,LIGHT,79.56,LOW,RUNNING,23.41,7.41,LIGHT,85.38,LOW,RUNNING,21.24,5.04,LIGHT,79.11,LOW,RUNNING,18.31,4.09,LIGHT,74.02,LOW,RUNNING,23.51,8.02,LIGHT,86.42,LOW,RUNNING,22.66,6.93,LIGHT,83.72,LOW,RUNNING,21.66,5.45,LIGHT,80.25,LOW,RUNNING,20.55,4.85,LIGHT,77.96,LOW,RUNNING,23.44,6.61,LIGHT,84.22,LOW,RUNNING,28.93,55.0,296.7,0.25,22.0,COOLING,0.25,22.0,COOLING,0.25,22.0,COOLING,0.25,22.0,COOLING,21.602,22.214,25.793,22.216,22.956,25.793,21.602,4.191,326.71,160.44,163.97,162.18,170.0,170.0,1360.0,170.0,268.85,329.88,327.12,329.83,197.71,326.29,-849.79,325.79,875.0,875.0,875.0,875.0,88.27,111.61,126.3,112.8,813.3,1870.0,1255.68,3500.0,438.98,0.0,1.0,1.0,0.0,22.5,TARGETED_EAST_OCCUPANCY_COOL,43.241
2,Occupancy Concentration,0,701,7010.0,22,2,2,16,2,22.48,6.5,LIGHT,82.85,LOW,RUNNING,21.19,5.28,LIGHT,79.41,LOW,RUNNING,23.26,7.3,LIGHT,85.03,LOW,RUNNING,21.1,5.01,LIGHT,78.89,LOW,RUNNING,18.3,4.17,LIGHT,74.13,LOW,RUNNING,23.65,8.14,LIGHT,86.77,LOW,RUNNING,22.82,6.98,LIGHT,84.0,LOW,RUNNING,21.7,5.38,LIGHT,80.19,LOW,RUNNING,20.43,4.73,LIGHT,77.63,LOW,RUNNING,23.27,6.55,LIGHT,83.91,LOW,RUNNING,28.93,55.0,296.8,0.25,22.0,COOLING,0.25,22.0,COOLING,0.25,22.0,COOLING,0.25,22.0,COOLING,21.604,22.216,25.796,22.218,22.959,25.796,21.604,4.192,326.18,160.9,164.19,161.54,170.0,170.0,1360.0,170.0,268.85,329.89,327.15,329.85,197.72,326.4,-850.02,325.9,875.0,875.0,875.0,875.0,87.75,112.19,126.32,112.29,812.81,1870.0,1255.74,3500.0,438.55,0.0,1.0,1.0,0.0,22.5,TARGETED_EAST_OCCUPANCY_COOL,43.3013
2,Occupancy Concentration,0,702,7020.0,22,2,2,16,2,22.59,6.49,LIGHT,82.97,LOW,RUNNING,21.14,5.17,LIGHT,79.18,LOW,RUNNING,23.1,7.19,LIGHT,84.66,LOW,RUNNING,20.97,5.0,LIGHT,78.71,LOW,RUNNING,18.33,4.27,LIGHT,74.32,LOW,RUNNING,23.8,8.25,LIGHT,87.12,LOW,RUNNING,22.96,7.0,LIGHT,84.2,LOW,RUNNING,21.69,5.29,LIGHT,80.05,LOW,RUNNING,20.29,4.62,LIGHT,77.29,LOW,RUNNING,23.12,6.51,LIGHT,83.67,LOW,RUNNING,28.94,55.0,297.0,0.25,22.0,COOLING,0.25,22.0,COOLING,0.25,22.0,COOLING,0.25,22.0,COOLING,21.606,22.218,25.799,22.22,22.961,25.799,21.606,4.193,325.52,161.44,164.25,160.96,170.0,170.0,1360.0,170.0,269.1,330.19,327.48,330.14,197.74,326.51,-850.26,326.01,875.0,875.0,875.0,875.0,87.36,113.14,126.47,112.11,812.17,1870.0,1256.91,3500.0,439.08,0.0,1.0,1.0,0.0,22.5,TARGETED_EAST_OCCUPANCY_COOL,43.362
2,Occupancy Concentration,0,703,7030.0,22,2,2,16,2,22.66,6.45,LIGHT,83.0,LOW,RUNNING,21.05,5.05,LIGHT,78.89,LOW,RUNNING,22.93,7.11,LIGHT,84.33,LOW,RUNNING,20.88,5.03,LIGHT,78.64,LOW,RUNNING,18.4,4.38,LIGHT,74.57,LOW,RUNNING,23.97,8.34,LIGHT,87.47,LOW,RUNNING,23.07,6.99,LIGHT,84.32,LOW,RUNNING,21.65,5.19,LIGHT,79.85,LOW,RUNNING,20.13,4.51,LIGHT,76.93,LOW,RUNNING,22.99,6.5,LIGHT,83.49,LOW,RUNNING,28.94,55.0,297.2,0.25,22.0,COOLING,0.25,22.0,COOLING,0.25,22.0,COOLING,0.25,22.0,COOLING,21.608,22.22,25.802,22.222,22.963,25.802,21.608,4.194,324.86,162.04,164.17,160.42,170.0,170.0,1360.0,170.0,269.13,330.27,327.58,330.23,197.75,326.62,-850.5,326.12,875.0,875.0,875.0,875.0,86.74,113.93,126.25,111.77,811.49,1870.0,1257.21,3500.0,438.69,0.0,1.0,1.0,0.0,22.5,TARGETED_EAST_OCCUPANCY_COOL,43.4221
2,Occupancy Concentration,0,704,7040.0,22,2,2,16,2,22.7,6.38,LIGHT,82.94,LOW,RUNNING,20.93,4.93,LIGHT,78.56,LOW,RUNNING,22.77,7.05,LIGHT,84.04,LOW,RUNNING,20.82,5.08,LIGHT,78.65,LOW,RUNNING,18.5,4.5,LIGHT,74.88,LOW,RUNNING,24.14,8.42,LIGHT,87.8,LOW,RUNNING,23.15,6.95,LIGHT,84.36,LOW,RUNNING,21.57,5.07,LIGHT,79.57,LOW,RUNNING,19.96,4.42,LIGHT,76.58,LOW,RUNNING,22.89,6.52,LIGHT,83.39,LOW,RUNNING,28.94,55.0,297.3,0.25,22.0,COOLING,0.25,22.0,COOLING,0.25,22.0,COOLING,0.25,22.0,COOLING,21.61,22.222,25.805,22.224,22.965,25.805,21.61,4.195,324.19,162.68,163.93,159.97,170.0,170.0,1360.0,170.0,269.13,330.29,327.61,330.25,197.77,326.73,-850.73,326.23,875.0,875.0,875.0,875.0,86.09,114.7,125.81,111.45,810.77,1870.0,1257.28,3500.0,438.05,0.0,1.0,1.0,0.0,22.5,TARGETED_EAST_OCCUPANCY_COOL,43.4815
2,Occupancy Concentration,0,705,7050.0,22,2,2,16,2,22.69,6.29,LIGHT,82.8,LOW,RUNNING,20.78,4.81,LIGHT,78.19,LOW,RUNNING,22.61,7.01,LIGHT,83.78,LOW,RUNNING,20.8,5.16,LIGHT,78.74,LOW,RUNNING,18.63,4.62,LIGHT,75.22,LOW,RUNNING,24.3,8.47,LIGHT,88.08,LOW,RUNNING,23.19,6.89,LIGHT,84.32,LOW,RUNNING,21.45,4.95,LIGHT,79.24,LOW,RUNNING,19.79,4.35,LIGHT,76.26,LOW,RUNNING,22.83,6.57,LIGHT,83.39,LOW,RUNNING,28.95,55.0,297.5,0.25,22.0,COOLING,0.25,22.0,COOLING,0.25,22.0,COOLING,0.25,22.0,COOLING,21.612,22.224,25.808,22.226,22.968,25.808,21.612,4.196,323.51,163.3,163.56,159.65,170.0,170.0,1360.0,170.0,269.37,330.59,327.93,330.55,197.79,326.84,-850.96,326.34,875.0,875.0,875.0,875.0,85.67,115.73,125.53,111.54,810.02,1870.0,1258.44,3500.0,438.47,0.0,1.0,1.0,0.0,22.5,TARGETED_EAST_OCCUPANCY_COOL,43.5412
2,Occupancy Concentration,0,706,7060.0,22,2,2,16,2,22.65,6.18,LIGHT,82.58,LOW,RUNNING,20.62,4.71,LIGHT,77.84,LOW,RUNNING,22.49,7.0,LIGHT,83.61,LOW,RUNNING,20.82,5.25,LIGHT,78.9,LOW,RUNNING,18.78,4.73,LIGHT,75.57,LOW,RUNNING,24.44,8.5,LIGHT,88.3,LOW,RUNNING,23.2,6.81,LIGHT,84.22,LOW,RUNNING,21.31,4.83,LIGHT,78.88,LOW,RUNNING,19.64,4.31,LIGHT,76.02,LOW,RUNNING,22.8,6.64,LIGHT,83.46,LOW,RUNNING,28.95,55.0,297.7,0.25,22.0,COOLING,0.25,22.0,COOLING,0.25,22.0,COOLING,0.25,22.0,COOLING,21.614,22.226,25.811,22.228,22.97,25.811,21.614,4.197,322.93,163.87,163.1,159.48,170.0,170.0,1360.0,170.0,269.41,330.67,328.04,330.63,197.8,326.95,-851.2,326.45,875.0,875.0,875.0,875.0,85.14,116.49,124.94,111.56,809.38,1870.0,1258.75,3500.0,438.13,0.0,1.0,1.0,0.0,22.5,TARGETED_EAST_OCCUPANCY_COOL,43.6002
2,Occupancy Concentration,0,707,7070.0,22,2,2,16,2,22.56,6.07,LIGHT,82.31,LOW,RUNNING,20.45,4.62,LIGHT,77.49,LOW,RUNNING,22.39,7.02,LIGHT,83.52,LOW,RUNNING,20.88,5.36,LIGHT,79.14,LOW,RUNNING,18.95,4.83,LIGHT,75.93,LOW,RUNNING,24.56,8.49,LIGHT,88.44,LOW,RUNNING,23.16,6.7,LIGHT,84.0,LOW,RUNNING,21.15,4.72,LIGHT,78.52,LOW,RUNNING,19.51,4.3,LIGHT,75.84,LOW,RUNNING,22.82,6.74,LIGHT,83.64,LOW,RUNNING,28.95,55.0,297.8,0.25,22.0,COOLING,0.25,22.0,COOLING,0.25,22.0,COOLING,0.25,22.0,COOLING,21.616,22.228,25.814,22.23,22.972,25.814,21.616,4.198,322.46,164.37,162.52,159.48,170.0,170.0,1360.0,170.0,269.39,330.69,328.06,330.64,197.81,327.06,-851.43,326.56,875.0,875.0,875.0,875.0,84.66,117.12,124.15,111.68,808.83,1870.0,1258.78,3500.0,437.61,0.0,1.0,1.0,0.0,22.5,TARGETED_EAST_OCCUPANCY_COOL,43.6585
2,Occupancy Concentration,0,708,7080.0,22,2,2,16,2,22.45,5.95,LIGHT,81.99,LOW,RUNNING,20.29,4.55,LIGHT,77.19,LOW,RUNNING,22.32,7.07,LIGHT,83.51,LOW,RUNNING,20.98,5.48,LIGHT,79.44,LOW,RUNNING,19.12,4.91,LIGHT,76.27,LOW,RUNNING,24.64,8.46,LIGHT,88.49,LOW,RUNNING,23.08,6.59,LIGHT,83.73,LOW,RUNNING,20.98,4.63,LIGHT,78.17,LOW,RUNNING,19.4,4.32,LIGHT,75.73,LOW,RUNNING,22.87,6.84,LIGHT,83.85,LOW,RUNNING,28.96,55.0,298.0,0.25,22.0,COOLING,0.25,22.0,COOLING,0.25,22.0,COOLING,0.25,22.0,COOLING,21.618,22.23,25.817,22.232,22.974,25.817,21.618,4.199,322.13,164.76,161.9,159.58,170.0,170.0,1360.0,170.0,269.65,330.99,328.39,330.95,197.83,327.17,-851.67,326.67,875.0,875.0,875.0,875.0,84.61,117.92,123.62,112.2,808.37,1870.0,1259.98,3500.0,438.35,0.0,1.0,1.0,0.0,22.5,TARGETED_EAST_OCCUPANCY_COOL,43.7172
2,Occupancy Concentration,0,709,7090.0,22,2,2,16,2,22.3,5.83,LIGHT,81.62,LOW,RUNNING,20.13,4.51,LIGHT,76.93,LOW,RUNNING,22.3,7.14,LIGHT,83.58,LOW,RUNNING,21.11,5.6,LIGHT,79.79,LOW,RUNNING,19.28,4.97,LIGHT,76.55,LOW,RUNNING,24.69,8.4,LIGHT,88.46,LOW,RUNNING,22.97,6.47,LIGHT,83.42,LOW,RUNNING,20.82,4.56,LIGHT,77.87,LOW,RUNNING,19.33,4.36,LIGHT,75.7,LOW,RUNNING,22.96,6.96,LIGHT,84.14,LOW,RUNNING,28.96,55.0,298.2,0.25,22.0,COOLING,0.25,22.0,COOLING,0.25,22.0,COOLING,0.25,22.0,COOLING,21.62,22.232,25.82,22.234,22.977,25.82,21.62,4.2,321.92,165.01,161.29,159.84,170.0,170.0,1360.0,170.0,269.68,331.08,328.5,331.03,197.85,327.28,-851.91,326.78,875.0,875.0,875.0,875.0,84.45,118.37,122.88,112.65,808.06,1870.0,1260.29,3500.0,438.35,0.0,1.0,1.0,0.0,22.5,TARGETED_EAST_OCCUPANCY_COOL,43.7754
2,Occupancy Concentration,0,710,7100.0,22,2,2,16,2,22.14,5.72,LIGHT,81.25,LOW,RUNNING,20.0,4.5,LIGHT,76.75,LOW,RUNNING,22.32,7.24,LIGHT,83.76,LOW,RUNNING,21.26,5.72,LIGHT,80.16,LOW,RUNNING,19.42,5.0,LIGHT,76.78,LOW,RUNNING,24.7,8.32,LIGHT,88.36,LOW,RUNNING,22.83,6.35,LIGHT,83.06,LOW,RUNNING,20.66,4.52,LIGHT,77.61,LOW,RUNNING,19.3,4.43,LIGHT,75.77,LOW,RUNNING,23.09,7.08,LIGHT,84.48,LOW,RUNNING,28.97,55.0,298.3,0.25,22.0,COOLING,0.25,22.0,COOLING,0.25,22.0,COOLING,0.25,22.0,COOLING,21.622,22.234,25.822,22.236,22.979,25.822,21.622,4.2,321.92,165.14,160.67,160.25,170.0,170.0,1360.0,170.0,269.88,331.31,328.73,331.26,197.86,327.39,-852.14,326.89,875.0,875.0,875.0,875.0,84.66,118.84,122.26,113.4,807.98,1870.0,1261.18,3500.0,439.16,0.0,1.0,1.0,0.0,22.5,TARGETED_EAST_OCCUPANCY_COOL,43.8008
2,Occupancy Concentration,0,711,7110.0,22,2,2,16,2,21.98,5.63,LIGHT,80.92,LOW,RUNNING,19.9,4.52,LIGHT,76.66,LOW,RUNNING,22.37,7.35,LIGHT,83.99,LOW,RUNNING,21.42,5.82,LIGHT,80.51,LOW,RUNNING,19.54,5.0,LIGHT,76.92,LOW,RUNNING,24.66,8.22,LIGHT,88.16,LOW,RUNNING,22.67,6.24,LIGHT,82.7,LOW,RUNNING,20.52,4.5,LIGHT,77.4,LOW,RUNNING,19.31,4.52,LIGHT,75.92,LOW,RUNNING,23.23,7.2,LIGHT,84.84,LOW,RUNNING,28.97,55.0,298.5,0.25,22.0,COOLING,0.25,22.0,COOLING,0.25,22.0,COOLING,0.25,22.0,COOLING,21.624,22.236,25.824,22.238,22.98,25.824,21.624,4.2,322.08,165.08,160.1,160.76,170.0,170.0,1360.0,170.0,269.92,331.38,328.87,331.34,197.86,327.39,-852.14,326.89,875.0,875.0,875.0,875.0,84.86,118.85,121.83,113.99,808.02,1870.0,1261.51,3500.0,439.53,0.0,1.0,1.0,0.0,22.5,TARGETED_EAST_OCCUPANCY_COOL,43.8272
2,Occupancy Concentration,0,712,7120.0,22,2,2,16,2,21.81,5.56,LIGHT,80.6,LOW,RUNNING,19.83,4.56,LIGHT,76.63,LOW,RUNNING,22.47,7.47,LIGHT,84.29,LOW,RUNNING,21.59,5.9,LIGHT,80.84,LOW,RUNNING,19.63,4.97,LIGHT,76.99,LOW,RUNNING,24.59,8.1,LIGHT,87.89,LOW,RUNNING,22.51,6.14,LIGHT,82.35,LOW,RUNNING,20.41,4.51,LIGHT,77.28,LOW,RUNNING,19.36,4.63,LIGHT,76.15,LOW,RUNNING,23.4,7.3,LIGHT,85.2,LOW,RUNNING,28.97,55.0,298.7,0.25,22.0,COOLING,0.25,22.0,COOLING,0.25,22.0,COOLING,0.25,22.0,COOLING,21.626,22.238,25.826,22.24,22.983,25.826,21.626,4.2,322.36,164.88,159.63,161.35,170.0,170.0,1360.0,170.0,269.95,331.47,329.0,331.43,197.86,327.39,-852.14,326.89,875.0,875.0,875.0,875.0,85.17,118.74,121.49,114.67,808.22,1870.0,1261.85,3500.0,440.07,0.0,1.0,1.0,0.0,22.5,TARGETED_EAST_OCCUPANCY_COOL,43.8538
2,Occupancy Concentration,0,713,7130.0,22,2,2,16,2,21.65,5.52,LIGHT,80.34,LOW,RUNNING,19.8,4.63,LIGHT,76.69,LOW,RUNNING,22.59,7.59,LIGHT,84.62,LOW,RUNNING,21.76,5.96,LIGHT,81.14,LOW,RUNNING,19.69,4.91,LIGHT,76.98,LOW,RUNNING,24.49,7.98,LIGHT,87.58,LOW,RUNNING,22.34,6.07,LIGHT,82.03,LOW,RUNNING,20.34,4.55,LIGHT,77.25,LOW,RUNNING,19.45,4.75,LIGHT,76.44,LOW,RUNNING,23.56,7.39,LIGHT,85.53,LOW,RUNNING,28.98,55.0,298.8,0.25,22.0,COOLING,0.25,22.0,COOLING,0.25,22.0,COOLING,0.25,22.0,COOLING,21.628,22.24,25.828,22.242,22.985,25.828,21.628,4.2,322.79,164.56,159.28,161.97,170.0,170.0,1360.0,170.0,270.16,331.7,329.26,331.66,197.86,327.39,-852.14,326.89,875.0,875.0,875.0,875.0,85.81,118.65,121.4,115.52,808.6,1870.0,1262.78,3500.0,441.38,0.0,1.0,1.0,0.0,22.5,TARGETED_EAST_OCCUPANCY_COOL,43.8808
2,Occupancy Concentration,0,714,7140.0,22,2,2,16,2,21.52,5.5,LIGHT,80.15,LOW,RUNNING,19.81,4.72,LIGHT,76.84,LOW,RUNNING,22.74,7.7,LIGHT,84.97,LOW,RUNNING,21.9,5.99,LIGHT,81.36,LOW,RUNNING,19.7,4.83,LIGHT,76.87,LOW,RUNNING,24.35,7.86,LIGHT,87.23,LOW,RUNNING,22.18,6.02,LIGHT,81.75,LOW,RUNNING,20.3,4.62,LIGHT,77.31,LOW,RUNNING,19.57,4.87,LIGHT,76.77,LOW,RUNNING,23.73,7.45,LIGHT,85.84,LOW,RUNNING,28.98,55.0,299.0,0.25,22.0,COOLING,0.25,22.0,COOLING,0.25,22.0,COOLING,0.25,22.0,COOLING,21.63,22.242,25.83,22.244,22.986,25.83,21.63,4.2,323.32,164.1,159.06,162.61,170.0,170.0,1360.0,170.0,270.19,331.79,329.39,331.75,197.86,327.39,-852.14,326.89,875.0,875.0,875.0,875.0,86.37,118.28,121.31,116.25,809.09,1870.0,1263.12,3500.0,442.21,0.0,1.0,1.0,0.0,22.5,TARGETED_EAST_OCCUPANCY_COOL,43.9081
2,Occupancy Concentration,0,715,7150.0,22,2,2,16,2,21.41,5.51,LIGHT,80.03,LOW,RUNNING,19.86,4.83,LIGHT,77.07,LOW,RUNNING,22.9,7.81,LIGHT,85.34,LOW,RUNNING,22.03,6.0,LIGHT,81.54,LOW,RUNNING,19.67,4.73,LIGHT,76.68,LOW,RUNNING,24.2,7.75,LIGHT,86.88,LOW,RUNNING,22.04,6.0,LIGHT,81.55,LOW,RUNNING,20.31,4.71,LIGHT,77.45,LOW,RUNNING,19.71,4.98,LIGHT,77.11,LOW,RUNNING,23.88,7.49,LIGHT,86.08,LOW,RUNNING,28.98,55.0,299.2,0.25,22.0,COOLING,0.25,22.0,COOLING,0.25,22.0,COOLING,0.25,22.0,COOLING,21.632,22.244,25.832,22.246,22.989,25.832,21.632,4.2,323.98,163.56,159.0,163.19,170.0,170.0,1360.0,170.0,270.23,331.87,329.53,331.82,197.86,327.39,-852.14,326.89,875.0,875.0,875.0,875.0,87.07,117.82,121.39,116.9,809.73,1870.0,1263.45,3500.0,443.18,0.0,1.0,1.0,0.0,22.5,TARGETED_EAST_OCCUPANCY_COOL,43.936
2,Occupancy Concentration,0,716,7160.0,22,2,2,16,2,21.34,5.55,LIGHT,80.0,LOW,RUNNING,19.95,4.95,LIGHT,77.36,LOW,RUNNING,23.07,7.89,LIGHT,85.67,LOW,RUNNING,22.12,5.97,LIGHT,81.61,LOW,RUNNING,19.6,4.62,LIGHT,76.43,LOW,RUNNING,24.03,7.66,LIGHT,86.53,LOW,RUNNING,21.93,6.01,LIGHT,81.43,LOW,RUNNING,20.35,4.81,LIGHT,77.65,LOW,RUNNING,19.87,5.09,LIGHT,77.47,LOW,RUNNING,24.01,7.5,LIGHT,86.26,LOW,RUNNING,28.99,55.0,299.3,0.25,22.0,COOLING,0.25,22.0,COOLING,0.25,22.0,COOLING,0.25,22.0,COOLING,21.634,22.246,25.834,22.248,22.991,25.834,21.634,4.2,324.64,162.96,159.08,163.73,170.0,170.0,1360.0,170.0,270.44,332.1,329.79,332.06,197.86,327.39,-852.14,326.89,875.0,875.0,875.0,875.0,87.94,117.45,121.73,117.68,810.41,1870.0,1264.39,3500.0,444.8,0.0,1.0,1.0,0.0,22.5,TARGETED_EAST_OCCUPANCY_COOL,43.9646
2,Occupancy Concentration,0,717,7170.0,22,2,2,16,2,21.3,5.62,LIGHT,80.06,LOW,RUNNING,20.07,5.07,LIGHT,77.69,LOW,RUNNING,23.23,7.95,LIGHT,85.96,LOW,RUNNING,22.18,5.92,LIGHT,81.6,LOW,RUNNING,19.5,4.5,LIGHT,76.12,LOW,RUNNING,23.86,7.58,LIGHT,86.2,LOW,RUNNING,21.85,6.05,LIGHT,81.39,LOW,RUNNING,20.43,4.93,LIGHT,77.93,LOW,RUNNING,20.04,5.18,LIGHT,77.82,LOW,RUNNING,24.11,7.48,LIGHT,86.36,LOW,RUNNING,28.99,55.0,299.5,0.25,22.0,COOLING,0.25,22.0,COOLING,0.25,22.0,COOLING,0.25,22.0,COOLING,21.636,22.248,25.836,22.25,22.992,25.836,21.636,4.2,325.31,162.32,159.32,164.18,170.0,170.0,1360.0,170.0,270.46,332.19,329.91,332.14,197.86,327.39,-852.14,326.89,875.0,875.0,875.0,875.0,88.63,116.9,122.09,118.21,811.13,1870.0,1264.7,3500.0,445.83,0.0,1.0,1.0,0.0,22.5,TARGETED_EAST_OCCUPANCY_COOL,43.9938
2,Occupancy Concentration,0,718,7180.0,22,2,2,16,2,21.31,5.71,LIGHT,80.2,LOW,RUNNING,20.22,5.19,LIGHT,78.06,LOW,RUNNING,23.39,7.99,LIGHT,86.22,LOW,RUNNING,22.2,5.84,LIGHT,81.51,LOW,RUNNING,19.37,4.38,LIGHT,75.78,LOW,RUNNING,23.7,7.53,LIGHT,85.92,LOW,RUNNING,21.81,6.11,LIGHT,81.43,LOW,RUNNING,20.55,5.05,LIGHT,78.26,LOW,RUNNING,20.21,5.25,LIGHT,78.14,LOW,RUNNING,24.17,7.43,LIGHT,86.36,LOW,RUNNING,28.99,55.0,299.7,0.25,22.0,COOLING,0.25,22.0,COOLING,0.25,22.0,COOLING,0.25,22.0,COOLING,21.638,22.25,25.839,22.252,22.995,25.839,21.638,4.201,325.99,161.7,159.69,164.5,170.0,170.0,1360.0,170.0,270.5,332.26,330.05,332.22,197.86,327.39,-852.14,326.89,875.0,875.0,875.0,875.0,89.35,116.35,122.6,118.61,811.88,1870.0,1265.03,3500.0,446.91,0.0,1.0,1.0,0.0,22.5,TARGETED_EAST_OCCUPANCY_COOL,44.0568
2,Occupancy Concentration,0,719,7190.0,22,2,2,16,2,21.35,5.82,LIGHT,80.42,LOW,RUNNING,20.38,5.29,LIGHT,78.41,LOW,RUNNING,23.51,8.0,LIGHT,86.39,LOW,RUNNING,22.18,5.75,LIGHT,81.35,LOW,RUNNING,19.22,4.27,LIGHT,75.43,LOW,RUNNING,23.56,7.5,LIGHT,85.7,LOW,RUNNING,21.8,6.19,LIGHT,81.53,LOW,RUNNING,20.69,5.17,LIGHT,78.62,LOW,RUNNING,20.36,5.29,LIGHT,78.39,LOW,RUNNING,24.2,7.36,LIGHT,86.29,LOW,RUNNING,29.0,55.0,299.8,0.25,22.0,COOLING,0.25,22.0,COOLING,0.25,22.0,COOLING,0.25,22.0,COOLING,21.64,22.252,25.842,22.254,22.997,25.842,21.64,4.202,326.57,161.13,160.15,164.68,170.0,170.0,1360.0,170.0,270.7,332.5,330.28,332.46,197.87,327.5,-852.37,327.0,875.0,875.0,875.0,875.0,90.14,116.13,123.06,119.14,812.53,1870.0,1265.94,3500.0,448.47,0.0,1.0,1.0,0.0,22.5,TARGETED_EAST_OCCUPANCY_COOL,44.1197
