scenario_id,scenario_name,run_id,timestep_index,timestamp_seconds,total_occupancy,occupancy_zone_1,occupancy_zone_2,occupancy_zone_3,occupancy_zone_4,cpu_util_comp_1,gpu_util_comp_1,workload_cat_comp_1,heat_w_comp_1,thermal_contrib_comp_1,status_comp_1,cpu_util_comp_2,gpu_util_comp_2,workload_cat_comp_2,heat_w_comp_2,thermal_contrib_comp_2,status_comp_2,cpu_util_comp_3,gpu_util_comp_3,workload_cat_comp_3,heat_w_comp_3,thermal_contrib_comp_3,status_comp_3,cpu_util_comp_4,gpu_util_comp_4,workload_cat_comp_4,heat_w_comp_4,thermal_contrib_comp_4,status_comp_4,cpu_util_comp_5,gpu_util_comp_5,workload_cat_comp_5,heat_w_comp_5,thermal_contrib_comp_5,status_comp_5,cpu_util_comp_6,gpu_util_comp_6,workload_cat_comp_6,heat_w_comp_6,thermal_contrib_comp_6,status_comp_6,cpu_util_comp_7,gpu_util_comp_7,workload_cat_comp_7,heat_w_comp_7,thermal_contrib_comp_7,status_comp_7,cpu_util_comp_8,gpu_util_comp_8,workload_cat_comp_8,heat_w_comp_8,thermal_contrib_comp_8,status_comp_8,cpu_util_comp_9,gpu_util_comp_9,workload_cat_comp_9,heat_w_comp_9,thermal_contrib_comp_9,status_comp_9,cpu_util_comp_10,gpu_util_comp_10,workload_cat_comp_10,heat_w_comp_10,thermal_contrib_comp_10,status_comp_10,outdoor_temperature_c,relative_humidity_percent,solar_irradiance_w_m2,cooling_level_ac1,setpoint_ac1,state_ac1,cooling_level_ac2,setpoint_ac2,state_ac2,cooling_level_ac3,setpoint_ac3,state_ac3,cooling_level_ac4,setpoint_ac4,state_ac4,zone_1_temperature_c,zone_2_temperature_c,zone_3_temperature_c,zone_4_temperature_c,room_average_temperature_c,max_zone_temperature_c,min_zone_temperature_c,temperature_gradient_c,comp_heat_zone_1_w,comp_heat_zone_2_w,comp_heat_zone_3_w,comp_heat_zone_4_w,occ_heat_zone_1_w,occ_heat_zone_2_w,occ_heat_zone_3_w,occ_heat_zone_4_w,env_heat_zone_1_w,env_heat_zone_2_w,env_heat_zone_3_w,env_heat_zone_4_w,interzone_heat_zone_1_w,interzone_heat_zone_2_w,interzone_heat_zone_3_w,interzone_heat_zone_4_w,hvac_cooling_zone_1_w,hvac_cooling_zone_2_w,hvac_cooling_zone_3_w,hvac_cooling_zone_4_w,net_heat_zone_1_w,net_heat_zone_2_w,net_heat_zone_3_w,net_heat_zone_4_w,total_computational_heat_w,total_occupancy_heat_w,total_envelope_heat_w,total_hvac_cooling_w,total_net_heat_w,optimal_cooling_ac1,optimal_cooling_ac2,optimal_cooling_ac3,optimal_cooling_ac4,optimal_temperature_c,optimal_hvac_action,target_objective_cost
5,Opposing Thermal Zones,0,0,0.0,6,1,2,2,1,20.67,10.55,LIGHT,86.66,LOW,RUNNING,19.73,9.08,LIGHT,83.28,LOW,RUNNING,21.11,10.55,LIGHT,87.21,LOW,RUNNING,19.89,9.92,LIGHT,84.74,LOW,RUNNING,15.42,4.22,LIGHT,70.61,LOW,RUNNING,17.33,5.09,LIGHT,74.3,LOW,RUNNING,15.89,4.38,LIGHT,71.43,LOW,RUNNING,18.59,5.82,LIGHT,76.97,LOW,RUNNING,19.33,8.67,LIGHT,82.17,LOW,RUNNING,19.56,9.4,LIGHT,83.55,LOW,RUNNING,27.5,54.0,200.0,0.25,22.0,COOLING,0.25,22.0,COOLING,0.25,22.0,COOLING,0.25,22.0,COOLING,21.77,21.769,21.77,21.767,21.769,21.77,21.767,0.003,341.89,144.91,148.4,165.72,85.0,170.0,170.0,85.0,198.09,248.09,298.09,248.09,0.0,0.0,0.0,0.0,875.0,875.0,875.0,875.0,-250.02,-312.0,-258.51,-376.19,800.92,510.0,992.36,3500.0,-1196.72,0.0,0.0,0.0,0.0,22.5,ECO_MAINTAIN,1.7459
5,Opposing Thermal Zones,0,1,10.0,6,1,2,2,1,21.27,11.01,LIGHT,88.1,LOW,RUNNING,20.14,9.47,LIGHT,84.38,LOW,RUNNING,21.44,10.98,LIGHT,88.27,LOW,RUNNING,20.29,10.5,LIGHT,86.11,LOW,RUNNING,15.48,4.29,LIGHT,70.78,LOW,RUNNING,17.46,5.17,LIGHT,74.58,LOW,RUNNING,15.98,4.4,LIGHT,71.57,LOW,RUNNING,18.56,5.76,LIGHT,76.84,LOW,RUNNING,19.66,9.08,LIGHT,83.2,LOW,RUNNING,19.94,9.94,LIGHT,84.84,LOW,RUNNING,27.5,54.0,200.2,0.25,22.0,COOLING,0.25,22.0,COOLING,0.25,22.0,COOLING,0.25,22.0,COOLING,21.765,21.763,21.765,21.759,21.763,21.765,21.759,0.006,346.86,145.36,148.41,168.04,85.0,170.0,170.0,85.0,198.28,248.34,298.37,248.38,-0.44,0.19,-0.44,0.69,875.0,875.0,875.0,875.0,-245.3,-311.11,-258.66,-372.89,808.67,510.0,993.37,3500.0,-1187.96,0.0,0.0,0.0,0.0,22.5,ECO_MAINTAIN,1.7767
5,Opposing Thermal Zones,0,2,20.0,6,1,2,2,1,22.81,12.43,LIGHT,92.16,LOW,RUNNING,21.46,10.81,LIGHT,88.04,LOW,RUNNING,22.7,12.39,LIGHT,91.96,LOW,RUNNING,21.65,12.06,LIGHT,90.15,LOW,RUNNING,15.56,4.37,LIGHT,71.01,LOW,RUNNING,17.6,5.25,LIGHT,74.88,LOW,RUNNING,16.05,4.4,LIGHT,71.66,LOW,RUNNING,18.5,5.68,LIGHT,76.64,LOW,RUNNING,20.91,10.48,LIGHT,86.86,LOW,RUNNING,21.3,11.49,LIGHT,88.86,LOW,RUNNING,27.51,54.0,200.3,0.25,22.0,COOLING,0.25,22.0,COOLING,0.25,22.0,COOLING,0.25,22.0,COOLING,21.76,21.757,21.76,21.752,21.757,21.76,21.752,0.008,362.31,145.89,148.3,175.72,85.0,170.0,170.0,85.0,198.63,248.75,298.78,248.84,-0.88,0.38,-0.88,1.38,875.0,875.0,875.0,875.0,-229.94,-309.98,-258.8,-364.06,832.22,510.0,995.0,3500.0,-1162.78,0.0,0.0,0.0,0.0,22.5,ECO_MAINTAIN,1.8036
5,Opposing Thermal Zones,0,3,30.0,7,1,2,3,1,25.17,14.71,LIGHT,98.53,LOW,RUNNING,23.58,13.01,LIGHT,93.99,LOW,RUNNING,24.82,14.68,LIGHT,98.05,LOW,RUNNING,23.86,14.5,LIGHT,96.58,LOW,RUNNING,15.66,4.46,LIGHT,71.27,LOW,RUNNING,17.73,5.31,LIGHT,75.13,LOW,RUNNING,16.09,4.38,LIGHT,71.68,LOW,RUNNING,18.41,5.6,LIGHT,76.41,LOW,RUNNING,23.0,12.74,LIGHT,92.86,LOW,RUNNING,23.55,13.94,LIGHT,95.35,LOW,RUNNING,27.51,54.0,200.5,0.25,22.0,COOLING,0.25,22.0,COOLING,0.25,22.0,COOLING,0.25,22.0,COOLING,21.756,21.751,21.756,21.745,21.752,21.756,21.745,0.011,387.15,146.4,148.09,188.21,85.0,170.0,255.0,85.0,198.81,249.0,299.06,249.11,-1.21,0.58,-1.21,1.84,875.0,875.0,875.0,875.0,-205.25,-309.02,-174.06,-350.84,869.85,595.0,995.98,3500.0,-1039.17,0.0,0.0,0.0,0.0,22.5,ECO_MAINTAIN,1.8128
5,Opposing Thermal Zones,0,4,40.0,8,1,3,3,1,28.25,17.74,LIGHT,106.92,MODERATE,RUNNING,26.42,15.97,LIGHT,101.98,MODERATE,RUNNING,27.68,17.74,LIGHT,106.21,MODERATE,RUNNING,26.84,17.71,LIGHT,105.11,MODERATE,RUNNING,15.77,4.55,LIGHT,71.54,LOW,RUNNING,17.85,5.36,LIGHT,75.35,LOW,RUNNING,16.1,4.34,LIGHT,71.64,LOW,RUNNING,18.3,5.51,LIGHT,76.14,LOW,RUNNING,25.81,15.79,LIGHT,100.95,MODERATE,RUNNING,26.59,17.17,LIGHT,103.99,MODERATE,RUNNING,27.51,54.0,200.7,0.25,22.0,COOLING,0.25,22.0,COOLING,0.25,22.0,COOLING,0.25,22.0,COOLING,21.752,21.746,21.752,21.738,21.747,21.752,21.738,0.014,420.22,146.89,147.78,204.94,85.0,255.0,255.0,85.0,198.97,249.26,299.32,249.39,-1.76,1.01,-1.76,2.51,875.0,875.0,875.0,875.0,-172.57,-222.84,-174.66,-333.16,919.83,680.0,996.94,3500.0,-903.23,0.0,0.0,0.0,0.0,22.5,ECO_MAINTAIN,1.8175
5,Opposing Thermal Zones,0,5,50.0,8,1,3,3,1,31.93,21.42,GENERAL,117.04,MODERATE,RUNNING,29.88,19.6,LIGHT,111.75,MODERATE,RUNNING,31.19,21.47,GENERAL,116.19,MODERATE,RUNNING,30.47,21.58,GENERAL,115.46,MODERATE,RUNNING,15.9,4.63,LIGHT,71.82,LOW,RUNNING,17.95,5.39,LIGHT,75.52,LOW,RUNNING,16.08,4.29,LIGHT,71.53,LOW,RUNNING,18.18,5.42,LIGHT,75.85,LOW,RUNNING,29.27,19.5,LIGHT,110.84,MODERATE,RUNNING,30.3,21.07,GENERAL,114.48,MODERATE,RUNNING,27.52,54.0,200.8,0.25,22.0,COOLING,0.25,22.0,COOLING,0.25,22.0,COOLING,0.25,22.0,COOLING,21.749,21.741,21.748,21.732,21.742,21.749,21.732,0.017,460.44,147.34,147.38,225.32,85.0,255.0,255.0,85.0,199.31,249.64,299.71,249.81,-2.2,1.2,-2.2,3.2,875.0,875.0,875.0,875.0,-132.45,-221.82,-175.11,-311.67,980.48,680.0,998.47,3500.0,-841.05,0.0,0.0,0.0,0.0,22.5,ECO_MAINTAIN,1.8324
5,Opposing Thermal Zones,0,6,60.0,10,1,4,4,1,36.12,25.65,GENERAL,128.62,MODERATE,RUNNING,33.85,23.78,GENERAL,122.98,MODERATE,RUNNING,35.26,25.74,GENERAL,127.68,MODERATE,RUNNING,34.65,25.98,GENERAL,127.28,MODERATE,RUNNING,16.04,4.71,LIGHT,72.11,LOW,RUNNING,18.02,5.4,LIGHT,75.62,LOW,RUNNING,16.03,4.22,LIGHT,71.37,LOW,RUNNING,18.05,5.34,LIGHT,75.57,LOW,RUNNING,33.27,23.77,GENERAL,122.24,MODERATE,RUNNING,34.58,25.53,GENERAL,126.52,MODERATE,RUNNING,27.52,54.0,201.0,0.25,22.0,COOLING,0.25,22.0,COOLING,0.25,22.0,COOLING,0.25,22.0,COOLING,21.747,21.738,21.746,21.726,21.739,21.747,21.726,0.021,506.56,147.73,146.94,248.76,85.0,340.0,340.0,85.0,199.46,249.87,299.98,250.06,-2.76,1.52,-2.52,3.77,875.0,875.0,875.0,875.0,-86.74,-135.88,-90.6,-287.41,1049.99,850.0,999.37,3500.0,-600.63,0.0,0.0,0.0,0.0,22.5,ECO_MAINTAIN,1.8119
5,Opposing Thermal Zones,0,7,70.0,11,1,4,5,1,40.72,30.32,GENERAL,141.38,MODERATE,RUNNING,38.25,28.41,GENERAL,135.43,MODERATE,RUNNING,39.79,30.47,GENERAL,140.44,MODERATE,RUNNING,39.28,30.82,GENERAL,140.33,MODERATE,RUNNING,16.17,4.78,LIGHT,72.38,LOW,RUNNING,18.08,5.39,LIGHT,75.68,LOW,RUNNING,15.95,4.14,LIGHT,71.15,LOW,RUNNING,17.91,5.26,LIGHT,75.28,LOW,RUNNING,37.71,28.5,GENERAL,134.89,MODERATE,RUNNING,39.33,30.43,GENERAL,139.81,MODERATE,RUNNING,27.52,54.0,201.2,0.25,22.0,COOLING,0.25,22.0,COOLING,0.25,22.0,COOLING,0.25,22.0,COOLING,21.746,21.735,21.746,21.721,21.737,21.746,21.721,0.025,557.58,148.06,146.43,274.7,85.0,340.0,425.0,85.0,199.57,250.06,300.19,250.32,-3.32,1.69,-3.06,4.69,875.0,875.0,875.0,875.0,-36.17,-135.19,-6.44,-260.29,1126.77,935.0,1000.14,3500.0,-438.09,0.0,0.0,0.0,0.0,22.5,ECO_MAINTAIN,1.8
5,Opposing Thermal Zones,0,8,80.0,12,1,5,5,1,45.62,35.33,GENERAL,155.02,MODERATE,RUNNING,42.98,33.39,GENERAL,148.81,MODERATE,RUNNING,44.67,35.53,GENERAL,154.13,MODERATE,RUNNING,44.24,35.96,GENERAL,154.24,MODERATE,RUNNING,16.29,4.84,LIGHT,72.62,LOW,RUNNING,18.1,5.36,LIGHT,75.67,LOW,RUNNING,15.85,4.05,LIGHT,70.89,LOW,RUNNING,17.78,5.19,LIGHT,75.01,LOW,RUNNING,42.5,33.57,GENERAL,148.48,MODERATE,RUNNING,44.43,35.66,GENERAL,154.03,MODERATE,RUNNING,27.53,54.0,201.3,0.25,22.0,COOLING,0.25,22.0,COOLING,0.25,22.0,COOLING,0.25,22.0,COOLING,21.746,21.734,21.746,21.716,21.736,21.746,21.716,0.03,612.2,148.29,145.9,302.51,85.0,425.0,425.0,85.0,199.85,250.4,300.5,250.7,-3.96,2.21,-3.96,5.71,875.0,875.0,875.0,875.0,18.09,-49.1,-7.56,-231.08,1208.9,1020.0,1001.45,3500.0,-269.65,0.0,0.0,0.0,0.0,22.5,ECO_MAINTAIN,1.7819
5,Opposing Thermal Zones,0,9,90.0,13,1,5,6,1,50.72,40.58,GENERAL,169.27,MODERATE,RUNNING,47.94,38.62,GENERAL,162.85,MODERATE,RUNNING,49.79,40.82,GENERAL,168.47,MODERATE,RUNNING,49.42,41.31,GENERAL,168.74,MODERATE,RUNNING,16.4,4.88,LIGHT,72.82,LOW,RUNNING,18.09,5.31,LIGHT,75.58,LOW,RUNNING,15.74,3.96,LIGHT,70.61,LOW,RUNNING,17.66,5.14,LIGHT,74.78,LOW,RUNNING,47.54,38.88,GENERAL,162.75,MODERATE,RUNNING,49.78,41.09,GENERAL,168.86,MODERATE,RUNNING,27.53,54.0,201.5,0.25,22.0,COOLING,0.25,22.0,COOLING,0.25,22.0,COOLING,0.25,22.0,COOLING,21.748,21.733,21.748,21.712,21.735,21.748,21.712,0.036,669.33,148.4,145.39,331.61,85.0,425.0,510.0,85.0,199.92,250.55,300.67,250.94,-4.62,2.37,-4.62,6.87,875.0,875.0,875.0,875.0,74.63,-48.68,76.44,-200.58,1294.73,1105.0,1002.08,3500.0,-98.19,0.0,0.0,0.0,0.0,22.5,ECO_MAINTAIN,1.7588
5,Opposing Thermal Zones,0,10,100.0,14,1,6,6,1,55.92,45.96,GENERAL,183.84,HIGH,RUNNING,53.04,43.98,GENERAL,177.27,HIGH,RUNNING,55.06,46.23,GENERAL,183.17,HIGH,RUNNING,54.72,46.74,GENERAL,183.51,HIGH,RUNNING,16.49,4.9,LIGHT,72.96,LOW,RUNNING,18.05,5.25,LIGHT,75.44,LOW,RUNNING,15.61,3.87,LIGHT,70.32,LOW,RUNNING,17.56,5.11,LIGHT,74.61,LOW,RUNNING,52.72,44.31,GENERAL,177.37,HIGH,RUNNING,55.25,46.63,GENERAL,184.01,HIGH,RUNNING,27.53,54.0,201.7,0.25,22.0,COOLING,0.25,22.0,COOLING,0.25,22.0,COOLING,0.25,22.0,COOLING,21.751,21.734,21.75,21.709,21.736,21.751,21.709,0.042,727.79,148.4,144.93,361.38,85.0,510.0,510.0,85.0,199.95,250.7,300.8,251.15,-5.61,2.99,-5.61,8.24,875.0,875.0,875.0,875.0,132.13,37.09,75.12,-169.23,1382.5,1190.0,1002.6,3500.0,75.11,0.0,0.0,0.0,0.0,22.5,ECO_MAINTAIN,1.7301
5,Opposing Thermal Zones,0,11,110.0,16,1,7,7,1,61.13,51.37,GENERAL,198.47,HIGH,RUNNING,58.17,49.37,GENERAL,191.77,HIGH,RUNNING,60.36,51.63,GENERAL,197.89,HIGH,RUNNING,60.02,52.15,GENERAL,198.25,HIGH,RUNNING,16.56,4.9,LIGHT,73.05,LOW,RUNNING,17.99,5.18,LIGHT,75.26,LOW,RUNNING,15.47,3.79,LIGHT,70.02,LOW,RUNNING,17.48,5.1,LIGHT,74.5,LOW,RUNNING,57.95,49.75,GENERAL,192.06,HIGH,RUNNING,60.73,52.14,GENERAL,199.12,HIGH,RUNNING,27.54,54.0,201.8,0.25,22.0,COOLING,0.25,22.0,COOLING,0.25,22.0,COOLING,0.25,22.0,COOLING,21.755,21.736,21.753,21.706,21.738,21.755,21.706,0.049,786.38,148.31,144.52,391.18,85.0,595.0,595.0,85.0,200.13,250.95,301.05,251.49,-6.51,3.25,-6.25,9.51,875.0,875.0,875.0,875.0,190.0,122.51,159.32,-137.82,1470.39,1360.0,1003.62,3500.0,334.01,0.0,0.0,0.0,0.0,22.5,ECO_MAINTAIN,1.6857
5,Opposing Thermal Zones,0,12,120.0,17,1,7,8,1,66.24,56.7,GENERAL,212.85,HIGH,RUNNING,63.24,54.67,GENERAL,206.06,HIGH,RUNNING,65.59,56.92,GENERAL,212.37,HIGH,RUNNING,65.21,57.42,GENERAL,212.64,HIGH,RUNNING,16.59,4.88,LIGHT,73.06,LOW,RUNNING,17.9,5.09,LIGHT,75.01,LOW,RUNNING,15.34,3.72,LIGHT,69.75,LOW,RUNNING,17.43,5.11,LIGHT,74.45,LOW,RUNNING,63.1,55.08,GENERAL,206.5,HIGH,RUNNING,66.11,57.52,GENERAL,213.92,HIGH,RUNNING,27.54,54.0,202.0,0.25,22.0,COOLING,0.25,22.0,COOLING,0.25,22.0,COOLING,0.25,22.0,COOLING,21.76,21.739,21.758,21.704,21.74,21.76,21.704,0.056,843.92,148.07,144.2,420.42,85.0,595.0,680.0,85.0,200.13,251.04,301.17,251.68,-7.51,3.51,-7.01,11.01,875.0,875.0,875.0,875.0,246.54,122.62,243.36,-106.89,1556.61,1445.0,1004.02,3500.0,505.63,0.0,0.0,0.0,0.0,22.5,ECO_MAINTAIN,1.6499
5,Opposing Thermal Zones,0,13,130.0,18,1,8,8,1,71.15,61.84,GPU_INTENSIVE,226.7,HIGH,HEAVY LOAD,68.14,59.78,GENERAL,219.85,HIGH,RUNNING,70.63,61.99,GPU_INTENSIVE,226.27,HIGH,HEAVY LOAD,70.17,62.45,GPU_INTENSIVE,226.39,HIGH,HEAVY LOAD,16.6,4.84,LIGHT,73.01,LOW,RUNNING,17.79,5.0,LIGHT,74.74,LOW,RUNNING,15.22,3.67,LIGHT,69.53,LOW,RUNNING,17.4,5.14,LIGHT,74.46,LOW,RUNNING,68.08,60.2,GPU_INTENSIVE,220.4,HIGH,HEAVY LOAD,71.27,62.66,GPU_INTENSIVE,228.08,HIGH,HEAVY LOAD,27.55,54.0,202.2,0.25,22.0,COOLING,0.25,22.0,COOLING,0.25,22.0,COOLING,0.25,22.0,COOLING,21.766,21.743,21.763,21.702,21.744,21.766,21.702,0.064,899.21,147.75,143.99,448.48,85.0,680.0,680.0,85.0,200.31,251.32,301.45,252.07,-8.5,3.87,-8.0,12.62,875.0,875.0,875.0,875.0,301.02,207.94,242.44,-76.83,1639.43,1530.0,1005.15,3500.0,674.57,0.0,0.0,0.0,0.0,22.5,ECO_MAINTAIN,1.6129
5,Opposing Thermal Zones,0,14,140.0,19,1,8,9,1,75.77,66.69,HEAVY,239.75,HIGH,HEAVY LOAD,72.76,64.58,GPU_INTENSIVE,232.82,HIGH,HEAVY LOAD,75.38,66.73,HEAVY,239.32,HIGH,HEAVY LOAD,74.81,67.13,GPU_INTENSIVE,239.21,HIGH,HEAVY LOAD,16.58,4.78,LIGHT,72.89,LOW,RUNNING,17.67,4.91,LIGHT,74.45,LOW,RUNNING,15.11,3.62,LIGHT,69.32,LOW,RUNNING,17.41,5.18,LIGHT,74.53,LOW,RUNNING,72.77,64.99,GPU_INTENSIVE,233.45,HIGH,HEAVY LOAD,76.1,67.44,HEAVY,241.28,VERY HIGH,HEAVY LOAD,27.55,54.0,202.3,0.25,22.0,COOLING,0.25,22.0,COOLING,0.25,22.0,COOLING,0.25,22.0,COOLING,21.773,21.747,21.77,21.701,21.748,21.773,21.701,0.072,951.1,147.34,143.85,474.73,85.0,680.0,765.0,85.0,200.22,251.29,301.43,252.17,-9.61,4.12,-8.87,14.36,875.0,875.0,875.0,875.0,351.71,207.75,326.41,-48.74,1717.02,1615.0,1005.11,3500.0,837.13,0.0,0.0,0.0,0.0,22.5,ECO_MAINTAIN,1.5737
5,Opposing Thermal Zones,0,15,150.0,21,1,9,10,1,80.0,71.12,HEAVY,251.68,VERY HIGH,HEAVY LOAD,77.01,68.96,HEAVY,244.7,VERY HIGH,HEAVY LOAD,79.71,71.01,HEAVY,251.15,VERY HIGH,HEAVY LOAD,79.0,71.35,HEAVY,250.77,VERY HIGH,HEAVY LOAD,16.52,4.71,LIGHT,72.72,LOW,RUNNING,17.54,4.83,LIGHT,74.17,LOW,RUNNING,15.02,3.6,LIGHT,69.17,LOW,RUNNING,17.44,5.24,LIGHT,74.66,LOW,RUNNING,77.06,69.34,HEAVY,245.33,VERY HIGH,HEAVY LOAD,80.48,71.76,HEAVY,253.24,VERY HIGH,HEAVY LOAD,27.55,54.0,202.5,0.25,22.0,COOLING,0.25,22.0,COOLING,0.25,22.0,COOLING,0.25,22.0,COOLING,21.781,21.753,21.778,21.701,21.753,21.781,21.701,0.08,998.3,146.89,143.83,498.57,85.0,765.0,850.0,85.0,200.15,251.32,301.46,252.31,-10.82,4.7,-10.07,16.2,875.0,875.0,875.0,875.0,397.63,292.91,410.22,-22.92,1787.59,1785.0,1005.24,3500.0,1077.84,0.0,0.0,0.0,0.0,22.5,ECO_MAINTAIN,1.518
5,Opposing Thermal Zones,0,16,160.0,21,1,9,10,1,83.72,75.02,HEAVY,262.18,VERY HIGH,HEAVY LOAD,80.76,72.8,HEAVY,255.15,VERY HIGH,HEAVY LOAD,83.51,74.75,HEAVY,261.51,VERY HIGH,HEAVY LOAD,82.65,75.01,HEAVY,260.83,VERY HIGH,HEAVY LOAD,16.44,4.63,LIGHT,72.5,LOW,RUNNING,17.4,4.75,LIGHT,73.88,LOW,RUNNING,14.95,3.6,LIGHT,69.09,LOW,RUNNING,17.5,5.32,LIGHT,74.86,LOW,RUNNING,80.84,73.13,HEAVY,255.75,VERY HIGH,HEAVY LOAD,84.3,75.5,HEAVY,263.62,VERY HIGH,HEAVY LOAD,27.56,54.0,202.7,0.25,22.0,COOLING,0.25,22.0,COOLING,0.25,22.0,COOLING,0.25,22.0,COOLING,21.79,21.759,21.786,21.701,21.759,21.79,21.701,0.089,1039.67,146.38,143.95,519.37,85.0,765.0,850.0,85.0,200.26,251.54,301.67,252.66,-11.92,5.05,-11.17,18.05,875.0,875.0,875.0,875.0,438.01,292.97,409.45,0.08,1849.37,1785.0,1006.13,3500.0,1140.51,0.0,0.0,0.0,0.0,22.5,ECO_MAINTAIN,1.4886
5,Opposing Thermal Zones,0,17,170.0,22,1,10,10,1,86.83,78.29,HEAVY,270.97,VERY HIGH,HEAVY LOAD,83.92,75.99,HEAVY,263.88,VERY HIGH,HEAVY LOAD,86.68,77.82,HEAVY,270.08,VERY HIGH,HEAVY LOAD,85.64,78.0,HEAVY,269.05,VERY HIGH,HEAVY LOAD,16.34,4.54,LIGHT,72.23,LOW,RUNNING,17.27,4.69,LIGHT,73.62,LOW,RUNNING,14.91,3.62,LIGHT,69.07,LOW,RUNNING,17.59,5.4,LIGHT,75.09,LOW,RUNNING,84.0,76.26,HEAVY,264.39,VERY HIGH,HEAVY LOAD,87.45,78.56,HEAVY,272.15,VERY HIGH,HEAVY LOAD,27.56,54.0,202.8,0.25,22.0,COOLING,0.25,22.0,COOLING,0.25,22.0,COOLING,0.25,22.0,COOLING,21.8,21.767,21.794,21.701,21.765,21.8,21.701,0.099,1073.98,145.85,144.16,536.54,85.0,850.0,850.0,85.0,200.1,251.47,301.59,252.72,-13.26,5.51,-12.26,20.01,875.0,875.0,875.0,875.0,470.82,377.83,408.49,19.27,1900.53,1870.0,1005.88,3500.0,1276.41,0.0,0.0,0.0,0.0,22.5,ECO_MAINTAIN,1.4467
5,Opposing Thermal Zones,0,18,180.0,23,1,10,11,1,89.23,80.81,HEAVY,277.75,VERY HIGH,HEAVY LOAD,86.36,78.42,HEAVY,270.58,VERY HIGH,HEAVY LOAD,89.1,80.12,HEAVY,276.56,VERY HIGH,HEAVY LOAD,87.87,80.22,HEAVY,275.17,VERY HIGH,HEAVY LOAD,16.23,4.45,LIGHT,71.96,LOW,RUNNING,17.15,4.64,LIGHT,73.4,LOW,RUNNING,14.9,3.66,LIGHT,69.11,LOW,RUNNING,17.7,5.49,LIGHT,75.36,LOW,RUNNING,86.43,78.61,HEAVY,270.95,VERY HIGH,HEAVY LOAD,89.81,80.84,HEAVY,278.52,VERY HIGH,HEAVY LOAD,27.56,54.0,203.0,0.25,22.0,COOLING,0.25,22.0,COOLING,0.25,22.0,COOLING,0.25,22.0,COOLING,21.81,21.775,21.804,21.702,21.773,21.81,21.702,0.108,1100.06,145.36,144.47,549.47,85.0,850.0,935.0,85.0,199.96,251.43,301.59,252.85,-14.61,5.61,-13.11,22.11,875.0,875.0,875.0,875.0,495.41,377.4,492.95,34.43,1939.36,1955.0,1005.83,3500.0,1400.19,0.0,0.0,0.0,0.0,22.5,ECO_MAINTAIN,1.4044
5,Opposing Thermal Zones,0,19,190.0,23,1,10,11,1,90.8,82.46,HEAVY,282.19,VERY HIGH,HEAVY LOAD,87.98,79.98,HEAVY,274.95,VERY HIGH,HEAVY LOAD,90.66,81.54,HEAVY,280.63,VERY HIGH,HEAVY LOAD,89.24,81.58,HEAVY,278.92,VERY HIGH,HEAVY LOAD,16.1,4.37,LIGHT,71.68,LOW,RUNNING,17.05,4.61,LIGHT,73.23,LOW,RUNNING,14.92,3.71,LIGHT,69.22,LOW,RUNNING,17.82,5.58,LIGHT,75.65,LOW,RUNNING,88.01,80.08,HEAVY,275.13,VERY HIGH,HEAVY LOAD,91.28,82.23,HEAVY,282.45,VERY HIGH,HEAVY LOAD,27.57,54.0,203.2,0.25,22.0,COOLING,0.25,22.0,COOLING,0.25,22.0,COOLING,0.25,22.0,COOLING,21.82,21.783,21.814,21.703,21.78,21.82,21.703,0.117,1116.69,144.91,144.87,557.58,85.0,850.0,935.0,85.0,200.04,251.59,301.77,253.16,-15.82,5.95,-14.32,24.19,875.0,875.0,875.0,875.0,510.91,377.45,492.32,44.93,1964.05,1955.0,1006.56,3500.0,1425.61,0.0,0.0,0.0,0.0,22.5,ECO_MAINTAIN,1.376
5,Opposing Thermal Zones,0,20,200.0,23,1,10,11,1,91.43,83.12,HEAVY,283.97,VERY HIGH,HEAVY LOAD,88.66,80.56,HEAVY,276.66,VERY HIGH,HEAVY LOAD,91.25,81.98,HEAVY,282.03,VERY HIGH,HEAVY LOAD,89.64,81.96,HEAVY,279.99,VERY HIGH,HEAVY LOAD,15.96,4.29,LIGHT,71.39,LOW,RUNNING,16.98,4.6,LIGHT,73.12,LOW,RUNNING,14.97,3.78,LIGHT,69.38,LOW,RUNNING,17.95,5.66,LIGHT,75.93,LOW,RUNNING,88.64,80.56,HEAVY,276.64,VERY HIGH,HEAVY LOAD,91.75,82.63,HEAVY,283.63,VERY HIGH,HEAVY LOAD,27.57,54.0,203.3,0.25,22.0,COOLING,0.25,22.0,COOLING,0.25,22.0,COOLING,0.25,22.0,COOLING,21.831,21.791,21.824,21.704,21.788,21.831,21.704,0.127,1122.65,144.51,145.31,560.27,85.0,850.0,935.0,85.0,199.86,251.48,301.64,253.2,-17.03,6.28,-15.53,26.28,875.0,875.0,875.0,875.0,515.48,377.27,491.42,49.75,1972.74,1955.0,1006.18,3500.0,1433.92,0.0,0.0,0.0,0.0,22.5,ECO_MAINTAIN,1.3502
5,Opposing Thermal Zones,0,21,210.0,23,1,10,11,1,91.57,83.25,HEAVY,284.34,VERY HIGH,HEAVY LOAD,88.83,80.59,HEAVY,276.92,VERY HIGH,HEAVY LOAD,91.29,81.89,HEAVY,281.95,VERY HIGH,HEAVY LOAD,89.52,81.83,HEAVY,279.64,VERY HIGH,HEAVY LOAD,15.83,4.22,LIGHT,71.12,LOW,RUNNING,16.92,4.61,LIGHT,73.07,LOW,RUNNING,15.05,3.86,LIGHT,69.6,LOW,RUNNING,18.09,5.74,LIGHT,76.22,LOW,RUNNING,88.73,80.5,HEAVY,276.66,VERY HIGH,HEAVY LOAD,91.67,82.5,HEAVY,283.34,VERY HIGH,HEAVY LOAD,27.57,54.0,203.5,0.25,22.0,COOLING,0.25,22.0,COOLING,0.25,22.0,COOLING,0.25,22.0,COOLING,21.841,21.799,21.834,21.705,21.795,21.841,21.705,0.136,1122.85,144.19,145.82,560.0,85.0,850.0,935.0,85.0,199.7,251.44,301.6,253.31,-18.47,6.73,-16.73,28.47,875.0,875.0,875.0,875.0,514.08,377.36,490.69,51.78,1972.86,1955.0,1006.05,3500.0,1433.91,0.0,0.0,0.0,0.0,22.5,ECO_MAINTAIN,1.3265
5,Opposing Thermal Zones,0,22,220.0,23,1,10,11,1,91.73,83.36,HEAVY,284.7,VERY HIGH,HEAVY LOAD,88.99,80.6,HEAVY,277.14,VERY HIGH,HEAVY LOAD,91.3,81.78,HEAVY,281.8,VERY HIGH,HEAVY LOAD,89.38,81.71,HEAVY,279.29,VERY HIGH,HEAVY LOAD,15.71,4.16,LIGHT,70.88,LOW,RUNNING,16.9,4.64,LIGHT,73.08,LOW,RUNNING,15.15,3.95,LIGHT,69.86,LOW,RUNNING,18.22,5.81,LIGHT,76.49,LOW,RUNNING,88.78,80.42,HEAVY,276.61,VERY HIGH,HEAVY LOAD,91.56,82.36,HEAVY,282.99,VERY HIGH,HEAVY LOAD,27.58,54.0,203.7,0.25,22.0,COOLING,0.25,22.0,COOLING,0.25,22.0,COOLING,0.25,22.0,COOLING,21.851,21.807,21.844,21.706,21.802,21.851,21.706,0.145,1122.93,143.96,146.35,559.6,85.0,850.0,935.0,85.0,199.78,251.6,301.78,253.62,-19.69,7.06,-17.94,30.56,875.0,875.0,875.0,875.0,513.02,377.62,490.19,53.78,1972.84,1955.0,1006.78,3500.0,1434.61,0.0,0.0,0.0,0.0,22.5,ECO_MAINTAIN,1.3035
5,Opposing Thermal Zones,0,23,230.0,23,1,10,11,1,91.9,83.46,HEAVY,285.06,VERY HIGH,HEAVY LOAD,89.12,80.57,HEAVY,277.25,VERY HIGH,HEAVY LOAD,91.26,81.66,HEAVY,281.56,VERY HIGH,HEAVY LOAD,89.21,81.6,HEAVY,278.91,VERY HIGH,HEAVY LOAD,15.6,4.12,LIGHT,70.68,LOW,RUNNING,16.91,4.69,LIGHT,73.17,LOW,RUNNING,15.26,4.04,LIGHT,70.14,LOW,RUNNING,18.34,5.86,LIGHT,76.72,LOW,RUNNING,88.8,80.31,HEAVY,276.47,VERY HIGH,HEAVY LOAD,91.42,82.24,HEAVY,282.63,VERY HIGH,HEAVY LOAD,27.58,54.0,203.8,0.25,22.0,COOLING,0.25,22.0,COOLING,0.25,22.0,COOLING,0.25,22.0,COOLING,21.861,21.815,21.854,21.707,21.809,21.861,21.707,0.154,1122.78,143.85,146.86,559.1,85.0,850.0,935.0,85.0,199.59,251.5,301.64,253.67,-20.89,7.4,-19.15,32.65,875.0,875.0,875.0,875.0,511.48,377.75,489.35,55.42,1972.59,1955.0,1006.4,3500.0,1434.0,0.0,0.0,0.0,0.0,22.5,ECO_MAINTAIN,1.2814
5,Opposing Thermal Zones,0,24,240.0,23,1,10,11,1,92.08,83.54,HEAVY,285.41,VERY HIGH,HEAVY LOAD,89.21,80.52,HEAVY,277.29,VERY HIGH,HEAVY LOAD,91.19,81.52,HEAVY,281.27,VERY HIGH,HEAVY LOAD,89.03,81.51,HEAVY,278.55,VERY HIGH,HEAVY LOAD,15.51,4.1,LIGHT,70.54,LOW,RUNNING,16.95,4.75,LIGHT,73.31,LOW,RUNNING,15.39,4.13,LIGHT,70.43,LOW,RUNNING,18.44,5.89,LIGHT,76.88,LOW,RUNNING,88.78,80.19,HEAVY,276.26,VERY HIGH,HEAVY LOAD,91.25,82.12,HEAVY,282.24,VERY HIGH,HEAVY LOAD,27.58,54.0,204.0,0.25,22.0,COOLING,0.25,22.0,COOLING,0.25,22.0,COOLING,0.25,22.0,COOLING,21.871,21.823,21.864,21.708,21.816,21.871,21.708,0.163,1122.52,143.85,147.31,558.5,85.0,850.0,935.0,85.0,199.46,251.45,301.61,253.77,-22.1,7.73,-20.35,34.73,875.0,875.0,875.0,875.0,509.88,378.03,488.57,57.0,1972.18,1955.0,1006.29,3500.0,1433.48,0.0,0.0,0.0,0.0,22.5,ECO_MAINTAIN,1.2602
5,Opposing Thermal Zones,0,25,250.0,23,1,10,11,1,92.26,83.58,HEAVY,285.7,VERY HIGH,HEAVY LOAD,89.28,80.44,HEAVY,277.26,VERY HIGH,HEAVY LOAD,91.08,81.39,HEAVY,280.94,VERY HIGH,HEAVY LOAD,88.85,81.44,HEAVY,278.22,VERY HIGH,HEAVY LOAD,15.44,4.1,LIGHT,70.45,LOW,RUNNING,17.01,4.82,LIGHT,73.49,LOW,RUNNING,15.53,4.21,LIGHT,70.73,LOW,RUNNING,18.52,5.9,LIGHT,77.0,LOW,RUNNING,88.71,80.06,HEAVY,275.98,VERY HIGH,HEAVY LOAD,91.08,82.03,HEAVY,281.89,VERY HIGH,HEAVY LOAD,27.59,54.0,204.2,0.25,22.0,COOLING,0.25,22.0,COOLING,0.25,22.0,COOLING,0.25,22.0,COOLING,21.881,21.831,21.874,21.709,21.824,21.881,21.709,0.172,1122.12,143.94,147.73,557.87,85.0,850.0,935.0,85.0,199.54,251.61,301.78,254.08,-23.31,8.06,-21.57,36.82,875.0,875.0,875.0,875.0,508.35,378.61,487.94,58.77,1971.66,1955.0,1007.01,3500.0,1433.67,0.0,0.0,0.0,0.0,22.5,ECO_MAINTAIN,1.2397
5,Opposing Thermal Zones,0,26,260.0,23,1,10,11,1,92.42,83.6,HEAVY,285.93,VERY HIGH,HEAVY LOAD,89.3,80.33,HEAVY,277.12,VERY HIGH,HEAVY LOAD,90.95,81.26,HEAVY,280.58,VERY HIGH,HEAVY LOAD,88.68,81.41,HEAVY,277.97,VERY HIGH,HEAVY LOAD,15.41,4.12,LIGHT,70.44,LOW,RUNNING,17.1,4.91,LIGHT,73.74,LOW,RUNNING,15.66,4.28,LIGHT,71.0,LOW,RUNNING,18.57,5.89,LIGHT,77.05,LOW,RUNNING,88.61,79.92,HEAVY,275.64,VERY HIGH,HEAVY LOAD,90.9,81.96,HEAVY,281.56,VERY HIGH,HEAVY LOAD,27.59,54.0,204.3,0.25,22.0,COOLING,0.25,22.0,COOLING,0.25,22.0,COOLING,0.25,22.0,COOLING,21.891,21.839,21.884,21.71,21.831,21.891,21.71,0.181,1121.6,144.18,148.05,557.2,85.0,850.0,935.0,85.0,199.35,251.51,301.65,254.13,-24.53,8.4,-22.77,38.9,875.0,875.0,875.0,875.0,506.42,379.09,486.93,60.23,1971.03,1955.0,1006.64,3500.0,1432.67,0.0,0.0,0.0,0.0,22.5,ECO_MAINTAIN,1.2202
5,Opposing Thermal Zones,0,27,270.0,23,1,10,11,1,92.56,83.59,HEAVY,286.09,VERY HIGH,HEAVY LOAD,89.28,80.21,HEAVY,276.92,VERY HIGH,HEAVY LOAD,90.79,81.14,HEAVY,280.2,VERY HIGH,HEAVY LOAD,88.53,81.4,HEAVY,277.76,VERY HIGH,HEAVY LOAD,15.4,4.16,LIGHT,70.49,LOW,RUNNING,17.21,5.0,LIGHT,74.01,LOW,RUNNING,15.78,4.33,LIGHT,71.22,LOW,RUNNING,18.6,5.86,LIGHT,77.04,LOW,RUNNING,88.48,79.79,HEAVY,275.29,VERY HIGH,HEAVY LOAD,90.73,81.91,HEAVY,281.28,VERY HIGH,HEAVY LOAD,27.59,54.0,204.5,0.25,22.0,COOLING,0.25,22.0,COOLING,0.25,22.0,COOLING,0.25,22.0,COOLING,21.901,21.847,21.894,21.711,21.838,21.901,21.711,0.19,1120.97,144.5,148.26,556.57,85.0,850.0,935.0,85.0,199.22,251.46,301.62,254.23,-25.73,8.74,-23.99,40.98,875.0,875.0,875.0,875.0,504.46,379.7,485.89,61.78,1970.3,1955.0,1006.53,3500.0,1431.83,0.0,0.0,0.0,0.0,22.5,ECO_MAINTAIN,1.2014
5,Opposing Thermal Zones,0,28,280.0,23,1,10,11,1,92.67,83.55,HEAVY,286.16,VERY HIGH,HEAVY LOAD,89.23,80.08,HEAVY,276.66,VERY HIGH,HEAVY LOAD,90.61,81.05,HEAVY,279.84,VERY HIGH,HEAVY LOAD,88.39,81.42,HEAVY,277.62,VERY HIGH,HEAVY LOAD,15.42,4.22,LIGHT,70.61,LOW,RUNNING,17.33,5.09,LIGHT,74.3,LOW,RUNNING,15.89,4.38,LIGHT,71.43,LOW,RUNNING,18.59,5.82,LIGHT,76.97,LOW,RUNNING,88.33,79.67,HEAVY,274.92,VERY HIGH,HEAVY LOAD,90.56,81.9,HEAVY,281.05,VERY HIGH,HEAVY LOAD,27.6,54.0,204.7,0.25,22.0,COOLING,0.25,22.0,COOLING,0.25,22.0,COOLING,0.25,22.0,COOLING,21.911,21.855,21.904,21.712,21.846,21.911,21.712,0.199,1120.28,144.91,148.4,555.97,85.0,850.0,935.0,85.0,199.29,251.63,301.79,254.55,-26.94,9.07,-25.19,43.07,875.0,875.0,875.0,875.0,502.63,380.61,485.0,63.59,1969.56,1955.0,1007.26,3500.0,1431.83,0.0,0.0,0.0,0.0,22.5,ECO_MAINTAIN,1.1833
5,Opposing Thermal Zones,0,29,290.0,23,1,10,11,1,92.75,83.48,HEAVY,286.16,VERY HIGH,HEAVY LOAD,89.14,79.95,HEAVY,276.35,VERY HIGH,HEAVY LOAD,90.43,80.97,HEAVY,279.49,VERY HIGH,HEAVY LOAD,88.29,81.48,HEAVY,277.58,VERY HIGH,HEAVY LOAD,15.48,4.29,LIGHT,70.78,LOW,RUNNING,17.46,5.17,LIGHT,74.58,LOW,RUNNING,15.98,4.4,LIGHT,71.57,LOW,RUNNING,18.56,5.76,LIGHT,76.84,LOW,RUNNING,88.16,79.57,HEAVY,274.55,VERY HIGH,HEAVY LOAD,90.43,81.92,HEAVY,280.92,VERY HIGH,HEAVY LOAD,27.6,54.0,204.8,0.25,22.0,COOLING,0.25,22.0,COOLING,0.25,22.0,COOLING,0.25,22.0,COOLING,21.921,21.863,21.914,21.713,21.853,21.921,21.713,0.208,1119.58,145.36,148.41,555.47,85.0,850.0,935.0,85.0,199.11,251.52,301.66,254.59,-28.16,9.41,-26.4,45.16,875.0,875.0,875.0,875.0,500.53,381.29,483.67,65.22,1968.82,1955.0,1006.88,3500.0,1430.71,0.0,0.0,0.0,0.0,22.5,ECO_MAINTAIN,1.1661
5,Opposing Thermal Zones,0,30,300.0,23,1,10,11,1,92.79,83.38,HEAVY,286.06,VERY HIGH,HEAVY LOAD,89.01,79.82,HEAVY,275.99,VERY HIGH,HEAVY LOAD,90.26,80.92,HEAVY,279.2,VERY HIGH,HEAVY LOAD,88.23,81.56,HEAVY,277.63,VERY HIGH,HEAVY LOAD,15.56,4.37,LIGHT,71.01,LOW,RUNNING,17.6,5.25,LIGHT,74.88,LOW,RUNNING,16.05,4.4,LIGHT,71.66,LOW,RUNNING,18.5,5.68,LIGHT,76.64,LOW,RUNNING,87.98,79.49,HEAVY,274.21,VERY HIGH,HEAVY LOAD,90.32,81.96,HEAVY,280.84,VERY HIGH,HEAVY LOAD,27.6,54.0,205.0,0.25,22.0,COOLING,0.25,22.0,COOLING,0.25,22.0,COOLING,0.25,22.0,COOLING,21.931,21.871,21.924,21.714,21.86,21.931,21.714,0.217,1118.88,145.89,148.3,555.05,85.0,850.0,935.0,85.0,198.98,251.47,301.63,254.69,-29.36,9.74,-27.62,47.24,875.0,875.0,875.0,875.0,498.5,382.1,482.31,66.98,1968.12,1955.0,1006.77,3500.0,1429.89,0.0,0.0,0.0,0.0,22.5,ECO_MAINTAIN,1.1497
5,Opposing Thermal Zones,0,31,310.0,23,1,10,11,1,92.8,83.27,HEAVY,285.9,VERY HIGH,HEAVY LOAD,88.86,79.7,HEAVY,275.62,VERY HIGH,HEAVY LOAD,90.09,80.9,HEAVY,278.96,VERY HIGH,HEAVY LOAD,88.2,81.66,HEAVY,277.74,VERY HIGH,HEAVY LOAD,15.66,4.46,LIGHT,71.27,LOW,RUNNING,17.73,5.31,LIGHT,75.13,LOW,RUNNING,16.09,4.38,LIGHT,71.68,LOW,RUNNING,18.41,5.6,LIGHT,76.41,LOW,RUNNING,87.8,79.43,HEAVY,273.9,VERY HIGH,HEAVY LOAD,90.24,82.03,HEAVY,280.85,VERY HIGH,HEAVY LOAD,27.61,54.0,205.2,0.25,22.0,COOLING,0.25,22.0,COOLING,0.25,22.0,COOLING,0.25,22.0,COOLING,21.941,21.879,21.934,21.715,21.867,21.941,21.715,0.226,1118.22,146.4,148.09,554.75,85.0,850.0,935.0,85.0,199.05,251.64,301.8,255.01,-30.58,10.08,-28.83,49.33,875.0,875.0,875.0,875.0,496.69,383.12,481.06,69.09,1967.46,1955.0,1007.5,3500.0,1429.96,0.0,0.0,0.0,0.0,22.5,ECO_MAINTAIN,1.134
5,Opposing Thermal Zones,0,32,320.0,23,1,10,11,1,92.76,83.14,HEAVY,285.66,VERY HIGH,HEAVY LOAD,88.69,79.59,HEAVY,275.25,VERY HIGH,HEAVY LOAD,89.95,80.91,HEAVY,278.8,VERY HIGH,HEAVY LOAD,88.21,81.77,HEAVY,277.92,VERY HIGH,HEAVY LOAD,15.77,4.55,LIGHT,71.54,LOW,RUNNING,17.85,5.36,LIGHT,75.35,LOW,RUNNING,16.1,4.34,LIGHT,71.64,LOW,RUNNING,18.3,5.51,LIGHT,76.14,LOW,RUNNING,87.64,79.4,HEAVY,273.65,VERY HIGH,HEAVY LOAD,90.2,82.13,HEAVY,280.94,VERY HIGH,HEAVY LOAD,27.61,54.0,205.3,0.25,22.0,COOLING,0.25,22.0,COOLING,0.25,22.0,COOLING,0.25,22.0,COOLING,21.951,21.887,21.944,21.716,21.875,21.951,21.716,0.235,1117.63,146.89,147.78,554.59,85.0,850.0,935.0,85.0,198.87,251.53,301.67,255.05,-31.78,10.41,-30.04,51.41,875.0,875.0,875.0,875.0,494.72,383.83,479.41,71.05,1966.89,1955.0,1007.12,3500.0,1429.01,0.0,0.0,0.0,0.0,22.5,ECO_MAINTAIN,1.1192
5,Opposing Thermal Zones,0,33,330.0,23,1,10,11,1,92.68,83.01,HEAVY,285.37,VERY HIGH,HEAVY LOAD,88.52,79.5,HEAVY,274.9,VERY HIGH,HEAVY LOAD,89.84,80.95,HEAVY,278.73,VERY HIGH,HEAVY LOAD,88.27,81.9,HEAVY,278.19,VERY HIGH,HEAVY LOAD,15.9,4.63,LIGHT,71.82,LOW,RUNNING,17.95,5.39,LIGHT,75.52,LOW,RUNNING,16.08,4.29,LIGHT,71.53,LOW,RUNNING,18.18,5.42,LIGHT,75.85,LOW,RUNNING,87.49,79.4,HEAVY,273.46,VERY HIGH,HEAVY LOAD,90.21,82.24,HEAVY,281.12,VERY HIGH,HEAVY LOAD,27.61,54.0,205.5,0.25,22.0,COOLING,0.25,22.0,COOLING,0.25,22.0,COOLING,0.25,22.0,COOLING,21.961,21.895,21.954,21.717,21.882,21.961,21.717,0.244,1117.19,147.34,147.38,554.58,85.0,850.0,935.0,85.0,198.73,251.48,301.63,255.16,-32.99,10.74,-31.24,53.49,875.0,875.0,875.0,875.0,492.93,384.56,477.77,73.23,1966.49,1955.0,1007.0,3500.0,1428.49,0.0,0.0,0.0,0.0,22.5,ECO_MAINTAIN,1.1052
5,Opposing Thermal Zones,0,34,340.0,23,1,10,11,1,92.57,82.88,HEAVY,285.03,VERY HIGH,HEAVY LOAD,88.34,79.44,HEAVY,274.59,VERY HIGH,HEAVY LOAD,89.75,81.02,HEAVY,278.72,VERY HIGH,HEAVY LOAD,88.36,82.04,HEAVY,278.51,VERY HIGH,HEAVY LOAD,16.04,4.71,LIGHT,72.11,LOW,RUNNING,18.02,5.4,LIGHT,75.62,LOW,RUNNING,16.03,4.22,LIGHT,71.37,LOW,RUNNING,18.05,5.34,LIGHT,75.57,LOW,RUNNING,87.36,79.44,HEAVY,273.36,VERY HIGH,HEAVY LOAD,90.25,82.37,HEAVY,281.37,VERY HIGH,HEAVY LOAD,27.62,54.0,205.7,0.25,22.0,COOLING,0.25,22.0,COOLING,0.25,22.0,COOLING,0.25,22.0,COOLING,21.971,21.903,21.964,21.719,21.889,21.971,21.719,0.252,1116.85,147.73,146.94,554.73,85.0,850.0,935.0,85.0,198.81,251.65,301.81,255.47,-34.2,11.08,-32.46,55.58,875.0,875.0,875.0,875.0,491.46,385.46,476.29,75.78,1966.25,1955.0,1007.74,3500.0,1428.99,0.0,0.0,0.0,0.0,22.5,ECO_MAINTAIN,1.0893
5,Opposing Thermal Zones,0,35,350.0,23,1,10,11,1,92.43,82.75,HEAVY,284.66,VERY HIGH,HEAVY LOAD,88.17,79.41,HEAVY,274.33,VERY HIGH,HEAVY LOAD,89.71,81.11,HEAVY,278.8,VERY HIGH,HEAVY LOAD,88.48,82.17,HEAVY,278.86,VERY HIGH,HEAVY LOAD,16.17,4.78,LIGHT,72.38,LOW,RUNNING,18.08,5.39,LIGHT,75.68,LOW,RUNNING,15.95,4.14,LIGHT,71.15,LOW,RUNNING,17.91,5.26,LIGHT,75.28,LOW,RUNNING,87.27,79.5,HEAVY,273.34,VERY HIGH,HEAVY LOAD,90.33,82.5,HEAVY,281.66,VERY HIGH,HEAVY LOAD,27.62,54.0,205.8,0.25,22.0,COOLING,0.25,22.0,COOLING,0.25,22.0,COOLING,0.25,22.0,COOLING,21.981,21.911,21.974,21.721,21.897,21.981,21.721,0.26,1116.65,148.06,146.43,555.0,85.0,850.0,935.0,85.0,198.62,251.54,301.67,255.49,-35.31,11.43,-33.55,57.43,875.0,875.0,875.0,875.0,489.96,386.03,474.55,77.92,1966.14,1955.0,1007.32,3500.0,1428.46,0.0,0.0,0.0,0.0,22.5,ECO_MAINTAIN,1.0743
5,Opposing Thermal Zones,0,36,360.0,23,1,10,11,1,92.27,82.64,HEAVY,284.3,VERY HIGH,HEAVY LOAD,88.01,79.4,HEAVY,274.11,VERY HIGH,HEAVY LOAD,89.7,81.22,HEAVY,278.95,VERY HIGH,HEAVY LOAD,88.62,82.29,HEAVY,279.21,VERY HIGH,HEAVY LOAD,16.29,4.84,LIGHT,72.62,LOW,RUNNING,18.1,5.36,LIGHT,75.67,LOW,RUNNING,15.85,4.05,LIGHT,70.89,LOW,RUNNING,17.78,5.19,LIGHT,75.01,LOW,RUNNING,87.22,79.58,HEAVY,273.39,VERY HIGH,HEAVY LOAD,90.44,82.64,HEAVY,282.01,VERY HIGH,HEAVY LOAD,27.62,54.0,206.0,0.25,22.0,COOLING,0.25,22.0,COOLING,0.25,22.0,COOLING,0.25,22.0,COOLING,21.991,21.919,21.984,21.723,21.904,21.991,21.723,0.268,1116.57,148.29,145.9,555.4,85.0,850.0,935.0,85.0,198.49,251.49,301.64,255.58,-36.41,11.78,-34.65,59.28,875.0,875.0,875.0,875.0,488.65,386.56,472.89,80.26,1966.16,1955.0,1007.2,3500.0,1428.36,0.0,0.0,0.0,0.0,22.5,ECO_MAINTAIN,1.06
5,Opposing Thermal Zones,0,37,370.0,23,1,10,11,1,92.1,82.54,HEAVY,283.94,VERY HIGH,HEAVY LOAD,87.88,79.43,HEAVY,274.0,VERY HIGH,HEAVY LOAD,89.74,81.34,HEAVY,279.19,VERY HIGH,HEAVY LOAD,88.79,82.4,HEAVY,279.59,VERY HIGH,HEAVY LOAD,16.4,4.88,LIGHT,72.82,LOW,RUNNING,18.09,5.31,LIGHT,75.58,LOW,RUNNING,15.74,3.96,LIGHT,70.61,LOW,RUNNING,17.66,5.14,LIGHT,74.78,LOW,RUNNING,87.2,79.69,HEAVY,273.53,VERY HIGH,HEAVY LOAD,90.58,82.76,HEAVY,282.37,VERY HIGH,HEAVY LOAD,27.63,54.0,206.2,0.25,22.0,COOLING,0.25,22.0,COOLING,0.25,22.0,COOLING,0.25,22.0,COOLING,22.001,21.927,21.994,21.725,21.912,22.001,21.725,0.276,1116.72,148.4,145.39,555.9,85.0,850.0,935.0,85.0,198.57,251.67,301.81,255.88,-37.5,12.13,-35.76,61.13,875.0,875.0,875.0,875.0,487.79,387.2,471.44,82.91,1966.41,1955.0,1007.93,3500.0,1429.34,0.0,0.0,0.0,0.0,22.5,ECO_MAINTAIN,1.0464
5,Opposing Thermal Zones,0,38,380.0,23,1,10,11,1,91.92,82.46,HEAVY,283.59,VERY HIGH,HEAVY LOAD,87.79,79.48,HEAVY,273.96,VERY HIGH,HEAVY LOAD,89.81,81.48,HEAVY,279.48,VERY HIGH,HEAVY LOAD,88.97,82.49,HEAVY,279.95,VERY HIGH,HEAVY LOAD,16.49,4.9,LIGHT,72.96,LOW,RUNNING,18.05,5.25,LIGHT,75.44,LOW,RUNNING,15.61,3.87,LIGHT,70.32,LOW,RUNNING,17.56,5.11,LIGHT,74.61,LOW,RUNNING,87.22,79.81,HEAVY,273.74,VERY HIGH,HEAVY LOAD,90.75,82.88,HEAVY,282.76,VERY HIGH,HEAVY LOAD,27.63,54.0,206.3,0.25,22.0,COOLING,0.25,22.0,COOLING,0.25,22.0,COOLING,0.25,22.0,COOLING,22.011,21.935,22.004,21.727,21.919,22.011,21.727,0.284,1116.98,148.4,144.93,556.5,85.0,850.0,935.0,85.0,198.38,251.55,301.68,255.9,-38.61,12.48,-36.85,62.98,875.0,875.0,875.0,875.0,486.75,387.43,469.76,85.38,1966.81,1955.0,1007.51,3500.0,1429.32,0.0,0.0,0.0,0.0,22.5,ECO_MAINTAIN,1.0337
5,Opposing Thermal Zones,0,39,390.0,23,1,10,11,1,91.74,82.42,HEAVY,283.31,VERY HIGH,HEAVY LOAD,87.72,79.56,HEAVY,273.99,VERY HIGH,HEAVY LOAD,89.92,81.61,HEAVY,279.81,VERY HIGH,HEAVY LOAD,89.15,82.56,HEAVY,280.28,VERY HIGH,HEAVY LOAD,16.56,4.9,LIGHT,73.05,LOW,RUNNING,17.99,5.18,LIGHT,75.26,LOW,RUNNING,15.47,3.79,LIGHT,70.02,LOW,RUNNING,17.48,5.1,LIGHT,74.5,LOW,RUNNING,87.29,79.94,HEAVY,274.02,VERY HIGH,HEAVY LOAD,90.92,82.97,HEAVY,283.11,VERY HIGH,HEAVY LOAD,27.64,54.0,206.5,0.25,22.0,COOLING,0.25,22.0,COOLING,0.25,22.0,COOLING,0.25,22.0,COOLING,22.021,21.943,22.014,21.729,21.927,22.021,21.729,0.292,1117.39,148.31,144.52,557.13,85.0,850.0,935.0,85.0,198.46,251.72,301.86,256.19,-39.7,12.83,-37.96,64.83,875.0,875.0,875.0,875.0,486.15,387.86,468.42,88.15,1967.35,1955.0,1008.23,3500.0,1430.58,0.0,0.0,0.0,0.0,22.5,ECO_MAINTAIN,1.0215
5,Opposing Thermal Zones,0,40,400.0,23,1,10,11,1,91.58,82.4,HEAVY,283.07,VERY HIGH,HEAVY LOAD,87.7,79.67,HEAVY,274.13,VERY HIGH,HEAVY LOAD,90.05,81.74,HEAVY,280.17,VERY HIGH,HEAVY LOAD,89.32,82.59,HEAVY,280.53,VERY HIGH,HEAVY LOAD,16.59,4.88,LIGHT,73.06,LOW,RUNNING,17.9,5.09,LIGHT,75.01,LOW,RUNNING,15.34,3.72,LIGHT,69.75,LOW,RUNNING,17.43,5.11,LIGHT,74.45,LOW,RUNNING,87.39,80.08,HEAVY,274.36,VERY HIGH,HEAVY LOAD,91.1,83.04,HEAVY,283.44,VERY HIGH,HEAVY LOAD,27.64,54.0,206.7,0.25,22.0,COOLING,0.25,22.0,COOLING,0.25,22.0,COOLING,0.25,22.0,COOLING,22.031,21.951,22.024,21.731,21.934,22.031,21.731,0.3,1117.9,148.07,144.2,557.8,85.0,850.0,935.0,85.0,198.32,251.68,301.82,256.28,-40.81,13.18,-39.05,66.68,875.0,875.0,875.0,875.0,485.41,387.93,466.97,90.76,1967.97,1955.0,1008.1,3500.0,1431.07,0.0,0.0,0.0,0.0,22.5,ECO_MAINTAIN,1.0103
5,Opposing Thermal Zones,0,41,410.0,23,1,10,11,1,91.44,82.41,HEAVY,282.92,VERY HIGH,HEAVY LOAD,87.72,79.79,HEAVY,274.33,VERY HIGH,HEAVY LOAD,90.21,81.86,HEAVY,280.55,VERY HIGH,HEAVY LOAD,89.47,82.6,HEAVY,280.74,VERY HIGH,HEAVY LOAD,16.6,4.84,LIGHT,73.01,LOW,RUNNING,17.79,5.0,LIGHT,74.74,LOW,RUNNING,15.22,3.67,LIGHT,69.53,LOW,RUNNING,17.4,5.14,LIGHT,74.46,LOW,RUNNING,87.52,80.21,HEAVY,274.71,VERY HIGH,HEAVY LOAD,91.27,83.09,HEAVY,283.72,VERY HIGH,HEAVY LOAD,27.64,54.0,206.8,0.25,22.0,COOLING,0.25,22.0,COOLING,0.25,22.0,COOLING,0.25,22.0,COOLING,22.041,21.959,22.033,21.733,21.942,22.041,21.733,0.308,1118.54,147.75,143.99,558.43,85.0,850.0,935.0,85.0,198.14,251.56,301.69,256.29,-41.9,13.53,-40.15,68.53,875.0,875.0,875.0,875.0,484.78,387.84,465.53,93.25,1968.71,1955.0,1007.68,3500.0,1431.4,0.0,0.0,0.0,0.0,22.5,ECO_MAINTAIN,1.0005
5,Opposing Thermal Zones,0,42,420.0,23,1,10,11,1,91.33,82.45,HEAVY,282.84,VERY HIGH,HEAVY LOAD,87.77,79.92,HEAVY,274.59,VERY HIGH,HEAVY LOAD,90.39,81.95,HEAVY,280.91,VERY HIGH,HEAVY LOAD,89.61,82.58,HEAVY,280.88,VERY HIGH,HEAVY LOAD,16.58,4.78,LIGHT,72.89,LOW,RUNNING,17.67,4.91,LIGHT,74.45,LOW,RUNNING,15.11,3.62,LIGHT,69.32,LOW,RUNNING,17.41,5.18,LIGHT,74.53,LOW,RUNNING,87.67,80.33,HEAVY,275.08,VERY HIGH,HEAVY LOAD,91.44,83.1,HEAVY,283.95,VERY HIGH,HEAVY LOAD,27.65,54.0,207.0,0.25,22.0,COOLING,0.25,22.0,COOLING,0.25,22.0,COOLING,0.25,22.0,COOLING,22.051,21.967,22.042,21.735,21.949,22.051,21.735,0.316,1119.22,147.34,143.85,559.03,85.0,850.0,935.0,85.0,198.21,251.74,301.89,256.6,-43.02,13.77,-41.02,70.27,875.0,875.0,875.0,875.0,484.41,387.85,464.72,95.9,1969.44,1955.0,1008.44,3500.0,1432.88,0.0,0.0,0.0,0.0,22.5,ECO_MAINTAIN,0.9913
5,Opposing Thermal Zones,0,43,430.0,23,1,10,11,1,91.25,82.52,HEAVY,282.84,VERY HIGH,HEAVY LOAD,87.86,80.05,HEAVY,274.9,VERY HIGH,HEAVY LOAD,90.57,82.03,HEAVY,281.26,VERY HIGH,HEAVY LOAD,89.71,82.52,HEAVY,280.92,VERY HIGH,HEAVY LOAD,16.52,4.71,LIGHT,72.72,LOW,RUNNING,17.54,4.83,LIGHT,74.17,LOW,RUNNING,15.02,3.6,LIGHT,69.17,LOW,RUNNING,17.44,5.24,LIGHT,74.66,LOW,RUNNING,87.84,80.43,HEAVY,275.44,VERY HIGH,HEAVY LOAD,91.57,83.08,HEAVY,284.08,VERY HIGH,HEAVY LOAD,27.65,54.0,207.2,0.25,22.0,COOLING,0.25,22.0,COOLING,0.25,22.0,COOLING,0.25,22.0,COOLING,22.061,21.975,22.051,21.737,21.956,22.061,21.737,0.324,1119.92,146.89,143.83,559.52,85.0,850.0,935.0,85.0,198.08,251.68,301.87,256.67,-44.13,14.01,-41.89,72.01,875.0,875.0,875.0,875.0,483.87,387.58,463.81,98.2,1970.16,1955.0,1008.3,3500.0,1433.46,0.0,0.0,0.0,0.0,22.5,ECO_MAINTAIN,0.983
5,Opposing Thermal Zones,0,44,440.0,23,1,10,11,1,91.21,82.62,HEAVY,282.94,VERY HIGH,HEAVY LOAD,87.99,80.18,HEAVY,275.26,VERY HIGH,HEAVY LOAD,90.74,82.08,HEAVY,281.55,VERY HIGH,HEAVY LOAD,89.77,82.44,HEAVY,280.87,VERY HIGH,HEAVY LOAD,16.44,4.63,LIGHT,72.5,LOW,RUNNING,17.4,4.75,LIGHT,73.88,LOW,RUNNING,14.95,3.6,LIGHT,69.09,LOW,RUNNING,17.5,5.32,LIGHT,74.86,LOW,RUNNING,88.02,80.51,HEAVY,275.79,VERY HIGH,HEAVY LOAD,91.68,83.04,HEAVY,284.16,VERY HIGH,HEAVY LOAD,27.65,54.0,207.3,0.25,22.0,COOLING,0.25,22.0,COOLING,0.25,22.0,COOLING,0.25,22.0,COOLING,22.071,21.983,22.06,21.739,21.963,22.071,21.739,0.332,1120.62,146.38,143.95,559.95,85.0,850.0,935.0,85.0,197.9,251.57,301.77,256.69,-45.25,14.25,-42.75,73.75,875.0,875.0,875.0,875.0,483.27,387.2,462.97,100.39,1970.9,1955.0,1007.93,3500.0,1433.83,0.0,0.0,0.0,0.0,22.5,ECO_MAINTAIN,0.9754
5,Opposing Thermal Zones,0,45,450.0,23,1,10,11,1,91.2,82.73,HEAVY,283.1,VERY HIGH,HEAVY LOAD,88.14,80.3,HEAVY,275.62,VERY HIGH,HEAVY LOAD,90.91,82.1,HEAVY,281.79,VERY HIGH,HEAVY LOAD,89.8,82.34,HEAVY,280.76,VERY HIGH,HEAVY LOAD,16.34,4.54,LIGHT,72.23,LOW,RUNNING,17.27,4.69,LIGHT,73.62,LOW,RUNNING,14.91,3.62,LIGHT,69.07,LOW,RUNNING,17.59,5.4,LIGHT,75.09,LOW,RUNNING,88.2,80.57,HEAVY,276.11,VERY HIGH,HEAVY LOAD,91.76,82.97,HEAVY,284.16,VERY HIGH,HEAVY LOAD,27.66,54.0,207.5,0.25,22.0,COOLING,0.25,22.0,COOLING,0.25,22.0,COOLING,0.25,22.0,COOLING,22.081,21.991,22.069,21.741,21.971,22.081,21.741,0.34,1121.27,145.85,144.16,560.27,85.0,850.0,935.0,85.0,197.97,251.75,301.96,256.99,-46.37,14.49,-43.61,75.49,875.0,875.0,875.0,875.0,482.87,387.09,462.51,102.75,1971.55,1955.0,1008.67,3500.0,1435.22,0.0,0.0,0.0,0.0,22.5,ECO_MAINTAIN,0.9685
5,Opposing Thermal Zones,0,46,460.0,23,1,10,11,1,91.24,82.86,HEAVY,283.34,VERY HIGH,HEAVY LOAD,88.31,80.41,HEAVY,276.0,VERY HIGH,HEAVY LOAD,91.05,82.09,HEAVY,281.95,VERY HIGH,HEAVY LOAD,89.79,82.23,HEAVY,280.58,VERY HIGH,HEAVY LOAD,16.23,4.45,LIGHT,71.96,LOW,RUNNING,17.15,4.64,LIGHT,73.4,LOW,RUNNING,14.9,3.66,LIGHT,69.11,LOW,RUNNING,17.7,5.49,LIGHT,75.36,LOW,RUNNING,88.36,80.6,HEAVY,276.35,VERY HIGH,HEAVY LOAD,91.8,82.87,HEAVY,284.06,VERY HIGH,HEAVY LOAD,27.66,54.0,207.7,0.25,22.0,COOLING,0.25,22.0,COOLING,0.25,22.0,COOLING,0.25,22.0,COOLING,22.091,21.999,22.078,21.743,21.978,22.091,21.743,0.348,1121.87,145.36,144.47,560.41,85.0,850.0,935.0,85.0,197.84,251.69,301.95,257.07,-47.48,14.73,-44.48,77.23,875.0,875.0,875.0,875.0,482.23,386.78,461.94,104.71,1972.11,1955.0,1008.55,3500.0,1435.66,0.005,0.0,0.0,0.0,22.5,ECO_MAINTAIN,0.9624
5,Opposing Thermal Zones,0,47,470.0,23,1,10,11,1,91.32,82.99,HEAVY,283.63,VERY HIGH,HEAVY LOAD,88.48,80.5,HEAVY,276.35,VERY HIGH,HEAVY LOAD,91.16,82.05,HEAVY,282.02,VERY HIGH,HEAVY LOAD,89.73,82.1,HEAVY,280.31,VERY HIGH,HEAVY LOAD,16.1,4.37,LIGHT,71.68,LOW,RUNNING,17.05,4.61,LIGHT,73.23,LOW,RUNNING,14.92,3.71,LIGHT,69.22,LOW,RUNNING,17.82,5.58,LIGHT,75.65,LOW,RUNNING,88.51,80.6,HEAVY,276.54,VERY HIGH,HEAVY LOAD,91.79,82.76,HEAVY,283.88,VERY HIGH,HEAVY LOAD,27.66,54.0,207.8,0.25,22.0,COOLING,0.25,22.0,COOLING,0.25,22.0,COOLING,0.25,22.0,COOLING,22.101,22.007,22.087,21.745,21.985,22.101,21.745,0.356,1122.31,144.91,144.87,560.42,85.0,850.0,935.0,85.0,197.65,251.59,301.83,257.1,-48.6,14.97,-45.35,78.97,875.0,875.0,875.0,875.0,481.36,386.47,461.35,106.49,1972.51,1955.0,1008.17,3500.0,1435.67,0.02,0.0,0.0,0.0,22.5,ECO_MAINTAIN,0.957
5,Opposing Thermal Zones,0,48,480.0,23,1,10,11,1,91.43,83.12,HEAVY,283.97,VERY HIGH,HEAVY LOAD,88.66,80.56,HEAVY,276.66,VERY HIGH,HEAVY LOAD,91.25,81.98,HEAVY,282.03,VERY HIGH,HEAVY LOAD,89.64,81.96,HEAVY,279.99,VERY HIGH,HEAVY LOAD,15.96,4.29,LIGHT,71.39,LOW,RUNNING,16.98,4.6,LIGHT,73.12,LOW,RUNNING,14.97,3.78,LIGHT,69.38,LOW,RUNNING,17.95,5.66,LIGHT,75.93,LOW,RUNNING,88.64,80.56,HEAVY,276.64,VERY HIGH,HEAVY LOAD,91.75,82.63,HEAVY,283.63,VERY HIGH,HEAVY LOAD,27.67,54.0,208.0,0.25,22.0,COOLING,0.25,22.0,COOLING,0.25,22.0,COOLING,0.25,22.0,COOLING,22.111,22.015,22.096,21.747,21.992,22.111,21.747,0.364,1122.65,144.51,145.31,560.27,85.0,850.0,935.0,85.0,197.73,251.75,302.03,257.39,-49.71,15.21,-46.21,80.71,875.0,875.0,875.0,875.0,480.67,386.47,461.13,108.37,1972.74,1955.0,1008.9,3500.0,1436.64,0.035,0.0,0.0,0.0,22.5,ECO_MAINTAIN,0.952
5,Opposing Thermal Zones,0,49,490.0,23,1,10,11,1,91.57,83.25,HEAVY,284.34,VERY HIGH,HEAVY LOAD,88.83,80.59,HEAVY,276.92,VERY HIGH,HEAVY LOAD,91.29,81.89,HEAVY,281.95,VERY HIGH,HEAVY LOAD,89.52,81.83,HEAVY,279.64,VERY HIGH,HEAVY LOAD,15.83,4.22,LIGHT,71.12,LOW,RUNNING,16.92,4.61,LIGHT,73.07,LOW,RUNNING,15.05,3.86,LIGHT,69.6,LOW,RUNNING,18.09,5.74,LIGHT,76.22,LOW,RUNNING,88.73,80.5,HEAVY,276.66,VERY HIGH,HEAVY LOAD,91.67,82.5,HEAVY,283.34,VERY HIGH,HEAVY LOAD,27.67,54.0,208.2,0.25,22.0,COOLING,0.25,22.0,COOLING,0.25,22.0,COOLING,0.25,22.0,COOLING,22.121,22.023,22.105,21.749,21.999,22.121,21.749,0.372,1122.85,144.19,145.82,560.0,85.0,850.0,935.0,85.0,197.6,251.7,302.01,257.46,-50.83,15.45,-47.07,82.45,875.0,875.0,875.0,875.0,479.62,386.34,460.76,109.91,1972.86,1955.0,1008.77,3500.0,1436.63,0.049,0.0,0.0,0.0,22.5,ECO_MAINTAIN,0.9477
5,Opposing Thermal Zones,0,50,500.0,23,1,10,11,1,91.73,83.36,HEAVY,284.7,VERY HIGH,HEAVY LOAD,88.99,80.6,HEAVY,277.14,VERY HIGH,HEAVY LOAD,91.3,81.78,HEAVY,281.8,VERY HIGH,HEAVY LOAD,89.38,81.71,HEAVY,279.29,VERY HIGH,HEAVY LOAD,15.71,4.16,LIGHT,70.88,LOW,RUNNING,16.9,4.64,LIGHT,73.08,LOW,RUNNING,15.15,3.95,LIGHT,69.86,LOW,RUNNING,18.22,5.81,LIGHT,76.49,LOW,RUNNING,88.78,80.42,HEAVY,276.61,VERY HIGH,HEAVY LOAD,91.56,82.36,HEAVY,282.99,VERY HIGH,HEAVY LOAD,27.67,54.0,208.3,0.25,22.0,COOLING,0.25,22.0,COOLING,0.25,22.0,COOLING,0.25,22.0,COOLING,22.131,22.031,22.114,21.751,22.007,22.131,21.751,0.38,1122.93,143.96,146.35,559.6,85.0,850.0,935.0,85.0,197.41,251.6,301.91,257.49,-51.94,15.69,-47.94,84.19,875.0,875.0,875.0,875.0,478.4,386.25,460.32,111.28,1972.84,1955.0,1008.41,3500.0,1436.25,0.063,0.0,0.0,0.0,22.5,ECO_MAINTAIN,0.9439
5,Opposing Thermal Zones,0,51,510.0,23,1,10,11,1,91.9,83.46,HEAVY,285.06,VERY HIGH,HEAVY LOAD,89.12,80.57,HEAVY,277.25,VERY HIGH,HEAVY LOAD,91.26,81.66,HEAVY,281.56,VERY HIGH,HEAVY LOAD,89.21,81.6,HEAVY,278.91,VERY HIGH,HEAVY LOAD,15.6,4.12,LIGHT,70.68,LOW,RUNNING,16.91,4.69,LIGHT,73.17,LOW,RUNNING,15.26,4.04,LIGHT,70.14,LOW,RUNNING,18.34,5.86,LIGHT,76.72,LOW,RUNNING,88.8,80.31,HEAVY,276.47,VERY HIGH,HEAVY LOAD,91.42,82.24,HEAVY,282.63,VERY HIGH,HEAVY LOAD,27.68,54.0,208.5,0.25,22.0,COOLING,0.25,22.0,COOLING,0.25,22.0,COOLING,0.25,22.0,COOLING,22.141,22.039,22.123,21.753,22.014,22.141,21.753,0.388,1122.78,143.85,146.86,559.1,85.0,850.0,935.0,85.0,197.49,251.76,302.11,257.78,-53.06,15.93,-48.81,85.93,875.0,875.0,875.0,875.0,477.21,386.54,460.16,112.81,1972.59,1955.0,1009.14,3500.0,1436.72,0.078,0.0,0.0,0.0,22.5,ECO_MAINTAIN,0.9406
5,Opposing Thermal Zones,0,52,520.0,23,1,10,11,1,92.08,83.54,HEAVY,285.41,VERY HIGH,HEAVY LOAD,89.21,80.52,HEAVY,277.29,VERY HIGH,HEAVY LOAD,91.19,81.52,HEAVY,281.27,VERY HIGH,HEAVY LOAD,89.03,81.51,HEAVY,278.55,VERY HIGH,HEAVY LOAD,15.51,4.1,LIGHT,70.54,LOW,RUNNING,16.95,4.75,LIGHT,73.31,LOW,RUNNING,15.39,4.13,LIGHT,70.43,LOW,RUNNING,18.44,5.89,LIGHT,76.88,LOW,RUNNING,88.78,80.19,HEAVY,276.26,VERY HIGH,HEAVY LOAD,91.25,82.12,HEAVY,282.24,VERY HIGH,HEAVY LOAD,27.68,54.0,208.7,0.25,22.0,COOLING,0.25,22.0,COOLING,0.25,22.0,COOLING,0.25,22.0,COOLING,22.151,22.047,22.132,21.755,22.021,22.151,21.755,0.396,1122.52,143.85,147.31,558.5,85.0,850.0,935.0,85.0,197.35,251.72,302.09,257.87,-54.17,16.17,-49.67,87.67,875.0,875.0,875.0,875.0,475.7,386.74,459.73,114.04,1972.18,1955.0,1009.03,3500.0,1436.21,0.093,0.0,0.0,0.0,22.5,ECO_MAINTAIN,0.9379
5,Opposing Thermal Zones,0,53,530.0,23,1,10,11,1,92.26,83.58,HEAVY,285.7,VERY HIGH,HEAVY LOAD,89.28,80.44,HEAVY,277.26,VERY HIGH,HEAVY LOAD,91.08,81.39,HEAVY,280.94,VERY HIGH,HEAVY LOAD,88.85,81.44,HEAVY,278.22,VERY HIGH,HEAVY LOAD,15.44,4.1,LIGHT,70.45,LOW,RUNNING,17.01,4.82,LIGHT,73.49,LOW,RUNNING,15.53,4.21,LIGHT,70.73,LOW,RUNNING,18.52,5.9,LIGHT,77.0,LOW,RUNNING,88.71,80.06,HEAVY,275.98,VERY HIGH,HEAVY LOAD,91.08,82.03,HEAVY,281.89,VERY HIGH,HEAVY LOAD,27.68,54.0,208.8,0.25,22.0,COOLING,0.25,22.0,COOLING,0.25,22.0,COOLING,0.25,22.0,COOLING,22.161,22.055,22.141,21.757,22.029,22.161,21.757,0.404,1122.12,143.94,147.73,557.87,85.0,850.0,935.0,85.0,197.17,251.61,301.98,257.89,-55.28,16.41,-50.54,89.41,875.0,875.0,875.0,875.0,474.01,386.96,459.17,115.17,1971.66,1955.0,1008.65,3500.0,1435.31,0.107,0.0,0.0,0.0,22.5,ECO_MAINTAIN,0.9358
5,Opposing Thermal Zones,0,54,540.0,23,1,10,11,1,92.42,83.6,HEAVY,285.93,VERY HIGH,HEAVY LOAD,89.3,80.33,HEAVY,277.12,VERY HIGH,HEAVY LOAD,90.95,81.26,HEAVY,280.58,VERY HIGH,HEAVY LOAD,88.68,81.41,HEAVY,277.97,VERY HIGH,HEAVY LOAD,15.41,4.12,LIGHT,70.44,LOW,RUNNING,17.1,4.91,LIGHT,73.74,LOW,RUNNING,15.66,4.28,LIGHT,71.0,LOW,RUNNING,18.57,5.89,LIGHT,77.05,LOW,RUNNING,88.61,79.92,HEAVY,275.64,VERY HIGH,HEAVY LOAD,90.9,81.96,HEAVY,281.56,VERY HIGH,HEAVY LOAD,27.69,54.0,209.0,0.25,22.0,COOLING,0.25,22.0,COOLING,0.25,22.0,COOLING,0.25,22.0,COOLING,22.171,22.063,22.15,21.759,22.036,22.171,21.759,0.412,1121.6,144.18,148.05,557.2,85.0,850.0,935.0,85.0,197.25,251.77,302.18,258.18,-56.4,16.65,-51.4,91.15,875.0,875.0,875.0,875.0,472.45,387.6,458.83,116.53,1971.03,1955.0,1009.38,3500.0,1435.41,0.122,0.0,0.0,0.0,22.5,MODERATE_UNIFORM_COOL,0.9341
5,Opposing Thermal Zones,0,55,550.0,23,1,10,11,1,92.56,83.59,HEAVY,286.09,VERY HIGH,HEAVY LOAD,89.28,80.21,HEAVY,276.92,VERY HIGH,HEAVY LOAD,90.79,81.14,HEAVY,280.2,VERY HIGH,HEAVY LOAD,88.53,81.4,HEAVY,277.76,VERY HIGH,HEAVY LOAD,15.4,4.16,LIGHT,70.49,LOW,RUNNING,17.21,5.0,LIGHT,74.01,LOW,RUNNING,15.78,4.33,LIGHT,71.22,LOW,RUNNING,18.6,5.86,LIGHT,77.04,LOW,RUNNING,88.48,79.79,HEAVY,275.29,VERY HIGH,HEAVY LOAD,90.73,81.91,HEAVY,281.28,VERY HIGH,HEAVY LOAD,27.69,54.0,209.2,0.25,22.0,COOLING,0.25,22.0,COOLING,0.25,22.0,COOLING,0.25,22.0,COOLING,22.181,22.071,22.159,21.761,22.043,22.181,21.761,0.42,1120.97,144.5,148.26,556.57,85.0,850.0,935.0,85.0,197.11,251.73,302.16,258.27,-57.51,16.89,-52.26,92.89,875.0,875.0,875.0,875.0,470.57,388.12,458.16,117.73,1970.3,1955.0,1009.27,3500.0,1434.58,0.136,0.0,0.0,0.0,22.5,MODERATE_UNIFORM_COOL,0.933
5,Opposing Thermal Zones,0,56,560.0,23,1,10,11,1,92.67,83.55,HEAVY,286.16,VERY HIGH,HEAVY LOAD,89.23,80.08,HEAVY,276.66,VERY HIGH,HEAVY LOAD,90.61,81.05,HEAVY,279.84,VERY HIGH,HEAVY LOAD,88.39,81.42,HEAVY,277.62,VERY HIGH,HEAVY LOAD,15.42,4.22,LIGHT,70.61,LOW,RUNNING,17.33,5.09,LIGHT,74.3,LOW,RUNNING,15.89,4.38,LIGHT,71.43,LOW,RUNNING,18.59,5.82,LIGHT,76.97,LOW,RUNNING,88.33,79.67,HEAVY,274.92,VERY HIGH,HEAVY LOAD,90.56,81.9,HEAVY,281.05,VERY HIGH,HEAVY LOAD,27.69,54.0,209.3,0.25,22.0,COOLING,0.25,22.0,COOLING,0.25,22.0,COOLING,0.25,22.0,COOLING,22.191,22.079,22.168,21.763,22.05,22.191,21.763,0.428,1120.28,144.91,148.4,555.97,85.0,850.0,935.0,85.0,196.93,251.62,302.06,258.28,-58.63,17.13,-53.13,94.63,875.0,875.0,875.0,875.0,468.58,388.66,457.33,118.88,1969.56,1955.0,1008.89,3500.0,1433.45,0.142,0.0,0.0,0.0,22.5,MODERATE_UNIFORM_COOL,0.9324
5,Opposing Thermal Zones,0,57,570.0,23,1,10,11,1,92.75,83.48,HEAVY,286.16,VERY HIGH,HEAVY LOAD,89.14,79.95,HEAVY,276.35,VERY HIGH,HEAVY LOAD,90.43,80.97,HEAVY,279.49,VERY HIGH,HEAVY LOAD,88.29,81.48,HEAVY,277.58,VERY HIGH,HEAVY LOAD,15.48,4.29,LIGHT,70.78,LOW,RUNNING,17.46,5.17,LIGHT,74.58,LOW,RUNNING,15.98,4.4,LIGHT,71.57,LOW,RUNNING,18.56,5.76,LIGHT,76.84,LOW,RUNNING,88.16,79.57,HEAVY,274.55,VERY HIGH,HEAVY LOAD,90.43,81.92,HEAVY,280.92,VERY HIGH,HEAVY LOAD,27.7,54.0,209.5,0.25,22.0,COOLING,0.25,22.0,COOLING,0.25,22.0,COOLING,0.25,22.0,COOLING,22.201,22.087,22.177,21.765,22.058,22.201,21.765,0.436,1119.58,145.36,148.41,555.47,85.0,850.0,935.0,85.0,197.0,251.79,302.25,258.59,-59.74,17.37,-53.99,96.37,875.0,875.0,875.0,875.0,466.84,389.52,456.67,120.43,1968.82,1955.0,1009.63,3500.0,1433.46,0.147,0.0,0.0,0.0,22.5,MODERATE_UNIFORM_COOL,0.9324
5,Opposing Thermal Zones,0,58,580.0,23,1,10,11,1,92.79,83.38,HEAVY,286.06,VERY HIGH,HEAVY LOAD,89.01,79.82,HEAVY,275.99,VERY HIGH,HEAVY LOAD,90.26,80.92,HEAVY,279.2,VERY HIGH,HEAVY LOAD,88.23,81.56,HEAVY,277.63,VERY HIGH,HEAVY LOAD,15.56,4.37,LIGHT,71.01,LOW,RUNNING,17.6,5.25,LIGHT,74.88,LOW,RUNNING,16.05,4.4,LIGHT,71.66,LOW,RUNNING,18.5,5.68,LIGHT,76.64,LOW,RUNNING,87.98,79.49,HEAVY,274.21,VERY HIGH,HEAVY LOAD,90.32,81.96,HEAVY,280.84,VERY HIGH,HEAVY LOAD,27.7,54.0,209.7,0.25,22.0,COOLING,0.25,22.0,COOLING,0.25,22.0,COOLING,0.25,22.0,COOLING,22.21,22.095,22.186,21.767,22.064,22.21,21.767,0.443,1118.88,145.89,148.3,555.05,85.0,850.0,935.0,85.0,196.87,251.74,302.23,258.66,-60.86,17.61,-54.86,98.11,875.0,875.0,875.0,875.0,464.89,390.24,455.67,121.82,1968.12,1955.0,1009.5,3500.0,1432.62,0.147,0.0,0.0,0.0,22.5,MODERATE_UNIFORM_COOL,0.9316
5,Opposing Thermal Zones,0,59,590.0,23,1,10,11,1,92.8,83.27,HEAVY,285.9,VERY HIGH,HEAVY LOAD,88.86,79.7,HEAVY,275.62,VERY HIGH,HEAVY LOAD,90.09,80.9,HEAVY,278.96,VERY HIGH,HEAVY LOAD,88.2,81.66,HEAVY,277.74,VERY HIGH,HEAVY LOAD,15.66,4.46,LIGHT,71.27,LOW,RUNNING,17.73,5.31,LIGHT,75.13,LOW,RUNNING,16.09,4.38,LIGHT,71.68,LOW,RUNNING,18.41,5.6,LIGHT,76.41,LOW,RUNNING,87.8,79.43,HEAVY,273.9,VERY HIGH,HEAVY LOAD,90.24,82.03,HEAVY,280.85,VERY HIGH,HEAVY LOAD,27.7,54.0,209.8,0.25,22.0,COOLING,0.25,22.0,COOLING,0.25,22.0,COOLING,0.25,22.0,COOLING,22.219,22.103,22.195,21.77,22.072,22.219,21.77,0.449,1118.22,146.4,148.09,554.75,85.0,850.0,935.0,85.0,196.7,251.63,302.12,258.68,-61.74,17.74,-55.74,99.74,875.0,875.0,875.0,875.0,463.18,390.77,454.47,123.17,1967.46,1955.0,1009.13,3500.0,1431.59,0.146,0.0,0.0,0.0,22.5,MODERATE_UNIFORM_COOL,0.9284
5,Opposing Thermal Zones,0,60,600.0,23,1,10,11,1,92.76,83.14,HEAVY,285.66,VERY HIGH,HEAVY LOAD,88.69,79.59,HEAVY,275.25,VERY HIGH,HEAVY LOAD,89.95,80.91,HEAVY,278.8,VERY HIGH,HEAVY LOAD,88.21,81.77,HEAVY,277.92,VERY HIGH,HEAVY LOAD,15.77,4.55,LIGHT,71.54,LOW,RUNNING,17.85,5.36,LIGHT,75.35,LOW,RUNNING,16.1,4.34,LIGHT,71.64,LOW,RUNNING,18.3,5.51,LIGHT,76.14,LOW,RUNNING,87.64,79.4,HEAVY,273.65,VERY HIGH,HEAVY LOAD,90.2,82.13,HEAVY,280.94,VERY HIGH,HEAVY LOAD,27.71,54.0,210.0,0.25,22.0,COOLING,0.25,22.0,COOLING,0.25,22.0,COOLING,0.25,22.0,COOLING,22.228,22.111,22.204,21.773,22.079,22.228,21.773,0.455,1117.63,146.89,147.78,554.59,85.0,850.0,935.0,85.0,196.81,251.8,302.32,258.96,-62.51,17.88,-56.51,101.14,875.0,875.0,875.0,875.0,461.93,391.57,453.59,124.69,1966.89,1955.0,1009.89,3500.0,1431.78,0.146,0.0,0.0,0.0,22.5,MODERATE_UNIFORM_COOL,0.9258
5,Opposing Thermal Zones,0,61,610.0,23,1,10,11,1,92.68,83.01,HEAVY,285.37,VERY HIGH,HEAVY LOAD,88.52,79.5,HEAVY,274.9,VERY HIGH,HEAVY LOAD,89.84,80.95,HEAVY,278.73,VERY HIGH,HEAVY LOAD,88.27,81.9,HEAVY,278.19,VERY HIGH,HEAVY LOAD,15.9,4.63,LIGHT,71.82,LOW,RUNNING,17.95,5.39,LIGHT,75.52,LOW,RUNNING,16.08,4.29,LIGHT,71.53,LOW,RUNNING,18.18,5.42,LIGHT,75.85,LOW,RUNNING,87.49,79.4,HEAVY,273.46,VERY HIGH,HEAVY LOAD,90.21,82.24,HEAVY,281.12,VERY HIGH,HEAVY LOAD,27.71,54.0,210.2,0.25,22.0,COOLING,0.25,22.0,COOLING,0.25,22.0,COOLING,0.25,22.0,COOLING,22.237,22.119,22.213,21.776,22.086,22.237,21.776,0.461,1117.19,147.34,147.38,554.58,85.0,850.0,935.0,85.0,196.69,251.76,302.3,259.03,-63.28,18.03,-57.28,102.53,875.0,875.0,875.0,875.0,460.6,392.13,452.4,126.14,1966.49,1955.0,1009.78,3500.0,1431.27,0.15,0.004,0.0,0.0,22.5,MODERATE_UNIFORM_COOL,0.9244
5,Opposing Thermal Zones,0,62,620.0,23,1,10,11,1,92.57,82.88,HEAVY,285.03,VERY HIGH,HEAVY LOAD,88.34,79.44,HEAVY,274.59,VERY HIGH,HEAVY LOAD,89.75,81.02,HEAVY,278.72,VERY HIGH,HEAVY LOAD,88.36,82.04,HEAVY,278.51,VERY HIGH,HEAVY LOAD,16.04,4.71,LIGHT,72.11,LOW,RUNNING,18.02,5.4,LIGHT,75.62,LOW,RUNNING,16.03,4.22,LIGHT,71.37,LOW,RUNNING,18.05,5.34,LIGHT,75.57,LOW,RUNNING,87.36,79.44,HEAVY,273.36,VERY HIGH,HEAVY LOAD,90.25,82.37,HEAVY,281.37,VERY HIGH,HEAVY LOAD,27.72,54.0,210.3,0.25,22.0,COOLING,0.25,22.0,COOLING,0.25,22.0,COOLING,0.25,22.0,COOLING,22.246,22.127,22.222,21.779,22.093,22.246,21.779,0.467,1116.85,147.73,146.94,554.73,85.0,850.0,935.0,85.0,196.74,251.86,302.41,259.24,-64.05,18.17,-58.05,103.92,875.0,875.0,875.0,875.0,459.54,392.76,451.3,127.89,1966.25,1955.0,1010.25,3500.0,1431.49,0.157,0.011,0.0,0.0,22.5,MODERATE_UNIFORM_COOL,0.9237
5,Opposing Thermal Zones,0,63,630.0,23,1,10,11,1,92.43,82.75,HEAVY,284.66,VERY HIGH,HEAVY LOAD,88.17,79.41,HEAVY,274.33,VERY HIGH,HEAVY LOAD,89.71,81.11,HEAVY,278.8,VERY HIGH,HEAVY LOAD,88.48,82.17,HEAVY,278.86,VERY HIGH,HEAVY LOAD,16.17,4.78,LIGHT,72.38,LOW,RUNNING,18.08,5.39,LIGHT,75.68,LOW,RUNNING,15.95,4.14,LIGHT,71.15,LOW,RUNNING,17.91,5.26,LIGHT,75.28,LOW,RUNNING,87.27,79.5,HEAVY,273.34,VERY HIGH,HEAVY LOAD,90.33,82.5,HEAVY,281.66,VERY HIGH,HEAVY LOAD,27.72,54.0,210.5,0.25,22.0,COOLING,0.25,22.0,COOLING,0.25,22.0,COOLING,0.25,22.0,COOLING,22.255,22.135,22.231,21.782,22.101,22.255,21.782,0.473,1116.65,148.06,146.43,555.0,85.0,850.0,935.0,85.0,196.63,251.81,302.4,259.29,-64.82,18.32,-58.82,105.32,875.0,875.0,875.0,875.0,458.46,393.19,450.01,129.61,1966.14,1955.0,1010.13,3500.0,1431.27,0.165,0.019,0.0,0.0,22.5,MODERATE_UNIFORM_COOL,0.9235
5,Opposing Thermal Zones,0,64,640.0,23,1,10,11,1,92.27,82.64,HEAVY,284.3,VERY HIGH,HEAVY LOAD,88.01,79.4,HEAVY,274.11,VERY HIGH,HEAVY LOAD,89.7,81.22,HEAVY,278.95,VERY HIGH,HEAVY LOAD,88.62,82.29,HEAVY,279.21,VERY HIGH,HEAVY LOAD,16.29,4.84,LIGHT,72.62,LOW,RUNNING,18.1,5.36,LIGHT,75.67,LOW,RUNNING,15.85,4.05,LIGHT,70.89,LOW,RUNNING,17.78,5.19,LIGHT,75.01,LOW,RUNNING,87.22,79.58,HEAVY,273.39,VERY HIGH,HEAVY LOAD,90.44,82.64,HEAVY,282.01,VERY HIGH,HEAVY LOAD,27.72,54.0,210.7,0.25,22.0,COOLING,0.25,22.0,COOLING,0.25,22.0,COOLING,0.25,22.0,COOLING,22.264,22.143,22.24,21.785,22.108,22.264,21.785,0.479,1116.57,148.29,145.9,555.4,85.0,850.0,935.0,85.0,196.51,251.77,302.37,259.36,-65.59,18.46,-59.59,106.72,875.0,875.0,875.0,875.0,457.49,393.52,448.68,131.48,1966.16,1955.0,1010.01,3500.0,1431.17,0.172,0.026,0.0,0.0,22.5,MODERATE_UNIFORM_COOL,0.9236
5,Opposing Thermal Zones,0,65,650.0,23,1,10,11,1,92.1,82.54,HEAVY,283.94,VERY HIGH,HEAVY LOAD,87.88,79.43,HEAVY,274.0,VERY HIGH,HEAVY LOAD,89.74,81.34,HEAVY,279.19,VERY HIGH,HEAVY LOAD,88.79,82.4,HEAVY,279.59,VERY HIGH,HEAVY LOAD,16.4,4.88,LIGHT,72.82,LOW,RUNNING,18.09,5.31,LIGHT,75.58,LOW,RUNNING,15.74,3.96,LIGHT,70.61,LOW,RUNNING,17.66,5.14,LIGHT,74.78,LOW,RUNNING,87.2,79.69,HEAVY,273.53,VERY HIGH,HEAVY LOAD,90.58,82.76,HEAVY,282.37,VERY HIGH,HEAVY LOAD,27.73,54.0,210.8,0.25,22.0,COOLING,0.25,22.0,COOLING,0.25,22.0,COOLING,0.25,22.0,COOLING,22.273,22.151,22.249,21.788,22.115,22.273,21.788,0.485,1116.72,148.4,145.39,555.9,85.0,850.0,935.0,85.0,196.57,251.87,302.49,259.57,-66.36,18.61,-60.36,108.11,875.0,875.0,875.0,875.0,456.93,393.88,447.52,133.58,1966.41,1955.0,1010.5,3500.0,1431.91,0.179,0.032,0.0,0.0,22.5,MODERATE_UNIFORM_COOL,0.9241
5,Opposing Thermal Zones,0,66,660.0,23,1,10,11,1,91.92,82.46,HEAVY,283.59,VERY HIGH,HEAVY LOAD,87.79,79.48,HEAVY,273.96,VERY HIGH,HEAVY LOAD,89.81,81.48,HEAVY,279.48,VERY HIGH,HEAVY LOAD,88.97,82.49,HEAVY,279.95,VERY HIGH,HEAVY LOAD,16.49,4.9,LIGHT,72.96,LOW,RUNNING,18.05,5.25,LIGHT,75.44,LOW,RUNNING,15.61,3.87,LIGHT,70.32,LOW,RUNNING,17.56,5.11,LIGHT,74.61,LOW,RUNNING,87.22,79.81,HEAVY,273.74,VERY HIGH,HEAVY LOAD,90.75,82.88,HEAVY,282.76,VERY HIGH,HEAVY LOAD,27.73,54.0,211.0,0.25,22.0,COOLING,0.25,22.0,COOLING,0.25,22.0,COOLING,0.25,22.0,COOLING,22.282,22.159,22.258,21.791,22.122,22.282,21.791,0.491,1116.98,148.4,144.93,556.5,85.0,850.0,935.0,85.0,196.45,251.83,302.46,259.63,-67.13,18.75,-61.13,109.5,875.0,875.0,875.0,875.0,456.3,393.98,446.26,135.63,1966.81,1955.0,1010.37,3500.0,1432.17,0.147,0.0,0.0,0.0,22.5,MODERATE_UNIFORM_COOL,0.9226
5,Opposing Thermal Zones,0,67,670.0,23,1,10,11,1,91.74,82.42,HEAVY,283.31,VERY HIGH,HEAVY LOAD,87.72,79.56,HEAVY,273.99,VERY HIGH,HEAVY LOAD,89.92,81.61,HEAVY,279.81,VERY HIGH,HEAVY LOAD,89.15,82.56,HEAVY,280.28,VERY HIGH,HEAVY LOAD,16.56,4.9,LIGHT,73.05,LOW,RUNNING,17.99,5.18,LIGHT,75.26,LOW,RUNNING,15.47,3.79,LIGHT,70.02,LOW,RUNNING,17.48,5.1,LIGHT,74.5,LOW,RUNNING,87.29,79.94,HEAVY,274.02,VERY HIGH,HEAVY LOAD,90.92,82.97,HEAVY,283.11,VERY HIGH,HEAVY LOAD,27.73,54.0,211.2,0.25,22.0,COOLING,0.25,22.0,COOLING,0.25,22.0,COOLING,0.25,22.0,COOLING,22.291,22.167,22.267,21.794,22.13,22.291,21.794,0.497,1117.39,148.31,144.52,557.13,85.0,850.0,935.0,85.0,196.33,251.78,302.45,259.69,-67.9,18.9,-61.9,110.9,875.0,875.0,875.0,875.0,455.82,393.99,445.07,137.72,1967.35,1955.0,1010.25,3500.0,1432.6,0.165,0.017,0.0,0.0,22.5,MODERATE_UNIFORM_COOL,0.9246
5,Opposing Thermal Zones,0,68,680.0,23,1,10,11,1,91.58,82.4,HEAVY,283.07,VERY HIGH,HEAVY LOAD,87.7,79.67,HEAVY,274.13,VERY HIGH,HEAVY LOAD,90.05,81.74,HEAVY,280.17,VERY HIGH,HEAVY LOAD,89.32,82.59,HEAVY,280.53,VERY HIGH,HEAVY LOAD,16.59,4.88,LIGHT,73.06,LOW,RUNNING,17.9,5.09,LIGHT,75.01,LOW,RUNNING,15.34,3.72,LIGHT,69.75,LOW,RUNNING,17.43,5.11,LIGHT,74.45,LOW,RUNNING,87.39,80.08,HEAVY,274.36,VERY HIGH,HEAVY LOAD,91.1,83.04,HEAVY,283.44,VERY HIGH,HEAVY LOAD,27.74,54.0,211.3,0.25,22.0,COOLING,0.25,22.0,COOLING,0.25,22.0,COOLING,0.25,22.0,COOLING,22.3,22.175,22.276,21.797,22.137,22.3,21.797,0.503,1117.9,148.07,144.2,557.8,85.0,850.0,935.0,85.0,196.39,251.88,302.56,259.9,-68.67,19.04,-62.67,112.29,875.0,875.0,875.0,875.0,455.62,393.99,444.09,139.99,1967.97,1955.0,1010.73,3500.0,1433.69,0.148,0.0,0.0,0.0,22.5,MODERATE_UNIFORM_COOL,0.9261
5,Opposing Thermal Zones,0,69,690.0,23,1,10,11,1,91.44,82.41,HEAVY,282.92,VERY HIGH,HEAVY LOAD,87.72,79.79,HEAVY,274.33,VERY HIGH,HEAVY LOAD,90.21,81.86,HEAVY,280.55,VERY HIGH,HEAVY LOAD,89.47,82.6,HEAVY,280.74,VERY HIGH,HEAVY LOAD,16.6,4.84,LIGHT,73.01,LOW,RUNNING,17.79,5.0,LIGHT,74.74,LOW,RUNNING,15.22,3.67,LIGHT,69.53,LOW,RUNNING,17.4,5.14,LIGHT,74.46,LOW,RUNNING,87.52,80.21,HEAVY,274.71,VERY HIGH,HEAVY LOAD,91.27,83.09,HEAVY,283.72,VERY HIGH,HEAVY LOAD,27.74,54.0,211.5,0.25,22.0,COOLING,0.25,22.0,COOLING,0.25,22.0,COOLING,0.25,22.0,COOLING,22.309,22.183,22.285,21.8,22.144,22.309,21.8,0.509,1118.54,147.75,143.99,558.43,85.0,850.0,935.0,85.0,196.27,251.84,302.54,259.96,-69.44,19.19,-63.44,113.69,875.0,875.0,875.0,875.0,455.37,393.78,443.09,142.08,1968.71,1955.0,1010.61,3500.0,1434.32,0.162,0.013,0.0,0.0,22.5,MODERATE_UNIFORM_COOL,0.9287
5,Opposing Thermal Zones,0,70,700.0,23,1,10,11,1,91.33,82.45,HEAVY,282.84,VERY HIGH,HEAVY LOAD,87.77,79.92,HEAVY,274.59,VERY HIGH,HEAVY LOAD,90.39,81.95,HEAVY,280.91,VERY HIGH,HEAVY LOAD,89.61,82.58,HEAVY,280.88,VERY HIGH,HEAVY LOAD,16.58,4.78,LIGHT,72.89,LOW,RUNNING,17.67,4.91,LIGHT,74.45,LOW,RUNNING,15.11,3.62,LIGHT,69.32,LOW,RUNNING,17.41,5.18,LIGHT,74.53,LOW,RUNNING,87.67,80.33,HEAVY,275.08,VERY HIGH,HEAVY LOAD,91.44,83.1,HEAVY,283.95,VERY HIGH,HEAVY LOAD,27.74,54.0,211.7,0.25,22.0,COOLING,0.25,22.0,COOLING,0.25,22.0,COOLING,0.25,22.0,COOLING,22.318,22.191,22.294,21.803,22.151,22.318,21.803,0.515,1119.22,147.34,143.85,559.03,85.0,850.0,935.0,85.0,196.16,251.79,302.52,260.02,-70.21,19.34,-64.21,115.08,875.0,875.0,875.0,875.0,455.17,393.47,442.16,144.13,1969.44,1955.0,1010.49,3500.0,1434.93,0.213,0.063,0.0,0.0,22.5,MODERATE_UNIFORM_COOL,0.9332
5,Opposing Thermal Zones,0,71,710.0,23,1,10,11,1,91.25,82.52,HEAVY,282.84,VERY HIGH,HEAVY LOAD,87.86,80.05,HEAVY,274.9,VERY HIGH,HEAVY LOAD,90.57,82.03,HEAVY,281.26,VERY HIGH,HEAVY LOAD,89.71,82.52,HEAVY,280.92,VERY HIGH,HEAVY LOAD,16.52,4.71,LIGHT,72.72,LOW,RUNNING,17.54,4.83,LIGHT,74.17,LOW,RUNNING,15.02,3.6,LIGHT,69.17,LOW,RUNNING,17.44,5.24,LIGHT,74.66,LOW,RUNNING,87.84,80.43,HEAVY,275.44,VERY HIGH,HEAVY LOAD,91.57,83.08,HEAVY,284.08,VERY HIGH,HEAVY LOAD,27.75,54.0,211.8,0.25,22.0,COOLING,0.25,22.0,COOLING,0.25,22.0,COOLING,0.25,22.0,COOLING,22.327,22.199,22.303,21.806,22.159,22.327,21.806,0.521,1119.92,146.89,143.83,559.52,85.0,850.0,935.0,85.0,196.21,251.9,302.62,260.24,-70.98,19.48,-64.98,116.48,875.0,875.0,875.0,875.0,455.15,393.27,441.47,146.24,1970.16,1955.0,1010.97,3500.0,1436.13,0.219,0.07,0.0,0.0,22.5,MODERATE_UNIFORM_COOL,0.9364
5,Opposing Thermal Zones,0,72,720.0,23,1,10,11,1,91.21,82.62,HEAVY,282.94,VERY HIGH,HEAVY LOAD,87.99,80.18,HEAVY,275.26,VERY HIGH,HEAVY LOAD,90.74,82.08,HEAVY,281.55,VERY HIGH,HEAVY LOAD,89.77,82.44,HEAVY,280.87,VERY HIGH,HEAVY LOAD,16.44,4.63,LIGHT,72.5,LOW,RUNNING,17.4,4.75,LIGHT,73.88,LOW,RUNNING,14.95,3.6,LIGHT,69.09,LOW,RUNNING,17.5,5.32,LIGHT,74.86,LOW,RUNNING,88.02,80.51,HEAVY,275.79,VERY HIGH,HEAVY LOAD,91.68,83.04,HEAVY,284.16,VERY HIGH,HEAVY LOAD,27.75,54.0,212.0,0.25,22.0,COOLING,0.25,22.0,COOLING,0.25,22.0,COOLING,0.25,22.0,COOLING,22.336,22.207,22.312,21.809,22.166,22.336,21.809,0.527,1120.62,146.38,143.95,559.95,85.0,850.0,935.0,85.0,196.09,251.85,302.61,260.3,-71.75,19.62,-65.75,117.88,875.0,875.0,875.0,875.0,454.96,392.85,440.81,148.13,1970.9,1955.0,1010.85,3500.0,1436.75,0.192,0.042,0.0,0.0,22.5,MODERATE_UNIFORM_COOL,0.9391
5,Opposing Thermal Zones,0,73,730.0,23,1,10,11,1,91.2,82.73,HEAVY,283.1,VERY HIGH,HEAVY LOAD,88.14,80.3,HEAVY,275.62,VERY HIGH,HEAVY LOAD,90.91,82.1,HEAVY,281.79,VERY HIGH,HEAVY LOAD,89.8,82.34,HEAVY,280.76,VERY HIGH,HEAVY LOAD,16.34,4.54,LIGHT,72.23,LOW,RUNNING,17.27,4.69,LIGHT,73.62,LOW,RUNNING,14.91,3.62,LIGHT,69.07,LOW,RUNNING,17.59,5.4,LIGHT,75.09,LOW,RUNNING,88.2,80.57,HEAVY,276.11,VERY HIGH,HEAVY LOAD,91.76,82.97,HEAVY,284.16,VERY HIGH,HEAVY LOAD,27.75,54.0,212.2,0.25,22.0,COOLING,0.25,22.0,COOLING,0.25,22.0,COOLING,0.25,22.0,COOLING,22.345,22.215,22.321,21.812,22.173,22.345,21.812,0.533,1121.27,145.85,144.16,560.27,85.0,850.0,935.0,85.0,195.98,251.79,302.59,260.35,-72.52,19.77,-66.52,119.27,875.0,875.0,875.0,875.0,454.73,392.41,440.23,149.89,1971.55,1955.0,1010.71,3500.0,1437.26,0.231,0.081,0.0,0.0,22.5,MODERATE_UNIFORM_COOL,0.9443
5,Opposing Thermal Zones,0,74,740.0,23,1,10,11,1,91.24,82.86,HEAVY,283.34,VERY HIGH,HEAVY LOAD,88.31,80.41,HEAVY,276.0,VERY HIGH,HEAVY LOAD,91.05,82.09,HEAVY,281.95,VERY HIGH,HEAVY LOAD,89.79,82.23,HEAVY,280.58,VERY HIGH,HEAVY LOAD,16.23,4.45,LIGHT,71.96,LOW,RUNNING,17.15,4.64,LIGHT,73.4,LOW,RUNNING,14.9,3.66,LIGHT,69.11,LOW,RUNNING,17.7,5.49,LIGHT,75.36,LOW,RUNNING,88.36,80.6,HEAVY,276.35,VERY HIGH,HEAVY LOAD,91.8,82.87,HEAVY,284.06,VERY HIGH,HEAVY LOAD,27.76,54.0,212.3,0.25,22.0,COOLING,0.25,22.0,COOLING,0.25,22.0,COOLING,0.25,22.0,COOLING,22.354,22.223,22.33,21.815,22.18,22.354,21.815,0.539,1121.87,145.36,144.47,560.41,85.0,850.0,935.0,85.0,196.03,251.91,302.7,260.57,-73.29,19.92,-67.29,120.66,875.0,875.0,875.0,875.0,454.61,392.19,439.88,151.64,1972.11,1955.0,1011.21,3500.0,1438.32,0.238,0.087,0.0,0.0,22.5,MODERATE_UNIFORM_COOL,0.949
5,Opposing Thermal Zones,0,75,750.0,23,1,10,11,1,91.32,82.99,HEAVY,283.63,VERY HIGH,HEAVY LOAD,88.48,80.5,HEAVY,276.35,VERY HIGH,HEAVY LOAD,91.16,82.05,HEAVY,282.02,VERY HIGH,HEAVY LOAD,89.73,82.1,HEAVY,280.31,VERY HIGH,HEAVY LOAD,16.1,4.37,LIGHT,71.68,LOW,RUNNING,17.05,4.61,LIGHT,73.23,LOW,RUNNING,14.92,3.71,LIGHT,69.22,LOW,RUNNING,17.82,5.58,LIGHT,75.65,LOW,RUNNING,88.51,80.6,HEAVY,276.54,VERY HIGH,HEAVY LOAD,91.79,82.76,HEAVY,283.88,VERY HIGH,HEAVY LOAD,27.76,54.0,212.5,0.25,22.0,COOLING,0.25,22.0,COOLING,0.25,22.0,COOLING,0.25,22.0,COOLING,22.363,22.231,22.339,21.818,22.188,22.363,21.818,0.545,1122.31,144.91,144.87,560.42,85.0,850.0,935.0,85.0,195.92,251.86,302.69,260.63,-74.06,20.06,-68.06,122.06,875.0,875.0,875.0,875.0,454.17,391.83,439.5,153.11,1972.51,1955.0,1011.1,3500.0,1438.61,0.244,0.093,0.0,0.0,22.5,MODERATE_UNIFORM_COOL,0.9542
5,Opposing Thermal Zones,0,76,760.0,23,1,10,11,1,91.43,83.12,HEAVY,283.97,VERY HIGH,HEAVY LOAD,88.66,80.56,HEAVY,276.66,VERY HIGH,HEAVY LOAD,91.25,81.98,HEAVY,282.03,VERY HIGH,HEAVY LOAD,89.64,81.96,HEAVY,279.99,VERY HIGH,HEAVY LOAD,15.96,4.29,LIGHT,71.39,LOW,RUNNING,16.98,4.6,LIGHT,73.12,LOW,RUNNING,14.97,3.78,LIGHT,69.38,LOW,RUNNING,17.95,5.66,LIGHT,75.93,LOW,RUNNING,88.64,80.56,HEAVY,276.64,VERY HIGH,HEAVY LOAD,91.75,82.63,HEAVY,283.63,VERY HIGH,HEAVY LOAD,27.76,54.0,212.7,0.25,22.0,COOLING,0.25,22.0,COOLING,0.25,22.0,COOLING,0.25,22.0,COOLING,22.372,22.239,22.348,21.821,22.195,22.372,21.821,0.551,1122.65,144.51,145.31,560.27,85.0,850.0,935.0,85.0,195.8,251.81,302.66,260.69,-74.83,20.2,-68.83,123.45,875.0,875.0,875.0,875.0,453.62,391.52,439.14,154.41,1972.74,1955.0,1010.96,3500.0,1438.69,0.249,0.099,0.0,0.0,22.5,MODERATE_UNIFORM_COOL,0.9599
5,Opposing Thermal Zones,0,77,770.0,23,1,10,11,1,91.57,83.25,HEAVY,284.34,VERY HIGH,HEAVY LOAD,88.83,80.59,HEAVY,276.92,VERY HIGH,HEAVY LOAD,91.29,81.89,HEAVY,281.95,VERY HIGH,HEAVY LOAD,89.52,81.83,HEAVY,279.64,VERY HIGH,HEAVY LOAD,15.83,4.22,LIGHT,71.12,LOW,RUNNING,16.92,4.61,LIGHT,73.07,LOW,RUNNING,15.05,3.86,LIGHT,69.6,LOW,RUNNING,18.09,5.74,LIGHT,76.22,LOW,RUNNING,88.73,80.5,HEAVY,276.66,VERY HIGH,HEAVY LOAD,91.67,82.5,HEAVY,283.34,VERY HIGH,HEAVY LOAD,27.77,54.0,212.8,0.25,22.0,COOLING,0.25,22.0,COOLING,0.25,22.0,COOLING,0.25,22.0,COOLING,22.381,22.247,22.357,21.824,22.202,22.381,21.824,0.557,1122.85,144.19,145.82,560.0,85.0,850.0,935.0,85.0,195.86,251.92,302.77,260.9,-75.6,20.35,-69.6,124.85,875.0,875.0,875.0,875.0,453.11,391.46,438.99,155.75,1972.86,1955.0,1011.45,3500.0,1439.31,0.256,0.106,0.0,0.0,22.5,MODERATE_UNIFORM_COOL,0.9661
5,Opposing Thermal Zones,0,78,780.0,23,1,10,11,1,91.73,83.36,HEAVY,284.7,VERY HIGH,HEAVY LOAD,88.99,80.6,HEAVY,277.14,VERY HIGH,HEAVY LOAD,91.3,81.78,HEAVY,281.8,VERY HIGH,HEAVY LOAD,89.38,81.71,HEAVY,279.29,VERY HIGH,HEAVY LOAD,15.71,4.16,LIGHT,70.88,LOW,RUNNING,16.9,4.64,LIGHT,73.08,LOW,RUNNING,15.15,3.95,LIGHT,69.86,LOW,RUNNING,18.22,5.81,LIGHT,76.49,LOW,RUNNING,88.78,80.42,HEAVY,276.61,VERY HIGH,HEAVY LOAD,91.56,82.36,HEAVY,282.99,VERY HIGH,HEAVY LOAD,27.77,54.0,213.0,0.25,22.0,COOLING,0.25,22.0,COOLING,0.25,22.0,COOLING,0.25,22.0,COOLING,22.39,22.255,22.366,21.827,22.209,22.39,21.827,0.563,1122.93,143.96,146.35,559.6,85.0,850.0,935.0,85.0,195.74,251.86,302.76,260.96,-76.37,20.5,-70.37,126.24,875.0,875.0,875.0,875.0,452.3,391.32,438.74,156.8,1972.84,1955.0,1011.32,3500.0,1439.16,0.263,0.113,0.0,0.0,22.5,MODERATE_UNIFORM_COOL,0.9728
5,Opposing Thermal Zones,0,79,790.0,23,1,10,11,1,91.9,83.46,HEAVY,285.06,VERY HIGH,HEAVY LOAD,89.12,80.57,HEAVY,277.25,VERY HIGH,HEAVY LOAD,91.26,81.66,HEAVY,281.56,VERY HIGH,HEAVY LOAD,89.21,81.6,HEAVY,278.91,VERY HIGH,HEAVY LOAD,15.6,4.12,LIGHT,70.68,LOW,RUNNING,16.91,4.69,LIGHT,73.17,LOW,RUNNING,15.26,4.04,LIGHT,70.14,LOW,RUNNING,18.34,5.86,LIGHT,76.72,LOW,RUNNING,88.8,80.31,HEAVY,276.47,VERY HIGH,HEAVY LOAD,91.42,82.24,HEAVY,282.63,VERY HIGH,HEAVY LOAD,27.77,54.0,213.2,0.25,22.0,COOLING,0.25,22.0,COOLING,0.25,22.0,COOLING,0.25,22.0,COOLING,22.399,22.263,22.375,21.83,22.217,22.399,21.83,0.569,1122.78,143.85,146.86,559.1,85.0,850.0,935.0,85.0,195.62,251.82,302.74,261.02,-77.14,20.64,-71.14,127.64,875.0,875.0,875.0,875.0,451.26,391.31,438.46,157.76,1972.59,1955.0,1011.2,3500.0,1438.79,0.268,0.119,0.0,0.0,22.5,MODERATE_UNIFORM_COOL,0.9799
5,Opposing Thermal Zones,0,80,800.0,23,1,10,11,1,92.08,83.54,HEAVY,285.41,VERY HIGH,HEAVY LOAD,89.21,80.52,HEAVY,277.29,VERY HIGH,HEAVY LOAD,91.19,81.52,HEAVY,281.27,VERY HIGH,HEAVY LOAD,89.03,81.51,HEAVY,278.55,VERY HIGH,HEAVY LOAD,15.51,4.1,LIGHT,70.54,LOW,RUNNING,16.95,4.75,LIGHT,73.31,LOW,RUNNING,15.39,4.13,LIGHT,70.43,LOW,RUNNING,18.44,5.89,LIGHT,76.88,LOW,RUNNING,88.78,80.19,HEAVY,276.26,VERY HIGH,HEAVY LOAD,91.25,82.12,HEAVY,282.24,VERY HIGH,HEAVY LOAD,27.78,54.0,213.3,0.25,22.0,COOLING,0.25,22.0,COOLING,0.25,22.0,COOLING,0.25,22.0,COOLING,22.408,22.271,22.384,21.833,22.224,22.408,21.833,0.575,1122.52,143.85,147.31,558.5,85.0,850.0,935.0,85.0,195.68,251.93,302.85,261.24,-77.91,20.78,-71.91,129.04,875.0,875.0,875.0,875.0,450.29,391.56,438.25,158.78,1972.18,1955.0,1011.7,3500.0,1438.88,0.274,0.125,0.0,0.0,22.5,MODERATE_UNIFORM_COOL,0.9874
5,Opposing Thermal Zones,0,81,810.0,23,1,10,11,1,92.26,83.58,HEAVY,285.7,VERY HIGH,HEAVY LOAD,89.28,80.44,HEAVY,277.26,VERY HIGH,HEAVY LOAD,91.08,81.39,HEAVY,280.94,VERY HIGH,HEAVY LOAD,88.85,81.44,HEAVY,278.22,VERY HIGH,HEAVY LOAD,15.44,4.1,LIGHT,70.45,LOW,RUNNING,17.01,4.82,LIGHT,73.49,LOW,RUNNING,15.53,4.21,LIGHT,70.73,LOW,RUNNING,18.52,5.9,LIGHT,77.0,LOW,RUNNING,88.71,80.06,HEAVY,275.98,VERY HIGH,HEAVY LOAD,91.08,82.03,HEAVY,281.89,VERY HIGH,HEAVY LOAD,27.78,54.0,213.5,0.25,22.0,COOLING,0.25,22.0,COOLING,0.25,22.0,COOLING,0.25,22.0,COOLING,22.417,22.279,22.393,21.836,22.231,22.417,21.836,0.581,1122.12,143.94,147.73,557.87,85.0,850.0,935.0,85.0,195.56,251.88,302.82,261.3,-78.68,20.93,-72.68,130.43,875.0,875.0,875.0,875.0,449.0,391.75,437.87,159.6,1971.66,1955.0,1011.56,3500.0,1438.22,0.279,0.131,0.0,0.0,22.5,MODERATE_UNIFORM_COOL,0.9954
5,Opposing Thermal Zones,0,82,820.0,23,1,10,11,1,92.42,83.6,HEAVY,285.93,VERY HIGH,HEAVY LOAD,89.3,80.33,HEAVY,277.12,VERY HIGH,HEAVY LOAD,90.95,81.26,HEAVY,280.58,VERY HIGH,HEAVY LOAD,88.68,81.41,HEAVY,277.97,VERY HIGH,HEAVY LOAD,15.41,4.12,LIGHT,70.44,LOW,RUNNING,17.1,4.91,LIGHT,73.74,LOW,RUNNING,15.66,4.28,LIGHT,71.0,LOW,RUNNING,18.57,5.89,LIGHT,77.05,LOW,RUNNING,88.61,79.92,HEAVY,275.64,VERY HIGH,HEAVY LOAD,90.9,81.96,HEAVY,281.56,VERY HIGH,HEAVY LOAD,27.78,54.0,213.7,0.25,22.0,COOLING,0.25,22.0,COOLING,0.25,22.0,COOLING,0.25,22.0,COOLING,22.426,22.287,22.402,21.839,22.238,22.426,21.839,0.587,1121.6,144.18,148.05,557.2,85.0,850.0,935.0,85.0,195.44,251.83,302.81,261.36,-79.45,21.08,-73.45,131.83,875.0,875.0,875.0,875.0,447.59,392.09,437.41,160.39,1971.03,1955.0,1011.44,3500.0,1437.48,0.286,0.138,0.0,0.0,22.5,MODERATE_UNIFORM_COOL,1.0038
5,Opposing Thermal Zones,0,83,830.0,23,1,10,11,1,92.56,83.59,HEAVY,286.09,VERY HIGH,HEAVY LOAD,89.28,80.21,HEAVY,276.92,VERY HIGH,HEAVY LOAD,90.79,81.14,HEAVY,280.2,VERY HIGH,HEAVY LOAD,88.53,81.4,HEAVY,277.76,VERY HIGH,HEAVY LOAD,15.4,4.16,LIGHT,70.49,LOW,RUNNING,17.21,5.0,LIGHT,74.01,LOW,RUNNING,15.78,4.33,LIGHT,71.22,LOW,RUNNING,18.6,5.86,LIGHT,77.04,LOW,RUNNING,88.48,79.79,HEAVY,275.29,VERY HIGH,HEAVY LOAD,90.73,81.91,HEAVY,281.28,VERY HIGH,HEAVY LOAD,27.79,54.0,213.8,0.25,22.0,COOLING,0.25,22.0,COOLING,0.25,22.0,COOLING,0.25,22.0,COOLING,22.435,22.295,22.411,21.842,22.246,22.435,21.842,0.593,1120.97,144.5,148.26,556.57,85.0,850.0,935.0,85.0,195.5,251.93,302.91,261.57,-80.22,21.22,-74.22,133.22,875.0,875.0,875.0,875.0,446.25,392.65,436.95,161.36,1970.3,1955.0,1011.91,3500.0,1437.21,0.291,0.145,0.0,0.0,22.5,MODERATE_UNIFORM_COOL,1.0126
5,Opposing Thermal Zones,0,84,840.0,23,1,10,11,1,92.67,83.55,HEAVY,286.16,VERY HIGH,HEAVY LOAD,89.23,80.08,HEAVY,276.66,VERY HIGH,HEAVY LOAD,90.61,81.05,HEAVY,279.84,VERY HIGH,HEAVY LOAD,88.39,81.42,HEAVY,277.62,VERY HIGH,HEAVY LOAD,15.42,4.22,LIGHT,70.61,LOW,RUNNING,17.33,5.09,LIGHT,74.3,LOW,RUNNING,15.89,4.38,LIGHT,71.43,LOW,RUNNING,18.59,5.82,LIGHT,76.97,LOW,RUNNING,88.33,79.67,HEAVY,274.92,VERY HIGH,HEAVY LOAD,90.56,81.9,HEAVY,281.05,VERY HIGH,HEAVY LOAD,27.79,54.0,214.0,0.25,22.0,COOLING,0.25,22.0,COOLING,0.25,22.0,COOLING,0.25,22.0,COOLING,22.444,22.303,22.42,21.845,22.253,22.444,21.845,0.599,1120.28,144.91,148.4,555.97,85.0,850.0,935.0,85.0,195.38,251.89,302.9,261.63,-80.99,21.36,-74.99,134.62,875.0,875.0,875.0,875.0,444.67,393.16,436.31,162.22,1969.56,1955.0,1011.8,3500.0,1436.36,0.298,0.152,0.0,0.0,22.5,MODERATE_UNIFORM_COOL,1.0218
5,Opposing Thermal Zones,0,85,850.0,23,1,10,11,1,92.75,83.48,HEAVY,286.16,VERY HIGH,HEAVY LOAD,89.14,79.95,HEAVY,276.35,VERY HIGH,HEAVY LOAD,90.43,80.97,HEAVY,279.49,VERY HIGH,HEAVY LOAD,88.29,81.48,HEAVY,277.58,VERY HIGH,HEAVY LOAD,15.48,4.29,LIGHT,70.78,LOW,RUNNING,17.46,5.17,LIGHT,74.58,LOW,RUNNING,15.98,4.4,LIGHT,71.57,LOW,RUNNING,18.56,5.76,LIGHT,76.84,LOW,RUNNING,88.16,79.57,HEAVY,274.55,VERY HIGH,HEAVY LOAD,90.43,81.92,HEAVY,280.92,VERY HIGH,HEAVY LOAD,27.8,54.0,214.2,0.25,22.0,COOLING,0.25,22.0,COOLING,0.25,22.0,COOLING,0.25,22.0,COOLING,22.453,22.311,22.429,21.848,22.26,22.453,21.848,0.605,1119.58,145.36,148.41,555.47,85.0,850.0,935.0,85.0,195.48,252.07,303.09,261.91,-81.76,21.51,-75.76,136.01,875.0,875.0,875.0,875.0,443.3,393.94,435.74,163.39,1968.82,1955.0,1012.55,3500.0,1436.37,0.305,0.16,0.0,0.0,22.5,MODERATE_UNIFORM_COOL,1.0313
5,Opposing Thermal Zones,0,86,860.0,23,1,10,11,1,92.79,83.38,HEAVY,286.06,VERY HIGH,HEAVY LOAD,89.01,79.82,HEAVY,275.99,VERY HIGH,HEAVY LOAD,90.26,80.92,HEAVY,279.2,VERY HIGH,HEAVY LOAD,88.23,81.56,HEAVY,277.63,VERY HIGH,HEAVY LOAD,15.56,4.37,LIGHT,71.01,LOW,RUNNING,17.6,5.25,LIGHT,74.88,LOW,RUNNING,16.05,4.4,LIGHT,71.66,LOW,RUNNING,18.5,5.68,LIGHT,76.64,LOW,RUNNING,87.98,79.49,HEAVY,274.21,VERY HIGH,HEAVY LOAD,90.32,81.96,HEAVY,280.84,VERY HIGH,HEAVY LOAD,27.8,54.0,214.3,0.25,22.0,COOLING,0.25,22.0,COOLING,0.25,22.0,COOLING,0.25,22.0,COOLING,22.462,22.319,22.438,21.851,22.267,22.462,21.851,0.611,1118.88,145.89,148.3,555.05,85.0,850.0,935.0,85.0,195.32,251.95,302.99,261.91,-82.53,21.65,-76.53,137.41,875.0,875.0,875.0,875.0,441.67,394.49,434.76,164.37,1968.12,1955.0,1012.17,3500.0,1435.29,0.313,0.168,0.0,0.0,22.5,MODERATE_UNIFORM_COOL,1.0412
5,Opposing Thermal Zones,0,87,870.0,23,1,10,11,1,92.8,83.27,HEAVY,285.9,VERY HIGH,HEAVY LOAD,88.86,79.7,HEAVY,275.62,VERY HIGH,HEAVY LOAD,90.09,80.9,HEAVY,278.96,VERY HIGH,HEAVY LOAD,88.2,81.66,HEAVY,277.74,VERY HIGH,HEAVY LOAD,15.66,4.46,LIGHT,71.27,LOW,RUNNING,17.73,5.31,LIGHT,75.13,LOW,RUNNING,16.09,4.38,LIGHT,71.68,LOW,RUNNING,18.41,5.6,LIGHT,76.41,LOW,RUNNING,87.8,79.43,HEAVY,273.9,VERY HIGH,HEAVY LOAD,90.24,82.03,HEAVY,280.85,VERY HIGH,HEAVY LOAD,27.8,54.0,214.5,0.25,22.0,COOLING,0.25,22.0,COOLING,0.25,22.0,COOLING,0.25,22.0,COOLING,22.471,22.327,22.447,21.854,22.275,22.471,21.854,0.617,1118.22,146.4,148.09,554.75,85.0,850.0,935.0,85.0,195.21,251.9,302.97,261.96,-83.3,21.8,-77.3,138.8,875.0,875.0,875.0,875.0,440.13,395.1,433.76,165.51,1967.46,1955.0,1012.04,3500.0,1434.5,0.321,0.176,0.0,0.0,22.5,MODERATE_UNIFORM_COOL,1.0515
5,Opposing Thermal Zones,0,88,880.0,23,1,10,11,1,92.76,83.14,HEAVY,285.66,VERY HIGH,HEAVY LOAD,88.69,79.59,HEAVY,275.25,VERY HIGH,HEAVY LOAD,89.95,80.91,HEAVY,278.8,VERY HIGH,HEAVY LOAD,88.21,81.77,HEAVY,277.92,VERY HIGH,HEAVY LOAD,15.77,4.55,LIGHT,71.54,LOW,RUNNING,17.85,5.36,LIGHT,75.35,LOW,RUNNING,16.1,4.34,LIGHT,71.64,LOW,RUNNING,18.3,5.51,LIGHT,76.14,LOW,RUNNING,87.64,79.4,HEAVY,273.65,VERY HIGH,HEAVY LOAD,90.2,82.13,HEAVY,280.94,VERY HIGH,HEAVY LOAD,27.81,54.0,214.7,0.25,22.0,COOLING,0.25,22.0,COOLING,0.25,22.0,COOLING,0.25,22.0,COOLING,22.48,22.335,22.456,21.857,22.282,22.48,21.857,0.623,1117.63,146.89,147.78,554.59,85.0,850.0,935.0,85.0,195.3,252.07,303.16,262.24,-84.07,21.94,-78.07,140.2,875.0,875.0,875.0,875.0,438.86,395.9,432.87,167.03,1966.89,1955.0,1012.77,3500.0,1434.66,0.329,0.184,0.0,0.0,22.5,MODERATE_UNIFORM_COOL,1.0621
5,Opposing Thermal Zones,0,89,890.0,23,1,10,11,1,92.68,83.01,HEAVY,285.37,VERY HIGH,HEAVY LOAD,88.52,79.5,HEAVY,274.9,VERY HIGH,HEAVY LOAD,89.84,80.95,HEAVY,278.73,VERY HIGH,HEAVY LOAD,88.27,81.9,HEAVY,278.19,VERY HIGH,HEAVY LOAD,15.9,4.63,LIGHT,71.82,LOW,RUNNING,17.95,5.39,LIGHT,75.52,LOW,RUNNING,16.08,4.29,LIGHT,71.53,LOW,RUNNING,18.18,5.42,LIGHT,75.85,LOW,RUNNING,87.49,79.4,HEAVY,273.46,VERY HIGH,HEAVY LOAD,90.21,82.24,HEAVY,281.12,VERY HIGH,HEAVY LOAD,27.81,54.0,214.8,0.25,22.0,COOLING,0.25,22.0,COOLING,0.25,22.0,COOLING,0.25,22.0,COOLING,22.489,22.343,22.465,21.86,22.289,22.489,21.86,0.629,1117.19,147.34,147.38,554.58,85.0,850.0,935.0,85.0,195.14,251.96,303.06,262.24,-84.84,22.09,-78.84,141.59,875.0,875.0,875.0,875.0,437.49,396.39,431.6,168.41,1966.49,1955.0,1012.4,3500.0,1433.89,0.337,0.193,0.0,0.0,22.5,MODERATE_UNIFORM_COOL,1.0732
5,Opposing Thermal Zones,0,90,900.0,23,1,10,11,1,92.57,82.88,HEAVY,285.03,VERY HIGH,HEAVY LOAD,88.34,79.44,HEAVY,274.59,VERY HIGH,HEAVY LOAD,89.75,81.02,HEAVY,278.72,VERY HIGH,HEAVY LOAD,88.36,82.04,HEAVY,278.51,VERY HIGH,HEAVY LOAD,16.04,4.71,LIGHT,72.11,LOW,RUNNING,18.02,5.4,LIGHT,75.62,LOW,RUNNING,16.03,4.22,LIGHT,71.37,LOW,RUNNING,18.05,5.34,LIGHT,75.57,LOW,RUNNING,87.36,79.44,HEAVY,273.36,VERY HIGH,HEAVY LOAD,90.25,82.37,HEAVY,281.37,VERY HIGH,HEAVY LOAD,27.81,54.0,215.0,0.25,22.0,COOLING,0.25,22.0,COOLING,0.25,22.0,COOLING,0.25,22.0,COOLING,22.498,22.351,22.474,21.863,22.297,22.498,21.863,0.635,1116.85,147.73,146.94,554.73,85.0,850.0,935.0,85.0,195.02,251.92,303.04,262.3,-85.61,22.24,-79.61,142.99,875.0,875.0,875.0,875.0,436.26,396.89,430.37,170.02,1966.25,1955.0,1012.28,3500.0,1433.54,0.346,0.202,0.0,0.0,22.5,MODERATE_UNIFORM_COOL,1.0845
5,Opposing Thermal Zones,0,91,910.0,23,1,10,11,1,92.43,82.75,HEAVY,284.66,VERY HIGH,HEAVY LOAD,88.17,79.41,HEAVY,274.33,VERY HIGH,HEAVY LOAD,89.71,81.11,HEAVY,278.8,VERY HIGH,HEAVY LOAD,88.48,82.17,HEAVY,278.86,VERY HIGH,HEAVY LOAD,16.17,4.78,LIGHT,72.38,LOW,RUNNING,18.08,5.39,LIGHT,75.68,LOW,RUNNING,15.95,4.14,LIGHT,71.15,LOW,RUNNING,17.91,5.26,LIGHT,75.28,LOW,RUNNING,87.27,79.5,HEAVY,273.34,VERY HIGH,HEAVY LOAD,90.33,82.5,HEAVY,281.66,VERY HIGH,HEAVY LOAD,27.82,54.0,215.2,0.25,22.0,COOLING,0.25,22.0,COOLING,0.25,22.0,COOLING,0.25,22.0,COOLING,22.507,22.359,22.483,21.867,22.304,22.507,21.867,0.64,1116.65,148.06,146.43,555.0,85.0,850.0,935.0,85.0,195.12,252.08,303.24,262.58,-86.38,22.38,-80.38,144.38,875.0,875.0,875.0,875.0,435.39,397.52,429.29,171.96,1966.14,1955.0,1013.02,3500.0,1434.16,0.355,0.21,0.0,0.0,22.5,TARGETED_HOTSPOT_COOL,1.0927
5,Opposing Thermal Zones,0,92,920.0,23,1,10,11,1,92.27,82.64,HEAVY,284.3,VERY HIGH,HEAVY LOAD,88.01,79.4,HEAVY,274.11,VERY HIGH,HEAVY LOAD,89.7,81.22,HEAVY,278.95,VERY HIGH,HEAVY LOAD,88.62,82.29,HEAVY,279.21,VERY HIGH,HEAVY LOAD,16.29,4.84,LIGHT,72.62,LOW,RUNNING,18.1,5.36,LIGHT,75.67,LOW,RUNNING,15.85,4.05,LIGHT,70.89,LOW,RUNNING,17.78,5.19,LIGHT,75.01,LOW,RUNNING,87.22,79.58,HEAVY,273.39,VERY HIGH,HEAVY LOAD,90.44,82.64,HEAVY,282.01,VERY HIGH,HEAVY LOAD,27.82,54.0,215.3,0.25,22.0,COOLING,0.25,22.0,COOLING,0.25,22.0,COOLING,0.25,22.0,COOLING,22.516,22.367,22.492,21.871,22.311,22.516,21.871,0.645,1116.57,148.29,145.9,555.4,85.0,850.0,935.0,85.0,194.97,251.97,303.14,262.55,-87.04,22.54,-81.04,145.54,875.0,875.0,875.0,875.0,434.5,397.8,428.0,173.49,1966.16,1955.0,1012.63,3500.0,1433.79,0.364,0.219,0.0,0.0,22.5,TARGETED_HOTSPOT_COOL,1.1015
5,Opposing Thermal Zones,0,93,930.0,23,1,10,11,1,92.1,82.54,HEAVY,283.94,VERY HIGH,HEAVY LOAD,87.88,79.43,HEAVY,274.0,VERY HIGH,HEAVY LOAD,89.74,81.34,HEAVY,279.19,VERY HIGH,HEAVY LOAD,88.79,82.4,HEAVY,279.59,VERY HIGH,HEAVY LOAD,16.4,4.88,LIGHT,72.82,LOW,RUNNING,18.09,5.31,LIGHT,75.58,LOW,RUNNING,15.74,3.96,LIGHT,70.61,LOW,RUNNING,17.66,5.14,LIGHT,74.78,LOW,RUNNING,87.2,79.69,HEAVY,273.53,VERY HIGH,HEAVY LOAD,90.58,82.76,HEAVY,282.37,VERY HIGH,HEAVY LOAD,27.82,54.0,215.5,0.25,22.0,COOLING,0.25,22.0,COOLING,0.25,22.0,COOLING,0.25,22.0,COOLING,22.525,22.375,22.501,21.875,22.319,22.525,21.875,0.65,1116.72,148.4,145.39,555.9,85.0,850.0,935.0,85.0,194.85,251.93,303.11,262.59,-87.7,22.7,-81.7,146.7,875.0,875.0,875.0,875.0,433.87,398.03,426.8,175.19,1966.41,1955.0,1012.48,3500.0,1433.89,0.373,0.228,0.0,0.0,22.5,TARGETED_HOTSPOT_COOL,1.1107
5,Opposing Thermal Zones,0,94,940.0,23,1,10,11,1,91.92,82.46,HEAVY,283.59,VERY HIGH,HEAVY LOAD,87.79,79.48,HEAVY,273.96,VERY HIGH,HEAVY LOAD,89.81,81.48,HEAVY,279.48,VERY HIGH,HEAVY LOAD,88.97,82.49,HEAVY,279.95,VERY HIGH,HEAVY LOAD,16.49,4.9,LIGHT,72.96,LOW,RUNNING,18.05,5.25,LIGHT,75.44,LOW,RUNNING,15.61,3.87,LIGHT,70.32,LOW,RUNNING,17.56,5.11,LIGHT,74.61,LOW,RUNNING,87.22,79.81,HEAVY,273.74,VERY HIGH,HEAVY LOAD,90.75,82.88,HEAVY,282.76,VERY HIGH,HEAVY LOAD,27.83,54.0,215.7,0.25,22.0,COOLING,0.25,22.0,COOLING,0.25,22.0,COOLING,0.25,22.0,COOLING,22.534,22.383,22.51,21.879,22.326,22.534,21.879,0.655,1116.98,148.4,144.93,556.5,85.0,850.0,935.0,85.0,194.95,252.09,303.31,262.84,-88.36,22.86,-82.36,147.86,875.0,875.0,875.0,875.0,433.57,398.35,425.88,177.2,1966.81,1955.0,1013.19,3500.0,1435.0,0.382,0.237,0.0,0.0,22.5,TARGETED_HOTSPOT_COOL,1.1202
5,Opposing Thermal Zones,0,95,950.0,23,1,10,11,1,91.74,82.42,HEAVY,283.31,VERY HIGH,HEAVY LOAD,87.72,79.56,HEAVY,273.99,VERY HIGH,HEAVY LOAD,89.92,81.61,HEAVY,279.81,VERY HIGH,HEAVY LOAD,89.15,82.56,HEAVY,280.28,VERY HIGH,HEAVY LOAD,16.56,4.9,LIGHT,73.05,LOW,RUNNING,17.99,5.18,LIGHT,75.26,LOW,RUNNING,15.47,3.79,LIGHT,70.02,LOW,RUNNING,17.48,5.1,LIGHT,74.5,LOW,RUNNING,87.29,79.94,HEAVY,274.02,VERY HIGH,HEAVY LOAD,90.92,82.97,HEAVY,283.11,VERY HIGH,HEAVY LOAD,27.83,54.0,215.8,0.25,22.0,COOLING,0.25,22.0,COOLING,0.25,22.0,COOLING,0.25,22.0,COOLING,22.543,22.391,22.519,21.883,22.334,22.543,21.883,0.66,1117.39,148.31,144.52,557.13,85.0,850.0,935.0,85.0,194.78,251.99,303.2,262.83,-89.02,23.02,-83.02,149.02,875.0,875.0,875.0,875.0,433.15,398.32,424.7,178.98,1967.35,1955.0,1012.8,3500.0,1435.15,0.391,0.245,0.0,0.0,22.5,TARGETED_HOTSPOT_COOL,1.1302
5,Opposing Thermal Zones,0,96,960.0,23,1,10,11,1,91.58,82.4,HEAVY,283.07,VERY HIGH,HEAVY LOAD,87.7,79.67,HEAVY,274.13,VERY HIGH,HEAVY LOAD,90.05,81.74,HEAVY,280.17,VERY HIGH,HEAVY LOAD,89.32,82.59,HEAVY,280.53,VERY HIGH,HEAVY LOAD,16.59,4.88,LIGHT,73.06,LOW,RUNNING,17.9,5.09,LIGHT,75.01,LOW,RUNNING,15.34,3.72,LIGHT,69.75,LOW,RUNNING,17.43,5.11,LIGHT,74.45,LOW,RUNNING,87.39,80.08,HEAVY,274.36,VERY HIGH,HEAVY LOAD,91.1,83.04,HEAVY,283.44,VERY HIGH,HEAVY LOAD,27.83,54.0,216.0,0.25,22.0,COOLING,0.25,22.0,COOLING,0.25,22.0,COOLING,0.25,22.0,COOLING,22.552,22.399,22.528,21.887,22.341,22.552,21.887,0.665,1117.9,148.07,144.2,557.8,85.0,850.0,935.0,85.0,194.67,251.94,303.19,262.86,-89.68,23.18,-83.68,150.18,875.0,875.0,875.0,875.0,432.89,398.19,423.71,180.84,1967.97,1955.0,1012.66,3500.0,1435.63,0.401,0.254,0.0,0.0,22.5,TARGETED_HOTSPOT_COOL,1.1406
5,Opposing Thermal Zones,0,97,970.0,23,1,10,11,1,91.44,82.41,HEAVY,282.92,VERY HIGH,HEAVY LOAD,87.72,79.79,HEAVY,274.33,VERY HIGH,HEAVY LOAD,90.21,81.86,HEAVY,280.55,VERY HIGH,HEAVY LOAD,89.47,82.6,HEAVY,280.74,VERY HIGH,HEAVY LOAD,16.6,4.84,LIGHT,73.01,LOW,RUNNING,17.79,5.0,LIGHT,74.74,LOW,RUNNING,15.22,3.67,LIGHT,69.53,LOW,RUNNING,17.4,5.14,LIGHT,74.46,LOW,RUNNING,87.52,80.21,HEAVY,274.71,VERY HIGH,HEAVY LOAD,91.27,83.09,HEAVY,283.72,VERY HIGH,HEAVY LOAD,27.84,54.0,216.2,0.25,22.0,COOLING,0.25,22.0,COOLING,0.25,22.0,COOLING,0.25,22.0,COOLING,22.561,22.407,22.537,21.891,22.349,22.561,21.891,0.67,1118.54,147.75,143.99,558.43,85.0,850.0,935.0,85.0,194.77,252.1,303.38,263.11,-90.34,23.34,-84.34,151.34,875.0,875.0,875.0,875.0,432.97,398.19,423.03,182.88,1968.71,1955.0,1013.36,3500.0,1437.07,0.411,0.263,0.0,0.0,22.5,TARGETED_HOTSPOT_COOL,1.1514
5,Opposing Thermal Zones,0,98,980.0,23,1,10,11,1,91.33,82.45,HEAVY,282.84,VERY HIGH,HEAVY LOAD,87.77,79.92,HEAVY,274.59,VERY HIGH,HEAVY LOAD,90.39,81.95,HEAVY,280.91,VERY HIGH,HEAVY LOAD,89.61,82.58,HEAVY,280.88,VERY HIGH,HEAVY LOAD,16.58,4.78,LIGHT,72.89,LOW,RUNNING,17.67,4.91,LIGHT,74.45,LOW,RUNNING,15.11,3.62,LIGHT,69.32,LOW,RUNNING,17.41,5.18,LIGHT,74.53,LOW,RUNNING,87.67,80.33,HEAVY,275.08,VERY HIGH,HEAVY LOAD,91.44,83.1,HEAVY,283.95,VERY HIGH,HEAVY LOAD,27.84,54.0,216.3,0.25,22.0,COOLING,0.25,22.0,COOLING,0.25,22.0,COOLING,0.25,22.0,COOLING,22.57,22.415,22.546,21.895,22.357,22.57,21.895,0.675,1119.22,147.34,143.85,559.03,85.0,850.0,935.0,85.0,194.61,252.0,303.27,263.09,-91.0,23.5,-85.0,152.5,875.0,875.0,875.0,875.0,432.83,397.84,422.12,184.62,1969.44,1955.0,1012.97,3500.0,1437.41,0.42,0.273,0.0,0.0,22.5,TARGETED_HOTSPOT_COOL,1.1627
5,Opposing Thermal Zones,0,99,990.0,23,1,10,11,1,91.25,82.52,HEAVY,282.84,VERY HIGH,HEAVY LOAD,87.86,80.05,HEAVY,274.9,VERY HIGH,HEAVY LOAD,90.57,82.03,HEAVY,281.26,VERY HIGH,HEAVY LOAD,89.71,82.52,HEAVY,280.92,VERY HIGH,HEAVY LOAD,16.52,4.71,LIGHT,72.72,LOW,RUNNING,17.54,4.83,LIGHT,74.17,LOW,RUNNING,15.02,3.6,LIGHT,69.17,LOW,RUNNING,17.44,5.24,LIGHT,74.66,LOW,RUNNING,87.84,80.43,HEAVY,275.44,VERY HIGH,HEAVY LOAD,91.57,83.08,HEAVY,284.08,VERY HIGH,HEAVY LOAD,27.84,54.0,216.5,0.25,22.0,COOLING,0.25,22.0,COOLING,0.25,22.0,COOLING,0.25,22.0,COOLING,22.579,22.423,22.555,21.899,22.364,22.579,21.899,0.68,1119.92,146.89,143.83,559.52,85.0,850.0,935.0,85.0,194.49,251.95,303.26,263.13,-91.66,23.66,-85.66,153.66,875.0,875.0,875.0,875.0,432.75,397.5,421.43,186.31,1970.16,1955.0,1012.83,3500.0,1437.99,0.43,0.282,0.0,0.0,22.5,TARGETED_HOTSPOT_COOL,1.1745
5,Opposing Thermal Zones,0,100,1000.0,23,1,10,11,1,91.21,82.62,HEAVY,282.94,VERY HIGH,HEAVY LOAD,87.99,80.18,HEAVY,275.26,VERY HIGH,HEAVY LOAD,90.74,82.08,HEAVY,281.55,VERY HIGH,HEAVY LOAD,89.77,82.44,HEAVY,280.87,VERY HIGH,HEAVY LOAD,16.44,4.63,LIGHT,72.5,LOW,RUNNING,17.4,4.75,LIGHT,73.88,LOW,RUNNING,14.95,3.6,LIGHT,69.09,LOW,RUNNING,17.5,5.32,LIGHT,74.86,LOW,RUNNING,88.02,80.51,HEAVY,275.79,VERY HIGH,HEAVY LOAD,91.68,83.04,HEAVY,284.16,VERY HIGH,HEAVY LOAD,27.85,54.0,216.7,0.25,22.0,COOLING,0.25,22.0,COOLING,0.25,22.0,COOLING,0.25,22.0,COOLING,22.588,22.431,22.564,21.903,22.372,22.588,21.903,0.685,1120.62,146.38,143.95,559.95,85.0,850.0,935.0,85.0,194.59,252.12,303.45,263.39,-92.32,23.82,-86.32,154.82,875.0,875.0,875.0,875.0,432.89,397.32,421.08,188.16,1970.9,1955.0,1013.55,3500.0,1439.45,0.44,0.291,0.0,0.0,22.5,TARGETED_HOTSPOT_COOL,1.1867
5,Opposing Thermal Zones,0,101,1010.0,23,1,10,11,1,91.2,82.73,HEAVY,283.1,VERY HIGH,HEAVY LOAD,88.14,80.3,HEAVY,275.62,VERY HIGH,HEAVY LOAD,90.91,82.1,HEAVY,281.79,VERY HIGH,HEAVY LOAD,89.8,82.34,HEAVY,280.76,VERY HIGH,HEAVY LOAD,16.34,4.54,LIGHT,72.23,LOW,RUNNING,17.27,4.69,LIGHT,73.62,LOW,RUNNING,14.91,3.62,LIGHT,69.07,LOW,RUNNING,17.59,5.4,LIGHT,75.09,LOW,RUNNING,88.2,80.57,HEAVY,276.11,VERY HIGH,HEAVY LOAD,91.76,82.97,HEAVY,284.16,VERY HIGH,HEAVY LOAD,27.85,54.0,216.8,0.25,22.0,COOLING,0.25,22.0,COOLING,0.25,22.0,COOLING,0.25,22.0,COOLING,22.597,22.439,22.573,21.907,22.379,22.597,21.907,0.69,1121.27,145.85,144.16,560.27,85.0,850.0,935.0,85.0,194.43,252.01,303.35,263.36,-92.98,23.98,-86.98,155.98,875.0,875.0,875.0,875.0,432.72,396.84,420.53,189.61,1971.55,1955.0,1013.15,3500.0,1439.7,0.48,0.331,0.0,0.0,22.5,TARGETED_HOTSPOT_COOL,1.1987
5,Opposing Thermal Zones,0,102,1020.0,23,1,10,11,1,91.24,82.86,HEAVY,283.34,VERY HIGH,HEAVY LOAD,88.31,80.41,HEAVY,276.0,VERY HIGH,HEAVY LOAD,91.05,82.09,HEAVY,281.95,VERY HIGH,HEAVY LOAD,89.79,82.23,HEAVY,280.58,VERY HIGH,HEAVY LOAD,16.23,4.45,LIGHT,71.96,LOW,RUNNING,17.15,4.64,LIGHT,73.4,LOW,RUNNING,14.9,3.66,LIGHT,69.11,LOW,RUNNING,17.7,5.49,LIGHT,75.36,LOW,RUNNING,88.36,80.6,HEAVY,276.35,VERY HIGH,HEAVY LOAD,91.8,82.87,HEAVY,284.06,VERY HIGH,HEAVY LOAD,27.85,54.0,217.0,0.25,22.0,COOLING,0.25,22.0,COOLING,0.25,22.0,COOLING,0.25,22.0,COOLING,22.606,22.447,22.582,21.911,22.387,22.606,21.911,0.695,1121.87,145.36,144.47,560.41,85.0,850.0,935.0,85.0,194.32,251.96,303.34,263.39,-93.64,24.14,-87.64,157.14,875.0,875.0,875.0,875.0,432.55,396.46,420.17,190.94,1972.11,1955.0,1013.01,3500.0,1440.12,0.459,0.31,0.0,0.0,22.5,TARGETED_HOTSPOT_COOL,1.2126
5,Opposing Thermal Zones,0,103,1030.0,23,1,10,11,1,91.32,82.99,HEAVY,283.63,VERY HIGH,HEAVY LOAD,88.48,80.5,HEAVY,276.35,VERY HIGH,HEAVY LOAD,91.16,82.05,HEAVY,282.02,VERY HIGH,HEAVY LOAD,89.73,82.1,HEAVY,280.31,VERY HIGH,HEAVY LOAD,16.1,4.37,LIGHT,71.68,LOW,RUNNING,17.05,4.61,LIGHT,73.23,LOW,RUNNING,14.92,3.71,LIGHT,69.22,LOW,RUNNING,17.82,5.58,LIGHT,75.65,LOW,RUNNING,88.51,80.6,HEAVY,276.54,VERY HIGH,HEAVY LOAD,91.79,82.76,HEAVY,283.88,VERY HIGH,HEAVY LOAD,27.86,54.0,217.2,0.25,22.0,COOLING,0.25,22.0,COOLING,0.25,22.0,COOLING,0.25,22.0,COOLING,22.615,22.455,22.591,21.915,22.394,22.615,21.915,0.7,1122.31,144.91,144.87,560.42,85.0,850.0,935.0,85.0,194.41,252.13,303.53,263.65,-94.3,24.3,-88.3,158.3,875.0,875.0,875.0,875.0,432.42,396.34,420.1,192.37,1972.51,1955.0,1013.72,3500.0,1441.23,0.468,0.319,0.0,0.0,22.5,TARGETED_HOTSPOT_COOL,1.2262
5,Opposing Thermal Zones,0,104,1040.0,23,1,10,11,1,91.43,83.12,HEAVY,283.97,VERY HIGH,HEAVY LOAD,88.66,80.56,HEAVY,276.66,VERY HIGH,HEAVY LOAD,91.25,81.98,HEAVY,282.03,VERY HIGH,HEAVY LOAD,89.64,81.96,HEAVY,279.99,VERY HIGH,HEAVY LOAD,15.96,4.29,LIGHT,71.39,LOW,RUNNING,16.98,4.6,LIGHT,73.12,LOW,RUNNING,14.97,3.78,LIGHT,69.38,LOW,RUNNING,17.95,5.66,LIGHT,75.93,LOW,RUNNING,88.64,80.56,HEAVY,276.64,VERY HIGH,HEAVY LOAD,91.75,82.63,HEAVY,283.63,VERY HIGH,HEAVY LOAD,27.86,54.0,217.3,0.25,22.0,COOLING,0.25,22.0,COOLING,0.25,22.0,COOLING,0.25,22.0,COOLING,22.624,22.463,22.6,21.919,22.401,22.624,21.919,0.705,1122.65,144.51,145.31,560.27,85.0,850.0,935.0,85.0,194.26,252.02,303.42,263.63,-94.96,24.46,-88.96,159.46,875.0,875.0,875.0,875.0,431.95,395.99,419.77,193.36,1972.74,1955.0,1013.33,3500.0,1441.07,0.478,0.329,0.0,0.0,22.5,TARGETED_HOTSPOT_COOL,1.2402
5,Opposing Thermal Zones,0,105,1050.0,23,1,10,11,1,91.57,83.25,HEAVY,284.34,VERY HIGH,HEAVY LOAD,88.83,80.59,HEAVY,276.92,VERY HIGH,HEAVY LOAD,91.29,81.89,HEAVY,281.95,VERY HIGH,HEAVY LOAD,89.52,81.83,HEAVY,279.64,VERY HIGH,HEAVY LOAD,15.83,4.22,LIGHT,71.12,LOW,RUNNING,16.92,4.61,LIGHT,73.07,LOW,RUNNING,15.05,3.86,LIGHT,69.6,LOW,RUNNING,18.09,5.74,LIGHT,76.22,LOW,RUNNING,88.73,80.5,HEAVY,276.66,VERY HIGH,HEAVY LOAD,91.67,82.5,HEAVY,283.34,VERY HIGH,HEAVY LOAD,27.86,54.0,217.5,0.25,22.0,COOLING,0.25,22.0,COOLING,0.25,22.0,COOLING,0.25,22.0,COOLING,22.633,22.471,22.609,21.923,22.409,22.633,21.923,0.71,1122.85,144.19,145.82,560.0,85.0,850.0,935.0,85.0,194.13,251.98,303.4,263.67,-95.62,24.62,-89.62,160.62,875.0,875.0,875.0,875.0,431.36,395.79,419.6,194.29,1972.86,1955.0,1013.18,3500.0,1441.04,0.487,0.339,0.0,0.0,22.5,TARGETED_HOTSPOT_COOL,1.2547
5,Opposing Thermal Zones,0,106,1060.0,23,1,10,11,1,91.73,83.36,HEAVY,284.7,VERY HIGH,HEAVY LOAD,88.99,80.6,HEAVY,277.14,VERY HIGH,HEAVY LOAD,91.3,81.78,HEAVY,281.8,VERY HIGH,HEAVY LOAD,89.38,81.71,HEAVY,279.29,VERY HIGH,HEAVY LOAD,15.71,4.16,LIGHT,70.88,LOW,RUNNING,16.9,4.64,LIGHT,73.08,LOW,RUNNING,15.15,3.95,LIGHT,69.86,LOW,RUNNING,18.22,5.81,LIGHT,76.49,LOW,RUNNING,88.78,80.42,HEAVY,276.61,VERY HIGH,HEAVY LOAD,91.56,82.36,HEAVY,282.99,VERY HIGH,HEAVY LOAD,27.87,54.0,217.7,0.25,22.0,COOLING,0.25,22.0,COOLING,0.25,22.0,COOLING,0.25,22.0,COOLING,22.642,22.479,22.618,21.927,22.416,22.642,21.927,0.715,1122.93,143.96,146.35,559.6,85.0,850.0,935.0,85.0,194.24,252.14,303.6,263.92,-96.28,24.78,-90.28,161.78,875.0,875.0,875.0,875.0,430.89,395.88,419.67,195.3,1972.84,1955.0,1013.9,3500.0,1441.74,0.496,0.348,0.0,0.0,22.5,TARGETED_HOTSPOT_COOL,1.2697
5,Opposing Thermal Zones,0,107,1070.0,23,1,10,11,1,91.9,83.46,HEAVY,285.06,VERY HIGH,HEAVY LOAD,89.12,80.57,HEAVY,277.25,VERY HIGH,HEAVY LOAD,91.26,81.66,HEAVY,281.56,VERY HIGH,HEAVY LOAD,89.21,81.6,HEAVY,278.91,VERY HIGH,HEAVY LOAD,15.6,4.12,LIGHT,70.68,LOW,RUNNING,16.91,4.69,LIGHT,73.17,LOW,RUNNING,15.26,4.04,LIGHT,70.14,LOW,RUNNING,18.34,5.86,LIGHT,76.72,LOW,RUNNING,88.8,80.31,HEAVY,276.47,VERY HIGH,HEAVY LOAD,91.42,82.24,HEAVY,282.63,VERY HIGH,HEAVY LOAD,27.87,54.0,217.8,0.25,22.0,COOLING,0.25,22.0,COOLING,0.25,22.0,COOLING,0.25,22.0,COOLING,22.651,22.487,22.627,21.931,22.424,22.651,21.931,0.72,1122.78,143.85,146.86,559.1,85.0,850.0,935.0,85.0,194.07,252.03,303.49,263.89,-96.94,24.94,-90.94,162.94,875.0,875.0,875.0,875.0,429.91,395.82,419.41,195.93,1972.59,1955.0,1013.48,3500.0,1441.07,0.506,0.358,0.0,0.0,22.5,TARGETED_HOTSPOT_COOL,1.285
5,Opposing Thermal Zones,0,108,1080.0,23,1,10,11,1,92.08,83.54,HEAVY,285.41,VERY HIGH,HEAVY LOAD,89.21,80.52,HEAVY,277.29,VERY HIGH,HEAVY LOAD,91.19,81.52,HEAVY,281.27,VERY HIGH,HEAVY LOAD,89.03,81.51,HEAVY,278.55,VERY HIGH,HEAVY LOAD,15.51,4.1,LIGHT,70.54,LOW,RUNNING,16.95,4.75,LIGHT,73.31,LOW,RUNNING,15.39,4.13,LIGHT,70.43,LOW,RUNNING,18.44,5.89,LIGHT,76.88,LOW,RUNNING,88.78,80.19,HEAVY,276.26,VERY HIGH,HEAVY LOAD,91.25,82.12,HEAVY,282.24,VERY HIGH,HEAVY LOAD,27.88,54.0,218.0,0.25,22.0,COOLING,0.25,22.0,COOLING,0.25,22.0,COOLING,0.25,22.0,COOLING,22.66,22.495,22.636,21.935,22.431,22.66,21.935,0.725,1122.52,143.85,147.31,558.5,85.0,850.0,935.0,85.0,194.17,252.2,303.69,264.15,-97.6,25.1,-91.6,164.1,875.0,875.0,875.0,875.0,429.09,396.15,419.4,196.75,1972.18,1955.0,1014.21,3500.0,1441.39,0.515,0.368,0.0,0.0,22.5,TARGETED_HOTSPOT_COOL,1.3007
5,Opposing Thermal Zones,0,109,1090.0,23,1,10,11,1,92.26,83.58,HEAVY,285.7,VERY HIGH,HEAVY LOAD,89.28,80.44,HEAVY,277.26,VERY HIGH,HEAVY LOAD,91.08,81.39,HEAVY,280.94,VERY HIGH,HEAVY LOAD,88.85,81.44,HEAVY,278.22,VERY HIGH,HEAVY LOAD,15.44,4.1,LIGHT,70.45,LOW,RUNNING,17.01,4.82,LIGHT,73.49,LOW,RUNNING,15.53,4.21,LIGHT,70.73,LOW,RUNNING,18.52,5.9,LIGHT,77.0,LOW,RUNNING,88.71,80.06,HEAVY,275.98,VERY HIGH,HEAVY LOAD,91.08,82.03,HEAVY,281.89,VERY HIGH,HEAVY LOAD,27.88,54.0,218.2,0.25,22.0,COOLING,0.25,22.0,COOLING,0.25,22.0,COOLING,0.25,22.0,COOLING,22.669,22.503,22.645,21.939,22.439,22.669,21.939,0.73,1122.12,143.94,147.73,557.87,85.0,850.0,935.0,85.0,194.06,252.16,303.67,264.2,-98.26,25.26,-92.26,165.26,875.0,875.0,875.0,875.0,427.92,396.36,419.14,197.33,1971.66,1955.0,1014.09,3500.0,1440.75,0.555,0.409,0.0,0.0,22.5,TARGETED_HOTSPOT_COOL,1.316
5,Opposing Thermal Zones,0,110,1100.0,23,1,10,11,1,92.42,83.6,HEAVY,285.93,VERY HIGH,HEAVY LOAD,89.3,80.33,HEAVY,277.12,VERY HIGH,HEAVY LOAD,90.95,81.26,HEAVY,280.58,VERY HIGH,HEAVY LOAD,88.68,81.41,HEAVY,277.97,VERY HIGH,HEAVY LOAD,15.41,4.12,LIGHT,70.44,LOW,RUNNING,17.1,4.91,LIGHT,73.74,LOW,RUNNING,15.66,4.28,LIGHT,71.0,LOW,RUNNING,18.57,5.89,LIGHT,77.05,LOW,RUNNING,88.61,79.92,HEAVY,275.64,VERY HIGH,HEAVY LOAD,90.9,81.96,HEAVY,281.56,VERY HIGH,HEAVY LOAD,27.88,54.0,218.3,0.25,22.0,COOLING,0.25,22.0,COOLING,0.25,22.0,COOLING,0.25,22.0,COOLING,22.678,22.511,22.654,21.943,22.447,22.678,21.943,0.735,1121.6,144.18,148.05,557.2,85.0,850.0,935.0,85.0,193.9,252.05,303.56,264.17,-98.92,25.42,-92.92,166.42,875.0,875.0,875.0,875.0,426.58,396.65,418.69,197.79,1971.03,1955.0,1013.68,3500.0,1439.71,0.533,0.388,0.0,0.0,22.5,TARGETED_HOTSPOT_COOL,1.3333
5,Opposing Thermal Zones,0,111,1110.0,23,1,10,11,1,92.56,83.59,HEAVY,286.09,VERY HIGH,HEAVY LOAD,89.28,80.21,HEAVY,276.92,VERY HIGH,HEAVY LOAD,90.79,81.14,HEAVY,280.2,VERY HIGH,HEAVY LOAD,88.53,81.4,HEAVY,277.76,VERY HIGH,HEAVY LOAD,15.4,4.16,LIGHT,70.49,LOW,RUNNING,17.21,5.0,LIGHT,74.01,LOW,RUNNING,15.78,4.33,LIGHT,71.22,LOW,RUNNING,18.6,5.86,LIGHT,77.04,LOW,RUNNING,88.48,79.79,HEAVY,275.29,VERY HIGH,HEAVY LOAD,90.73,81.91,HEAVY,281.28,VERY HIGH,HEAVY LOAD,27.89,54.0,218.5,0.25,22.0,COOLING,0.25,22.0,COOLING,0.25,22.0,COOLING,0.25,22.0,COOLING,22.687,22.519,22.663,21.947,22.454,22.687,21.947,0.74,1120.97,144.5,148.26,556.57,85.0,850.0,935.0,85.0,194.0,252.21,303.76,264.42,-99.58,25.58,-93.58,167.58,875.0,875.0,875.0,875.0,425.39,397.29,418.44,198.57,1970.3,1955.0,1014.39,3500.0,1439.69,0.575,0.43,0.0,0.0,22.5,TARGETED_HOTSPOT_COOL,1.3493
5,Opposing Thermal Zones,0,112,1120.0,23,1,10,11,1,92.67,83.55,HEAVY,286.16,VERY HIGH,HEAVY LOAD,89.23,80.08,HEAVY,276.66,VERY HIGH,HEAVY LOAD,90.61,81.05,HEAVY,279.84,VERY HIGH,HEAVY LOAD,88.39,81.42,HEAVY,277.62,VERY HIGH,HEAVY LOAD,15.42,4.22,LIGHT,70.61,LOW,RUNNING,17.33,5.09,LIGHT,74.3,LOW,RUNNING,15.89,4.38,LIGHT,71.43,LOW,RUNNING,18.59,5.82,LIGHT,76.97,LOW,RUNNING,88.33,79.67,HEAVY,274.92,VERY HIGH,HEAVY LOAD,90.56,81.9,HEAVY,281.05,VERY HIGH,HEAVY LOAD,27.89,54.0,218.7,0.25,22.0,COOLING,0.25,22.0,COOLING,0.25,22.0,COOLING,0.25,22.0,COOLING,22.696,22.527,22.672,21.951,22.462,22.696,21.951,0.745,1120.28,144.91,148.4,555.97,85.0,850.0,935.0,85.0,193.87,252.17,303.74,264.46,-100.24,25.74,-94.24,168.74,875.0,875.0,875.0,875.0,423.91,397.82,417.9,199.17,1969.56,1955.0,1014.24,3500.0,1438.8,0.551,0.406,0.0,0.0,22.5,TARGETED_HOTSPOT_COOL,1.3674
5,Opposing Thermal Zones,0,113,1130.0,23,1,10,11,1,92.75,83.48,HEAVY,286.16,VERY HIGH,HEAVY LOAD,89.14,79.95,HEAVY,276.35,VERY HIGH,HEAVY LOAD,90.43,80.97,HEAVY,279.49,VERY HIGH,HEAVY LOAD,88.29,81.48,HEAVY,277.58,VERY HIGH,HEAVY LOAD,15.48,4.29,LIGHT,70.78,LOW,RUNNING,17.46,5.17,LIGHT,74.58,LOW,RUNNING,15.98,4.4,LIGHT,71.57,LOW,RUNNING,18.56,5.76,LIGHT,76.84,LOW,RUNNING,88.16,79.57,HEAVY,274.55,VERY HIGH,HEAVY LOAD,90.43,81.92,HEAVY,280.92,VERY HIGH,HEAVY LOAD,27.89,54.0,218.8,0.25,22.0,COOLING,0.25,22.0,COOLING,0.25,22.0,COOLING,0.25,22.0,COOLING,22.705,22.535,22.681,21.955,22.469,22.705,21.955,0.75,1119.58,145.36,148.41,555.47,85.0,850.0,935.0,85.0,193.72,252.05,303.64,264.44,-100.9,25.9,-94.9,169.9,875.0,875.0,875.0,875.0,422.4,398.31,417.15,199.81,1968.82,1955.0,1013.85,3500.0,1437.67,0.593,0.45,0.0,0.0,22.5,TARGETED_HOTSPOT_COOL,1.384
5,Opposing Thermal Zones,0,114,1140.0,23,1,10,11,1,92.79,83.38,HEAVY,286.06,VERY HIGH,HEAVY LOAD,89.01,79.82,HEAVY,275.99,VERY HIGH,HEAVY LOAD,90.26,80.92,HEAVY,279.2,VERY HIGH,HEAVY LOAD,88.23,81.56,HEAVY,277.63,VERY HIGH,HEAVY LOAD,15.56,4.37,LIGHT,71.01,LOW,RUNNING,17.6,5.25,LIGHT,74.88,LOW,RUNNING,16.05,4.4,LIGHT,71.66,LOW,RUNNING,18.5,5.68,LIGHT,76.64,LOW,RUNNING,87.98,79.49,HEAVY,274.21,VERY HIGH,HEAVY LOAD,90.32,81.96,HEAVY,280.84,VERY HIGH,HEAVY LOAD,27.9,54.0,219.0,0.25,22.0,COOLING,0.25,22.0,COOLING,0.25,22.0,COOLING,0.25,22.0,COOLING,22.714,22.543,22.69,21.959,22.477,22.714,21.959,0.755,1118.88,145.89,148.3,555.05,85.0,850.0,935.0,85.0,193.81,252.23,303.83,264.7,-101.56,26.06,-95.56,171.06,875.0,875.0,875.0,875.0,421.13,399.18,416.57,200.81,1968.12,1955.0,1014.57,3500.0,1437.69,0.566,0.423,0.0,0.0,22.5,TARGETED_HOTSPOT_COOL,1.4029
5,Opposing Thermal Zones,0,115,1150.0,23,1,10,11,1,92.8,83.27,HEAVY,285.9,VERY HIGH,HEAVY LOAD,88.86,79.7,HEAVY,275.62,VERY HIGH,HEAVY LOAD,90.09,80.9,HEAVY,278.96,VERY HIGH,HEAVY LOAD,88.2,81.66,HEAVY,277.74,VERY HIGH,HEAVY LOAD,15.66,4.46,LIGHT,71.27,LOW,RUNNING,17.73,5.31,LIGHT,75.13,LOW,RUNNING,16.09,4.38,LIGHT,71.68,LOW,RUNNING,18.41,5.6,LIGHT,76.41,LOW,RUNNING,87.8,79.43,HEAVY,273.9,VERY HIGH,HEAVY LOAD,90.24,82.03,HEAVY,280.85,VERY HIGH,HEAVY LOAD,27.9,54.0,219.2,0.25,22.0,COOLING,0.25,22.0,COOLING,0.25,22.0,COOLING,0.25,22.0,COOLING,22.723,22.551,22.698,21.963,22.484,22.723,21.963,0.76,1118.22,146.4,148.09,554.75,85.0,850.0,935.0,85.0,193.7,252.18,303.81,264.73,-102.22,26.22,-96.22,172.22,875.0,875.0,875.0,875.0,419.7,399.8,415.68,201.7,1967.46,1955.0,1014.42,3500.0,1436.88,0.615,0.466,0.0,0.0,22.5,TARGETED_HOTSPOT_COOL,1.4184
5,Opposing Thermal Zones,0,116,1160.0,23,1,10,11,1,92.76,83.14,HEAVY,285.66,VERY HIGH,HEAVY LOAD,88.69,79.59,HEAVY,275.25,VERY HIGH,HEAVY LOAD,89.95,80.91,HEAVY,278.8,VERY HIGH,HEAVY LOAD,88.21,81.77,HEAVY,277.92,VERY HIGH,HEAVY LOAD,15.77,4.55,LIGHT,71.54,LOW,RUNNING,17.85,5.36,LIGHT,75.35,LOW,RUNNING,16.1,4.34,LIGHT,71.64,LOW,RUNNING,18.3,5.51,LIGHT,76.14,LOW,RUNNING,87.64,79.4,HEAVY,273.65,VERY HIGH,HEAVY LOAD,90.2,82.13,HEAVY,280.94,VERY HIGH,HEAVY LOAD,27.9,54.0,219.3,0.25,22.0,COOLING,0.25,22.0,COOLING,0.25,22.0,COOLING,0.25,22.0,COOLING,22.732,22.559,22.706,21.967,22.491,22.732,21.967,0.765,1117.63,146.89,147.78,554.59,85.0,850.0,935.0,85.0,193.55,252.06,303.73,264.71,-102.89,26.27,-96.65,173.27,875.0,875.0,875.0,875.0,418.29,400.22,414.86,202.57,1966.89,1955.0,1014.05,3500.0,1435.94,0.627,0.472,0.0,0.0,22.5,TARGETED_HOTSPOT_COOL,1.4354
5,Opposing Thermal Zones,0,117,1170.0,23,1,10,11,1,92.68,83.01,HEAVY,285.37,VERY HIGH,HEAVY LOAD,88.52,79.5,HEAVY,274.9,VERY HIGH,HEAVY LOAD,89.84,80.95,HEAVY,278.73,VERY HIGH,HEAVY LOAD,88.27,81.9,HEAVY,278.19,VERY HIGH,HEAVY LOAD,15.9,4.63,LIGHT,71.82,LOW,RUNNING,17.95,5.39,LIGHT,75.52,LOW,RUNNING,16.08,4.29,LIGHT,71.53,LOW,RUNNING,18.18,5.42,LIGHT,75.85,LOW,RUNNING,87.49,79.4,HEAVY,273.46,VERY HIGH,HEAVY LOAD,90.21,82.24,HEAVY,281.12,VERY HIGH,HEAVY LOAD,27.91,54.0,219.5,0.25,22.0,COOLING,0.25,22.0,COOLING,0.25,22.0,COOLING,0.25,22.0,COOLING,22.741,22.567,22.714,21.971,22.498,22.741,21.971,0.77,1117.19,147.34,147.38,554.58,85.0,850.0,935.0,85.0,193.64,252.24,303.95,264.96,-103.57,26.32,-97.07,174.32,875.0,875.0,875.0,875.0,417.26,400.9,414.26,203.86,1966.49,1955.0,1014.79,3500.0,1436.28,0.6,0.44,0.0,0.0,22.5,TARGETED_HOTSPOT_COOL,1.4539
5,Opposing Thermal Zones,0,118,1180.0,23,1,10,11,1,92.57,82.88,HEAVY,285.03,VERY HIGH,HEAVY LOAD,88.34,79.44,HEAVY,274.59,VERY HIGH,HEAVY LOAD,89.75,81.02,HEAVY,278.72,VERY HIGH,HEAVY LOAD,88.36,82.04,HEAVY,278.51,VERY HIGH,HEAVY LOAD,16.04,4.71,LIGHT,72.11,LOW,RUNNING,18.02,5.4,LIGHT,75.62,LOW,RUNNING,16.03,4.22,LIGHT,71.37,LOW,RUNNING,18.05,5.34,LIGHT,75.57,LOW,RUNNING,87.36,79.44,HEAVY,273.36,VERY HIGH,HEAVY LOAD,90.25,82.37,HEAVY,281.37,VERY HIGH,HEAVY LOAD,27.91,54.0,219.7,0.25,22.0,COOLING,0.25,22.0,COOLING,0.25,22.0,COOLING,0.25,22.0,COOLING,22.749,22.575,22.722,21.975,22.505,22.749,21.975,0.774,1116.85,147.73,146.94,554.73,85.0,850.0,935.0,85.0,193.52,252.18,303.95,265.0,-104.24,26.37,-97.49,175.37,875.0,875.0,875.0,875.0,416.13,401.28,413.4,205.1,1966.25,1955.0,1014.65,3500.0,1435.91,0.608,0.449,0.0,0.0,22.5,TARGETED_HOTSPOT_COOL,1.4694
5,Opposing Thermal Zones,0,119,1190.0,23,1,10,11,1,92.43,82.75,HEAVY,284.66,VERY HIGH,HEAVY LOAD,88.17,79.41,HEAVY,274.33,VERY HIGH,HEAVY LOAD,89.71,81.11,HEAVY,278.8,VERY HIGH,HEAVY LOAD,88.48,82.17,HEAVY,278.86,VERY HIGH,HEAVY LOAD,16.17,4.78,LIGHT,72.38,LOW,RUNNING,18.08,5.39,LIGHT,75.68,LOW,RUNNING,15.95,4.14,LIGHT,71.15,LOW,RUNNING,17.91,5.26,LIGHT,75.28,LOW,RUNNING,87.27,79.5,HEAVY,273.34,VERY HIGH,HEAVY LOAD,90.33,82.5,HEAVY,281.66,VERY HIGH,HEAVY LOAD,27.91,54.0,219.8,0.25,22.0,COOLING,0.25,22.0,COOLING,0.25,22.0,COOLING,0.25,22.0,COOLING,22.757,22.583,22.73,21.979,22.512,22.757,21.979,0.778,1116.65,148.06,146.43,555.0,85.0,850.0,935.0,85.0,193.38,252.08,303.86,264.98,-104.68,26.31,-97.94,176.31,875.0,875.0,875.0,875.0,415.35,401.45,412.35,206.29,1966.14,1955.0,1014.3,3500.0,1435.44,0.656,0.496,0.0,0.0,22.5,TARGETED_HOTSPOT_COOL,1.4839
5,Opposing Thermal Zones,0,120,1200.0,23,1,10,11,1,92.27,82.64,HEAVY,284.3,VERY HIGH,HEAVY LOAD,88.01,79.4,HEAVY,274.11,VERY HIGH,HEAVY LOAD,89.7,81.22,HEAVY,278.95,VERY HIGH,HEAVY LOAD,88.62,82.29,HEAVY,279.21,VERY HIGH,HEAVY LOAD,16.29,4.84,LIGHT,72.62,LOW,RUNNING,18.1,5.36,LIGHT,75.67,LOW,RUNNING,15.85,4.05,LIGHT,70.89,LOW,RUNNING,17.78,5.19,LIGHT,75.01,LOW,RUNNING,87.22,79.58,HEAVY,273.39,VERY HIGH,HEAVY LOAD,90.44,82.64,HEAVY,282.01,VERY HIGH,HEAVY LOAD,27.92,54.0,220.0,0.25,22.0,COOLING,0.25,22.0,COOLING,0.25,22.0,COOLING,0.25,22.0,COOLING,22.765,22.591,22.738,21.983,22.519,22.765,21.983,0.782,1116.57,148.29,145.9,555.4,85.0,850.0,935.0,85.0,193.5,252.25,304.09,265.23,-105.13,26.25,-98.38,177.25,875.0,875.0,875.0,875.0,414.94,401.79,411.61,207.88,1966.16,1955.0,1015.07,3500.0,1436.22,0.666,0.506,0.0,0.0,22.5,TARGETED_HOTSPOT_COOL,1.5
5,Opposing Thermal Zones,0,121,1210.0,23,1,10,11,1,92.1,82.54,HEAVY,283.94,VERY HIGH,HEAVY LOAD,87.88,79.43,HEAVY,274.0,VERY HIGH,HEAVY LOAD,89.74,81.34,HEAVY,279.19,VERY HIGH,HEAVY LOAD,88.79,82.4,HEAVY,279.59,VERY HIGH,HEAVY LOAD,16.4,4.88,LIGHT,72.82,LOW,RUNNING,18.09,5.31,LIGHT,75.58,LOW,RUNNING,15.74,3.96,LIGHT,70.61,LOW,RUNNING,17.66,5.14,LIGHT,74.78,LOW,RUNNING,87.2,79.69,HEAVY,273.53,VERY HIGH,HEAVY LOAD,90.58,82.76,HEAVY,282.37,VERY HIGH,HEAVY LOAD,27.92,54.0,220.2,0.25,22.0,COOLING,0.25,22.0,COOLING,0.25,22.0,COOLING,0.25,22.0,COOLING,22.773,22.599,22.746,21.987,22.526,22.773,21.987,0.786,1116.72,148.4,145.39,555.9,85.0,850.0,935.0,85.0,193.41,252.19,304.08,265.27,-105.56,26.19,-98.81,178.19,875.0,875.0,875.0,875.0,414.57,401.78,410.66,209.36,1966.41,1955.0,1014.95,3500.0,1436.37,0.635,0.474,0.0,0.0,22.5,TARGETED_HOTSPOT_COOL,1.5179
5,Opposing Thermal Zones,0,122,1220.0,23,1,10,11,1,91.92,82.46,HEAVY,283.59,VERY HIGH,HEAVY LOAD,87.79,79.48,HEAVY,273.96,VERY HIGH,HEAVY LOAD,89.81,81.48,HEAVY,279.48,VERY HIGH,HEAVY LOAD,88.97,82.49,HEAVY,279.95,VERY HIGH,HEAVY LOAD,16.49,4.9,LIGHT,72.96,LOW,RUNNING,18.05,5.25,LIGHT,75.44,LOW,RUNNING,15.61,3.87,LIGHT,70.32,LOW,RUNNING,17.56,5.11,LIGHT,74.61,LOW,RUNNING,87.22,79.81,HEAVY,273.74,VERY HIGH,HEAVY LOAD,90.75,82.88,HEAVY,282.76,VERY HIGH,HEAVY LOAD,27.92,54.0,220.3,0.25,22.0,COOLING,0.25,22.0,COOLING,0.25,22.0,COOLING,0.25,22.0,COOLING,22.781,22.607,22.754,21.991,22.533,22.781,21.991,0.79,1116.98,148.4,144.93,556.5,85.0,850.0,935.0,85.0,193.27,252.09,304.0,265.25,-106.01,26.13,-99.25,179.13,875.0,875.0,875.0,875.0,414.24,401.62,409.68,210.88,1966.81,1955.0,1014.61,3500.0,1436.42,0.683,0.522,0.0,0.0,22.5,TARGETED_HOTSPOT_COOL,1.5333
5,Opposing Thermal Zones,0,123,1230.0,23,1,10,11,1,91.74,82.42,HEAVY,283.31,VERY HIGH,HEAVY LOAD,87.72,79.56,HEAVY,273.99,VERY HIGH,HEAVY LOAD,89.92,81.61,HEAVY,279.81,VERY HIGH,HEAVY LOAD,89.15,82.56,HEAVY,280.28,VERY HIGH,HEAVY LOAD,16.56,4.9,LIGHT,73.05,LOW,RUNNING,17.99,5.18,LIGHT,75.26,LOW,RUNNING,15.47,3.79,LIGHT,70.02,LOW,RUNNING,17.48,5.1,LIGHT,74.5,LOW,RUNNING,87.29,79.94,HEAVY,274.02,VERY HIGH,HEAVY LOAD,90.92,82.97,HEAVY,283.11,VERY HIGH,HEAVY LOAD,27.93,54.0,220.5,0.25,22.0,COOLING,0.25,22.0,COOLING,0.25,22.0,COOLING,0.25,22.0,COOLING,22.789,22.615,22.762,21.995,22.54,22.789,21.995,0.794,1117.39,148.31,144.52,557.13,85.0,850.0,935.0,85.0,193.39,252.25,304.22,265.5,-106.44,26.07,-99.7,180.07,875.0,875.0,875.0,875.0,414.34,401.63,409.04,212.7,1967.35,1955.0,1015.36,3500.0,1437.71,0.692,0.531,0.0,0.0,22.5,TARGETED_HOTSPOT_COOL,1.5505
5,Opposing Thermal Zones,0,124,1240.0,23,1,10,11,1,91.58,82.4,HEAVY,283.07,VERY HIGH,HEAVY LOAD,87.7,79.67,HEAVY,274.13,VERY HIGH,HEAVY LOAD,90.05,81.74,HEAVY,280.17,VERY HIGH,HEAVY LOAD,89.32,82.59,HEAVY,280.53,VERY HIGH,HEAVY LOAD,16.59,4.88,LIGHT,73.06,LOW,RUNNING,17.9,5.09,LIGHT,75.01,LOW,RUNNING,15.34,3.72,LIGHT,69.75,LOW,RUNNING,17.43,5.11,LIGHT,74.45,LOW,RUNNING,87.39,80.08,HEAVY,274.36,VERY HIGH,HEAVY LOAD,91.1,83.04,HEAVY,283.44,VERY HIGH,HEAVY LOAD,27.93,54.0,220.7,0.25,22.0,COOLING,0.25,22.0,COOLING,0.25,22.0,COOLING,0.25,22.0,COOLING,22.797,22.623,22.77,21.999,22.547,22.797,21.999,0.798,1117.9,148.07,144.2,557.8,85.0,850.0,935.0,85.0,193.29,252.21,304.22,265.54,-106.89,26.01,-100.14,181.01,875.0,875.0,875.0,875.0,414.3,401.29,408.28,214.35,1967.97,1955.0,1015.26,3500.0,1438.22,0.701,0.539,0.0,0.0,22.5,TARGETED_HOTSPOT_COOL,1.568
5,Opposing Thermal Zones,0,125,1250.0,23,1,10,11,1,91.44,82.41,HEAVY,282.92,VERY HIGH,HEAVY LOAD,87.72,79.79,HEAVY,274.33,VERY HIGH,HEAVY LOAD,90.21,81.86,HEAVY,280.55,VERY HIGH,HEAVY LOAD,89.47,82.6,HEAVY,280.74,VERY HIGH,HEAVY LOAD,16.6,4.84,LIGHT,73.01,LOW,RUNNING,17.79,5.0,LIGHT,74.74,LOW,RUNNING,15.22,3.67,LIGHT,69.53,LOW,RUNNING,17.4,5.14,LIGHT,74.46,LOW,RUNNING,87.52,80.21,HEAVY,274.71,VERY HIGH,HEAVY LOAD,91.27,83.09,HEAVY,283.72,VERY HIGH,HEAVY LOAD,27.93,54.0,220.8,0.25,22.0,COOLING,0.25,22.0,COOLING,0.25,22.0,COOLING,0.25,22.0,COOLING,22.805,22.631,22.778,22.003,22.554,22.805,22.003,0.802,1118.54,147.75,143.99,558.43,85.0,850.0,935.0,85.0,193.16,252.1,304.14,265.52,-107.33,25.95,-100.57,181.95,875.0,875.0,875.0,875.0,414.37,400.8,407.56,215.9,1968.71,1955.0,1014.92,3500.0,1438.63,0.71,0.547,0.0,0.0,22.5,TARGETED_HOTSPOT_COOL,1.586
5,Opposing Thermal Zones,0,126,1260.0,23,1,10,11,1,91.33,82.45,HEAVY,282.84,VERY HIGH,HEAVY LOAD,87.77,79.92,HEAVY,274.59,VERY HIGH,HEAVY LOAD,90.39,81.95,HEAVY,280.91,VERY HIGH,HEAVY LOAD,89.61,82.58,HEAVY,280.88,VERY HIGH,HEAVY LOAD,16.58,4.78,LIGHT,72.89,LOW,RUNNING,17.67,4.91,LIGHT,74.45,LOW,RUNNING,15.11,3.62,LIGHT,69.32,LOW,RUNNING,17.41,5.18,LIGHT,74.53,LOW,RUNNING,87.67,80.33,HEAVY,275.08,VERY HIGH,HEAVY LOAD,91.44,83.1,HEAVY,283.95,VERY HIGH,HEAVY LOAD,27.94,54.0,221.0,0.25,22.0,COOLING,0.25,22.0,COOLING,0.25,22.0,COOLING,0.25,22.0,COOLING,22.813,22.639,22.786,22.007,22.561,22.813,22.007,0.806,1119.22,147.34,143.85,559.03,85.0,850.0,935.0,85.0,193.28,252.26,304.36,265.77,-107.76,25.89,-101.01,182.89,875.0,875.0,875.0,875.0,414.74,400.49,407.2,217.69,1969.44,1955.0,1015.67,3500.0,1440.12,0.686,0.523,0.0,0.0,22.5,TARGETED_HOTSPOT_COOL,1.6053
5,Opposing Thermal Zones,0,127,1270.0,23,1,10,11,1,91.25,82.52,HEAVY,282.84,VERY HIGH,HEAVY LOAD,87.86,80.05,HEAVY,274.9,VERY HIGH,HEAVY LOAD,90.57,82.03,HEAVY,281.26,VERY HIGH,HEAVY LOAD,89.71,82.52,HEAVY,280.92,VERY HIGH,HEAVY LOAD,16.52,4.71,LIGHT,72.72,LOW,RUNNING,17.54,4.83,LIGHT,74.17,LOW,RUNNING,15.02,3.6,LIGHT,69.17,LOW,RUNNING,17.44,5.24,LIGHT,74.66,LOW,RUNNING,87.84,80.43,HEAVY,275.44,VERY HIGH,HEAVY LOAD,91.57,83.08,HEAVY,284.08,VERY HIGH,HEAVY LOAD,27.94,54.0,221.2,0.25,22.0,COOLING,0.25,22.0,COOLING,0.25,22.0,COOLING,0.25,22.0,COOLING,22.821,22.647,22.794,22.011,22.568,22.821,22.011,0.81,1119.92,146.89,143.83,559.52,85.0,850.0,935.0,85.0,193.18,252.22,304.36,265.81,-108.2,25.83,-101.46,183.83,875.0,875.0,875.0,875.0,414.9,399.94,406.73,219.16,1970.16,1955.0,1015.57,3500.0,1440.73,0.703,0.54,0.0,0.0,22.5,TARGETED_HOTSPOT_COOL,1.6236
5,Opposing Thermal Zones,0,128,1280.0,23,1,10,11,1,91.21,82.62,HEAVY,282.94,VERY HIGH,HEAVY LOAD,87.99,80.18,HEAVY,275.26,VERY HIGH,HEAVY LOAD,90.74,82.08,HEAVY,281.55,VERY HIGH,HEAVY LOAD,89.77,82.44,HEAVY,280.87,VERY HIGH,HEAVY LOAD,16.44,4.63,LIGHT,72.5,LOW,RUNNING,17.4,4.75,LIGHT,73.88,LOW,RUNNING,14.95,3.6,LIGHT,69.09,LOW,RUNNING,17.5,5.32,LIGHT,74.86,LOW,RUNNING,88.02,80.51,HEAVY,275.79,VERY HIGH,HEAVY LOAD,91.68,83.04,HEAVY,284.16,VERY HIGH,HEAVY LOAD,27.94,54.0,221.3,0.25,22.0,COOLING,0.25,22.0,COOLING,0.25,22.0,COOLING,0.25,22.0,COOLING,22.829,22.655,22.802,22.015,22.575,22.829,22.015,0.814,1120.62,146.38,143.95,559.95,85.0,850.0,935.0,85.0,193.05,252.11,304.28,265.78,-108.65,25.77,-101.9,184.77,875.0,875.0,875.0,875.0,415.02,399.26,406.33,220.5,1970.9,1955.0,1015.22,3500.0,1441.11,0.714,0.55,0.0,0.0,22.5,TARGETED_HOTSPOT_COOL,1.6426
5,Opposing Thermal Zones,0,129,1290.0,23,1,10,11,1,91.2,82.73,HEAVY,283.1,VERY HIGH,HEAVY LOAD,88.14,80.3,HEAVY,275.62,VERY HIGH,HEAVY LOAD,90.91,82.1,HEAVY,281.79,VERY HIGH,HEAVY LOAD,89.8,82.34,HEAVY,280.76,VERY HIGH,HEAVY LOAD,16.34,4.54,LIGHT,72.23,LOW,RUNNING,17.27,4.69,LIGHT,73.62,LOW,RUNNING,14.91,3.62,LIGHT,69.07,LOW,RUNNING,17.59,5.4,LIGHT,75.09,LOW,RUNNING,88.2,80.57,HEAVY,276.11,VERY HIGH,HEAVY LOAD,91.76,82.97,HEAVY,284.16,VERY HIGH,HEAVY LOAD,27.95,54.0,221.5,0.25,22.0,COOLING,0.25,22.0,COOLING,0.25,22.0,COOLING,0.25,22.0,COOLING,22.837,22.663,22.81,22.02,22.582,22.837,22.02,0.817,1121.27,145.85,144.16,560.27,85.0,850.0,935.0,85.0,193.16,252.28,304.49,266.04,-109.08,25.71,-102.33,185.71,875.0,875.0,875.0,875.0,415.35,398.84,406.32,222.02,1971.55,1955.0,1015.97,3500.0,1442.53,0.732,0.568,0.0,0.0,22.5,TARGETED_HOTSPOT_COOL,1.6582
5,Opposing Thermal Zones,0,130,1300.0,23,1,10,11,1,91.24,82.86,HEAVY,283.34,VERY HIGH,HEAVY LOAD,88.31,80.41,HEAVY,276.0,VERY HIGH,HEAVY LOAD,91.05,82.09,HEAVY,281.95,VERY HIGH,HEAVY LOAD,89.79,82.23,HEAVY,280.58,VERY HIGH,HEAVY LOAD,16.23,4.45,LIGHT,71.96,LOW,RUNNING,17.15,4.64,LIGHT,73.4,LOW,RUNNING,14.9,3.66,LIGHT,69.11,LOW,RUNNING,17.7,5.49,LIGHT,75.36,LOW,RUNNING,88.36,80.6,HEAVY,276.35,VERY HIGH,HEAVY LOAD,91.8,82.87,HEAVY,284.06,VERY HIGH,HEAVY LOAD,27.95,54.0,221.7,0.25,22.0,COOLING,0.25,22.0,COOLING,0.25,22.0,COOLING,0.25,22.0,COOLING,22.845,22.671,22.818,22.025,22.59,22.845,22.025,0.82,1121.87,145.36,144.47,560.41,85.0,850.0,935.0,85.0,193.07,252.23,304.5,266.05,-109.41,25.66,-102.66,186.41,875.0,875.0,875.0,875.0,415.53,398.25,406.31,222.87,1972.11,1955.0,1015.85,3500.0,1442.96,0.741,0.577,0.0,0.0,22.5,TARGETED_HOTSPOT_COOL,1.6747
5,Opposing Thermal Zones,0,131,1310.0,23,1,10,11,1,91.32,82.99,HEAVY,283.63,VERY HIGH,HEAVY LOAD,88.48,80.5,HEAVY,276.35,VERY HIGH,HEAVY LOAD,91.16,82.05,HEAVY,282.02,VERY HIGH,HEAVY LOAD,89.73,82.1,HEAVY,280.31,VERY HIGH,HEAVY LOAD,16.1,4.37,LIGHT,71.68,LOW,RUNNING,17.05,4.61,LIGHT,73.23,LOW,RUNNING,14.92,3.71,LIGHT,69.22,LOW,RUNNING,17.82,5.58,LIGHT,75.65,LOW,RUNNING,88.51,80.6,HEAVY,276.54,VERY HIGH,HEAVY LOAD,91.79,82.76,HEAVY,283.88,VERY HIGH,HEAVY LOAD,27.95,54.0,221.8,0.25,22.0,COOLING,0.25,22.0,COOLING,0.25,22.0,COOLING,0.25,22.0,COOLING,22.853,22.679,22.826,22.03,22.597,22.853,22.03,0.823,1122.31,144.91,144.87,560.42,85.0,850.0,935.0,85.0,192.93,252.12,304.41,266.01,-109.74,25.62,-103.0,187.12,875.0,875.0,875.0,875.0,415.5,397.65,406.28,223.55,1972.51,1955.0,1015.47,3500.0,1442.98,0.75,0.586,0.0,0.0,22.5,TARGETED_HOTSPOT_COOL,1.6915
5,Opposing Thermal Zones,0,132,1320.0,23,1,10,11,1,91.43,83.12,HEAVY,283.97,VERY HIGH,HEAVY LOAD,88.66,80.56,HEAVY,276.66,VERY HIGH,HEAVY LOAD,91.25,81.98,HEAVY,282.03,VERY HIGH,HEAVY LOAD,89.64,81.96,HEAVY,279.99,VERY HIGH,HEAVY LOAD,15.96,4.29,LIGHT,71.39,LOW,RUNNING,16.98,4.6,LIGHT,73.12,LOW,RUNNING,14.97,3.78,LIGHT,69.38,LOW,RUNNING,17.95,5.66,LIGHT,75.93,LOW,RUNNING,88.64,80.56,HEAVY,276.64,VERY HIGH,HEAVY LOAD,91.75,82.63,HEAVY,283.63,VERY HIGH,HEAVY LOAD,27.96,54.0,222.0,0.25,22.0,COOLING,0.25,22.0,COOLING,0.25,22.0,COOLING,0.25,22.0,COOLING,22.861,22.687,22.834,22.035,22.604,22.861,22.035,0.826,1122.65,144.51,145.31,560.27,85.0,850.0,935.0,85.0,193.05,252.29,304.63,266.24,-110.08,25.58,-103.33,187.82,875.0,875.0,875.0,875.0,415.62,397.38,406.61,224.33,1972.74,1955.0,1016.21,3500.0,1443.94,0.759,0.596,0.0,0.0,22.5,TARGETED_HOTSPOT_COOL,1.7088
5,Opposing Thermal Zones,0,133,1330.0,23,1,10,11,1,91.57,83.25,HEAVY,284.34,VERY HIGH,HEAVY LOAD,88.83,80.59,HEAVY,276.92,VERY HIGH,HEAVY LOAD,91.29,81.89,HEAVY,281.95,VERY HIGH,HEAVY LOAD,89.52,81.83,HEAVY,279.64,VERY HIGH,HEAVY LOAD,15.83,4.22,LIGHT,71.12,LOW,RUNNING,16.92,4.61,LIGHT,73.07,LOW,RUNNING,15.05,3.86,LIGHT,69.6,LOW,RUNNING,18.09,5.74,LIGHT,76.22,LOW,RUNNING,88.73,80.5,HEAVY,276.66,VERY HIGH,HEAVY LOAD,91.67,82.5,HEAVY,283.34,VERY HIGH,HEAVY LOAD,27.96,54.0,222.2,0.25,22.0,COOLING,0.25,22.0,COOLING,0.25,22.0,COOLING,0.25,22.0,COOLING,22.869,22.695,22.842,22.04,22.611,22.869,22.04,0.829,1122.85,144.19,145.82,560.0,85.0,850.0,935.0,85.0,192.96,252.25,304.63,266.27,-110.41,25.53,-103.65,188.53,875.0,875.0,875.0,875.0,415.4,396.97,406.8,224.8,1972.86,1955.0,1016.11,3500.0,1443.97,0.769,0.605,0.0,0.0,22.5,TARGETED_HOTSPOT_COOL,1.7264
5,Opposing Thermal Zones,0,134,1340.0,23,1,10,11,1,91.73,83.36,HEAVY,284.7,VERY HIGH,HEAVY LOAD,88.99,80.6,HEAVY,277.14,VERY HIGH,HEAVY LOAD,91.3,81.78,HEAVY,281.8,VERY HIGH,HEAVY LOAD,89.38,81.71,HEAVY,279.29,VERY HIGH,HEAVY LOAD,15.71,4.16,LIGHT,70.88,LOW,RUNNING,16.9,4.64,LIGHT,73.08,LOW,RUNNING,15.15,3.95,LIGHT,69.86,LOW,RUNNING,18.22,5.81,LIGHT,76.49,LOW,RUNNING,88.78,80.42,HEAVY,276.61,VERY HIGH,HEAVY LOAD,91.56,82.36,HEAVY,282.99,VERY HIGH,HEAVY LOAD,27.97,54.0,222.3,0.25,22.0,COOLING,0.25,22.0,COOLING,0.25,22.0,COOLING,0.25,22.0,COOLING,22.877,22.703,22.85,22.045,22.619,22.877,22.045,0.832,1122.93,143.96,146.35,559.6,85.0,850.0,935.0,85.0,193.03,252.35,304.76,266.43,-110.74,25.48,-103.98,189.24,875.0,875.0,875.0,875.0,415.22,396.79,407.13,225.27,1972.84,1955.0,1016.57,3500.0,1444.41,0.778,0.614,0.0,0.0,22.5,TARGETED_HOTSPOT_COOL,1.7444
5,Opposing Thermal Zones,0,135,1350.0,23,1,10,11,1,91.9,83.46,HEAVY,285.06,VERY HIGH,HEAVY LOAD,89.12,80.57,HEAVY,277.25,VERY HIGH,HEAVY LOAD,91.26,81.66,HEAVY,281.56,VERY HIGH,HEAVY LOAD,89.21,81.6,HEAVY,278.91,VERY HIGH,HEAVY LOAD,15.6,4.12,LIGHT,70.68,LOW,RUNNING,16.91,4.69,LIGHT,73.17,LOW,RUNNING,15.26,4.04,LIGHT,70.14,LOW,RUNNING,18.34,5.86,LIGHT,76.72,LOW,RUNNING,88.8,80.31,HEAVY,276.47,VERY HIGH,HEAVY LOAD,91.42,82.24,HEAVY,282.63,VERY HIGH,HEAVY LOAD,27.97,54.0,222.5,0.25,22.0,COOLING,0.25,22.0,COOLING,0.25,22.0,COOLING,0.25,22.0,COOLING,22.885,22.711,22.858,22.05,22.626,22.885,22.05,0.835,1122.78,143.85,146.86,559.1,85.0,850.0,935.0,85.0,192.94,252.3,304.77,266.45,-111.06,25.44,-104.32,189.94,875.0,875.0,875.0,875.0,414.66,396.59,407.31,225.49,1972.59,1955.0,1016.46,3500.0,1444.05,0.787,0.624,0.0,0.0,22.5,TARGETED_HOTSPOT_COOL,1.7627
5,Opposing Thermal Zones,0,136,1360.0,23,1,10,11,1,92.08,83.54,HEAVY,285.41,VERY HIGH,HEAVY LOAD,89.21,80.52,HEAVY,277.29,VERY HIGH,HEAVY LOAD,91.19,81.52,HEAVY,281.27,VERY HIGH,HEAVY LOAD,89.03,81.51,HEAVY,278.55,VERY HIGH,HEAVY LOAD,15.51,4.1,LIGHT,70.54,LOW,RUNNING,16.95,4.75,LIGHT,73.31,LOW,RUNNING,15.39,4.13,LIGHT,70.43,LOW,RUNNING,18.44,5.89,LIGHT,76.88,LOW,RUNNING,88.78,80.19,HEAVY,276.26,VERY HIGH,HEAVY LOAD,91.25,82.12,HEAVY,282.24,VERY HIGH,HEAVY LOAD,27.97,54.0,222.7,0.25,22.0,COOLING,0.25,22.0,COOLING,0.25,22.0,COOLING,0.25,22.0,COOLING,22.893,22.719,22.866,22.055,22.633,22.893,22.055,0.838,1122.52,143.85,147.31,558.5,85.0,850.0,935.0,85.0,192.84,252.26,304.77,266.47,-111.4,25.4,-104.65,190.65,875.0,875.0,875.0,875.0,413.96,396.51,407.43,225.62,1972.18,1955.0,1016.34,3500.0,1443.52,0.796,0.633,0.0,0.0,22.5,TARGETED_HOTSPOT_COOL,1.7813
5,Opposing Thermal Zones,0,137,1370.0,23,1,10,11,1,92.26,83.58,HEAVY,285.7,VERY HIGH,HEAVY LOAD,89.28,80.44,HEAVY,277.26,VERY HIGH,HEAVY LOAD,91.08,81.39,HEAVY,280.94,VERY HIGH,HEAVY LOAD,88.85,81.44,HEAVY,278.22,VERY HIGH,HEAVY LOAD,15.44,4.1,LIGHT,70.45,LOW,RUNNING,17.01,4.82,LIGHT,73.49,LOW,RUNNING,15.53,4.21,LIGHT,70.73,LOW,RUNNING,18.52,5.9,LIGHT,77.0,LOW,RUNNING,88.71,80.06,HEAVY,275.98,VERY HIGH,HEAVY LOAD,91.08,82.03,HEAVY,281.89,VERY HIGH,HEAVY LOAD,27.98,54.0,222.8,0.25,22.0,COOLING,0.25,22.0,COOLING,0.25,22.0,COOLING,0.25,22.0,COOLING,22.901,22.727,22.874,22.06,22.64,22.901,22.06,0.841,1122.12,143.94,147.73,557.87,85.0,850.0,935.0,85.0,192.92,252.36,304.9,266.64,-111.73,25.35,-104.97,191.35,875.0,875.0,875.0,875.0,413.31,396.65,407.66,225.86,1971.66,1955.0,1016.82,3500.0,1443.48,0.809,0.648,0.0,0.0,22.5,TARGETED_HOTSPOT_COOL,1.8001
5,Opposing Thermal Zones,0,138,1380.0,23,1,10,11,1,92.42,83.6,HEAVY,285.93,VERY HIGH,HEAVY LOAD,89.3,80.33,HEAVY,277.12,VERY HIGH,HEAVY LOAD,90.95,81.26,HEAVY,280.58,VERY HIGH,HEAVY LOAD,88.68,81.41,HEAVY,277.97,VERY HIGH,HEAVY LOAD,15.41,4.12,LIGHT,70.44,LOW,RUNNING,17.1,4.91,LIGHT,73.74,LOW,RUNNING,15.66,4.28,LIGHT,71.0,LOW,RUNNING,18.57,5.89,LIGHT,77.05,LOW,RUNNING,88.61,79.92,HEAVY,275.64,VERY HIGH,HEAVY LOAD,90.9,81.96,HEAVY,281.56,VERY HIGH,HEAVY LOAD,27.98,54.0,223.0,0.25,22.0,COOLING,0.25,22.0,COOLING,0.25,22.0,COOLING,0.25,22.0,COOLING,22.909,22.735,22.882,22.065,22.648,22.909,22.065,0.844,1121.6,144.18,148.05,557.2,85.0,850.0,935.0,85.0,192.82,252.32,304.9,266.66,-112.06,25.3,-105.3,192.06,875.0,875.0,875.0,875.0,412.36,396.8,407.65,225.92,1971.03,1955.0,1016.7,3500.0,1442.73,0.818,0.657,0.0,0.0,22.5,TARGETED_HOTSPOT_COOL,1.8193
5,Opposing Thermal Zones,0,139,1390.0,23,1,10,11,1,92.56,83.59,HEAVY,286.09,VERY HIGH,HEAVY LOAD,89.28,80.21,HEAVY,276.92,VERY HIGH,HEAVY LOAD,90.79,81.14,HEAVY,280.2,VERY HIGH,HEAVY LOAD,88.53,81.4,HEAVY,277.76,VERY HIGH,HEAVY LOAD,15.4,4.16,LIGHT,70.49,LOW,RUNNING,17.21,5.0,LIGHT,74.01,LOW,RUNNING,15.78,4.33,LIGHT,71.22,LOW,RUNNING,18.6,5.86,LIGHT,77.04,LOW,RUNNING,88.48,79.79,HEAVY,275.29,VERY HIGH,HEAVY LOAD,90.73,81.91,HEAVY,281.28,VERY HIGH,HEAVY LOAD,27.98,54.0,223.2,0.25,22.0,COOLING,0.25,22.0,COOLING,0.25,22.0,COOLING,0.25,22.0,COOLING,22.917,22.743,22.89,22.07,22.655,22.917,22.07,0.847,1120.97,144.5,148.26,556.57,85.0,850.0,935.0,85.0,192.73,252.27,304.91,266.67,-112.38,25.26,-105.64,192.76,875.0,875.0,875.0,875.0,411.32,397.03,407.53,226.0,1970.3,1955.0,1016.58,3500.0,1441.88,0.827,0.667,0.0,0.0,22.5,TARGETED_HOTSPOT_COOL,1.8388
5,Opposing Thermal Zones,0,140,1400.0,23,1,10,11,1,92.67,83.55,HEAVY,286.16,VERY HIGH,HEAVY LOAD,89.23,80.08,HEAVY,276.66,VERY HIGH,HEAVY LOAD,90.61,81.05,HEAVY,279.84,VERY HIGH,HEAVY LOAD,88.39,81.42,HEAVY,277.62,VERY HIGH,HEAVY LOAD,15.42,4.22,LIGHT,70.61,LOW,RUNNING,17.33,5.09,LIGHT,74.3,LOW,RUNNING,15.89,4.38,LIGHT,71.43,LOW,RUNNING,18.59,5.82,LIGHT,76.97,LOW,RUNNING,88.33,79.67,HEAVY,274.92,VERY HIGH,HEAVY LOAD,90.56,81.9,HEAVY,281.05,VERY HIGH,HEAVY LOAD,27.99,54.0,223.3,0.25,22.0,COOLING,0.25,22.0,COOLING,0.25,22.0,COOLING,0.25,22.0,COOLING,22.925,22.751,22.898,22.075,22.662,22.925,22.075,0.85,1120.28,144.91,148.4,555.97,85.0,850.0,935.0,85.0,192.81,252.37,305.04,266.84,-112.72,25.22,-105.97,193.47,875.0,875.0,875.0,875.0,410.37,397.5,407.47,226.28,1969.56,1955.0,1017.06,3500.0,1441.62,0.836,0.677,0.0,0.0,22.5,TARGETED_HOTSPOT_COOL,1.8586
5,Opposing Thermal Zones,0,141,1410.0,23,1,10,11,1,92.75,83.48,HEAVY,286.16,VERY HIGH,HEAVY LOAD,89.14,79.95,HEAVY,276.35,VERY HIGH,HEAVY LOAD,90.43,80.97,HEAVY,279.49,VERY HIGH,HEAVY LOAD,88.29,81.48,HEAVY,277.58,VERY HIGH,HEAVY LOAD,15.48,4.29,LIGHT,70.78,LOW,RUNNING,17.46,5.17,LIGHT,74.58,LOW,RUNNING,15.98,4.4,LIGHT,71.57,LOW,RUNNING,18.56,5.76,LIGHT,76.84,LOW,RUNNING,88.16,79.57,HEAVY,274.55,VERY HIGH,HEAVY LOAD,90.43,81.92,HEAVY,280.92,VERY HIGH,HEAVY LOAD,27.99,54.0,223.5,0.25,22.0,COOLING,0.25,22.0,COOLING,0.25,22.0,COOLING,0.25,22.0,COOLING,22.933,22.759,22.906,22.08,22.669,22.933,22.08,0.853,1119.58,145.36,148.41,555.47,85.0,850.0,935.0,85.0,192.71,252.33,305.04,266.86,-113.05,25.17,-106.29,194.17,875.0,875.0,875.0,875.0,409.24,397.86,407.16,226.5,1968.82,1955.0,1016.94,3500.0,1440.76,0.846,0.687,0.0,0.0,22.5,TARGETED_HOTSPOT_COOL,1.8786
5,Opposing Thermal Zones,0,142,1420.0,23,1,10,11,1,92.79,83.38,HEAVY,286.06,VERY HIGH,HEAVY LOAD,89.01,79.82,HEAVY,275.99,VERY HIGH,HEAVY LOAD,90.26,80.92,HEAVY,279.2,VERY HIGH,HEAVY LOAD,88.23,81.56,HEAVY,277.63,VERY HIGH,HEAVY LOAD,15.56,4.37,LIGHT,71.01,LOW,RUNNING,17.6,5.25,LIGHT,74.88,LOW,RUNNING,16.05,4.4,LIGHT,71.66,LOW,RUNNING,18.5,5.68,LIGHT,76.64,LOW,RUNNING,87.98,79.49,HEAVY,274.21,VERY HIGH,HEAVY LOAD,90.32,81.96,HEAVY,280.84,VERY HIGH,HEAVY LOAD,27.99,54.0,223.7,0.25,22.0,COOLING,0.25,22.0,COOLING,0.25,22.0,COOLING,0.25,22.0,COOLING,22.941,22.767,22.914,22.085,22.677,22.941,22.085,0.856,1118.88,145.89,148.3,555.05,85.0,850.0,935.0,85.0,192.62,252.28,305.05,266.87,-113.38,25.12,-106.62,194.88,875.0,875.0,875.0,875.0,408.12,398.29,406.73,226.8,1968.12,1955.0,1016.82,3500.0,1439.94,0.857,0.698,0.0,0.0,22.5,TARGETED_HOTSPOT_COOL,1.8989
5,Opposing Thermal Zones,0,143,1430.0,23,1,10,11,1,92.8,83.27,HEAVY,285.9,VERY HIGH,HEAVY LOAD,88.86,79.7,HEAVY,275.62,VERY HIGH,HEAVY LOAD,90.09,80.9,HEAVY,278.96,VERY HIGH,HEAVY LOAD,88.2,81.66,HEAVY,277.74,VERY HIGH,HEAVY LOAD,15.66,4.46,LIGHT,71.27,LOW,RUNNING,17.73,5.31,LIGHT,75.13,LOW,RUNNING,16.09,4.38,LIGHT,71.68,LOW,RUNNING,18.41,5.6,LIGHT,76.41,LOW,RUNNING,87.8,79.43,HEAVY,273.9,VERY HIGH,HEAVY LOAD,90.24,82.03,HEAVY,280.85,VERY HIGH,HEAVY LOAD,28.0,54.0,223.8,0.25,22.0,COOLING,0.25,22.0,COOLING,0.25,22.0,COOLING,0.25,22.0,COOLING,22.949,22.775,22.922,22.09,22.684,22.949,22.09,0.859,1118.22,146.4,148.09,554.75,85.0,850.0,935.0,85.0,192.69,252.39,305.17,267.05,-113.7,25.08,-106.96,195.58,875.0,875.0,875.0,875.0,407.21,398.87,406.3,227.38,1967.46,1955.0,1017.3,3500.0,1439.76,0.867,0.709,0.0,0.0,22.5,TARGETED_HOTSPOT_COOL,1.9195
5,Opposing Thermal Zones,0,144,1440.0,23,1,10,11,1,92.76,83.14,HEAVY,285.66,VERY HIGH,HEAVY LOAD,88.69,79.59,HEAVY,275.25,VERY HIGH,HEAVY LOAD,89.95,80.91,HEAVY,278.8,VERY HIGH,HEAVY LOAD,88.21,81.77,HEAVY,277.92,VERY HIGH,HEAVY LOAD,15.77,4.55,LIGHT,71.54,LOW,RUNNING,17.85,5.36,LIGHT,75.35,LOW,RUNNING,16.1,4.34,LIGHT,71.64,LOW,RUNNING,18.3,5.51,LIGHT,76.14,LOW,RUNNING,87.64,79.4,HEAVY,273.65,VERY HIGH,HEAVY LOAD,90.2,82.13,HEAVY,280.94,VERY HIGH,HEAVY LOAD,28.0,54.0,224.0,0.25,22.0,COOLING,0.25,22.0,COOLING,0.25,22.0,COOLING,0.25,22.0,COOLING,22.957,22.783,22.93,22.095,22.691,22.957,22.095,0.862,1117.63,146.89,147.78,554.59,85.0,850.0,935.0,85.0,192.6,252.34,305.18,267.06,-114.04,25.04,-107.29,196.29,875.0,875.0,875.0,875.0,406.19,399.27,405.67,227.94,1966.89,1955.0,1017.18,3500.0,1439.07,0.885,0.727,0.0,0.0,22.5,TARGETED_HOTSPOT_COOL,1.9405
5,Opposing Thermal Zones,0,145,1450.0,23,1,10,11,1,92.68,83.01,HEAVY,285.37,VERY HIGH,HEAVY LOAD,88.52,79.5,HEAVY,274.9,VERY HIGH,HEAVY LOAD,89.84,80.95,HEAVY,278.73,VERY HIGH,HEAVY LOAD,88.27,81.9,HEAVY,278.19,VERY HIGH,HEAVY LOAD,15.9,4.63,LIGHT,71.82,LOW,RUNNING,17.95,5.39,LIGHT,75.52,LOW,RUNNING,16.08,4.29,LIGHT,71.53,LOW,RUNNING,18.18,5.42,LIGHT,75.85,LOW,RUNNING,87.49,79.4,HEAVY,273.46,VERY HIGH,HEAVY LOAD,90.21,82.24,HEAVY,281.12,VERY HIGH,HEAVY LOAD,28.0,54.0,224.2,0.25,22.0,COOLING,0.25,22.0,COOLING,0.25,22.0,COOLING,0.25,22.0,COOLING,22.965,22.791,22.938,22.1,22.698,22.965,22.1,0.865,1117.19,147.34,147.38,554.58,85.0,850.0,935.0,85.0,192.5,252.29,305.18,267.08,-114.37,24.99,-107.61,196.99,875.0,875.0,875.0,875.0,405.32,399.62,404.95,228.65,1966.49,1955.0,1017.05,3500.0,1438.54,0.895,0.737,0.0,0.0,22.5,TARGETED_HOTSPOT_COOL,1.9616
5,Opposing Thermal Zones,0,146,1460.0,23,1,10,11,1,92.57,82.88,HEAVY,285.03,VERY HIGH,HEAVY LOAD,88.34,79.44,HEAVY,274.59,VERY HIGH,HEAVY LOAD,89.75,81.02,HEAVY,278.72,VERY HIGH,HEAVY LOAD,88.36,82.04,HEAVY,278.51,VERY HIGH,HEAVY LOAD,16.04,4.71,LIGHT,72.11,LOW,RUNNING,18.02,5.4,LIGHT,75.62,LOW,RUNNING,16.03,4.22,LIGHT,71.37,LOW,RUNNING,18.05,5.34,LIGHT,75.57,LOW,RUNNING,87.36,79.44,HEAVY,273.36,VERY HIGH,HEAVY LOAD,90.25,82.37,HEAVY,281.37,VERY HIGH,HEAVY LOAD,28.01,54.0,224.3,0.25,22.0,COOLING,0.25,22.0,COOLING,0.25,22.0,COOLING,0.25,22.0,COOLING,22.973,22.799,22.946,22.105,22.706,22.973,22.105,0.868,1116.85,147.73,146.94,554.73,85.0,850.0,935.0,85.0,192.58,252.4,305.31,267.25,-114.69,24.94,-107.94,197.69,875.0,875.0,875.0,875.0,404.74,400.07,404.31,229.67,1966.25,1955.0,1017.54,3500.0,1438.79,0.903,0.746,0.0,0.0,22.5,TARGETED_HOTSPOT_COOL,1.983
5,Opposing Thermal Zones,0,147,1470.0,23,1,10,11,1,92.43,82.75,HEAVY,284.66,VERY HIGH,HEAVY LOAD,88.17,79.41,HEAVY,274.33,VERY HIGH,HEAVY LOAD,89.71,81.11,HEAVY,278.8,VERY HIGH,HEAVY LOAD,88.48,82.17,HEAVY,278.86,VERY HIGH,HEAVY LOAD,16.17,4.78,LIGHT,72.38,LOW,RUNNING,18.08,5.39,LIGHT,75.68,LOW,RUNNING,15.95,4.14,LIGHT,71.15,LOW,RUNNING,17.91,5.26,LIGHT,75.28,LOW,RUNNING,87.27,79.5,HEAVY,273.34,VERY HIGH,HEAVY LOAD,90.33,82.5,HEAVY,281.66,VERY HIGH,HEAVY LOAD,28.01,54.0,224.5,0.25,22.0,COOLING,0.25,22.0,COOLING,0.25,22.0,COOLING,0.25,22.0,COOLING,22.981,22.807,22.954,22.11,22.713,22.981,22.11,0.871,1116.65,148.06,146.43,555.0,85.0,850.0,935.0,85.0,192.49,252.35,305.32,267.27,-115.02,24.9,-108.28,198.4,875.0,875.0,875.0,875.0,404.12,400.31,403.47,230.67,1966.14,1955.0,1017.43,3500.0,1438.57,0.91,0.752,0.0,0.0,22.5,TARGETED_HOTSPOT_COOL,2.0047
5,Opposing Thermal Zones,0,148,1480.0,23,1,10,11,1,92.27,82.64,HEAVY,284.3,VERY HIGH,HEAVY LOAD,88.01,79.4,HEAVY,274.11,VERY HIGH,HEAVY LOAD,89.7,81.22,HEAVY,278.95,VERY HIGH,HEAVY LOAD,88.62,82.29,HEAVY,279.21,VERY HIGH,HEAVY LOAD,16.29,4.84,LIGHT,72.62,LOW,RUNNING,18.1,5.36,LIGHT,75.67,LOW,RUNNING,15.85,4.05,LIGHT,70.89,LOW,RUNNING,17.78,5.19,LIGHT,75.01,LOW,RUNNING,87.22,79.58,HEAVY,273.39,VERY HIGH,HEAVY LOAD,90.44,82.64,HEAVY,282.01,VERY HIGH,HEAVY LOAD,28.01,54.0,224.7,0.25,22.0,COOLING,0.25,22.0,COOLING,0.25,22.0,COOLING,0.25,22.0,COOLING,22.989,22.815,22.962,22.115,22.72,22.989,22.115,0.874,1116.57,148.29,145.9,555.4,85.0,850.0,935.0,85.0,192.38,252.3,305.31,267.29,-115.36,24.86,-108.61,199.11,875.0,875.0,875.0,875.0,403.59,400.45,402.6,231.8,1966.16,1955.0,1017.28,3500.0,1438.44,0.917,0.759,0.0,0.0,22.5,TARGETED_HOTSPOT_COOL,2.0266
5,Opposing Thermal Zones,0,149,1490.0,23,1,10,11,1,92.1,82.54,HEAVY,283.94,VERY HIGH,HEAVY LOAD,87.88,79.43,HEAVY,274.0,VERY HIGH,HEAVY LOAD,89.74,81.34,HEAVY,279.19,VERY HIGH,HEAVY LOAD,88.79,82.4,HEAVY,279.59,VERY HIGH,HEAVY LOAD,16.4,4.88,LIGHT,72.82,LOW,RUNNING,18.09,5.31,LIGHT,75.58,LOW,RUNNING,15.74,3.96,LIGHT,70.61,LOW,RUNNING,17.66,5.14,LIGHT,74.78,LOW,RUNNING,87.2,79.69,HEAVY,273.53,VERY HIGH,HEAVY LOAD,90.58,82.76,HEAVY,282.37,VERY HIGH,HEAVY LOAD,28.02,54.0,224.8,0.25,22.0,COOLING,0.25,22.0,COOLING,0.25,22.0,COOLING,0.25,22.0,COOLING,22.997,22.823,22.97,22.12,22.727,22.997,22.12,0.877,1116.72,148.4,145.39,555.9,85.0,850.0,935.0,85.0,192.47,252.41,305.45,267.46,-115.69,24.81,-108.93,199.81,875.0,875.0,875.0,875.0,403.5,400.62,401.91,233.17,1966.41,1955.0,1017.79,3500.0,1439.2,0.926,0.767,0.0,0.0,22.5,TARGETED_HOTSPOT_COOL,2.049
5,Opposing Thermal Zones,0,150,1500.0,23,1,10,11,1,91.92,82.46,HEAVY,283.59,VERY HIGH,HEAVY LOAD,87.79,79.48,HEAVY,273.96,VERY HIGH,HEAVY LOAD,89.81,81.48,HEAVY,279.48,VERY HIGH,HEAVY LOAD,88.97,82.49,HEAVY,279.95,VERY HIGH,HEAVY LOAD,16.49,4.9,LIGHT,72.96,LOW,RUNNING,18.05,5.25,LIGHT,75.44,LOW,RUNNING,15.61,3.87,LIGHT,70.32,LOW,RUNNING,17.56,5.11,LIGHT,74.61,LOW,RUNNING,87.22,79.81,HEAVY,273.74,VERY HIGH,HEAVY LOAD,90.75,82.88,HEAVY,282.76,VERY HIGH,HEAVY LOAD,28.02,54.0,225.0,0.25,22.0,COOLING,0.25,22.0,COOLING,0.25,22.0,COOLING,0.25,22.0,COOLING,23.005,22.831,22.978,22.125,22.735,23.005,22.125,0.88,1116.98,148.4,144.93,556.5,85.0,850.0,935.0,85.0,192.37,252.36,305.46,267.47,-116.01,24.76,-109.26,200.51,875.0,875.0,875.0,875.0,403.34,400.52,401.13,234.48,1966.81,1955.0,1017.66,3500.0,1439.47,0.933,0.773,0.0,0.0,22.5,TARGETED_HOTSPOT_COOL,2.0717
5,Opposing Thermal Zones,0,151,1510.0,23,1,10,11,1,91.74,82.42,HEAVY,283.31,VERY HIGH,HEAVY LOAD,87.72,79.56,HEAVY,273.99,VERY HIGH,HEAVY LOAD,89.92,81.61,HEAVY,279.81,VERY HIGH,HEAVY LOAD,89.15,82.56,HEAVY,280.28,VERY HIGH,HEAVY LOAD,16.56,4.9,LIGHT,73.05,LOW,RUNNING,17.99,5.18,LIGHT,75.26,LOW,RUNNING,15.47,3.79,LIGHT,70.02,LOW,RUNNING,17.48,5.1,LIGHT,74.5,LOW,RUNNING,87.29,79.94,HEAVY,274.02,VERY HIGH,HEAVY LOAD,90.92,82.97,HEAVY,283.11,VERY HIGH,HEAVY LOAD,28.02,54.0,225.2,0.25,22.0,COOLING,0.25,22.0,COOLING,0.25,22.0,COOLING,0.25,22.0,COOLING,23.013,22.839,22.986,22.13,22.742,23.013,22.13,0.883,1117.39,148.31,144.52,557.13,85.0,850.0,935.0,85.0,192.27,252.31,305.45,267.49,-116.34,24.72,-109.6,201.22,875.0,875.0,875.0,875.0,403.32,400.34,400.37,235.84,1967.35,1955.0,1017.52,3500.0,1439.87,0.939,0.782,0.001,0.002,22.5,TARGETED_HOTSPOT_COOL,2.0952
5,Opposing Thermal Zones,0,152,1520.0,23,1,10,11,1,91.58,82.4,HEAVY,283.07,VERY HIGH,HEAVY LOAD,87.7,79.67,HEAVY,274.13,VERY HIGH,HEAVY LOAD,90.05,81.74,HEAVY,280.17,VERY HIGH,HEAVY LOAD,89.32,82.59,HEAVY,280.53,VERY HIGH,HEAVY LOAD,16.59,4.88,LIGHT,73.06,LOW,RUNNING,17.9,5.09,LIGHT,75.01,LOW,RUNNING,15.34,3.72,LIGHT,69.75,LOW,RUNNING,17.43,5.11,LIGHT,74.45,LOW,RUNNING,87.39,80.08,HEAVY,274.36,VERY HIGH,HEAVY LOAD,91.1,83.04,HEAVY,283.44,VERY HIGH,HEAVY LOAD,28.03,54.0,225.3,0.25,22.0,COOLING,0.25,22.0,COOLING,0.25,22.0,COOLING,0.25,22.0,COOLING,23.021,22.847,22.994,22.135,22.749,23.021,22.135,0.886,1117.9,148.07,144.2,557.8,85.0,850.0,935.0,85.0,192.36,252.42,305.59,267.66,-116.68,24.68,-109.93,201.93,875.0,875.0,875.0,875.0,403.58,400.17,399.86,237.39,1967.97,1955.0,1018.03,3500.0,1441.0,0.948,0.791,0.001,0.005,22.5,TARGETED_HOTSPOT_COOL,2.119
5,Opposing Thermal Zones,0,153,1530.0,23,1,10,11,1,91.44,82.41,HEAVY,282.92,VERY HIGH,HEAVY LOAD,87.72,79.79,HEAVY,274.33,VERY HIGH,HEAVY LOAD,90.21,81.86,HEAVY,280.55,VERY HIGH,HEAVY LOAD,89.47,82.6,HEAVY,280.74,VERY HIGH,HEAVY LOAD,16.6,4.84,LIGHT,73.01,LOW,RUNNING,17.79,5.0,LIGHT,74.74,LOW,RUNNING,15.22,3.67,LIGHT,69.53,LOW,RUNNING,17.4,5.14,LIGHT,74.46,LOW,RUNNING,87.52,80.21,HEAVY,274.71,VERY HIGH,HEAVY LOAD,91.27,83.09,HEAVY,283.72,VERY HIGH,HEAVY LOAD,28.03,54.0,225.5,0.25,22.0,COOLING,0.25,22.0,COOLING,0.25,22.0,COOLING,0.25,22.0,COOLING,23.029,22.855,23.002,22.14,22.756,23.029,22.14,0.889,1118.54,147.75,143.99,558.43,85.0,850.0,935.0,85.0,192.25,252.37,305.58,267.68,-117.0,24.63,-110.25,202.63,875.0,875.0,875.0,875.0,403.79,399.75,399.32,238.74,1968.71,1955.0,1017.88,3500.0,1441.6,0.954,0.799,0.002,0.007,22.5,TARGETED_HOTSPOT_COOL,2.1431
5,Opposing Thermal Zones,0,154,1540.0,23,1,10,11,1,91.33,82.45,HEAVY,282.84,VERY HIGH,HEAVY LOAD,87.77,79.92,HEAVY,274.59,VERY HIGH,HEAVY LOAD,90.39,81.95,HEAVY,280.91,VERY HIGH,HEAVY LOAD,89.61,82.58,HEAVY,280.88,VERY HIGH,HEAVY LOAD,16.58,4.78,LIGHT,72.89,LOW,RUNNING,17.67,4.91,LIGHT,74.45,LOW,RUNNING,15.11,3.62,LIGHT,69.32,LOW,RUNNING,17.41,5.18,LIGHT,74.53,LOW,RUNNING,87.67,80.33,HEAVY,275.08,VERY HIGH,HEAVY LOAD,91.44,83.1,HEAVY,283.95,VERY HIGH,HEAVY LOAD,28.03,54.0,225.7,0.25,22.0,COOLING,0.25,22.0,COOLING,0.25,22.0,COOLING,0.25,22.0,COOLING,23.037,22.863,23.01,22.145,22.764,23.037,22.145,0.892,1119.22,147.34,143.85,559.03,85.0,850.0,935.0,85.0,192.16,252.32,305.59,267.7,-117.33,24.58,-110.58,203.33,875.0,875.0,875.0,875.0,404.05,399.24,398.86,240.06,1969.44,1955.0,1017.77,3500.0,1442.21,0.969,0.807,0.001,0.0,22.5,TARGETED_HOTSPOT_COOL,2.1667
5,Opposing Thermal Zones,0,155,1550.0,23,1,10,11,1,91.25,82.52,HEAVY,282.84,VERY HIGH,HEAVY LOAD,87.86,80.05,HEAVY,274.9,VERY HIGH,HEAVY LOAD,90.57,82.03,HEAVY,281.26,VERY HIGH,HEAVY LOAD,89.71,82.52,HEAVY,280.92,VERY HIGH,HEAVY LOAD,16.52,4.71,LIGHT,72.72,LOW,RUNNING,17.54,4.83,LIGHT,74.17,LOW,RUNNING,15.02,3.6,LIGHT,69.17,LOW,RUNNING,17.44,5.24,LIGHT,74.66,LOW,RUNNING,87.84,80.43,HEAVY,275.44,VERY HIGH,HEAVY LOAD,91.57,83.08,HEAVY,284.08,VERY HIGH,HEAVY LOAD,28.04,54.0,225.8,0.25,22.0,COOLING,0.25,22.0,COOLING,0.25,22.0,COOLING,0.25,22.0,COOLING,23.045,22.871,23.018,22.15,22.771,23.045,22.15,0.895,1119.92,146.89,143.83,559.52,85.0,850.0,935.0,85.0,192.23,252.43,305.71,267.86,-117.66,24.54,-110.92,204.04,875.0,875.0,875.0,875.0,404.49,398.86,398.62,241.42,1970.16,1955.0,1018.23,3500.0,1443.39,0.979,0.817,0.001,0.0,22.5,TARGETED_HOTSPOT_COOL,2.1913
5,Opposing Thermal Zones,0,156,1560.0,23,1,10,11,1,91.21,82.62,HEAVY,282.94,VERY HIGH,HEAVY LOAD,87.99,80.18,HEAVY,275.26,VERY HIGH,HEAVY LOAD,90.74,82.08,HEAVY,281.55,VERY HIGH,HEAVY LOAD,89.77,82.44,HEAVY,280.87,VERY HIGH,HEAVY LOAD,16.44,4.63,LIGHT,72.5,LOW,RUNNING,17.4,4.75,LIGHT,73.88,LOW,RUNNING,14.95,3.6,LIGHT,69.09,LOW,RUNNING,17.5,5.32,LIGHT,74.86,LOW,RUNNING,88.02,80.51,HEAVY,275.79,VERY HIGH,HEAVY LOAD,91.68,83.04,HEAVY,284.16,VERY HIGH,HEAVY LOAD,28.04,54.0,226.0,0.25,22.0,COOLING,0.25,22.0,COOLING,0.25,22.0,COOLING,0.25,22.0,COOLING,23.053,22.879,23.026,22.155,22.778,23.053,22.155,0.898,1120.62,146.38,143.95,559.95,85.0,850.0,935.0,85.0,192.14,252.38,305.72,267.89,-118.0,24.5,-111.25,204.75,875.0,875.0,875.0,875.0,404.76,398.26,398.42,242.59,1970.9,1955.0,1018.13,3500.0,1444.03,0.996,0.834,0.0,0.0,22.5,TARGETED_HOTSPOT_COOL,2.2165
5,Opposing Thermal Zones,0,157,1570.0,23,1,10,11,1,91.2,82.73,HEAVY,283.1,VERY HIGH,HEAVY LOAD,88.14,80.3,HEAVY,275.62,VERY HIGH,HEAVY LOAD,90.91,82.1,HEAVY,281.79,VERY HIGH,HEAVY LOAD,89.8,82.34,HEAVY,280.76,VERY HIGH,HEAVY LOAD,16.34,4.54,LIGHT,72.23,LOW,RUNNING,17.27,4.69,LIGHT,73.62,LOW,RUNNING,14.91,3.62,LIGHT,69.07,LOW,RUNNING,17.59,5.4,LIGHT,75.09,LOW,RUNNING,88.2,80.57,HEAVY,276.11,VERY HIGH,HEAVY LOAD,91.76,82.97,HEAVY,284.16,VERY HIGH,HEAVY LOAD,28.05,54.0,226.2,0.25,22.0,COOLING,0.25,22.0,COOLING,0.25,22.0,COOLING,0.25,22.0,COOLING,23.061,22.887,23.034,22.16,22.785,23.061,22.16,0.901,1121.27,145.85,144.16,560.27,85.0,850.0,935.0,85.0,192.27,252.56,305.94,268.12,-118.32,24.45,-111.57,205.45,875.0,875.0,875.0,875.0,405.22,397.86,398.53,243.84,1971.55,1955.0,1018.89,3500.0,1445.45,1.0,0.838,0.0,0.0,22.5,TARGETED_HOTSPOT_COOL,2.2419
5,Opposing Thermal Zones,0,158,1580.0,23,1,10,11,1,91.24,82.86,HEAVY,283.34,VERY HIGH,HEAVY LOAD,88.31,80.41,HEAVY,276.0,VERY HIGH,HEAVY LOAD,91.05,82.09,HEAVY,281.95,VERY HIGH,HEAVY LOAD,89.79,82.23,HEAVY,280.58,VERY HIGH,HEAVY LOAD,16.23,4.45,LIGHT,71.96,LOW,RUNNING,17.15,4.64,LIGHT,73.4,LOW,RUNNING,14.9,3.66,LIGHT,69.11,LOW,RUNNING,17.7,5.49,LIGHT,75.36,LOW,RUNNING,88.36,80.6,HEAVY,276.35,VERY HIGH,HEAVY LOAD,91.8,82.87,HEAVY,284.06,VERY HIGH,HEAVY LOAD,28.05,54.0,226.3,0.25,22.0,COOLING,0.25,22.0,COOLING,0.25,22.0,COOLING,0.25,22.0,COOLING,23.069,22.895,23.042,22.165,22.793,23.069,22.165,0.904,1121.87,145.36,144.47,560.41,85.0,850.0,935.0,85.0,192.12,252.44,305.85,268.08,-118.65,24.4,-111.9,206.15,875.0,875.0,875.0,875.0,405.34,397.2,398.42,244.64,1972.11,1955.0,1018.49,3500.0,1445.6,1.0,0.84,0.0,0.003,22.5,TARGETED_HOTSPOT_COOL,2.2678
5,Opposing Thermal Zones,0,159,1590.0,23,1,10,11,1,91.32,82.99,HEAVY,283.63,VERY HIGH,HEAVY LOAD,88.48,80.5,HEAVY,276.35,VERY HIGH,HEAVY LOAD,91.16,82.05,HEAVY,282.02,VERY HIGH,HEAVY LOAD,89.73,82.1,HEAVY,280.31,VERY HIGH,HEAVY LOAD,16.1,4.37,LIGHT,71.68,LOW,RUNNING,17.05,4.61,LIGHT,73.23,LOW,RUNNING,14.92,3.71,LIGHT,69.22,LOW,RUNNING,17.82,5.58,LIGHT,75.65,LOW,RUNNING,88.51,80.6,HEAVY,276.54,VERY HIGH,HEAVY LOAD,91.79,82.76,HEAVY,283.88,VERY HIGH,HEAVY LOAD,28.05,54.0,226.5,0.25,22.0,COOLING,0.25,22.0,COOLING,0.25,22.0,COOLING,0.25,22.0,COOLING,23.077,22.903,23.05,22.17,22.8,23.077,22.17,0.907,1122.31,144.91,144.87,560.42,85.0,850.0,935.0,85.0,192.03,252.39,305.86,268.09,-118.98,24.36,-112.24,206.86,875.0,875.0,875.0,875.0,405.36,396.66,398.49,245.37,1972.51,1955.0,1018.37,3500.0,1445.88,1.0,0.841,0.0,0.003,22.5,TARGETED_HOTSPOT_COOL,2.294
5,Opposing Thermal Zones,0,160,1600.0,23,1,10,11,1,91.43,83.12,HEAVY,283.97,VERY HIGH,HEAVY LOAD,88.66,80.56,HEAVY,276.66,VERY HIGH,HEAVY LOAD,91.25,81.98,HEAVY,282.03,VERY HIGH,HEAVY LOAD,89.64,81.96,HEAVY,279.99,VERY HIGH,HEAVY LOAD,15.96,4.29,LIGHT,71.39,LOW,RUNNING,16.98,4.6,LIGHT,73.12,LOW,RUNNING,14.97,3.78,LIGHT,69.38,LOW,RUNNING,17.95,5.66,LIGHT,75.93,LOW,RUNNING,88.64,80.56,HEAVY,276.64,VERY HIGH,HEAVY LOAD,91.75,82.63,HEAVY,283.63,VERY HIGH,HEAVY LOAD,28.06,54.0,226.7,0.25,22.0,COOLING,0.25,22.0,COOLING,0.25,22.0,COOLING,0.25,22.0,COOLING,23.085,22.911,23.058,22.175,22.807,23.085,22.175,0.91,1122.65,144.51,145.31,560.27,85.0,850.0,935.0,85.0,192.14,252.57,306.07,268.32,-119.32,24.32,-112.57,207.56,875.0,875.0,875.0,875.0,405.47,396.4,398.81,246.15,1972.74,1955.0,1019.1,3500.0,1446.83,1.0,0.851,0.0,0.013,22.5,TARGETED_HOTSPOT_COOL,2.3213
5,Opposing Thermal Zones,0,161,1610.0,23,1,10,11,1,91.57,83.25,HEAVY,284.34,VERY HIGH,HEAVY LOAD,88.83,80.59,HEAVY,276.92,VERY HIGH,HEAVY LOAD,91.29,81.89,HEAVY,281.95,VERY HIGH,HEAVY LOAD,89.52,81.83,HEAVY,279.64,VERY HIGH,HEAVY LOAD,15.83,4.22,LIGHT,71.12,LOW,RUNNING,16.92,4.61,LIGHT,73.07,LOW,RUNNING,15.05,3.86,LIGHT,69.6,LOW,RUNNING,18.09,5.74,LIGHT,76.22,LOW,RUNNING,88.73,80.5,HEAVY,276.66,VERY HIGH,HEAVY LOAD,91.67,82.5,HEAVY,283.34,VERY HIGH,HEAVY LOAD,28.06,54.0,226.8,0.25,22.0,COOLING,0.25,22.0,COOLING,0.25,22.0,COOLING,0.25,22.0,COOLING,23.093,22.919,23.066,22.18,22.814,23.093,22.18,0.913,1122.85,144.19,145.82,560.0,85.0,850.0,935.0,85.0,192.01,252.45,305.99,268.28,-119.64,24.27,-112.89,208.27,875.0,875.0,875.0,875.0,405.22,395.91,398.92,246.55,1972.86,1955.0,1018.73,3500.0,1446.6,1.0,0.852,0.0,0.014,22.5,TARGETED_HOTSPOT_COOL,2.3485
5,Opposing Thermal Zones,0,162,1620.0,23,1,10,11,1,91.73,83.36,HEAVY,284.7,VERY HIGH,HEAVY LOAD,88.99,80.6,HEAVY,277.14,VERY HIGH,HEAVY LOAD,91.3,81.78,HEAVY,281.8,VERY HIGH,HEAVY LOAD,89.38,81.71,HEAVY,279.29,VERY HIGH,HEAVY LOAD,15.71,4.16,LIGHT,70.88,LOW,RUNNING,16.9,4.64,LIGHT,73.08,LOW,RUNNING,15.15,3.95,LIGHT,69.86,LOW,RUNNING,18.22,5.81,LIGHT,76.49,LOW,RUNNING,88.78,80.42,HEAVY,276.61,VERY HIGH,HEAVY LOAD,91.56,82.36,HEAVY,282.99,VERY HIGH,HEAVY LOAD,28.06,54.0,227.0,0.25,22.0,COOLING,0.25,22.0,COOLING,0.25,22.0,COOLING,0.25,22.0,COOLING,23.101,22.927,23.074,22.185,22.822,23.101,22.185,0.916,1122.93,143.96,146.35,559.6,85.0,850.0,935.0,85.0,191.91,252.41,305.99,268.3,-119.97,24.22,-113.22,208.97,875.0,875.0,875.0,875.0,404.87,395.59,399.12,246.87,1972.84,1955.0,1018.61,3500.0,1446.45,1.0,0.838,0.0,0.0,22.5,TARGETED_HOTSPOT_COOL,2.3754
5,Opposing Thermal Zones,0,163,1630.0,23,1,10,11,1,91.9,83.46,HEAVY,285.06,VERY HIGH,HEAVY LOAD,89.12,80.57,HEAVY,277.25,VERY HIGH,HEAVY LOAD,91.26,81.66,HEAVY,281.56,VERY HIGH,HEAVY LOAD,89.21,81.6,HEAVY,278.91,VERY HIGH,HEAVY LOAD,15.6,4.12,LIGHT,70.68,LOW,RUNNING,16.91,4.69,LIGHT,73.17,LOW,RUNNING,15.26,4.04,LIGHT,70.14,LOW,RUNNING,18.34,5.86,LIGHT,76.72,LOW,RUNNING,88.8,80.31,HEAVY,276.47,VERY HIGH,HEAVY LOAD,91.42,82.24,HEAVY,282.63,VERY HIGH,HEAVY LOAD,28.07,54.0,227.2,0.25,22.0,COOLING,0.25,22.0,COOLING,0.25,22.0,COOLING,0.25,22.0,COOLING,23.109,22.935,23.082,22.19,22.829,23.109,22.19,0.919,1122.78,143.85,146.86,559.1,85.0,850.0,935.0,85.0,192.03,252.57,306.21,268.53,-120.3,24.18,-113.56,209.68,875.0,875.0,875.0,875.0,404.51,395.6,399.51,247.31,1972.59,1955.0,1019.34,3500.0,1446.93,0.991,0.853,0.003,0.027,22.5,TARGETED_HOTSPOT_COOL,2.4055
5,Opposing Thermal Zones,0,164,1640.0,23,1,10,11,1,92.08,83.54,HEAVY,285.41,VERY HIGH,HEAVY LOAD,89.21,80.52,HEAVY,277.29,VERY HIGH,HEAVY LOAD,91.19,81.52,HEAVY,281.27,VERY HIGH,HEAVY LOAD,89.03,81.51,HEAVY,278.55,VERY HIGH,HEAVY LOAD,15.51,4.1,LIGHT,70.54,LOW,RUNNING,16.95,4.75,LIGHT,73.31,LOW,RUNNING,15.39,4.13,LIGHT,70.43,LOW,RUNNING,18.44,5.89,LIGHT,76.88,LOW,RUNNING,88.78,80.19,HEAVY,276.26,VERY HIGH,HEAVY LOAD,91.25,82.12,HEAVY,282.24,VERY HIGH,HEAVY LOAD,28.07,54.0,227.3,0.25,22.0,COOLING,0.25,22.0,COOLING,0.25,22.0,COOLING,0.25,22.0,COOLING,23.117,22.943,23.09,22.195,22.836,23.117,22.195,0.922,1122.52,143.85,147.31,558.5,85.0,850.0,935.0,85.0,191.9,252.46,306.13,268.48,-120.64,24.14,-113.89,210.38,875.0,875.0,875.0,875.0,403.78,395.45,399.55,247.36,1972.18,1955.0,1018.97,3500.0,1446.14,0.987,0.896,0.009,0.079,22.5,TARGETED_HOTSPOT_COOL,2.4389
5,Opposing Thermal Zones,0,165,1650.0,23,1,10,11,1,92.26,83.58,HEAVY,285.7,VERY HIGH,HEAVY LOAD,89.28,80.44,HEAVY,277.26,VERY HIGH,HEAVY LOAD,91.08,81.39,HEAVY,280.94,VERY HIGH,HEAVY LOAD,88.85,81.44,HEAVY,278.22,VERY HIGH,HEAVY LOAD,15.44,4.1,LIGHT,70.45,LOW,RUNNING,17.01,4.82,LIGHT,73.49,LOW,RUNNING,15.53,4.21,LIGHT,70.73,LOW,RUNNING,18.52,5.9,LIGHT,77.0,LOW,RUNNING,88.71,80.06,HEAVY,275.98,VERY HIGH,HEAVY LOAD,91.08,82.03,HEAVY,281.89,VERY HIGH,HEAVY LOAD,28.07,54.0,227.5,0.25,22.0,COOLING,0.25,22.0,COOLING,0.25,22.0,COOLING,0.25,22.0,COOLING,23.125,22.951,23.098,22.2,22.843,23.125,22.2,0.925,1122.12,143.94,147.73,557.87,85.0,850.0,935.0,85.0,191.8,252.42,306.13,268.5,-120.97,24.09,-114.21,211.09,875.0,875.0,875.0,875.0,402.95,395.45,399.65,247.46,1971.66,1955.0,1018.85,3500.0,1445.51,1.0,0.905,0.0,0.064,22.5,TARGETED_HOTSPOT_COOL,2.4639
5,Opposing Thermal Zones,0,166,1660.0,23,1,10,11,1,92.42,83.6,HEAVY,285.93,VERY HIGH,HEAVY LOAD,89.3,80.33,HEAVY,277.12,VERY HIGH,HEAVY LOAD,90.95,81.26,HEAVY,280.58,VERY HIGH,HEAVY LOAD,88.68,81.41,HEAVY,277.97,VERY HIGH,HEAVY LOAD,15.41,4.12,LIGHT,70.44,LOW,RUNNING,17.1,4.91,LIGHT,73.74,LOW,RUNNING,15.66,4.28,LIGHT,71.0,LOW,RUNNING,18.57,5.89,LIGHT,77.05,LOW,RUNNING,88.61,79.92,HEAVY,275.64,VERY HIGH,HEAVY LOAD,90.9,81.96,HEAVY,281.56,VERY HIGH,HEAVY LOAD,28.08,54.0,227.7,0.25,22.0,COOLING,0.25,22.0,COOLING,0.25,22.0,COOLING,0.25,22.0,COOLING,23.133,22.959,23.106,22.205,22.851,23.133,22.205,0.928,1121.6,144.18,148.05,557.2,85.0,850.0,935.0,85.0,191.92,252.58,306.35,268.73,-121.3,24.04,-114.54,211.8,875.0,875.0,875.0,875.0,402.22,395.8,399.86,247.73,1971.03,1955.0,1019.58,3500.0,1445.61,1.0,0.858,0.0,0.017,22.5,TARGETED_HOTSPOT_COOL,2.4904
5,Opposing Thermal Zones,0,167,1670.0,23,1,10,11,1,92.56,83.59,HEAVY,286.09,VERY HIGH,HEAVY LOAD,89.28,80.21,HEAVY,276.92,VERY HIGH,HEAVY LOAD,90.79,81.14,HEAVY,280.2,VERY HIGH,HEAVY LOAD,88.53,81.4,HEAVY,277.76,VERY HIGH,HEAVY LOAD,15.4,4.16,LIGHT,70.49,LOW,RUNNING,17.21,5.0,LIGHT,74.01,LOW,RUNNING,15.78,4.33,LIGHT,71.22,LOW,RUNNING,18.6,5.86,LIGHT,77.04,LOW,RUNNING,88.48,79.79,HEAVY,275.29,VERY HIGH,HEAVY LOAD,90.73,81.91,HEAVY,281.28,VERY HIGH,HEAVY LOAD,28.08,54.0,227.8,0.25,22.0,COOLING,0.25,22.0,COOLING,0.25,22.0,COOLING,0.25,22.0,COOLING,23.141,22.967,23.114,22.21,22.858,23.141,22.21,0.931,1120.97,144.5,148.26,556.57,85.0,850.0,935.0,85.0,191.78,252.48,306.26,268.69,-121.62,24.0,-114.88,212.5,875.0,875.0,875.0,875.0,401.13,395.98,399.64,247.76,1970.3,1955.0,1019.21,3500.0,1444.51,1.0,0.93,0.013,0.102,22.5,TARGETED_HOTSPOT_COOL,2.527
5,Opposing Thermal Zones,0,168,1680.0,23,1,10,11,1,92.67,83.55,HEAVY,286.16,VERY HIGH,HEAVY LOAD,89.23,80.08,HEAVY,276.66,VERY HIGH,HEAVY LOAD,90.61,81.05,HEAVY,279.84,VERY HIGH,HEAVY LOAD,88.39,81.42,HEAVY,277.62,VERY HIGH,HEAVY LOAD,15.42,4.22,LIGHT,70.61,LOW,RUNNING,17.33,5.09,LIGHT,74.3,LOW,RUNNING,15.89,4.38,LIGHT,71.43,LOW,RUNNING,18.59,5.82,LIGHT,76.97,LOW,RUNNING,88.33,79.67,HEAVY,274.92,VERY HIGH,HEAVY LOAD,90.56,81.9,HEAVY,281.05,VERY HIGH,HEAVY LOAD,28.08,54.0,228.0,0.25,22.0,COOLING,0.25,22.0,COOLING,0.25,22.0,COOLING,0.25,22.0,COOLING,23.149,22.975,23.122,22.215,22.865,23.149,22.215,0.934,1120.28,144.91,148.4,555.97,85.0,850.0,935.0,85.0,191.69,252.43,306.27,268.7,-121.95,23.96,-115.21,213.2,875.0,875.0,875.0,875.0,400.02,396.3,399.46,247.87,1969.56,1955.0,1019.09,3500.0,1443.65,1.0,0.939,0.014,0.11,22.5,TARGETED_HOTSPOT_COOL,2.5571
5,Opposing Thermal Zones,0,169,1690.0,23,1,10,11,1,92.75,83.48,HEAVY,286.16,VERY HIGH,HEAVY LOAD,89.14,79.95,HEAVY,276.35,VERY HIGH,HEAVY LOAD,90.43,80.97,HEAVY,279.49,VERY HIGH,HEAVY LOAD,88.29,81.48,HEAVY,277.58,VERY HIGH,HEAVY LOAD,15.48,4.29,LIGHT,70.78,LOW,RUNNING,17.46,5.17,LIGHT,74.58,LOW,RUNNING,15.98,4.4,LIGHT,71.57,LOW,RUNNING,18.56,5.76,LIGHT,76.84,LOW,RUNNING,88.16,79.57,HEAVY,274.55,VERY HIGH,HEAVY LOAD,90.43,81.92,HEAVY,280.92,VERY HIGH,HEAVY LOAD,28.09,54.0,228.2,0.25,22.0,COOLING,0.25,22.0,COOLING,0.25,22.0,COOLING,0.25,22.0,COOLING,23.157,22.983,23.13,22.22,22.872,23.157,22.22,0.937,1119.58,145.36,148.41,555.47,85.0,850.0,935.0,85.0,191.81,252.59,306.48,268.93,-122.29,23.91,-115.53,213.91,875.0,875.0,875.0,875.0,399.1,396.86,399.36,248.31,1968.82,1955.0,1019.81,3500.0,1443.63,1.0,0.946,0.015,0.118,22.5,TARGETED_HOTSPOT_COOL,2.5875
5,Opposing Thermal Zones,0,170,1700.0,23,1,10,11,1,92.79,83.38,HEAVY,286.06,VERY HIGH,HEAVY LOAD,89.01,79.82,HEAVY,275.99,VERY HIGH,HEAVY LOAD,90.26,80.92,HEAVY,279.2,VERY HIGH,HEAVY LOAD,88.23,81.56,HEAVY,277.63,VERY HIGH,HEAVY LOAD,15.56,4.37,LIGHT,71.01,LOW,RUNNING,17.6,5.25,LIGHT,74.88,LOW,RUNNING,16.05,4.4,LIGHT,71.66,LOW,RUNNING,18.5,5.68,LIGHT,76.64,LOW,RUNNING,87.98,79.49,HEAVY,274.21,VERY HIGH,HEAVY LOAD,90.32,81.96,HEAVY,280.84,VERY HIGH,HEAVY LOAD,28.09,54.0,228.3,0.25,22.0,COOLING,0.25,22.0,COOLING,0.25,22.0,COOLING,0.25,22.0,COOLING,23.165,22.991,23.138,22.225,22.88,23.165,22.225,0.94,1118.88,145.89,148.3,555.05,85.0,850.0,935.0,85.0,191.67,252.49,306.4,268.9,-122.62,23.86,-115.86,214.62,875.0,875.0,875.0,875.0,397.93,397.24,398.84,248.57,1968.12,1955.0,1019.46,3500.0,1442.58,1.0,0.954,0.015,0.126,22.5,TARGETED_HOTSPOT_COOL,2.6181
5,Opposing Thermal Zones,0,171,1710.0,23,1,10,11,1,92.8,83.27,HEAVY,285.9,VERY HIGH,HEAVY LOAD,88.86,79.7,HEAVY,275.62,VERY HIGH,HEAVY LOAD,90.09,80.9,HEAVY,278.96,VERY HIGH,HEAVY LOAD,88.2,81.66,HEAVY,277.74,VERY HIGH,HEAVY LOAD,15.66,4.46,LIGHT,71.27,LOW,RUNNING,17.73,5.31,LIGHT,75.13,LOW,RUNNING,16.09,4.38,LIGHT,71.68,LOW,RUNNING,18.41,5.6,LIGHT,76.41,LOW,RUNNING,87.8,79.43,HEAVY,273.9,VERY HIGH,HEAVY LOAD,90.24,82.03,HEAVY,280.85,VERY HIGH,HEAVY LOAD,28.09,54.0,228.5,0.25,22.0,COOLING,0.25,22.0,COOLING,0.25,22.0,COOLING,0.25,22.0,COOLING,23.173,22.999,23.146,22.23,22.887,23.173,22.23,0.943,1118.22,146.4,148.09,554.75,85.0,850.0,935.0,85.0,191.58,252.44,306.41,268.91,-122.94,23.82,-116.2,215.32,875.0,875.0,875.0,875.0,396.86,397.66,398.3,248.98,1967.46,1955.0,1019.34,3500.0,1441.8,1.0,0.962,0.016,0.134,22.5,TARGETED_HOTSPOT_COOL,2.6489
5,Opposing Thermal Zones,0,172,1720.0,23,1,10,11,1,92.76,83.14,HEAVY,285.66,VERY HIGH,HEAVY LOAD,88.69,79.59,HEAVY,275.25,VERY HIGH,HEAVY LOAD,89.95,80.91,HEAVY,278.8,VERY HIGH,HEAVY LOAD,88.21,81.77,HEAVY,277.92,VERY HIGH,HEAVY LOAD,15.77,4.55,LIGHT,71.54,LOW,RUNNING,17.85,5.36,LIGHT,75.35,LOW,RUNNING,16.1,4.34,LIGHT,71.64,LOW,RUNNING,18.3,5.51,LIGHT,76.14,LOW,RUNNING,87.64,79.4,HEAVY,273.65,VERY HIGH,HEAVY LOAD,90.2,82.13,HEAVY,280.94,VERY HIGH,HEAVY LOAD,28.1,54.0,228.7,0.25,22.0,COOLING,0.25,22.0,COOLING,0.25,22.0,COOLING,0.25,22.0,COOLING,23.181,23.007,23.154,22.235,22.894,23.181,22.235,0.946,1117.63,146.89,147.78,554.59,85.0,850.0,935.0,85.0,191.69,252.61,306.62,269.15,-123.27,23.78,-116.53,216.02,875.0,875.0,875.0,875.0,396.05,398.28,397.87,249.76,1966.89,1955.0,1020.07,3500.0,1441.96,1.0,0.97,0.017,0.142,22.5,TARGETED_HOTSPOT_COOL,2.6801
5,Opposing Thermal Zones,0,173,1730.0,23,1,10,11,1,92.68,83.01,HEAVY,285.37,VERY HIGH,HEAVY LOAD,88.52,79.5,HEAVY,274.9,VERY HIGH,HEAVY LOAD,89.84,80.95,HEAVY,278.73,VERY HIGH,HEAVY LOAD,88.27,81.9,HEAVY,278.19,VERY HIGH,HEAVY LOAD,15.9,4.63,LIGHT,71.82,LOW,RUNNING,17.95,5.39,LIGHT,75.52,LOW,RUNNING,16.08,4.29,LIGHT,71.53,LOW,RUNNING,18.18,5.42,LIGHT,75.85,LOW,RUNNING,87.49,79.4,HEAVY,273.46,VERY HIGH,HEAVY LOAD,90.21,82.24,HEAVY,281.12,VERY HIGH,HEAVY LOAD,28.1,54.0,228.8,0.25,22.0,COOLING,0.25,22.0,COOLING,0.25,22.0,COOLING,0.25,22.0,COOLING,23.189,23.015,23.162,22.24,22.901,23.189,22.24,0.949,1117.19,147.34,147.38,554.58,85.0,850.0,935.0,85.0,191.56,252.5,306.54,269.1,-123.61,23.73,-116.85,216.73,875.0,875.0,875.0,875.0,395.14,398.57,397.07,250.41,1966.49,1955.0,1019.7,3500.0,1441.19,1.0,0.973,0.019,0.148,22.5,TARGETED_HOTSPOT_COOL,2.7115
5,Opposing Thermal Zones,0,174,1740.0,23,1,10,11,1,92.57,82.88,HEAVY,285.03,VERY HIGH,HEAVY LOAD,88.34,79.44,HEAVY,274.59,VERY HIGH,HEAVY LOAD,89.75,81.02,HEAVY,278.72,VERY HIGH,HEAVY LOAD,88.36,82.04,HEAVY,278.51,VERY HIGH,HEAVY LOAD,16.04,4.71,LIGHT,72.11,LOW,RUNNING,18.02,5.4,LIGHT,75.62,LOW,RUNNING,16.03,4.22,LIGHT,71.37,LOW,RUNNING,18.05,5.34,LIGHT,75.57,LOW,RUNNING,87.36,79.44,HEAVY,273.36,VERY HIGH,HEAVY LOAD,90.25,82.37,HEAVY,281.37,VERY HIGH,HEAVY LOAD,28.1,54.0,229.0,0.25,22.0,COOLING,0.25,22.0,COOLING,0.25,22.0,COOLING,0.25,22.0,COOLING,23.197,23.023,23.17,22.245,22.909,23.197,22.245,0.952,1116.85,147.73,146.94,554.73,85.0,850.0,935.0,85.0,191.47,252.45,306.55,269.11,-123.94,23.68,-117.18,217.44,875.0,875.0,875.0,875.0,394.38,398.86,396.31,251.28,1966.25,1955.0,1019.58,3500.0,1440.83,1.0,0.977,0.021,0.154,22.5,TARGETED_HOTSPOT_COOL,2.7433
5,Opposing Thermal Zones,0,175,1750.0,23,1,10,11,1,92.43,82.75,HEAVY,284.66,VERY HIGH,HEAVY LOAD,88.17,79.41,HEAVY,274.33,VERY HIGH,HEAVY LOAD,89.71,81.11,HEAVY,278.8,VERY HIGH,HEAVY LOAD,88.48,82.17,HEAVY,278.86,VERY HIGH,HEAVY LOAD,16.17,4.78,LIGHT,72.38,LOW,RUNNING,18.08,5.39,LIGHT,75.68,LOW,RUNNING,15.95,4.14,LIGHT,71.15,LOW,RUNNING,17.91,5.26,LIGHT,75.28,LOW,RUNNING,87.27,79.5,HEAVY,273.34,VERY HIGH,HEAVY LOAD,90.33,82.5,HEAVY,281.66,VERY HIGH,HEAVY LOAD,28.11,54.0,229.2,0.25,22.0,COOLING,0.25,22.0,COOLING,0.25,22.0,COOLING,0.25,22.0,COOLING,23.205,23.031,23.178,22.25,22.916,23.205,22.25,0.955,1116.65,148.06,146.43,555.0,85.0,850.0,935.0,85.0,191.58,252.62,306.76,269.35,-124.26,23.64,-117.52,218.14,875.0,875.0,875.0,875.0,393.97,399.32,395.67,252.49,1966.14,1955.0,1020.31,3500.0,1441.45,1.0,0.98,0.023,0.16,22.5,TARGETED_HOTSPOT_COOL,2.7755
5,Opposing Thermal Zones,0,176,1760.0,23,1,10,11,1,92.27,82.64,HEAVY,284.3,VERY HIGH,HEAVY LOAD,88.01,79.4,HEAVY,274.11,VERY HIGH,HEAVY LOAD,89.7,81.22,HEAVY,278.95,VERY HIGH,HEAVY LOAD,88.62,82.29,HEAVY,279.21,VERY HIGH,HEAVY LOAD,16.29,4.84,LIGHT,72.62,LOW,RUNNING,18.1,5.36,LIGHT,75.67,LOW,RUNNING,15.85,4.05,LIGHT,70.89,LOW,RUNNING,17.78,5.19,LIGHT,75.01,LOW,RUNNING,87.22,79.58,HEAVY,273.39,VERY HIGH,HEAVY LOAD,90.44,82.64,HEAVY,282.01,VERY HIGH,HEAVY LOAD,28.11,54.0,229.3,0.25,22.0,COOLING,0.25,22.0,COOLING,0.25,22.0,COOLING,0.25,22.0,COOLING,23.213,23.039,23.186,22.255,22.923,23.213,22.255,0.958,1116.57,148.29,145.9,555.4,85.0,850.0,935.0,85.0,191.45,252.51,306.68,269.3,-124.59,23.6,-117.85,218.84,875.0,875.0,875.0,875.0,393.43,399.4,394.73,253.54,1966.16,1955.0,1019.94,3500.0,1441.1,1.0,0.984,0.025,0.166,22.5,TARGETED_HOTSPOT_COOL,2.808
5,Opposing Thermal Zones,0,177,1770.0,23,1,10,11,1,92.1,82.54,HEAVY,283.94,VERY HIGH,HEAVY LOAD,87.88,79.43,HEAVY,274.0,VERY HIGH,HEAVY LOAD,89.74,81.34,HEAVY,279.19,VERY HIGH,HEAVY LOAD,88.79,82.4,HEAVY,279.59,VERY HIGH,HEAVY LOAD,16.4,4.88,LIGHT,72.82,LOW,RUNNING,18.09,5.31,LIGHT,75.58,LOW,RUNNING,15.74,3.96,LIGHT,70.61,LOW,RUNNING,17.66,5.14,LIGHT,74.78,LOW,RUNNING,87.2,79.69,HEAVY,273.53,VERY HIGH,HEAVY LOAD,90.58,82.76,HEAVY,282.37,VERY HIGH,HEAVY LOAD,28.11,54.0,229.5,0.25,22.0,COOLING,0.25,22.0,COOLING,0.25,22.0,COOLING,0.25,22.0,COOLING,23.221,23.047,23.194,22.26,22.931,23.221,22.26,0.961,1116.72,148.4,145.39,555.9,85.0,850.0,935.0,85.0,191.35,252.47,306.68,269.32,-124.93,23.55,-118.17,219.55,875.0,875.0,875.0,875.0,393.14,399.42,393.9,254.77,1966.41,1955.0,1019.82,3500.0,1441.23,1.0,0.987,0.028,0.172,22.5,TARGETED_HOTSPOT_COOL,2.841
5,Opposing Thermal Zones,0,178,1780.0,23,1,10,11,1,91.92,82.46,HEAVY,283.59,VERY HIGH,HEAVY LOAD,87.79,79.48,HEAVY,273.96,VERY HIGH,HEAVY LOAD,89.81,81.48,HEAVY,279.48,VERY HIGH,HEAVY LOAD,88.97,82.49,HEAVY,279.95,VERY HIGH,HEAVY LOAD,16.49,4.9,LIGHT,72.96,LOW,RUNNING,18.05,5.25,LIGHT,75.44,LOW,RUNNING,15.61,3.87,LIGHT,70.32,LOW,RUNNING,17.56,5.11,LIGHT,74.61,LOW,RUNNING,87.22,79.81,HEAVY,273.74,VERY HIGH,HEAVY LOAD,90.75,82.88,HEAVY,282.76,VERY HIGH,HEAVY LOAD,28.12,54.0,229.7,0.25,22.0,COOLING,0.25,22.0,COOLING,0.25,22.0,COOLING,0.25,22.0,COOLING,23.229,23.055,23.202,22.265,22.938,23.229,22.265,0.964,1116.98,148.4,144.93,556.5,85.0,850.0,935.0,85.0,191.47,252.63,306.9,269.55,-125.25,23.5,-118.5,220.25,875.0,875.0,875.0,875.0,393.2,399.53,393.33,256.3,1966.81,1955.0,1020.55,3500.0,1442.36,1.0,0.989,0.031,0.178,22.5,TARGETED_HOTSPOT_COOL,2.8745
5,Opposing Thermal Zones,0,179,1790.0,23,1,10,11,1,91.74,82.42,HEAVY,283.31,VERY HIGH,HEAVY LOAD,87.72,79.56,HEAVY,273.99,VERY HIGH,HEAVY LOAD,89.92,81.61,HEAVY,279.81,VERY HIGH,HEAVY LOAD,89.15,82.56,HEAVY,280.28,VERY HIGH,HEAVY LOAD,16.56,4.9,LIGHT,73.05,LOW,RUNNING,17.99,5.18,LIGHT,75.26,LOW,RUNNING,15.47,3.79,LIGHT,70.02,LOW,RUNNING,17.48,5.1,LIGHT,74.5,LOW,RUNNING,87.29,79.94,HEAVY,274.02,VERY HIGH,HEAVY LOAD,90.92,82.97,HEAVY,283.11,VERY HIGH,HEAVY LOAD,28.12,54.0,229.8,0.25,22.0,COOLING,0.25,22.0,COOLING,0.25,22.0,COOLING,0.25,22.0,COOLING,23.237,23.063,23.21,22.27,22.945,23.237,22.27,0.967,1117.39,148.31,144.52,557.13,85.0,850.0,935.0,85.0,191.33,252.52,306.81,269.5,-125.58,23.46,-118.84,220.96,875.0,875.0,875.0,875.0,393.14,399.29,392.49,257.59,1967.35,1955.0,1020.16,3500.0,1442.51,1.0,0.992,0.034,0.184,22.5,TARGETED_HOTSPOT_COOL,2.9084
5,Opposing Thermal Zones,0,180,1800.0,23,1,10,11,1,91.58,82.4,HEAVY,283.07,VERY HIGH,HEAVY LOAD,87.7,79.67,HEAVY,274.13,VERY HIGH,HEAVY LOAD,90.05,81.74,HEAVY,280.17,VERY HIGH,HEAVY LOAD,89.32,82.59,HEAVY,280.53,VERY HIGH,HEAVY LOAD,16.59,4.88,LIGHT,73.06,LOW,RUNNING,17.9,5.09,LIGHT,75.01,LOW,RUNNING,15.34,3.72,LIGHT,69.75,LOW,RUNNING,17.43,5.11,LIGHT,74.45,LOW,RUNNING,87.39,80.08,HEAVY,274.36,VERY HIGH,HEAVY LOAD,91.1,83.04,HEAVY,283.44,VERY HIGH,HEAVY LOAD,28.12,54.0,230.0,0.25,22.0,COOLING,0.25,22.0,COOLING,0.25,22.0,COOLING,0.25,22.0,COOLING,23.245,23.071,23.218,22.275,22.952,23.245,22.275,0.97,1117.9,148.07,144.2,557.8,85.0,850.0,935.0,85.0,191.23,252.48,306.81,269.53,-125.91,23.42,-119.17,221.66,875.0,875.0,875.0,875.0,393.22,398.97,391.84,258.99,1967.97,1955.0,1020.05,3500.0,1443.02,0.998,1.0,0.014,0.174,22.5,TARGETED_HOTSPOT_COOL,2.9382
5,Opposing Thermal Zones,0,181,1810.0,23,1,10,11,1,91.44,82.41,HEAVY,282.92,VERY HIGH,HEAVY LOAD,87.72,79.79,HEAVY,274.33,VERY HIGH,HEAVY LOAD,90.21,81.86,HEAVY,280.55,VERY HIGH,HEAVY LOAD,89.47,82.6,HEAVY,280.74,VERY HIGH,HEAVY LOAD,16.6,4.84,LIGHT,73.01,LOW,RUNNING,17.79,5.0,LIGHT,74.74,LOW,RUNNING,15.22,3.67,LIGHT,69.53,LOW,RUNNING,17.4,5.14,LIGHT,74.46,LOW,RUNNING,87.52,80.21,HEAVY,274.71,VERY HIGH,HEAVY LOAD,91.27,83.09,HEAVY,283.72,VERY HIGH,HEAVY LOAD,28.13,54.0,230.2,0.25,22.0,COOLING,0.25,22.0,COOLING,0.25,22.0,COOLING,0.25,22.0,COOLING,23.253,23.079,23.226,22.28,22.959,23.253,22.28,0.973,1118.54,147.75,143.99,558.43,85.0,850.0,935.0,85.0,191.36,252.65,307.03,269.76,-126.25,23.37,-119.49,222.37,875.0,875.0,875.0,875.0,393.65,398.77,391.53,260.56,1968.71,1955.0,1020.8,3500.0,1444.51,0.999,1.0,0.0,0.16,22.5,TARGETED_HOTSPOT_COOL,2.9695
5,Opposing Thermal Zones,0,182,1820.0,23,1,10,11,1,91.33,82.45,HEAVY,282.84,VERY HIGH,HEAVY LOAD,87.77,79.92,HEAVY,274.59,VERY HIGH,HEAVY LOAD,90.39,81.95,HEAVY,280.91,VERY HIGH,HEAVY LOAD,89.61,82.58,HEAVY,280.88,VERY HIGH,HEAVY LOAD,16.58,4.78,LIGHT,72.89,LOW,RUNNING,17.67,4.91,LIGHT,74.45,LOW,RUNNING,15.11,3.62,LIGHT,69.32,LOW,RUNNING,17.41,5.18,LIGHT,74.53,LOW,RUNNING,87.67,80.33,HEAVY,275.08,VERY HIGH,HEAVY LOAD,91.44,83.1,HEAVY,283.95,VERY HIGH,HEAVY LOAD,28.13,54.0,230.3,0.25,22.0,COOLING,0.25,22.0,COOLING,0.25,22.0,COOLING,0.25,22.0,COOLING,23.261,23.087,23.234,22.285,22.967,23.261,22.285,0.976,1119.22,147.34,143.85,559.03,85.0,850.0,935.0,85.0,191.22,252.54,306.95,269.71,-126.57,23.32,-119.82,223.07,875.0,875.0,875.0,875.0,393.87,398.2,390.98,261.81,1969.44,1955.0,1020.42,3500.0,1444.86,1.0,0.999,0.044,0.203,22.5,TARGETED_HOTSPOT_COOL,3.013
5,Opposing Thermal Zones,0,183,1830.0,23,1,10,11,1,91.25,82.52,HEAVY,282.84,VERY HIGH,HEAVY LOAD,87.86,80.05,HEAVY,274.9,VERY HIGH,HEAVY LOAD,90.57,82.03,HEAVY,281.26,VERY HIGH,HEAVY LOAD,89.71,82.52,HEAVY,280.92,VERY HIGH,HEAVY LOAD,16.52,4.71,LIGHT,72.72,LOW,RUNNING,17.54,4.83,LIGHT,74.17,LOW,RUNNING,15.02,3.6,LIGHT,69.17,LOW,RUNNING,17.44,5.24,LIGHT,74.66,LOW,RUNNING,87.84,80.43,HEAVY,275.44,VERY HIGH,HEAVY LOAD,91.57,83.08,HEAVY,284.08,VERY HIGH,HEAVY LOAD,28.14,54.0,230.5,0.25,22.0,COOLING,0.25,22.0,COOLING,0.25,22.0,COOLING,0.25,22.0,COOLING,23.269,23.095,23.242,22.29,22.974,23.269,22.29,0.979,1119.92,146.89,143.83,559.52,85.0,850.0,935.0,85.0,191.34,252.7,307.17,269.94,-126.9,23.28,-120.16,223.78,875.0,875.0,875.0,875.0,394.36,397.87,390.84,263.24,1970.16,1955.0,1021.15,3500.0,1446.31,0.999,1.0,0.048,0.209,22.5,TARGETED_HOTSPOT_COOL,3.049
5,Opposing Thermal Zones,0,184,1840.0,23,1,10,11,1,91.21,82.62,HEAVY,282.94,VERY HIGH,HEAVY LOAD,87.99,80.18,HEAVY,275.26,VERY HIGH,HEAVY LOAD,90.74,82.08,HEAVY,281.55,VERY HIGH,HEAVY LOAD,89.77,82.44,HEAVY,280.87,VERY HIGH,HEAVY LOAD,16.44,4.63,LIGHT,72.5,LOW,RUNNING,17.4,4.75,LIGHT,73.88,LOW,RUNNING,14.95,3.6,LIGHT,69.09,LOW,RUNNING,17.5,5.32,LIGHT,74.86,LOW,RUNNING,88.02,80.51,HEAVY,275.79,VERY HIGH,HEAVY LOAD,91.68,83.04,HEAVY,284.16,VERY HIGH,HEAVY LOAD,28.14,54.0,230.7,0.25,22.0,COOLING,0.25,22.0,COOLING,0.25,22.0,COOLING,0.25,22.0,COOLING,23.277,23.103,23.25,22.295,22.981,23.277,22.295,0.982,1120.62,146.38,143.95,559.95,85.0,850.0,935.0,85.0,191.24,252.66,307.17,269.97,-127.23,23.24,-120.49,224.49,875.0,875.0,875.0,875.0,394.63,397.28,390.63,264.41,1970.9,1955.0,1021.04,3500.0,1446.95,0.998,1.0,0.052,0.214,22.5,TARGETED_HOTSPOT_COOL,3.0855
5,Opposing Thermal Zones,0,185,1850.0,23,1,10,11,1,91.2,82.73,HEAVY,283.1,VERY HIGH,HEAVY LOAD,88.14,80.3,HEAVY,275.62,VERY HIGH,HEAVY LOAD,90.91,82.1,HEAVY,281.79,VERY HIGH,HEAVY LOAD,89.8,82.34,HEAVY,280.76,VERY HIGH,HEAVY LOAD,16.34,4.54,LIGHT,72.23,LOW,RUNNING,17.27,4.69,LIGHT,73.62,LOW,RUNNING,14.91,3.62,LIGHT,69.07,LOW,RUNNING,17.59,5.4,LIGHT,75.09,LOW,RUNNING,88.2,80.57,HEAVY,276.11,VERY HIGH,HEAVY LOAD,91.76,82.97,HEAVY,284.16,VERY HIGH,HEAVY LOAD,28.14,54.0,230.8,0.25,22.0,COOLING,0.25,22.0,COOLING,0.25,22.0,COOLING,0.25,22.0,COOLING,23.285,23.111,23.258,22.3,22.989,23.285,22.3,0.985,1121.27,145.85,144.16,560.27,85.0,850.0,935.0,85.0,191.1,252.55,307.09,269.92,-127.56,23.19,-120.81,225.19,875.0,875.0,875.0,875.0,394.81,396.59,390.44,265.38,1971.55,1955.0,1020.66,3500.0,1447.22,0.997,1.0,0.056,0.22,22.5,TARGETED_HOTSPOT_COOL,3.1225
5,Opposing Thermal Zones,0,186,1860.0,23,1,10,11,1,91.24,82.86,HEAVY,283.34,VERY HIGH,HEAVY LOAD,88.31,80.41,HEAVY,276.0,VERY HIGH,HEAVY LOAD,91.05,82.09,HEAVY,281.95,VERY HIGH,HEAVY LOAD,89.79,82.23,HEAVY,280.58,VERY HIGH,HEAVY LOAD,16.23,4.45,LIGHT,71.96,LOW,RUNNING,17.15,4.64,LIGHT,73.4,LOW,RUNNING,14.9,3.66,LIGHT,69.11,LOW,RUNNING,17.7,5.49,LIGHT,75.36,LOW,RUNNING,88.36,80.6,HEAVY,276.35,VERY HIGH,HEAVY LOAD,91.8,82.87,HEAVY,284.06,VERY HIGH,HEAVY LOAD,28.15,54.0,231.0,0.25,22.0,COOLING,0.25,22.0,COOLING,0.25,22.0,COOLING,0.25,22.0,COOLING,23.293,23.119,23.266,22.305,22.996,23.293,22.305,0.988,1121.87,145.36,144.47,560.41,85.0,850.0,935.0,85.0,191.22,252.72,307.3,270.15,-127.89,23.14,-121.14,225.89,875.0,875.0,875.0,875.0,395.2,396.22,390.63,266.45,1972.11,1955.0,1021.39,3500.0,1448.5,0.995,1.0,0.059,0.225,22.5,TARGETED_HOTSPOT_COOL,3.1601
5,Opposing Thermal Zones,0,187,1870.0,23,1,10,11,1,91.32,82.99,HEAVY,283.63,VERY HIGH,HEAVY LOAD,88.48,80.5,HEAVY,276.35,VERY HIGH,HEAVY LOAD,91.16,82.05,HEAVY,282.02,VERY HIGH,HEAVY LOAD,89.73,82.1,HEAVY,280.31,VERY HIGH,HEAVY LOAD,16.1,4.37,LIGHT,71.68,LOW,RUNNING,17.05,4.61,LIGHT,73.23,LOW,RUNNING,14.92,3.71,LIGHT,69.22,LOW,RUNNING,17.82,5.58,LIGHT,75.65,LOW,RUNNING,88.51,80.6,HEAVY,276.54,VERY HIGH,HEAVY LOAD,91.79,82.76,HEAVY,283.88,VERY HIGH,HEAVY LOAD,28.15,54.0,231.2,0.25,22.0,COOLING,0.25,22.0,COOLING,0.25,22.0,COOLING,0.25,22.0,COOLING,23.301,23.127,23.274,22.31,23.003,23.301,22.31,0.991,1122.31,144.91,144.87,560.42,85.0,850.0,935.0,85.0,191.13,252.67,307.31,270.17,-128.22,23.1,-121.47,226.6,875.0,875.0,875.0,875.0,395.22,395.68,390.71,267.19,1972.51,1955.0,1021.28,3500.0,1448.8,0.994,1.0,0.063,0.23,22.5,TARGETED_HOTSPOT_COOL,3.1981
5,Opposing Thermal Zones,0,188,1880.0,23,1,10,11,1,91.43,83.12,HEAVY,283.97,VERY HIGH,HEAVY LOAD,88.66,80.56,HEAVY,276.66,VERY HIGH,HEAVY LOAD,91.25,81.98,HEAVY,282.03,VERY HIGH,HEAVY LOAD,89.64,81.96,HEAVY,279.99,VERY HIGH,HEAVY LOAD,15.96,4.29,LIGHT,71.39,LOW,RUNNING,16.98,4.6,LIGHT,73.12,LOW,RUNNING,14.97,3.78,LIGHT,69.38,LOW,RUNNING,17.95,5.66,LIGHT,75.93,LOW,RUNNING,88.64,80.56,HEAVY,276.64,VERY HIGH,HEAVY LOAD,91.75,82.63,HEAVY,283.63,VERY HIGH,HEAVY LOAD,28.15,54.0,231.3,0.25,22.0,COOLING,0.25,22.0,COOLING,0.25,22.0,COOLING,0.25,22.0,COOLING,23.309,23.135,23.282,22.315,23.01,23.309,22.315,0.994,1122.65,144.51,145.31,560.27,85.0,850.0,935.0,85.0,190.99,252.55,307.22,270.12,-128.55,23.06,-121.81,227.31,875.0,875.0,875.0,875.0,395.09,395.12,390.72,267.7,1972.74,1955.0,1020.88,3500.0,1448.63,0.993,1.0,0.068,0.235,22.5,TARGETED_HOTSPOT_COOL,3.2365
5,Opposing Thermal Zones,0,189,1890.0,23,1,10,11,1,91.57,83.25,HEAVY,284.34,VERY HIGH,HEAVY LOAD,88.83,80.59,HEAVY,276.92,VERY HIGH,HEAVY LOAD,91.29,81.89,HEAVY,281.95,VERY HIGH,HEAVY LOAD,89.52,81.83,HEAVY,279.64,VERY HIGH,HEAVY LOAD,15.83,4.22,LIGHT,71.12,LOW,RUNNING,16.92,4.61,LIGHT,73.07,LOW,RUNNING,15.05,3.86,LIGHT,69.6,LOW,RUNNING,18.09,5.74,LIGHT,76.22,LOW,RUNNING,88.73,80.5,HEAVY,276.66,VERY HIGH,HEAVY LOAD,91.67,82.5,HEAVY,283.34,VERY HIGH,HEAVY LOAD,28.16,54.0,231.5,0.25,22.0,COOLING,0.25,22.0,COOLING,0.25,22.0,COOLING,0.25,22.0,COOLING,23.317,23.143,23.29,22.32,23.017,23.317,22.32,0.997,1122.85,144.19,145.82,560.0,85.0,850.0,935.0,85.0,191.11,252.73,307.44,270.36,-128.88,23.01,-122.13,228.01,875.0,875.0,875.0,875.0,395.08,394.93,391.13,268.37,1972.86,1955.0,1021.64,3500.0,1449.51,0.995,1.0,0.072,0.238,22.5,TARGETED_HOTSPOT_COOL,3.2749
5,Opposing Thermal Zones,0,190,1900.0,23,1,10,11,1,91.73,83.36,HEAVY,284.7,VERY HIGH,HEAVY LOAD,88.99,80.6,HEAVY,277.14,VERY HIGH,HEAVY LOAD,91.3,81.78,HEAVY,281.8,VERY HIGH,HEAVY LOAD,89.38,81.71,HEAVY,279.29,VERY HIGH,HEAVY LOAD,15.71,4.16,LIGHT,70.88,LOW,RUNNING,16.9,4.64,LIGHT,73.08,LOW,RUNNING,15.15,3.95,LIGHT,69.86,LOW,RUNNING,18.22,5.81,LIGHT,76.49,LOW,RUNNING,88.78,80.42,HEAVY,276.61,VERY HIGH,HEAVY LOAD,91.56,82.36,HEAVY,282.99,VERY HIGH,HEAVY LOAD,28.16,54.0,231.7,0.25,22.0,COOLING,0.25,22.0,COOLING,0.25,22.0,COOLING,0.25,22.0,COOLING,23.325,23.151,23.298,22.325,23.025,23.325,22.325,1.0,1122.93,143.96,146.35,559.6,85.0,850.0,935.0,85.0,191.01,252.68,307.45,270.37,-129.21,22.96,-122.46,228.71,875.0,875.0,875.0,875.0,394.73,394.6,391.34,268.68,1972.84,1955.0,1021.51,3500.0,1449.35,0.994,1.0,0.077,0.243,22.5,TARGETED_HOTSPOT_COOL,3.3142
5,Opposing Thermal Zones,0,191,1910.0,23,1,10,11,1,91.9,83.46,HEAVY,285.06,VERY HIGH,HEAVY LOAD,89.12,80.57,HEAVY,277.25,VERY HIGH,HEAVY LOAD,91.26,81.66,HEAVY,281.56,VERY HIGH,HEAVY LOAD,89.21,81.6,HEAVY,278.91,VERY HIGH,HEAVY LOAD,15.6,4.12,LIGHT,70.68,LOW,RUNNING,16.91,4.69,LIGHT,73.17,LOW,RUNNING,15.26,4.04,LIGHT,70.14,LOW,RUNNING,18.34,5.86,LIGHT,76.72,LOW,RUNNING,88.8,80.31,HEAVY,276.47,VERY HIGH,HEAVY LOAD,91.42,82.24,HEAVY,282.63,VERY HIGH,HEAVY LOAD,28.16,54.0,231.8,0.25,22.0,COOLING,0.25,22.0,COOLING,0.25,22.0,COOLING,0.25,22.0,COOLING,23.333,23.159,23.306,22.33,23.032,23.333,22.33,1.003,1122.78,143.85,146.86,559.1,85.0,850.0,935.0,85.0,190.87,252.57,307.35,270.33,-129.54,22.92,-122.79,229.42,875.0,875.0,875.0,875.0,394.11,394.34,391.42,268.85,1972.59,1955.0,1021.12,3500.0,1448.72,0.991,1.0,0.08,0.248,22.5,TARGETED_HOTSPOT_COOL,3.3543
5,Opposing Thermal Zones,0,192,1920.0,23,1,10,11,1,92.08,83.54,HEAVY,285.41,VERY HIGH,HEAVY LOAD,89.21,80.52,HEAVY,277.29,VERY HIGH,HEAVY LOAD,91.19,81.52,HEAVY,281.27,VERY HIGH,HEAVY LOAD,89.03,81.51,HEAVY,278.55,VERY HIGH,HEAVY LOAD,15.51,4.1,LIGHT,70.54,LOW,RUNNING,16.95,4.75,LIGHT,73.31,LOW,RUNNING,15.39,4.13,LIGHT,70.43,LOW,RUNNING,18.44,5.89,LIGHT,76.88,LOW,RUNNING,88.78,80.19,HEAVY,276.26,VERY HIGH,HEAVY LOAD,91.25,82.12,HEAVY,282.24,VERY HIGH,HEAVY LOAD,28.17,54.0,232.0,0.25,22.0,COOLING,0.25,22.0,COOLING,0.25,22.0,COOLING,0.25,22.0,COOLING,23.341,23.167,23.314,22.335,23.039,23.341,22.335,1.006,1122.52,143.85,147.31,558.5,85.0,850.0,935.0,85.0,191.0,252.74,307.58,270.56,-129.87,22.88,-123.13,230.13,875.0,875.0,875.0,875.0,393.65,394.47,391.76,269.19,1972.18,1955.0,1021.88,3500.0,1449.07,0.993,1.0,0.087,0.253,22.5,TARGETED_HOTSPOT_COOL,3.3942
5,Opposing Thermal Zones,0,193,1930.0,23,1,10,11,1,92.26,83.58,HEAVY,285.7,VERY HIGH,HEAVY LOAD,89.28,80.44,HEAVY,277.26,VERY HIGH,HEAVY LOAD,91.08,81.39,HEAVY,280.94,VERY HIGH,HEAVY LOAD,88.85,81.44,HEAVY,278.22,VERY HIGH,HEAVY LOAD,15.44,4.1,LIGHT,70.45,LOW,RUNNING,17.01,4.82,LIGHT,73.49,LOW,RUNNING,15.53,4.21,LIGHT,70.73,LOW,RUNNING,18.52,5.9,LIGHT,77.0,LOW,RUNNING,88.71,80.06,HEAVY,275.98,VERY HIGH,HEAVY LOAD,91.08,82.03,HEAVY,281.89,VERY HIGH,HEAVY LOAD,28.17,54.0,232.2,0.25,22.0,COOLING,0.25,22.0,COOLING,0.25,22.0,COOLING,0.25,22.0,COOLING,23.349,23.175,23.322,22.34,23.047,23.349,22.34,1.009,1122.12,143.94,147.73,557.87,85.0,850.0,935.0,85.0,190.9,252.68,307.57,270.57,-130.2,22.83,-123.45,230.83,875.0,875.0,875.0,875.0,392.82,394.45,391.85,269.27,1971.66,1955.0,1021.72,3500.0,1448.39,0.989,1.0,0.09,0.259,22.5,TARGETED_HOTSPOT_COOL,3.4355
5,Opposing Thermal Zones,0,194,1940.0,23,1,10,11,1,92.42,83.6,HEAVY,285.93,VERY HIGH,HEAVY LOAD,89.3,80.33,HEAVY,277.12,VERY HIGH,HEAVY LOAD,90.95,81.26,HEAVY,280.58,VERY HIGH,HEAVY LOAD,88.68,81.41,HEAVY,277.97,VERY HIGH,HEAVY LOAD,15.41,4.12,LIGHT,70.44,LOW,RUNNING,17.1,4.91,LIGHT,73.74,LOW,RUNNING,15.66,4.28,LIGHT,71.0,LOW,RUNNING,18.57,5.89,LIGHT,77.05,LOW,RUNNING,88.61,79.92,HEAVY,275.64,VERY HIGH,HEAVY LOAD,90.9,81.96,HEAVY,281.56,VERY HIGH,HEAVY LOAD,28.17,54.0,232.3,0.25,22.0,COOLING,0.25,22.0,COOLING,0.25,22.0,COOLING,0.25,22.0,COOLING,23.357,23.183,23.33,22.345,23.054,23.357,22.345,1.012,1121.6,144.18,148.05,557.2,85.0,850.0,935.0,85.0,190.76,252.58,307.49,270.54,-130.54,22.78,-123.78,231.53,875.0,875.0,875.0,875.0,391.82,394.54,391.76,269.27,1971.03,1955.0,1021.37,3500.0,1447.39,0.989,1.0,0.091,0.259,22.5,TARGETED_HOTSPOT_COOL,3.4753
5,Opposing Thermal Zones,0,195,1950.0,23,1,10,11,1,92.56,83.59,HEAVY,286.09,VERY HIGH,HEAVY LOAD,89.28,80.21,HEAVY,276.92,VERY HIGH,HEAVY LOAD,90.79,81.14,HEAVY,280.2,VERY HIGH,HEAVY LOAD,88.53,81.4,HEAVY,277.76,VERY HIGH,HEAVY LOAD,15.4,4.16,LIGHT,70.49,LOW,RUNNING,17.21,5.0,LIGHT,74.01,LOW,RUNNING,15.78,4.33,LIGHT,71.22,LOW,RUNNING,18.6,5.86,LIGHT,77.04,LOW,RUNNING,88.48,79.79,HEAVY,275.29,VERY HIGH,HEAVY LOAD,90.73,81.91,HEAVY,281.28,VERY HIGH,HEAVY LOAD,28.18,54.0,232.5,0.25,22.0,COOLING,0.25,22.0,COOLING,0.25,22.0,COOLING,0.25,22.0,COOLING,23.365,23.191,23.338,22.351,23.061,23.365,22.351,1.014,1120.97,144.5,148.26,556.57,85.0,850.0,935.0,85.0,190.88,252.75,307.72,270.76,-130.87,22.74,-124.11,232.24,875.0,875.0,875.0,875.0,390.98,394.99,391.87,269.57,1970.3,1955.0,1022.11,3500.0,1447.41,0.992,1.0,0.099,0.264,22.5,TARGETED_HOTSPOT_COOL,3.5123
5,Opposing Thermal Zones,0,196,1960.0,23,1,10,11,1,92.67,83.55,HEAVY,286.16,VERY HIGH,HEAVY LOAD,89.23,80.08,HEAVY,276.66,VERY HIGH,HEAVY LOAD,90.61,81.05,HEAVY,279.84,VERY HIGH,HEAVY LOAD,88.39,81.42,HEAVY,277.62,VERY HIGH,HEAVY LOAD,15.42,4.22,LIGHT,70.61,LOW,RUNNING,17.33,5.09,LIGHT,74.3,LOW,RUNNING,15.89,4.38,LIGHT,71.43,LOW,RUNNING,18.59,5.82,LIGHT,76.97,LOW,RUNNING,88.33,79.67,HEAVY,274.92,VERY HIGH,HEAVY LOAD,90.56,81.9,HEAVY,281.05,VERY HIGH,HEAVY LOAD,28.18,54.0,232.7,0.25,22.0,COOLING,0.25,22.0,COOLING,0.25,22.0,COOLING,0.25,22.0,COOLING,23.373,23.199,23.346,22.356,23.069,23.373,22.356,1.017,1120.28,144.91,148.4,555.97,85.0,850.0,935.0,85.0,190.78,252.7,307.71,270.76,-131.08,22.71,-124.34,232.71,875.0,875.0,875.0,875.0,389.98,395.32,391.77,269.44,1969.56,1955.0,1021.95,3500.0,1446.51,0.995,1.0,0.099,0.26,22.5,TARGETED_HOTSPOT_COOL,3.5517
5,Opposing Thermal Zones,0,197,1970.0,23,1,10,11,1,92.75,83.48,HEAVY,286.16,VERY HIGH,HEAVY LOAD,89.14,79.95,HEAVY,276.35,VERY HIGH,HEAVY LOAD,90.43,80.97,HEAVY,279.49,VERY HIGH,HEAVY LOAD,88.29,81.48,HEAVY,277.58,VERY HIGH,HEAVY LOAD,15.48,4.29,LIGHT,70.78,LOW,RUNNING,17.46,5.17,LIGHT,74.58,LOW,RUNNING,15.98,4.4,LIGHT,71.57,LOW,RUNNING,18.56,5.76,LIGHT,76.84,LOW,RUNNING,88.16,79.57,HEAVY,274.55,VERY HIGH,HEAVY LOAD,90.43,81.92,HEAVY,280.92,VERY HIGH,HEAVY LOAD,28.18,54.0,232.8,0.25,22.0,COOLING,0.25,22.0,COOLING,0.25,22.0,COOLING,0.25,22.0,COOLING,23.381,23.207,23.354,22.362,23.076,23.381,22.362,1.019,1119.58,145.36,148.41,555.47,85.0,850.0,935.0,85.0,190.65,252.59,307.63,270.72,-131.41,22.66,-124.66,233.41,875.0,875.0,875.0,875.0,388.82,395.61,391.38,269.6,1968.82,1955.0,1021.59,3500.0,1445.41,0.995,1.0,0.103,0.264,22.5,TARGETED_HOTSPOT_COOL,3.5896
5,Opposing Thermal Zones,0,198,1980.0,23,1,10,11,1,92.79,83.38,HEAVY,286.06,VERY HIGH,HEAVY LOAD,89.01,79.82,HEAVY,275.99,VERY HIGH,HEAVY LOAD,90.26,80.92,HEAVY,279.2,VERY HIGH,HEAVY LOAD,88.23,81.56,HEAVY,277.63,VERY HIGH,HEAVY LOAD,15.56,4.37,LIGHT,71.01,LOW,RUNNING,17.6,5.25,LIGHT,74.88,LOW,RUNNING,16.05,4.4,LIGHT,71.66,LOW,RUNNING,18.5,5.68,LIGHT,76.64,LOW,RUNNING,87.98,79.49,HEAVY,274.21,VERY HIGH,HEAVY LOAD,90.32,81.96,HEAVY,280.84,VERY HIGH,HEAVY LOAD,28.19,54.0,233.0,0.25,22.0,COOLING,0.25,22.0,COOLING,0.25,22.0,COOLING,0.25,22.0,COOLING,23.389,23.215,23.362,22.368,23.084,23.389,22.368,1.021,1118.88,145.89,148.3,555.05,85.0,850.0,935.0,85.0,190.77,252.75,307.85,270.92,-131.64,22.63,-124.88,233.89,875.0,875.0,875.0,875.0,388.01,396.27,391.27,269.86,1968.12,1955.0,1022.29,3500.0,1445.41,0.995,1.0,0.107,0.268,22.5,TARGETED_HOTSPOT_COOL,3.6282
5,Opposing Thermal Zones,0,199,1990.0,23,1,10,11,1,92.8,83.27,HEAVY,285.9,VERY HIGH,HEAVY LOAD,88.86,79.7,HEAVY,275.62,VERY HIGH,HEAVY LOAD,90.09,80.9,HEAVY,278.96,VERY HIGH,HEAVY LOAD,88.2,81.66,HEAVY,277.74,VERY HIGH,HEAVY LOAD,15.66,4.46,LIGHT,71.27,LOW,RUNNING,17.73,5.31,LIGHT,75.13,LOW,RUNNING,16.09,4.38,LIGHT,71.68,LOW,RUNNING,18.41,5.6,LIGHT,76.41,LOW,RUNNING,87.8,79.43,HEAVY,273.9,VERY HIGH,HEAVY LOAD,90.24,82.03,HEAVY,280.85,VERY HIGH,HEAVY LOAD,28.19,54.0,233.2,0.25,22.0,COOLING,0.25,22.0,COOLING,0.25,22.0,COOLING,0.25,22.0,COOLING,23.397,23.223,23.37,22.374,23.091,23.397,22.374,1.023,1118.22,146.4,148.09,554.75,85.0,850.0,935.0,85.0,190.67,252.71,307.85,270.92,-131.86,22.6,-125.1,234.36,875.0,875.0,875.0,875.0,387.03,396.71,390.84,270.03,1967.46,1955.0,1022.15,3500.0,1444.61,0.994,1.0,0.112,0.272,22.5,TARGETED_HOTSPOT_COOL,3.6669
5,Opposing Thermal Zones,0,200,2000.0,23,1,10,11,1,92.76,83.14,HEAVY,285.66,VERY HIGH,HEAVY LOAD,88.69,79.59,HEAVY,275.25,VERY HIGH,HEAVY LOAD,89.95,80.91,HEAVY,278.8,VERY HIGH,HEAVY LOAD,88.21,81.77,HEAVY,277.92,VERY HIGH,HEAVY LOAD,15.77,4.55,LIGHT,71.54,LOW,RUNNING,17.85,5.36,LIGHT,75.35,LOW,RUNNING,16.1,4.34,LIGHT,71.64,LOW,RUNNING,18.3,5.51,LIGHT,76.14,LOW,RUNNING,87.64,79.4,HEAVY,273.65,VERY HIGH,HEAVY LOAD,90.2,82.13,HEAVY,280.94,VERY HIGH,HEAVY LOAD,28.19,54.0,233.3,0.25,22.0,COOLING,0.25,22.0,COOLING,0.25,22.0,COOLING,0.25,22.0,COOLING,23.405,23.231,23.378,22.38,23.099,23.405,22.38,1.025,1117.63,146.89,147.78,554.59,85.0,850.0,935.0,85.0,190.54,252.6,307.77,270.85,-132.07,22.58,-125.33,234.83,875.0,875.0,875.0,875.0,386.1,397.07,390.22,270.27,1966.89,1955.0,1021.76,3500.0,1443.66,0.994,1.0,0.116,0.276,22.5,TARGETED_HOTSPOT_COOL,3.706
5,Opposing Thermal Zones,0,201,2010.0,23,1,10,11,1,92.68,83.01,HEAVY,285.37,VERY HIGH,HEAVY LOAD,88.52,79.5,HEAVY,274.9,VERY HIGH,HEAVY LOAD,89.84,80.95,HEAVY,278.73,VERY HIGH,HEAVY LOAD,88.27,81.9,HEAVY,278.19,VERY HIGH,HEAVY LOAD,15.9,4.63,LIGHT,71.82,LOW,RUNNING,17.95,5.39,LIGHT,75.52,LOW,RUNNING,16.08,4.29,LIGHT,71.53,LOW,RUNNING,18.18,5.42,LIGHT,75.85,LOW,RUNNING,87.49,79.4,HEAVY,273.46,VERY HIGH,HEAVY LOAD,90.21,82.24,HEAVY,281.12,VERY HIGH,HEAVY LOAD,28.2,54.0,233.5,0.25,22.0,COOLING,0.25,22.0,COOLING,0.25,22.0,COOLING,0.25,22.0,COOLING,23.413,23.239,23.386,22.386,23.106,23.413,22.386,1.027,1117.19,147.34,147.38,554.58,85.0,850.0,935.0,85.0,190.65,252.77,307.98,271.07,-132.3,22.54,-125.54,235.3,875.0,875.0,875.0,875.0,385.54,397.65,389.82,270.95,1966.49,1955.0,1022.47,3500.0,1443.96,0.995,1.0,0.12,0.28,22.5,TARGETED_HOTSPOT_COOL,3.7455
5,Opposing Thermal Zones,0,202,2020.0,23,1,10,11,1,92.57,82.88,HEAVY,285.03,VERY HIGH,HEAVY LOAD,88.34,79.44,HEAVY,274.59,VERY HIGH,HEAVY LOAD,89.75,81.02,HEAVY,278.72,VERY HIGH,HEAVY LOAD,88.36,82.04,HEAVY,278.51,VERY HIGH,HEAVY LOAD,16.04,4.71,LIGHT,72.11,LOW,RUNNING,18.02,5.4,LIGHT,75.62,LOW,RUNNING,16.03,4.22,LIGHT,71.37,LOW,RUNNING,18.05,5.34,LIGHT,75.57,LOW,RUNNING,87.36,79.44,HEAVY,273.36,VERY HIGH,HEAVY LOAD,90.25,82.37,HEAVY,281.37,VERY HIGH,HEAVY LOAD,28.2,54.0,233.7,0.25,22.0,COOLING,0.25,22.0,COOLING,0.25,22.0,COOLING,0.25,22.0,COOLING,23.421,23.247,23.394,22.392,23.113,23.421,22.392,1.029,1116.85,147.73,146.94,554.73,85.0,850.0,935.0,85.0,190.56,252.72,307.99,271.06,-132.52,22.51,-125.76,235.77,875.0,875.0,875.0,875.0,384.89,397.96,389.17,271.56,1966.25,1955.0,1022.33,3500.0,1443.58,0.994,1.0,0.123,0.283,22.5,TARGETED_HOTSPOT_COOL,3.785
5,Opposing Thermal Zones,0,203,2030.0,23,1,10,11,1,92.43,82.75,HEAVY,284.66,VERY HIGH,HEAVY LOAD,88.17,79.41,HEAVY,274.33,VERY HIGH,HEAVY LOAD,89.71,81.11,HEAVY,278.8,VERY HIGH,HEAVY LOAD,88.48,82.17,HEAVY,278.86,VERY HIGH,HEAVY LOAD,16.17,4.78,LIGHT,72.38,LOW,RUNNING,18.08,5.39,LIGHT,75.68,LOW,RUNNING,15.95,4.14,LIGHT,71.15,LOW,RUNNING,17.91,5.26,LIGHT,75.28,LOW,RUNNING,87.27,79.5,HEAVY,273.34,VERY HIGH,HEAVY LOAD,90.33,82.5,HEAVY,281.66,VERY HIGH,HEAVY LOAD,28.2,54.0,233.8,0.25,22.0,COOLING,0.25,22.0,COOLING,0.25,22.0,COOLING,0.25,22.0,COOLING,23.429,23.255,23.402,22.398,23.121,23.429,22.398,1.031,1116.65,148.06,146.43,555.0,85.0,850.0,935.0,85.0,190.42,252.61,307.9,270.99,-132.73,22.48,-125.98,236.23,875.0,875.0,875.0,875.0,384.34,398.15,388.35,272.22,1966.14,1955.0,1021.92,3500.0,1443.06,0.995,1.0,0.127,0.287,22.5,TARGETED_HOTSPOT_COOL,3.8251
5,Opposing Thermal Zones,0,204,2040.0,23,1,10,11,1,92.27,82.64,HEAVY,284.3,VERY HIGH,HEAVY LOAD,88.01,79.4,HEAVY,274.11,VERY HIGH,HEAVY LOAD,89.7,81.22,HEAVY,278.95,VERY HIGH,HEAVY LOAD,88.62,82.29,HEAVY,279.21,VERY HIGH,HEAVY LOAD,16.29,4.84,LIGHT,72.62,LOW,RUNNING,18.1,5.36,LIGHT,75.67,LOW,RUNNING,15.85,4.05,LIGHT,70.89,LOW,RUNNING,17.78,5.19,LIGHT,75.01,LOW,RUNNING,87.22,79.58,HEAVY,273.39,VERY HIGH,HEAVY LOAD,90.44,82.64,HEAVY,282.01,VERY HIGH,HEAVY LOAD,28.21,54.0,234.0,0.25,22.0,COOLING,0.25,22.0,COOLING,0.25,22.0,COOLING,0.25,22.0,COOLING,23.437,23.263,23.41,22.404,23.129,23.437,22.404,1.033,1116.57,148.29,145.9,555.4,85.0,850.0,935.0,85.0,190.54,252.78,308.12,271.21,-132.95,22.46,-126.21,236.71,875.0,875.0,875.0,875.0,384.16,398.53,387.81,273.32,1966.16,1955.0,1022.65,3500.0,1443.82,0.995,1.0,0.131,0.291,22.5,TARGETED_HOTSPOT_COOL,3.8657
5,Opposing Thermal Zones,0,205,2050.0,23,1,10,11,1,92.1,82.54,HEAVY,283.94,VERY HIGH,HEAVY LOAD,87.88,79.43,HEAVY,274.0,VERY HIGH,HEAVY LOAD,89.74,81.34,HEAVY,279.19,VERY HIGH,HEAVY LOAD,88.79,82.4,HEAVY,279.59,VERY HIGH,HEAVY LOAD,16.4,4.88,LIGHT,72.82,LOW,RUNNING,18.09,5.31,LIGHT,75.58,LOW,RUNNING,15.74,3.96,LIGHT,70.61,LOW,RUNNING,17.66,5.14,LIGHT,74.78,LOW,RUNNING,87.2,79.69,HEAVY,273.53,VERY HIGH,HEAVY LOAD,90.58,82.76,HEAVY,282.37,VERY HIGH,HEAVY LOAD,28.21,54.0,234.2,0.25,22.0,COOLING,0.25,22.0,COOLING,0.25,22.0,COOLING,0.25,22.0,COOLING,23.445,23.271,23.418,22.41,23.136,23.445,22.41,1.035,1116.72,148.4,145.39,555.9,85.0,850.0,935.0,85.0,190.45,252.74,308.12,271.21,-133.18,22.42,-126.42,237.18,875.0,875.0,875.0,875.0,383.99,398.56,387.09,274.29,1966.41,1955.0,1022.52,3500.0,1443.93,0.995,1.0,0.137,0.297,22.5,TARGETED_HOTSPOT_COOL,3.9069
5,Opposing Thermal Zones,0,206,2060.0,23,1,10,11,1,91.92,82.46,HEAVY,283.59,VERY HIGH,HEAVY LOAD,87.79,79.48,HEAVY,273.96,VERY HIGH,HEAVY LOAD,89.81,81.48,HEAVY,279.48,VERY HIGH,HEAVY LOAD,88.97,82.49,HEAVY,279.95,VERY HIGH,HEAVY LOAD,16.49,4.9,LIGHT,72.96,LOW,RUNNING,18.05,5.25,LIGHT,75.44,LOW,RUNNING,15.61,3.87,LIGHT,70.32,LOW,RUNNING,17.56,5.11,LIGHT,74.61,LOW,RUNNING,87.22,79.81,HEAVY,273.74,VERY HIGH,HEAVY LOAD,90.75,82.88,HEAVY,282.76,VERY HIGH,HEAVY LOAD,28.22,54.0,234.3,0.25,22.0,COOLING,0.25,22.0,COOLING,0.25,22.0,COOLING,0.25,22.0,COOLING,23.453,23.279,23.426,22.416,23.143,23.453,22.416,1.037,1116.98,148.4,144.93,556.5,85.0,850.0,935.0,85.0,190.52,252.84,308.25,271.35,-133.39,22.39,-126.64,237.64,875.0,875.0,875.0,875.0,384.11,398.63,386.54,275.49,1966.81,1955.0,1022.96,3500.0,1444.77,0.996,1.0,0.141,0.301,22.5,TARGETED_HOTSPOT_COOL,3.9483
5,Opposing Thermal Zones,0,207,2070.0,23,1,10,11,1,91.74,82.42,HEAVY,283.31,VERY HIGH,HEAVY LOAD,87.72,79.56,HEAVY,273.99,VERY HIGH,HEAVY LOAD,89.92,81.61,HEAVY,279.81,VERY HIGH,HEAVY LOAD,89.15,82.56,HEAVY,280.28,VERY HIGH,HEAVY LOAD,16.56,4.9,LIGHT,73.05,LOW,RUNNING,17.99,5.18,LIGHT,75.26,LOW,RUNNING,15.47,3.79,LIGHT,70.02,LOW,RUNNING,17.48,5.1,LIGHT,74.5,LOW,RUNNING,87.29,79.94,HEAVY,274.02,VERY HIGH,HEAVY LOAD,90.92,82.97,HEAVY,283.11,VERY HIGH,HEAVY LOAD,28.22,54.0,234.5,0.25,22.0,COOLING,0.25,22.0,COOLING,0.25,22.0,COOLING,0.25,22.0,COOLING,23.461,23.287,23.434,22.422,23.151,23.461,22.422,1.039,1117.39,148.31,144.52,557.13,85.0,850.0,935.0,85.0,190.43,252.79,308.26,271.35,-133.61,22.36,-126.86,238.11,875.0,875.0,875.0,875.0,384.21,398.46,385.92,276.59,1967.35,1955.0,1022.83,3500.0,1445.18,0.996,1.0,0.144,0.305,22.5,TARGETED_HOTSPOT_COOL,3.9904
5,Opposing Thermal Zones,0,208,2080.0,23,1,10,11,1,91.58,82.4,HEAVY,283.07,VERY HIGH,HEAVY LOAD,87.7,79.67,HEAVY,274.13,VERY HIGH,HEAVY LOAD,90.05,81.74,HEAVY,280.17,VERY HIGH,HEAVY LOAD,89.32,82.59,HEAVY,280.53,VERY HIGH,HEAVY LOAD,16.59,4.88,LIGHT,73.06,LOW,RUNNING,17.9,5.09,LIGHT,75.01,LOW,RUNNING,15.34,3.72,LIGHT,69.75,LOW,RUNNING,17.43,5.11,LIGHT,74.45,LOW,RUNNING,87.39,80.08,HEAVY,274.36,VERY HIGH,HEAVY LOAD,91.1,83.04,HEAVY,283.44,VERY HIGH,HEAVY LOAD,28.22,54.0,234.7,0.25,22.0,COOLING,0.25,22.0,COOLING,0.25,22.0,COOLING,0.25,22.0,COOLING,23.469,23.295,23.442,22.428,23.159,23.469,22.428,1.041,1117.9,148.07,144.2,557.8,85.0,850.0,935.0,85.0,190.33,252.75,308.26,271.35,-133.83,22.34,-127.09,238.58,875.0,875.0,875.0,875.0,384.4,398.16,385.37,277.73,1967.97,1955.0,1022.69,3500.0,1445.66,0.996,1.0,0.149,0.31,22.5,TARGETED_HOTSPOT_COOL,4.0322
5,Opposing Thermal Zones,0,209,2090.0,23,1,10,11,1,91.44,82.41,HEAVY,282.92,VERY HIGH,HEAVY LOAD,87.72,79.79,HEAVY,274.33,VERY HIGH,HEAVY LOAD,90.21,81.86,HEAVY,280.55,VERY HIGH,HEAVY LOAD,89.47,82.6,HEAVY,280.74,VERY HIGH,HEAVY LOAD,16.6,4.84,LIGHT,73.01,LOW,RUNNING,17.79,5.0,LIGHT,74.74,LOW,RUNNING,15.22,3.67,LIGHT,69.53,LOW,RUNNING,17.4,5.14,LIGHT,74.46,LOW,RUNNING,87.52,80.21,HEAVY,274.71,VERY HIGH,HEAVY LOAD,91.27,83.09,HEAVY,283.72,VERY HIGH,HEAVY LOAD,28.23,54.0,234.8,0.25,22.0,COOLING,0.25,22.0,COOLING,0.25,22.0,COOLING,0.25,22.0,COOLING,23.477,23.303,23.45,22.434,23.166,23.477,22.434,1.043,1118.54,147.75,143.99,558.43,85.0,850.0,935.0,85.0,190.41,252.85,308.39,271.49,-134.06,22.3,-127.3,239.06,875.0,875.0,875.0,875.0,384.89,397.9,385.08,278.98,1968.71,1955.0,1023.14,3500.0,1446.85,0.997,1.0,0.136,0.297,22.5,TARGETED_HOTSPOT_COOL,4.0725
5,Opposing Thermal Zones,0,210,2100.0,23,1,10,11,1,91.33,82.45,HEAVY,282.84,VERY HIGH,HEAVY LOAD,87.77,79.92,HEAVY,274.59,VERY HIGH,HEAVY LOAD,90.39,81.95,HEAVY,280.91,VERY HIGH,HEAVY LOAD,89.61,82.58,HEAVY,280.88,VERY HIGH,HEAVY LOAD,16.58,4.78,LIGHT,72.89,LOW,RUNNING,17.67,4.91,LIGHT,74.45,LOW,RUNNING,15.11,3.62,LIGHT,69.32,LOW,RUNNING,17.41,5.18,LIGHT,74.53,LOW,RUNNING,87.67,80.33,HEAVY,275.08,VERY HIGH,HEAVY LOAD,91.44,83.1,HEAVY,283.95,VERY HIGH,HEAVY LOAD,28.23,54.0,235.0,0.25,22.0,COOLING,0.25,22.0,COOLING,0.25,22.0,COOLING,0.25,22.0,COOLING,23.485,23.311,23.458,22.44,23.174,23.485,22.44,1.045,1119.22,147.34,143.85,559.03,85.0,850.0,935.0,85.0,190.31,252.81,308.39,271.49,-134.27,22.27,-127.52,239.52,875.0,875.0,875.0,875.0,385.26,397.42,384.72,280.04,1969.44,1955.0,1023.0,3500.0,1447.44,0.997,1.0,0.14,0.301,22.5,TARGETED_HOTSPOT_COOL,4.1157
5,Opposing Thermal Zones,0,211,2110.0,23,1,10,11,1,91.25,82.52,HEAVY,282.84,VERY HIGH,HEAVY LOAD,87.86,80.05,HEAVY,274.9,VERY HIGH,HEAVY LOAD,90.57,82.03,HEAVY,281.26,VERY HIGH,HEAVY LOAD,89.71,82.52,HEAVY,280.92,VERY HIGH,HEAVY LOAD,16.52,4.71,LIGHT,72.72,LOW,RUNNING,17.54,4.83,LIGHT,74.17,LOW,RUNNING,15.02,3.6,LIGHT,69.17,LOW,RUNNING,17.44,5.24,LIGHT,74.66,LOW,RUNNING,87.84,80.43,HEAVY,275.44,VERY HIGH,HEAVY LOAD,91.57,83.08,HEAVY,284.08,VERY HIGH,HEAVY LOAD,28.23,54.0,235.2,0.25,22.0,COOLING,0.25,22.0,COOLING,0.25,22.0,COOLING,0.25,22.0,COOLING,23.493,23.319,23.466,22.446,23.181,23.493,22.446,1.047,1119.92,146.89,143.83,559.52,85.0,850.0,935.0,85.0,190.22,252.76,308.4,271.48,-134.49,22.24,-127.74,239.99,875.0,875.0,875.0,875.0,385.65,396.89,384.49,280.99,1970.16,1955.0,1022.86,3500.0,1448.02,0.998,1.0,0.144,0.305,22.5,TARGETED_HOTSPOT_COOL,4.1594
5,Opposing Thermal Zones,0,212,2120.0,23,1,10,11,1,91.21,82.62,HEAVY,282.94,VERY HIGH,HEAVY LOAD,87.99,80.18,HEAVY,275.26,VERY HIGH,HEAVY LOAD,90.74,82.08,HEAVY,281.55,VERY HIGH,HEAVY LOAD,89.77,82.44,HEAVY,280.87,VERY HIGH,HEAVY LOAD,16.44,4.63,LIGHT,72.5,LOW,RUNNING,17.4,4.75,LIGHT,73.88,LOW,RUNNING,14.95,3.6,LIGHT,69.09,LOW,RUNNING,17.5,5.32,LIGHT,74.86,LOW,RUNNING,88.02,80.51,HEAVY,275.79,VERY HIGH,HEAVY LOAD,91.68,83.04,HEAVY,284.16,VERY HIGH,HEAVY LOAD,28.24,54.0,235.3,0.25,22.0,COOLING,0.25,22.0,COOLING,0.25,22.0,COOLING,0.25,22.0,COOLING,23.501,23.327,23.474,22.452,23.189,23.501,22.452,1.049,1120.62,146.38,143.95,559.95,85.0,850.0,935.0,85.0,190.3,252.86,308.53,271.63,-134.71,22.22,-127.97,240.46,875.0,875.0,875.0,875.0,386.21,396.46,384.51,282.04,1970.9,1955.0,1023.32,3500.0,1449.22,0.998,1.0,0.148,0.309,22.5,TARGETED_HOTSPOT_COOL,4.2037
5,Opposing Thermal Zones,0,213,2130.0,23,1,10,11,1,91.2,82.73,HEAVY,283.1,VERY HIGH,HEAVY LOAD,88.14,80.3,HEAVY,275.62,VERY HIGH,HEAVY LOAD,90.91,82.1,HEAVY,281.79,VERY HIGH,HEAVY LOAD,89.8,82.34,HEAVY,280.76,VERY HIGH,HEAVY LOAD,16.34,4.54,LIGHT,72.23,LOW,RUNNING,17.27,4.69,LIGHT,73.62,LOW,RUNNING,14.91,3.62,LIGHT,69.07,LOW,RUNNING,17.59,5.4,LIGHT,75.09,LOW,RUNNING,88.2,80.57,HEAVY,276.11,VERY HIGH,HEAVY LOAD,91.76,82.97,HEAVY,284.16,VERY HIGH,HEAVY LOAD,28.24,54.0,235.5,0.25,22.0,COOLING,0.25,22.0,COOLING,0.25,22.0,COOLING,0.25,22.0,COOLING,23.509,23.335,23.482,22.458,23.196,23.509,22.458,1.051,1121.27,145.85,144.16,560.27,85.0,850.0,935.0,85.0,190.2,252.82,308.53,271.63,-134.93,22.18,-128.18,240.93,875.0,875.0,875.0,875.0,386.54,395.85,384.51,282.83,1971.55,1955.0,1023.18,3500.0,1449.73,1.0,1.0,0.083,0.242,22.5,TARGETED_HOTSPOT_COOL,4.2435
5,Opposing Thermal Zones,0,214,2140.0,23,1,10,11,1,91.24,82.86,HEAVY,283.34,VERY HIGH,HEAVY LOAD,88.31,80.41,HEAVY,276.0,VERY HIGH,HEAVY LOAD,91.05,82.09,HEAVY,281.95,VERY HIGH,HEAVY LOAD,89.79,82.23,HEAVY,280.58,VERY HIGH,HEAVY LOAD,16.23,4.45,LIGHT,71.96,LOW,RUNNING,17.15,4.64,LIGHT,73.4,LOW,RUNNING,14.9,3.66,LIGHT,69.11,LOW,RUNNING,17.7,5.49,LIGHT,75.36,LOW,RUNNING,88.36,80.6,HEAVY,276.35,VERY HIGH,HEAVY LOAD,91.8,82.87,HEAVY,284.06,VERY HIGH,HEAVY LOAD,28.24,54.0,235.7,0.25,22.0,COOLING,0.25,22.0,COOLING,0.25,22.0,COOLING,0.25,22.0,COOLING,23.517,23.343,23.49,22.464,23.203,23.517,22.464,1.053,1121.87,145.36,144.47,560.41,85.0,850.0,935.0,85.0,190.11,252.77,308.54,271.62,-135.16,22.15,-128.4,241.41,875.0,875.0,875.0,875.0,386.82,395.28,384.61,283.44,1972.11,1955.0,1023.04,3500.0,1450.15,1.0,1.0,0.09,0.249,22.5,TARGETED_HOTSPOT_COOL,4.2891
5,Opposing Thermal Zones,0,215,2150.0,23,1,10,11,1,91.32,82.99,HEAVY,283.63,VERY HIGH,HEAVY LOAD,88.48,80.5,HEAVY,276.35,VERY HIGH,HEAVY LOAD,91.16,82.05,HEAVY,282.02,VERY HIGH,HEAVY LOAD,89.73,82.1,HEAVY,280.31,VERY HIGH,HEAVY LOAD,16.1,4.37,LIGHT,71.68,LOW,RUNNING,17.05,4.61,LIGHT,73.23,LOW,RUNNING,14.92,3.71,LIGHT,69.22,LOW,RUNNING,17.82,5.58,LIGHT,75.65,LOW,RUNNING,88.51,80.6,HEAVY,276.54,VERY HIGH,HEAVY LOAD,91.79,82.76,HEAVY,283.88,VERY HIGH,HEAVY LOAD,28.25,54.0,235.8,0.25,22.0,COOLING,0.25,22.0,COOLING,0.25,22.0,COOLING,0.25,22.0,COOLING,23.525,23.351,23.498,22.47,23.211,23.525,22.47,1.055,1122.31,144.91,144.87,560.42,85.0,850.0,935.0,85.0,190.18,252.88,308.66,271.78,-135.38,22.12,-128.62,241.88,875.0,875.0,875.0,875.0,387.11,394.91,384.91,284.08,1972.51,1955.0,1023.5,3500.0,1451.01,1.0,1.0,0.171,0.33,22.5,TARGETED_HOTSPOT_COOL,4.3402
5,Opposing Thermal Zones,0,216,2160.0,23,1,10,11,1,91.43,83.12,HEAVY,283.97,VERY HIGH,HEAVY LOAD,88.66,80.56,HEAVY,276.66,VERY HIGH,HEAVY LOAD,91.25,81.98,HEAVY,282.03,VERY HIGH,HEAVY LOAD,89.64,81.96,HEAVY,279.99,VERY HIGH,HEAVY LOAD,15.96,4.29,LIGHT,71.39,LOW,RUNNING,16.98,4.6,LIGHT,73.12,LOW,RUNNING,14.97,3.78,LIGHT,69.38,LOW,RUNNING,17.95,5.66,LIGHT,75.93,LOW,RUNNING,88.64,80.56,HEAVY,276.64,VERY HIGH,HEAVY LOAD,91.75,82.63,HEAVY,283.63,VERY HIGH,HEAVY LOAD,28.25,54.0,236.0,0.25,22.0,COOLING,0.25,22.0,COOLING,0.25,22.0,COOLING,0.25,22.0,COOLING,23.533,23.359,23.506,22.476,23.218,23.533,22.476,1.057,1122.65,144.51,145.31,560.27,85.0,850.0,935.0,85.0,190.09,252.83,308.67,271.77,-135.59,22.1,-128.85,242.35,875.0,875.0,875.0,875.0,387.15,394.44,385.13,284.39,1972.74,1955.0,1023.36,3500.0,1451.11,1.0,1.0,0.175,0.334,22.5,TARGETED_HOTSPOT_COOL,4.3864
5,Opposing Thermal Zones,0,217,2170.0,23,1,10,11,1,91.57,83.25,HEAVY,284.34,VERY HIGH,HEAVY LOAD,88.83,80.59,HEAVY,276.92,VERY HIGH,HEAVY LOAD,91.29,81.89,HEAVY,281.95,VERY HIGH,HEAVY LOAD,89.52,81.83,HEAVY,279.64,VERY HIGH,HEAVY LOAD,15.83,4.22,LIGHT,71.12,LOW,RUNNING,16.92,4.61,LIGHT,73.07,LOW,RUNNING,15.05,3.86,LIGHT,69.6,LOW,RUNNING,18.09,5.74,LIGHT,76.22,LOW,RUNNING,88.73,80.5,HEAVY,276.66,VERY HIGH,HEAVY LOAD,91.67,82.5,HEAVY,283.34,VERY HIGH,HEAVY LOAD,28.25,54.0,236.2,0.25,22.0,COOLING,0.25,22.0,COOLING,0.25,22.0,COOLING,0.25,22.0,COOLING,23.541,23.367,23.514,22.482,23.226,23.541,22.482,1.059,1122.85,144.19,145.82,560.0,85.0,850.0,935.0,85.0,190.0,252.78,308.67,271.76,-135.82,22.06,-129.06,242.82,875.0,875.0,875.0,875.0,387.03,394.03,385.43,284.58,1972.86,1955.0,1023.21,3500.0,1451.07,1.0,1.0,0.109,0.267,22.5,TARGETED_HOTSPOT_COOL,4.4286
5,Opposing Thermal Zones,0,218,2180.0,23,1,10,11,1,91.73,83.36,HEAVY,284.7,VERY HIGH,HEAVY LOAD,88.99,80.6,HEAVY,277.14,VERY HIGH,HEAVY LOAD,91.3,81.78,HEAVY,281.8,VERY HIGH,HEAVY LOAD,89.38,81.71,HEAVY,279.29,VERY HIGH,HEAVY LOAD,15.71,4.16,LIGHT,70.88,LOW,RUNNING,16.9,4.64,LIGHT,73.08,LOW,RUNNING,15.15,3.95,LIGHT,69.86,LOW,RUNNING,18.22,5.81,LIGHT,76.49,LOW,RUNNING,88.78,80.42,HEAVY,276.61,VERY HIGH,HEAVY LOAD,91.56,82.36,HEAVY,282.99,VERY HIGH,HEAVY LOAD,28.26,54.0,236.3,0.25,22.0,COOLING,0.25,22.0,COOLING,0.25,22.0,COOLING,0.25,22.0,COOLING,23.549,23.375,23.522,22.488,23.233,23.549,22.488,1.061,1122.93,143.96,146.35,559.6,85.0,850.0,935.0,85.0,190.07,252.89,308.8,271.92,-136.04,22.03,-129.28,243.29,875.0,875.0,875.0,875.0,386.96,393.88,385.87,284.81,1972.84,1955.0,1023.68,3500.0,1451.52,1.0,1.0,0.183,0.341,22.5,TARGETED_HOTSPOT_COOL,4.4802
5,Opposing Thermal Zones,0,219,2190.0,23,1,10,11,1,91.9,83.46,HEAVY,285.06,VERY HIGH,HEAVY LOAD,89.12,80.57,HEAVY,277.25,VERY HIGH,HEAVY LOAD,91.26,81.66,HEAVY,281.56,VERY HIGH,HEAVY LOAD,89.21,81.6,HEAVY,278.91,VERY HIGH,HEAVY LOAD,15.6,4.12,LIGHT,70.68,LOW,RUNNING,16.91,4.69,LIGHT,73.17,LOW,RUNNING,15.26,4.04,LIGHT,70.14,LOW,RUNNING,18.34,5.86,LIGHT,76.72,LOW,RUNNING,88.8,80.31,HEAVY,276.47,VERY HIGH,HEAVY LOAD,91.42,82.24,HEAVY,282.63,VERY HIGH,HEAVY LOAD,28.26,54.0,236.5,0.25,22.0,COOLING,0.25,22.0,COOLING,0.25,22.0,COOLING,0.25,22.0,COOLING,23.557,23.383,23.53,22.494,23.241,23.557,22.494,1.063,1122.78,143.85,146.86,559.1,85.0,850.0,935.0,85.0,189.98,252.84,308.81,271.91,-136.25,22.0,-129.5,243.75,875.0,875.0,875.0,875.0,386.51,393.69,386.17,284.76,1972.59,1955.0,1023.54,3500.0,1451.13,1.0,1.0,0.187,0.345,22.5,TARGETED_HOTSPOT_COOL,4.5276
5,Opposing Thermal Zones,0,220,2200.0,23,1,10,11,1,92.08,83.54,HEAVY,285.41,VERY HIGH,HEAVY LOAD,89.21,80.52,HEAVY,277.29,VERY HIGH,HEAVY LOAD,91.19,81.52,HEAVY,281.27,VERY HIGH,HEAVY LOAD,89.03,81.51,HEAVY,278.55,VERY HIGH,HEAVY LOAD,15.51,4.1,LIGHT,70.54,LOW,RUNNING,16.95,4.75,LIGHT,73.31,LOW,RUNNING,15.39,4.13,LIGHT,70.43,LOW,RUNNING,18.44,5.89,LIGHT,76.88,LOW,RUNNING,88.78,80.19,HEAVY,276.26,VERY HIGH,HEAVY LOAD,91.25,82.12,HEAVY,282.24,VERY HIGH,HEAVY LOAD,28.26,54.0,236.7,0.25,22.0,COOLING,0.25,22.0,COOLING,0.25,22.0,COOLING,0.25,22.0,COOLING,23.565,23.391,23.538,22.5,23.248,23.565,22.5,1.065,1122.52,143.85,147.31,558.5,85.0,850.0,935.0,85.0,189.87,252.8,308.81,271.91,-136.47,21.98,-129.73,244.22,875.0,875.0,875.0,875.0,385.92,393.63,386.39,284.63,1972.18,1955.0,1023.39,3500.0,1450.57,1.0,1.0,0.125,0.282,22.5,TARGETED_HOTSPOT_COOL,4.5717
5,Opposing Thermal Zones,0,221,2210.0,23,1,10,11,1,92.26,83.58,HEAVY,285.7,VERY HIGH,HEAVY LOAD,89.28,80.44,HEAVY,277.26,VERY HIGH,HEAVY LOAD,91.08,81.39,HEAVY,280.94,VERY HIGH,HEAVY LOAD,88.85,81.44,HEAVY,278.22,VERY HIGH,HEAVY LOAD,15.44,4.1,LIGHT,70.45,LOW,RUNNING,17.01,4.82,LIGHT,73.49,LOW,RUNNING,15.53,4.21,LIGHT,70.73,LOW,RUNNING,18.52,5.9,LIGHT,77.0,LOW,RUNNING,88.71,80.06,HEAVY,275.98,VERY HIGH,HEAVY LOAD,91.08,82.03,HEAVY,281.89,VERY HIGH,HEAVY LOAD,28.27,54.0,236.8,0.25,22.0,COOLING,0.25,22.0,COOLING,0.25,22.0,COOLING,0.25,22.0,COOLING,23.573,23.399,23.546,22.506,23.256,23.573,22.506,1.067,1122.12,143.94,147.73,557.87,85.0,850.0,935.0,85.0,189.96,252.9,308.94,272.05,-136.7,21.95,-129.95,244.7,875.0,875.0,875.0,875.0,385.38,393.79,386.72,284.62,1971.66,1955.0,1023.85,3500.0,1450.51,1.0,1.0,0.132,0.288,22.5,TARGETED_HOTSPOT_COOL,4.6203
5,Opposing Thermal Zones,0,222,2220.0,23,1,10,11,1,92.42,83.6,HEAVY,285.93,VERY HIGH,HEAVY LOAD,89.3,80.33,HEAVY,277.12,VERY HIGH,HEAVY LOAD,90.95,81.26,HEAVY,280.58,VERY HIGH,HEAVY LOAD,88.68,81.41,HEAVY,277.97,VERY HIGH,HEAVY LOAD,15.41,4.12,LIGHT,70.44,LOW,RUNNING,17.1,4.91,LIGHT,73.74,LOW,RUNNING,15.66,4.28,LIGHT,71.0,LOW,RUNNING,18.57,5.89,LIGHT,77.05,LOW,RUNNING,88.61,79.92,HEAVY,275.64,VERY HIGH,HEAVY LOAD,90.9,81.96,HEAVY,281.56,VERY HIGH,HEAVY LOAD,28.27,54.0,237.0,0.25,22.0,COOLING,0.25,22.0,COOLING,0.25,22.0,COOLING,0.25,22.0,COOLING,23.581,23.407,23.554,22.512,23.264,23.581,22.512,1.069,1121.6,144.18,148.05,557.2,85.0,850.0,935.0,85.0,189.87,252.85,308.95,272.05,-136.91,21.91,-130.16,245.16,875.0,875.0,875.0,875.0,384.56,393.94,386.84,284.41,1971.03,1955.0,1023.72,3500.0,1449.75,1.0,1.0,0.199,0.355,22.5,TARGETED_HOTSPOT_COOL,4.6722
5,Opposing Thermal Zones,0,223,2230.0,23,1,10,11,1,92.56,83.59,HEAVY,286.09,VERY HIGH,HEAVY LOAD,89.28,80.21,HEAVY,276.92,VERY HIGH,HEAVY LOAD,90.79,81.14,HEAVY,280.2,VERY HIGH,HEAVY LOAD,88.53,81.4,HEAVY,277.76,VERY HIGH,HEAVY LOAD,15.4,4.16,LIGHT,70.49,LOW,RUNNING,17.21,5.0,LIGHT,74.01,LOW,RUNNING,15.78,4.33,LIGHT,71.22,LOW,RUNNING,18.6,5.86,LIGHT,77.04,LOW,RUNNING,88.48,79.79,HEAVY,275.29,VERY HIGH,HEAVY LOAD,90.73,81.91,HEAVY,281.28,VERY HIGH,HEAVY LOAD,28.27,54.0,237.2,0.25,22.0,COOLING,0.25,22.0,COOLING,0.25,22.0,COOLING,0.25,22.0,COOLING,23.589,23.415,23.562,22.518,23.271,23.589,22.518,1.071,1120.97,144.5,148.26,556.57,85.0,850.0,935.0,85.0,189.76,252.8,308.94,272.05,-137.13,21.88,-130.38,245.63,875.0,875.0,875.0,875.0,383.6,394.18,386.82,284.25,1970.3,1955.0,1023.55,3500.0,1448.85,1.0,1.0,0.203,0.359,22.5,TARGETED_HOTSPOT_COOL,4.7211
5,Opposing Thermal Zones,0,224,2240.0,23,1,10,11,1,92.67,83.55,HEAVY,286.16,VERY HIGH,HEAVY LOAD,89.23,80.08,HEAVY,276.66,VERY HIGH,HEAVY LOAD,90.61,81.05,HEAVY,279.84,VERY HIGH,HEAVY LOAD,88.39,81.42,HEAVY,277.62,VERY HIGH,HEAVY LOAD,15.42,4.22,LIGHT,70.61,LOW,RUNNING,17.33,5.09,LIGHT,74.3,LOW,RUNNING,15.89,4.38,LIGHT,71.43,LOW,RUNNING,18.59,5.82,LIGHT,76.97,LOW,RUNNING,88.33,79.67,HEAVY,274.92,VERY HIGH,HEAVY LOAD,90.56,81.9,HEAVY,281.05,VERY HIGH,HEAVY LOAD,28.28,54.0,237.3,0.25,22.0,COOLING,0.25,22.0,COOLING,0.25,22.0,COOLING,0.25,22.0,COOLING,23.597,23.423,23.57,22.524,23.279,23.597,22.524,1.073,1120.28,144.91,148.4,555.97,85.0,850.0,935.0,85.0,189.85,252.91,309.08,272.19,-137.35,21.86,-130.61,246.1,875.0,875.0,875.0,875.0,382.78,394.68,386.87,284.26,1969.56,1955.0,1024.03,3500.0,1448.59,1.0,1.0,0.208,0.362,22.5,TARGETED_HOTSPOT_COOL,4.7704
5,Opposing Thermal Zones,0,225,2250.0,23,1,10,11,1,92.75,83.48,HEAVY,286.16,VERY HIGH,HEAVY LOAD,89.14,79.95,HEAVY,276.35,VERY HIGH,HEAVY LOAD,90.43,80.97,HEAVY,279.49,VERY HIGH,HEAVY LOAD,88.29,81.48,HEAVY,277.58,VERY HIGH,HEAVY LOAD,15.48,4.29,LIGHT,70.78,LOW,RUNNING,17.46,5.17,LIGHT,74.58,LOW,RUNNING,15.98,4.4,LIGHT,71.57,LOW,RUNNING,18.56,5.76,LIGHT,76.84,LOW,RUNNING,88.16,79.57,HEAVY,274.55,VERY HIGH,HEAVY LOAD,90.43,81.92,HEAVY,280.92,VERY HIGH,HEAVY LOAD,28.28,54.0,237.5,0.25,22.0,COOLING,0.25,22.0,COOLING,0.25,22.0,COOLING,0.25,22.0,COOLING,23.605,23.431,23.578,22.53,23.286,23.605,22.53,1.075,1119.58,145.36,148.41,555.47,85.0,850.0,935.0,85.0,189.74,252.87,309.08,272.19,-137.58,21.83,-130.83,246.57,875.0,875.0,875.0,875.0,381.74,395.06,386.66,284.23,1968.82,1955.0,1023.88,3500.0,1447.69,1.0,1.0,0.212,0.366,22.5,TARGETED_HOTSPOT_COOL,4.8199
5,Opposing Thermal Zones,0,226,2260.0,23,1,10,11,1,92.79,83.38,HEAVY,286.06,VERY HIGH,HEAVY LOAD,89.01,79.82,HEAVY,275.99,VERY HIGH,HEAVY LOAD,90.26,80.92,HEAVY,279.2,VERY HIGH,HEAVY LOAD,88.23,81.56,HEAVY,277.63,VERY HIGH,HEAVY LOAD,15.56,4.37,LIGHT,71.01,LOW,RUNNING,17.6,5.25,LIGHT,74.88,LOW,RUNNING,16.05,4.4,LIGHT,71.66,LOW,RUNNING,18.5,5.68,LIGHT,76.64,LOW,RUNNING,87.98,79.49,HEAVY,274.21,VERY HIGH,HEAVY LOAD,90.32,81.96,HEAVY,280.84,VERY HIGH,HEAVY LOAD,28.28,54.0,237.7,0.25,22.0,COOLING,0.25,22.0,COOLING,0.25,22.0,COOLING,0.25,22.0,COOLING,23.613,23.439,23.586,22.536,23.294,23.613,22.536,1.077,1118.88,145.89,148.3,555.05,85.0,850.0,935.0,85.0,189.65,252.81,309.08,272.18,-137.79,21.79,-131.04,247.04,875.0,875.0,875.0,875.0,380.74,395.49,386.34,284.27,1968.12,1955.0,1023.72,3500.0,1446.84,1.0,1.0,0.216,0.37,22.5,TARGETED_HOTSPOT_COOL,4.8698
5,Opposing Thermal Zones,0,227,2270.0,23,1,10,11,1,92.8,83.27,HEAVY,285.9,VERY HIGH,HEAVY LOAD,88.86,79.7,HEAVY,275.62,VERY HIGH,HEAVY LOAD,90.09,80.9,HEAVY,278.96,VERY HIGH,HEAVY LOAD,88.2,81.66,HEAVY,277.74,VERY HIGH,HEAVY LOAD,15.66,4.46,LIGHT,71.27,LOW,RUNNING,17.73,5.31,LIGHT,75.13,LOW,RUNNING,16.09,4.38,LIGHT,71.68,LOW,RUNNING,18.41,5.6,LIGHT,76.41,LOW,RUNNING,87.8,79.43,HEAVY,273.9,VERY HIGH,HEAVY LOAD,90.24,82.03,HEAVY,280.85,VERY HIGH,HEAVY LOAD,28.29,54.0,237.8,0.25,22.0,COOLING,0.25,22.0,COOLING,0.25,22.0,COOLING,0.25,22.0,COOLING,23.621,23.447,23.594,22.542,23.301,23.621,22.542,1.079,1118.22,146.4,148.09,554.75,85.0,850.0,935.0,85.0,189.73,252.92,309.21,272.33,-138.01,21.76,-131.26,247.51,875.0,875.0,875.0,875.0,379.94,396.08,386.04,284.59,1967.46,1955.0,1024.19,3500.0,1446.65,1.0,1.0,0.22,0.374,22.5,TARGETED_HOTSPOT_COOL,4.92
5,Opposing Thermal Zones,0,228,2280.0,23,1,10,11,1,92.76,83.14,HEAVY,285.66,VERY HIGH,HEAVY LOAD,88.69,79.59,HEAVY,275.25,VERY HIGH,HEAVY LOAD,89.95,80.91,HEAVY,278.8,VERY HIGH,HEAVY LOAD,88.21,81.77,HEAVY,277.92,VERY HIGH,HEAVY LOAD,15.77,4.55,LIGHT,71.54,LOW,RUNNING,17.85,5.36,LIGHT,75.35,LOW,RUNNING,16.1,4.34,LIGHT,71.64,LOW,RUNNING,18.3,5.51,LIGHT,76.14,LOW,RUNNING,87.64,79.4,HEAVY,273.65,VERY HIGH,HEAVY LOAD,90.2,82.13,HEAVY,280.94,VERY HIGH,HEAVY LOAD,28.29,54.0,238.0,0.25,22.0,COOLING,0.25,22.0,COOLING,0.25,22.0,COOLING,0.25,22.0,COOLING,23.629,23.455,23.602,22.548,23.308,23.629,22.548,1.081,1117.63,146.89,147.78,554.59,85.0,850.0,935.0,85.0,189.63,252.87,309.21,272.33,-138.23,21.74,-131.49,247.98,875.0,875.0,875.0,875.0,379.03,396.5,385.5,284.9,1966.89,1955.0,1024.04,3500.0,1445.93,1.0,1.0,0.225,0.378,22.5,TARGETED_HOTSPOT_COOL,4.9706
5,Opposing Thermal Zones,0,229,2290.0,23,1,10,11,1,92.68,83.01,HEAVY,285.37,VERY HIGH,HEAVY LOAD,88.52,79.5,HEAVY,274.9,VERY HIGH,HEAVY LOAD,89.84,80.95,HEAVY,278.73,VERY HIGH,HEAVY LOAD,88.27,81.9,HEAVY,278.19,VERY HIGH,HEAVY LOAD,15.9,4.63,LIGHT,71.82,LOW,RUNNING,17.95,5.39,LIGHT,75.52,LOW,RUNNING,16.08,4.29,LIGHT,71.53,LOW,RUNNING,18.18,5.42,LIGHT,75.85,LOW,RUNNING,87.49,79.4,HEAVY,273.46,VERY HIGH,HEAVY LOAD,90.21,82.24,HEAVY,281.12,VERY HIGH,HEAVY LOAD,28.3,54.0,238.2,0.25,22.0,COOLING,0.25,22.0,COOLING,0.25,22.0,COOLING,0.25,22.0,COOLING,23.637,23.463,23.61,22.554,23.316,23.637,22.554,1.083,1117.19,147.34,147.38,554.58,85.0,850.0,935.0,85.0,189.76,253.05,309.43,272.55,-138.46,21.71,-131.71,248.46,875.0,875.0,875.0,875.0,378.49,397.1,385.1,285.59,1966.49,1955.0,1024.79,3500.0,1446.28,1.0,1.0,0.181,0.334,22.5,TARGETED_HOTSPOT_COOL,5.0197
5,Opposing Thermal Zones,0,230,2300.0,23,1,10,11,1,92.57,82.88,HEAVY,285.03,VERY HIGH,HEAVY LOAD,88.34,79.44,HEAVY,274.59,VERY HIGH,HEAVY LOAD,89.75,81.02,HEAVY,278.72,VERY HIGH,HEAVY LOAD,88.36,82.04,HEAVY,278.51,VERY HIGH,HEAVY LOAD,16.04,4.71,LIGHT,72.11,LOW,RUNNING,18.02,5.4,LIGHT,75.62,LOW,RUNNING,16.03,4.22,LIGHT,71.37,LOW,RUNNING,18.05,5.34,LIGHT,75.57,LOW,RUNNING,87.36,79.44,HEAVY,273.36,VERY HIGH,HEAVY LOAD,90.25,82.37,HEAVY,281.37,VERY HIGH,HEAVY LOAD,28.3,54.0,238.3,0.25,22.0,COOLING,0.25,22.0,COOLING,0.25,22.0,COOLING,0.25,22.0,COOLING,23.645,23.471,23.618,22.56,23.323,23.645,22.56,1.085,1116.85,147.73,146.94,554.73,85.0,850.0,935.0,85.0,189.61,252.94,309.35,272.48,-138.68,21.67,-131.92,248.93,875.0,875.0,875.0,875.0,377.78,397.34,384.37,286.14,1966.25,1955.0,1024.38,3500.0,1445.63,1.0,1.0,0.189,0.342,22.5,TARGETED_HOTSPOT_COOL,5.0711
5,Opposing Thermal Zones,0,231,2310.0,23,1,10,11,1,92.43,82.75,HEAVY,284.66,VERY HIGH,HEAVY LOAD,88.17,79.41,HEAVY,274.33,VERY HIGH,HEAVY LOAD,89.71,81.11,HEAVY,278.8,VERY HIGH,HEAVY LOAD,88.48,82.17,HEAVY,278.86,VERY HIGH,HEAVY LOAD,16.17,4.78,LIGHT,72.38,LOW,RUNNING,18.08,5.39,LIGHT,75.68,LOW,RUNNING,15.95,4.14,LIGHT,71.15,LOW,RUNNING,17.91,5.26,LIGHT,75.28,LOW,RUNNING,87.27,79.5,HEAVY,273.34,VERY HIGH,HEAVY LOAD,90.33,82.5,HEAVY,281.66,VERY HIGH,HEAVY LOAD,28.3,54.0,238.5,0.25,22.0,COOLING,0.25,22.0,COOLING,0.25,22.0,COOLING,0.25,22.0,COOLING,23.653,23.479,23.626,22.566,23.331,23.653,22.566,1.087,1116.65,148.06,146.43,555.0,85.0,850.0,935.0,85.0,189.52,252.88,309.35,272.47,-138.9,21.64,-132.14,249.4,875.0,875.0,875.0,875.0,377.27,397.58,383.64,286.87,1966.14,1955.0,1024.22,3500.0,1445.36,1.0,1.0,0.238,0.391,22.5,TARGETED_HOTSPOT_COOL,5.1245
5,Opposing Thermal Zones,0,232,2320.0,23,1,10,11,1,92.27,82.64,HEAVY,284.3,VERY HIGH,HEAVY LOAD,88.01,79.4,HEAVY,274.11,VERY HIGH,HEAVY LOAD,89.7,81.22,HEAVY,278.95,VERY HIGH,HEAVY LOAD,88.62,82.29,HEAVY,279.21,VERY HIGH,HEAVY LOAD,16.29,4.84,LIGHT,72.62,LOW,RUNNING,18.1,5.36,LIGHT,75.67,LOW,RUNNING,15.85,4.05,LIGHT,70.89,LOW,RUNNING,17.78,5.19,LIGHT,75.01,LOW,RUNNING,87.22,79.58,HEAVY,273.39,VERY HIGH,HEAVY LOAD,90.44,82.64,HEAVY,282.01,VERY HIGH,HEAVY LOAD,28.31,54.0,238.7,0.25,22.0,COOLING,0.25,22.0,COOLING,0.25,22.0,COOLING,0.25,22.0,COOLING,23.661,23.487,23.634,22.572,23.338,23.661,22.572,1.089,1116.57,148.29,145.9,555.4,85.0,850.0,935.0,85.0,189.64,253.06,309.57,272.69,-139.11,21.62,-132.37,249.87,875.0,875.0,875.0,875.0,377.1,397.97,383.1,287.96,1966.16,1955.0,1024.96,3500.0,1446.13,1.0,1.0,0.243,0.396,22.5,TARGETED_HOTSPOT_COOL,5.1767
5,Opposing Thermal Zones,0,233,2330.0,23,1,10,11,1,92.1,82.54,HEAVY,283.94,VERY HIGH,HEAVY LOAD,87.88,79.43,HEAVY,274.0,VERY HIGH,HEAVY LOAD,89.74,81.34,HEAVY,279.19,VERY HIGH,HEAVY LOAD,88.79,82.4,HEAVY,279.59,VERY HIGH,HEAVY LOAD,16.4,4.88,LIGHT,72.82,LOW,RUNNING,18.09,5.31,LIGHT,75.58,LOW,RUNNING,15.74,3.96,LIGHT,70.61,LOW,RUNNING,17.66,5.14,LIGHT,74.78,LOW,RUNNING,87.2,79.69,HEAVY,273.53,VERY HIGH,HEAVY LOAD,90.58,82.76,HEAVY,282.37,VERY HIGH,HEAVY LOAD,28.31,54.0,238.8,0.25,22.0,COOLING,0.25,22.0,COOLING,0.25,22.0,COOLING,0.25,22.0,COOLING,23.669,23.495,23.642,22.578,23.346,23.669,22.578,1.091,1116.72,148.4,145.39,555.9,85.0,850.0,935.0,85.0,189.5,252.94,309.48,272.62,-139.34,21.59,-132.59,250.34,875.0,875.0,875.0,875.0,376.88,397.93,382.28,288.86,1966.41,1955.0,1024.54,3500.0,1445.95,1.0,1.0,0.247,0.401,22.5,OPPOSING_ZONE_COMPENSATE,5.2292
5,Opposing Thermal Zones,0,234,2340.0,23,1,10,11,1,91.92,82.46,HEAVY,283.59,VERY HIGH,HEAVY LOAD,87.79,79.48,HEAVY,273.96,VERY HIGH,HEAVY LOAD,89.81,81.48,HEAVY,279.48,VERY HIGH,HEAVY LOAD,88.97,82.49,HEAVY,279.95,VERY HIGH,HEAVY LOAD,16.49,4.9,LIGHT,72.96,LOW,RUNNING,18.05,5.25,LIGHT,75.44,LOW,RUNNING,15.61,3.87,LIGHT,70.32,LOW,RUNNING,17.56,5.11,LIGHT,74.61,LOW,RUNNING,87.22,79.81,HEAVY,273.74,VERY HIGH,HEAVY LOAD,90.75,82.88,HEAVY,282.76,VERY HIGH,HEAVY LOAD,28.31,54.0,239.0,0.25,22.0,COOLING,0.25,22.0,COOLING,0.25,22.0,COOLING,0.25,22.0,COOLING,23.677,23.503,23.65,22.584,23.354,23.677,22.584,1.093,1116.98,148.4,144.93,556.5,85.0,850.0,935.0,85.0,189.4,252.9,309.48,272.62,-139.56,21.55,-132.8,250.81,875.0,875.0,875.0,875.0,376.82,397.85,381.61,289.93,1966.81,1955.0,1024.4,3500.0,1446.21,1.0,1.0,0.252,0.406,22.5,OPPOSING_ZONE_COMPENSATE,5.2821
5,Opposing Thermal Zones,0,235,2350.0,23,1,10,11,1,91.74,82.42,HEAVY,283.31,VERY HIGH,HEAVY LOAD,87.72,79.56,HEAVY,273.99,VERY HIGH,HEAVY LOAD,89.92,81.61,HEAVY,279.81,VERY HIGH,HEAVY LOAD,89.15,82.56,HEAVY,280.28,VERY HIGH,HEAVY LOAD,16.56,4.9,LIGHT,73.05,LOW,RUNNING,17.99,5.18,LIGHT,75.26,LOW,RUNNING,15.47,3.79,LIGHT,70.02,LOW,RUNNING,17.48,5.1,LIGHT,74.5,LOW,RUNNING,87.29,79.94,HEAVY,274.02,VERY HIGH,HEAVY LOAD,90.92,82.97,HEAVY,283.11,VERY HIGH,HEAVY LOAD,28.32,54.0,239.2,0.25,22.0,COOLING,0.25,22.0,COOLING,0.25,22.0,COOLING,0.25,22.0,COOLING,23.685,23.511,23.658,22.59,23.361,23.685,22.59,1.095,1117.39,148.31,144.52,557.13,85.0,850.0,935.0,85.0,189.52,253.07,309.71,272.82,-139.77,21.52,-133.02,251.27,875.0,875.0,875.0,875.0,377.14,397.9,381.21,291.22,1967.35,1955.0,1025.12,3500.0,1447.47,1.0,1.0,0.218,0.372,22.5,TARGETED_HOTSPOT_COOL,5.3345
5,Opposing Thermal Zones,0,236,2360.0,23,1,10,11,1,91.58,82.4,HEAVY,283.07,VERY HIGH,HEAVY LOAD,87.7,79.67,HEAVY,274.13,VERY HIGH,HEAVY LOAD,90.05,81.74,HEAVY,280.17,VERY HIGH,HEAVY LOAD,89.32,82.59,HEAVY,280.53,VERY HIGH,HEAVY LOAD,16.59,4.88,LIGHT,73.06,LOW,RUNNING,17.9,5.09,LIGHT,75.01,LOW,RUNNING,15.34,3.72,LIGHT,69.75,LOW,RUNNING,17.43,5.11,LIGHT,74.45,LOW,RUNNING,87.39,80.08,HEAVY,274.36,VERY HIGH,HEAVY LOAD,91.1,83.04,HEAVY,283.44,VERY HIGH,HEAVY LOAD,28.32,54.0,239.3,0.25,22.0,COOLING,0.25,22.0,COOLING,0.25,22.0,COOLING,0.25,22.0,COOLING,23.693,23.519,23.666,22.596,23.369,23.693,22.596,1.097,1117.9,148.07,144.2,557.8,85.0,850.0,935.0,85.0,189.39,252.95,309.62,272.76,-139.99,21.5,-133.25,251.75,875.0,875.0,875.0,875.0,377.3,397.52,380.57,292.31,1967.97,1955.0,1024.72,3500.0,1447.7,1.0,1.0,0.222,0.377,22.5,TARGETED_HOTSPOT_COOL,5.3884
5,Opposing Thermal Zones,0,237,2370.0,23,1,10,11,1,91.44,82.41,HEAVY,282.92,VERY HIGH,HEAVY LOAD,87.72,79.79,HEAVY,274.33,VERY HIGH,HEAVY LOAD,90.21,81.86,HEAVY,280.55,VERY HIGH,HEAVY LOAD,89.47,82.6,HEAVY,280.74,VERY HIGH,HEAVY LOAD,16.6,4.84,LIGHT,73.01,LOW,RUNNING,17.79,5.0,LIGHT,74.74,LOW,RUNNING,15.22,3.67,LIGHT,69.53,LOW,RUNNING,17.4,5.14,LIGHT,74.46,LOW,RUNNING,87.52,80.21,HEAVY,274.71,VERY HIGH,HEAVY LOAD,91.27,83.09,HEAVY,283.72,VERY HIGH,HEAVY LOAD,28.32,54.0,239.5,0.25,22.0,COOLING,0.25,22.0,COOLING,0.25,22.0,COOLING,0.25,22.0,COOLING,23.701,23.527,23.674,22.602,23.376,23.701,22.602,1.099,1118.54,147.75,143.99,558.43,85.0,850.0,935.0,85.0,189.29,252.91,309.62,272.76,-140.22,21.47,-133.47,252.22,875.0,875.0,875.0,875.0,377.61,397.13,380.14,293.41,1968.71,1955.0,1024.58,3500.0,1448.29,1.0,1.0,0.265,0.42,22.5,OPPOSING_ZONE_COMPENSATE,5.4441
5,Opposing Thermal Zones,0,238,2380.0,23,1,10,11,1,91.33,82.45,HEAVY,282.84,VERY HIGH,HEAVY LOAD,87.77,79.92,HEAVY,274.59,VERY HIGH,HEAVY LOAD,90.39,81.95,HEAVY,280.91,VERY HIGH,HEAVY LOAD,89.61,82.58,HEAVY,280.88,VERY HIGH,HEAVY LOAD,16.58,4.78,LIGHT,72.89,LOW,RUNNING,17.67,4.91,LIGHT,74.45,LOW,RUNNING,15.11,3.62,LIGHT,69.32,LOW,RUNNING,17.41,5.18,LIGHT,74.53,LOW,RUNNING,87.67,80.33,HEAVY,275.08,VERY HIGH,HEAVY LOAD,91.44,83.1,HEAVY,283.95,VERY HIGH,HEAVY LOAD,28.33,54.0,239.7,0.25,22.0,COOLING,0.25,22.0,COOLING,0.25,22.0,COOLING,0.25,22.0,COOLING,23.709,23.535,23.682,22.608,23.383,23.709,22.608,1.101,1119.22,147.34,143.85,559.03,85.0,850.0,935.0,85.0,189.41,253.07,309.84,272.96,-140.44,21.43,-133.68,252.68,875.0,875.0,875.0,875.0,378.19,396.84,380.01,294.67,1969.44,1955.0,1025.28,3500.0,1449.71,1.0,1.0,0.236,0.392,22.5,TARGETED_HOTSPOT_COOL,5.498
5,Opposing Thermal Zones,0,239,2390.0,23,1,10,11,1,91.25,82.52,HEAVY,282.84,VERY HIGH,HEAVY LOAD,87.86,80.05,HEAVY,274.9,VERY HIGH,HEAVY LOAD,90.57,82.03,HEAVY,281.26,VERY HIGH,HEAVY LOAD,89.71,82.52,HEAVY,280.92,VERY HIGH,HEAVY LOAD,16.52,4.71,LIGHT,72.72,LOW,RUNNING,17.54,4.83,LIGHT,74.17,LOW,RUNNING,15.02,3.6,LIGHT,69.17,LOW,RUNNING,17.44,5.24,LIGHT,74.66,LOW,RUNNING,87.84,80.43,HEAVY,275.44,VERY HIGH,HEAVY LOAD,91.57,83.08,HEAVY,284.08,VERY HIGH,HEAVY LOAD,28.33,54.0,239.8,0.25,22.0,COOLING,0.25,22.0,COOLING,0.25,22.0,COOLING,0.25,22.0,COOLING,23.717,23.543,23.69,22.614,23.391,23.717,22.614,1.103,1119.92,146.89,143.83,559.52,85.0,850.0,935.0,85.0,189.27,252.97,309.75,272.9,-140.65,21.4,-133.9,253.15,875.0,875.0,875.0,875.0,378.54,396.26,379.68,295.57,1970.16,1955.0,1024.89,3500.0,1450.05,1.0,1.0,0.274,0.43,22.5,OPPOSING_ZONE_COMPENSATE,5.5543
5,Opposing Thermal Zones,0,240,2400.0,23,1,10,11,1,91.21,82.62,HEAVY,282.94,VERY HIGH,HEAVY LOAD,87.99,80.18,HEAVY,275.26,VERY HIGH,HEAVY LOAD,90.74,82.08,HEAVY,281.55,VERY HIGH,HEAVY LOAD,89.77,82.44,HEAVY,280.87,VERY HIGH,HEAVY LOAD,16.44,4.63,LIGHT,72.5,LOW,RUNNING,17.4,4.75,LIGHT,73.88,LOW,RUNNING,14.95,3.6,LIGHT,69.09,LOW,RUNNING,17.5,5.32,LIGHT,74.86,LOW,RUNNING,88.02,80.51,HEAVY,275.79,VERY HIGH,HEAVY LOAD,91.68,83.04,HEAVY,284.16,VERY HIGH,HEAVY LOAD,28.33,54.0,240.0,0.25,22.0,COOLING,0.25,22.0,COOLING,0.25,22.0,COOLING,0.25,22.0,COOLING,23.725,23.551,23.698,22.62,23.398,23.725,22.62,1.105,1120.62,146.38,143.95,559.95,85.0,850.0,935.0,85.0,189.18,252.92,309.76,272.89,-140.87,21.38,-134.13,253.62,875.0,875.0,875.0,875.0,378.93,395.68,379.58,296.46,1970.9,1955.0,1024.75,3500.0,1450.65,1.0,1.0,0.276,0.433,22.5,OPPOSING_ZONE_COMPENSATE,5.6101
5,Opposing Thermal Zones,0,241,2410.0,23,1,10,11,1,91.2,82.73,HEAVY,283.1,VERY HIGH,HEAVY LOAD,88.14,80.3,HEAVY,275.62,VERY HIGH,HEAVY LOAD,90.91,82.1,HEAVY,281.79,VERY HIGH,HEAVY LOAD,89.8,82.34,HEAVY,280.76,VERY HIGH,HEAVY LOAD,16.34,4.54,LIGHT,72.23,LOW,RUNNING,17.27,4.69,LIGHT,73.62,LOW,RUNNING,14.91,3.62,LIGHT,69.07,LOW,RUNNING,17.59,5.4,LIGHT,75.09,LOW,RUNNING,88.2,80.57,HEAVY,276.11,VERY HIGH,HEAVY LOAD,91.76,82.97,HEAVY,284.16,VERY HIGH,HEAVY LOAD,28.34,54.0,240.2,0.25,22.0,COOLING,0.25,22.0,COOLING,0.25,22.0,COOLING,0.25,22.0,COOLING,23.733,23.559,23.706,22.626,23.406,23.733,22.626,1.107,1121.27,145.85,144.16,560.27,85.0,850.0,935.0,85.0,189.3,253.08,309.97,273.1,-141.1,21.35,-134.35,254.09,875.0,875.0,875.0,875.0,379.47,395.28,379.78,297.46,1971.55,1955.0,1025.45,3500.0,1451.99,1.0,1.0,0.253,0.411,22.5,OPPOSING_ZONE_COMPENSATE,5.6659
5,Opposing Thermal Zones,0,242,2420.0,23,1,10,11,1,91.24,82.86,HEAVY,283.34,VERY HIGH,HEAVY LOAD,88.31,80.41,HEAVY,276.0,VERY HIGH,HEAVY LOAD,91.05,82.09,HEAVY,281.95,VERY HIGH,HEAVY LOAD,89.79,82.23,HEAVY,280.58,VERY HIGH,HEAVY LOAD,16.23,4.45,LIGHT,71.96,LOW,RUNNING,17.15,4.64,LIGHT,73.4,LOW,RUNNING,14.9,3.66,LIGHT,69.11,LOW,RUNNING,17.7,5.49,LIGHT,75.36,LOW,RUNNING,88.36,80.6,HEAVY,276.35,VERY HIGH,HEAVY LOAD,91.8,82.87,HEAVY,284.06,VERY HIGH,HEAVY LOAD,28.34,54.0,240.3,0.25,22.0,COOLING,0.25,22.0,COOLING,0.25,22.0,COOLING,0.25,22.0,COOLING,23.741,23.567,23.714,22.632,23.413,23.741,22.632,1.109,1121.87,145.36,144.47,560.41,85.0,850.0,935.0,85.0,189.16,252.98,309.89,273.04,-141.31,21.31,-134.56,254.56,875.0,875.0,875.0,875.0,379.72,394.65,379.8,298.01,1972.11,1955.0,1025.07,3500.0,1452.18,1.0,1.0,0.258,0.415,22.5,OPPOSING_ZONE_COMPENSATE,5.7228
5,Opposing Thermal Zones,0,243,2430.0,23,1,10,11,1,91.32,82.99,HEAVY,283.63,VERY HIGH,HEAVY LOAD,88.48,80.5,HEAVY,276.35,VERY HIGH,HEAVY LOAD,91.16,82.05,HEAVY,282.02,VERY HIGH,HEAVY LOAD,89.73,82.1,HEAVY,280.31,VERY HIGH,HEAVY LOAD,16.1,4.37,LIGHT,71.68,LOW,RUNNING,17.05,4.61,LIGHT,73.23,LOW,RUNNING,14.92,3.71,LIGHT,69.22,LOW,RUNNING,17.82,5.58,LIGHT,75.65,LOW,RUNNING,88.51,80.6,HEAVY,276.54,VERY HIGH,HEAVY LOAD,91.79,82.76,HEAVY,283.88,VERY HIGH,HEAVY LOAD,28.34,54.0,240.5,0.25,22.0,COOLING,0.25,22.0,COOLING,0.25,22.0,COOLING,0.25,22.0,COOLING,23.749,23.575,23.722,22.638,23.421,23.749,22.638,1.111,1122.31,144.91,144.87,560.42,85.0,850.0,935.0,85.0,189.07,252.93,309.9,273.03,-141.53,21.28,-134.78,255.03,875.0,875.0,875.0,875.0,379.85,394.12,379.99,298.48,1972.51,1955.0,1024.93,3500.0,1452.44,1.0,1.0,0.291,0.449,22.5,OPPOSING_ZONE_COMPENSATE,5.7808
5,Opposing Thermal Zones,0,244,2440.0,23,1,10,11,1,91.43,83.12,HEAVY,283.97,VERY HIGH,HEAVY LOAD,88.66,80.56,HEAVY,276.66,VERY HIGH,HEAVY LOAD,91.25,81.98,HEAVY,282.03,VERY HIGH,HEAVY LOAD,89.64,81.96,HEAVY,279.99,VERY HIGH,HEAVY LOAD,15.96,4.29,LIGHT,71.39,LOW,RUNNING,16.98,4.6,LIGHT,73.12,LOW,RUNNING,14.97,3.78,LIGHT,69.38,LOW,RUNNING,17.95,5.66,LIGHT,75.93,LOW,RUNNING,88.64,80.56,HEAVY,276.64,VERY HIGH,HEAVY LOAD,91.75,82.63,HEAVY,283.63,VERY HIGH,HEAVY LOAD,28.35,54.0,240.7,0.25,22.0,COOLING,0.25,22.0,COOLING,0.25,22.0,COOLING,0.25,22.0,COOLING,23.757,23.583,23.73,22.644,23.428,23.757,22.644,1.113,1122.65,144.51,145.31,560.27,85.0,850.0,935.0,85.0,189.18,253.1,310.11,273.25,-141.75,21.26,-135.01,255.5,875.0,875.0,875.0,875.0,380.08,393.87,380.41,299.02,1972.74,1955.0,1025.64,3500.0,1453.38,1.0,1.0,0.296,0.453,22.5,OPPOSING_ZONE_COMPENSATE,5.8387
5,Opposing Thermal Zones,0,245,2450.0,23,1,10,11,1,91.57,83.25,HEAVY,284.34,VERY HIGH,HEAVY LOAD,88.83,80.59,HEAVY,276.92,VERY HIGH,HEAVY LOAD,91.29,81.89,HEAVY,281.95,VERY HIGH,HEAVY LOAD,89.52,81.83,HEAVY,279.64,VERY HIGH,HEAVY LOAD,15.83,4.22,LIGHT,71.12,LOW,RUNNING,16.92,4.61,LIGHT,73.07,LOW,RUNNING,15.05,3.86,LIGHT,69.6,LOW,RUNNING,18.09,5.74,LIGHT,76.22,LOW,RUNNING,88.73,80.5,HEAVY,276.66,VERY HIGH,HEAVY LOAD,91.67,82.5,HEAVY,283.34,VERY HIGH,HEAVY LOAD,28.35,54.0,240.8,0.25,22.0,COOLING,0.25,22.0,COOLING,0.25,22.0,COOLING,0.25,22.0,COOLING,23.765,23.591,23.738,22.65,23.436,23.765,22.65,1.115,1122.85,144.19,145.82,560.0,85.0,850.0,935.0,85.0,189.05,252.99,310.03,273.18,-141.98,21.23,-135.23,255.98,875.0,875.0,875.0,875.0,379.92,393.41,380.62,299.16,1972.86,1955.0,1025.25,3500.0,1453.11,1.0,1.0,0.3,0.457,22.5,OPPOSING_ZONE_COMPENSATE,5.8968
5,Opposing Thermal Zones,0,246,2460.0,23,1,10,11,1,91.73,83.36,HEAVY,284.7,VERY HIGH,HEAVY LOAD,88.99,80.6,HEAVY,277.14,VERY HIGH,HEAVY LOAD,91.3,81.78,HEAVY,281.8,VERY HIGH,HEAVY LOAD,89.38,81.71,HEAVY,279.29,VERY HIGH,HEAVY LOAD,15.71,4.16,LIGHT,70.88,LOW,RUNNING,16.9,4.64,LIGHT,73.08,LOW,RUNNING,15.15,3.95,LIGHT,69.86,LOW,RUNNING,18.22,5.81,LIGHT,76.49,LOW,RUNNING,88.78,80.42,HEAVY,276.61,VERY HIGH,HEAVY LOAD,91.56,82.36,HEAVY,282.99,VERY HIGH,HEAVY LOAD,28.35,54.0,241.0,0.25,22.0,COOLING,0.25,22.0,COOLING,0.25,22.0,COOLING,0.25,22.0,COOLING,23.773,23.599,23.746,22.656,23.444,23.773,22.656,1.117,1122.93,143.96,146.35,559.6,85.0,850.0,935.0,85.0,188.96,252.94,310.04,273.17,-142.2,21.19,-135.44,256.45,875.0,875.0,875.0,875.0,379.69,393.09,380.95,299.22,1972.84,1955.0,1025.11,3500.0,1452.95,1.0,1.0,0.306,0.462,22.5,OPPOSING_ZONE_COMPENSATE,5.9555
5,Opposing Thermal Zones,0,247,2470.0,23,1,10,11,1,91.9,83.46,HEAVY,285.06,VERY HIGH,HEAVY LOAD,89.12,80.57,HEAVY,277.25,VERY HIGH,HEAVY LOAD,91.26,81.66,HEAVY,281.56,VERY HIGH,HEAVY LOAD,89.21,81.6,HEAVY,278.91,VERY HIGH,HEAVY LOAD,15.6,4.12,LIGHT,70.68,LOW,RUNNING,16.91,4.69,LIGHT,73.17,LOW,RUNNING,15.26,4.04,LIGHT,70.14,LOW,RUNNING,18.34,5.86,LIGHT,76.72,LOW,RUNNING,88.8,80.31,HEAVY,276.47,VERY HIGH,HEAVY LOAD,91.42,82.24,HEAVY,282.63,VERY HIGH,HEAVY LOAD,28.36,54.0,241.2,0.25,22.0,COOLING,0.25,22.0,COOLING,0.25,22.0,COOLING,0.25,22.0,COOLING,23.781,23.607,23.754,22.662,23.451,23.781,22.662,1.119,1122.78,143.85,146.86,559.1,85.0,850.0,935.0,85.0,189.07,253.11,310.25,273.39,-142.42,21.16,-135.66,256.92,875.0,875.0,875.0,875.0,379.43,393.12,381.45,299.41,1972.59,1955.0,1025.82,3500.0,1453.41,1.0,1.0,0.311,0.467,22.5,OPPOSING_ZONE_COMPENSATE,6.0146
5,Opposing Thermal Zones,0,248,2480.0,23,1,10,11,1,92.08,83.54,HEAVY,285.41,VERY HIGH,HEAVY LOAD,89.21,80.52,HEAVY,277.29,VERY HIGH,HEAVY LOAD,91.19,81.52,HEAVY,281.27,VERY HIGH,HEAVY LOAD,89.03,81.51,HEAVY,278.55,VERY HIGH,HEAVY LOAD,15.51,4.1,LIGHT,70.54,LOW,RUNNING,16.95,4.75,LIGHT,73.31,LOW,RUNNING,15.39,4.13,LIGHT,70.43,LOW,RUNNING,18.44,5.89,LIGHT,76.88,LOW,RUNNING,88.78,80.19,HEAVY,276.26,VERY HIGH,HEAVY LOAD,91.25,82.12,HEAVY,282.24,VERY HIGH,HEAVY LOAD,28.36,54.0,241.3,0.25,22.0,COOLING,0.25,22.0,COOLING,0.25,22.0,COOLING,0.25,22.0,COOLING,23.789,23.615,23.762,22.668,23.459,23.789,22.668,1.121,1122.52,143.85,147.31,558.5,85.0,850.0,935.0,85.0,188.94,253.0,310.17,273.32,-142.63,21.14,-135.89,257.39,875.0,875.0,875.0,875.0,378.83,392.99,381.59,299.21,1972.18,1955.0,1025.43,3500.0,1452.62,1.0,1.0,0.317,0.473,22.5,OPPOSING_ZONE_COMPENSATE,6.074
5,Opposing Thermal Zones,0,249,2490.0,23,1,10,11,1,92.26,83.58,HEAVY,285.7,VERY HIGH,HEAVY LOAD,89.28,80.44,HEAVY,277.26,VERY HIGH,HEAVY LOAD,91.08,81.39,HEAVY,280.94,VERY HIGH,HEAVY LOAD,88.85,81.44,HEAVY,278.22,VERY HIGH,HEAVY LOAD,15.44,4.1,LIGHT,70.45,LOW,RUNNING,17.01,4.82,LIGHT,73.49,LOW,RUNNING,15.53,4.21,LIGHT,70.73,LOW,RUNNING,18.52,5.9,LIGHT,77.0,LOW,RUNNING,88.71,80.06,HEAVY,275.98,VERY HIGH,HEAVY LOAD,91.08,82.03,HEAVY,281.89,VERY HIGH,HEAVY LOAD,28.36,54.0,241.5,0.25,22.0,COOLING,0.25,22.0,COOLING,0.25,22.0,COOLING,0.25,22.0,COOLING,23.797,23.623,23.77,22.674,23.466,23.797,22.674,1.123,1122.12,143.94,147.73,557.87,85.0,850.0,935.0,85.0,188.84,252.96,310.17,273.32,-142.86,21.11,-136.11,257.86,875.0,875.0,875.0,875.0,378.1,393.01,381.79,299.05,1971.66,1955.0,1025.29,3500.0,1451.95,1.0,1.0,0.323,0.478,22.5,OPPOSING_ZONE_COMPENSATE,6.1337
5,Opposing Thermal Zones,0,250,2500.0,23,1,10,11,1,92.42,83.6,HEAVY,285.93,VERY HIGH,HEAVY LOAD,89.3,80.33,HEAVY,277.12,VERY HIGH,HEAVY LOAD,90.95,81.26,HEAVY,280.58,VERY HIGH,HEAVY LOAD,88.68,81.41,HEAVY,277.97,VERY HIGH,HEAVY LOAD,15.41,4.12,LIGHT,70.44,LOW,RUNNING,17.1,4.91,LIGHT,73.74,LOW,RUNNING,15.66,4.28,LIGHT,71.0,LOW,RUNNING,18.57,5.89,LIGHT,77.05,LOW,RUNNING,88.61,79.92,HEAVY,275.64,VERY HIGH,HEAVY LOAD,90.9,81.96,HEAVY,281.56,VERY HIGH,HEAVY LOAD,28.37,54.0,241.7,0.25,22.0,COOLING,0.25,22.0,COOLING,0.25,22.0,COOLING,0.25,22.0,COOLING,23.805,23.631,23.778,22.68,23.474,23.805,22.68,1.125,1121.6,144.18,148.05,557.2,85.0,850.0,935.0,85.0,188.96,253.12,310.39,273.52,-143.08,21.07,-136.32,258.33,875.0,875.0,875.0,875.0,377.48,393.37,382.12,299.05,1971.03,1955.0,1025.99,3500.0,1452.02,1.0,1.0,0.328,0.483,22.5,OPPOSING_ZONE_COMPENSATE,6.194
5,Opposing Thermal Zones,0,251,2510.0,23,1,10,11,1,92.56,83.59,HEAVY,286.09,VERY HIGH,HEAVY LOAD,89.28,80.21,HEAVY,276.92,VERY HIGH,HEAVY LOAD,90.79,81.14,HEAVY,280.2,VERY HIGH,HEAVY LOAD,88.53,81.4,HEAVY,277.76,VERY HIGH,HEAVY LOAD,15.4,4.16,LIGHT,70.49,LOW,RUNNING,17.21,5.0,LIGHT,74.01,LOW,RUNNING,15.78,4.33,LIGHT,71.22,LOW,RUNNING,18.6,5.86,LIGHT,77.04,LOW,RUNNING,88.48,79.79,HEAVY,275.29,VERY HIGH,HEAVY LOAD,90.73,81.91,HEAVY,281.28,VERY HIGH,HEAVY LOAD,28.37,54.0,241.8,0.25,22.0,COOLING,0.25,22.0,COOLING,0.25,22.0,COOLING,0.25,22.0,COOLING,23.813,23.639,23.786,22.686,23.481,23.813,22.686,1.127,1120.97,144.5,148.26,556.57,85.0,850.0,935.0,85.0,188.82,253.01,310.3,273.46,-143.29,21.04,-136.54,258.79,875.0,875.0,875.0,875.0,376.5,393.55,382.02,298.82,1970.3,1955.0,1025.59,3500.0,1450.89,1.0,1.0,0.334,0.488,22.5,OPPOSING_ZONE_COMPENSATE,6.2543
5,Opposing Thermal Zones,0,252,2520.0,23,1,10,11,1,92.67,83.55,HEAVY,286.16,VERY HIGH,HEAVY LOAD,89.23,80.08,HEAVY,276.66,VERY HIGH,HEAVY LOAD,90.61,81.05,HEAVY,279.84,VERY HIGH,HEAVY LOAD,88.39,81.42,HEAVY,277.62,VERY HIGH,HEAVY LOAD,15.42,4.22,LIGHT,70.61,LOW,RUNNING,17.33,5.09,LIGHT,74.3,LOW,RUNNING,15.89,4.38,LIGHT,71.43,LOW,RUNNING,18.59,5.82,LIGHT,76.97,LOW,RUNNING,88.33,79.67,HEAVY,274.92,VERY HIGH,HEAVY LOAD,90.56,81.9,HEAVY,281.05,VERY HIGH,HEAVY LOAD,28.38,54.0,242.0,0.25,22.0,COOLING,0.25,22.0,COOLING,0.25,22.0,COOLING,0.25,22.0,COOLING,23.821,23.647,23.794,22.692,23.489,23.821,22.692,1.129,1120.28,144.91,148.4,555.97,85.0,850.0,935.0,85.0,188.94,253.18,310.52,273.67,-143.51,21.02,-136.77,259.27,875.0,875.0,875.0,875.0,375.71,394.11,382.15,298.91,1969.56,1955.0,1026.31,3500.0,1450.88,1.0,1.0,0.34,0.493,22.5,OPPOSING_ZONE_COMPENSATE,6.3152
5,Opposing Thermal Zones,0,253,2530.0,23,1,10,11,1,92.75,83.48,HEAVY,286.16,VERY HIGH,HEAVY LOAD,89.14,79.95,HEAVY,276.35,VERY HIGH,HEAVY LOAD,90.43,80.97,HEAVY,279.49,VERY HIGH,HEAVY LOAD,88.29,81.48,HEAVY,277.58,VERY HIGH,HEAVY LOAD,15.48,4.29,LIGHT,70.78,LOW,RUNNING,17.46,5.17,LIGHT,74.58,LOW,RUNNING,15.98,4.4,LIGHT,71.57,LOW,RUNNING,18.56,5.76,LIGHT,76.84,LOW,RUNNING,88.16,79.57,HEAVY,274.55,VERY HIGH,HEAVY LOAD,90.43,81.92,HEAVY,280.92,VERY HIGH,HEAVY LOAD,28.38,54.0,242.2,0.25,22.0,COOLING,0.25,22.0,COOLING,0.25,22.0,COOLING,0.25,22.0,COOLING,23.829,23.655,23.802,22.698,23.496,23.829,22.698,1.131,1119.58,145.36,148.41,555.47,85.0,850.0,935.0,85.0,188.85,253.14,310.52,273.67,-143.74,20.99,-136.99,259.74,875.0,875.0,875.0,875.0,374.69,394.49,381.94,298.88,1968.82,1955.0,1026.18,3500.0,1450.0,1.0,1.0,0.345,0.498,22.5,OPPOSING_ZONE_COMPENSATE,6.3762
5,Opposing Thermal Zones,0,254,2540.0,23,1,10,11,1,92.79,83.38,HEAVY,286.06,VERY HIGH,HEAVY LOAD,89.01,79.82,HEAVY,275.99,VERY HIGH,HEAVY LOAD,90.26,80.92,HEAVY,279.2,VERY HIGH,HEAVY LOAD,88.23,81.56,HEAVY,277.63,VERY HIGH,HEAVY LOAD,15.56,4.37,LIGHT,71.01,LOW,RUNNING,17.6,5.25,LIGHT,74.88,LOW,RUNNING,16.05,4.4,LIGHT,71.66,LOW,RUNNING,18.5,5.68,LIGHT,76.64,LOW,RUNNING,87.98,79.49,HEAVY,274.21,VERY HIGH,HEAVY LOAD,90.32,81.96,HEAVY,280.84,VERY HIGH,HEAVY LOAD,28.38,54.0,242.3,0.25,22.0,COOLING,0.25,22.0,COOLING,0.25,22.0,COOLING,0.25,22.0,COOLING,23.837,23.663,23.81,22.704,23.503,23.837,22.704,1.133,1118.88,145.89,148.3,555.05,85.0,850.0,935.0,85.0,188.71,253.03,310.44,273.6,-143.95,20.95,-137.2,260.2,875.0,875.0,875.0,875.0,373.64,394.87,381.54,298.85,1968.12,1955.0,1025.78,3500.0,1448.9,1.0,1.0,0.351,0.503,22.5,OPPOSING_ZONE_COMPENSATE,6.4374
5,Opposing Thermal Zones,0,255,2550.0,23,1,10,11,1,92.8,83.27,HEAVY,285.9,VERY HIGH,HEAVY LOAD,88.86,79.7,HEAVY,275.62,VERY HIGH,HEAVY LOAD,90.09,80.9,HEAVY,278.96,VERY HIGH,HEAVY LOAD,88.2,81.66,HEAVY,277.74,VERY HIGH,HEAVY LOAD,15.66,4.46,LIGHT,71.27,LOW,RUNNING,17.73,5.31,LIGHT,75.13,LOW,RUNNING,16.09,4.38,LIGHT,71.68,LOW,RUNNING,18.41,5.6,LIGHT,76.41,LOW,RUNNING,87.8,79.43,HEAVY,273.9,VERY HIGH,HEAVY LOAD,90.24,82.03,HEAVY,280.85,VERY HIGH,HEAVY LOAD,28.39,54.0,242.5,0.25,22.0,COOLING,0.25,22.0,COOLING,0.25,22.0,COOLING,0.25,22.0,COOLING,23.845,23.671,23.818,22.71,23.511,23.845,22.71,1.135,1118.22,146.4,148.09,554.75,85.0,850.0,935.0,85.0,188.83,253.19,310.66,273.81,-144.17,20.92,-137.42,260.67,875.0,875.0,875.0,875.0,372.88,395.51,381.33,299.23,1967.46,1955.0,1026.49,3500.0,1448.95,1.0,1.0,0.357,0.508,22.5,OPPOSING_ZONE_COMPENSATE,6.4993
5,Opposing Thermal Zones,0,256,2560.0,23,1,10,11,1,92.76,83.14,HEAVY,285.66,VERY HIGH,HEAVY LOAD,88.69,79.59,HEAVY,275.25,VERY HIGH,HEAVY LOAD,89.95,80.91,HEAVY,278.8,VERY HIGH,HEAVY LOAD,88.21,81.77,HEAVY,277.92,VERY HIGH,HEAVY LOAD,15.77,4.55,LIGHT,71.54,LOW,RUNNING,17.85,5.36,LIGHT,75.35,LOW,RUNNING,16.1,4.34,LIGHT,71.64,LOW,RUNNING,18.3,5.51,LIGHT,76.14,LOW,RUNNING,87.64,79.4,HEAVY,273.65,VERY HIGH,HEAVY LOAD,90.2,82.13,HEAVY,280.94,VERY HIGH,HEAVY LOAD,28.39,54.0,242.7,0.25,22.0,COOLING,0.25,22.0,COOLING,0.25,22.0,COOLING,0.25,22.0,COOLING,23.853,23.679,23.826,22.716,23.518,23.853,22.716,1.137,1117.63,146.89,147.78,554.59,85.0,850.0,935.0,85.0,188.73,253.15,310.66,273.81,-144.39,20.9,-137.65,261.14,875.0,875.0,875.0,875.0,371.97,395.94,380.79,299.54,1966.89,1955.0,1026.35,3500.0,1448.24,1.0,1.0,0.362,0.513,22.5,OPPOSING_ZONE_COMPENSATE,6.5612
5,Opposing Thermal Zones,0,257,2570.0,23,1,10,11,1,92.68,83.01,HEAVY,285.37,VERY HIGH,HEAVY LOAD,88.52,79.5,HEAVY,274.9,VERY HIGH,HEAVY LOAD,89.84,80.95,HEAVY,278.73,VERY HIGH,HEAVY LOAD,88.27,81.9,HEAVY,278.19,VERY HIGH,HEAVY LOAD,15.9,4.63,LIGHT,71.82,LOW,RUNNING,17.95,5.39,LIGHT,75.52,LOW,RUNNING,16.08,4.29,LIGHT,71.53,LOW,RUNNING,18.18,5.42,LIGHT,75.85,LOW,RUNNING,87.49,79.4,HEAVY,273.46,VERY HIGH,HEAVY LOAD,90.21,82.24,HEAVY,281.12,VERY HIGH,HEAVY LOAD,28.39,54.0,242.8,0.25,22.0,COOLING,0.25,22.0,COOLING,0.25,22.0,COOLING,0.25,22.0,COOLING,23.861,23.687,23.834,22.722,23.526,23.861,22.722,1.139,1117.19,147.34,147.38,554.58,85.0,850.0,935.0,85.0,188.6,253.04,310.58,273.74,-144.62,20.87,-137.87,261.61,875.0,875.0,875.0,875.0,371.17,396.25,380.09,299.93,1966.49,1955.0,1025.96,3500.0,1447.44,1.0,1.0,0.368,0.519,22.5,OPPOSING_ZONE_COMPENSATE,6.6235
5,Opposing Thermal Zones,0,258,2580.0,23,1,10,11,1,92.57,82.88,HEAVY,285.03,VERY HIGH,HEAVY LOAD,88.34,79.44,HEAVY,274.59,VERY HIGH,HEAVY LOAD,89.75,81.02,HEAVY,278.72,VERY HIGH,HEAVY LOAD,88.36,82.04,HEAVY,278.51,VERY HIGH,HEAVY LOAD,16.04,4.71,LIGHT,72.11,LOW,RUNNING,18.02,5.4,LIGHT,75.62,LOW,RUNNING,16.03,4.22,LIGHT,71.37,LOW,RUNNING,18.05,5.34,LIGHT,75.57,LOW,RUNNING,87.36,79.44,HEAVY,273.36,VERY HIGH,HEAVY LOAD,90.25,82.37,HEAVY,281.37,VERY HIGH,HEAVY LOAD,28.4,54.0,243.0,0.25,22.0,COOLING,0.25,22.0,COOLING,0.25,22.0,COOLING,0.25,22.0,COOLING,23.869,23.695,23.842,22.728,23.534,23.869,22.728,1.141,1116.85,147.73,146.94,554.73,85.0,850.0,935.0,85.0,188.71,253.21,310.79,273.96,-144.83,20.83,-138.08,262.08,875.0,875.0,875.0,875.0,370.73,396.77,379.65,300.77,1966.25,1955.0,1026.67,3500.0,1447.92,1.0,1.0,0.373,0.524,22.5,OPPOSING_ZONE_COMPENSATE,6.6864
5,Opposing Thermal Zones,0,259,2590.0,23,1,10,11,1,92.43,82.75,HEAVY,284.66,VERY HIGH,HEAVY LOAD,88.17,79.41,HEAVY,274.33,VERY HIGH,HEAVY LOAD,89.71,81.11,HEAVY,278.8,VERY HIGH,HEAVY LOAD,88.48,82.17,HEAVY,278.86,VERY HIGH,HEAVY LOAD,16.17,4.78,LIGHT,72.38,LOW,RUNNING,18.08,5.39,LIGHT,75.68,LOW,RUNNING,15.95,4.14,LIGHT,71.15,LOW,RUNNING,17.91,5.26,LIGHT,75.28,LOW,RUNNING,87.27,79.5,HEAVY,273.34,VERY HIGH,HEAVY LOAD,90.33,82.5,HEAVY,281.66,VERY HIGH,HEAVY LOAD,28.4,54.0,243.2,0.25,22.0,COOLING,0.25,22.0,COOLING,0.25,22.0,COOLING,0.25,22.0,COOLING,23.877,23.703,23.85,22.734,23.541,23.877,22.734,1.143,1116.65,148.06,146.43,555.0,85.0,850.0,935.0,85.0,188.62,253.16,310.8,273.95,-145.05,20.8,-138.3,262.55,875.0,875.0,875.0,875.0,370.22,397.02,378.93,301.5,1966.14,1955.0,1026.53,3500.0,1447.67,1.0,1.0,0.378,0.529,22.5,OPPOSING_ZONE_COMPENSATE,6.7494
5,Opposing Thermal Zones,0,260,2600.0,23,1,10,11,1,92.27,82.64,HEAVY,284.3,VERY HIGH,HEAVY LOAD,88.01,79.4,HEAVY,274.11,VERY HIGH,HEAVY LOAD,89.7,81.22,HEAVY,278.95,VERY HIGH,HEAVY LOAD,88.62,82.29,HEAVY,279.21,VERY HIGH,HEAVY LOAD,16.29,4.84,LIGHT,72.62,LOW,RUNNING,18.1,5.36,LIGHT,75.67,LOW,RUNNING,15.85,4.05,LIGHT,70.89,LOW,RUNNING,17.78,5.19,LIGHT,75.01,LOW,RUNNING,87.22,79.58,HEAVY,273.39,VERY HIGH,HEAVY LOAD,90.44,82.64,HEAVY,282.01,VERY HIGH,HEAVY LOAD,28.4,54.0,243.3,0.25,22.0,COOLING,0.25,22.0,COOLING,0.25,22.0,COOLING,0.25,22.0,COOLING,23.885,23.711,23.858,22.74,23.549,23.885,22.74,1.145,1116.57,148.29,145.9,555.4,85.0,850.0,935.0,85.0,188.48,253.05,310.71,273.88,-145.27,20.78,-138.53,263.02,875.0,875.0,875.0,875.0,369.78,397.12,378.08,302.3,1966.16,1955.0,1026.12,3500.0,1447.28,1.0,1.0,0.383,0.535,22.5,OPPOSING_ZONE_COMPENSATE,6.8128
5,Opposing Thermal Zones,0,261,2610.0,23,1,10,11,1,92.1,82.54,HEAVY,283.94,VERY HIGH,HEAVY LOAD,87.88,79.43,HEAVY,274.0,VERY HIGH,HEAVY LOAD,89.74,81.34,HEAVY,279.19,VERY HIGH,HEAVY LOAD,88.79,82.4,HEAVY,279.59,VERY HIGH,HEAVY LOAD,16.4,4.88,LIGHT,72.82,LOW,RUNNING,18.09,5.31,LIGHT,75.58,LOW,RUNNING,15.74,3.96,LIGHT,70.61,LOW,RUNNING,17.66,5.14,LIGHT,74.78,LOW,RUNNING,87.2,79.69,HEAVY,273.53,VERY HIGH,HEAVY LOAD,90.58,82.76,HEAVY,282.37,VERY HIGH,HEAVY LOAD,28.41,54.0,243.5,0.25,22.0,COOLING,0.25,22.0,COOLING,0.25,22.0,COOLING,0.25,22.0,COOLING,23.893,23.719,23.866,22.746,23.556,23.893,22.746,1.147,1116.72,148.4,145.39,555.9,85.0,850.0,935.0,85.0,188.6,253.22,310.93,274.1,-145.5,20.75,-138.75,263.5,875.0,875.0,875.0,875.0,369.82,397.37,377.57,303.5,1966.41,1955.0,1026.85,3500.0,1448.26,1.0,1.0,0.389,0.541,22.5,OPPOSING_ZONE_COMPENSATE,6.8769
5,Opposing Thermal Zones,0,262,2620.0,23,1,10,11,1,91.92,82.46,HEAVY,283.59,VERY HIGH,HEAVY LOAD,87.79,79.48,HEAVY,273.96,VERY HIGH,HEAVY LOAD,89.81,81.48,HEAVY,279.48,VERY HIGH,HEAVY LOAD,88.97,82.49,HEAVY,279.95,VERY HIGH,HEAVY LOAD,16.49,4.9,LIGHT,72.96,LOW,RUNNING,18.05,5.25,LIGHT,75.44,LOW,RUNNING,15.61,3.87,LIGHT,70.32,LOW,RUNNING,17.56,5.11,LIGHT,74.61,LOW,RUNNING,87.22,79.81,HEAVY,273.74,VERY HIGH,HEAVY LOAD,90.75,82.88,HEAVY,282.76,VERY HIGH,HEAVY LOAD,28.41,54.0,243.7,0.25,22.0,COOLING,0.25,22.0,COOLING,0.25,22.0,COOLING,0.25,22.0,COOLING,23.901,23.727,23.874,22.752,23.563,23.901,22.752,1.149,1116.98,148.4,144.93,556.5,85.0,850.0,935.0,85.0,188.51,253.17,310.94,274.09,-145.72,20.71,-138.96,263.97,875.0,875.0,875.0,875.0,369.77,397.28,376.91,304.56,1966.81,1955.0,1026.71,3500.0,1448.52,1.0,1.0,0.395,0.547,22.5,OPPOSING_ZONE_COMPENSATE,6.9412
5,Opposing Thermal Zones,0,263,2630.0,23,1,10,11,1,91.74,82.42,HEAVY,283.31,VERY HIGH,HEAVY LOAD,87.72,79.56,HEAVY,273.99,VERY HIGH,HEAVY LOAD,89.92,81.61,HEAVY,279.81,VERY HIGH,HEAVY LOAD,89.15,82.56,HEAVY,280.28,VERY HIGH,HEAVY LOAD,16.56,4.9,LIGHT,73.05,LOW,RUNNING,17.99,5.18,LIGHT,75.26,LOW,RUNNING,15.47,3.79,LIGHT,70.02,LOW,RUNNING,17.48,5.1,LIGHT,74.5,LOW,RUNNING,87.29,79.94,HEAVY,274.02,VERY HIGH,HEAVY LOAD,90.92,82.97,HEAVY,283.11,VERY HIGH,HEAVY LOAD,28.41,54.0,243.8,0.25,22.0,COOLING,0.25,22.0,COOLING,0.25,22.0,COOLING,0.25,22.0,COOLING,23.909,23.735,23.882,22.758,23.571,23.909,22.758,1.151,1117.39,148.31,144.52,557.13,85.0,850.0,935.0,85.0,188.36,253.06,310.84,274.03,-145.94,20.68,-139.18,264.44,875.0,875.0,875.0,875.0,369.81,397.05,376.18,305.6,1967.35,1955.0,1026.29,3500.0,1448.64,1.0,1.0,0.399,0.552,22.5,OPPOSING_ZONE_COMPENSATE,7.0059
5,Opposing Thermal Zones,0,264,2640.0,23,1,10,11,1,91.58,82.4,HEAVY,283.07,VERY HIGH,HEAVY LOAD,87.7,79.67,HEAVY,274.13,VERY HIGH,HEAVY LOAD,90.05,81.74,HEAVY,280.17,VERY HIGH,HEAVY LOAD,89.32,82.59,HEAVY,280.53,VERY HIGH,HEAVY LOAD,16.59,4.88,LIGHT,73.06,LOW,RUNNING,17.9,5.09,LIGHT,75.01,LOW,RUNNING,15.34,3.72,LIGHT,69.75,LOW,RUNNING,17.43,5.11,LIGHT,74.45,LOW,RUNNING,87.39,80.08,HEAVY,274.36,VERY HIGH,HEAVY LOAD,91.1,83.04,HEAVY,283.44,VERY HIGH,HEAVY LOAD,28.42,54.0,244.0,0.25,22.0,COOLING,0.25,22.0,COOLING,0.25,22.0,COOLING,0.25,22.0,COOLING,23.917,23.743,23.89,22.764,23.578,23.917,22.764,1.153,1117.9,148.07,144.2,557.8,85.0,850.0,935.0,85.0,188.49,253.23,311.07,274.23,-146.15,20.66,-139.41,264.91,875.0,875.0,875.0,875.0,370.24,396.96,375.86,306.94,1967.97,1955.0,1027.02,3500.0,1450.0,1.0,1.0,0.404,0.557,22.5,OPPOSING_ZONE_COMPENSATE,7.0714
5,Opposing Thermal Zones,0,265,2650.0,23,1,10,11,1,91.44,82.41,HEAVY,282.92,VERY HIGH,HEAVY LOAD,87.72,79.79,HEAVY,274.33,VERY HIGH,HEAVY LOAD,90.21,81.86,HEAVY,280.55,VERY HIGH,HEAVY LOAD,89.47,82.6,HEAVY,280.74,VERY HIGH,HEAVY LOAD,16.6,4.84,LIGHT,73.01,LOW,RUNNING,17.79,5.0,LIGHT,74.74,LOW,RUNNING,15.22,3.67,LIGHT,69.53,LOW,RUNNING,17.4,5.14,LIGHT,74.46,LOW,RUNNING,87.52,80.21,HEAVY,274.71,VERY HIGH,HEAVY LOAD,91.27,83.09,HEAVY,283.72,VERY HIGH,HEAVY LOAD,28.42,54.0,244.2,0.25,22.0,COOLING,0.25,22.0,COOLING,0.25,22.0,COOLING,0.25,22.0,COOLING,23.925,23.751,23.898,22.77,23.586,23.925,22.77,1.155,1118.54,147.75,143.99,558.43,85.0,850.0,935.0,85.0,188.39,253.18,311.07,274.22,-146.38,20.63,-139.63,265.38,875.0,875.0,875.0,875.0,370.55,396.56,375.43,308.03,1968.71,1955.0,1026.86,3500.0,1450.57,1.0,1.0,0.408,0.562,22.5,OPPOSING_ZONE_COMPENSATE,7.1372
5,Opposing Thermal Zones,0,266,2660.0,23,1,10,11,1,91.33,82.45,HEAVY,282.84,VERY HIGH,HEAVY LOAD,87.77,79.92,HEAVY,274.59,VERY HIGH,HEAVY LOAD,90.39,81.95,HEAVY,280.91,VERY HIGH,HEAVY LOAD,89.61,82.58,HEAVY,280.88,VERY HIGH,HEAVY LOAD,16.58,4.78,LIGHT,72.89,LOW,RUNNING,17.67,4.91,LIGHT,74.45,LOW,RUNNING,15.11,3.62,LIGHT,69.32,LOW,RUNNING,17.41,5.18,LIGHT,74.53,LOW,RUNNING,87.67,80.33,HEAVY,275.08,VERY HIGH,HEAVY LOAD,91.44,83.1,HEAVY,283.95,VERY HIGH,HEAVY LOAD,28.42,54.0,244.3,0.25,22.0,COOLING,0.25,22.0,COOLING,0.25,22.0,COOLING,0.25,22.0,COOLING,23.933,23.759,23.906,22.776,23.593,23.933,22.776,1.157,1119.22,147.34,143.85,559.03,85.0,850.0,935.0,85.0,188.25,253.07,310.98,274.17,-146.6,20.59,-139.84,265.85,875.0,875.0,875.0,875.0,370.87,396.0,374.99,309.05,1969.44,1955.0,1026.47,3500.0,1450.91,1.0,1.0,0.413,0.567,22.5,OPPOSING_ZONE_COMPENSATE,7.2034
5,Opposing Thermal Zones,0,267,2670.0,23,1,10,11,1,91.25,82.52,HEAVY,282.84,VERY HIGH,HEAVY LOAD,87.86,80.05,HEAVY,274.9,VERY HIGH,HEAVY LOAD,90.57,82.03,HEAVY,281.26,VERY HIGH,HEAVY LOAD,89.71,82.52,HEAVY,280.92,VERY HIGH,HEAVY LOAD,16.52,4.71,LIGHT,72.72,LOW,RUNNING,17.54,4.83,LIGHT,74.17,LOW,RUNNING,15.02,3.6,LIGHT,69.17,LOW,RUNNING,17.44,5.24,LIGHT,74.66,LOW,RUNNING,87.84,80.43,HEAVY,275.44,VERY HIGH,HEAVY LOAD,91.57,83.08,HEAVY,284.08,VERY HIGH,HEAVY LOAD,28.43,54.0,244.5,0.25,22.0,COOLING,0.25,22.0,COOLING,0.25,22.0,COOLING,0.25,22.0,COOLING,23.941,23.767,23.914,22.782,23.601,23.941,22.782,1.159,1119.92,146.89,143.83,559.52,85.0,850.0,935.0,85.0,188.38,253.24,311.21,274.37,-146.81,20.56,-140.06,266.31,875.0,875.0,875.0,875.0,371.49,395.69,374.98,310.2,1970.16,1955.0,1027.2,3500.0,1452.36,1.0,1.0,0.417,0.572,22.5,OPPOSING_ZONE_COMPENSATE,7.2704
5,Opposing Thermal Zones,0,268,2680.0,23,1,10,11,1,91.21,82.62,HEAVY,282.94,VERY HIGH,HEAVY LOAD,87.99,80.18,HEAVY,275.26,VERY HIGH,HEAVY LOAD,90.74,82.08,HEAVY,281.55,VERY HIGH,HEAVY LOAD,89.77,82.44,HEAVY,280.87,VERY HIGH,HEAVY LOAD,16.44,4.63,LIGHT,72.5,LOW,RUNNING,17.4,4.75,LIGHT,73.88,LOW,RUNNING,14.95,3.6,LIGHT,69.09,LOW,RUNNING,17.5,5.32,LIGHT,74.86,LOW,RUNNING,88.02,80.51,HEAVY,275.79,VERY HIGH,HEAVY LOAD,91.68,83.04,HEAVY,284.16,VERY HIGH,HEAVY LOAD,28.43,54.0,244.7,0.25,22.0,COOLING,0.25,22.0,COOLING,0.25,22.0,COOLING,0.25,22.0,COOLING,23.949,23.775,23.922,22.788,23.608,23.949,22.788,1.161,1120.62,146.38,143.95,559.95,85.0,850.0,935.0,85.0,188.27,253.19,311.2,274.37,-147.03,20.54,-140.29,266.79,875.0,875.0,875.0,875.0,371.86,395.11,374.86,311.11,1970.9,1955.0,1027.03,3500.0,1452.94,1.0,1.0,0.422,0.577,22.5,OPPOSING_ZONE_COMPENSATE,7.3376
5,Opposing Thermal Zones,0,269,2690.0,23,1,10,11,1,91.2,82.73,HEAVY,283.1,VERY HIGH,HEAVY LOAD,88.14,80.3,HEAVY,275.62,VERY HIGH,HEAVY LOAD,90.91,82.1,HEAVY,281.79,VERY HIGH,HEAVY LOAD,89.8,82.34,HEAVY,280.76,VERY HIGH,HEAVY LOAD,16.34,4.54,LIGHT,72.23,LOW,RUNNING,17.27,4.69,LIGHT,73.62,LOW,RUNNING,14.91,3.62,LIGHT,69.07,LOW,RUNNING,17.59,5.4,LIGHT,75.09,LOW,RUNNING,88.2,80.57,HEAVY,276.11,VERY HIGH,HEAVY LOAD,91.76,82.97,HEAVY,284.16,VERY HIGH,HEAVY LOAD,28.43,54.0,244.8,0.25,22.0,COOLING,0.25,22.0,COOLING,0.25,22.0,COOLING,0.25,22.0,COOLING,23.957,23.783,23.93,22.794,23.616,23.957,22.794,1.163,1121.27,145.85,144.16,560.27,85.0,850.0,935.0,85.0,188.14,253.08,311.12,274.3,-147.26,20.51,-140.51,267.26,875.0,875.0,875.0,875.0,372.15,394.44,374.77,311.83,1971.55,1955.0,1026.64,3500.0,1453.19,1.0,1.0,0.426,0.582,22.5,OPPOSING_ZONE_COMPENSATE,7.4053
5,Opposing Thermal Zones,0,270,2700.0,23,1,10,11,1,91.24,82.86,HEAVY,283.34,VERY HIGH,HEAVY LOAD,88.31,80.41,HEAVY,276.0,VERY HIGH,HEAVY LOAD,91.05,82.09,HEAVY,281.95,VERY HIGH,HEAVY LOAD,89.79,82.23,HEAVY,280.58,VERY HIGH,HEAVY LOAD,16.23,4.45,LIGHT,71.96,LOW,RUNNING,17.15,4.64,LIGHT,73.4,LOW,RUNNING,14.9,3.66,LIGHT,69.11,LOW,RUNNING,17.7,5.49,LIGHT,75.36,LOW,RUNNING,88.36,80.6,HEAVY,276.35,VERY HIGH,HEAVY LOAD,91.8,82.87,HEAVY,284.06,VERY HIGH,HEAVY LOAD,28.44,54.0,245.0,0.25,22.0,COOLING,0.25,22.0,COOLING,0.25,22.0,COOLING,0.25,22.0,COOLING,23.965,23.791,23.938,22.8,23.623,23.965,22.8,1.165,1121.87,145.36,144.47,560.41,85.0,850.0,935.0,85.0,188.26,253.25,311.35,274.51,-147.48,20.47,-140.72,267.72,875.0,875.0,875.0,875.0,372.65,394.08,375.1,312.64,1972.11,1955.0,1027.37,3500.0,1454.47,1.0,1.0,0.435,0.591,22.5,OPPOSING_ZONE_COMPENSATE,7.4739
5,Opposing Thermal Zones,0,271,2710.0,23,1,10,11,1,91.32,82.99,HEAVY,283.63,VERY HIGH,HEAVY LOAD,88.48,80.5,HEAVY,276.35,VERY HIGH,HEAVY LOAD,91.16,82.05,HEAVY,282.02,VERY HIGH,HEAVY LOAD,89.73,82.1,HEAVY,280.31,VERY HIGH,HEAVY LOAD,16.1,4.37,LIGHT,71.68,LOW,RUNNING,17.05,4.61,LIGHT,73.23,LOW,RUNNING,14.92,3.71,LIGHT,69.22,LOW,RUNNING,17.82,5.58,LIGHT,75.65,LOW,RUNNING,88.51,80.6,HEAVY,276.54,VERY HIGH,HEAVY LOAD,91.79,82.76,HEAVY,283.88,VERY HIGH,HEAVY LOAD,28.44,54.0,245.2,0.25,22.0,COOLING,0.25,22.0,COOLING,0.25,22.0,COOLING,0.25,22.0,COOLING,23.973,23.799,23.946,22.806,23.631,23.973,22.806,1.167,1122.31,144.91,144.87,560.42,85.0,850.0,935.0,85.0,188.16,253.2,311.34,274.51,-147.69,20.44,-140.94,268.19,875.0,875.0,875.0,875.0,372.78,393.55,375.27,313.12,1972.51,1955.0,1027.21,3500.0,1454.72,1.0,1.0,0.441,0.596,22.5,OPPOSING_ZONE_COMPENSATE,7.5426
5,Opposing Thermal Zones,0,272,2720.0,23,1,10,11,1,91.43,83.12,HEAVY,283.97,VERY HIGH,HEAVY LOAD,88.66,80.56,HEAVY,276.66,VERY HIGH,HEAVY LOAD,91.25,81.98,HEAVY,282.03,VERY HIGH,HEAVY LOAD,89.64,81.96,HEAVY,279.99,VERY HIGH,HEAVY LOAD,15.96,4.29,LIGHT,71.39,LOW,RUNNING,16.98,4.6,LIGHT,73.12,LOW,RUNNING,14.97,3.78,LIGHT,69.38,LOW,RUNNING,17.95,5.66,LIGHT,75.93,LOW,RUNNING,88.64,80.56,HEAVY,276.64,VERY HIGH,HEAVY LOAD,91.75,82.63,HEAVY,283.63,VERY HIGH,HEAVY LOAD,28.44,54.0,245.3,0.25,22.0,COOLING,0.25,22.0,COOLING,0.25,22.0,COOLING,0.25,22.0,COOLING,23.981,23.807,23.954,22.812,23.639,23.981,22.812,1.169,1122.65,144.51,145.31,560.27,85.0,850.0,935.0,85.0,188.03,253.09,311.26,274.44,-147.91,20.42,-141.17,268.66,875.0,875.0,875.0,875.0,372.77,393.02,375.4,313.37,1972.74,1955.0,1026.82,3500.0,1454.56,1.0,1.0,0.446,0.602,22.5,OPPOSING_ZONE_COMPENSATE,7.6117
5,Opposing Thermal Zones,0,273,2730.0,23,1,10,11,1,91.57,83.25,HEAVY,284.34,VERY HIGH,HEAVY LOAD,88.83,80.59,HEAVY,276.92,VERY HIGH,HEAVY LOAD,91.29,81.89,HEAVY,281.95,VERY HIGH,HEAVY LOAD,89.52,81.83,HEAVY,279.64,VERY HIGH,HEAVY LOAD,15.83,4.22,LIGHT,71.12,LOW,RUNNING,16.92,4.61,LIGHT,73.07,LOW,RUNNING,15.05,3.86,LIGHT,69.6,LOW,RUNNING,18.09,5.74,LIGHT,76.22,LOW,RUNNING,88.73,80.5,HEAVY,276.66,VERY HIGH,HEAVY LOAD,91.67,82.5,HEAVY,283.34,VERY HIGH,HEAVY LOAD,28.45,54.0,245.5,0.25,22.0,COOLING,0.25,22.0,COOLING,0.25,22.0,COOLING,0.25,22.0,COOLING,23.989,23.815,23.962,22.818,23.646,23.989,22.818,1.171,1122.85,144.19,145.82,560.0,85.0,850.0,935.0,85.0,188.14,253.26,311.47,274.66,-148.14,20.39,-141.39,269.13,875.0,875.0,875.0,875.0,372.85,392.84,375.9,313.79,1972.86,1955.0,1027.53,3500.0,1455.38,1.0,1.0,0.451,0.607,22.5,OPPOSING_ZONE_COMPENSATE,7.6815
5,Opposing Thermal Zones,0,274,2740.0,23,1,10,11,1,91.73,83.36,HEAVY,284.7,VERY HIGH,HEAVY LOAD,88.99,80.6,HEAVY,277.14,VERY HIGH,HEAVY LOAD,91.3,81.78,HEAVY,281.8,VERY HIGH,HEAVY LOAD,89.38,81.71,HEAVY,279.29,VERY HIGH,HEAVY LOAD,15.71,4.16,LIGHT,70.88,LOW,RUNNING,16.9,4.64,LIGHT,73.08,LOW,RUNNING,15.15,3.95,LIGHT,69.86,LOW,RUNNING,18.22,5.81,LIGHT,76.49,LOW,RUNNING,88.78,80.42,HEAVY,276.61,VERY HIGH,HEAVY LOAD,91.56,82.36,HEAVY,282.99,VERY HIGH,HEAVY LOAD,28.45,54.0,245.7,0.25,22.0,COOLING,0.25,22.0,COOLING,0.25,22.0,COOLING,0.25,22.0,COOLING,23.997,23.823,23.97,22.824,23.654,23.997,22.824,1.173,1122.93,143.96,146.35,559.6,85.0,850.0,935.0,85.0,188.05,253.21,311.48,274.65,-148.35,20.35,-141.6,269.6,875.0,875.0,875.0,875.0,372.63,392.52,376.23,313.85,1972.84,1955.0,1027.39,3500.0,1455.23,1.0,1.0,0.457,0.612,22.5,OPPOSING_ZONE_COMPENSATE,7.7515
5,Opposing Thermal Zones,0,275,2750.0,23,1,10,11,1,91.9,83.46,HEAVY,285.06,VERY HIGH,HEAVY LOAD,89.12,80.57,HEAVY,277.25,VERY HIGH,HEAVY LOAD,91.26,81.66,HEAVY,281.56,VERY HIGH,HEAVY LOAD,89.21,81.6,HEAVY,278.91,VERY HIGH,HEAVY LOAD,15.6,4.12,LIGHT,70.68,LOW,RUNNING,16.91,4.69,LIGHT,73.17,LOW,RUNNING,15.26,4.04,LIGHT,70.14,LOW,RUNNING,18.34,5.86,LIGHT,76.72,LOW,RUNNING,88.8,80.31,HEAVY,276.47,VERY HIGH,HEAVY LOAD,91.42,82.24,HEAVY,282.63,VERY HIGH,HEAVY LOAD,28.45,54.0,245.8,0.25,22.0,COOLING,0.25,22.0,COOLING,0.25,22.0,COOLING,0.25,22.0,COOLING,24.005,23.831,23.978,22.83,23.661,24.005,22.83,1.175,1122.78,143.85,146.86,559.1,85.0,850.0,935.0,85.0,187.91,253.1,311.39,274.58,-148.57,20.32,-141.82,270.07,875.0,875.0,875.0,875.0,372.12,392.27,376.43,313.75,1972.59,1955.0,1026.98,3500.0,1454.57,1.0,1.0,0.462,0.617,22.5,OPPOSING_ZONE_COMPENSATE,7.8218
5,Opposing Thermal Zones,0,276,2760.0,23,1,10,11,1,92.08,83.54,HEAVY,285.41,VERY HIGH,HEAVY LOAD,89.21,80.52,HEAVY,277.29,VERY HIGH,HEAVY LOAD,91.19,81.52,HEAVY,281.27,VERY HIGH,HEAVY LOAD,89.03,81.51,HEAVY,278.55,VERY HIGH,HEAVY LOAD,15.51,4.1,LIGHT,70.54,LOW,RUNNING,16.95,4.75,LIGHT,73.31,LOW,RUNNING,15.39,4.13,LIGHT,70.43,LOW,RUNNING,18.44,5.89,LIGHT,76.88,LOW,RUNNING,88.78,80.19,HEAVY,276.26,VERY HIGH,HEAVY LOAD,91.25,82.12,HEAVY,282.24,VERY HIGH,HEAVY LOAD,28.46,54.0,246.0,0.25,22.0,COOLING,0.25,22.0,COOLING,0.25,22.0,COOLING,0.25,22.0,COOLING,24.013,23.839,23.986,22.836,23.669,24.013,22.836,1.177,1122.52,143.85,147.31,558.5,85.0,850.0,935.0,85.0,188.03,253.27,311.61,274.8,-148.8,20.3,-142.05,270.55,875.0,875.0,875.0,875.0,371.75,392.42,376.87,313.85,1972.18,1955.0,1027.71,3500.0,1454.89,1.0,1.0,0.468,0.622,22.5,OPPOSING_ZONE_COMPENSATE,7.8928
5,Opposing Thermal Zones,0,277,2770.0,23,1,10,11,1,92.26,83.58,HEAVY,285.7,VERY HIGH,HEAVY LOAD,89.28,80.44,HEAVY,277.26,VERY HIGH,HEAVY LOAD,91.08,81.39,HEAVY,280.94,VERY HIGH,HEAVY LOAD,88.85,81.44,HEAVY,278.22,VERY HIGH,HEAVY LOAD,15.44,4.1,LIGHT,70.45,LOW,RUNNING,17.01,4.82,LIGHT,73.49,LOW,RUNNING,15.53,4.21,LIGHT,70.73,LOW,RUNNING,18.52,5.9,LIGHT,77.0,LOW,RUNNING,88.71,80.06,HEAVY,275.98,VERY HIGH,HEAVY LOAD,91.08,82.03,HEAVY,281.89,VERY HIGH,HEAVY LOAD,28.46,54.0,246.2,0.25,22.0,COOLING,0.25,22.0,COOLING,0.25,22.0,COOLING,0.25,22.0,COOLING,24.021,23.847,23.994,22.842,23.676,24.021,22.842,1.179,1122.12,143.94,147.73,557.87,85.0,850.0,935.0,85.0,187.94,253.23,311.61,274.8,-149.02,20.27,-142.27,271.02,875.0,875.0,875.0,875.0,371.04,392.44,377.07,313.69,1971.66,1955.0,1027.58,3500.0,1454.24,1.0,1.0,0.473,0.626,22.5,OPPOSING_ZONE_COMPENSATE,7.9639
5,Opposing Thermal Zones,0,278,2780.0,23,1,10,11,1,92.42,83.6,HEAVY,285.93,VERY HIGH,HEAVY LOAD,89.3,80.33,HEAVY,277.12,VERY HIGH,HEAVY LOAD,90.95,81.26,HEAVY,280.58,VERY HIGH,HEAVY LOAD,88.68,81.41,HEAVY,277.97,VERY HIGH,HEAVY LOAD,15.41,4.12,LIGHT,70.44,LOW,RUNNING,17.1,4.91,LIGHT,73.74,LOW,RUNNING,15.66,4.28,LIGHT,71.0,LOW,RUNNING,18.57,5.89,LIGHT,77.05,LOW,RUNNING,88.61,79.92,HEAVY,275.64,VERY HIGH,HEAVY LOAD,90.9,81.96,HEAVY,281.56,VERY HIGH,HEAVY LOAD,28.47,54.0,246.3,0.25,22.0,COOLING,0.25,22.0,COOLING,0.25,22.0,COOLING,0.25,22.0,COOLING,24.029,23.855,24.002,22.848,23.683,24.029,22.848,1.181,1121.6,144.18,148.05,557.2,85.0,850.0,935.0,85.0,188.01,253.33,311.74,274.94,-149.24,20.23,-142.48,271.49,875.0,875.0,875.0,875.0,370.37,392.74,377.31,313.63,1971.03,1955.0,1028.02,3500.0,1454.05,1.0,1.0,0.479,0.631,22.5,OPPOSING_ZONE_COMPENSATE,8.0355
5,Opposing Thermal Zones,0,279,2790.0,23,1,10,11,1,92.56,83.59,HEAVY,286.09,VERY HIGH,HEAVY LOAD,89.28,80.21,HEAVY,276.92,VERY HIGH,HEAVY LOAD,90.79,81.14,HEAVY,280.2,VERY HIGH,HEAVY LOAD,88.53,81.4,HEAVY,277.76,VERY HIGH,HEAVY LOAD,15.4,4.16,LIGHT,70.49,LOW,RUNNING,17.21,5.0,LIGHT,74.01,LOW,RUNNING,15.78,4.33,LIGHT,71.22,LOW,RUNNING,18.6,5.86,LIGHT,77.04,LOW,RUNNING,88.48,79.79,HEAVY,275.29,VERY HIGH,HEAVY LOAD,90.73,81.91,HEAVY,281.28,VERY HIGH,HEAVY LOAD,28.47,54.0,246.5,0.25,22.0,COOLING,0.25,22.0,COOLING,0.25,22.0,COOLING,0.25,22.0,COOLING,24.037,23.863,24.01,22.854,23.691,24.037,22.854,1.183,1120.97,144.5,148.26,556.57,85.0,850.0,935.0,85.0,187.92,253.28,311.75,274.93,-149.46,20.2,-142.7,271.96,875.0,875.0,875.0,875.0,369.43,392.98,377.31,313.46,1970.3,1955.0,1027.88,3500.0,1453.18,1.0,1.0,0.484,0.636,22.5,OPPOSING_ZONE_COMPENSATE,8.1072
5,Opposing Thermal Zones,0,280,2800.0,23,1,10,11,1,92.67,83.55,HEAVY,286.16,VERY HIGH,HEAVY LOAD,89.23,80.08,HEAVY,276.66,VERY HIGH,HEAVY LOAD,90.61,81.05,HEAVY,279.84,VERY HIGH,HEAVY LOAD,88.39,81.42,HEAVY,277.62,VERY HIGH,HEAVY LOAD,15.42,4.22,LIGHT,70.61,LOW,RUNNING,17.33,5.09,LIGHT,74.3,LOW,RUNNING,15.89,4.38,LIGHT,71.43,LOW,RUNNING,18.59,5.82,LIGHT,76.97,LOW,RUNNING,88.33,79.67,HEAVY,274.92,VERY HIGH,HEAVY LOAD,90.56,81.9,HEAVY,281.05,VERY HIGH,HEAVY LOAD,28.47,54.0,246.7,0.25,22.0,COOLING,0.25,22.0,COOLING,0.25,22.0,COOLING,0.25,22.0,COOLING,24.045,23.871,24.018,22.86,23.698,24.045,22.86,1.185,1120.28,144.91,148.4,555.97,85.0,850.0,935.0,85.0,187.82,253.24,311.75,274.93,-149.67,20.18,-142.93,272.43,875.0,875.0,875.0,875.0,368.43,393.33,377.22,313.33,1969.56,1955.0,1027.74,3500.0,1452.31,1.0,1.0,0.49,0.641,22.5,OPPOSING_ZONE_COMPENSATE,8.1792
5,Opposing Thermal Zones,0,281,2810.0,23,1,10,11,1,92.75,83.48,HEAVY,286.16,VERY HIGH,HEAVY LOAD,89.14,79.95,HEAVY,276.35,VERY HIGH,HEAVY LOAD,90.43,80.97,HEAVY,279.49,VERY HIGH,HEAVY LOAD,88.29,81.48,HEAVY,277.58,VERY HIGH,HEAVY LOAD,15.48,4.29,LIGHT,70.78,LOW,RUNNING,17.46,5.17,LIGHT,74.58,LOW,RUNNING,15.98,4.4,LIGHT,71.57,LOW,RUNNING,18.56,5.76,LIGHT,76.84,LOW,RUNNING,88.16,79.57,HEAVY,274.55,VERY HIGH,HEAVY LOAD,90.43,81.92,HEAVY,280.92,VERY HIGH,HEAVY LOAD,28.48,54.0,246.8,0.25,22.0,COOLING,0.25,22.0,COOLING,0.25,22.0,COOLING,0.25,22.0,COOLING,24.053,23.879,24.026,22.866,23.706,24.053,22.866,1.187,1119.58,145.36,148.41,555.47,85.0,850.0,935.0,85.0,187.9,253.34,311.88,275.08,-149.9,20.15,-143.15,272.9,875.0,875.0,875.0,875.0,367.58,393.85,377.14,313.45,1968.82,1955.0,1028.2,3500.0,1452.02,1.0,1.0,0.495,0.646,22.5,OPPOSING_ZONE_COMPENSATE,8.2517
5,Opposing Thermal Zones,0,282,2820.0,23,1,10,11,1,92.79,83.38,HEAVY,286.06,VERY HIGH,HEAVY LOAD,89.01,79.82,HEAVY,275.99,VERY HIGH,HEAVY LOAD,90.26,80.92,HEAVY,279.2,VERY HIGH,HEAVY LOAD,88.23,81.56,HEAVY,277.63,VERY HIGH,HEAVY LOAD,15.56,4.37,LIGHT,71.01,LOW,RUNNING,17.6,5.25,LIGHT,74.88,LOW,RUNNING,16.05,4.4,LIGHT,71.66,LOW,RUNNING,18.5,5.68,LIGHT,76.64,LOW,RUNNING,87.98,79.49,HEAVY,274.21,VERY HIGH,HEAVY LOAD,90.32,81.96,HEAVY,280.84,VERY HIGH,HEAVY LOAD,28.48,54.0,247.0,0.25,22.0,COOLING,0.25,22.0,COOLING,0.25,22.0,COOLING,0.25,22.0,COOLING,24.06,23.887,24.034,22.872,23.713,24.06,22.872,1.188,1118.88,145.89,148.3,555.05,85.0,850.0,935.0,85.0,187.8,253.3,311.88,275.08,-150.12,20.11,-143.36,273.37,875.0,875.0,875.0,875.0,366.56,394.3,376.82,313.5,1968.12,1955.0,1028.06,3500.0,1451.18,1.0,1.0,0.503,0.647,22.5,OPPOSING_ZONE_COMPENSATE,8.3192
5,Opposing Thermal Zones,0,283,2830.0,23,1,10,11,1,92.8,83.27,HEAVY,285.9,VERY HIGH,HEAVY LOAD,88.86,79.7,HEAVY,275.62,VERY HIGH,HEAVY LOAD,90.09,80.9,HEAVY,278.96,VERY HIGH,HEAVY LOAD,88.2,81.66,HEAVY,277.74,VERY HIGH,HEAVY LOAD,15.66,4.46,LIGHT,71.27,LOW,RUNNING,17.73,5.31,LIGHT,75.13,LOW,RUNNING,16.09,4.38,LIGHT,71.68,LOW,RUNNING,18.41,5.6,LIGHT,76.41,LOW,RUNNING,87.8,79.43,HEAVY,273.9,VERY HIGH,HEAVY LOAD,90.24,82.03,HEAVY,280.85,VERY HIGH,HEAVY LOAD,28.48,54.0,247.2,0.25,22.0,COOLING,0.25,22.0,COOLING,0.25,22.0,COOLING,0.25,22.0,COOLING,24.067,23.895,24.042,22.878,23.721,24.067,22.878,1.189,1118.22,146.4,148.09,554.75,85.0,850.0,935.0,85.0,187.73,253.25,311.89,275.07,-150.1,19.97,-143.6,273.72,875.0,875.0,875.0,875.0,365.85,394.62,376.38,313.54,1967.46,1955.0,1027.94,3500.0,1450.39,1.0,1.0,0.51,0.648,22.5,OPPOSING_ZONE_COMPENSATE,8.3871
5,Opposing Thermal Zones,0,284,2840.0,23,1,10,11,1,92.76,83.14,HEAVY,285.66,VERY HIGH,HEAVY LOAD,88.69,79.59,HEAVY,275.25,VERY HIGH,HEAVY LOAD,89.95,80.91,HEAVY,278.8,VERY HIGH,HEAVY LOAD,88.21,81.77,HEAVY,277.92,VERY HIGH,HEAVY LOAD,15.77,4.55,LIGHT,71.54,LOW,RUNNING,17.85,5.36,LIGHT,75.35,LOW,RUNNING,16.1,4.34,LIGHT,71.64,LOW,RUNNING,18.3,5.51,LIGHT,76.14,LOW,RUNNING,87.64,79.4,HEAVY,273.65,VERY HIGH,HEAVY LOAD,90.2,82.13,HEAVY,280.94,VERY HIGH,HEAVY LOAD,28.49,54.0,247.3,0.25,22.0,COOLING,0.25,22.0,COOLING,0.25,22.0,COOLING,0.25,22.0,COOLING,24.074,23.903,24.05,22.884,23.728,24.074,22.884,1.19,1117.63,146.89,147.78,554.59,85.0,850.0,935.0,85.0,187.83,253.35,312.02,275.22,-150.09,19.84,-143.84,274.09,875.0,875.0,875.0,875.0,365.37,395.08,375.96,313.9,1966.89,1955.0,1028.42,3500.0,1450.31,1.0,1.0,0.517,0.649,22.5,OPPOSING_ZONE_COMPENSATE,8.4555
5,Opposing Thermal Zones,0,285,2850.0,23,1,10,11,1,92.68,83.01,HEAVY,285.37,VERY HIGH,HEAVY LOAD,88.52,79.5,HEAVY,274.9,VERY HIGH,HEAVY LOAD,89.84,80.95,HEAVY,278.73,VERY HIGH,HEAVY LOAD,88.27,81.9,HEAVY,278.19,VERY HIGH,HEAVY LOAD,15.9,4.63,LIGHT,71.82,LOW,RUNNING,17.95,5.39,LIGHT,75.52,LOW,RUNNING,16.08,4.29,LIGHT,71.53,LOW,RUNNING,18.18,5.42,LIGHT,75.85,LOW,RUNNING,87.49,79.4,HEAVY,273.46,VERY HIGH,HEAVY LOAD,90.21,82.24,HEAVY,281.12,VERY HIGH,HEAVY LOAD,28.49,54.0,247.5,0.25,22.0,COOLING,0.25,22.0,COOLING,0.25,22.0,COOLING,0.25,22.0,COOLING,24.081,23.911,24.058,22.89,23.735,24.081,22.89,1.191,1117.19,147.34,147.38,554.58,85.0,850.0,935.0,85.0,187.75,253.31,312.02,275.22,-150.07,19.7,-144.07,274.45,875.0,875.0,875.0,875.0,364.87,395.35,375.33,314.25,1966.49,1955.0,1028.3,3500.0,1449.8,1.0,1.0,0.524,0.65,22.5,OPPOSING_ZONE_COMPENSATE,8.524
5,Opposing Thermal Zones,0,286,2860.0,23,1,10,11,1,92.57,82.88,HEAVY,285.03,VERY HIGH,HEAVY LOAD,88.34,79.44,HEAVY,274.59,VERY HIGH,HEAVY LOAD,89.75,81.02,HEAVY,278.72,VERY HIGH,HEAVY LOAD,88.36,82.04,HEAVY,278.51,VERY HIGH,HEAVY LOAD,16.04,4.71,LIGHT,72.11,LOW,RUNNING,18.02,5.4,LIGHT,75.62,LOW,RUNNING,16.03,4.22,LIGHT,71.37,LOW,RUNNING,18.05,5.34,LIGHT,75.57,LOW,RUNNING,87.36,79.44,HEAVY,273.36,VERY HIGH,HEAVY LOAD,90.25,82.37,HEAVY,281.37,VERY HIGH,HEAVY LOAD,28.49,54.0,247.7,0.25,22.0,COOLING,0.25,22.0,COOLING,0.25,22.0,COOLING,0.25,22.0,COOLING,24.088,23.919,24.066,22.896,23.742,24.088,22.896,1.192,1116.85,147.73,146.94,554.73,85.0,850.0,935.0,85.0,187.68,253.26,312.03,275.21,-150.05,19.55,-144.3,274.8,875.0,875.0,875.0,875.0,364.48,395.54,374.67,314.74,1966.25,1955.0,1028.18,3500.0,1449.43,1.0,1.0,0.531,0.651,22.5,OPPOSING_ZONE_COMPENSATE,8.5931
5,Opposing Thermal Zones,0,287,2870.0,23,1,10,11,1,92.43,82.75,HEAVY,284.66,VERY HIGH,HEAVY LOAD,88.17,79.41,HEAVY,274.33,VERY HIGH,HEAVY LOAD,89.71,81.11,HEAVY,278.8,VERY HIGH,HEAVY LOAD,88.48,82.17,HEAVY,278.86,VERY HIGH,HEAVY LOAD,16.17,4.78,LIGHT,72.38,LOW,RUNNING,18.08,5.39,LIGHT,75.68,LOW,RUNNING,15.95,4.14,LIGHT,71.15,LOW,RUNNING,17.91,5.26,LIGHT,75.28,LOW,RUNNING,87.27,79.5,HEAVY,273.34,VERY HIGH,HEAVY LOAD,90.33,82.5,HEAVY,281.66,VERY HIGH,HEAVY LOAD,28.5,54.0,247.8,0.25,22.0,COOLING,0.25,22.0,COOLING,0.25,22.0,COOLING,0.25,22.0,COOLING,24.095,23.927,24.074,22.902,23.75,24.095,22.902,1.193,1116.65,148.06,146.43,555.0,85.0,850.0,935.0,85.0,187.78,253.37,312.15,275.37,-150.04,19.41,-144.54,275.16,875.0,875.0,875.0,875.0,364.39,395.84,374.04,315.53,1966.14,1955.0,1028.67,3500.0,1449.8,1.0,1.0,0.537,0.653,22.5,OPPOSING_ZONE_COMPENSATE,8.6624
5,Opposing Thermal Zones,0,288,2880.0,23,1,10,11,1,92.27,82.64,HEAVY,284.3,VERY HIGH,HEAVY LOAD,88.01,79.4,HEAVY,274.11,VERY HIGH,HEAVY LOAD,89.7,81.22,HEAVY,278.95,VERY HIGH,HEAVY LOAD,88.62,82.29,HEAVY,279.21,VERY HIGH,HEAVY LOAD,16.29,4.84,LIGHT,72.62,LOW,RUNNING,18.1,5.36,LIGHT,75.67,LOW,RUNNING,15.85,4.05,LIGHT,70.89,LOW,RUNNING,17.78,5.19,LIGHT,75.01,LOW,RUNNING,87.22,79.58,HEAVY,273.39,VERY HIGH,HEAVY LOAD,90.44,82.64,HEAVY,282.01,VERY HIGH,HEAVY LOAD,28.5,54.0,248.0,0.25,22.0,COOLING,0.25,22.0,COOLING,0.25,22.0,COOLING,0.25,22.0,COOLING,24.102,23.935,24.082,22.908,23.757,24.102,22.908,1.194,1116.57,148.29,145.9,555.4,85.0,850.0,935.0,85.0,187.71,253.32,312.16,275.36,-150.02,19.28,-144.78,275.52,875.0,875.0,875.0,875.0,364.26,395.89,373.28,316.28,1966.16,1955.0,1028.55,3500.0,1449.71,1.0,1.0,0.544,0.654,22.5,OPPOSING_ZONE_COMPENSATE,8.7319
5,Opposing Thermal Zones,0,289,2890.0,23,1,10,11,1,92.1,82.54,HEAVY,283.94,VERY HIGH,HEAVY LOAD,87.88,79.43,HEAVY,274.0,VERY HIGH,HEAVY LOAD,89.74,81.34,HEAVY,279.19,VERY HIGH,HEAVY LOAD,88.79,82.4,HEAVY,279.59,VERY HIGH,HEAVY LOAD,16.4,4.88,LIGHT,72.82,LOW,RUNNING,18.09,5.31,LIGHT,75.58,LOW,RUNNING,15.74,3.96,LIGHT,70.61,LOW,RUNNING,17.66,5.14,LIGHT,74.78,LOW,RUNNING,87.2,79.69,HEAVY,273.53,VERY HIGH,HEAVY LOAD,90.58,82.76,HEAVY,282.37,VERY HIGH,HEAVY LOAD,28.5,54.0,248.2,0.25,22.0,COOLING,0.25,22.0,COOLING,0.25,22.0,COOLING,0.25,22.0,COOLING,24.109,23.943,24.09,22.914,23.764,24.109,22.914,1.195,1116.72,148.4,145.39,555.9,85.0,850.0,935.0,85.0,187.64,253.27,312.16,275.35,-150.01,19.14,-145.01,275.88,875.0,875.0,875.0,875.0,364.35,395.81,372.54,317.13,1966.41,1955.0,1028.42,3500.0,1449.83,1.0,1.0,0.551,0.656,22.5,OPPOSING_ZONE_COMPENSATE,8.802
5,Opposing Thermal Zones,0,290,2900.0,23,1,10,11,1,91.92,82.46,HEAVY,283.59,VERY HIGH,HEAVY LOAD,87.79,79.48,HEAVY,273.96,VERY HIGH,HEAVY LOAD,89.81,81.48,HEAVY,279.48,VERY HIGH,HEAVY LOAD,88.97,82.49,HEAVY,279.95,VERY HIGH,HEAVY LOAD,16.49,4.9,LIGHT,72.96,LOW,RUNNING,18.05,5.25,LIGHT,75.44,LOW,RUNNING,15.61,3.87,LIGHT,70.32,LOW,RUNNING,17.56,5.11,LIGHT,74.61,LOW,RUNNING,87.22,79.81,HEAVY,273.74,VERY HIGH,HEAVY LOAD,90.75,82.88,HEAVY,282.76,VERY HIGH,HEAVY LOAD,28.51,54.0,248.3,0.25,22.0,COOLING,0.25,22.0,COOLING,0.25,22.0,COOLING,0.25,22.0,COOLING,24.116,23.951,24.098,22.92,23.771,24.116,22.92,1.196,1116.98,148.4,144.93,556.5,85.0,850.0,935.0,85.0,187.73,253.38,312.29,275.5,-150.0,18.99,-145.24,276.24,875.0,875.0,875.0,875.0,364.71,395.77,371.98,318.24,1966.81,1955.0,1028.9,3500.0,1450.7,1.0,1.0,0.557,0.657,22.5,OPPOSING_ZONE_COMPENSATE,8.8726
5,Opposing Thermal Zones,0,291,2910.0,23,1,10,11,1,91.74,82.42,HEAVY,283.31,VERY HIGH,HEAVY LOAD,87.72,79.56,HEAVY,273.99,VERY HIGH,HEAVY LOAD,89.92,81.61,HEAVY,279.81,VERY HIGH,HEAVY LOAD,89.15,82.56,HEAVY,280.28,VERY HIGH,HEAVY LOAD,16.56,4.9,LIGHT,73.05,LOW,RUNNING,17.99,5.18,LIGHT,75.26,LOW,RUNNING,15.47,3.79,LIGHT,70.02,LOW,RUNNING,17.48,5.1,LIGHT,74.5,LOW,RUNNING,87.29,79.94,HEAVY,274.02,VERY HIGH,HEAVY LOAD,90.92,82.97,HEAVY,283.11,VERY HIGH,HEAVY LOAD,28.51,54.0,248.5,0.25,22.0,COOLING,0.25,22.0,COOLING,0.25,22.0,COOLING,0.25,22.0,COOLING,24.123,23.959,24.106,22.927,23.779,24.123,22.927,1.196,1117.39,148.31,144.52,557.13,85.0,850.0,935.0,85.0,187.66,253.33,312.3,275.5,-149.98,18.85,-145.48,276.6,875.0,875.0,875.0,875.0,365.07,395.49,371.34,319.23,1967.35,1955.0,1028.79,3500.0,1451.13,1.0,1.0,0.564,0.659,22.5,OPPOSING_ZONE_COMPENSATE,8.9396
5,Opposing Thermal Zones,0,292,2920.0,23,1,10,11,1,91.58,82.4,HEAVY,283.07,VERY HIGH,HEAVY LOAD,87.7,79.67,HEAVY,274.13,VERY HIGH,HEAVY LOAD,90.05,81.74,HEAVY,280.17,VERY HIGH,HEAVY LOAD,89.32,82.59,HEAVY,280.53,VERY HIGH,HEAVY LOAD,16.59,4.88,LIGHT,73.06,LOW,RUNNING,17.9,5.09,LIGHT,75.01,LOW,RUNNING,15.34,3.72,LIGHT,69.75,LOW,RUNNING,17.43,5.11,LIGHT,74.45,LOW,RUNNING,87.39,80.08,HEAVY,274.36,VERY HIGH,HEAVY LOAD,91.1,83.04,HEAVY,283.44,VERY HIGH,HEAVY LOAD,28.51,54.0,248.7,0.25,22.0,COOLING,0.25,22.0,COOLING,0.25,22.0,COOLING,0.25,22.0,COOLING,24.13,23.967,24.114,22.934,23.786,24.13,22.934,1.196,1117.9,148.07,144.2,557.8,85.0,850.0,935.0,85.0,187.58,253.29,312.3,275.47,-149.86,18.73,-145.61,276.73,875.0,875.0,875.0,875.0,365.62,395.09,370.89,320.0,1967.97,1955.0,1028.64,3500.0,1451.6,1.0,1.0,0.572,0.661,22.5,OPPOSING_ZONE_COMPENSATE,9.0073
5,Opposing Thermal Zones,0,293,2930.0,23,1,10,11,1,91.44,82.41,HEAVY,282.92,VERY HIGH,HEAVY LOAD,87.72,79.79,HEAVY,274.33,VERY HIGH,HEAVY LOAD,90.21,81.86,HEAVY,280.55,VERY HIGH,HEAVY LOAD,89.47,82.6,HEAVY,280.74,VERY HIGH,HEAVY LOAD,16.6,4.84,LIGHT,73.01,LOW,RUNNING,17.79,5.0,LIGHT,74.74,LOW,RUNNING,15.22,3.67,LIGHT,69.53,LOW,RUNNING,17.4,5.14,LIGHT,74.46,LOW,RUNNING,87.52,80.21,HEAVY,274.71,VERY HIGH,HEAVY LOAD,91.27,83.09,HEAVY,283.72,VERY HIGH,HEAVY LOAD,28.52,54.0,248.8,0.25,22.0,COOLING,0.25,22.0,COOLING,0.25,22.0,COOLING,0.25,22.0,COOLING,24.137,23.975,24.122,22.941,23.794,24.137,22.941,1.196,1118.54,147.75,143.99,558.43,85.0,850.0,935.0,85.0,187.69,253.39,312.43,275.6,-149.73,18.61,-145.73,276.85,875.0,875.0,875.0,875.0,366.5,394.75,370.69,320.88,1968.71,1955.0,1029.11,3500.0,1452.82,1.0,1.0,0.579,0.664,22.5,OPPOSING_ZONE_COMPENSATE,9.0757
5,Opposing Thermal Zones,0,294,2940.0,23,1,10,11,1,91.33,82.45,HEAVY,282.84,VERY HIGH,HEAVY LOAD,87.77,79.92,HEAVY,274.59,VERY HIGH,HEAVY LOAD,90.39,81.95,HEAVY,280.91,VERY HIGH,HEAVY LOAD,89.61,82.58,HEAVY,280.88,VERY HIGH,HEAVY LOAD,16.58,4.78,LIGHT,72.89,LOW,RUNNING,17.67,4.91,LIGHT,74.45,LOW,RUNNING,15.11,3.62,LIGHT,69.32,LOW,RUNNING,17.41,5.18,LIGHT,74.53,LOW,RUNNING,87.67,80.33,HEAVY,275.08,VERY HIGH,HEAVY LOAD,91.44,83.1,HEAVY,283.95,VERY HIGH,HEAVY LOAD,28.52,54.0,249.0,0.25,22.0,COOLING,0.25,22.0,COOLING,0.25,22.0,COOLING,0.25,22.0,COOLING,24.144,23.983,24.13,22.948,23.801,24.144,22.948,1.196,1119.22,147.34,143.85,559.03,85.0,850.0,935.0,85.0,187.61,253.34,312.44,275.57,-149.61,18.48,-145.85,276.98,875.0,875.0,875.0,875.0,367.22,394.16,370.44,321.58,1969.44,1955.0,1028.96,3500.0,1453.4,1.0,1.0,0.586,0.666,22.5,OPPOSING_ZONE_COMPENSATE,9.1444
5,Opposing Thermal Zones,0,295,2950.0,23,1,10,11,1,91.25,82.52,HEAVY,282.84,VERY HIGH,HEAVY LOAD,87.86,80.05,HEAVY,274.9,VERY HIGH,HEAVY LOAD,90.57,82.03,HEAVY,281.26,VERY HIGH,HEAVY LOAD,89.71,82.52,HEAVY,280.92,VERY HIGH,HEAVY LOAD,16.52,4.71,LIGHT,72.72,LOW,RUNNING,17.54,4.83,LIGHT,74.17,LOW,RUNNING,15.02,3.6,LIGHT,69.17,LOW,RUNNING,17.44,5.24,LIGHT,74.66,LOW,RUNNING,87.84,80.43,HEAVY,275.44,VERY HIGH,HEAVY LOAD,91.57,83.08,HEAVY,284.08,VERY HIGH,HEAVY LOAD,28.52,54.0,249.2,0.25,22.0,COOLING,0.25,22.0,COOLING,0.25,22.0,COOLING,0.25,22.0,COOLING,24.152,23.991,24.138,22.955,23.809,24.152,22.955,1.197,1119.92,146.89,143.83,559.52,85.0,850.0,935.0,85.0,187.53,253.3,312.44,275.55,-149.48,18.35,-145.98,277.1,875.0,875.0,875.0,875.0,367.97,393.54,370.29,322.17,1970.16,1955.0,1028.82,3500.0,1453.97,1.0,1.0,0.624,0.704,22.5,OPPOSING_ZONE_COMPENSATE,9.218
5,Opposing Thermal Zones,0,296,2960.0,23,1,10,11,1,91.21,82.62,HEAVY,282.94,VERY HIGH,HEAVY LOAD,87.99,80.18,HEAVY,275.26,VERY HIGH,HEAVY LOAD,90.74,82.08,HEAVY,281.55,VERY HIGH,HEAVY LOAD,89.77,82.44,HEAVY,280.87,VERY HIGH,HEAVY LOAD,16.44,4.63,LIGHT,72.5,LOW,RUNNING,17.4,4.75,LIGHT,73.88,LOW,RUNNING,14.95,3.6,LIGHT,69.09,LOW,RUNNING,17.5,5.32,LIGHT,74.86,LOW,RUNNING,88.02,80.51,HEAVY,275.79,VERY HIGH,HEAVY LOAD,91.68,83.04,HEAVY,284.16,VERY HIGH,HEAVY LOAD,28.53,54.0,249.3,0.25,22.0,COOLING,0.25,22.0,COOLING,0.25,22.0,COOLING,0.25,22.0,COOLING,24.16,23.999,24.146,22.962,23.817,24.16,22.962,1.198,1120.62,146.38,143.95,559.95,85.0,850.0,935.0,85.0,187.62,253.4,312.57,275.67,-149.59,18.34,-146.09,277.34,875.0,875.0,875.0,875.0,368.65,393.12,370.43,322.96,1970.9,1955.0,1029.26,3500.0,1455.16,1.0,1.0,0.596,0.677,22.5,OPPOSING_ZONE_COMPENSATE,9.2938
5,Opposing Thermal Zones,0,297,2970.0,23,1,10,11,1,91.2,82.73,HEAVY,283.1,VERY HIGH,HEAVY LOAD,88.14,80.3,HEAVY,275.62,VERY HIGH,HEAVY LOAD,90.91,82.1,HEAVY,281.79,VERY HIGH,HEAVY LOAD,89.8,82.34,HEAVY,280.76,VERY HIGH,HEAVY LOAD,16.34,4.54,LIGHT,72.23,LOW,RUNNING,17.27,4.69,LIGHT,73.62,LOW,RUNNING,14.91,3.62,LIGHT,69.07,LOW,RUNNING,17.59,5.4,LIGHT,75.09,LOW,RUNNING,88.2,80.57,HEAVY,276.11,VERY HIGH,HEAVY LOAD,91.76,82.97,HEAVY,284.16,VERY HIGH,HEAVY LOAD,28.53,54.0,249.5,0.25,22.0,COOLING,0.25,22.0,COOLING,0.25,22.0,COOLING,0.25,22.0,COOLING,24.168,24.007,24.154,22.969,23.825,24.168,22.969,1.199,1121.27,145.85,144.16,560.27,85.0,850.0,935.0,85.0,187.52,253.36,312.57,275.65,-149.7,18.33,-146.2,277.58,875.0,875.0,875.0,875.0,369.09,392.54,370.53,323.5,1971.55,1955.0,1029.1,3500.0,1455.66,1.0,1.0,0.602,0.683,22.5,OPPOSING_ZONE_COMPENSATE,9.3691
5,Opposing Thermal Zones,0,298,2980.0,23,1,10,11,1,91.24,82.86,HEAVY,283.34,VERY HIGH,HEAVY LOAD,88.31,80.41,HEAVY,276.0,VERY HIGH,HEAVY LOAD,91.05,82.09,HEAVY,281.95,VERY HIGH,HEAVY LOAD,89.79,82.23,HEAVY,280.58,VERY HIGH,HEAVY LOAD,16.23,4.45,LIGHT,71.96,LOW,RUNNING,17.15,4.64,LIGHT,73.4,LOW,RUNNING,14.9,3.66,LIGHT,69.11,LOW,RUNNING,17.7,5.49,LIGHT,75.36,LOW,RUNNING,88.36,80.6,HEAVY,276.35,VERY HIGH,HEAVY LOAD,91.8,82.87,HEAVY,284.06,VERY HIGH,HEAVY LOAD,28.53,54.0,249.7,0.25,22.0,COOLING,0.25,22.0,COOLING,0.25,22.0,COOLING,0.25,22.0,COOLING,24.176,24.015,24.162,22.976,23.832,24.176,22.976,1.2,1121.87,145.36,144.47,560.41,85.0,850.0,935.0,85.0,187.42,253.3,312.57,275.62,-149.81,18.31,-146.31,277.81,875.0,875.0,875.0,875.0,369.48,391.97,370.73,323.84,1972.11,1955.0,1028.91,3500.0,1456.02,1.0,1.0,0.643,0.723,22.5,OPPOSING_ZONE_COMPENSATE,9.4437
5,Opposing Thermal Zones,0,299,2990.0,23,1,10,11,1,91.32,82.99,HEAVY,283.63,VERY HIGH,HEAVY LOAD,88.48,80.5,HEAVY,276.35,VERY HIGH,HEAVY LOAD,91.16,82.05,HEAVY,282.02,VERY HIGH,HEAVY LOAD,89.73,82.1,HEAVY,280.31,VERY HIGH,HEAVY LOAD,16.1,4.37,LIGHT,71.68,LOW,RUNNING,17.05,4.61,LIGHT,73.23,LOW,RUNNING,14.92,3.71,LIGHT,69.22,LOW,RUNNING,17.82,5.58,LIGHT,75.65,LOW,RUNNING,88.51,80.6,HEAVY,276.54,VERY HIGH,HEAVY LOAD,91.79,82.76,HEAVY,283.88,VERY HIGH,HEAVY LOAD,28.54,54.0,249.8,0.25,22.0,COOLING,0.25,22.0,COOLING,0.25,22.0,COOLING,0.25,22.0,COOLING,24.184,24.023,24.17,22.983,23.84,24.184,22.983,1.201,1122.31,144.91,144.87,560.42,85.0,850.0,935.0,85.0,187.5,253.41,312.7,275.75,-149.92,18.29,-146.42,278.04,875.0,875.0,875.0,875.0,369.89,391.61,371.15,324.21,1972.51,1955.0,1029.36,3500.0,1456.86,1.0,1.0,0.611,0.691,22.5,OPPOSING_ZONE_COMPENSATE,9.5213
5,Opposing Thermal Zones,0,300,3000.0,23,1,10,11,1,91.43,83.12,HEAVY,283.97,VERY HIGH,HEAVY LOAD,88.66,80.56,HEAVY,276.66,VERY HIGH,HEAVY LOAD,91.25,81.98,HEAVY,282.03,VERY HIGH,HEAVY LOAD,89.64,81.96,HEAVY,279.99,VERY HIGH,HEAVY LOAD,15.96,4.29,LIGHT,71.39,LOW,RUNNING,16.98,4.6,LIGHT,73.12,LOW,RUNNING,14.97,3.78,LIGHT,69.38,LOW,RUNNING,17.95,5.66,LIGHT,75.93,LOW,RUNNING,88.64,80.56,HEAVY,276.64,VERY HIGH,HEAVY LOAD,91.75,82.63,HEAVY,283.63,VERY HIGH,HEAVY LOAD,28.54,54.0,250.0,0.25,22.0,COOLING,0.25,22.0,COOLING,0.25,22.0,COOLING,0.25,22.0,COOLING,24.192,24.031,24.178,22.99,23.848,24.192,22.99,1.202,1122.65,144.51,145.31,560.27,85.0,850.0,935.0,85.0,187.4,253.37,312.7,275.73,-150.03,18.28,-146.53,278.28,875.0,875.0,875.0,875.0,370.02,391.16,371.48,324.28,1972.74,1955.0,1029.2,3500.0,1456.94,1.0,1.0,0.616,0.696,22.5,OPPOSING_ZONE_COMPENSATE,9.598
5,Opposing Thermal Zones,0,301,3010.0,23,1,10,11,1,91.57,83.25,HEAVY,284.34,VERY HIGH,HEAVY LOAD,88.83,80.59,HEAVY,276.92,VERY HIGH,HEAVY LOAD,91.29,81.89,HEAVY,281.95,VERY HIGH,HEAVY LOAD,89.52,81.83,HEAVY,279.64,VERY HIGH,HEAVY LOAD,15.83,4.22,LIGHT,71.12,LOW,RUNNING,16.92,4.61,LIGHT,73.07,LOW,RUNNING,15.05,3.86,LIGHT,69.6,LOW,RUNNING,18.09,5.74,LIGHT,76.22,LOW,RUNNING,88.73,80.5,HEAVY,276.66,VERY HIGH,HEAVY LOAD,91.67,82.5,HEAVY,283.34,VERY HIGH,HEAVY LOAD,28.55,54.0,250.2,0.25,22.0,COOLING,0.25,22.0,COOLING,0.25,22.0,COOLING,0.25,22.0,COOLING,24.2,24.039,24.186,22.997,23.855,24.2,22.997,1.203,1122.85,144.19,145.82,560.0,85.0,850.0,935.0,85.0,187.53,253.54,312.92,275.92,-150.14,18.27,-146.64,278.52,875.0,875.0,875.0,875.0,370.24,391.0,372.1,324.44,1972.86,1955.0,1029.91,3500.0,1457.78,1.0,1.0,0.621,0.701,22.5,OPPOSING_ZONE_COMPENSATE,9.6754
5,Opposing Thermal Zones,0,302,3020.0,23,1,10,11,1,91.73,83.36,HEAVY,284.7,VERY HIGH,HEAVY LOAD,88.99,80.6,HEAVY,277.14,VERY HIGH,HEAVY LOAD,91.3,81.78,HEAVY,281.8,VERY HIGH,HEAVY LOAD,89.38,81.71,HEAVY,279.29,VERY HIGH,HEAVY LOAD,15.71,4.16,LIGHT,70.88,LOW,RUNNING,16.9,4.64,LIGHT,73.08,LOW,RUNNING,15.15,3.95,LIGHT,69.86,LOW,RUNNING,18.22,5.81,LIGHT,76.49,LOW,RUNNING,88.78,80.42,HEAVY,276.61,VERY HIGH,HEAVY LOAD,91.56,82.36,HEAVY,282.99,VERY HIGH,HEAVY LOAD,28.55,54.0,250.3,0.25,22.0,COOLING,0.25,22.0,COOLING,0.25,22.0,COOLING,0.25,22.0,COOLING,24.208,24.047,24.194,23.004,23.863,24.208,23.004,1.204,1122.93,143.96,146.35,559.6,85.0,850.0,935.0,85.0,187.39,253.43,312.84,275.83,-150.25,18.25,-146.75,278.75,875.0,875.0,875.0,875.0,370.07,390.64,372.44,324.18,1972.84,1955.0,1029.49,3500.0,1457.33,1.0,1.0,0.626,0.706,22.5,OPPOSING_ZONE_COMPENSATE,9.7528
5,Opposing Thermal Zones,0,303,3030.0,23,1,10,11,1,91.9,83.46,HEAVY,285.06,VERY HIGH,HEAVY LOAD,89.12,80.57,HEAVY,277.25,VERY HIGH,HEAVY LOAD,91.26,81.66,HEAVY,281.56,VERY HIGH,HEAVY LOAD,89.21,81.6,HEAVY,278.91,VERY HIGH,HEAVY LOAD,15.6,4.12,LIGHT,70.68,LOW,RUNNING,16.91,4.69,LIGHT,73.17,LOW,RUNNING,15.26,4.04,LIGHT,70.14,LOW,RUNNING,18.34,5.86,LIGHT,76.72,LOW,RUNNING,88.8,80.31,HEAVY,276.47,VERY HIGH,HEAVY LOAD,91.42,82.24,HEAVY,282.63,VERY HIGH,HEAVY LOAD,28.55,54.0,250.5,0.25,22.0,COOLING,0.25,22.0,COOLING,0.25,22.0,COOLING,0.25,22.0,COOLING,24.216,24.055,24.202,23.011,23.871,24.216,23.011,1.205,1122.78,143.85,146.86,559.1,85.0,850.0,935.0,85.0,187.29,253.37,312.84,275.8,-150.36,18.23,-146.86,278.98,875.0,875.0,875.0,875.0,369.71,390.45,372.84,323.88,1972.59,1955.0,1029.3,3500.0,1456.88,1.0,1.0,0.68,0.759,22.5,MAX_UNIFORM_COOL,9.8289
5,Opposing Thermal Zones,0,304,3040.0,23,1,10,11,1,92.08,83.54,HEAVY,285.41,VERY HIGH,HEAVY LOAD,89.21,80.52,HEAVY,277.29,VERY HIGH,HEAVY LOAD,91.19,81.52,HEAVY,281.27,VERY HIGH,HEAVY LOAD,89.03,81.51,HEAVY,278.55,VERY HIGH,HEAVY LOAD,15.51,4.1,LIGHT,70.54,LOW,RUNNING,16.95,4.75,LIGHT,73.31,LOW,RUNNING,15.39,4.13,LIGHT,70.43,LOW,RUNNING,18.44,5.89,LIGHT,76.88,LOW,RUNNING,88.78,80.19,HEAVY,276.26,VERY HIGH,HEAVY LOAD,91.25,82.12,HEAVY,282.24,VERY HIGH,HEAVY LOAD,28.56,54.0,250.7,0.25,22.0,COOLING,0.25,22.0,COOLING,0.25,22.0,COOLING,0.25,22.0,COOLING,24.224,24.063,24.21,23.018,23.879,24.224,23.018,1.206,1122.52,143.85,147.31,558.5,85.0,850.0,935.0,85.0,187.41,253.55,313.06,275.99,-150.47,18.22,-146.97,279.22,875.0,875.0,875.0,875.0,369.46,390.62,373.4,323.71,1972.18,1955.0,1030.01,3500.0,1457.19,1.0,1.0,0.688,0.767,22.5,MAX_UNIFORM_COOL,9.9073
5,Opposing Thermal Zones,0,305,3050.0,23,1,10,11,1,92.26,83.58,HEAVY,285.7,VERY HIGH,HEAVY LOAD,89.28,80.44,HEAVY,277.26,VERY HIGH,HEAVY LOAD,91.08,81.39,HEAVY,280.94,VERY HIGH,HEAVY LOAD,88.85,81.44,HEAVY,278.22,VERY HIGH,HEAVY LOAD,15.44,4.1,LIGHT,70.45,LOW,RUNNING,17.01,4.82,LIGHT,73.49,LOW,RUNNING,15.53,4.21,LIGHT,70.73,LOW,RUNNING,18.52,5.9,LIGHT,77.0,LOW,RUNNING,88.71,80.06,HEAVY,275.98,VERY HIGH,HEAVY LOAD,91.08,82.03,HEAVY,281.89,VERY HIGH,HEAVY LOAD,28.56,54.0,250.8,0.25,22.0,COOLING,0.25,22.0,COOLING,0.25,22.0,COOLING,0.25,22.0,COOLING,24.232,24.071,24.218,23.025,23.886,24.232,23.025,1.207,1122.12,143.94,147.73,557.87,85.0,850.0,935.0,85.0,187.27,253.44,312.97,275.9,-150.58,18.21,-147.08,279.45,875.0,875.0,875.0,875.0,368.81,390.59,373.62,323.22,1971.66,1955.0,1029.58,3500.0,1456.24,1.0,1.0,0.643,0.721,22.5,OPPOSING_ZONE_COMPENSATE,9.9878
5,Opposing Thermal Zones,0,306,3060.0,23,1,10,11,1,92.42,83.6,HEAVY,285.93,VERY HIGH,HEAVY LOAD,89.3,80.33,HEAVY,277.12,VERY HIGH,HEAVY LOAD,90.95,81.26,HEAVY,280.58,VERY HIGH,HEAVY LOAD,88.68,81.41,HEAVY,277.97,VERY HIGH,HEAVY LOAD,15.41,4.12,LIGHT,70.44,LOW,RUNNING,17.1,4.91,LIGHT,73.74,LOW,RUNNING,15.66,4.28,LIGHT,71.0,LOW,RUNNING,18.57,5.89,LIGHT,77.05,LOW,RUNNING,88.61,79.92,HEAVY,275.64,VERY HIGH,HEAVY LOAD,90.9,81.96,HEAVY,281.56,VERY HIGH,HEAVY LOAD,28.56,54.0,251.0,0.25,22.0,COOLING,0.25,22.0,COOLING,0.25,22.0,COOLING,0.25,22.0,COOLING,24.24,24.079,24.226,23.032,23.894,24.24,23.032,1.208,1121.6,144.18,148.05,557.2,85.0,850.0,935.0,85.0,187.17,253.39,312.97,275.88,-150.69,18.19,-147.19,279.69,875.0,875.0,875.0,875.0,368.08,390.76,373.83,322.77,1971.03,1955.0,1029.41,3500.0,1455.44,1.0,1.0,0.648,0.726,22.5,OPPOSING_ZONE_COMPENSATE,10.0667
5,Opposing Thermal Zones,0,307,3070.0,23,1,10,11,1,92.56,83.59,HEAVY,286.09,VERY HIGH,HEAVY LOAD,89.28,80.21,HEAVY,276.92,VERY HIGH,HEAVY LOAD,90.79,81.14,HEAVY,280.2,VERY HIGH,HEAVY LOAD,88.53,81.4,HEAVY,277.76,VERY HIGH,HEAVY LOAD,15.4,4.16,LIGHT,70.49,LOW,RUNNING,17.21,5.0,LIGHT,74.01,LOW,RUNNING,15.78,4.33,LIGHT,71.22,LOW,RUNNING,18.6,5.86,LIGHT,77.04,LOW,RUNNING,88.48,79.79,HEAVY,275.29,VERY HIGH,HEAVY LOAD,90.73,81.91,HEAVY,281.28,VERY HIGH,HEAVY LOAD,28.57,54.0,251.2,0.25,22.0,COOLING,0.25,22.0,COOLING,0.25,22.0,COOLING,0.25,22.0,COOLING,24.247,24.087,24.234,23.039,23.902,24.247,23.039,1.208,1120.97,144.5,148.26,556.57,85.0,850.0,935.0,85.0,187.3,253.56,313.2,276.07,-150.8,18.17,-147.3,279.92,875.0,875.0,875.0,875.0,367.47,391.23,374.16,322.56,1970.3,1955.0,1030.13,3500.0,1455.42,1.0,1.0,0.656,0.727,22.5,OPPOSING_ZONE_COMPENSATE,10.1407
5,Opposing Thermal Zones,0,308,3080.0,23,1,10,11,1,92.67,83.55,HEAVY,286.16,VERY HIGH,HEAVY LOAD,89.23,80.08,HEAVY,276.66,VERY HIGH,HEAVY LOAD,90.61,81.05,HEAVY,279.84,VERY HIGH,HEAVY LOAD,88.39,81.42,HEAVY,277.62,VERY HIGH,HEAVY LOAD,15.42,4.22,LIGHT,70.61,LOW,RUNNING,17.33,5.09,LIGHT,74.3,LOW,RUNNING,15.89,4.38,LIGHT,71.43,LOW,RUNNING,18.59,5.82,LIGHT,76.97,LOW,RUNNING,88.33,79.67,HEAVY,274.92,VERY HIGH,HEAVY LOAD,90.56,81.9,HEAVY,281.05,VERY HIGH,HEAVY LOAD,28.57,54.0,251.3,0.25,22.0,COOLING,0.25,22.0,COOLING,0.25,22.0,COOLING,0.25,22.0,COOLING,24.254,24.095,24.242,23.046,23.909,24.254,23.046,1.208,1120.28,144.91,148.4,555.97,85.0,850.0,935.0,85.0,187.18,253.44,313.11,275.98,-150.67,18.05,-147.43,280.05,875.0,875.0,875.0,875.0,366.79,391.4,374.08,322.0,1969.56,1955.0,1029.71,3500.0,1454.27,1.0,1.0,0.664,0.729,22.5,OPPOSING_ZONE_COMPENSATE,10.2148
5,Opposing Thermal Zones,0,309,3090.0,23,1,10,11,1,92.75,83.48,HEAVY,286.16,VERY HIGH,HEAVY LOAD,89.14,79.95,HEAVY,276.35,VERY HIGH,HEAVY LOAD,90.43,80.97,HEAVY,279.49,VERY HIGH,HEAVY LOAD,88.29,81.48,HEAVY,277.58,VERY HIGH,HEAVY LOAD,15.48,4.29,LIGHT,70.78,LOW,RUNNING,17.46,5.17,LIGHT,74.58,LOW,RUNNING,15.98,4.4,LIGHT,71.57,LOW,RUNNING,18.56,5.76,LIGHT,76.84,LOW,RUNNING,88.16,79.57,HEAVY,274.55,VERY HIGH,HEAVY LOAD,90.43,81.92,HEAVY,280.92,VERY HIGH,HEAVY LOAD,28.57,54.0,251.5,0.25,22.0,COOLING,0.25,22.0,COOLING,0.25,22.0,COOLING,0.25,22.0,COOLING,24.261,24.103,24.25,23.053,23.917,24.261,23.053,1.208,1119.58,145.36,148.41,555.47,85.0,850.0,935.0,85.0,187.1,253.4,313.11,275.96,-150.55,17.93,-147.55,280.18,875.0,875.0,875.0,875.0,366.13,391.69,373.97,321.61,1968.82,1955.0,1029.57,3500.0,1453.4,1.0,1.0,0.672,0.731,22.5,OPPOSING_ZONE_COMPENSATE,10.2893
5,Opposing Thermal Zones,0,310,3100.0,23,1,10,11,1,92.79,83.38,HEAVY,286.06,VERY HIGH,HEAVY LOAD,89.01,79.82,HEAVY,275.99,VERY HIGH,HEAVY LOAD,90.26,80.92,HEAVY,279.2,VERY HIGH,HEAVY LOAD,88.23,81.56,HEAVY,277.63,VERY HIGH,HEAVY LOAD,15.56,4.37,LIGHT,71.01,LOW,RUNNING,17.6,5.25,LIGHT,74.88,LOW,RUNNING,16.05,4.4,LIGHT,71.66,LOW,RUNNING,18.5,5.68,LIGHT,76.64,LOW,RUNNING,87.98,79.49,HEAVY,274.21,VERY HIGH,HEAVY LOAD,90.32,81.96,HEAVY,280.84,VERY HIGH,HEAVY LOAD,28.58,54.0,251.7,0.25,22.0,COOLING,0.25,22.0,COOLING,0.25,22.0,COOLING,0.25,22.0,COOLING,24.268,24.111,24.258,23.06,23.924,24.268,23.06,1.208,1118.88,145.89,148.3,555.05,85.0,850.0,935.0,85.0,187.25,253.57,313.33,276.14,-150.42,17.8,-147.67,280.3,875.0,875.0,875.0,875.0,365.71,392.26,373.96,321.49,1968.12,1955.0,1030.29,3500.0,1453.42,1.0,1.0,0.68,0.732,22.5,MAX_UNIFORM_COOL,10.3644
5,Opposing Thermal Zones,0,311,3110.0,23,1,10,11,1,92.8,83.27,HEAVY,285.9,VERY HIGH,HEAVY LOAD,88.86,79.7,HEAVY,275.62,VERY HIGH,HEAVY LOAD,90.09,80.9,HEAVY,278.96,VERY HIGH,HEAVY LOAD,88.2,81.66,HEAVY,277.74,VERY HIGH,HEAVY LOAD,15.66,4.46,LIGHT,71.27,LOW,RUNNING,17.73,5.31,LIGHT,75.13,LOW,RUNNING,16.09,4.38,LIGHT,71.68,LOW,RUNNING,18.41,5.6,LIGHT,76.41,LOW,RUNNING,87.8,79.43,HEAVY,273.9,VERY HIGH,HEAVY LOAD,90.24,82.03,HEAVY,280.85,VERY HIGH,HEAVY LOAD,28.58,54.0,251.8,0.25,22.0,COOLING,0.25,22.0,COOLING,0.25,22.0,COOLING,0.25,22.0,COOLING,24.275,24.119,24.266,23.067,23.932,24.275,23.067,1.208,1118.22,146.4,148.09,554.75,85.0,850.0,935.0,85.0,187.13,253.46,313.24,276.06,-150.3,17.67,-147.8,280.43,875.0,875.0,875.0,875.0,365.05,392.53,373.53,321.24,1967.46,1955.0,1029.89,3500.0,1452.35,1.0,1.0,0.743,0.79,22.5,MAX_UNIFORM_COOL,10.4362
5,Opposing Thermal Zones,0,312,3120.0,23,1,10,11,1,92.76,83.14,HEAVY,285.66,VERY HIGH,HEAVY LOAD,88.69,79.59,HEAVY,275.25,VERY HIGH,HEAVY LOAD,89.95,80.91,HEAVY,278.8,VERY HIGH,HEAVY LOAD,88.21,81.77,HEAVY,277.92,VERY HIGH,HEAVY LOAD,15.77,4.55,LIGHT,71.54,LOW,RUNNING,17.85,5.36,LIGHT,75.35,LOW,RUNNING,16.1,4.34,LIGHT,71.64,LOW,RUNNING,18.3,5.51,LIGHT,76.14,LOW,RUNNING,87.64,79.4,HEAVY,273.65,VERY HIGH,HEAVY LOAD,90.2,82.13,HEAVY,280.94,VERY HIGH,HEAVY LOAD,28.58,54.0,252.0,0.25,22.0,COOLING,0.25,22.0,COOLING,0.25,22.0,COOLING,0.25,22.0,COOLING,24.282,24.127,24.274,23.074,23.939,24.282,23.074,1.208,1117.63,146.89,147.78,554.59,85.0,850.0,935.0,85.0,187.06,253.41,313.25,276.03,-150.17,17.55,-147.92,280.55,875.0,875.0,875.0,875.0,364.52,392.85,373.11,321.17,1966.89,1955.0,1029.75,3500.0,1451.65,1.0,1.0,0.764,0.808,22.5,MAX_UNIFORM_COOL,10.5126
5,Opposing Thermal Zones,0,313,3130.0,23,1,10,11,1,92.68,83.01,HEAVY,285.37,VERY HIGH,HEAVY LOAD,88.52,79.5,HEAVY,274.9,VERY HIGH,HEAVY LOAD,89.84,80.95,HEAVY,278.73,VERY HIGH,HEAVY LOAD,88.27,81.9,HEAVY,278.19,VERY HIGH,HEAVY LOAD,15.9,4.63,LIGHT,71.82,LOW,RUNNING,17.95,5.39,LIGHT,75.52,LOW,RUNNING,16.08,4.29,LIGHT,71.53,LOW,RUNNING,18.18,5.42,LIGHT,75.85,LOW,RUNNING,87.49,79.4,HEAVY,273.46,VERY HIGH,HEAVY LOAD,90.21,82.24,HEAVY,281.12,VERY HIGH,HEAVY LOAD,28.59,54.0,252.2,0.25,22.0,COOLING,0.25,22.0,COOLING,0.25,22.0,COOLING,0.25,22.0,COOLING,24.289,24.135,24.282,23.081,23.947,24.289,23.081,1.208,1117.19,147.34,147.38,554.58,85.0,850.0,935.0,85.0,187.2,253.57,313.46,276.21,-150.05,17.43,-148.05,280.67,875.0,875.0,875.0,875.0,364.34,393.34,372.79,321.46,1966.49,1955.0,1030.44,3500.0,1451.93,1.0,1.0,0.766,0.801,22.5,MAX_UNIFORM_COOL,10.5871
5,Opposing Thermal Zones,0,314,3140.0,23,1,10,11,1,92.57,82.88,HEAVY,285.03,VERY HIGH,HEAVY LOAD,88.34,79.44,HEAVY,274.59,VERY HIGH,HEAVY LOAD,89.75,81.02,HEAVY,278.72,VERY HIGH,HEAVY LOAD,88.36,82.04,HEAVY,278.51,VERY HIGH,HEAVY LOAD,16.04,4.71,LIGHT,72.11,LOW,RUNNING,18.02,5.4,LIGHT,75.62,LOW,RUNNING,16.03,4.22,LIGHT,71.37,LOW,RUNNING,18.05,5.34,LIGHT,75.57,LOW,RUNNING,87.36,79.44,HEAVY,273.36,VERY HIGH,HEAVY LOAD,90.25,82.37,HEAVY,281.37,VERY HIGH,HEAVY LOAD,28.59,54.0,252.3,0.25,22.0,COOLING,0.25,22.0,COOLING,0.25,22.0,COOLING,0.25,22.0,COOLING,24.296,24.143,24.29,23.088,23.954,24.296,23.088,1.208,1116.85,147.73,146.94,554.73,85.0,850.0,935.0,85.0,187.08,253.47,313.38,276.13,-149.93,17.3,-148.17,280.8,875.0,875.0,875.0,875.0,364.0,393.5,372.15,321.66,1966.25,1955.0,1030.06,3500.0,1451.31,1.0,1.0,0.778,0.808,22.5,MAX_UNIFORM_COOL,10.6628
5,Opposing Thermal Zones,0,315,3150.0,23,1,10,11,1,92.43,82.75,HEAVY,284.66,VERY HIGH,HEAVY LOAD,88.17,79.41,HEAVY,274.33,VERY HIGH,HEAVY LOAD,89.71,81.11,HEAVY,278.8,VERY HIGH,HEAVY LOAD,88.48,82.17,HEAVY,278.86,VERY HIGH,HEAVY LOAD,16.17,4.78,LIGHT,72.38,LOW,RUNNING,18.08,5.39,LIGHT,75.68,LOW,RUNNING,15.95,4.14,LIGHT,71.15,LOW,RUNNING,17.91,5.26,LIGHT,75.28,LOW,RUNNING,87.27,79.5,HEAVY,273.34,VERY HIGH,HEAVY LOAD,90.33,82.5,HEAVY,281.66,VERY HIGH,HEAVY LOAD,28.59,54.0,252.5,0.25,22.0,COOLING,0.25,22.0,COOLING,0.25,22.0,COOLING,0.25,22.0,COOLING,24.303,24.151,24.298,23.095,23.962,24.303,23.095,1.208,1116.65,148.06,146.43,555.0,85.0,850.0,935.0,85.0,187.01,253.42,313.39,276.1,-149.8,17.17,-148.3,280.92,875.0,875.0,875.0,875.0,363.86,393.65,371.52,322.02,1966.14,1955.0,1029.92,3500.0,1451.05,1.0,1.0,0.714,0.738,22.5,MAX_UNIFORM_COOL,10.7436
5,Opposing Thermal Zones,0,316,3160.0,23,1,10,11,1,92.27,82.64,HEAVY,284.3,VERY HIGH,HEAVY LOAD,88.01,79.4,HEAVY,274.11,VERY HIGH,HEAVY LOAD,89.7,81.22,HEAVY,278.95,VERY HIGH,HEAVY LOAD,88.62,82.29,HEAVY,279.21,VERY HIGH,HEAVY LOAD,16.29,4.84,LIGHT,72.62,LOW,RUNNING,18.1,5.36,LIGHT,75.67,LOW,RUNNING,15.85,4.05,LIGHT,70.89,LOW,RUNNING,17.78,5.19,LIGHT,75.01,LOW,RUNNING,87.22,79.58,HEAVY,273.39,VERY HIGH,HEAVY LOAD,90.44,82.64,HEAVY,282.01,VERY HIGH,HEAVY LOAD,28.6,54.0,252.7,0.25,22.0,COOLING,0.25,22.0,COOLING,0.25,22.0,COOLING,0.25,22.0,COOLING,24.31,24.159,24.306,23.102,23.969,24.31,23.102,1.208,1116.57,148.29,145.9,555.4,85.0,850.0,935.0,85.0,187.15,253.59,313.6,276.3,-149.68,17.05,-148.42,281.05,875.0,875.0,875.0,875.0,364.04,393.93,371.08,322.75,1966.16,1955.0,1030.64,3500.0,1451.8,1.0,1.0,0.722,0.74,22.5,MAX_UNIFORM_COOL,10.8206
5,Opposing Thermal Zones,0,317,3170.0,23,1,10,11,1,92.1,82.54,HEAVY,283.94,VERY HIGH,HEAVY LOAD,87.88,79.43,HEAVY,274.0,VERY HIGH,HEAVY LOAD,89.74,81.34,HEAVY,279.19,VERY HIGH,HEAVY LOAD,88.79,82.4,HEAVY,279.59,VERY HIGH,HEAVY LOAD,16.4,4.88,LIGHT,72.82,LOW,RUNNING,18.09,5.31,LIGHT,75.58,LOW,RUNNING,15.74,3.96,LIGHT,70.61,LOW,RUNNING,17.66,5.14,LIGHT,74.78,LOW,RUNNING,87.2,79.69,HEAVY,273.53,VERY HIGH,HEAVY LOAD,90.58,82.76,HEAVY,282.37,VERY HIGH,HEAVY LOAD,28.6,54.0,252.8,0.25,22.0,COOLING,0.25,22.0,COOLING,0.25,22.0,COOLING,0.25,22.0,COOLING,24.317,24.167,24.314,23.109,23.977,24.317,23.109,1.208,1116.72,148.4,145.39,555.9,85.0,850.0,935.0,85.0,187.04,253.48,313.52,276.21,-149.55,16.93,-148.55,281.17,875.0,875.0,875.0,875.0,364.21,393.81,370.36,323.28,1966.41,1955.0,1030.25,3500.0,1451.66,1.0,1.0,0.729,0.742,22.5,MAX_UNIFORM_COOL,10.8977
5,Opposing Thermal Zones,0,318,3180.0,23,1,10,11,1,91.92,82.46,HEAVY,283.59,VERY HIGH,HEAVY LOAD,87.79,79.48,HEAVY,273.96,VERY HIGH,HEAVY LOAD,89.81,81.48,HEAVY,279.48,VERY HIGH,HEAVY LOAD,88.97,82.49,HEAVY,279.95,VERY HIGH,HEAVY LOAD,16.49,4.9,LIGHT,72.96,LOW,RUNNING,18.05,5.25,LIGHT,75.44,LOW,RUNNING,15.61,3.87,LIGHT,70.32,LOW,RUNNING,17.56,5.11,LIGHT,74.61,LOW,RUNNING,87.22,79.81,HEAVY,273.74,VERY HIGH,HEAVY LOAD,90.75,82.88,HEAVY,282.76,VERY HIGH,HEAVY LOAD,28.6,54.0,253.0,0.25,22.0,COOLING,0.25,22.0,COOLING,0.25,22.0,COOLING,0.25,22.0,COOLING,24.324,24.175,24.322,23.116,23.984,24.324,23.116,1.208,1116.98,148.4,144.93,556.5,85.0,850.0,935.0,85.0,186.96,253.43,313.53,276.18,-149.42,16.8,-148.67,281.3,875.0,875.0,875.0,875.0,364.52,393.63,369.79,323.98,1966.81,1955.0,1030.1,3500.0,1451.92,1.0,1.0,0.816,0.824,22.5,MAX_UNIFORM_COOL,10.97
5,Opposing Thermal Zones,0,319,3190.0,23,1,10,11,1,91.74,82.42,HEAVY,283.31,VERY HIGH,HEAVY LOAD,87.72,79.56,HEAVY,273.99,VERY HIGH,HEAVY LOAD,89.92,81.61,HEAVY,279.81,VERY HIGH,HEAVY LOAD,89.15,82.56,HEAVY,280.28,VERY HIGH,HEAVY LOAD,16.56,4.9,LIGHT,73.05,LOW,RUNNING,17.99,5.18,LIGHT,75.26,LOW,RUNNING,15.47,3.79,LIGHT,70.02,LOW,RUNNING,17.48,5.1,LIGHT,74.5,LOW,RUNNING,87.29,79.94,HEAVY,274.02,VERY HIGH,HEAVY LOAD,90.92,82.97,HEAVY,283.11,VERY HIGH,HEAVY LOAD,28.61,54.0,253.2,0.25,22.0,COOLING,0.25,22.0,COOLING,0.25,22.0,COOLING,0.25,22.0,COOLING,24.331,24.183,24.33,23.123,23.992,24.331,23.123,1.208,1117.39,148.31,144.52,557.13,85.0,850.0,935.0,85.0,187.1,253.6,313.74,276.37,-149.3,16.67,-148.8,281.43,875.0,875.0,875.0,875.0,365.19,393.58,369.46,324.93,1967.35,1955.0,1030.81,3500.0,1453.16,1.0,1.0,0.744,0.747,22.5,MAX_UNIFORM_COOL,11.0537
5,Opposing Thermal Zones,0,320,3200.0,23,1,10,11,1,91.58,82.4,HEAVY,283.07,VERY HIGH,HEAVY LOAD,87.7,79.67,HEAVY,274.13,VERY HIGH,HEAVY LOAD,90.05,81.74,HEAVY,280.17,VERY HIGH,HEAVY LOAD,89.32,82.59,HEAVY,280.53,VERY HIGH,HEAVY LOAD,16.59,4.88,LIGHT,73.06,LOW,RUNNING,17.9,5.09,LIGHT,75.01,LOW,RUNNING,15.34,3.72,LIGHT,69.75,LOW,RUNNING,17.43,5.11,LIGHT,74.45,LOW,RUNNING,87.39,80.08,HEAVY,274.36,VERY HIGH,HEAVY LOAD,91.1,83.04,HEAVY,283.44,VERY HIGH,HEAVY LOAD,28.61,54.0,253.3,0.25,22.0,COOLING,0.25,22.0,COOLING,0.25,22.0,COOLING,0.25,22.0,COOLING,24.338,24.191,24.338,23.13,23.999,24.338,23.13,1.208,1117.9,148.07,144.2,557.8,85.0,850.0,935.0,85.0,186.99,253.49,313.66,276.28,-149.17,16.55,-148.92,281.55,875.0,875.0,875.0,875.0,365.72,393.11,368.94,325.63,1967.97,1955.0,1030.42,3500.0,1453.4,1.0,1.0,0.838,0.835,22.5,MAX_UNIFORM_COOL,11.1263
5,Opposing Thermal Zones,0,321,3210.0,23,1,10,11,1,91.44,82.41,HEAVY,282.92,VERY HIGH,HEAVY LOAD,87.72,79.79,HEAVY,274.33,VERY HIGH,HEAVY LOAD,90.21,81.86,HEAVY,280.55,VERY HIGH,HEAVY LOAD,89.47,82.6,HEAVY,280.74,VERY HIGH,HEAVY LOAD,16.6,4.84,LIGHT,73.01,LOW,RUNNING,17.79,5.0,LIGHT,74.74,LOW,RUNNING,15.22,3.67,LIGHT,69.53,LOW,RUNNING,17.4,5.14,LIGHT,74.46,LOW,RUNNING,87.52,80.21,HEAVY,274.71,VERY HIGH,HEAVY LOAD,91.27,83.09,HEAVY,283.72,VERY HIGH,HEAVY LOAD,28.61,54.0,253.5,0.25,22.0,COOLING,0.25,22.0,COOLING,0.25,22.0,COOLING,0.25,22.0,COOLING,24.345,24.199,24.346,23.137,24.007,24.346,23.137,1.209,1118.54,147.75,143.99,558.43,85.0,850.0,935.0,85.0,186.91,253.45,313.66,276.26,-149.05,16.43,-149.05,281.68,875.0,875.0,875.0,875.0,366.4,392.63,368.6,326.37,1968.71,1955.0,1030.28,3500.0,1454.0,1.0,1.0,0.848,0.841,22.5,MAX_UNIFORM_COOL,11.2051
5,Opposing Thermal Zones,0,322,3220.0,23,1,10,11,1,91.33,82.45,HEAVY,282.84,VERY HIGH,HEAVY LOAD,87.77,79.92,HEAVY,274.59,VERY HIGH,HEAVY LOAD,90.39,81.95,HEAVY,280.91,VERY HIGH,HEAVY LOAD,89.61,82.58,HEAVY,280.88,VERY HIGH,HEAVY LOAD,16.58,4.78,LIGHT,72.89,LOW,RUNNING,17.67,4.91,LIGHT,74.45,LOW,RUNNING,15.11,3.62,LIGHT,69.32,LOW,RUNNING,17.41,5.18,LIGHT,74.53,LOW,RUNNING,87.67,80.33,HEAVY,275.08,VERY HIGH,HEAVY LOAD,91.44,83.1,HEAVY,283.95,VERY HIGH,HEAVY LOAD,28.62,54.0,253.7,0.25,22.0,COOLING,0.25,22.0,COOLING,0.25,22.0,COOLING,0.25,22.0,COOLING,24.352,24.207,24.354,23.144,24.014,24.354,23.144,1.21,1119.22,147.34,143.85,559.03,85.0,850.0,935.0,85.0,187.05,253.61,313.88,276.44,-148.92,16.3,-149.17,281.8,875.0,875.0,875.0,875.0,367.35,392.25,368.56,327.27,1969.44,1955.0,1030.98,3500.0,1455.43,1.0,1.0,0.86,0.848,22.5,MAX_UNIFORM_COOL,11.2846
5,Opposing Thermal Zones,0,323,3230.0,23,1,10,11,1,91.25,82.52,HEAVY,282.84,VERY HIGH,HEAVY LOAD,87.86,80.05,HEAVY,274.9,VERY HIGH,HEAVY LOAD,90.57,82.03,HEAVY,281.26,VERY HIGH,HEAVY LOAD,89.71,82.52,HEAVY,280.92,VERY HIGH,HEAVY LOAD,16.52,4.71,LIGHT,72.72,LOW,RUNNING,17.54,4.83,LIGHT,74.17,LOW,RUNNING,15.02,3.6,LIGHT,69.17,LOW,RUNNING,17.44,5.24,LIGHT,74.66,LOW,RUNNING,87.84,80.43,HEAVY,275.44,VERY HIGH,HEAVY LOAD,91.57,83.08,HEAVY,284.08,VERY HIGH,HEAVY LOAD,28.62,54.0,253.8,0.25,22.0,COOLING,0.25,22.0,COOLING,0.25,22.0,COOLING,0.25,22.0,COOLING,24.36,24.215,24.362,23.151,24.022,24.362,23.151,1.211,1119.92,146.89,143.83,559.52,85.0,850.0,935.0,85.0,186.93,253.5,313.79,276.35,-148.8,16.17,-149.3,281.93,875.0,875.0,875.0,875.0,368.05,391.56,368.32,327.8,1970.16,1955.0,1030.57,3500.0,1455.73,1.0,1.0,0.868,0.856,22.5,MAX_UNIFORM_COOL,11.3699
5,Opposing Thermal Zones,0,324,3240.0,23,1,10,11,1,91.21,82.62,HEAVY,282.94,VERY HIGH,HEAVY LOAD,87.99,80.18,HEAVY,275.26,VERY HIGH,HEAVY LOAD,90.74,82.08,HEAVY,281.55,VERY HIGH,HEAVY LOAD,89.77,82.44,HEAVY,280.87,VERY HIGH,HEAVY LOAD,16.44,4.63,LIGHT,72.5,LOW,RUNNING,17.4,4.75,LIGHT,73.88,LOW,RUNNING,14.95,3.6,LIGHT,69.09,LOW,RUNNING,17.5,5.32,LIGHT,74.86,LOW,RUNNING,88.02,80.51,HEAVY,275.79,VERY HIGH,HEAVY LOAD,91.68,83.04,HEAVY,284.16,VERY HIGH,HEAVY LOAD,28.62,54.0,254.0,0.25,22.0,COOLING,0.25,22.0,COOLING,0.25,22.0,COOLING,0.25,22.0,COOLING,24.368,24.223,24.37,23.158,24.03,24.37,23.158,1.212,1120.62,146.38,143.95,559.95,85.0,850.0,935.0,85.0,186.84,253.46,313.8,276.33,-148.91,16.16,-149.41,282.16,875.0,875.0,875.0,875.0,368.55,391.0,368.34,328.44,1970.9,1955.0,1030.43,3500.0,1456.33,1.0,1.0,0.872,0.861,22.5,MAX_UNIFORM_COOL,11.4556
5,Opposing Thermal Zones,0,325,3250.0,23,1,10,11,1,91.2,82.73,HEAVY,283.1,VERY HIGH,HEAVY LOAD,88.14,80.3,HEAVY,275.62,VERY HIGH,HEAVY LOAD,90.91,82.1,HEAVY,281.79,VERY HIGH,HEAVY LOAD,89.8,82.34,HEAVY,280.76,VERY HIGH,HEAVY LOAD,16.34,4.54,LIGHT,72.23,LOW,RUNNING,17.27,4.69,LIGHT,73.62,LOW,RUNNING,14.91,3.62,LIGHT,69.07,LOW,RUNNING,17.59,5.4,LIGHT,75.09,LOW,RUNNING,88.2,80.57,HEAVY,276.11,VERY HIGH,HEAVY LOAD,91.76,82.97,HEAVY,284.16,VERY HIGH,HEAVY LOAD,28.63,54.0,254.2,0.25,22.0,COOLING,0.25,22.0,COOLING,0.25,22.0,COOLING,0.25,22.0,COOLING,24.376,24.231,24.378,23.165,24.038,24.378,23.165,1.213,1121.27,145.85,144.16,560.27,85.0,850.0,935.0,85.0,186.96,253.63,314.01,276.53,-149.02,16.15,-149.52,282.39,875.0,875.0,875.0,875.0,369.21,390.63,368.65,329.19,1971.55,1955.0,1031.13,3500.0,1457.68,1.0,1.0,0.874,0.863,22.5,MAX_UNIFORM_COOL,11.5419
5,Opposing Thermal Zones,0,326,3260.0,23,1,10,11,1,91.24,82.86,HEAVY,283.34,VERY HIGH,HEAVY LOAD,88.31,80.41,HEAVY,276.0,VERY HIGH,HEAVY LOAD,91.05,82.09,HEAVY,281.95,VERY HIGH,HEAVY LOAD,89.79,82.23,HEAVY,280.58,VERY HIGH,HEAVY LOAD,16.23,4.45,LIGHT,71.96,LOW,RUNNING,17.15,4.64,LIGHT,73.4,LOW,RUNNING,14.9,3.66,LIGHT,69.11,LOW,RUNNING,17.7,5.49,LIGHT,75.36,LOW,RUNNING,88.36,80.6,HEAVY,276.35,VERY HIGH,HEAVY LOAD,91.8,82.87,HEAVY,284.06,VERY HIGH,HEAVY LOAD,28.63,54.0,254.3,0.25,22.0,COOLING,0.25,22.0,COOLING,0.25,22.0,COOLING,0.25,22.0,COOLING,24.384,24.239,24.386,23.172,24.045,24.386,23.172,1.214,1121.87,145.36,144.47,560.41,85.0,850.0,935.0,85.0,186.82,253.52,313.93,276.44,-149.13,16.13,-149.63,282.63,875.0,875.0,875.0,875.0,369.56,390.01,368.77,329.48,1972.11,1955.0,1030.71,3500.0,1457.82,1.0,1.0,0.791,0.78,22.5,MAX_UNIFORM_COOL,11.6353
5,Opposing Thermal Zones,0,327,3270.0,23,1,10,11,1,91.32,82.99,HEAVY,283.63,VERY HIGH,HEAVY LOAD,88.48,80.5,HEAVY,276.35,VERY HIGH,HEAVY LOAD,91.16,82.05,HEAVY,282.02,VERY HIGH,HEAVY LOAD,89.73,82.1,HEAVY,280.31,VERY HIGH,HEAVY LOAD,16.1,4.37,LIGHT,71.68,LOW,RUNNING,17.05,4.61,LIGHT,73.23,LOW,RUNNING,14.92,3.71,LIGHT,69.22,LOW,RUNNING,17.82,5.58,LIGHT,75.65,LOW,RUNNING,88.51,80.6,HEAVY,276.54,VERY HIGH,HEAVY LOAD,91.79,82.76,HEAVY,283.88,VERY HIGH,HEAVY LOAD,28.64,54.0,254.5,0.25,22.0,COOLING,0.25,22.0,COOLING,0.25,22.0,COOLING,0.25,22.0,COOLING,24.392,24.247,24.394,23.179,24.053,24.394,23.179,1.215,1122.31,144.91,144.87,560.42,85.0,850.0,935.0,85.0,186.94,253.68,314.15,276.62,-149.24,16.11,-149.74,282.86,875.0,875.0,875.0,875.0,370.01,389.7,369.28,329.9,1972.51,1955.0,1031.39,3500.0,1458.89,1.0,1.0,0.797,0.786,22.5,MAX_UNIFORM_COOL,11.7229
5,Opposing Thermal Zones,0,328,3280.0,23,1,10,11,1,91.43,83.12,HEAVY,283.97,VERY HIGH,HEAVY LOAD,88.66,80.56,HEAVY,276.66,VERY HIGH,HEAVY LOAD,91.25,81.98,HEAVY,282.03,VERY HIGH,HEAVY LOAD,89.64,81.96,HEAVY,279.99,VERY HIGH,HEAVY LOAD,15.96,4.29,LIGHT,71.39,LOW,RUNNING,16.98,4.6,LIGHT,73.12,LOW,RUNNING,14.97,3.78,LIGHT,69.38,LOW,RUNNING,17.95,5.66,LIGHT,75.93,LOW,RUNNING,88.64,80.56,HEAVY,276.64,VERY HIGH,HEAVY LOAD,91.75,82.63,HEAVY,283.63,VERY HIGH,HEAVY LOAD,28.64,54.0,254.7,0.25,22.0,COOLING,0.25,22.0,COOLING,0.25,22.0,COOLING,0.25,22.0,COOLING,24.4,24.255,24.402,23.186,24.061,24.402,23.186,1.216,1122.65,144.51,145.31,560.27,85.0,850.0,935.0,85.0,186.84,253.64,314.15,276.6,-149.35,16.1,-149.85,283.1,875.0,875.0,875.0,875.0,370.14,389.25,369.61,329.97,1972.74,1955.0,1031.23,3500.0,1458.97,1.0,1.0,0.892,0.881,22.5,MAX_UNIFORM_COOL,11.8035
5,Opposing Thermal Zones,0,329,3290.0,23,1,10,11,1,91.57,83.25,HEAVY,284.34,VERY HIGH,HEAVY LOAD,88.83,80.59,HEAVY,276.92,VERY HIGH,HEAVY LOAD,91.29,81.89,HEAVY,281.95,VERY HIGH,HEAVY LOAD,89.52,81.83,HEAVY,279.64,VERY HIGH,HEAVY LOAD,15.83,4.22,LIGHT,71.12,LOW,RUNNING,16.92,4.61,LIGHT,73.07,LOW,RUNNING,15.05,3.86,LIGHT,69.6,LOW,RUNNING,18.09,5.74,LIGHT,76.22,LOW,RUNNING,88.73,80.5,HEAVY,276.66,VERY HIGH,HEAVY LOAD,91.67,82.5,HEAVY,283.34,VERY HIGH,HEAVY LOAD,28.64,54.0,254.8,0.25,22.0,COOLING,0.25,22.0,COOLING,0.25,22.0,COOLING,0.25,22.0,COOLING,24.408,24.263,24.41,23.193,24.069,24.41,23.193,1.217,1122.85,144.19,145.82,560.0,85.0,850.0,935.0,85.0,186.71,253.53,314.07,276.51,-149.46,16.09,-149.96,283.33,875.0,875.0,875.0,875.0,370.1,388.81,369.93,329.84,1972.86,1955.0,1030.82,3500.0,1458.68,1.0,1.0,0.9,0.888,22.5,MAX_UNIFORM_COOL,11.8914
5,Opposing Thermal Zones,0,330,3300.0,23,1,10,11,1,91.73,83.36,HEAVY,284.7,VERY HIGH,HEAVY LOAD,88.99,80.6,HEAVY,277.14,VERY HIGH,HEAVY LOAD,91.3,81.78,HEAVY,281.8,VERY HIGH,HEAVY LOAD,89.38,81.71,HEAVY,279.29,VERY HIGH,HEAVY LOAD,15.71,4.16,LIGHT,70.88,LOW,RUNNING,16.9,4.64,LIGHT,73.08,LOW,RUNNING,15.15,3.95,LIGHT,69.86,LOW,RUNNING,18.22,5.81,LIGHT,76.49,LOW,RUNNING,88.78,80.42,HEAVY,276.61,VERY HIGH,HEAVY LOAD,91.56,82.36,HEAVY,282.99,VERY HIGH,HEAVY LOAD,28.65,54.0,255.0,0.25,22.0,COOLING,0.25,22.0,COOLING,0.25,22.0,COOLING,0.25,22.0,COOLING,24.416,24.271,24.418,23.2,24.076,24.418,23.2,1.218,1122.93,143.96,146.35,559.6,85.0,850.0,935.0,85.0,186.82,253.7,314.28,276.71,-149.57,16.07,-150.07,283.57,875.0,875.0,875.0,875.0,370.18,388.73,370.56,329.88,1972.84,1955.0,1031.51,3500.0,1459.35,1.0,1.0,0.815,0.803,22.5,MAX_UNIFORM_COOL,11.9875
5,Opposing Thermal Zones,0,331,3310.0,23,1,10,11,1,91.9,83.46,HEAVY,285.06,VERY HIGH,HEAVY LOAD,89.12,80.57,HEAVY,277.25,VERY HIGH,HEAVY LOAD,91.26,81.66,HEAVY,281.56,VERY HIGH,HEAVY LOAD,89.21,81.6,HEAVY,278.91,VERY HIGH,HEAVY LOAD,15.6,4.12,LIGHT,70.68,LOW,RUNNING,16.91,4.69,LIGHT,73.17,LOW,RUNNING,15.26,4.04,LIGHT,70.14,LOW,RUNNING,18.34,5.86,LIGHT,76.72,LOW,RUNNING,88.8,80.31,HEAVY,276.47,VERY HIGH,HEAVY LOAD,91.42,82.24,HEAVY,282.63,VERY HIGH,HEAVY LOAD,28.65,54.0,255.2,0.25,22.0,COOLING,0.25,22.0,COOLING,0.25,22.0,COOLING,0.25,22.0,COOLING,24.424,24.279,24.426,23.207,24.084,24.426,23.207,1.219,1122.78,143.85,146.86,559.1,85.0,850.0,935.0,85.0,186.73,253.65,314.29,276.67,-149.68,16.05,-150.18,283.81,875.0,875.0,875.0,875.0,369.83,388.55,370.97,329.58,1972.59,1955.0,1031.34,3500.0,1458.93,1.0,1.0,0.916,0.904,22.5,MAX_UNIFORM_COOL,12.0688
5,Opposing Thermal Zones,0,332,3320.0,23,1,10,11,1,92.08,83.54,HEAVY,285.41,VERY HIGH,HEAVY LOAD,89.21,80.52,HEAVY,277.29,VERY HIGH,HEAVY LOAD,91.19,81.52,HEAVY,281.27,VERY HIGH,HEAVY LOAD,89.03,81.51,HEAVY,278.55,VERY HIGH,HEAVY LOAD,15.51,4.1,LIGHT,70.54,LOW,RUNNING,16.95,4.75,LIGHT,73.31,LOW,RUNNING,15.39,4.13,LIGHT,70.43,LOW,RUNNING,18.44,5.89,LIGHT,76.88,LOW,RUNNING,88.78,80.19,HEAVY,276.26,VERY HIGH,HEAVY LOAD,91.25,82.12,HEAVY,282.24,VERY HIGH,HEAVY LOAD,28.65,54.0,255.3,0.25,22.0,COOLING,0.25,22.0,COOLING,0.25,22.0,COOLING,0.25,22.0,COOLING,24.432,24.287,24.434,23.214,24.092,24.434,23.214,1.22,1122.52,143.85,147.31,558.5,85.0,850.0,935.0,85.0,186.6,253.54,314.21,276.58,-149.79,16.04,-150.29,284.04,875.0,875.0,875.0,875.0,369.33,388.43,371.23,329.12,1972.18,1955.0,1030.93,3500.0,1458.11,1.0,1.0,0.925,0.912,22.5,MAX_UNIFORM_COOL,12.1579
5,Opposing Thermal Zones,0,333,3330.0,23,1,10,11,1,92.26,83.58,HEAVY,285.7,VERY HIGH,HEAVY LOAD,89.28,80.44,HEAVY,277.26,VERY HIGH,HEAVY LOAD,91.08,81.39,HEAVY,280.94,VERY HIGH,HEAVY LOAD,88.85,81.44,HEAVY,278.22,VERY HIGH,HEAVY LOAD,15.44,4.1,LIGHT,70.45,LOW,RUNNING,17.01,4.82,LIGHT,73.49,LOW,RUNNING,15.53,4.21,LIGHT,70.73,LOW,RUNNING,18.52,5.9,LIGHT,77.0,LOW,RUNNING,88.71,80.06,HEAVY,275.98,VERY HIGH,HEAVY LOAD,91.08,82.03,HEAVY,281.89,VERY HIGH,HEAVY LOAD,28.66,54.0,255.5,0.25,22.0,COOLING,0.25,22.0,COOLING,0.25,22.0,COOLING,0.25,22.0,COOLING,24.44,24.295,24.442,23.221,24.099,24.442,23.221,1.221,1122.12,143.94,147.73,557.87,85.0,850.0,935.0,85.0,186.71,253.71,314.42,276.78,-149.9,16.03,-150.4,284.28,875.0,875.0,875.0,875.0,368.93,388.68,371.75,328.93,1971.66,1955.0,1031.62,3500.0,1458.29,1.0,1.0,0.931,0.918,22.5,MAX_UNIFORM_COOL,12.248
5,Opposing Thermal Zones,0,334,3340.0,23,1,10,11,1,92.42,83.6,HEAVY,285.93,VERY HIGH,HEAVY LOAD,89.3,80.33,HEAVY,277.12,VERY HIGH,HEAVY LOAD,90.95,81.26,HEAVY,280.58,VERY HIGH,HEAVY LOAD,88.68,81.41,HEAVY,277.97,VERY HIGH,HEAVY LOAD,15.41,4.12,LIGHT,70.44,LOW,RUNNING,17.1,4.91,LIGHT,73.74,LOW,RUNNING,15.66,4.28,LIGHT,71.0,LOW,RUNNING,18.57,5.89,LIGHT,77.05,LOW,RUNNING,88.61,79.92,HEAVY,275.64,VERY HIGH,HEAVY LOAD,90.9,81.96,HEAVY,281.56,VERY HIGH,HEAVY LOAD,28.66,54.0,255.7,0.25,22.0,COOLING,0.25,22.0,COOLING,0.25,22.0,COOLING,0.25,22.0,COOLING,24.448,24.303,24.45,23.228,24.107,24.45,23.228,1.222,1121.6,144.18,148.05,557.2,85.0,850.0,935.0,85.0,186.62,253.66,314.43,276.75,-150.01,16.01,-150.51,284.51,875.0,875.0,875.0,875.0,368.21,388.85,371.97,328.46,1971.03,1955.0,1031.46,3500.0,1457.49,1.0,1.0,0.931,0.917,22.5,MAX_UNIFORM_COOL,12.3374
5,Opposing Thermal Zones,0,335,3350.0,23,1,10,11,1,92.56,83.59,HEAVY,286.09,VERY HIGH,HEAVY LOAD,89.28,80.21,HEAVY,276.92,VERY HIGH,HEAVY LOAD,90.79,81.14,HEAVY,280.2,VERY HIGH,HEAVY LOAD,88.53,81.4,HEAVY,277.76,VERY HIGH,HEAVY LOAD,15.4,4.16,LIGHT,70.49,LOW,RUNNING,17.21,5.0,LIGHT,74.01,LOW,RUNNING,15.78,4.33,LIGHT,71.22,LOW,RUNNING,18.6,5.86,LIGHT,77.04,LOW,RUNNING,88.48,79.79,HEAVY,275.29,VERY HIGH,HEAVY LOAD,90.73,81.91,HEAVY,281.28,VERY HIGH,HEAVY LOAD,28.66,54.0,255.8,0.25,22.0,COOLING,0.25,22.0,COOLING,0.25,22.0,COOLING,0.25,22.0,COOLING,24.455,24.311,24.458,23.235,24.115,24.458,23.235,1.223,1120.97,144.5,148.26,556.57,85.0,850.0,935.0,85.0,186.48,253.56,314.34,276.67,-150.12,15.99,-150.62,284.74,875.0,875.0,875.0,875.0,367.33,389.05,371.98,327.98,1970.3,1955.0,1031.05,3500.0,1456.34,1.0,1.0,0.946,0.925,22.5,MAX_UNIFORM_COOL,12.4215
5,Opposing Thermal Zones,0,336,3360.0,23,1,10,11,1,92.67,83.55,HEAVY,286.16,VERY HIGH,HEAVY LOAD,89.23,80.08,HEAVY,276.66,VERY HIGH,HEAVY LOAD,90.61,81.05,HEAVY,279.84,VERY HIGH,HEAVY LOAD,88.39,81.42,HEAVY,277.62,VERY HIGH,HEAVY LOAD,15.42,4.22,LIGHT,70.61,LOW,RUNNING,17.33,5.09,LIGHT,74.3,LOW,RUNNING,15.89,4.38,LIGHT,71.43,LOW,RUNNING,18.59,5.82,LIGHT,76.97,LOW,RUNNING,88.33,79.67,HEAVY,274.92,VERY HIGH,HEAVY LOAD,90.56,81.9,HEAVY,281.05,VERY HIGH,HEAVY LOAD,28.67,54.0,256.0,0.25,22.0,COOLING,0.25,22.0,COOLING,0.25,22.0,COOLING,0.25,22.0,COOLING,24.462,24.319,24.466,23.242,24.122,24.466,23.242,1.224,1120.28,144.91,148.4,555.97,85.0,850.0,935.0,85.0,186.62,253.72,314.56,276.85,-149.99,15.87,-150.74,284.87,875.0,875.0,875.0,875.0,366.91,389.5,372.22,327.69,1969.56,1955.0,1031.75,3500.0,1456.32,1.0,1.0,0.861,0.833,22.5,MAX_UNIFORM_COOL,12.5145
5,Opposing Thermal Zones,0,337,3370.0,23,1,10,11,1,92.75,83.48,HEAVY,286.16,VERY HIGH,HEAVY LOAD,89.14,79.95,HEAVY,276.35,VERY HIGH,HEAVY LOAD,90.43,80.97,HEAVY,279.49,VERY HIGH,HEAVY LOAD,88.29,81.48,HEAVY,277.58,VERY HIGH,HEAVY LOAD,15.48,4.29,LIGHT,70.78,LOW,RUNNING,17.46,5.17,LIGHT,74.58,LOW,RUNNING,15.98,4.4,LIGHT,71.57,LOW,RUNNING,18.56,5.76,LIGHT,76.84,LOW,RUNNING,88.16,79.57,HEAVY,274.55,VERY HIGH,HEAVY LOAD,90.43,81.92,HEAVY,280.92,VERY HIGH,HEAVY LOAD,28.67,54.0,256.2,0.25,22.0,COOLING,0.25,22.0,COOLING,0.25,22.0,COOLING,0.25,22.0,COOLING,24.469,24.327,24.474,23.249,24.13,24.474,23.249,1.225,1119.58,145.36,148.41,555.47,85.0,850.0,935.0,85.0,186.55,253.67,314.56,276.82,-149.87,15.75,-150.87,284.99,875.0,875.0,875.0,875.0,366.26,389.78,372.1,327.28,1968.82,1955.0,1031.6,3500.0,1455.42,1.0,1.0,0.962,0.928,22.5,MAX_UNIFORM_COOL,12.5915
5,Opposing Thermal Zones,0,338,3380.0,23,1,10,11,1,92.79,83.38,HEAVY,286.06,VERY HIGH,HEAVY LOAD,89.01,79.82,HEAVY,275.99,VERY HIGH,HEAVY LOAD,90.26,80.92,HEAVY,279.2,VERY HIGH,HEAVY LOAD,88.23,81.56,HEAVY,277.63,VERY HIGH,HEAVY LOAD,15.56,4.37,LIGHT,71.01,LOW,RUNNING,17.6,5.25,LIGHT,74.88,LOW,RUNNING,16.05,4.4,LIGHT,71.66,LOW,RUNNING,18.5,5.68,LIGHT,76.64,LOW,RUNNING,87.98,79.49,HEAVY,274.21,VERY HIGH,HEAVY LOAD,90.32,81.96,HEAVY,280.84,VERY HIGH,HEAVY LOAD,28.67,54.0,256.3,0.25,22.0,COOLING,0.25,22.0,COOLING,0.25,22.0,COOLING,0.25,22.0,COOLING,24.476,24.335,24.482,23.256,24.137,24.482,23.256,1.226,1118.88,145.89,148.3,555.05,85.0,850.0,935.0,85.0,186.43,253.56,314.47,276.74,-149.75,15.62,-151.0,285.12,875.0,875.0,875.0,875.0,365.56,390.07,371.77,326.91,1968.12,1955.0,1031.2,3500.0,1454.31,1.0,1.0,0.881,0.842,22.5,MAX_UNIFORM_COOL,12.6844
5,Opposing Thermal Zones,0,339,3390.0,23,1,10,11,1,92.8,83.27,HEAVY,285.9,VERY HIGH,HEAVY LOAD,88.86,79.7,HEAVY,275.62,VERY HIGH,HEAVY LOAD,90.09,80.9,HEAVY,278.96,VERY HIGH,HEAVY LOAD,88.2,81.66,HEAVY,277.74,VERY HIGH,HEAVY LOAD,15.66,4.46,LIGHT,71.27,LOW,RUNNING,17.73,5.31,LIGHT,75.13,LOW,RUNNING,16.09,4.38,LIGHT,71.68,LOW,RUNNING,18.41,5.6,LIGHT,76.41,LOW,RUNNING,87.8,79.43,HEAVY,273.9,VERY HIGH,HEAVY LOAD,90.24,82.03,HEAVY,280.85,VERY HIGH,HEAVY LOAD,28.68,54.0,256.5,0.25,22.0,COOLING,0.25,22.0,COOLING,0.25,22.0,COOLING,0.25,22.0,COOLING,24.483,24.343,24.49,23.263,24.145,24.49,23.263,1.227,1118.22,146.4,148.09,554.75,85.0,850.0,935.0,85.0,186.58,253.73,314.7,276.93,-149.62,15.49,-151.12,285.24,875.0,875.0,875.0,875.0,365.18,390.62,371.67,326.92,1967.46,1955.0,1031.94,3500.0,1454.39,1.0,1.0,0.998,0.953,22.5,MAX_UNIFORM_COOL,12.7627
5,Opposing Thermal Zones,0,340,3400.0,23,1,10,11,1,92.76,83.14,HEAVY,285.66,VERY HIGH,HEAVY LOAD,88.69,79.59,HEAVY,275.25,VERY HIGH,HEAVY LOAD,89.95,80.91,HEAVY,278.8,VERY HIGH,HEAVY LOAD,88.21,81.77,HEAVY,277.92,VERY HIGH,HEAVY LOAD,15.77,4.55,LIGHT,71.54,LOW,RUNNING,17.85,5.36,LIGHT,75.35,LOW,RUNNING,16.1,4.34,LIGHT,71.64,LOW,RUNNING,18.3,5.51,LIGHT,76.14,LOW,RUNNING,87.64,79.4,HEAVY,273.65,VERY HIGH,HEAVY LOAD,90.2,82.13,HEAVY,280.94,VERY HIGH,HEAVY LOAD,28.68,54.0,256.7,0.25,22.0,COOLING,0.25,22.0,COOLING,0.25,22.0,COOLING,0.25,22.0,COOLING,24.49,24.351,24.498,23.27,24.152,24.498,23.27,1.228,1117.63,146.89,147.78,554.59,85.0,850.0,935.0,85.0,186.5,253.69,314.7,276.91,-149.49,15.37,-151.24,285.37,875.0,875.0,875.0,875.0,364.64,390.95,371.24,326.87,1966.89,1955.0,1031.8,3500.0,1453.7,1.0,1.0,0.997,0.946,22.5,MAX_UNIFORM_COOL,12.8484
5,Opposing Thermal Zones,0,341,3410.0,23,1,10,11,1,92.68,83.01,HEAVY,285.37,VERY HIGH,HEAVY LOAD,88.52,79.5,HEAVY,274.9,VERY HIGH,HEAVY LOAD,89.84,80.95,HEAVY,278.73,VERY HIGH,HEAVY LOAD,88.27,81.9,HEAVY,278.19,VERY HIGH,HEAVY LOAD,15.9,4.63,LIGHT,71.82,LOW,RUNNING,17.95,5.39,LIGHT,75.52,LOW,RUNNING,16.08,4.29,LIGHT,71.53,LOW,RUNNING,18.18,5.42,LIGHT,75.85,LOW,RUNNING,87.49,79.4,HEAVY,273.46,VERY HIGH,HEAVY LOAD,90.21,82.24,HEAVY,281.12,VERY HIGH,HEAVY LOAD,28.68,54.0,256.8,0.25,22.0,COOLING,0.25,22.0,COOLING,0.25,22.0,COOLING,0.25,22.0,COOLING,24.497,24.359,24.506,23.277,24.16,24.506,23.277,1.229,1117.19,147.34,147.38,554.58,85.0,850.0,935.0,85.0,186.39,253.57,314.61,276.81,-149.37,15.25,-151.37,285.5,875.0,875.0,875.0,875.0,364.21,391.16,370.62,326.89,1966.49,1955.0,1031.38,3500.0,1452.88,1.0,1.0,0.913,0.855,22.5,MAX_UNIFORM_COOL,12.9418
5,Opposing Thermal Zones,0,342,3420.0,23,1,10,11,1,92.57,82.88,HEAVY,285.03,VERY HIGH,HEAVY LOAD,88.34,79.44,HEAVY,274.59,VERY HIGH,HEAVY LOAD,89.75,81.02,HEAVY,278.72,VERY HIGH,HEAVY LOAD,88.36,82.04,HEAVY,278.51,VERY HIGH,HEAVY LOAD,16.04,4.71,LIGHT,72.11,LOW,RUNNING,18.02,5.4,LIGHT,75.62,LOW,RUNNING,16.03,4.22,LIGHT,71.37,LOW,RUNNING,18.05,5.34,LIGHT,75.57,LOW,RUNNING,87.36,79.44,HEAVY,273.36,VERY HIGH,HEAVY LOAD,90.25,82.37,HEAVY,281.37,VERY HIGH,HEAVY LOAD,28.69,54.0,257.0,0.25,22.0,COOLING,0.25,22.0,COOLING,0.25,22.0,COOLING,0.25,22.0,COOLING,24.504,24.367,24.514,23.284,24.167,24.514,23.284,1.23,1116.85,147.73,146.94,554.73,85.0,850.0,935.0,85.0,186.53,253.74,314.83,277.0,-149.24,15.12,-151.49,285.62,875.0,875.0,875.0,875.0,364.14,391.59,370.28,327.35,1966.25,1955.0,1032.1,3500.0,1453.36,1.0,1.0,0.922,0.859,22.5,MAX_UNIFORM_COOL,13.0286
5,Opposing Thermal Zones,0,343,3430.0,23,1,10,11,1,92.43,82.75,HEAVY,284.66,VERY HIGH,HEAVY LOAD,88.17,79.41,HEAVY,274.33,VERY HIGH,HEAVY LOAD,89.71,81.11,HEAVY,278.8,VERY HIGH,HEAVY LOAD,88.48,82.17,HEAVY,278.86,VERY HIGH,HEAVY LOAD,16.17,4.78,LIGHT,72.38,LOW,RUNNING,18.08,5.39,LIGHT,75.68,LOW,RUNNING,15.95,4.14,LIGHT,71.15,LOW,RUNNING,17.91,5.26,LIGHT,75.28,LOW,RUNNING,87.27,79.5,HEAVY,273.34,VERY HIGH,HEAVY LOAD,90.33,82.5,HEAVY,281.66,VERY HIGH,HEAVY LOAD,28.69,54.0,257.2,0.25,22.0,COOLING,0.25,22.0,COOLING,0.25,22.0,COOLING,0.25,22.0,COOLING,24.511,24.375,24.522,23.291,24.175,24.522,23.291,1.231,1116.65,148.06,146.43,555.0,85.0,850.0,935.0,85.0,186.45,253.69,314.83,276.98,-149.12,14.99,-151.62,285.75,875.0,875.0,875.0,875.0,363.98,391.74,369.64,327.73,1966.14,1955.0,1031.95,3500.0,1453.09,1.0,1.0,0.929,0.861,22.5,MAX_UNIFORM_COOL,13.1158
5,Opposing Thermal Zones,0,344,3440.0,23,1,10,11,1,92.27,82.64,HEAVY,284.3,VERY HIGH,HEAVY LOAD,88.01,79.4,HEAVY,274.11,VERY HIGH,HEAVY LOAD,89.7,81.22,HEAVY,278.95,VERY HIGH,HEAVY LOAD,88.62,82.29,HEAVY,279.21,VERY HIGH,HEAVY LOAD,16.29,4.84,LIGHT,72.62,LOW,RUNNING,18.1,5.36,LIGHT,75.67,LOW,RUNNING,15.85,4.05,LIGHT,70.89,LOW,RUNNING,17.78,5.19,LIGHT,75.01,LOW,RUNNING,87.22,79.58,HEAVY,273.39,VERY HIGH,HEAVY LOAD,90.44,82.64,HEAVY,282.01,VERY HIGH,HEAVY LOAD,28.69,54.0,257.3,0.25,22.0,COOLING,0.25,22.0,COOLING,0.25,22.0,COOLING,0.25,22.0,COOLING,24.518,24.383,24.53,23.298,24.182,24.53,23.298,1.232,1116.57,148.29,145.9,555.4,85.0,850.0,935.0,85.0,186.34,253.58,314.75,276.89,-148.99,14.87,-151.74,285.87,875.0,875.0,875.0,875.0,363.92,391.74,368.91,328.16,1966.16,1955.0,1031.56,3500.0,1452.73,1.0,1.0,0.936,0.862,22.5,MAX_UNIFORM_COOL,13.2033
5,Opposing Thermal Zones,0,345,3450.0,23,1,10,11,1,92.1,82.54,HEAVY,283.94,VERY HIGH,HEAVY LOAD,87.88,79.43,HEAVY,274.0,VERY HIGH,HEAVY LOAD,89.74,81.34,HEAVY,279.19,VERY HIGH,HEAVY LOAD,88.79,82.4,HEAVY,279.59,VERY HIGH,HEAVY LOAD,16.4,4.88,LIGHT,72.82,LOW,RUNNING,18.09,5.31,LIGHT,75.58,LOW,RUNNING,15.74,3.96,LIGHT,70.61,LOW,RUNNING,17.66,5.14,LIGHT,74.78,LOW,RUNNING,87.2,79.69,HEAVY,273.53,VERY HIGH,HEAVY LOAD,90.58,82.76,HEAVY,282.37,VERY HIGH,HEAVY LOAD,28.7,54.0,257.5,0.25,22.0,COOLING,0.25,22.0,COOLING,0.25,22.0,COOLING,0.25,22.0,COOLING,24.525,24.391,24.538,23.305,24.19,24.538,23.305,1.233,1116.72,148.4,145.39,555.9,85.0,850.0,935.0,85.0,186.47,253.76,314.96,277.08,-148.87,14.75,-151.87,286.0,875.0,875.0,875.0,875.0,364.32,391.91,368.48,328.98,1966.41,1955.0,1032.27,3500.0,1453.69,1.0,1.0,0.945,0.866,22.5,MAX_UNIFORM_COOL,13.2912
5,Opposing Thermal Zones,0,346,3460.0,23,1,10,11,1,91.92,82.46,HEAVY,283.59,VERY HIGH,HEAVY LOAD,87.79,79.48,HEAVY,273.96,VERY HIGH,HEAVY LOAD,89.81,81.48,HEAVY,279.48,VERY HIGH,HEAVY LOAD,88.97,82.49,HEAVY,279.95,VERY HIGH,HEAVY LOAD,16.49,4.9,LIGHT,72.96,LOW,RUNNING,18.05,5.25,LIGHT,75.44,LOW,RUNNING,15.61,3.87,LIGHT,70.32,LOW,RUNNING,17.56,5.11,LIGHT,74.61,LOW,RUNNING,87.22,79.81,HEAVY,273.74,VERY HIGH,HEAVY LOAD,90.75,82.88,HEAVY,282.76,VERY HIGH,HEAVY LOAD,28.7,54.0,257.7,0.25,22.0,COOLING,0.25,22.0,COOLING,0.25,22.0,COOLING,0.25,22.0,COOLING,24.532,24.399,24.546,23.312,24.197,24.546,23.312,1.234,1116.98,148.4,144.93,556.5,85.0,850.0,935.0,85.0,186.4,253.7,314.97,277.05,-148.74,14.62,-152.0,286.12,875.0,875.0,875.0,875.0,364.64,391.72,367.9,329.67,1966.81,1955.0,1032.12,3500.0,1453.93,1.0,1.0,0.953,0.869,22.5,MAX_UNIFORM_COOL,13.3796
5,Opposing Thermal Zones,0,347,3470.0,23,1,10,11,1,91.74,82.42,HEAVY,283.31,VERY HIGH,HEAVY LOAD,87.72,79.56,HEAVY,273.99,VERY HIGH,HEAVY LOAD,89.92,81.61,HEAVY,279.81,VERY HIGH,HEAVY LOAD,89.15,82.56,HEAVY,280.28,VERY HIGH,HEAVY LOAD,16.56,4.9,LIGHT,73.05,LOW,RUNNING,17.99,5.18,LIGHT,75.26,LOW,RUNNING,15.47,3.79,LIGHT,70.02,LOW,RUNNING,17.48,5.1,LIGHT,74.5,LOW,RUNNING,87.29,79.94,HEAVY,274.02,VERY HIGH,HEAVY LOAD,90.92,82.97,HEAVY,283.11,VERY HIGH,HEAVY LOAD,28.7,54.0,257.8,0.25,22.0,COOLING,0.25,22.0,COOLING,0.25,22.0,COOLING,0.25,22.0,COOLING,24.539,24.407,24.553,23.319,24.204,24.553,23.319,1.234,1117.39,148.31,144.52,557.13,85.0,850.0,935.0,85.0,186.28,253.59,314.88,276.96,-148.62,14.49,-152.12,286.24,875.0,875.0,875.0,875.0,365.05,391.39,367.28,330.33,1967.35,1955.0,1031.71,3500.0,1454.05,1.0,1.0,0.957,0.874,22.5,MAX_UNIFORM_COOL,13.4622
5,Opposing Thermal Zones,0,348,3480.0,23,1,10,11,1,91.58,82.4,HEAVY,283.07,VERY HIGH,HEAVY LOAD,87.7,79.67,HEAVY,274.13,VERY HIGH,HEAVY LOAD,90.05,81.74,HEAVY,280.17,VERY HIGH,HEAVY LOAD,89.32,82.59,HEAVY,280.53,VERY HIGH,HEAVY LOAD,16.59,4.88,LIGHT,73.06,LOW,RUNNING,17.9,5.09,LIGHT,75.01,LOW,RUNNING,15.34,3.72,LIGHT,69.75,LOW,RUNNING,17.43,5.11,LIGHT,74.45,LOW,RUNNING,87.39,80.08,HEAVY,274.36,VERY HIGH,HEAVY LOAD,91.1,83.04,HEAVY,283.44,VERY HIGH,HEAVY LOAD,28.71,54.0,258.0,0.25,22.0,COOLING,0.25,22.0,COOLING,0.25,22.0,COOLING,0.25,22.0,COOLING,24.546,24.415,24.56,23.326,24.212,24.56,23.326,1.234,1117.9,148.07,144.2,557.8,85.0,850.0,935.0,85.0,186.43,253.76,315.13,277.16,-148.51,14.26,-152.01,286.26,875.0,875.0,875.0,875.0,365.82,391.09,367.32,331.22,1967.97,1955.0,1032.48,3500.0,1455.45,1.0,1.0,1.0,0.917,22.5,MAX_UNIFORM_COOL,13.5401
5,Opposing Thermal Zones,0,349,3490.0,23,1,10,11,1,91.44,82.41,HEAVY,282.92,VERY HIGH,HEAVY LOAD,87.72,79.79,HEAVY,274.33,VERY HIGH,HEAVY LOAD,90.21,81.86,HEAVY,280.55,VERY HIGH,HEAVY LOAD,89.47,82.6,HEAVY,280.74,VERY HIGH,HEAVY LOAD,16.6,4.84,LIGHT,73.01,LOW,RUNNING,17.79,5.0,LIGHT,74.74,LOW,RUNNING,15.22,3.67,LIGHT,69.53,LOW,RUNNING,17.4,5.14,LIGHT,74.46,LOW,RUNNING,87.52,80.21,HEAVY,274.71,VERY HIGH,HEAVY LOAD,91.27,83.09,HEAVY,283.72,VERY HIGH,HEAVY LOAD,28.71,54.0,258.2,0.25,22.0,COOLING,0.25,22.0,COOLING,0.25,22.0,COOLING,0.25,22.0,COOLING,24.553,24.423,24.567,23.333,24.219,24.567,23.333,1.234,1118.54,147.75,143.99,558.43,85.0,850.0,935.0,85.0,186.36,253.72,315.15,277.14,-148.4,14.02,-151.9,286.27,875.0,875.0,875.0,875.0,366.5,390.49,367.24,331.84,1968.71,1955.0,1032.37,3500.0,1456.07,1.0,1.0,1.0,0.918,22.5,MAX_UNIFORM_COOL,13.6243
5,Opposing Thermal Zones,0,350,3500.0,23,1,10,11,1,91.33,82.45,HEAVY,282.84,VERY HIGH,HEAVY LOAD,87.77,79.92,HEAVY,274.59,VERY HIGH,HEAVY LOAD,90.39,81.95,HEAVY,280.91,VERY HIGH,HEAVY LOAD,89.61,82.58,HEAVY,280.88,VERY HIGH,HEAVY LOAD,16.58,4.78,LIGHT,72.89,LOW,RUNNING,17.67,4.91,LIGHT,74.45,LOW,RUNNING,15.11,3.62,LIGHT,69.32,LOW,RUNNING,17.41,5.18,LIGHT,74.53,LOW,RUNNING,87.67,80.33,HEAVY,275.08,VERY HIGH,HEAVY LOAD,91.44,83.1,HEAVY,283.95,VERY HIGH,HEAVY LOAD,28.72,54.0,258.3,0.25,22.0,COOLING,0.25,22.0,COOLING,0.25,22.0,COOLING,0.25,22.0,COOLING,24.56,24.431,24.574,23.34,24.226,24.574,23.34,1.234,1119.22,147.34,143.85,559.03,85.0,850.0,935.0,85.0,186.45,253.83,315.3,277.26,-148.29,13.79,-151.79,286.29,875.0,875.0,875.0,875.0,367.38,389.96,367.36,332.58,1969.44,1955.0,1032.84,3500.0,1457.28,1.0,1.0,0.97,0.888,22.5,MAX_UNIFORM_COOL,13.7142
5,Opposing Thermal Zones,0,351,3510.0,23,1,10,11,1,91.25,82.52,HEAVY,282.84,VERY HIGH,HEAVY LOAD,87.86,80.05,HEAVY,274.9,VERY HIGH,HEAVY LOAD,90.57,82.03,HEAVY,281.26,VERY HIGH,HEAVY LOAD,89.71,82.52,HEAVY,280.92,VERY HIGH,HEAVY LOAD,16.52,4.71,LIGHT,72.72,LOW,RUNNING,17.54,4.83,LIGHT,74.17,LOW,RUNNING,15.02,3.6,LIGHT,69.17,LOW,RUNNING,17.44,5.24,LIGHT,74.66,LOW,RUNNING,87.84,80.43,HEAVY,275.44,VERY HIGH,HEAVY LOAD,91.57,83.08,HEAVY,284.08,VERY HIGH,HEAVY LOAD,28.72,54.0,258.5,0.25,22.0,COOLING,0.25,22.0,COOLING,0.25,22.0,COOLING,0.25,22.0,COOLING,24.568,24.439,24.581,23.347,24.234,24.581,23.347,1.234,1119.92,146.89,143.83,559.52,85.0,850.0,935.0,85.0,186.38,253.77,315.33,277.23,-148.18,13.55,-151.68,286.31,875.0,875.0,875.0,875.0,368.12,389.21,367.48,333.06,1970.16,1955.0,1032.71,3500.0,1457.87,1.0,1.0,0.971,0.896,22.5,MAX_UNIFORM_COOL,13.8048
5,Opposing Thermal Zones,0,352,3520.0,23,1,10,11,1,91.21,82.62,HEAVY,282.94,VERY HIGH,HEAVY LOAD,87.99,80.18,HEAVY,275.26,VERY HIGH,HEAVY LOAD,90.74,82.08,HEAVY,281.55,VERY HIGH,HEAVY LOAD,89.77,82.44,HEAVY,280.87,VERY HIGH,HEAVY LOAD,16.44,4.63,LIGHT,72.5,LOW,RUNNING,17.4,4.75,LIGHT,73.88,LOW,RUNNING,14.95,3.6,LIGHT,69.09,LOW,RUNNING,17.5,5.32,LIGHT,74.86,LOW,RUNNING,88.02,80.51,HEAVY,275.79,VERY HIGH,HEAVY LOAD,91.68,83.04,HEAVY,284.16,VERY HIGH,HEAVY LOAD,28.72,54.0,258.7,0.25,22.0,COOLING,0.25,22.0,COOLING,0.25,22.0,COOLING,0.25,22.0,COOLING,24.576,24.447,24.589,23.354,24.241,24.589,23.354,1.235,1120.62,146.38,143.95,559.95,85.0,850.0,935.0,85.0,186.28,253.73,315.35,277.21,-148.31,13.43,-151.55,286.43,875.0,875.0,875.0,875.0,368.59,388.54,367.75,333.59,1970.9,1955.0,1032.57,3500.0,1458.47,1.0,1.0,0.975,0.9,22.5,MAX_UNIFORM_COOL,13.9022
5,Opposing Thermal Zones,0,353,3530.0,23,1,10,11,1,91.2,82.73,HEAVY,283.1,VERY HIGH,HEAVY LOAD,88.14,80.3,HEAVY,275.62,VERY HIGH,HEAVY LOAD,90.91,82.1,HEAVY,281.79,VERY HIGH,HEAVY LOAD,89.8,82.34,HEAVY,280.76,VERY HIGH,HEAVY LOAD,16.34,4.54,LIGHT,72.23,LOW,RUNNING,17.27,4.69,LIGHT,73.62,LOW,RUNNING,14.91,3.62,LIGHT,69.07,LOW,RUNNING,17.59,5.4,LIGHT,75.09,LOW,RUNNING,88.2,80.57,HEAVY,276.11,VERY HIGH,HEAVY LOAD,91.76,82.97,HEAVY,284.16,VERY HIGH,HEAVY LOAD,28.73,54.0,258.8,0.25,22.0,COOLING,0.25,22.0,COOLING,0.25,22.0,COOLING,0.25,22.0,COOLING,24.584,24.455,24.597,23.361,24.249,24.597,23.361,1.236,1121.27,145.85,144.16,560.27,85.0,850.0,935.0,85.0,186.36,253.83,315.48,277.33,-148.42,13.42,-151.66,286.67,875.0,875.0,875.0,875.0,369.21,388.1,367.98,334.27,1971.55,1955.0,1033.0,3500.0,1459.56,1.0,1.0,0.979,0.904,22.5,MAX_UNIFORM_COOL,14.0001
5,Opposing Thermal Zones,0,354,3540.0,23,1,10,11,1,91.24,82.86,HEAVY,283.34,VERY HIGH,HEAVY LOAD,88.31,80.41,HEAVY,276.0,VERY HIGH,HEAVY LOAD,91.05,82.09,HEAVY,281.95,VERY HIGH,HEAVY LOAD,89.79,82.23,HEAVY,280.58,VERY HIGH,HEAVY LOAD,16.23,4.45,LIGHT,71.96,LOW,RUNNING,17.15,4.64,LIGHT,73.4,LOW,RUNNING,14.9,3.66,LIGHT,69.11,LOW,RUNNING,17.7,5.49,LIGHT,75.36,LOW,RUNNING,88.36,80.6,HEAVY,276.35,VERY HIGH,HEAVY LOAD,91.8,82.87,HEAVY,284.06,VERY HIGH,HEAVY LOAD,28.73,54.0,259.0,0.25,22.0,COOLING,0.25,22.0,COOLING,0.25,22.0,COOLING,0.25,22.0,COOLING,24.592,24.463,24.605,23.368,24.257,24.605,23.368,1.237,1121.87,145.36,144.47,560.41,85.0,850.0,935.0,85.0,186.26,253.79,315.48,277.31,-148.53,13.4,-151.78,286.9,875.0,875.0,875.0,875.0,369.6,387.55,368.17,334.62,1972.11,1955.0,1032.84,3500.0,1459.94,1.0,1.0,1.0,0.925,22.5,MAX_UNIFORM_COOL,14.0948
5,Opposing Thermal Zones,0,355,3550.0,23,1,10,11,1,91.32,82.99,HEAVY,283.63,VERY HIGH,HEAVY LOAD,88.48,80.5,HEAVY,276.35,VERY HIGH,HEAVY LOAD,91.16,82.05,HEAVY,282.02,VERY HIGH,HEAVY LOAD,89.73,82.1,HEAVY,280.31,VERY HIGH,HEAVY LOAD,16.1,4.37,LIGHT,71.68,LOW,RUNNING,17.05,4.61,LIGHT,73.23,LOW,RUNNING,14.92,3.71,LIGHT,69.22,LOW,RUNNING,17.82,5.58,LIGHT,75.65,LOW,RUNNING,88.51,80.6,HEAVY,276.54,VERY HIGH,HEAVY LOAD,91.79,82.76,HEAVY,283.88,VERY HIGH,HEAVY LOAD,28.73,54.0,259.2,0.25,22.0,COOLING,0.25,22.0,COOLING,0.25,22.0,COOLING,0.25,22.0,COOLING,24.6,24.471,24.613,23.375,24.265,24.613,23.375,1.238,1122.31,144.91,144.87,560.42,85.0,850.0,935.0,85.0,186.17,253.74,315.49,277.28,-148.63,13.38,-151.89,287.14,875.0,875.0,875.0,875.0,369.85,387.03,368.47,334.84,1972.51,1955.0,1032.68,3500.0,1460.19,1.0,1.0,0.985,0.91,22.5,MAX_UNIFORM_COOL,14.1972
5,Opposing Thermal Zones,0,356,3560.0,23,1,10,11,1,91.43,83.12,HEAVY,283.97,VERY HIGH,HEAVY LOAD,88.66,80.56,HEAVY,276.66,VERY HIGH,HEAVY LOAD,91.25,81.98,HEAVY,282.03,VERY HIGH,HEAVY LOAD,89.64,81.96,HEAVY,279.99,VERY HIGH,HEAVY LOAD,15.96,4.29,LIGHT,71.39,LOW,RUNNING,16.98,4.6,LIGHT,73.12,LOW,RUNNING,14.97,3.78,LIGHT,69.38,LOW,RUNNING,17.95,5.66,LIGHT,75.93,LOW,RUNNING,88.64,80.56,HEAVY,276.64,VERY HIGH,HEAVY LOAD,91.75,82.63,HEAVY,283.63,VERY HIGH,HEAVY LOAD,28.74,54.0,259.3,0.25,22.0,COOLING,0.25,22.0,COOLING,0.25,22.0,COOLING,0.25,22.0,COOLING,24.608,24.479,24.621,23.382,24.273,24.621,23.382,1.239,1122.65,144.51,145.31,560.27,85.0,850.0,935.0,85.0,186.25,253.84,315.62,277.41,-148.75,13.37,-151.99,287.37,875.0,875.0,875.0,875.0,370.15,386.72,368.94,335.05,1972.74,1955.0,1033.12,3500.0,1460.86,1.0,1.0,0.988,0.913,22.5,MAX_UNIFORM_COOL,14.2969
5,Opposing Thermal Zones,0,357,3570.0,23,1,10,11,1,91.57,83.25,HEAVY,284.34,VERY HIGH,HEAVY LOAD,88.83,80.59,HEAVY,276.92,VERY HIGH,HEAVY LOAD,91.29,81.89,HEAVY,281.95,VERY HIGH,HEAVY LOAD,89.52,81.83,HEAVY,279.64,VERY HIGH,HEAVY LOAD,15.83,4.22,LIGHT,71.12,LOW,RUNNING,16.92,4.61,LIGHT,73.07,LOW,RUNNING,15.05,3.86,LIGHT,69.6,LOW,RUNNING,18.09,5.74,LIGHT,76.22,LOW,RUNNING,88.73,80.5,HEAVY,276.66,VERY HIGH,HEAVY LOAD,91.67,82.5,HEAVY,283.34,VERY HIGH,HEAVY LOAD,28.74,54.0,259.5,0.25,22.0,COOLING,0.25,22.0,COOLING,0.25,22.0,COOLING,0.25,22.0,COOLING,24.616,24.487,24.629,23.389,24.28,24.629,23.389,1.24,1122.85,144.19,145.82,560.0,85.0,850.0,935.0,85.0,186.15,253.8,315.62,277.39,-148.86,13.36,-152.1,287.6,875.0,875.0,875.0,875.0,370.14,386.35,369.34,334.99,1972.86,1955.0,1032.96,3500.0,1460.82,1.0,1.0,0.989,0.914,22.5,MAX_UNIFORM_COOL,14.397
5,Opposing Thermal Zones,0,358,3580.0,23,1,10,11,1,91.73,83.36,HEAVY,284.7,VERY HIGH,HEAVY LOAD,88.99,80.6,HEAVY,277.14,VERY HIGH,HEAVY LOAD,91.3,81.78,HEAVY,281.8,VERY HIGH,HEAVY LOAD,89.38,81.71,HEAVY,279.29,VERY HIGH,HEAVY LOAD,15.71,4.16,LIGHT,70.88,LOW,RUNNING,16.9,4.64,LIGHT,73.08,LOW,RUNNING,15.15,3.95,LIGHT,69.86,LOW,RUNNING,18.22,5.81,LIGHT,76.49,LOW,RUNNING,88.78,80.42,HEAVY,276.61,VERY HIGH,HEAVY LOAD,91.56,82.36,HEAVY,282.99,VERY HIGH,HEAVY LOAD,28.74,54.0,259.7,0.25,22.0,COOLING,0.25,22.0,COOLING,0.25,22.0,COOLING,0.25,22.0,COOLING,24.624,24.495,24.637,23.396,24.288,24.637,23.396,1.241,1122.93,143.96,146.35,559.6,85.0,850.0,935.0,85.0,186.06,253.75,315.63,277.36,-148.97,13.34,-152.22,287.84,875.0,875.0,875.0,875.0,370.02,386.05,369.76,334.8,1972.84,1955.0,1032.8,3500.0,1460.63,1.0,1.0,0.992,0.917,22.5,MAX_UNIFORM_COOL,14.4973
5,Opposing Thermal Zones,0,359,3590.0,23,1,10,11,1,91.9,83.46,HEAVY,285.06,VERY HIGH,HEAVY LOAD,89.12,80.57,HEAVY,277.25,VERY HIGH,HEAVY LOAD,91.26,81.66,HEAVY,281.56,VERY HIGH,HEAVY LOAD,89.21,81.6,HEAVY,278.91,VERY HIGH,HEAVY LOAD,15.6,4.12,LIGHT,70.68,LOW,RUNNING,16.91,4.69,LIGHT,73.17,LOW,RUNNING,15.26,4.04,LIGHT,70.14,LOW,RUNNING,18.34,5.86,LIGHT,76.72,LOW,RUNNING,88.8,80.31,HEAVY,276.47,VERY HIGH,HEAVY LOAD,91.42,82.24,HEAVY,282.63,VERY HIGH,HEAVY LOAD,28.75,54.0,259.8,0.25,22.0,COOLING,0.25,22.0,COOLING,0.25,22.0,COOLING,0.25,22.0,COOLING,24.632,24.503,24.645,23.403,24.296,24.645,23.403,1.242,1122.78,143.85,146.86,559.1,85.0,850.0,935.0,85.0,186.13,253.86,315.75,277.49,-149.07,13.32,-152.32,288.07,875.0,875.0,875.0,875.0,369.84,386.03,370.29,334.66,1972.59,1955.0,1033.23,3500.0,1460.82,1.0,1.0,0.994,0.918,22.5,MAX_UNIFORM_COOL,14.5985
5,Opposing Thermal Zones,0,360,3600.0,23,1,10,11,1,92.08,83.54,HEAVY,285.41,VERY HIGH,HEAVY LOAD,89.21,80.52,HEAVY,277.29,VERY HIGH,HEAVY LOAD,91.19,81.52,HEAVY,281.27,VERY HIGH,HEAVY LOAD,89.03,81.51,HEAVY,278.55,VERY HIGH,HEAVY LOAD,15.51,4.1,LIGHT,70.54,LOW,RUNNING,16.95,4.75,LIGHT,73.31,LOW,RUNNING,15.39,4.13,LIGHT,70.43,LOW,RUNNING,18.44,5.89,LIGHT,76.88,LOW,RUNNING,88.78,80.19,HEAVY,276.26,VERY HIGH,HEAVY LOAD,91.25,82.12,HEAVY,282.24,VERY HIGH,HEAVY LOAD,28.75,54.0,260.0,0.25,22.0,COOLING,0.25,22.0,COOLING,0.25,22.0,COOLING,0.25,22.0,COOLING,24.64,24.511,24.653,23.41,24.303,24.653,23.41,1.243,1122.52,143.85,147.31,558.5,85.0,850.0,935.0,85.0,186.04,253.81,315.76,277.46,-149.19,13.31,-152.44,288.31,875.0,875.0,875.0,875.0,369.37,385.97,370.63,334.27,1972.18,1955.0,1033.07,3500.0,1460.24,1.0,1.0,0.995,0.918,22.5,MAX_UNIFORM_COOL,14.7001
5,Opposing Thermal Zones,0,361,3610.0,23,1,10,11,1,92.26,83.58,HEAVY,285.7,VERY HIGH,HEAVY LOAD,89.28,80.44,HEAVY,277.26,VERY HIGH,HEAVY LOAD,91.08,81.39,HEAVY,280.94,VERY HIGH,HEAVY LOAD,88.85,81.44,HEAVY,278.22,VERY HIGH,HEAVY LOAD,15.44,4.1,LIGHT,70.45,LOW,RUNNING,17.01,4.82,LIGHT,73.49,LOW,RUNNING,15.53,4.21,LIGHT,70.73,LOW,RUNNING,18.52,5.9,LIGHT,77.0,LOW,RUNNING,88.71,80.06,HEAVY,275.98,VERY HIGH,HEAVY LOAD,91.08,82.03,HEAVY,281.89,VERY HIGH,HEAVY LOAD,28.75,54.0,260.2,0.25,22.0,COOLING,0.25,22.0,COOLING,0.25,22.0,COOLING,0.25,22.0,COOLING,24.648,24.519,24.661,23.417,24.311,24.661,23.417,1.244,1122.12,143.94,147.73,557.87,85.0,850.0,935.0,85.0,185.94,253.76,315.76,277.43,-149.3,13.3,-152.54,288.54,875.0,875.0,875.0,875.0,368.76,386.0,370.95,333.84,1971.66,1955.0,1032.89,3500.0,1459.55,1.0,1.0,0.996,0.918,22.5,MAX_UNIFORM_COOL,14.8022
5,Opposing Thermal Zones,0,362,3620.0,23,1,10,11,1,92.42,83.6,HEAVY,285.93,VERY HIGH,HEAVY LOAD,89.3,80.33,HEAVY,277.12,VERY HIGH,HEAVY LOAD,90.95,81.26,HEAVY,280.58,VERY HIGH,HEAVY LOAD,88.68,81.41,HEAVY,277.97,VERY HIGH,HEAVY LOAD,15.41,4.12,LIGHT,70.44,LOW,RUNNING,17.1,4.91,LIGHT,73.74,LOW,RUNNING,15.66,4.28,LIGHT,71.0,LOW,RUNNING,18.57,5.89,LIGHT,77.05,LOW,RUNNING,88.61,79.92,HEAVY,275.64,VERY HIGH,HEAVY LOAD,90.9,81.96,HEAVY,281.56,VERY HIGH,HEAVY LOAD,28.76,54.0,260.3,0.25,22.0,COOLING,0.25,22.0,COOLING,0.25,22.0,COOLING,0.25,22.0,COOLING,24.656,24.527,24.669,23.424,24.319,24.669,23.424,1.245,1121.6,144.18,148.05,557.2,85.0,850.0,935.0,85.0,186.02,253.87,315.89,277.56,-149.4,13.28,-152.66,288.78,875.0,875.0,875.0,875.0,368.22,386.33,371.28,333.54,1971.03,1955.0,1033.34,3500.0,1459.37,1.0,1.0,0.996,0.918,22.5,MAX_UNIFORM_COOL,14.9049
5,Opposing Thermal Zones,0,363,3630.0,23,1,10,11,1,92.56,83.59,HEAVY,286.09,VERY HIGH,HEAVY LOAD,89.28,80.21,HEAVY,276.92,VERY HIGH,HEAVY LOAD,90.79,81.14,HEAVY,280.2,VERY HIGH,HEAVY LOAD,88.53,81.4,HEAVY,277.76,VERY HIGH,HEAVY LOAD,15.4,4.16,LIGHT,70.49,LOW,RUNNING,17.21,5.0,LIGHT,74.01,LOW,RUNNING,15.78,4.33,LIGHT,71.22,LOW,RUNNING,18.6,5.86,LIGHT,77.04,LOW,RUNNING,88.48,79.79,HEAVY,275.29,VERY HIGH,HEAVY LOAD,90.73,81.91,HEAVY,281.28,VERY HIGH,HEAVY LOAD,28.76,54.0,260.5,0.25,22.0,COOLING,0.25,22.0,COOLING,0.25,22.0,COOLING,0.25,22.0,COOLING,24.663,24.535,24.677,23.431,24.326,24.677,23.431,1.246,1120.97,144.5,148.26,556.57,85.0,850.0,935.0,85.0,185.93,253.82,315.9,277.53,-149.51,13.26,-152.77,289.02,875.0,875.0,875.0,875.0,367.39,386.58,371.39,333.12,1970.3,1955.0,1033.18,3500.0,1458.48,1.0,1.0,0.998,0.913,22.5,MAX_UNIFORM_COOL,15.0023
5,Opposing Thermal Zones,0,364,3640.0,23,1,10,11,1,92.67,83.55,HEAVY,286.16,VERY HIGH,HEAVY LOAD,89.23,80.08,HEAVY,276.66,VERY HIGH,HEAVY LOAD,90.61,81.05,HEAVY,279.84,VERY HIGH,HEAVY LOAD,88.39,81.42,HEAVY,277.62,VERY HIGH,HEAVY LOAD,15.42,4.22,LIGHT,70.61,LOW,RUNNING,17.33,5.09,LIGHT,74.3,LOW,RUNNING,15.89,4.38,LIGHT,71.43,LOW,RUNNING,18.59,5.82,LIGHT,76.97,LOW,RUNNING,88.33,79.67,HEAVY,274.92,VERY HIGH,HEAVY LOAD,90.56,81.9,HEAVY,281.05,VERY HIGH,HEAVY LOAD,28.76,54.0,260.7,0.25,22.0,COOLING,0.25,22.0,COOLING,0.25,22.0,COOLING,0.25,22.0,COOLING,24.67,24.543,24.685,23.438,24.334,24.685,23.438,1.247,1120.28,144.91,148.4,555.97,85.0,850.0,935.0,85.0,185.85,253.78,315.89,277.51,-149.39,13.14,-152.89,289.14,875.0,875.0,875.0,875.0,366.74,386.83,371.4,332.62,1969.56,1955.0,1033.03,3500.0,1457.59,1.0,1.0,1.0,0.909,22.5,MAX_UNIFORM_COOL,15.0999
5,Opposing Thermal Zones,0,365,3650.0,23,1,10,11,1,92.75,83.48,HEAVY,286.16,VERY HIGH,HEAVY LOAD,89.14,79.95,HEAVY,276.35,VERY HIGH,HEAVY LOAD,90.43,80.97,HEAVY,279.49,VERY HIGH,HEAVY LOAD,88.29,81.48,HEAVY,277.58,VERY HIGH,HEAVY LOAD,15.48,4.29,LIGHT,70.78,LOW,RUNNING,17.46,5.17,LIGHT,74.58,LOW,RUNNING,15.98,4.4,LIGHT,71.57,LOW,RUNNING,18.56,5.76,LIGHT,76.84,LOW,RUNNING,88.16,79.57,HEAVY,274.55,VERY HIGH,HEAVY LOAD,90.43,81.92,HEAVY,280.92,VERY HIGH,HEAVY LOAD,28.77,54.0,260.8,0.25,22.0,COOLING,0.25,22.0,COOLING,0.25,22.0,COOLING,0.25,22.0,COOLING,24.677,24.551,24.693,23.445,24.341,24.693,23.445,1.248,1119.58,145.36,148.41,555.47,85.0,850.0,935.0,85.0,185.95,253.88,316.03,277.64,-149.27,13.02,-153.01,289.27,875.0,875.0,875.0,875.0,366.26,387.26,371.43,332.38,1968.82,1955.0,1033.5,3500.0,1457.33,1.0,1.0,1.0,0.903,22.5,MAX_UNIFORM_COOL,15.1988
5,Opposing Thermal Zones,0,366,3660.0,23,1,10,11,1,92.79,83.38,HEAVY,286.06,VERY HIGH,HEAVY LOAD,89.01,79.82,HEAVY,275.99,VERY HIGH,HEAVY LOAD,90.26,80.92,HEAVY,279.2,VERY HIGH,HEAVY LOAD,88.23,81.56,HEAVY,277.63,VERY HIGH,HEAVY LOAD,15.56,4.37,LIGHT,71.01,LOW,RUNNING,17.6,5.25,LIGHT,74.88,LOW,RUNNING,16.05,4.4,LIGHT,71.66,LOW,RUNNING,18.5,5.68,LIGHT,76.64,LOW,RUNNING,87.98,79.49,HEAVY,274.21,VERY HIGH,HEAVY LOAD,90.32,81.96,HEAVY,280.84,VERY HIGH,HEAVY LOAD,28.77,54.0,261.0,0.25,22.0,COOLING,0.25,22.0,COOLING,0.25,22.0,COOLING,0.25,22.0,COOLING,24.684,24.559,24.701,23.452,24.349,24.701,23.452,1.249,1118.88,145.89,148.3,555.05,85.0,850.0,935.0,85.0,185.88,253.83,316.03,277.61,-149.14,12.89,-153.14,289.39,875.0,875.0,875.0,875.0,365.62,387.61,371.19,332.05,1968.12,1955.0,1033.35,3500.0,1456.47,1.0,1.0,1.0,0.897,22.5,MAX_UNIFORM_COOL,15.298
5,Opposing Thermal Zones,0,367,3670.0,23,1,10,11,1,92.8,83.27,HEAVY,285.9,VERY HIGH,HEAVY LOAD,88.86,79.7,HEAVY,275.62,VERY HIGH,HEAVY LOAD,90.09,80.9,HEAVY,278.96,VERY HIGH,HEAVY LOAD,88.2,81.66,HEAVY,277.74,VERY HIGH,HEAVY LOAD,15.66,4.46,LIGHT,71.27,LOW,RUNNING,17.73,5.31,LIGHT,75.13,LOW,RUNNING,16.09,4.38,LIGHT,71.68,LOW,RUNNING,18.41,5.6,LIGHT,76.41,LOW,RUNNING,87.8,79.43,HEAVY,273.9,VERY HIGH,HEAVY LOAD,90.24,82.03,HEAVY,280.85,VERY HIGH,HEAVY LOAD,28.77,54.0,261.2,0.25,22.0,COOLING,0.25,22.0,COOLING,0.25,22.0,COOLING,0.25,22.0,COOLING,24.691,24.567,24.709,23.459,24.357,24.709,23.459,1.25,1118.22,146.4,148.09,554.75,85.0,850.0,935.0,85.0,185.8,253.79,316.03,277.59,-149.01,12.76,-153.26,289.51,875.0,875.0,875.0,875.0,365.01,387.95,370.86,331.85,1967.46,1955.0,1033.21,3500.0,1455.67,1.0,1.0,1.0,0.891,22.5,MAX_UNIFORM_COOL,15.3976
5,Opposing Thermal Zones,0,368,3680.0,23,1,10,11,1,92.76,83.14,HEAVY,285.66,VERY HIGH,HEAVY LOAD,88.69,79.59,HEAVY,275.25,VERY HIGH,HEAVY LOAD,89.95,80.91,HEAVY,278.8,VERY HIGH,HEAVY LOAD,88.21,81.77,HEAVY,277.92,VERY HIGH,HEAVY LOAD,15.77,4.55,LIGHT,71.54,LOW,RUNNING,17.85,5.36,LIGHT,75.35,LOW,RUNNING,16.1,4.34,LIGHT,71.64,LOW,RUNNING,18.3,5.51,LIGHT,76.14,LOW,RUNNING,87.64,79.4,HEAVY,273.65,VERY HIGH,HEAVY LOAD,90.2,82.13,HEAVY,280.94,VERY HIGH,HEAVY LOAD,28.78,54.0,261.3,0.25,22.0,COOLING,0.25,22.0,COOLING,0.25,22.0,COOLING,0.25,22.0,COOLING,24.698,24.575,24.717,23.466,24.364,24.717,23.466,1.251,1117.63,146.89,147.78,554.59,85.0,850.0,935.0,85.0,185.9,253.89,316.17,277.71,-148.89,12.64,-153.39,289.64,875.0,875.0,875.0,875.0,364.64,388.42,370.56,331.94,1966.89,1955.0,1033.67,3500.0,1455.56,1.0,1.0,1.0,0.885,22.5,MAX_UNIFORM_COOL,15.4978
5,Opposing Thermal Zones,0,369,3690.0,23,1,10,11,1,92.68,83.01,HEAVY,285.37,VERY HIGH,HEAVY LOAD,88.52,79.5,HEAVY,274.9,VERY HIGH,HEAVY LOAD,89.84,80.95,HEAVY,278.73,VERY HIGH,HEAVY LOAD,88.27,81.9,HEAVY,278.19,VERY HIGH,HEAVY LOAD,15.9,4.63,LIGHT,71.82,LOW,RUNNING,17.95,5.39,LIGHT,75.52,LOW,RUNNING,16.08,4.29,LIGHT,71.53,LOW,RUNNING,18.18,5.42,LIGHT,75.85,LOW,RUNNING,87.49,79.4,HEAVY,273.46,VERY HIGH,HEAVY LOAD,90.21,82.24,HEAVY,281.12,VERY HIGH,HEAVY LOAD,28.78,54.0,261.5,0.25,22.0,COOLING,0.25,22.0,COOLING,0.25,22.0,COOLING,0.25,22.0,COOLING,24.705,24.583,24.725,23.473,24.371,24.725,23.473,1.252,1117.19,147.34,147.38,554.58,85.0,850.0,935.0,85.0,185.82,253.85,316.16,277.69,-148.77,12.52,-153.51,289.76,875.0,875.0,875.0,875.0,364.24,388.71,370.03,332.03,1966.49,1955.0,1033.52,3500.0,1455.01,1.0,1.0,1.0,0.879,22.5,MAX_UNIFORM_COOL,15.5983
5,Opposing Thermal Zones,0,370,3700.0,23,1,10,11,1,92.57,82.88,HEAVY,285.03,VERY HIGH,HEAVY LOAD,88.34,79.44,HEAVY,274.59,VERY HIGH,HEAVY LOAD,89.75,81.02,HEAVY,278.72,VERY HIGH,HEAVY LOAD,88.36,82.04,HEAVY,278.51,VERY HIGH,HEAVY LOAD,16.04,4.71,LIGHT,72.11,LOW,RUNNING,18.02,5.4,LIGHT,75.62,LOW,RUNNING,16.03,4.22,LIGHT,71.37,LOW,RUNNING,18.05,5.34,LIGHT,75.57,LOW,RUNNING,87.36,79.44,HEAVY,273.36,VERY HIGH,HEAVY LOAD,90.25,82.37,HEAVY,281.37,VERY HIGH,HEAVY LOAD,28.78,54.0,261.7,0.25,22.0,COOLING,0.25,22.0,COOLING,0.25,22.0,COOLING,0.25,22.0,COOLING,24.712,24.591,24.733,23.48,24.379,24.733,23.48,1.253,1116.85,147.73,146.94,554.73,85.0,850.0,935.0,85.0,185.75,253.8,316.17,277.66,-148.64,12.39,-153.64,289.89,875.0,875.0,875.0,875.0,363.96,388.92,369.47,332.28,1966.25,1955.0,1033.38,3500.0,1454.63,1.0,1.0,1.0,0.874,22.5,MAX_UNIFORM_COOL,15.6993
5,Opposing Thermal Zones,0,371,3710.0,23,1,10,11,1,92.43,82.75,HEAVY,284.66,VERY HIGH,HEAVY LOAD,88.17,79.41,HEAVY,274.33,VERY HIGH,HEAVY LOAD,89.71,81.11,HEAVY,278.8,VERY HIGH,HEAVY LOAD,88.48,82.17,HEAVY,278.86,VERY HIGH,HEAVY LOAD,16.17,4.78,LIGHT,72.38,LOW,RUNNING,18.08,5.39,LIGHT,75.68,LOW,RUNNING,15.95,4.14,LIGHT,71.15,LOW,RUNNING,17.91,5.26,LIGHT,75.28,LOW,RUNNING,87.27,79.5,HEAVY,273.34,VERY HIGH,HEAVY LOAD,90.33,82.5,HEAVY,281.66,VERY HIGH,HEAVY LOAD,28.79,54.0,261.8,0.25,22.0,COOLING,0.25,22.0,COOLING,0.25,22.0,COOLING,0.25,22.0,COOLING,24.719,24.599,24.741,23.487,24.386,24.741,23.487,1.254,1116.65,148.06,146.43,555.0,85.0,850.0,935.0,85.0,185.85,253.9,316.3,277.78,-148.51,12.26,-153.76,290.01,875.0,875.0,875.0,875.0,363.99,389.22,368.97,332.79,1966.14,1955.0,1033.83,3500.0,1454.97,1.0,1.0,1.0,0.868,22.5,MAX_UNIFORM_COOL,15.801
5,Opposing Thermal Zones,0,372,3720.0,23,1,10,11,1,92.27,82.64,HEAVY,284.3,VERY HIGH,HEAVY LOAD,88.01,79.4,HEAVY,274.11,VERY HIGH,HEAVY LOAD,89.7,81.22,HEAVY,278.95,VERY HIGH,HEAVY LOAD,88.62,82.29,HEAVY,279.21,VERY HIGH,HEAVY LOAD,16.29,4.84,LIGHT,72.62,LOW,RUNNING,18.1,5.36,LIGHT,75.67,LOW,RUNNING,15.85,4.05,LIGHT,70.89,LOW,RUNNING,17.78,5.19,LIGHT,75.01,LOW,RUNNING,87.22,79.58,HEAVY,273.39,VERY HIGH,HEAVY LOAD,90.44,82.64,HEAVY,282.01,VERY HIGH,HEAVY LOAD,28.79,54.0,262.0,0.25,22.0,COOLING,0.25,22.0,COOLING,0.25,22.0,COOLING,0.25,22.0,COOLING,24.726,24.607,24.749,23.494,24.394,24.749,23.494,1.255,1116.57,148.29,145.9,555.4,85.0,850.0,935.0,85.0,185.78,253.86,316.3,277.76,-148.39,12.14,-153.89,290.14,875.0,875.0,875.0,875.0,363.96,389.29,368.31,333.3,1966.16,1955.0,1033.7,3500.0,1454.86,1.0,1.0,1.0,0.863,22.5,MAX_UNIFORM_COOL,15.9029
5,Opposing Thermal Zones,0,373,3730.0,23,1,10,11,1,92.1,82.54,HEAVY,283.94,VERY HIGH,HEAVY LOAD,87.88,79.43,HEAVY,274.0,VERY HIGH,HEAVY LOAD,89.74,81.34,HEAVY,279.19,VERY HIGH,HEAVY LOAD,88.79,82.4,HEAVY,279.59,VERY HIGH,HEAVY LOAD,16.4,4.88,LIGHT,72.82,LOW,RUNNING,18.09,5.31,LIGHT,75.58,LOW,RUNNING,15.74,3.96,LIGHT,70.61,LOW,RUNNING,17.66,5.14,LIGHT,74.78,LOW,RUNNING,87.2,79.69,HEAVY,273.53,VERY HIGH,HEAVY LOAD,90.58,82.76,HEAVY,282.37,VERY HIGH,HEAVY LOAD,28.8,54.0,262.2,0.25,22.0,COOLING,0.25,22.0,COOLING,0.25,22.0,COOLING,0.25,22.0,COOLING,24.733,24.615,24.757,23.501,24.401,24.757,23.501,1.256,1116.72,148.4,145.39,555.9,85.0,850.0,935.0,85.0,185.92,254.03,316.52,277.96,-148.26,12.01,-154.01,290.26,875.0,875.0,875.0,875.0,364.38,389.44,367.9,334.12,1966.41,1955.0,1034.43,3500.0,1455.84,1.0,1.0,1.0,0.858,22.5,MAX_UNIFORM_COOL,16.0058
5,Opposing Thermal Zones,0,374,3740.0,23,1,10,11,1,91.92,82.46,HEAVY,283.59,VERY HIGH,HEAVY LOAD,87.79,79.48,HEAVY,273.96,VERY HIGH,HEAVY LOAD,89.81,81.48,HEAVY,279.48,VERY HIGH,HEAVY LOAD,88.97,82.49,HEAVY,279.95,VERY HIGH,HEAVY LOAD,16.49,4.9,LIGHT,72.96,LOW,RUNNING,18.05,5.25,LIGHT,75.44,LOW,RUNNING,15.61,3.87,LIGHT,70.32,LOW,RUNNING,17.56,5.11,LIGHT,74.61,LOW,RUNNING,87.22,79.81,HEAVY,273.74,VERY HIGH,HEAVY LOAD,90.75,82.88,HEAVY,282.76,VERY HIGH,HEAVY LOAD,28.8,54.0,262.3,0.25,22.0,COOLING,0.25,22.0,COOLING,0.25,22.0,COOLING,0.25,22.0,COOLING,24.74,24.623,24.764,23.508,24.409,24.764,23.508,1.256,1116.98,148.4,144.93,556.5,85.0,850.0,935.0,85.0,185.8,253.92,316.43,277.87,-148.14,11.89,-154.14,290.39,875.0,875.0,875.0,875.0,364.64,389.21,367.22,334.76,1966.81,1955.0,1034.02,3500.0,1455.83,1.0,1.0,1.0,0.858,22.5,MAX_UNIFORM_COOL,16.1007
5,Opposing Thermal Zones,0,375,3750.0,23,1,10,11,1,91.74,82.42,HEAVY,283.31,VERY HIGH,HEAVY LOAD,87.72,79.56,HEAVY,273.99,VERY HIGH,HEAVY LOAD,89.92,81.61,HEAVY,279.81,VERY HIGH,HEAVY LOAD,89.15,82.56,HEAVY,280.28,VERY HIGH,HEAVY LOAD,16.56,4.9,LIGHT,73.05,LOW,RUNNING,17.99,5.18,LIGHT,75.26,LOW,RUNNING,15.47,3.79,LIGHT,70.02,LOW,RUNNING,17.48,5.1,LIGHT,74.5,LOW,RUNNING,87.29,79.94,HEAVY,274.02,VERY HIGH,HEAVY LOAD,90.92,82.97,HEAVY,283.11,VERY HIGH,HEAVY LOAD,28.8,54.0,262.5,0.25,22.0,COOLING,0.25,22.0,COOLING,0.25,22.0,COOLING,0.25,22.0,COOLING,24.747,24.631,24.771,23.515,24.416,24.771,23.515,1.256,1117.39,148.31,144.52,557.13,85.0,850.0,935.0,85.0,185.73,253.87,316.46,277.84,-148.03,11.65,-154.03,290.4,875.0,875.0,875.0,875.0,365.09,388.83,366.95,335.37,1967.35,1955.0,1033.9,3500.0,1456.24,1.0,1.0,1.0,0.859,22.5,MAX_UNIFORM_COOL,16.1964
5,Opposing Thermal Zones,0,376,3760.0,23,1,10,11,1,91.58,82.4,HEAVY,283.07,VERY HIGH,HEAVY LOAD,87.7,79.67,HEAVY,274.13,VERY HIGH,HEAVY LOAD,90.05,81.74,HEAVY,280.17,VERY HIGH,HEAVY LOAD,89.32,82.59,HEAVY,280.53,VERY HIGH,HEAVY LOAD,16.59,4.88,LIGHT,73.06,LOW,RUNNING,17.9,5.09,LIGHT,75.01,LOW,RUNNING,15.34,3.72,LIGHT,69.75,LOW,RUNNING,17.43,5.11,LIGHT,74.45,LOW,RUNNING,87.39,80.08,HEAVY,274.36,VERY HIGH,HEAVY LOAD,91.1,83.04,HEAVY,283.44,VERY HIGH,HEAVY LOAD,28.81,54.0,262.7,0.25,22.0,COOLING,0.25,22.0,COOLING,0.25,22.0,COOLING,0.25,22.0,COOLING,24.754,24.639,24.778,23.522,24.423,24.778,23.522,1.256,1117.9,148.07,144.2,557.8,85.0,850.0,935.0,85.0,185.86,254.04,316.7,278.03,-147.92,11.42,-153.92,290.42,875.0,875.0,875.0,875.0,365.84,388.53,366.98,336.25,1967.97,1955.0,1034.63,3500.0,1457.6,1.0,1.0,1.0,0.859,22.5,MAX_UNIFORM_COOL,16.2929
5,Opposing Thermal Zones,0,377,3770.0,23,1,10,11,1,91.44,82.41,HEAVY,282.92,VERY HIGH,HEAVY LOAD,87.72,79.79,HEAVY,274.33,VERY HIGH,HEAVY LOAD,90.21,81.86,HEAVY,280.55,VERY HIGH,HEAVY LOAD,89.47,82.6,HEAVY,280.74,VERY HIGH,HEAVY LOAD,16.6,4.84,LIGHT,73.01,LOW,RUNNING,17.79,5.0,LIGHT,74.74,LOW,RUNNING,15.22,3.67,LIGHT,69.53,LOW,RUNNING,17.4,5.14,LIGHT,74.46,LOW,RUNNING,87.52,80.21,HEAVY,274.71,VERY HIGH,HEAVY LOAD,91.27,83.09,HEAVY,283.72,VERY HIGH,HEAVY LOAD,28.81,54.0,262.8,0.25,22.0,COOLING,0.25,22.0,COOLING,0.25,22.0,COOLING,0.25,22.0,COOLING,24.761,24.647,24.785,23.529,24.43,24.785,23.529,1.256,1118.54,147.75,143.99,558.43,85.0,850.0,935.0,85.0,185.75,253.93,316.64,277.94,-147.81,11.19,-153.81,290.44,875.0,875.0,875.0,875.0,366.48,387.87,366.82,336.81,1968.71,1955.0,1034.26,3500.0,1457.98,1.0,1.0,1.0,0.86,22.5,MAX_UNIFORM_COOL,16.3896
5,Opposing Thermal Zones,0,378,3780.0,23,1,10,11,1,91.33,82.45,HEAVY,282.84,VERY HIGH,HEAVY LOAD,87.77,79.92,HEAVY,274.59,VERY HIGH,HEAVY LOAD,90.39,81.95,HEAVY,280.91,VERY HIGH,HEAVY LOAD,89.61,82.58,HEAVY,280.88,VERY HIGH,HEAVY LOAD,16.58,4.78,LIGHT,72.89,LOW,RUNNING,17.67,4.91,LIGHT,74.45,LOW,RUNNING,15.11,3.62,LIGHT,69.32,LOW,RUNNING,17.41,5.18,LIGHT,74.53,LOW,RUNNING,87.67,80.33,HEAVY,275.08,VERY HIGH,HEAVY LOAD,91.44,83.1,HEAVY,283.95,VERY HIGH,HEAVY LOAD,28.81,54.0,263.0,0.25,22.0,COOLING,0.25,22.0,COOLING,0.25,22.0,COOLING,0.25,22.0,COOLING,24.768,24.655,24.792,23.536,24.438,24.792,23.536,1.256,1119.22,147.34,143.85,559.03,85.0,850.0,935.0,85.0,185.67,253.88,316.66,277.92,-147.7,10.95,-153.7,290.45,875.0,875.0,875.0,875.0,367.19,387.17,366.81,337.4,1969.44,1955.0,1034.13,3500.0,1458.57,1.0,1.0,1.0,0.86,22.5,MAX_UNIFORM_COOL,16.4868
5,Opposing Thermal Zones,0,379,3790.0,23,1,10,11,1,91.25,82.52,HEAVY,282.84,VERY HIGH,HEAVY LOAD,87.86,80.05,HEAVY,274.9,VERY HIGH,HEAVY LOAD,90.57,82.03,HEAVY,281.26,VERY HIGH,HEAVY LOAD,89.71,82.52,HEAVY,280.92,VERY HIGH,HEAVY LOAD,16.52,4.71,LIGHT,72.72,LOW,RUNNING,17.54,4.83,LIGHT,74.17,LOW,RUNNING,15.02,3.6,LIGHT,69.17,LOW,RUNNING,17.44,5.24,LIGHT,74.66,LOW,RUNNING,87.84,80.43,HEAVY,275.44,VERY HIGH,HEAVY LOAD,91.57,83.08,HEAVY,284.08,VERY HIGH,HEAVY LOAD,28.82,54.0,263.2,0.25,22.0,COOLING,0.25,22.0,COOLING,0.25,22.0,COOLING,0.25,22.0,COOLING,24.776,24.663,24.799,23.543,24.445,24.799,23.543,1.256,1119.92,146.89,143.83,559.52,85.0,850.0,935.0,85.0,185.82,254.05,316.9,278.11,-147.59,10.72,-153.59,290.46,875.0,875.0,875.0,875.0,368.15,386.66,367.14,338.09,1970.16,1955.0,1034.88,3500.0,1460.04,1.0,1.0,1.0,0.867,22.5,MAX_UNIFORM_COOL,16.5897
5,Opposing Thermal Zones,0,380,3800.0,23,1,10,11,1,91.21,82.62,HEAVY,282.94,VERY HIGH,HEAVY LOAD,87.99,80.18,HEAVY,275.26,VERY HIGH,HEAVY LOAD,90.74,82.08,HEAVY,281.55,VERY HIGH,HEAVY LOAD,89.77,82.44,HEAVY,280.87,VERY HIGH,HEAVY LOAD,16.44,4.63,LIGHT,72.5,LOW,RUNNING,17.4,4.75,LIGHT,73.88,LOW,RUNNING,14.95,3.6,LIGHT,69.09,LOW,RUNNING,17.5,5.32,LIGHT,74.86,LOW,RUNNING,88.02,80.51,HEAVY,275.79,VERY HIGH,HEAVY LOAD,91.68,83.04,HEAVY,284.16,VERY HIGH,HEAVY LOAD,28.82,54.0,263.3,0.25,22.0,COOLING,0.25,22.0,COOLING,0.25,22.0,COOLING,0.25,22.0,COOLING,24.784,24.671,24.806,23.55,24.453,24.806,23.55,1.256,1120.62,146.38,143.95,559.95,85.0,850.0,935.0,85.0,185.69,253.94,316.84,278.02,-147.72,10.59,-153.46,290.59,875.0,875.0,875.0,875.0,368.59,385.91,367.33,338.56,1970.9,1955.0,1034.49,3500.0,1460.39,1.0,1.0,1.0,0.873,22.5,MAX_UNIFORM_COOL,16.6926
5,Opposing Thermal Zones,0,381,3810.0,23,1,10,11,1,91.2,82.73,HEAVY,283.1,VERY HIGH,HEAVY LOAD,88.14,80.3,HEAVY,275.62,VERY HIGH,HEAVY LOAD,90.91,82.1,HEAVY,281.79,VERY HIGH,HEAVY LOAD,89.8,82.34,HEAVY,280.76,VERY HIGH,HEAVY LOAD,16.34,4.54,LIGHT,72.23,LOW,RUNNING,17.27,4.69,LIGHT,73.62,LOW,RUNNING,14.91,3.62,LIGHT,69.07,LOW,RUNNING,17.59,5.4,LIGHT,75.09,LOW,RUNNING,88.2,80.57,HEAVY,276.11,VERY HIGH,HEAVY LOAD,91.76,82.97,HEAVY,284.16,VERY HIGH,HEAVY LOAD,28.82,54.0,263.5,0.25,22.0,COOLING,0.25,22.0,COOLING,0.25,22.0,COOLING,0.25,22.0,COOLING,24.792,24.679,24.814,23.557,24.46,24.814,23.557,1.257,1121.27,145.85,144.16,560.27,85.0,850.0,935.0,85.0,185.58,253.89,316.86,277.99,-147.84,10.47,-153.34,290.71,875.0,875.0,875.0,875.0,369.01,385.21,367.68,338.97,1971.55,1955.0,1034.32,3500.0,1460.87,1.0,1.0,1.0,0.873,22.5,MAX_UNIFORM_COOL,16.8044
5,Opposing Thermal Zones,0,382,3820.0,23,1,10,11,1,91.24,82.86,HEAVY,283.34,VERY HIGH,HEAVY LOAD,88.31,80.41,HEAVY,276.0,VERY HIGH,HEAVY LOAD,91.05,82.09,HEAVY,281.95,VERY HIGH,HEAVY LOAD,89.79,82.23,HEAVY,280.58,VERY HIGH,HEAVY LOAD,16.23,4.45,LIGHT,71.96,LOW,RUNNING,17.15,4.64,LIGHT,73.4,LOW,RUNNING,14.9,3.66,LIGHT,69.11,LOW,RUNNING,17.7,5.49,LIGHT,75.36,LOW,RUNNING,88.36,80.6,HEAVY,276.35,VERY HIGH,HEAVY LOAD,91.8,82.87,HEAVY,284.06,VERY HIGH,HEAVY LOAD,28.83,54.0,263.7,0.25,22.0,COOLING,0.25,22.0,COOLING,0.25,22.0,COOLING,0.25,22.0,COOLING,24.8,24.687,24.822,23.564,24.468,24.822,23.564,1.258,1121.87,145.36,144.47,560.41,85.0,850.0,935.0,85.0,185.71,254.06,317.08,278.18,-147.95,10.45,-153.45,290.95,875.0,875.0,875.0,875.0,369.63,384.87,368.1,339.54,1972.11,1955.0,1035.03,3500.0,1462.14,1.0,1.0,1.0,0.873,22.5,MAX_UNIFORM_COOL,16.9171
5,Opposing Thermal Zones,0,383,3830.0,23,1,10,11,1,91.32,82.99,HEAVY,283.63,VERY HIGH,HEAVY LOAD,88.48,80.5,HEAVY,276.35,VERY HIGH,HEAVY LOAD,91.16,82.05,HEAVY,282.02,VERY HIGH,HEAVY LOAD,89.73,82.1,HEAVY,280.31,VERY HIGH,HEAVY LOAD,16.1,4.37,LIGHT,71.68,LOW,RUNNING,17.05,4.61,LIGHT,73.23,LOW,RUNNING,14.92,3.71,LIGHT,69.22,LOW,RUNNING,17.82,5.58,LIGHT,75.65,LOW,RUNNING,88.51,80.6,HEAVY,276.54,VERY HIGH,HEAVY LOAD,91.79,82.76,HEAVY,283.88,VERY HIGH,HEAVY LOAD,28.83,54.0,263.8,0.25,22.0,COOLING,0.25,22.0,COOLING,0.25,22.0,COOLING,0.25,22.0,COOLING,24.808,24.695,24.83,23.571,24.476,24.83,23.571,1.259,1122.31,144.91,144.87,560.42,85.0,850.0,935.0,85.0,185.56,253.95,316.99,278.1,-148.06,10.43,-153.56,291.19,875.0,875.0,875.0,875.0,369.81,384.29,368.3,339.71,1972.51,1955.0,1034.6,3500.0,1462.11,1.0,1.0,1.0,0.873,22.5,MAX_UNIFORM_COOL,17.0298
5,Opposing Thermal Zones,0,384,3840.0,23,1,10,11,1,91.43,83.12,HEAVY,283.97,VERY HIGH,HEAVY LOAD,88.66,80.56,HEAVY,276.66,VERY HIGH,HEAVY LOAD,91.25,81.98,HEAVY,282.03,VERY HIGH,HEAVY LOAD,89.64,81.96,HEAVY,279.99,VERY HIGH,HEAVY LOAD,15.96,4.29,LIGHT,71.39,LOW,RUNNING,16.98,4.6,LIGHT,73.12,LOW,RUNNING,14.97,3.78,LIGHT,69.38,LOW,RUNNING,17.95,5.66,LIGHT,75.93,LOW,RUNNING,88.64,80.56,HEAVY,276.64,VERY HIGH,HEAVY LOAD,91.75,82.63,HEAVY,283.63,VERY HIGH,HEAVY LOAD,28.83,54.0,264.0,0.25,22.0,COOLING,0.25,22.0,COOLING,0.25,22.0,COOLING,0.25,22.0,COOLING,24.816,24.703,24.838,23.578,24.484,24.838,23.578,1.26,1122.65,144.51,145.31,560.27,85.0,850.0,935.0,85.0,185.47,253.9,317.0,278.07,-148.17,10.42,-153.67,291.42,875.0,875.0,875.0,875.0,369.95,383.83,368.64,339.76,1972.74,1955.0,1034.44,3500.0,1462.18,1.0,1.0,1.0,0.873,22.5,MAX_UNIFORM_COOL,17.1432
5,Opposing Thermal Zones,0,385,3850.0,23,1,10,11,1,91.57,83.25,HEAVY,284.34,VERY HIGH,HEAVY LOAD,88.83,80.59,HEAVY,276.92,VERY HIGH,HEAVY LOAD,91.29,81.89,HEAVY,281.95,VERY HIGH,HEAVY LOAD,89.52,81.83,HEAVY,279.64,VERY HIGH,HEAVY LOAD,15.83,4.22,LIGHT,71.12,LOW,RUNNING,16.92,4.61,LIGHT,73.07,LOW,RUNNING,15.05,3.86,LIGHT,69.6,LOW,RUNNING,18.09,5.74,LIGHT,76.22,LOW,RUNNING,88.73,80.5,HEAVY,276.66,VERY HIGH,HEAVY LOAD,91.67,82.5,HEAVY,283.34,VERY HIGH,HEAVY LOAD,28.84,54.0,264.2,0.25,22.0,COOLING,0.25,22.0,COOLING,0.25,22.0,COOLING,0.25,22.0,COOLING,24.824,24.711,24.846,23.585,24.492,24.846,23.585,1.261,1122.85,144.19,145.82,560.0,85.0,850.0,935.0,85.0,185.6,254.07,317.21,278.25,-148.28,10.41,-153.78,291.66,875.0,875.0,875.0,875.0,370.17,383.67,369.25,339.91,1972.86,1955.0,1035.13,3500.0,1463.0,1.0,1.0,1.0,0.872,22.5,MAX_UNIFORM_COOL,17.2575
5,Opposing Thermal Zones,0,386,3860.0,23,1,10,11,1,91.73,83.36,HEAVY,284.7,VERY HIGH,HEAVY LOAD,88.99,80.6,HEAVY,277.14,VERY HIGH,HEAVY LOAD,91.3,81.78,HEAVY,281.8,VERY HIGH,HEAVY LOAD,89.38,81.71,HEAVY,279.29,VERY HIGH,HEAVY LOAD,15.71,4.16,LIGHT,70.88,LOW,RUNNING,16.9,4.64,LIGHT,73.08,LOW,RUNNING,15.15,3.95,LIGHT,69.86,LOW,RUNNING,18.22,5.81,LIGHT,76.49,LOW,RUNNING,88.78,80.42,HEAVY,276.61,VERY HIGH,HEAVY LOAD,91.56,82.36,HEAVY,282.99,VERY HIGH,HEAVY LOAD,28.84,54.0,264.3,0.25,22.0,COOLING,0.25,22.0,COOLING,0.25,22.0,COOLING,0.25,22.0,COOLING,24.832,24.719,24.854,23.592,24.499,24.854,23.592,1.262,1122.93,143.96,146.35,559.6,85.0,850.0,935.0,85.0,185.45,253.96,317.13,278.17,-148.39,10.39,-153.89,291.89,875.0,875.0,875.0,875.0,369.99,383.31,369.59,339.66,1972.84,1955.0,1034.71,3500.0,1462.55,1.0,1.0,1.0,0.872,22.5,MAX_UNIFORM_COOL,17.3719
5,Opposing Thermal Zones,0,387,3870.0,23,1,10,11,1,91.9,83.46,HEAVY,285.06,VERY HIGH,HEAVY LOAD,89.12,80.57,HEAVY,277.25,VERY HIGH,HEAVY LOAD,91.26,81.66,HEAVY,281.56,VERY HIGH,HEAVY LOAD,89.21,81.6,HEAVY,278.91,VERY HIGH,HEAVY LOAD,15.6,4.12,LIGHT,70.68,LOW,RUNNING,16.91,4.69,LIGHT,73.17,LOW,RUNNING,15.26,4.04,LIGHT,70.14,LOW,RUNNING,18.34,5.86,LIGHT,76.72,LOW,RUNNING,88.8,80.31,HEAVY,276.47,VERY HIGH,HEAVY LOAD,91.42,82.24,HEAVY,282.63,VERY HIGH,HEAVY LOAD,28.84,54.0,264.5,0.25,22.0,COOLING,0.25,22.0,COOLING,0.25,22.0,COOLING,0.25,22.0,COOLING,24.84,24.727,24.862,23.599,24.507,24.862,23.599,1.263,1122.78,143.85,146.86,559.1,85.0,850.0,935.0,85.0,185.36,253.91,317.14,278.14,-148.5,10.37,-154.0,292.13,875.0,875.0,875.0,875.0,369.64,383.13,370.0,339.37,1972.59,1955.0,1034.55,3500.0,1462.14,1.0,1.0,1.0,0.879,22.5,MAX_UNIFORM_COOL,17.4868
5,Opposing Thermal Zones,0,388,3880.0,23,1,10,11,1,92.08,83.54,HEAVY,285.41,VERY HIGH,HEAVY LOAD,89.21,80.52,HEAVY,277.29,VERY HIGH,HEAVY LOAD,91.19,81.52,HEAVY,281.27,VERY HIGH,HEAVY LOAD,89.03,81.51,HEAVY,278.55,VERY HIGH,HEAVY LOAD,15.51,4.1,LIGHT,70.54,LOW,RUNNING,16.95,4.75,LIGHT,73.31,LOW,RUNNING,15.39,4.13,LIGHT,70.43,LOW,RUNNING,18.44,5.89,LIGHT,76.88,LOW,RUNNING,88.78,80.19,HEAVY,276.26,VERY HIGH,HEAVY LOAD,91.25,82.12,HEAVY,282.24,VERY HIGH,HEAVY LOAD,28.85,54.0,264.7,0.25,22.0,COOLING,0.25,22.0,COOLING,0.25,22.0,COOLING,0.25,22.0,COOLING,24.848,24.735,24.87,23.606,24.515,24.87,23.606,1.264,1122.52,143.85,147.31,558.5,85.0,850.0,935.0,85.0,185.48,254.08,317.35,278.34,-148.61,10.36,-154.11,292.36,875.0,875.0,875.0,875.0,369.39,383.29,370.55,339.2,1972.18,1955.0,1035.25,3500.0,1462.43,1.0,1.0,1.0,0.871,22.5,MAX_UNIFORM_COOL,17.6026
5,Opposing Thermal Zones,0,389,3890.0,23,1,10,11,1,92.26,83.58,HEAVY,285.7,VERY HIGH,HEAVY LOAD,89.28,80.44,HEAVY,277.26,VERY HIGH,HEAVY LOAD,91.08,81.39,HEAVY,280.94,VERY HIGH,HEAVY LOAD,88.85,81.44,HEAVY,278.22,VERY HIGH,HEAVY LOAD,15.44,4.1,LIGHT,70.45,LOW,RUNNING,17.01,4.82,LIGHT,73.49,LOW,RUNNING,15.53,4.21,LIGHT,70.73,LOW,RUNNING,18.52,5.9,LIGHT,77.0,LOW,RUNNING,88.71,80.06,HEAVY,275.98,VERY HIGH,HEAVY LOAD,91.08,82.03,HEAVY,281.89,VERY HIGH,HEAVY LOAD,28.85,54.0,264.8,0.25,22.0,COOLING,0.25,22.0,COOLING,0.25,22.0,COOLING,0.25,22.0,COOLING,24.856,24.743,24.878,23.613,24.523,24.878,23.613,1.265,1122.12,143.94,147.73,557.87,85.0,850.0,935.0,85.0,185.34,253.97,317.27,278.25,-148.72,10.35,-154.22,292.59,875.0,875.0,875.0,875.0,368.74,383.26,370.78,338.71,1971.66,1955.0,1034.83,3500.0,1461.49,1.0,1.0,1.0,0.87,22.5,MAX_UNIFORM_COOL,17.7183
5,Opposing Thermal Zones,0,390,3900.0,23,1,10,11,1,92.42,83.6,HEAVY,285.93,VERY HIGH,HEAVY LOAD,89.3,80.33,HEAVY,277.12,VERY HIGH,HEAVY LOAD,90.95,81.26,HEAVY,280.58,VERY HIGH,HEAVY LOAD,88.68,81.41,HEAVY,277.97,VERY HIGH,HEAVY LOAD,15.41,4.12,LIGHT,70.44,LOW,RUNNING,17.1,4.91,LIGHT,73.74,LOW,RUNNING,15.66,4.28,LIGHT,71.0,LOW,RUNNING,18.57,5.89,LIGHT,77.05,LOW,RUNNING,88.61,79.92,HEAVY,275.64,VERY HIGH,HEAVY LOAD,90.9,81.96,HEAVY,281.56,VERY HIGH,HEAVY LOAD,28.85,54.0,265.0,0.25,22.0,COOLING,0.25,22.0,COOLING,0.25,22.0,COOLING,0.25,22.0,COOLING,24.864,24.751,24.886,23.62,24.53,24.886,23.62,1.266,1121.6,144.18,148.05,557.2,85.0,850.0,935.0,85.0,185.25,253.92,317.27,278.22,-148.83,10.33,-154.33,292.83,875.0,875.0,875.0,875.0,368.02,383.43,370.99,338.25,1971.03,1955.0,1034.66,3500.0,1460.69,1.0,1.0,1.0,0.87,22.5,MAX_UNIFORM_COOL,17.8345
5,Opposing Thermal Zones,0,391,3910.0,23,1,10,11,1,92.56,83.59,HEAVY,286.09,VERY HIGH,HEAVY LOAD,89.28,80.21,HEAVY,276.92,VERY HIGH,HEAVY LOAD,90.79,81.14,HEAVY,280.2,VERY HIGH,HEAVY LOAD,88.53,81.4,HEAVY,277.76,VERY HIGH,HEAVY LOAD,15.4,4.16,LIGHT,70.49,LOW,RUNNING,17.21,5.0,LIGHT,74.01,LOW,RUNNING,15.78,4.33,LIGHT,71.22,LOW,RUNNING,18.6,5.86,LIGHT,77.04,LOW,RUNNING,88.48,79.79,HEAVY,275.29,VERY HIGH,HEAVY LOAD,90.73,81.91,HEAVY,281.28,VERY HIGH,HEAVY LOAD,28.86,54.0,265.2,0.25,22.0,COOLING,0.25,22.0,COOLING,0.25,22.0,COOLING,0.25,22.0,COOLING,24.871,24.759,24.894,23.627,24.538,24.894,23.627,1.267,1120.97,144.5,148.26,556.57,85.0,850.0,935.0,85.0,185.36,254.09,317.49,278.41,-148.94,10.31,-154.44,293.06,875.0,875.0,875.0,875.0,367.39,383.9,371.31,338.04,1970.3,1955.0,1035.35,3500.0,1460.64,1.0,1.0,1.0,0.863,22.5,MAX_UNIFORM_COOL,17.9469
5,Opposing Thermal Zones,0,392,3920.0,23,1,10,11,1,92.67,83.55,HEAVY,286.16,VERY HIGH,HEAVY LOAD,89.23,80.08,HEAVY,276.66,VERY HIGH,HEAVY LOAD,90.61,81.05,HEAVY,279.84,VERY HIGH,HEAVY LOAD,88.39,81.42,HEAVY,277.62,VERY HIGH,HEAVY LOAD,15.42,4.22,LIGHT,70.61,LOW,RUNNING,17.33,5.09,LIGHT,74.3,LOW,RUNNING,15.89,4.38,LIGHT,71.43,LOW,RUNNING,18.59,5.82,LIGHT,76.97,LOW,RUNNING,88.33,79.67,HEAVY,274.92,VERY HIGH,HEAVY LOAD,90.56,81.9,HEAVY,281.05,VERY HIGH,HEAVY LOAD,28.86,54.0,265.3,0.25,22.0,COOLING,0.25,22.0,COOLING,0.25,22.0,COOLING,0.25,22.0,COOLING,24.878,24.767,24.902,23.634,24.545,24.902,23.634,1.268,1120.28,144.91,148.4,555.97,85.0,850.0,935.0,85.0,185.25,253.98,317.41,278.32,-148.81,10.19,-154.56,293.19,875.0,875.0,875.0,875.0,366.72,384.08,371.25,337.48,1969.56,1955.0,1034.96,3500.0,1459.53,1.0,1.0,1.0,0.857,22.5,MAX_UNIFORM_COOL,18.0595
5,Opposing Thermal Zones,0,393,3930.0,23,1,10,11,1,92.75,83.48,HEAVY,286.16,VERY HIGH,HEAVY LOAD,89.14,79.95,HEAVY,276.35,VERY HIGH,HEAVY LOAD,90.43,80.97,HEAVY,279.49,VERY HIGH,HEAVY LOAD,88.29,81.48,HEAVY,277.58,VERY HIGH,HEAVY LOAD,15.48,4.29,LIGHT,70.78,LOW,RUNNING,17.46,5.17,LIGHT,74.58,LOW,RUNNING,15.98,4.4,LIGHT,71.57,LOW,RUNNING,18.56,5.76,LIGHT,76.84,LOW,RUNNING,88.16,79.57,HEAVY,274.55,VERY HIGH,HEAVY LOAD,90.43,81.92,HEAVY,280.92,VERY HIGH,HEAVY LOAD,28.86,54.0,265.5,0.25,22.0,COOLING,0.25,22.0,COOLING,0.25,22.0,COOLING,0.25,22.0,COOLING,24.885,24.775,24.91,23.641,24.553,24.91,23.641,1.269,1119.58,145.36,148.41,555.47,85.0,850.0,935.0,85.0,185.17,253.94,317.41,278.3,-148.69,10.07,-154.69,293.32,875.0,875.0,875.0,875.0,366.06,384.37,371.13,337.09,1968.82,1955.0,1034.82,3500.0,1458.65,1.0,1.0,1.0,0.855,22.5,MAX_UNIFORM_COOL,18.1726
5,Opposing Thermal Zones,0,394,3940.0,23,1,10,11,1,92.79,83.38,HEAVY,286.06,VERY HIGH,HEAVY LOAD,89.01,79.82,HEAVY,275.99,VERY HIGH,HEAVY LOAD,90.26,80.92,HEAVY,279.2,VERY HIGH,HEAVY LOAD,88.23,81.56,HEAVY,277.63,VERY HIGH,HEAVY LOAD,15.56,4.37,LIGHT,71.01,LOW,RUNNING,17.6,5.25,LIGHT,74.88,LOW,RUNNING,16.05,4.4,LIGHT,71.66,LOW,RUNNING,18.5,5.68,LIGHT,76.64,LOW,RUNNING,87.98,79.49,HEAVY,274.21,VERY HIGH,HEAVY LOAD,90.32,81.96,HEAVY,280.84,VERY HIGH,HEAVY LOAD,28.87,54.0,265.7,0.25,22.0,COOLING,0.25,22.0,COOLING,0.25,22.0,COOLING,0.25,22.0,COOLING,24.892,24.783,24.918,23.648,24.56,24.918,23.648,1.27,1118.88,145.89,148.3,555.05,85.0,850.0,935.0,85.0,185.32,254.1,317.63,278.48,-148.57,9.94,-154.82,293.44,875.0,875.0,875.0,875.0,365.63,384.93,371.11,336.97,1968.12,1955.0,1035.53,3500.0,1458.64,1.0,1.0,1.0,0.852,22.5,MAX_UNIFORM_COOL,18.2865
5,Opposing Thermal Zones,0,395,3950.0,23,1,10,11,1,92.8,83.27,HEAVY,285.9,VERY HIGH,HEAVY LOAD,88.86,79.7,HEAVY,275.62,VERY HIGH,HEAVY LOAD,90.09,80.9,HEAVY,278.96,VERY HIGH,HEAVY LOAD,88.2,81.66,HEAVY,277.74,VERY HIGH,HEAVY LOAD,15.66,4.46,LIGHT,71.27,LOW,RUNNING,17.73,5.31,LIGHT,75.13,LOW,RUNNING,16.09,4.38,LIGHT,71.68,LOW,RUNNING,18.41,5.6,LIGHT,76.41,LOW,RUNNING,87.8,79.43,HEAVY,273.9,VERY HIGH,HEAVY LOAD,90.24,82.03,HEAVY,280.85,VERY HIGH,HEAVY LOAD,28.87,54.0,265.8,0.25,22.0,COOLING,0.25,22.0,COOLING,0.25,22.0,COOLING,0.25,22.0,COOLING,24.899,24.791,24.926,23.655,24.568,24.926,23.655,1.271,1118.22,146.4,148.09,554.75,85.0,850.0,935.0,85.0,185.2,253.99,317.54,278.39,-148.44,9.81,-154.94,293.56,875.0,875.0,875.0,875.0,364.98,385.2,370.69,336.7,1967.46,1955.0,1035.12,3500.0,1457.57,1.0,1.0,1.0,0.839,22.5,MAX_UNIFORM_COOL,18.4001
5,Opposing Thermal Zones,0,396,3960.0,23,1,10,11,1,92.76,83.14,HEAVY,285.66,VERY HIGH,HEAVY LOAD,88.69,79.59,HEAVY,275.25,VERY HIGH,HEAVY LOAD,89.95,80.91,HEAVY,278.8,VERY HIGH,HEAVY LOAD,88.21,81.77,HEAVY,277.92,VERY HIGH,HEAVY LOAD,15.77,4.55,LIGHT,71.54,LOW,RUNNING,17.85,5.36,LIGHT,75.35,LOW,RUNNING,16.1,4.34,LIGHT,71.64,LOW,RUNNING,18.3,5.51,LIGHT,76.14,LOW,RUNNING,87.64,79.4,HEAVY,273.65,VERY HIGH,HEAVY LOAD,90.2,82.13,HEAVY,280.94,VERY HIGH,HEAVY LOAD,28.88,54.0,266.0,0.25,22.0,COOLING,0.25,22.0,COOLING,0.25,22.0,COOLING,0.25,22.0,COOLING,24.906,24.799,24.934,23.662,24.575,24.934,23.662,1.272,1117.63,146.89,147.78,554.59,85.0,850.0,935.0,85.0,185.34,254.16,317.76,278.59,-148.32,9.69,-155.06,293.69,875.0,875.0,875.0,875.0,364.65,385.74,370.48,336.87,1966.89,1955.0,1035.85,3500.0,1457.74,1.0,1.0,1.0,0.845,22.5,MAX_UNIFORM_COOL,18.5147
5,Opposing Thermal Zones,0,397,3970.0,23,1,10,11,1,92.68,83.01,HEAVY,285.37,VERY HIGH,HEAVY LOAD,88.52,79.5,HEAVY,274.9,VERY HIGH,HEAVY LOAD,89.84,80.95,HEAVY,278.73,VERY HIGH,HEAVY LOAD,88.27,81.9,HEAVY,278.19,VERY HIGH,HEAVY LOAD,15.9,4.63,LIGHT,71.82,LOW,RUNNING,17.95,5.39,LIGHT,75.52,LOW,RUNNING,16.08,4.29,LIGHT,71.53,LOW,RUNNING,18.18,5.42,LIGHT,75.85,LOW,RUNNING,87.49,79.4,HEAVY,273.46,VERY HIGH,HEAVY LOAD,90.21,82.24,HEAVY,281.12,VERY HIGH,HEAVY LOAD,28.88,54.0,266.2,0.25,22.0,COOLING,0.25,22.0,COOLING,0.25,22.0,COOLING,0.25,22.0,COOLING,24.913,24.807,24.942,23.669,24.583,24.942,23.669,1.273,1117.19,147.34,147.38,554.58,85.0,850.0,935.0,85.0,185.27,254.12,317.76,278.57,-148.19,9.57,-155.19,293.82,875.0,875.0,875.0,875.0,364.27,386.03,369.95,336.97,1966.49,1955.0,1035.72,3500.0,1457.22,1.0,1.0,1.0,0.852,22.5,MAX_UNIFORM_COOL,18.6293
5,Opposing Thermal Zones,0,398,3980.0,23,1,10,11,1,92.57,82.88,HEAVY,285.03,VERY HIGH,HEAVY LOAD,88.34,79.44,HEAVY,274.59,VERY HIGH,HEAVY LOAD,89.75,81.02,HEAVY,278.72,VERY HIGH,HEAVY LOAD,88.36,82.04,HEAVY,278.51,VERY HIGH,HEAVY LOAD,16.04,4.71,LIGHT,72.11,LOW,RUNNING,18.02,5.4,LIGHT,75.62,LOW,RUNNING,16.03,4.22,LIGHT,71.37,LOW,RUNNING,18.05,5.34,LIGHT,75.57,LOW,RUNNING,87.36,79.44,HEAVY,273.36,VERY HIGH,HEAVY LOAD,90.25,82.37,HEAVY,281.37,VERY HIGH,HEAVY LOAD,28.88,54.0,266.3,0.25,22.0,COOLING,0.25,22.0,COOLING,0.25,22.0,COOLING,0.25,22.0,COOLING,24.92,24.815,24.95,23.676,24.59,24.95,23.676,1.274,1116.85,147.73,146.94,554.73,85.0,850.0,935.0,85.0,185.15,254.01,317.68,278.48,-148.07,9.44,-155.32,293.94,875.0,875.0,875.0,875.0,363.93,386.18,369.3,337.15,1966.25,1955.0,1035.32,3500.0,1456.56,1.0,1.0,1.0,0.858,22.5,MAX_UNIFORM_COOL,18.744
5,Opposing Thermal Zones,0,399,3990.0,23,1,10,11,1,92.43,82.75,HEAVY,284.66,VERY HIGH,HEAVY LOAD,88.17,79.41,HEAVY,274.33,VERY HIGH,HEAVY LOAD,89.71,81.11,HEAVY,278.8,VERY HIGH,HEAVY LOAD,88.48,82.17,HEAVY,278.86,VERY HIGH,HEAVY LOAD,16.17,4.78,LIGHT,72.38,LOW,RUNNING,18.08,5.39,LIGHT,75.68,LOW,RUNNING,15.95,4.14,LIGHT,71.15,LOW,RUNNING,17.91,5.26,LIGHT,75.28,LOW,RUNNING,87.27,79.5,HEAVY,273.34,VERY HIGH,HEAVY LOAD,90.33,82.5,HEAVY,281.66,VERY HIGH,HEAVY LOAD,28.89,54.0,266.5,0.25,22.0,COOLING,0.25,22.0,COOLING,0.25,22.0,COOLING,0.25,22.0,COOLING,24.927,24.823,24.958,23.683,24.598,24.958,23.683,1.275,1116.65,148.06,146.43,555.0,85.0,850.0,935.0,85.0,185.29,254.17,317.9,278.66,-147.94,9.31,-155.44,294.07,875.0,875.0,875.0,875.0,364.0,386.54,368.89,337.73,1966.14,1955.0,1036.02,3500.0,1457.16,1.0,1.0,1.0,0.867,22.5,MAX_UNIFORM_COOL,18.8596
5,Opposing Thermal Zones,0,400,4000.0,23,1,10,11,1,92.27,82.64,HEAVY,284.3,VERY HIGH,HEAVY LOAD,88.01,79.4,HEAVY,274.11,VERY HIGH,HEAVY LOAD,89.7,81.22,HEAVY,278.95,VERY HIGH,HEAVY LOAD,88.62,82.29,HEAVY,279.21,VERY HIGH,HEAVY LOAD,16.29,4.84,LIGHT,72.62,LOW,RUNNING,18.1,5.36,LIGHT,75.67,LOW,RUNNING,15.85,4.05,LIGHT,70.89,LOW,RUNNING,17.78,5.19,LIGHT,75.01,LOW,RUNNING,87.22,79.58,HEAVY,273.39,VERY HIGH,HEAVY LOAD,90.44,82.64,HEAVY,282.01,VERY HIGH,HEAVY LOAD,28.89,54.0,266.7,0.25,22.0,COOLING,0.25,22.0,COOLING,0.25,22.0,COOLING,0.25,22.0,COOLING,24.934,24.831,24.966,23.69,24.605,24.966,23.69,1.276,1116.57,148.29,145.9,555.4,85.0,850.0,935.0,85.0,185.21,254.13,317.9,278.64,-147.81,9.19,-155.56,294.19,875.0,875.0,875.0,875.0,363.97,386.61,368.24,338.23,1966.16,1955.0,1035.88,3500.0,1457.05,1.0,1.0,1.0,0.87,22.5,MAX_UNIFORM_COOL,18.9752
5,Opposing Thermal Zones,0,401,4010.0,23,1,10,11,1,92.1,82.54,HEAVY,283.94,VERY HIGH,HEAVY LOAD,87.88,79.43,HEAVY,274.0,VERY HIGH,HEAVY LOAD,89.74,81.34,HEAVY,279.19,VERY HIGH,HEAVY LOAD,88.79,82.4,HEAVY,279.59,VERY HIGH,HEAVY LOAD,16.4,4.88,LIGHT,72.82,LOW,RUNNING,18.09,5.31,LIGHT,75.58,LOW,RUNNING,15.74,3.96,LIGHT,70.61,LOW,RUNNING,17.66,5.14,LIGHT,74.78,LOW,RUNNING,87.2,79.69,HEAVY,273.53,VERY HIGH,HEAVY LOAD,90.58,82.76,HEAVY,282.37,VERY HIGH,HEAVY LOAD,28.89,54.0,266.8,0.25,22.0,COOLING,0.25,22.0,COOLING,0.25,22.0,COOLING,0.25,22.0,COOLING,24.941,24.839,24.973,23.697,24.612,24.973,23.697,1.276,1116.72,148.4,145.39,555.9,85.0,850.0,935.0,85.0,185.1,254.02,317.82,278.55,-147.69,9.07,-155.69,294.31,875.0,875.0,875.0,875.0,364.13,386.49,367.52,338.76,1966.41,1955.0,1035.49,3500.0,1456.9,1.0,1.0,1.0,0.878,22.5,MAX_UNIFORM_COOL,19.0816
5,Opposing Thermal Zones,0,402,4020.0,23,1,10,11,1,91.92,82.46,HEAVY,283.59,VERY HIGH,HEAVY LOAD,87.79,79.48,HEAVY,273.96,VERY HIGH,HEAVY LOAD,89.81,81.48,HEAVY,279.48,VERY HIGH,HEAVY LOAD,88.97,82.49,HEAVY,279.95,VERY HIGH,HEAVY LOAD,16.49,4.9,LIGHT,72.96,LOW,RUNNING,18.05,5.25,LIGHT,75.44,LOW,RUNNING,15.61,3.87,LIGHT,70.32,LOW,RUNNING,17.56,5.11,LIGHT,74.61,LOW,RUNNING,87.22,79.81,HEAVY,273.74,VERY HIGH,HEAVY LOAD,90.75,82.88,HEAVY,282.76,VERY HIGH,HEAVY LOAD,28.9,54.0,267.0,0.25,22.0,COOLING,0.25,22.0,COOLING,0.25,22.0,COOLING,0.25,22.0,COOLING,24.948,24.847,24.98,23.704,24.62,24.98,23.704,1.276,1116.98,148.4,144.93,556.5,85.0,850.0,935.0,85.0,185.24,254.19,318.05,278.74,-147.58,8.83,-155.58,294.33,875.0,875.0,875.0,875.0,364.64,386.42,367.4,339.57,1966.81,1955.0,1036.22,3500.0,1458.03,1.0,1.0,1.0,0.885,22.5,MAX_UNIFORM_COOL,19.1893
5,Opposing Thermal Zones,0,403,4030.0,23,1,10,11,1,91.74,82.42,HEAVY,283.31,VERY HIGH,HEAVY LOAD,87.72,79.56,HEAVY,273.99,VERY HIGH,HEAVY LOAD,89.92,81.61,HEAVY,279.81,VERY HIGH,HEAVY LOAD,89.15,82.56,HEAVY,280.28,VERY HIGH,HEAVY LOAD,16.56,4.9,LIGHT,73.05,LOW,RUNNING,17.99,5.18,LIGHT,75.26,LOW,RUNNING,15.47,3.79,LIGHT,70.02,LOW,RUNNING,17.48,5.1,LIGHT,74.5,LOW,RUNNING,87.29,79.94,HEAVY,274.02,VERY HIGH,HEAVY LOAD,90.92,82.97,HEAVY,283.11,VERY HIGH,HEAVY LOAD,28.9,54.0,267.2,0.25,22.0,COOLING,0.25,22.0,COOLING,0.25,22.0,COOLING,0.25,22.0,COOLING,24.955,24.855,24.987,23.711,24.627,24.987,23.711,1.276,1117.39,148.31,144.52,557.13,85.0,850.0,935.0,85.0,185.17,254.14,318.08,278.71,-147.47,8.59,-155.47,294.34,875.0,875.0,875.0,875.0,365.09,386.04,367.13,340.18,1967.35,1955.0,1036.1,3500.0,1458.44,1.0,1.0,1.0,0.892,22.5,MAX_UNIFORM_COOL,19.297
5,Opposing Thermal Zones,0,404,4040.0,23,1,10,11,1,91.58,82.4,HEAVY,283.07,VERY HIGH,HEAVY LOAD,87.7,79.67,HEAVY,274.13,VERY HIGH,HEAVY LOAD,90.05,81.74,HEAVY,280.17,VERY HIGH,HEAVY LOAD,89.32,82.59,HEAVY,280.53,VERY HIGH,HEAVY LOAD,16.59,4.88,LIGHT,73.06,LOW,RUNNING,17.9,5.09,LIGHT,75.01,LOW,RUNNING,15.34,3.72,LIGHT,69.75,LOW,RUNNING,17.43,5.11,LIGHT,74.45,LOW,RUNNING,87.39,80.08,HEAVY,274.36,VERY HIGH,HEAVY LOAD,91.1,83.04,HEAVY,283.44,VERY HIGH,HEAVY LOAD,28.9,54.0,267.3,0.25,22.0,COOLING,0.25,22.0,COOLING,0.25,22.0,COOLING,0.25,22.0,COOLING,24.962,24.863,24.994,23.718,24.634,24.994,23.718,1.276,1117.9,148.07,144.2,557.8,85.0,850.0,935.0,85.0,185.06,254.03,318.02,278.62,-147.36,8.36,-155.36,294.36,875.0,875.0,875.0,875.0,365.6,385.46,366.86,340.78,1967.97,1955.0,1035.73,3500.0,1458.7,1.0,1.0,1.0,0.899,22.5,MAX_UNIFORM_COOL,19.4051
5,Opposing Thermal Zones,0,405,4050.0,23,1,10,11,1,91.44,82.41,HEAVY,282.92,VERY HIGH,HEAVY LOAD,87.72,79.79,HEAVY,274.33,VERY HIGH,HEAVY LOAD,90.21,81.86,HEAVY,280.55,VERY HIGH,HEAVY LOAD,89.47,82.6,HEAVY,280.74,VERY HIGH,HEAVY LOAD,16.6,4.84,LIGHT,73.01,LOW,RUNNING,17.79,5.0,LIGHT,74.74,LOW,RUNNING,15.22,3.67,LIGHT,69.53,LOW,RUNNING,17.4,5.14,LIGHT,74.46,LOW,RUNNING,87.52,80.21,HEAVY,274.71,VERY HIGH,HEAVY LOAD,91.27,83.09,HEAVY,283.72,VERY HIGH,HEAVY LOAD,28.91,54.0,267.5,0.25,22.0,COOLING,0.25,22.0,COOLING,0.25,22.0,COOLING,0.25,22.0,COOLING,24.969,24.871,25.001,23.725,24.642,25.001,23.725,1.276,1118.54,147.75,143.99,558.43,85.0,850.0,935.0,85.0,185.19,254.2,318.25,278.82,-147.25,8.13,-155.25,294.37,875.0,875.0,875.0,875.0,366.48,385.08,366.99,341.62,1968.71,1955.0,1036.46,3500.0,1460.17,1.0,1.0,1.0,0.906,22.5,MAX_UNIFORM_COOL,19.5142
5,Opposing Thermal Zones,0,406,4060.0,23,1,10,11,1,91.33,82.45,HEAVY,282.84,VERY HIGH,HEAVY LOAD,87.77,79.92,HEAVY,274.59,VERY HIGH,HEAVY LOAD,90.39,81.95,HEAVY,280.91,VERY HIGH,HEAVY LOAD,89.61,82.58,HEAVY,280.88,VERY HIGH,HEAVY LOAD,16.58,4.78,LIGHT,72.89,LOW,RUNNING,17.67,4.91,LIGHT,74.45,LOW,RUNNING,15.11,3.62,LIGHT,69.32,LOW,RUNNING,17.41,5.18,LIGHT,74.53,LOW,RUNNING,87.67,80.33,HEAVY,275.08,VERY HIGH,HEAVY LOAD,91.44,83.1,HEAVY,283.95,VERY HIGH,HEAVY LOAD,28.91,54.0,267.7,0.25,22.0,COOLING,0.25,22.0,COOLING,0.25,22.0,COOLING,0.25,22.0,COOLING,24.976,24.879,25.008,23.732,24.649,25.008,23.732,1.276,1119.22,147.34,143.85,559.03,85.0,850.0,935.0,85.0,185.12,254.15,318.28,278.79,-147.14,7.89,-155.14,294.39,875.0,875.0,875.0,875.0,367.2,384.38,366.99,342.21,1969.44,1955.0,1036.34,3500.0,1460.78,1.0,1.0,1.0,0.913,22.5,MAX_UNIFORM_COOL,19.6234
5,Opposing Thermal Zones,0,407,4070.0,23,1,10,11,1,91.25,82.52,HEAVY,282.84,VERY HIGH,HEAVY LOAD,87.86,80.05,HEAVY,274.9,VERY HIGH,HEAVY LOAD,90.57,82.03,HEAVY,281.26,VERY HIGH,HEAVY LOAD,89.71,82.52,HEAVY,280.92,VERY HIGH,HEAVY LOAD,16.52,4.71,LIGHT,72.72,LOW,RUNNING,17.54,4.83,LIGHT,74.17,LOW,RUNNING,15.02,3.6,LIGHT,69.17,LOW,RUNNING,17.44,5.24,LIGHT,74.66,LOW,RUNNING,87.84,80.43,HEAVY,275.44,VERY HIGH,HEAVY LOAD,91.57,83.08,HEAVY,284.08,VERY HIGH,HEAVY LOAD,28.91,54.0,267.8,0.25,22.0,COOLING,0.25,22.0,COOLING,0.25,22.0,COOLING,0.25,22.0,COOLING,24.984,24.887,25.015,23.739,24.656,25.015,23.739,1.276,1119.92,146.89,143.83,559.52,85.0,850.0,935.0,85.0,185.0,254.05,318.21,278.71,-147.03,7.65,-155.03,294.4,875.0,875.0,875.0,875.0,367.89,383.59,367.01,342.63,1970.16,1955.0,1035.97,3500.0,1461.12,1.0,1.0,1.0,0.921,22.5,MAX_UNIFORM_COOL,19.7374
5,Opposing Thermal Zones,0,408,4080.0,23,1,10,11,1,91.21,82.62,HEAVY,282.94,VERY HIGH,HEAVY LOAD,87.99,80.18,HEAVY,275.26,VERY HIGH,HEAVY LOAD,90.74,82.08,HEAVY,281.55,VERY HIGH,HEAVY LOAD,89.77,82.44,HEAVY,280.87,VERY HIGH,HEAVY LOAD,16.44,4.63,LIGHT,72.5,LOW,RUNNING,17.4,4.75,LIGHT,73.88,LOW,RUNNING,14.95,3.6,LIGHT,69.09,LOW,RUNNING,17.5,5.32,LIGHT,74.86,LOW,RUNNING,88.02,80.51,HEAVY,275.79,VERY HIGH,HEAVY LOAD,91.68,83.04,HEAVY,284.16,VERY HIGH,HEAVY LOAD,28.92,54.0,268.0,0.25,22.0,COOLING,0.25,22.0,COOLING,0.25,22.0,COOLING,0.25,22.0,COOLING,24.992,24.895,25.022,23.746,24.664,25.022,23.746,1.276,1120.62,146.38,143.95,559.95,85.0,850.0,935.0,85.0,185.12,254.21,318.46,278.89,-147.16,7.53,-154.9,294.53,875.0,875.0,875.0,875.0,368.58,383.12,367.51,343.37,1970.9,1955.0,1036.68,3500.0,1462.58,1.0,1.0,1.0,0.928,22.5,MAX_UNIFORM_COOL,19.8524
5,Opposing Thermal Zones,0,409,4090.0,23,1,10,11,1,91.2,82.73,HEAVY,283.1,VERY HIGH,HEAVY LOAD,88.14,80.3,HEAVY,275.62,VERY HIGH,HEAVY LOAD,90.91,82.1,HEAVY,281.79,VERY HIGH,HEAVY LOAD,89.8,82.34,HEAVY,280.76,VERY HIGH,HEAVY LOAD,16.34,4.54,LIGHT,72.23,LOW,RUNNING,17.27,4.69,LIGHT,73.62,LOW,RUNNING,14.91,3.62,LIGHT,69.07,LOW,RUNNING,17.59,5.4,LIGHT,75.09,LOW,RUNNING,88.2,80.57,HEAVY,276.11,VERY HIGH,HEAVY LOAD,91.76,82.97,HEAVY,284.16,VERY HIGH,HEAVY LOAD,28.92,54.0,268.2,0.25,22.0,COOLING,0.25,22.0,COOLING,0.25,22.0,COOLING,0.25,22.0,COOLING,25.0,24.903,25.03,23.753,24.672,25.03,23.753,1.277,1121.27,145.85,144.16,560.27,85.0,850.0,935.0,85.0,185.03,254.16,318.48,278.86,-147.28,7.41,-154.78,294.66,875.0,875.0,875.0,875.0,369.02,382.42,367.86,343.79,1971.55,1955.0,1036.53,3500.0,1463.09,1.0,1.0,1.0,0.935,22.5,MAX_UNIFORM_COOL,19.9772
5,Opposing Thermal Zones,0,410,4100.0,23,1,10,11,1,91.24,82.86,HEAVY,283.34,VERY HIGH,HEAVY LOAD,88.31,80.41,HEAVY,276.0,VERY HIGH,HEAVY LOAD,91.05,82.09,HEAVY,281.95,VERY HIGH,HEAVY LOAD,89.79,82.23,HEAVY,280.58,VERY HIGH,HEAVY LOAD,16.23,4.45,LIGHT,71.96,LOW,RUNNING,17.15,4.64,LIGHT,73.4,LOW,RUNNING,14.9,3.66,LIGHT,69.11,LOW,RUNNING,17.7,5.49,LIGHT,75.36,LOW,RUNNING,88.36,80.6,HEAVY,276.35,VERY HIGH,HEAVY LOAD,91.8,82.87,HEAVY,284.06,VERY HIGH,HEAVY LOAD,28.92,54.0,268.3,0.25,22.0,COOLING,0.25,22.0,COOLING,0.25,22.0,COOLING,0.25,22.0,COOLING,25.008,24.911,25.038,23.76,24.679,25.038,23.76,1.278,1121.87,145.36,144.47,560.41,85.0,850.0,935.0,85.0,184.89,254.06,318.4,278.78,-147.39,7.39,-154.89,294.89,875.0,875.0,875.0,875.0,369.37,381.81,367.98,344.08,1972.11,1955.0,1036.13,3500.0,1463.24,1.0,1.0,1.0,0.941,22.5,MAX_UNIFORM_COOL,20.1021
5,Opposing Thermal Zones,0,411,4110.0,23,1,10,11,1,91.32,82.99,HEAVY,283.63,VERY HIGH,HEAVY LOAD,88.48,80.5,HEAVY,276.35,VERY HIGH,HEAVY LOAD,91.16,82.05,HEAVY,282.02,VERY HIGH,HEAVY LOAD,89.73,82.1,HEAVY,280.31,VERY HIGH,HEAVY LOAD,16.1,4.37,LIGHT,71.68,LOW,RUNNING,17.05,4.61,LIGHT,73.23,LOW,RUNNING,14.92,3.71,LIGHT,69.22,LOW,RUNNING,17.82,5.58,LIGHT,75.65,LOW,RUNNING,88.51,80.6,HEAVY,276.54,VERY HIGH,HEAVY LOAD,91.79,82.76,HEAVY,283.88,VERY HIGH,HEAVY LOAD,28.93,54.0,268.5,0.25,22.0,COOLING,0.25,22.0,COOLING,0.25,22.0,COOLING,0.25,22.0,COOLING,25.016,24.919,25.046,23.767,24.687,25.046,23.767,1.279,1122.31,144.91,144.87,560.42,85.0,850.0,935.0,85.0,185.01,254.22,318.62,278.96,-147.5,7.37,-155.0,295.12,875.0,875.0,875.0,875.0,369.82,381.5,368.49,344.5,1972.51,1955.0,1036.81,3500.0,1464.31,1.0,1.0,1.0,0.948,22.5,MAX_UNIFORM_COOL,20.2281
5,Opposing Thermal Zones,0,412,4120.0,23,1,10,11,1,91.43,83.12,HEAVY,283.97,VERY HIGH,HEAVY LOAD,88.66,80.56,HEAVY,276.66,VERY HIGH,HEAVY LOAD,91.25,81.98,HEAVY,282.03,VERY HIGH,HEAVY LOAD,89.64,81.96,HEAVY,279.99,VERY HIGH,HEAVY LOAD,15.96,4.29,LIGHT,71.39,LOW,RUNNING,16.98,4.6,LIGHT,73.12,LOW,RUNNING,14.97,3.78,LIGHT,69.38,LOW,RUNNING,17.95,5.66,LIGHT,75.93,LOW,RUNNING,88.64,80.56,HEAVY,276.64,VERY HIGH,HEAVY LOAD,91.75,82.63,HEAVY,283.63,VERY HIGH,HEAVY LOAD,28.93,54.0,268.7,0.25,22.0,COOLING,0.25,22.0,COOLING,0.25,22.0,COOLING,0.25,22.0,COOLING,25.024,24.927,25.054,23.774,24.695,25.054,23.774,1.28,1122.65,144.51,145.31,560.27,85.0,850.0,935.0,85.0,184.91,254.18,318.62,278.94,-147.61,7.36,-155.11,295.36,875.0,875.0,875.0,875.0,369.95,381.05,368.82,344.57,1972.74,1955.0,1036.65,3500.0,1464.39,1.0,1.0,1.0,0.955,22.5,MAX_UNIFORM_COOL,20.3543
5,Opposing Thermal Zones,0,413,4130.0,23,1,10,11,1,91.57,83.25,HEAVY,284.34,VERY HIGH,HEAVY LOAD,88.83,80.59,HEAVY,276.92,VERY HIGH,HEAVY LOAD,91.29,81.89,HEAVY,281.95,VERY HIGH,HEAVY LOAD,89.52,81.83,HEAVY,279.64,VERY HIGH,HEAVY LOAD,15.83,4.22,LIGHT,71.12,LOW,RUNNING,16.92,4.61,LIGHT,73.07,LOW,RUNNING,15.05,3.86,LIGHT,69.6,LOW,RUNNING,18.09,5.74,LIGHT,76.22,LOW,RUNNING,88.73,80.5,HEAVY,276.66,VERY HIGH,HEAVY LOAD,91.67,82.5,HEAVY,283.34,VERY HIGH,HEAVY LOAD,28.93,54.0,268.8,0.25,22.0,COOLING,0.25,22.0,COOLING,0.25,22.0,COOLING,0.25,22.0,COOLING,25.032,24.935,25.062,23.781,24.703,25.062,23.781,1.281,1122.85,144.19,145.82,560.0,85.0,850.0,935.0,85.0,184.78,254.06,318.53,278.85,-147.72,7.35,-155.22,295.59,875.0,875.0,875.0,875.0,369.91,380.6,369.13,344.44,1972.86,1955.0,1036.22,3500.0,1464.08,1.0,1.0,1.0,0.961,22.5,MAX_UNIFORM_COOL,20.4808
5,Opposing Thermal Zones,0,414,4140.0,23,1,10,11,1,91.73,83.36,HEAVY,284.7,VERY HIGH,HEAVY LOAD,88.99,80.6,HEAVY,277.14,VERY HIGH,HEAVY LOAD,91.3,81.78,HEAVY,281.8,VERY HIGH,HEAVY LOAD,89.38,81.71,HEAVY,279.29,VERY HIGH,HEAVY LOAD,15.71,4.16,LIGHT,70.88,LOW,RUNNING,16.9,4.64,LIGHT,73.08,LOW,RUNNING,15.15,3.95,LIGHT,69.86,LOW,RUNNING,18.22,5.81,LIGHT,76.49,LOW,RUNNING,88.78,80.42,HEAVY,276.61,VERY HIGH,HEAVY LOAD,91.56,82.36,HEAVY,282.99,VERY HIGH,HEAVY LOAD,28.94,54.0,269.0,0.25,22.0,COOLING,0.25,22.0,COOLING,0.25,22.0,COOLING,0.25,22.0,COOLING,25.04,24.943,25.07,23.788,24.71,25.07,23.788,1.282,1122.93,143.96,146.35,559.6,85.0,850.0,935.0,85.0,184.9,254.23,318.75,279.04,-147.83,7.33,-155.33,295.83,875.0,875.0,875.0,875.0,370.0,380.52,369.77,344.47,1972.84,1955.0,1036.92,3500.0,1464.76,1.0,1.0,1.0,0.968,22.5,MAX_UNIFORM_COOL,20.6084
5,Opposing Thermal Zones,0,415,4150.0,23,1,10,11,1,91.9,83.46,HEAVY,285.06,VERY HIGH,HEAVY LOAD,89.12,80.57,HEAVY,277.25,VERY HIGH,HEAVY LOAD,91.26,81.66,HEAVY,281.56,VERY HIGH,HEAVY LOAD,89.21,81.6,HEAVY,278.91,VERY HIGH,HEAVY LOAD,15.6,4.12,LIGHT,70.68,LOW,RUNNING,16.91,4.69,LIGHT,73.17,LOW,RUNNING,15.26,4.04,LIGHT,70.14,LOW,RUNNING,18.34,5.86,LIGHT,76.72,LOW,RUNNING,88.8,80.31,HEAVY,276.47,VERY HIGH,HEAVY LOAD,91.42,82.24,HEAVY,282.63,VERY HIGH,HEAVY LOAD,28.94,54.0,269.2,0.25,22.0,COOLING,0.25,22.0,COOLING,0.25,22.0,COOLING,0.25,22.0,COOLING,25.048,24.951,25.078,23.795,24.718,25.078,23.795,1.283,1122.78,143.85,146.86,559.1,85.0,850.0,935.0,85.0,184.8,254.19,318.76,279.02,-147.94,7.31,-155.44,296.06,875.0,875.0,875.0,875.0,369.64,380.35,370.18,344.18,1972.59,1955.0,1036.77,3500.0,1464.35,1.0,1.0,1.0,0.975,22.5,MAX_UNIFORM_COOL,20.736
5,Opposing Thermal Zones,0,416,4160.0,23,1,10,11,1,92.08,83.54,HEAVY,285.41,VERY HIGH,HEAVY LOAD,89.21,80.52,HEAVY,277.29,VERY HIGH,HEAVY LOAD,91.19,81.52,HEAVY,281.27,VERY HIGH,HEAVY LOAD,89.03,81.51,HEAVY,278.55,VERY HIGH,HEAVY LOAD,15.51,4.1,LIGHT,70.54,LOW,RUNNING,16.95,4.75,LIGHT,73.31,LOW,RUNNING,15.39,4.13,LIGHT,70.43,LOW,RUNNING,18.44,5.89,LIGHT,76.88,LOW,RUNNING,88.78,80.19,HEAVY,276.26,VERY HIGH,HEAVY LOAD,91.25,82.12,HEAVY,282.24,VERY HIGH,HEAVY LOAD,28.94,54.0,269.3,0.25,22.0,COOLING,0.25,22.0,COOLING,0.25,22.0,COOLING,0.25,22.0,COOLING,25.056,24.959,25.086,23.802,24.726,25.086,23.802,1.284,1122.52,143.85,147.31,558.5,85.0,850.0,935.0,85.0,184.67,254.07,318.67,278.93,-148.05,7.3,-155.55,296.3,875.0,875.0,875.0,875.0,369.14,380.22,370.43,343.73,1972.18,1955.0,1036.34,3500.0,1463.52,1.0,1.0,1.0,0.991,22.5,MAX_UNIFORM_COOL,20.8639
5,Opposing Thermal Zones,0,417,4170.0,23,1,10,11,1,92.26,83.58,HEAVY,285.7,VERY HIGH,HEAVY LOAD,89.28,80.44,HEAVY,277.26,VERY HIGH,HEAVY LOAD,91.08,81.39,HEAVY,280.94,VERY HIGH,HEAVY LOAD,88.85,81.44,HEAVY,278.22,VERY HIGH,HEAVY LOAD,15.44,4.1,LIGHT,70.45,LOW,RUNNING,17.01,4.82,LIGHT,73.49,LOW,RUNNING,15.53,4.21,LIGHT,70.73,LOW,RUNNING,18.52,5.9,LIGHT,77.0,LOW,RUNNING,88.71,80.06,HEAVY,275.98,VERY HIGH,HEAVY LOAD,91.08,82.03,HEAVY,281.89,VERY HIGH,HEAVY LOAD,28.95,54.0,269.5,0.25,22.0,COOLING,0.25,22.0,COOLING,0.25,22.0,COOLING,0.25,22.0,COOLING,25.064,24.967,25.094,23.809,24.733,25.094,23.809,1.285,1122.12,143.94,147.73,557.87,85.0,850.0,935.0,85.0,184.78,254.25,318.89,279.12,-148.16,7.29,-155.66,296.54,875.0,875.0,875.0,875.0,368.74,380.48,370.96,343.53,1971.66,1955.0,1037.04,3500.0,1463.71,1.0,1.0,1.0,0.994,22.5,MAX_UNIFORM_COOL,20.9927
5,Opposing Thermal Zones,0,418,4180.0,23,1,10,11,1,92.42,83.6,HEAVY,285.93,VERY HIGH,HEAVY LOAD,89.3,80.33,HEAVY,277.12,VERY HIGH,HEAVY LOAD,90.95,81.26,HEAVY,280.58,VERY HIGH,HEAVY LOAD,88.68,81.41,HEAVY,277.97,VERY HIGH,HEAVY LOAD,15.41,4.12,LIGHT,70.44,LOW,RUNNING,17.1,4.91,LIGHT,73.74,LOW,RUNNING,15.66,4.28,LIGHT,71.0,LOW,RUNNING,18.57,5.89,LIGHT,77.05,LOW,RUNNING,88.61,79.92,HEAVY,275.64,VERY HIGH,HEAVY LOAD,90.9,81.96,HEAVY,281.56,VERY HIGH,HEAVY LOAD,28.95,54.0,269.7,0.25,22.0,COOLING,0.25,22.0,COOLING,0.25,22.0,COOLING,0.25,22.0,COOLING,25.072,24.975,25.102,23.816,24.741,25.102,23.816,1.286,1121.6,144.18,148.05,557.2,85.0,850.0,935.0,85.0,184.69,254.19,318.89,279.09,-148.27,7.27,-155.77,296.77,875.0,875.0,875.0,875.0,368.02,380.64,371.17,343.06,1971.03,1955.0,1036.86,3500.0,1462.89,1.0,1.0,1.0,0.997,22.5,MAX_UNIFORM_COOL,21.1214
5,Opposing Thermal Zones,0,419,4190.0,23,1,10,11,1,92.56,83.59,HEAVY,286.09,VERY HIGH,HEAVY LOAD,89.28,80.21,HEAVY,276.92,VERY HIGH,HEAVY LOAD,90.79,81.14,HEAVY,280.2,VERY HIGH,HEAVY LOAD,88.53,81.4,HEAVY,277.76,VERY HIGH,HEAVY LOAD,15.4,4.16,LIGHT,70.49,LOW,RUNNING,17.21,5.0,LIGHT,74.01,LOW,RUNNING,15.78,4.33,LIGHT,71.22,LOW,RUNNING,18.6,5.86,LIGHT,77.04,LOW,RUNNING,88.48,79.79,HEAVY,275.29,VERY HIGH,HEAVY LOAD,90.73,81.91,HEAVY,281.28,VERY HIGH,HEAVY LOAD,28.95,54.0,269.8,0.25,22.0,COOLING,0.25,22.0,COOLING,0.25,22.0,COOLING,0.25,22.0,COOLING,25.079,24.983,25.11,23.823,24.749,25.11,23.823,1.287,1120.97,144.5,148.26,556.57,85.0,850.0,935.0,85.0,184.55,254.08,318.8,279.0,-148.38,7.25,-155.88,297.01,875.0,875.0,875.0,875.0,367.14,380.83,371.18,342.58,1970.3,1955.0,1036.43,3500.0,1461.73,1.0,1.0,1.0,1.0,22.5,MAX_UNIFORM_COOL,21.2457
5,Opposing Thermal Zones,0,420,4200.0,23,1,10,11,1,92.67,83.55,HEAVY,286.16,VERY HIGH,HEAVY LOAD,89.23,80.08,HEAVY,276.66,VERY HIGH,HEAVY LOAD,90.61,81.05,HEAVY,279.84,VERY HIGH,HEAVY LOAD,88.39,81.42,HEAVY,277.62,VERY HIGH,HEAVY LOAD,15.42,4.22,LIGHT,70.61,LOW,RUNNING,17.33,5.09,LIGHT,74.3,LOW,RUNNING,15.89,4.38,LIGHT,71.43,LOW,RUNNING,18.59,5.82,LIGHT,76.97,LOW,RUNNING,88.33,79.67,HEAVY,274.92,VERY HIGH,HEAVY LOAD,90.56,81.9,HEAVY,281.05,VERY HIGH,HEAVY LOAD,28.96,54.0,270.0,0.25,22.0,COOLING,0.25,22.0,COOLING,0.25,22.0,COOLING,0.25,22.0,COOLING,25.086,24.991,25.118,23.83,24.756,25.118,23.83,1.288,1120.28,144.91,148.4,555.97,85.0,850.0,935.0,85.0,184.69,254.26,319.03,279.2,-148.26,7.13,-156.0,297.13,875.0,875.0,875.0,875.0,366.71,381.3,371.43,342.3,1969.56,1955.0,1037.18,3500.0,1461.74,1.0,1.0,1.0,1.0,22.5,MAX_UNIFORM_COOL,21.371
5,Opposing Thermal Zones,0,421,4210.0,23,1,10,11,1,92.75,83.48,HEAVY,286.16,VERY HIGH,HEAVY LOAD,89.14,79.95,HEAVY,276.35,VERY HIGH,HEAVY LOAD,90.43,80.97,HEAVY,279.49,VERY HIGH,HEAVY LOAD,88.29,81.48,HEAVY,277.58,VERY HIGH,HEAVY LOAD,15.48,4.29,LIGHT,70.78,LOW,RUNNING,17.46,5.17,LIGHT,74.58,LOW,RUNNING,15.98,4.4,LIGHT,71.57,LOW,RUNNING,18.56,5.76,LIGHT,76.84,LOW,RUNNING,88.16,79.57,HEAVY,274.55,VERY HIGH,HEAVY LOAD,90.43,81.92,HEAVY,280.92,VERY HIGH,HEAVY LOAD,28.96,54.0,270.2,0.25,22.0,COOLING,0.25,22.0,COOLING,0.25,22.0,COOLING,0.25,22.0,COOLING,25.093,24.999,25.126,23.837,24.764,25.126,23.837,1.289,1119.58,145.36,148.41,555.47,85.0,850.0,935.0,85.0,184.62,254.21,319.02,279.18,-148.13,7.0,-156.13,297.26,875.0,875.0,875.0,875.0,366.07,381.57,371.3,341.91,1968.82,1955.0,1037.03,3500.0,1460.85,1.0,1.0,1.0,1.0,22.5,MAX_UNIFORM_COOL,21.4962
5,Opposing Thermal Zones,0,422,4220.0,23,1,10,11,1,92.79,83.38,HEAVY,286.06,VERY HIGH,HEAVY LOAD,89.01,79.82,HEAVY,275.99,VERY HIGH,HEAVY LOAD,90.26,80.92,HEAVY,279.2,VERY HIGH,HEAVY LOAD,88.23,81.56,HEAVY,277.63,VERY HIGH,HEAVY LOAD,15.56,4.37,LIGHT,71.01,LOW,RUNNING,17.6,5.25,LIGHT,74.88,LOW,RUNNING,16.05,4.4,LIGHT,71.66,LOW,RUNNING,18.5,5.68,LIGHT,76.64,LOW,RUNNING,87.98,79.49,HEAVY,274.21,VERY HIGH,HEAVY LOAD,90.32,81.96,HEAVY,280.84,VERY HIGH,HEAVY LOAD,28.97,54.0,270.3,0.25,22.0,COOLING,0.25,22.0,COOLING,0.25,22.0,COOLING,0.25,22.0,COOLING,25.1,25.007,25.134,23.844,24.771,25.134,23.844,1.29,1118.88,145.89,148.3,555.05,85.0,850.0,935.0,85.0,184.72,254.32,319.16,279.3,-148.01,6.88,-156.26,297.38,875.0,875.0,875.0,875.0,365.59,382.09,371.2,341.73,1968.12,1955.0,1037.5,3500.0,1460.61,1.0,1.0,1.0,1.0,22.5,MAX_UNIFORM_COOL,21.6219
5,Opposing Thermal Zones,0,423,4230.0,23,1,10,11,1,92.8,83.27,HEAVY,285.9,VERY HIGH,HEAVY LOAD,88.86,79.7,HEAVY,275.62,VERY HIGH,HEAVY LOAD,90.09,80.9,HEAVY,278.96,VERY HIGH,HEAVY LOAD,88.2,81.66,HEAVY,277.74,VERY HIGH,HEAVY LOAD,15.66,4.46,LIGHT,71.27,LOW,RUNNING,17.73,5.31,LIGHT,75.13,LOW,RUNNING,16.09,4.38,LIGHT,71.68,LOW,RUNNING,18.41,5.6,LIGHT,76.41,LOW,RUNNING,87.8,79.43,HEAVY,273.9,VERY HIGH,HEAVY LOAD,90.24,82.03,HEAVY,280.85,VERY HIGH,HEAVY LOAD,28.97,54.0,270.5,0.25,22.0,COOLING,0.25,22.0,COOLING,0.25,22.0,COOLING,0.25,22.0,COOLING,25.107,25.015,25.142,23.851,24.779,25.142,23.851,1.291,1118.22,146.4,148.09,554.75,85.0,850.0,935.0,85.0,184.64,254.26,319.16,279.27,-147.88,6.75,-156.38,297.5,875.0,875.0,875.0,875.0,364.98,382.41,370.87,341.52,1967.46,1955.0,1037.33,3500.0,1459.78,1.0,1.0,1.0,1.0,22.5,MAX_UNIFORM_COOL,21.7477
5,Opposing Thermal Zones,0,424,4240.0,23,1,10,11,1,92.76,83.14,HEAVY,285.66,VERY HIGH,HEAVY LOAD,88.69,79.59,HEAVY,275.25,VERY HIGH,HEAVY LOAD,89.95,80.91,HEAVY,278.8,VERY HIGH,HEAVY LOAD,88.21,81.77,HEAVY,277.92,VERY HIGH,HEAVY LOAD,15.77,4.55,LIGHT,71.54,LOW,RUNNING,17.85,5.36,LIGHT,75.35,LOW,RUNNING,16.1,4.34,LIGHT,71.64,LOW,RUNNING,18.3,5.51,LIGHT,76.14,LOW,RUNNING,87.64,79.4,HEAVY,273.65,VERY HIGH,HEAVY LOAD,90.2,82.13,HEAVY,280.94,VERY HIGH,HEAVY LOAD,28.97,54.0,270.7,0.25,22.0,COOLING,0.25,22.0,COOLING,0.25,22.0,COOLING,0.25,22.0,COOLING,25.114,25.023,25.15,23.858,24.786,25.15,23.858,1.292,1117.63,146.89,147.78,554.59,85.0,850.0,935.0,85.0,184.56,254.22,319.16,279.25,-147.75,6.63,-156.5,297.63,875.0,875.0,875.0,875.0,364.44,382.74,370.44,341.47,1966.89,1955.0,1037.19,3500.0,1459.09,1.0,1.0,1.0,1.0,22.5,MAX_UNIFORM_COOL,21.8738
5,Opposing Thermal Zones,0,425,4250.0,23,1,10,11,1,92.68,83.01,HEAVY,285.37,VERY HIGH,HEAVY LOAD,88.52,79.5,HEAVY,274.9,VERY HIGH,HEAVY LOAD,89.84,80.95,HEAVY,278.73,VERY HIGH,HEAVY LOAD,88.27,81.9,HEAVY,278.19,VERY HIGH,HEAVY LOAD,15.9,4.63,LIGHT,71.82,LOW,RUNNING,17.95,5.39,LIGHT,75.52,LOW,RUNNING,16.08,4.29,LIGHT,71.53,LOW,RUNNING,18.18,5.42,LIGHT,75.85,LOW,RUNNING,87.49,79.4,HEAVY,273.46,VERY HIGH,HEAVY LOAD,90.21,82.24,HEAVY,281.12,VERY HIGH,HEAVY LOAD,28.98,54.0,270.8,0.25,22.0,COOLING,0.25,22.0,COOLING,0.25,22.0,COOLING,0.25,22.0,COOLING,25.121,25.031,25.158,23.865,24.794,25.158,23.865,1.293,1117.19,147.34,147.38,554.58,85.0,850.0,935.0,85.0,184.67,254.33,319.3,279.37,-147.63,6.51,-156.63,297.75,875.0,875.0,875.0,875.0,364.23,383.18,370.05,341.7,1966.49,1955.0,1037.67,3500.0,1459.16,1.0,1.0,1.0,1.0,22.5,MAX_UNIFORM_COOL,22.0006
5,Opposing Thermal Zones,0,426,4260.0,23,1,10,11,1,92.57,82.88,HEAVY,285.03,VERY HIGH,HEAVY LOAD,88.34,79.44,HEAVY,274.59,VERY HIGH,HEAVY LOAD,89.75,81.02,HEAVY,278.72,VERY HIGH,HEAVY LOAD,88.36,82.04,HEAVY,278.51,VERY HIGH,HEAVY LOAD,16.04,4.71,LIGHT,72.11,LOW,RUNNING,18.02,5.4,LIGHT,75.62,LOW,RUNNING,16.03,4.22,LIGHT,71.37,LOW,RUNNING,18.05,5.34,LIGHT,75.57,LOW,RUNNING,87.36,79.44,HEAVY,273.36,VERY HIGH,HEAVY LOAD,90.25,82.37,HEAVY,281.37,VERY HIGH,HEAVY LOAD,28.98,54.0,271.0,0.25,22.0,COOLING,0.25,22.0,COOLING,0.25,22.0,COOLING,0.25,22.0,COOLING,25.128,25.039,25.166,23.872,24.801,25.166,23.872,1.294,1116.85,147.73,146.94,554.73,85.0,850.0,935.0,85.0,184.59,254.28,319.29,279.35,-147.5,6.38,-156.76,297.88,875.0,875.0,875.0,875.0,363.94,383.39,369.47,341.96,1966.25,1955.0,1037.51,3500.0,1458.76,1.0,1.0,1.0,1.0,22.5,MAX_UNIFORM_COOL,22.1274
5,Opposing Thermal Zones,0,427,4270.0,23,1,10,11,1,92.43,82.75,HEAVY,284.66,VERY HIGH,HEAVY LOAD,88.17,79.41,HEAVY,274.33,VERY HIGH,HEAVY LOAD,89.71,81.11,HEAVY,278.8,VERY HIGH,HEAVY LOAD,88.48,82.17,HEAVY,278.86,VERY HIGH,HEAVY LOAD,16.17,4.78,LIGHT,72.38,LOW,RUNNING,18.08,5.39,LIGHT,75.68,LOW,RUNNING,15.95,4.14,LIGHT,71.15,LOW,RUNNING,17.91,5.26,LIGHT,75.28,LOW,RUNNING,87.27,79.5,HEAVY,273.34,VERY HIGH,HEAVY LOAD,90.33,82.5,HEAVY,281.66,VERY HIGH,HEAVY LOAD,28.98,54.0,271.2,0.25,22.0,COOLING,0.25,22.0,COOLING,0.25,22.0,COOLING,0.25,22.0,COOLING,25.135,25.047,25.174,23.879,24.809,25.174,23.879,1.295,1116.65,148.06,146.43,555.0,85.0,850.0,935.0,85.0,184.52,254.23,319.3,279.32,-147.38,6.25,-156.88,298.01,875.0,875.0,875.0,875.0,363.79,383.54,368.85,342.33,1966.14,1955.0,1037.37,3500.0,1458.51,1.0,1.0,1.0,1.0,22.5,MAX_UNIFORM_COOL,22.2546
5,Opposing Thermal Zones,0,428,4280.0,23,1,10,11,1,92.27,82.64,HEAVY,284.3,VERY HIGH,HEAVY LOAD,88.01,79.4,HEAVY,274.11,VERY HIGH,HEAVY LOAD,89.7,81.22,HEAVY,278.95,VERY HIGH,HEAVY LOAD,88.62,82.29,HEAVY,279.21,VERY HIGH,HEAVY LOAD,16.29,4.84,LIGHT,72.62,LOW,RUNNING,18.1,5.36,LIGHT,75.67,LOW,RUNNING,15.85,4.05,LIGHT,70.89,LOW,RUNNING,17.78,5.19,LIGHT,75.01,LOW,RUNNING,87.22,79.58,HEAVY,273.39,VERY HIGH,HEAVY LOAD,90.44,82.64,HEAVY,282.01,VERY HIGH,HEAVY LOAD,28.99,54.0,271.3,0.25,22.0,COOLING,0.25,22.0,COOLING,0.25,22.0,COOLING,0.25,22.0,COOLING,25.142,25.055,25.182,23.886,24.816,25.182,23.886,1.296,1116.57,148.29,145.9,555.4,85.0,850.0,935.0,85.0,184.62,254.33,319.43,279.45,-147.26,6.13,-157.0,298.13,875.0,875.0,875.0,875.0,363.93,383.75,368.33,342.98,1966.16,1955.0,1037.83,3500.0,1458.99,1.0,1.0,1.0,1.0,22.5,MAX_UNIFORM_COOL,22.3825
5,Opposing Thermal Zones,0,429,4290.0,23,1,10,11,1,92.1,82.54,HEAVY,283.94,VERY HIGH,HEAVY LOAD,87.88,79.43,HEAVY,274.0,VERY HIGH,HEAVY LOAD,89.74,81.34,HEAVY,279.19,VERY HIGH,HEAVY LOAD,88.79,82.4,HEAVY,279.59,VERY HIGH,HEAVY LOAD,16.4,4.88,LIGHT,72.82,LOW,RUNNING,18.09,5.31,LIGHT,75.58,LOW,RUNNING,15.74,3.96,LIGHT,70.61,LOW,RUNNING,17.66,5.14,LIGHT,74.78,LOW,RUNNING,87.2,79.69,HEAVY,273.53,VERY HIGH,HEAVY LOAD,90.58,82.76,HEAVY,282.37,VERY HIGH,HEAVY LOAD,28.99,54.0,271.5,0.25,22.0,COOLING,0.25,22.0,COOLING,0.25,22.0,COOLING,0.25,22.0,COOLING,25.149,25.063,25.19,23.893,24.824,25.19,23.893,1.297,1116.72,148.4,145.39,555.9,85.0,850.0,935.0,85.0,184.54,254.29,319.43,279.43,-147.13,6.0,-157.13,298.25,875.0,875.0,875.0,875.0,364.13,383.69,367.69,343.58,1966.41,1955.0,1037.69,3500.0,1459.09,1.0,1.0,1.0,1.0,22.5,MAX_UNIFORM_COOL,22.5105
5,Opposing Thermal Zones,0,430,4300.0,23,1,10,11,1,91.92,82.46,HEAVY,283.59,VERY HIGH,HEAVY LOAD,87.79,79.48,HEAVY,273.96,VERY HIGH,HEAVY LOAD,89.81,81.48,HEAVY,279.48,VERY HIGH,HEAVY LOAD,88.97,82.49,HEAVY,279.95,VERY HIGH,HEAVY LOAD,16.49,4.9,LIGHT,72.96,LOW,RUNNING,18.05,5.25,LIGHT,75.44,LOW,RUNNING,15.61,3.87,LIGHT,70.32,LOW,RUNNING,17.56,5.11,LIGHT,74.61,LOW,RUNNING,87.22,79.81,HEAVY,273.74,VERY HIGH,HEAVY LOAD,90.75,82.88,HEAVY,282.76,VERY HIGH,HEAVY LOAD,28.99,54.0,271.7,0.25,22.0,COOLING,0.25,22.0,COOLING,0.25,22.0,COOLING,0.25,22.0,COOLING,25.156,25.071,25.197,23.9,24.831,25.197,23.9,1.297,1116.98,148.4,144.93,556.5,85.0,850.0,935.0,85.0,184.47,254.24,319.44,279.4,-147.01,5.88,-157.26,298.38,875.0,875.0,875.0,875.0,364.44,383.52,367.11,344.28,1966.81,1955.0,1037.55,3500.0,1459.35,1.0,1.0,1.0,1.0,22.5,MAX_UNIFORM_COOL,22.6291
5,Opposing Thermal Zones,0,431,4310.0,23,1,10,11,1,91.74,82.42,HEAVY,283.31,VERY HIGH,HEAVY LOAD,87.72,79.56,HEAVY,273.99,VERY HIGH,HEAVY LOAD,89.92,81.61,HEAVY,279.81,VERY HIGH,HEAVY LOAD,89.15,82.56,HEAVY,280.28,VERY HIGH,HEAVY LOAD,16.56,4.9,LIGHT,73.05,LOW,RUNNING,17.99,5.18,LIGHT,75.26,LOW,RUNNING,15.47,3.79,LIGHT,70.02,LOW,RUNNING,17.48,5.1,LIGHT,74.5,LOW,RUNNING,87.29,79.94,HEAVY,274.02,VERY HIGH,HEAVY LOAD,90.92,82.97,HEAVY,283.11,VERY HIGH,HEAVY LOAD,29.0,54.0,271.8,0.25,22.0,COOLING,0.25,22.0,COOLING,0.25,22.0,COOLING,0.25,22.0,COOLING,25.163,25.079,25.204,23.907,24.838,25.204,23.907,1.297,1117.39,148.31,144.52,557.13,85.0,850.0,935.0,85.0,184.57,254.35,319.58,279.53,-146.89,5.64,-157.14,298.4,875.0,875.0,875.0,875.0,365.07,383.3,366.96,345.06,1967.35,1955.0,1038.03,3500.0,1460.39,1.0,1.0,1.0,1.0,22.5,MAX_UNIFORM_COOL,22.7487
5,Opposing Thermal Zones,0,432,4320.0,23,1,10,11,1,91.58,82.4,HEAVY,283.07,VERY HIGH,HEAVY LOAD,87.7,79.67,HEAVY,274.13,VERY HIGH,HEAVY LOAD,90.05,81.74,HEAVY,280.17,VERY HIGH,HEAVY LOAD,89.32,82.59,HEAVY,280.53,VERY HIGH,HEAVY LOAD,16.59,4.88,LIGHT,73.06,LOW,RUNNING,17.9,5.09,LIGHT,75.01,LOW,RUNNING,15.34,3.72,LIGHT,69.75,LOW,RUNNING,17.43,5.11,LIGHT,74.45,LOW,RUNNING,87.39,80.08,HEAVY,274.36,VERY HIGH,HEAVY LOAD,91.1,83.04,HEAVY,283.44,VERY HIGH,HEAVY LOAD,29.0,54.0,272.0,0.25,22.0,COOLING,0.25,22.0,COOLING,0.25,22.0,COOLING,0.25,22.0,COOLING,25.17,25.087,25.211,23.914,24.846,25.211,23.914,1.297,1117.9,148.07,144.2,557.8,85.0,850.0,935.0,85.0,184.5,254.3,319.61,279.5,-146.78,5.41,-157.04,298.41,875.0,875.0,875.0,875.0,365.62,382.78,366.77,345.71,1967.97,1955.0,1037.91,3500.0,1460.88,1.0,1.0,1.0,1.0,22.5,MAX_UNIFORM_COOL,22.8685
5,Opposing Thermal Zones,0,433,4330.0,23,1,10,11,1,91.44,82.41,HEAVY,282.92,VERY HIGH,HEAVY LOAD,87.72,79.79,HEAVY,274.33,VERY HIGH,HEAVY LOAD,90.21,81.86,HEAVY,280.55,VERY HIGH,HEAVY LOAD,89.47,82.6,HEAVY,280.74,VERY HIGH,HEAVY LOAD,16.6,4.84,LIGHT,73.01,LOW,RUNNING,17.79,5.0,LIGHT,74.74,LOW,RUNNING,15.22,3.67,LIGHT,69.53,LOW,RUNNING,17.4,5.14,LIGHT,74.46,LOW,RUNNING,87.52,80.21,HEAVY,274.71,VERY HIGH,HEAVY LOAD,91.27,83.09,HEAVY,283.72,VERY HIGH,HEAVY LOAD,29.0,54.0,272.2,0.25,22.0,COOLING,0.25,22.0,COOLING,0.25,22.0,COOLING,0.25,22.0,COOLING,25.177,25.095,25.218,23.921,24.853,25.218,23.921,1.297,1118.54,147.75,143.99,558.43,85.0,850.0,935.0,85.0,184.42,254.25,319.63,279.47,-146.68,5.18,-156.92,298.42,875.0,875.0,875.0,875.0,366.28,382.18,366.7,346.32,1968.71,1955.0,1037.77,3500.0,1461.48,1.0,1.0,1.0,1.0,22.5,MAX_UNIFORM_COOL,22.989
5,Opposing Thermal Zones,0,434,4340.0,23,1,10,11,1,91.33,82.45,HEAVY,282.84,VERY HIGH,HEAVY LOAD,87.77,79.92,HEAVY,274.59,VERY HIGH,HEAVY LOAD,90.39,81.95,HEAVY,280.91,VERY HIGH,HEAVY LOAD,89.61,82.58,HEAVY,280.88,VERY HIGH,HEAVY LOAD,16.58,4.78,LIGHT,72.89,LOW,RUNNING,17.67,4.91,LIGHT,74.45,LOW,RUNNING,15.11,3.62,LIGHT,69.32,LOW,RUNNING,17.41,5.18,LIGHT,74.53,LOW,RUNNING,87.67,80.33,HEAVY,275.08,VERY HIGH,HEAVY LOAD,91.44,83.1,HEAVY,283.95,VERY HIGH,HEAVY LOAD,29.01,54.0,272.3,0.25,22.0,COOLING,0.25,22.0,COOLING,0.25,22.0,COOLING,0.25,22.0,COOLING,25.184,25.103,25.225,23.928,24.86,25.225,23.928,1.297,1119.22,147.34,143.85,559.03,85.0,850.0,935.0,85.0,184.52,254.36,319.79,279.6,-146.57,4.94,-156.82,298.44,875.0,875.0,875.0,875.0,367.17,381.64,366.82,347.07,1969.44,1955.0,1038.27,3500.0,1462.7,1.0,1.0,1.0,1.0,22.5,MAX_UNIFORM_COOL,23.1102
5,Opposing Thermal Zones,0,435,4350.0,23,1,10,11,1,91.25,82.52,HEAVY,282.84,VERY HIGH,HEAVY LOAD,87.86,80.05,HEAVY,274.9,VERY HIGH,HEAVY LOAD,90.57,82.03,HEAVY,281.26,VERY HIGH,HEAVY LOAD,89.71,82.52,HEAVY,280.92,VERY HIGH,HEAVY LOAD,16.52,4.71,LIGHT,72.72,LOW,RUNNING,17.54,4.83,LIGHT,74.17,LOW,RUNNING,15.02,3.6,LIGHT,69.17,LOW,RUNNING,17.44,5.24,LIGHT,74.66,LOW,RUNNING,87.84,80.43,HEAVY,275.44,VERY HIGH,HEAVY LOAD,91.57,83.08,HEAVY,284.08,VERY HIGH,HEAVY LOAD,29.01,54.0,272.5,0.25,22.0,COOLING,0.25,22.0,COOLING,0.25,22.0,COOLING,0.25,22.0,COOLING,25.192,25.111,25.232,23.935,24.867,25.232,23.935,1.297,1119.92,146.89,143.83,559.52,85.0,850.0,935.0,85.0,184.45,254.31,319.82,279.57,-146.45,4.7,-156.71,298.46,875.0,875.0,875.0,875.0,367.92,380.9,366.94,347.55,1970.16,1955.0,1038.15,3500.0,1463.31,1.0,1.0,1.0,1.0,22.5,MAX_UNIFORM_COOL,23.2365
5,Opposing Thermal Zones,0,436,4360.0,23,1,10,11,1,91.21,82.62,HEAVY,282.94,VERY HIGH,HEAVY LOAD,87.99,80.18,HEAVY,275.26,VERY HIGH,HEAVY LOAD,90.74,82.08,HEAVY,281.55,VERY HIGH,HEAVY LOAD,89.77,82.44,HEAVY,280.87,VERY HIGH,HEAVY LOAD,16.44,4.63,LIGHT,72.5,LOW,RUNNING,17.4,4.75,LIGHT,73.88,LOW,RUNNING,14.95,3.6,LIGHT,69.09,LOW,RUNNING,17.5,5.32,LIGHT,74.86,LOW,RUNNING,88.02,80.51,HEAVY,275.79,VERY HIGH,HEAVY LOAD,91.68,83.04,HEAVY,284.16,VERY HIGH,HEAVY LOAD,29.01,54.0,272.7,0.25,22.0,COOLING,0.25,22.0,COOLING,0.25,22.0,COOLING,0.25,22.0,COOLING,25.2,25.119,25.239,23.942,24.875,25.239,23.942,1.297,1120.62,146.38,143.95,559.95,85.0,850.0,935.0,85.0,184.35,254.27,319.84,279.55,-146.58,4.58,-156.58,298.58,875.0,875.0,875.0,875.0,368.39,380.23,367.21,348.08,1970.9,1955.0,1038.01,3500.0,1463.91,1.0,1.0,1.0,1.0,22.5,MAX_UNIFORM_COOL,23.3634
5,Opposing Thermal Zones,0,437,4370.0,23,1,10,11,1,91.2,82.73,HEAVY,283.1,VERY HIGH,HEAVY LOAD,88.14,80.3,HEAVY,275.62,VERY HIGH,HEAVY LOAD,90.91,82.1,HEAVY,281.79,VERY HIGH,HEAVY LOAD,89.8,82.34,HEAVY,280.76,VERY HIGH,HEAVY LOAD,16.34,4.54,LIGHT,72.23,LOW,RUNNING,17.27,4.69,LIGHT,73.62,LOW,RUNNING,14.91,3.62,LIGHT,69.07,LOW,RUNNING,17.59,5.4,LIGHT,75.09,LOW,RUNNING,88.2,80.57,HEAVY,276.11,VERY HIGH,HEAVY LOAD,91.76,82.97,HEAVY,284.16,VERY HIGH,HEAVY LOAD,29.02,54.0,272.8,0.25,22.0,COOLING,0.25,22.0,COOLING,0.25,22.0,COOLING,0.25,22.0,COOLING,25.208,25.127,25.247,23.949,24.883,25.247,23.949,1.298,1121.27,145.85,144.16,560.27,85.0,850.0,935.0,85.0,184.43,254.37,319.99,279.68,-146.7,4.46,-156.46,298.7,875.0,875.0,875.0,875.0,369.0,379.68,367.69,348.65,1971.55,1955.0,1038.47,3500.0,1465.02,1.0,1.0,1.0,1.0,22.5,MAX_UNIFORM_COOL,23.5013
5,Opposing Thermal Zones,0,438,4380.0,23,1,10,11,1,91.24,82.86,HEAVY,283.34,VERY HIGH,HEAVY LOAD,88.31,80.41,HEAVY,276.0,VERY HIGH,HEAVY LOAD,91.05,82.09,HEAVY,281.95,VERY HIGH,HEAVY LOAD,89.79,82.23,HEAVY,280.58,VERY HIGH,HEAVY LOAD,16.23,4.45,LIGHT,71.96,LOW,RUNNING,17.15,4.64,LIGHT,73.4,LOW,RUNNING,14.9,3.66,LIGHT,69.11,LOW,RUNNING,17.7,5.49,LIGHT,75.36,LOW,RUNNING,88.36,80.6,HEAVY,276.35,VERY HIGH,HEAVY LOAD,91.8,82.87,HEAVY,284.06,VERY HIGH,HEAVY LOAD,29.02,54.0,273.0,0.25,22.0,COOLING,0.25,22.0,COOLING,0.25,22.0,COOLING,0.25,22.0,COOLING,25.216,25.135,25.255,23.956,24.89,25.255,23.956,1.299,1121.87,145.36,144.47,560.41,85.0,850.0,935.0,85.0,184.34,254.32,319.99,279.65,-146.81,4.44,-156.56,298.94,875.0,875.0,875.0,875.0,369.4,379.12,367.9,349.0,1972.11,1955.0,1038.3,3500.0,1465.42,1.0,1.0,1.0,1.0,22.5,MAX_UNIFORM_COOL,23.6392
5,Opposing Thermal Zones,0,439,4390.0,23,1,10,11,1,91.32,82.99,HEAVY,283.63,VERY HIGH,HEAVY LOAD,88.48,80.5,HEAVY,276.35,VERY HIGH,HEAVY LOAD,91.16,82.05,HEAVY,282.02,VERY HIGH,HEAVY LOAD,89.73,82.1,HEAVY,280.31,VERY HIGH,HEAVY LOAD,16.1,4.37,LIGHT,71.68,LOW,RUNNING,17.05,4.61,LIGHT,73.23,LOW,RUNNING,14.92,3.71,LIGHT,69.22,LOW,RUNNING,17.82,5.58,LIGHT,75.65,LOW,RUNNING,88.51,80.6,HEAVY,276.54,VERY HIGH,HEAVY LOAD,91.79,82.76,HEAVY,283.88,VERY HIGH,HEAVY LOAD,29.02,54.0,273.2,0.25,22.0,COOLING,0.25,22.0,COOLING,0.25,22.0,COOLING,0.25,22.0,COOLING,25.224,25.143,25.263,23.963,24.898,25.263,23.963,1.3,1122.31,144.91,144.87,560.42,85.0,850.0,935.0,85.0,184.24,254.28,320.0,279.63,-146.93,4.42,-156.67,299.18,875.0,875.0,875.0,875.0,369.62,378.61,368.2,349.23,1972.51,1955.0,1038.15,3500.0,1465.66,1.0,1.0,1.0,1.0,22.5,MAX_UNIFORM_COOL,23.7777
5,Opposing Thermal Zones,0,440,4400.0,23,1,10,11,1,91.43,83.12,HEAVY,283.97,VERY HIGH,HEAVY LOAD,88.66,80.56,HEAVY,276.66,VERY HIGH,HEAVY LOAD,91.25,81.98,HEAVY,282.03,VERY HIGH,HEAVY LOAD,89.64,81.96,HEAVY,279.99,VERY HIGH,HEAVY LOAD,15.96,4.29,LIGHT,71.39,LOW,RUNNING,16.98,4.6,LIGHT,73.12,LOW,RUNNING,14.97,3.78,LIGHT,69.38,LOW,RUNNING,17.95,5.66,LIGHT,75.93,LOW,RUNNING,88.64,80.56,HEAVY,276.64,VERY HIGH,HEAVY LOAD,91.75,82.63,HEAVY,283.63,VERY HIGH,HEAVY LOAD,29.03,54.0,273.3,0.25,22.0,COOLING,0.25,22.0,COOLING,0.25,22.0,COOLING,0.25,22.0,COOLING,25.232,25.151,25.271,23.97,24.906,25.271,23.97,1.301,1122.65,144.51,145.31,560.27,85.0,850.0,935.0,85.0,184.32,254.38,320.13,279.75,-147.03,4.41,-156.79,299.41,875.0,875.0,875.0,875.0,369.94,378.3,368.65,349.43,1972.74,1955.0,1038.58,3500.0,1466.32,1.0,1.0,1.0,1.0,22.5,MAX_UNIFORM_COOL,23.9171
5,Opposing Thermal Zones,0,441,4410.0,23,1,10,11,1,91.57,83.25,HEAVY,284.34,VERY HIGH,HEAVY LOAD,88.83,80.59,HEAVY,276.92,VERY HIGH,HEAVY LOAD,91.29,81.89,HEAVY,281.95,VERY HIGH,HEAVY LOAD,89.52,81.83,HEAVY,279.64,VERY HIGH,HEAVY LOAD,15.83,4.22,LIGHT,71.12,LOW,RUNNING,16.92,4.61,LIGHT,73.07,LOW,RUNNING,15.05,3.86,LIGHT,69.6,LOW,RUNNING,18.09,5.74,LIGHT,76.22,LOW,RUNNING,88.73,80.5,HEAVY,276.66,VERY HIGH,HEAVY LOAD,91.67,82.5,HEAVY,283.34,VERY HIGH,HEAVY LOAD,29.03,54.0,273.5,0.25,22.0,COOLING,0.25,22.0,COOLING,0.25,22.0,COOLING,0.25,22.0,COOLING,25.24,25.159,25.279,23.977,24.914,25.279,23.977,1.302,1122.85,144.19,145.82,560.0,85.0,850.0,935.0,85.0,184.22,254.34,320.13,279.73,-147.14,4.4,-156.9,299.65,875.0,875.0,875.0,875.0,369.93,377.93,369.05,349.38,1972.86,1955.0,1038.42,3500.0,1466.29,1.0,1.0,1.0,1.0,22.5,MAX_UNIFORM_COOL,24.0568
5,Opposing Thermal Zones,0,442,4420.0,23,1,10,11,1,91.73,83.36,HEAVY,284.7,VERY HIGH,HEAVY LOAD,88.99,80.6,HEAVY,277.14,VERY HIGH,HEAVY LOAD,91.3,81.78,HEAVY,281.8,VERY HIGH,HEAVY LOAD,89.38,81.71,HEAVY,279.29,VERY HIGH,HEAVY LOAD,15.71,4.16,LIGHT,70.88,LOW,RUNNING,16.9,4.64,LIGHT,73.08,LOW,RUNNING,15.15,3.95,LIGHT,69.86,LOW,RUNNING,18.22,5.81,LIGHT,76.49,LOW,RUNNING,88.78,80.42,HEAVY,276.61,VERY HIGH,HEAVY LOAD,91.56,82.36,HEAVY,282.99,VERY HIGH,HEAVY LOAD,29.03,54.0,273.7,0.25,22.0,COOLING,0.25,22.0,COOLING,0.25,22.0,COOLING,0.25,22.0,COOLING,25.248,25.167,25.287,23.984,24.922,25.287,23.984,1.303,1122.93,143.96,146.35,559.6,85.0,850.0,935.0,85.0,184.13,254.29,320.14,279.7,-147.25,4.38,-157.01,299.88,875.0,875.0,875.0,875.0,369.81,377.63,369.48,349.18,1972.84,1955.0,1038.26,3500.0,1466.1,1.0,1.0,1.0,1.0,22.5,MAX_UNIFORM_COOL,24.1982
5,Opposing Thermal Zones,0,443,4430.0,23,1,10,11,1,91.9,83.46,HEAVY,285.06,VERY HIGH,HEAVY LOAD,89.12,80.57,HEAVY,277.25,VERY HIGH,HEAVY LOAD,91.26,81.66,HEAVY,281.56,VERY HIGH,HEAVY LOAD,89.21,81.6,HEAVY,278.91,VERY HIGH,HEAVY LOAD,15.6,4.12,LIGHT,70.68,LOW,RUNNING,16.91,4.69,LIGHT,73.17,LOW,RUNNING,15.26,4.04,LIGHT,70.14,LOW,RUNNING,18.34,5.86,LIGHT,76.72,LOW,RUNNING,88.8,80.31,HEAVY,276.47,VERY HIGH,HEAVY LOAD,91.42,82.24,HEAVY,282.63,VERY HIGH,HEAVY LOAD,29.04,54.0,273.8,0.25,22.0,COOLING,0.25,22.0,COOLING,0.25,22.0,COOLING,0.25,22.0,COOLING,25.256,25.175,25.295,23.991,24.929,25.295,23.991,1.304,1122.78,143.85,146.86,559.1,85.0,850.0,935.0,85.0,184.2,254.39,320.26,279.82,-147.36,4.36,-157.11,300.11,875.0,875.0,875.0,875.0,369.62,377.6,370.01,349.03,1972.59,1955.0,1038.67,3500.0,1466.26,1.0,1.0,1.0,1.0,22.5,MAX_UNIFORM_COOL,24.3415
5,Opposing Thermal Zones,0,444,4440.0,23,1,10,11,1,92.08,83.54,HEAVY,285.41,VERY HIGH,HEAVY LOAD,89.21,80.52,HEAVY,277.29,VERY HIGH,HEAVY LOAD,91.19,81.52,HEAVY,281.27,VERY HIGH,HEAVY LOAD,89.03,81.51,HEAVY,278.55,VERY HIGH,HEAVY LOAD,15.51,4.1,LIGHT,70.54,LOW,RUNNING,16.95,4.75,LIGHT,73.31,LOW,RUNNING,15.39,4.13,LIGHT,70.43,LOW,RUNNING,18.44,5.89,LIGHT,76.88,LOW,RUNNING,88.78,80.19,HEAVY,276.26,VERY HIGH,HEAVY LOAD,91.25,82.12,HEAVY,282.24,VERY HIGH,HEAVY LOAD,29.04,54.0,274.0,0.25,22.0,COOLING,0.25,22.0,COOLING,0.25,22.0,COOLING,0.25,22.0,COOLING,25.264,25.183,25.303,23.998,24.937,25.303,23.998,1.305,1122.52,143.85,147.31,558.5,85.0,850.0,935.0,85.0,184.11,254.35,320.27,279.8,-147.47,4.35,-157.23,300.35,875.0,875.0,875.0,875.0,369.16,377.55,370.35,348.65,1972.18,1955.0,1038.53,3500.0,1465.71,1.0,1.0,1.0,1.0,22.5,MAX_UNIFORM_COOL,24.4862
5,Opposing Thermal Zones,0,445,4450.0,23,1,10,11,1,92.26,83.58,HEAVY,285.7,VERY HIGH,HEAVY LOAD,89.28,80.44,HEAVY,277.26,VERY HIGH,HEAVY LOAD,91.08,81.39,HEAVY,280.94,VERY HIGH,HEAVY LOAD,88.85,81.44,HEAVY,278.22,VERY HIGH,HEAVY LOAD,15.44,4.1,LIGHT,70.45,LOW,RUNNING,17.01,4.82,LIGHT,73.49,LOW,RUNNING,15.53,4.21,LIGHT,70.73,LOW,RUNNING,18.52,5.9,LIGHT,77.0,LOW,RUNNING,88.71,80.06,HEAVY,275.98,VERY HIGH,HEAVY LOAD,91.08,82.03,HEAVY,281.89,VERY HIGH,HEAVY LOAD,29.05,54.0,274.2,0.25,22.0,COOLING,0.25,22.0,COOLING,0.25,22.0,COOLING,0.25,22.0,COOLING,25.272,25.191,25.311,24.005,24.945,25.311,24.005,1.306,1122.12,143.94,147.73,557.87,85.0,850.0,935.0,85.0,184.23,254.52,320.48,280.0,-147.58,4.34,-157.34,300.58,875.0,875.0,875.0,875.0,368.77,377.8,370.87,348.45,1971.66,1955.0,1039.23,3500.0,1465.89,1.0,1.0,1.0,1.0,22.5,MAX_UNIFORM_COOL,24.6332
5,Opposing Thermal Zones,0,446,4460.0,23,1,10,11,1,92.42,83.6,HEAVY,285.93,VERY HIGH,HEAVY LOAD,89.3,80.33,HEAVY,277.12,VERY HIGH,HEAVY LOAD,90.95,81.26,HEAVY,280.58,VERY HIGH,HEAVY LOAD,88.68,81.41,HEAVY,277.97,VERY HIGH,HEAVY LOAD,15.41,4.12,LIGHT,70.44,LOW,RUNNING,17.1,4.91,LIGHT,73.74,LOW,RUNNING,15.66,4.28,LIGHT,71.0,LOW,RUNNING,18.57,5.89,LIGHT,77.05,LOW,RUNNING,88.61,79.92,HEAVY,275.64,VERY HIGH,HEAVY LOAD,90.9,81.96,HEAVY,281.56,VERY HIGH,HEAVY LOAD,29.05,54.0,274.3,0.25,22.0,COOLING,0.25,22.0,COOLING,0.25,22.0,COOLING,0.25,22.0,COOLING,25.28,25.199,25.319,24.012,24.953,25.319,24.012,1.307,1121.6,144.18,148.05,557.2,85.0,850.0,935.0,85.0,184.09,254.41,320.4,279.91,-147.69,4.32,-157.45,300.82,875.0,875.0,875.0,875.0,368.0,377.91,371.0,347.93,1971.03,1955.0,1038.81,3500.0,1464.84,1.0,1.0,1.0,1.0,22.5,MAX_UNIFORM_COOL,24.7813
5,Opposing Thermal Zones,0,447,4470.0,23,1,10,11,1,92.56,83.59,HEAVY,286.09,VERY HIGH,HEAVY LOAD,89.28,80.21,HEAVY,276.92,VERY HIGH,HEAVY LOAD,90.79,81.14,HEAVY,280.2,VERY HIGH,HEAVY LOAD,88.53,81.4,HEAVY,277.76,VERY HIGH,HEAVY LOAD,15.4,4.16,LIGHT,70.49,LOW,RUNNING,17.21,5.0,LIGHT,74.01,LOW,RUNNING,15.78,4.33,LIGHT,71.22,LOW,RUNNING,18.6,5.86,LIGHT,77.04,LOW,RUNNING,88.48,79.79,HEAVY,275.29,VERY HIGH,HEAVY LOAD,90.73,81.91,HEAVY,281.28,VERY HIGH,HEAVY LOAD,29.05,54.0,274.5,0.25,22.0,COOLING,0.25,22.0,COOLING,0.25,22.0,COOLING,0.25,22.0,COOLING,25.287,25.207,25.327,24.019,24.96,25.327,24.019,1.308,1120.97,144.5,148.26,556.57,85.0,850.0,935.0,85.0,183.99,254.36,320.41,279.88,-147.81,4.3,-157.55,301.05,875.0,875.0,875.0,875.0,367.15,378.16,371.12,347.5,1970.3,1955.0,1038.64,3500.0,1463.93,1.0,1.0,1.0,1.0,22.5,MAX_UNIFORM_COOL,24.927
5,Opposing Thermal Zones,0,448,4480.0,23,1,10,11,1,92.67,83.55,HEAVY,286.16,VERY HIGH,HEAVY LOAD,89.23,80.08,HEAVY,276.66,VERY HIGH,HEAVY LOAD,90.61,81.05,HEAVY,279.84,VERY HIGH,HEAVY LOAD,88.39,81.42,HEAVY,277.62,VERY HIGH,HEAVY LOAD,15.42,4.22,LIGHT,70.61,LOW,RUNNING,17.33,5.09,LIGHT,74.3,LOW,RUNNING,15.89,4.38,LIGHT,71.43,LOW,RUNNING,18.59,5.82,LIGHT,76.97,LOW,RUNNING,88.33,79.67,HEAVY,274.92,VERY HIGH,HEAVY LOAD,90.56,81.9,HEAVY,281.05,VERY HIGH,HEAVY LOAD,29.06,54.0,274.7,0.25,22.0,COOLING,0.25,22.0,COOLING,0.25,22.0,COOLING,0.25,22.0,COOLING,25.294,25.215,25.335,24.026,24.968,25.335,24.026,1.309,1120.28,144.91,148.4,555.97,85.0,850.0,935.0,85.0,184.13,254.53,320.62,280.07,-147.68,4.18,-157.68,301.18,875.0,875.0,875.0,875.0,366.73,378.62,371.34,347.22,1969.56,1955.0,1039.35,3500.0,1463.91,1.0,1.0,1.0,1.0,22.5,MAX_UNIFORM_COOL,25.0759
5,Opposing Thermal Zones,0,449,4490.0,23,1,10,11,1,92.75,83.48,HEAVY,286.16,VERY HIGH,HEAVY LOAD,89.14,79.95,HEAVY,276.35,VERY HIGH,HEAVY LOAD,90.43,80.97,HEAVY,279.49,VERY HIGH,HEAVY LOAD,88.29,81.48,HEAVY,277.58,VERY HIGH,HEAVY LOAD,15.48,4.29,LIGHT,70.78,LOW,RUNNING,17.46,5.17,LIGHT,74.58,LOW,RUNNING,15.98,4.4,LIGHT,71.57,LOW,RUNNING,18.56,5.76,LIGHT,76.84,LOW,RUNNING,88.16,79.57,HEAVY,274.55,VERY HIGH,HEAVY LOAD,90.43,81.92,HEAVY,280.92,VERY HIGH,HEAVY LOAD,29.06,54.0,274.8,0.25,22.0,COOLING,0.25,22.0,COOLING,0.25,22.0,COOLING,0.25,22.0,COOLING,25.301,25.223,25.343,24.033,24.975,25.343,24.033,1.31,1119.58,145.36,148.41,555.47,85.0,850.0,935.0,85.0,184.02,254.42,320.54,279.98,-147.56,4.06,-157.81,301.31,875.0,875.0,875.0,875.0,366.04,378.84,371.14,346.76,1968.82,1955.0,1038.96,3500.0,1462.78,1.0,1.0,1.0,1.0,22.5,MAX_UNIFORM_COOL,25.2266
5,Opposing Thermal Zones,0,450,4500.0,23,1,10,11,1,92.79,83.38,HEAVY,286.06,VERY HIGH,HEAVY LOAD,89.01,79.82,HEAVY,275.99,VERY HIGH,HEAVY LOAD,90.26,80.92,HEAVY,279.2,VERY HIGH,HEAVY LOAD,88.23,81.56,HEAVY,277.63,VERY HIGH,HEAVY LOAD,15.56,4.37,LIGHT,71.01,LOW,RUNNING,17.6,5.25,LIGHT,74.88,LOW,RUNNING,16.05,4.4,LIGHT,71.66,LOW,RUNNING,18.5,5.68,LIGHT,76.64,LOW,RUNNING,87.98,79.49,HEAVY,274.21,VERY HIGH,HEAVY LOAD,90.32,81.96,HEAVY,280.84,VERY HIGH,HEAVY LOAD,29.06,54.0,275.0,0.25,22.0,COOLING,0.25,22.0,COOLING,0.25,22.0,COOLING,0.25,22.0,COOLING,25.308,25.231,25.351,24.04,24.983,25.351,24.04,1.311,1118.88,145.89,148.3,555.05,85.0,850.0,935.0,85.0,183.94,254.38,320.54,279.96,-147.43,3.93,-157.93,301.43,875.0,875.0,875.0,875.0,365.39,379.2,370.91,346.44,1968.12,1955.0,1038.82,3500.0,1461.94,1.0,1.0,1.0,1.0,22.5,MAX_UNIFORM_COOL,25.38
5,Opposing Thermal Zones,0,451,4510.0,23,1,10,11,1,92.8,83.27,HEAVY,285.9,VERY HIGH,HEAVY LOAD,88.86,79.7,HEAVY,275.62,VERY HIGH,HEAVY LOAD,90.09,80.9,HEAVY,278.96,VERY HIGH,HEAVY LOAD,88.2,81.66,HEAVY,277.74,VERY HIGH,HEAVY LOAD,15.66,4.46,LIGHT,71.27,LOW,RUNNING,17.73,5.31,LIGHT,75.13,LOW,RUNNING,16.09,4.38,LIGHT,71.68,LOW,RUNNING,18.41,5.6,LIGHT,76.41,LOW,RUNNING,87.8,79.43,HEAVY,273.9,VERY HIGH,HEAVY LOAD,90.24,82.03,HEAVY,280.85,VERY HIGH,HEAVY LOAD,29.07,54.0,275.2,0.25,22.0,COOLING,0.25,22.0,COOLING,0.25,22.0,COOLING,0.25,22.0,COOLING,25.315,25.239,25.359,24.047,24.99,25.359,24.047,1.312,1118.22,146.4,148.09,554.75,85.0,850.0,935.0,85.0,184.08,254.54,320.76,280.15,-147.3,3.8,-158.05,301.56,875.0,875.0,875.0,875.0,365.0,379.74,370.8,346.46,1967.46,1955.0,1039.53,3500.0,1462.0,1.0,1.0,1.0,1.0,22.5,MAX_UNIFORM_COOL,25.5365
5,Opposing Thermal Zones,0,452,4520.0,23,1,10,11,1,92.76,83.14,HEAVY,285.66,VERY HIGH,HEAVY LOAD,88.69,79.59,HEAVY,275.25,VERY HIGH,HEAVY LOAD,89.95,80.91,HEAVY,278.8,VERY HIGH,HEAVY LOAD,88.21,81.77,HEAVY,277.92,VERY HIGH,HEAVY LOAD,15.77,4.55,LIGHT,71.54,LOW,RUNNING,17.85,5.36,LIGHT,75.35,LOW,RUNNING,16.1,4.34,LIGHT,71.64,LOW,RUNNING,18.3,5.51,LIGHT,76.14,LOW,RUNNING,87.64,79.4,HEAVY,273.65,VERY HIGH,HEAVY LOAD,90.2,82.13,HEAVY,280.94,VERY HIGH,HEAVY LOAD,29.07,54.0,275.3,0.25,22.0,COOLING,0.25,22.0,COOLING,0.25,22.0,COOLING,0.25,22.0,COOLING,25.322,25.247,25.367,24.054,24.997,25.367,24.054,1.313,1117.63,146.89,147.78,554.59,85.0,850.0,935.0,85.0,183.97,254.43,320.68,280.05,-147.18,3.68,-158.18,301.68,875.0,875.0,875.0,875.0,364.42,380.0,370.28,346.32,1966.89,1955.0,1039.13,3500.0,1461.02,1.0,1.0,1.0,1.0,22.5,MAX_UNIFORM_COOL,25.6948
5,Opposing Thermal Zones,0,453,4530.0,23,1,10,11,1,92.68,83.01,HEAVY,285.37,VERY HIGH,HEAVY LOAD,88.52,79.5,HEAVY,274.9,VERY HIGH,HEAVY LOAD,89.84,80.95,HEAVY,278.73,VERY HIGH,HEAVY LOAD,88.27,81.9,HEAVY,278.19,VERY HIGH,HEAVY LOAD,15.9,4.63,LIGHT,71.82,LOW,RUNNING,17.95,5.39,LIGHT,75.52,LOW,RUNNING,16.08,4.29,LIGHT,71.53,LOW,RUNNING,18.18,5.42,LIGHT,75.85,LOW,RUNNING,87.49,79.4,HEAVY,273.46,VERY HIGH,HEAVY LOAD,90.21,82.24,HEAVY,281.12,VERY HIGH,HEAVY LOAD,29.07,54.0,275.5,0.25,22.0,COOLING,0.25,22.0,COOLING,0.25,22.0,COOLING,0.25,22.0,COOLING,25.329,25.255,25.375,24.061,25.005,25.375,24.061,1.314,1117.19,147.34,147.38,554.58,85.0,850.0,935.0,85.0,183.89,254.38,320.67,280.03,-147.05,3.56,-158.31,301.81,875.0,875.0,875.0,875.0,364.03,380.28,369.74,346.42,1966.49,1955.0,1038.97,3500.0,1460.47,1.0,1.0,1.0,1.0,22.5,MAX_UNIFORM_COOL,25.8558
5,Opposing Thermal Zones,0,454,4540.0,23,1,10,11,1,92.57,82.88,HEAVY,285.03,VERY HIGH,HEAVY LOAD,88.34,79.44,HEAVY,274.59,VERY HIGH,HEAVY LOAD,89.75,81.02,HEAVY,278.72,VERY HIGH,HEAVY LOAD,88.36,82.04,HEAVY,278.51,VERY HIGH,HEAVY LOAD,16.04,4.71,LIGHT,72.11,LOW,RUNNING,18.02,5.4,LIGHT,75.62,LOW,RUNNING,16.03,4.22,LIGHT,71.37,LOW,RUNNING,18.05,5.34,LIGHT,75.57,LOW,RUNNING,87.36,79.44,HEAVY,273.36,VERY HIGH,HEAVY LOAD,90.25,82.37,HEAVY,281.37,VERY HIGH,HEAVY LOAD,29.08,54.0,275.7,0.25,22.0,COOLING,0.25,22.0,COOLING,0.25,22.0,COOLING,0.25,22.0,COOLING,25.336,25.263,25.383,24.068,25.012,25.383,24.068,1.315,1116.85,147.73,146.94,554.73,85.0,850.0,935.0,85.0,184.04,254.55,320.9,280.22,-146.93,3.43,-158.43,301.93,875.0,875.0,875.0,875.0,363.96,380.71,369.41,346.88,1966.25,1955.0,1039.71,3500.0,1460.96,1.0,1.0,1.0,1.0,22.5,MAX_UNIFORM_COOL,26.0201
5,Opposing Thermal Zones,0,455,4550.0,23,1,10,11,1,92.43,82.75,HEAVY,284.66,VERY HIGH,HEAVY LOAD,88.17,79.41,HEAVY,274.33,VERY HIGH,HEAVY LOAD,89.71,81.11,HEAVY,278.8,VERY HIGH,HEAVY LOAD,88.48,82.17,HEAVY,278.86,VERY HIGH,HEAVY LOAD,16.17,4.78,LIGHT,72.38,LOW,RUNNING,18.08,5.39,LIGHT,75.68,LOW,RUNNING,15.95,4.14,LIGHT,71.15,LOW,RUNNING,17.91,5.26,LIGHT,75.28,LOW,RUNNING,87.27,79.5,HEAVY,273.34,VERY HIGH,HEAVY LOAD,90.33,82.5,HEAVY,281.66,VERY HIGH,HEAVY LOAD,29.08,54.0,275.8,0.25,22.0,COOLING,0.25,22.0,COOLING,0.25,22.0,COOLING,0.25,22.0,COOLING,25.343,25.271,25.391,24.075,25.02,25.391,24.075,1.316,1116.65,148.06,146.43,555.0,85.0,850.0,935.0,85.0,183.92,254.45,320.81,280.14,-146.8,3.3,-158.55,302.05,875.0,875.0,875.0,875.0,363.77,380.81,368.69,347.19,1966.14,1955.0,1039.32,3500.0,1460.46,1.0,1.0,1.0,1.0,22.5,MAX_UNIFORM_COOL,26.1861
5,Opposing Thermal Zones,0,456,4560.0,23,1,10,11,1,92.27,82.64,HEAVY,284.3,VERY HIGH,HEAVY LOAD,88.01,79.4,HEAVY,274.11,VERY HIGH,HEAVY LOAD,89.7,81.22,HEAVY,278.95,VERY HIGH,HEAVY LOAD,88.62,82.29,HEAVY,279.21,VERY HIGH,HEAVY LOAD,16.29,4.84,LIGHT,72.62,LOW,RUNNING,18.1,5.36,LIGHT,75.67,LOW,RUNNING,15.85,4.05,LIGHT,70.89,LOW,RUNNING,17.78,5.19,LIGHT,75.01,LOW,RUNNING,87.22,79.58,HEAVY,273.39,VERY HIGH,HEAVY LOAD,90.44,82.64,HEAVY,282.01,VERY HIGH,HEAVY LOAD,29.08,54.0,276.0,0.25,22.0,COOLING,0.25,22.0,COOLING,0.25,22.0,COOLING,0.25,22.0,COOLING,25.35,25.279,25.399,24.082,25.027,25.399,24.082,1.317,1116.57,148.29,145.9,555.4,85.0,850.0,935.0,85.0,183.85,254.39,320.81,280.11,-146.68,3.18,-158.68,302.18,875.0,875.0,875.0,875.0,363.74,380.86,368.03,347.69,1966.16,1955.0,1039.16,3500.0,1460.32,1.0,1.0,1.0,1.0,22.5,MAX_UNIFORM_COOL,26.3552
5,Opposing Thermal Zones,0,457,4570.0,23,1,10,11,1,92.1,82.54,HEAVY,283.94,VERY HIGH,HEAVY LOAD,87.88,79.43,HEAVY,274.0,VERY HIGH,HEAVY LOAD,89.74,81.34,HEAVY,279.19,VERY HIGH,HEAVY LOAD,88.79,82.4,HEAVY,279.59,VERY HIGH,HEAVY LOAD,16.4,4.88,LIGHT,72.82,LOW,RUNNING,18.09,5.31,LIGHT,75.58,LOW,RUNNING,15.74,3.96,LIGHT,70.61,LOW,RUNNING,17.66,5.14,LIGHT,74.78,LOW,RUNNING,87.2,79.69,HEAVY,273.53,VERY HIGH,HEAVY LOAD,90.58,82.76,HEAVY,282.37,VERY HIGH,HEAVY LOAD,29.09,54.0,276.2,0.25,22.0,COOLING,0.25,22.0,COOLING,0.25,22.0,COOLING,0.25,22.0,COOLING,25.357,25.287,25.407,24.089,25.035,25.407,24.089,1.318,1116.72,148.4,145.39,555.9,85.0,850.0,935.0,85.0,183.99,254.56,321.03,280.29,-146.56,3.06,-158.81,302.31,875.0,875.0,875.0,875.0,364.15,381.02,367.61,348.5,1966.41,1955.0,1039.87,3500.0,1461.28,1.0,1.0,1.0,1.0,22.5,MAX_UNIFORM_COOL,26.5288
5,Opposing Thermal Zones,0,458,4580.0,23,1,10,11,1,91.92,82.46,HEAVY,283.59,VERY HIGH,HEAVY LOAD,87.79,79.48,HEAVY,273.96,VERY HIGH,HEAVY LOAD,89.81,81.48,HEAVY,279.48,VERY HIGH,HEAVY LOAD,88.97,82.49,HEAVY,279.95,VERY HIGH,HEAVY LOAD,16.49,4.9,LIGHT,72.96,LOW,RUNNING,18.05,5.25,LIGHT,75.44,LOW,RUNNING,15.61,3.87,LIGHT,70.32,LOW,RUNNING,17.56,5.11,LIGHT,74.61,LOW,RUNNING,87.22,79.81,HEAVY,273.74,VERY HIGH,HEAVY LOAD,90.75,82.88,HEAVY,282.76,VERY HIGH,HEAVY LOAD,29.09,54.0,276.3,0.25,22.0,COOLING,0.25,22.0,COOLING,0.25,22.0,COOLING,0.25,22.0,COOLING,25.364,25.295,25.414,24.096,25.042,25.414,24.096,1.318,1116.98,148.4,144.93,556.5,85.0,850.0,935.0,85.0,183.87,254.45,320.94,280.21,-146.43,2.93,-158.93,302.43,875.0,875.0,875.0,875.0,364.42,380.78,366.94,349.14,1966.81,1955.0,1039.47,3500.0,1461.28,1.0,1.0,1.0,1.0,22.5,MAX_UNIFORM_COOL,26.6924
5,Opposing Thermal Zones,0,459,4590.0,23,1,10,11,1,91.74,82.42,HEAVY,283.31,VERY HIGH,HEAVY LOAD,87.72,79.56,HEAVY,273.99,VERY HIGH,HEAVY LOAD,89.92,81.61,HEAVY,279.81,VERY HIGH,HEAVY LOAD,89.15,82.56,HEAVY,280.28,VERY HIGH,HEAVY LOAD,16.56,4.9,LIGHT,73.05,LOW,RUNNING,17.99,5.18,LIGHT,75.26,LOW,RUNNING,15.47,3.79,LIGHT,70.02,LOW,RUNNING,17.48,5.1,LIGHT,74.5,LOW,RUNNING,87.29,79.94,HEAVY,274.02,VERY HIGH,HEAVY LOAD,90.92,82.97,HEAVY,283.11,VERY HIGH,HEAVY LOAD,29.09,54.0,276.5,0.25,22.0,COOLING,0.25,22.0,COOLING,0.25,22.0,COOLING,0.25,22.0,COOLING,25.371,25.303,25.421,24.103,25.05,25.421,24.103,1.318,1117.39,148.31,144.52,557.13,85.0,850.0,935.0,85.0,183.8,254.4,320.97,280.18,-146.32,2.69,-158.82,302.45,875.0,875.0,875.0,875.0,364.87,380.4,366.67,349.76,1967.35,1955.0,1039.35,3500.0,1461.7,1.0,1.0,1.0,1.0,22.5,MAX_UNIFORM_COOL,26.8603
5,Opposing Thermal Zones,0,460,4600.0,23,1,10,11,1,91.58,82.4,HEAVY,283.07,VERY HIGH,HEAVY LOAD,87.7,79.67,HEAVY,274.13,VERY HIGH,HEAVY LOAD,90.05,81.74,HEAVY,280.17,VERY HIGH,HEAVY LOAD,89.32,82.59,HEAVY,280.53,VERY HIGH,HEAVY LOAD,16.59,4.88,LIGHT,73.06,LOW,RUNNING,17.9,5.09,LIGHT,75.01,LOW,RUNNING,15.34,3.72,LIGHT,69.75,LOW,RUNNING,17.43,5.11,LIGHT,74.45,LOW,RUNNING,87.39,80.08,HEAVY,274.36,VERY HIGH,HEAVY LOAD,91.1,83.04,HEAVY,283.44,VERY HIGH,HEAVY LOAD,29.1,54.0,276.7,0.25,22.0,COOLING,0.25,22.0,COOLING,0.25,22.0,COOLING,0.25,22.0,COOLING,25.378,25.311,25.428,24.11,25.057,25.428,24.11,1.318,1117.9,148.07,144.2,557.8,85.0,850.0,935.0,85.0,183.93,254.58,321.21,280.38,-146.21,2.46,-158.71,302.46,875.0,875.0,875.0,875.0,365.62,380.11,366.7,350.64,1967.97,1955.0,1040.1,3500.0,1463.07,1.0,1.0,1.0,1.0,22.5,MAX_UNIFORM_COOL,27.0327
5,Opposing Thermal Zones,0,461,4610.0,23,1,10,11,1,91.44,82.41,HEAVY,282.92,VERY HIGH,HEAVY LOAD,87.72,79.79,HEAVY,274.33,VERY HIGH,HEAVY LOAD,90.21,81.86,HEAVY,280.55,VERY HIGH,HEAVY LOAD,89.47,82.6,HEAVY,280.74,VERY HIGH,HEAVY LOAD,16.6,4.84,LIGHT,73.01,LOW,RUNNING,17.79,5.0,LIGHT,74.74,LOW,RUNNING,15.22,3.67,LIGHT,69.53,LOW,RUNNING,17.4,5.14,LIGHT,74.46,LOW,RUNNING,87.52,80.21,HEAVY,274.71,VERY HIGH,HEAVY LOAD,91.27,83.09,HEAVY,283.72,VERY HIGH,HEAVY LOAD,29.1,54.0,276.8,0.25,22.0,COOLING,0.25,22.0,COOLING,0.25,22.0,COOLING,0.25,22.0,COOLING,25.385,25.319,25.435,24.117,25.064,25.435,24.117,1.318,1118.54,147.75,143.99,558.43,85.0,850.0,935.0,85.0,183.82,254.46,321.15,280.29,-146.1,2.23,-158.6,302.48,875.0,875.0,875.0,875.0,366.26,379.44,366.54,351.2,1968.71,1955.0,1039.72,3500.0,1463.44,1.0,1.0,1.0,1.0,22.5,MAX_UNIFORM_COOL,27.2081
5,Opposing Thermal Zones,0,462,4620.0,23,1,10,11,1,91.33,82.45,HEAVY,282.84,VERY HIGH,HEAVY LOAD,87.77,79.92,HEAVY,274.59,VERY HIGH,HEAVY LOAD,90.39,81.95,HEAVY,280.91,VERY HIGH,HEAVY LOAD,89.61,82.58,HEAVY,280.88,VERY HIGH,HEAVY LOAD,16.58,4.78,LIGHT,72.89,LOW,RUNNING,17.67,4.91,LIGHT,74.45,LOW,RUNNING,15.11,3.62,LIGHT,69.32,LOW,RUNNING,17.41,5.18,LIGHT,74.53,LOW,RUNNING,87.67,80.33,HEAVY,275.08,VERY HIGH,HEAVY LOAD,91.44,83.1,HEAVY,283.95,VERY HIGH,HEAVY LOAD,29.1,54.0,277.0,0.25,22.0,COOLING,0.25,22.0,COOLING,0.25,22.0,COOLING,0.25,22.0,COOLING,25.392,25.327,25.442,24.124,25.071,25.442,24.124,1.318,1119.22,147.34,143.85,559.03,85.0,850.0,935.0,85.0,183.75,254.41,321.17,280.25,-145.99,1.99,-158.49,302.49,875.0,875.0,875.0,875.0,366.98,378.74,366.53,351.77,1969.44,1955.0,1039.58,3500.0,1464.02,1.0,1.0,1.0,1.0,22.5,MAX_UNIFORM_COOL,27.3875
5,Opposing Thermal Zones,0,463,4630.0,23,1,10,11,1,91.25,82.52,HEAVY,282.84,VERY HIGH,HEAVY LOAD,87.86,80.05,HEAVY,274.9,VERY HIGH,HEAVY LOAD,90.57,82.03,HEAVY,281.26,VERY HIGH,HEAVY LOAD,89.71,82.52,HEAVY,280.92,VERY HIGH,HEAVY LOAD,16.52,4.71,LIGHT,72.72,LOW,RUNNING,17.54,4.83,LIGHT,74.17,LOW,RUNNING,15.02,3.6,LIGHT,69.17,LOW,RUNNING,17.44,5.24,LIGHT,74.66,LOW,RUNNING,87.84,80.43,HEAVY,275.44,VERY HIGH,HEAVY LOAD,91.57,83.08,HEAVY,284.08,VERY HIGH,HEAVY LOAD,29.11,54.0,277.2,0.25,22.0,COOLING,0.25,22.0,COOLING,0.25,22.0,COOLING,0.25,22.0,COOLING,25.4,25.335,25.449,24.131,25.079,25.449,24.131,1.318,1119.92,146.89,143.83,559.52,85.0,850.0,935.0,85.0,183.89,254.58,321.41,280.45,-145.88,1.75,-158.38,302.51,875.0,875.0,875.0,875.0,367.93,378.22,366.86,352.48,1970.16,1955.0,1040.33,3500.0,1465.49,1.0,1.0,1.0,1.0,22.5,MAX_UNIFORM_COOL,27.5791
5,Opposing Thermal Zones,0,464,4640.0,23,1,10,11,1,91.21,82.62,HEAVY,282.94,VERY HIGH,HEAVY LOAD,87.99,80.18,HEAVY,275.26,VERY HIGH,HEAVY LOAD,90.74,82.08,HEAVY,281.55,VERY HIGH,HEAVY LOAD,89.77,82.44,HEAVY,280.87,VERY HIGH,HEAVY LOAD,16.44,4.63,LIGHT,72.5,LOW,RUNNING,17.4,4.75,LIGHT,73.88,LOW,RUNNING,14.95,3.6,LIGHT,69.09,LOW,RUNNING,17.5,5.32,LIGHT,74.86,LOW,RUNNING,88.02,80.51,HEAVY,275.79,VERY HIGH,HEAVY LOAD,91.68,83.04,HEAVY,284.16,VERY HIGH,HEAVY LOAD,29.11,54.0,277.3,0.25,22.0,COOLING,0.25,22.0,COOLING,0.25,22.0,COOLING,0.25,22.0,COOLING,25.408,25.343,25.456,24.138,25.086,25.456,24.138,1.318,1120.62,146.38,143.95,559.95,85.0,850.0,935.0,85.0,183.76,254.47,321.35,280.36,-146.0,1.63,-158.26,302.63,875.0,875.0,875.0,875.0,368.38,377.48,367.04,352.94,1970.9,1955.0,1039.94,3500.0,1465.84,1.0,1.0,1.0,1.0,22.5,MAX_UNIFORM_COOL,27.7739
5,Opposing Thermal Zones,0,465,4650.0,23,1,10,11,1,91.2,82.73,HEAVY,283.1,VERY HIGH,HEAVY LOAD,88.14,80.3,HEAVY,275.62,VERY HIGH,HEAVY LOAD,90.91,82.1,HEAVY,281.79,VERY HIGH,HEAVY LOAD,89.8,82.34,HEAVY,280.76,VERY HIGH,HEAVY LOAD,16.34,4.54,LIGHT,72.23,LOW,RUNNING,17.27,4.69,LIGHT,73.62,LOW,RUNNING,14.91,3.62,LIGHT,69.07,LOW,RUNNING,17.59,5.4,LIGHT,75.09,LOW,RUNNING,88.2,80.57,HEAVY,276.11,VERY HIGH,HEAVY LOAD,91.76,82.97,HEAVY,284.16,VERY HIGH,HEAVY LOAD,29.11,54.0,277.5,0.25,22.0,COOLING,0.25,22.0,COOLING,0.25,22.0,COOLING,0.25,22.0,COOLING,25.416,25.351,25.463,24.145,25.094,25.463,24.145,1.318,1121.27,145.85,144.16,560.27,85.0,850.0,935.0,85.0,183.65,254.43,321.37,280.34,-146.13,1.51,-158.13,302.75,875.0,875.0,875.0,875.0,368.79,376.79,367.4,353.36,1971.55,1955.0,1039.79,3500.0,1466.34,1.0,1.0,1.0,1.0,22.5,MAX_UNIFORM_COOL,27.9731
5,Opposing Thermal Zones,0,466,4660.0,23,1,10,11,1,91.24,82.86,HEAVY,283.34,VERY HIGH,HEAVY LOAD,88.31,80.41,HEAVY,276.0,VERY HIGH,HEAVY LOAD,91.05,82.09,HEAVY,281.95,VERY HIGH,HEAVY LOAD,89.79,82.23,HEAVY,280.58,VERY HIGH,HEAVY LOAD,16.23,4.45,LIGHT,71.96,LOW,RUNNING,17.15,4.64,LIGHT,73.4,LOW,RUNNING,14.9,3.66,LIGHT,69.11,LOW,RUNNING,17.7,5.49,LIGHT,75.36,LOW,RUNNING,88.36,80.6,HEAVY,276.35,VERY HIGH,HEAVY LOAD,91.8,82.87,HEAVY,284.06,VERY HIGH,HEAVY LOAD,29.12,54.0,277.7,0.25,22.0,COOLING,0.25,22.0,COOLING,0.25,22.0,COOLING,0.25,22.0,COOLING,25.424,25.359,25.471,24.152,25.102,25.471,24.152,1.319,1121.87,145.36,144.47,560.41,85.0,850.0,935.0,85.0,183.78,254.59,321.62,280.52,-146.26,1.38,-158.01,302.88,875.0,875.0,875.0,875.0,369.39,376.33,368.08,353.81,1972.11,1955.0,1040.51,3500.0,1467.61,1.0,1.0,1.0,1.0,22.5,MAX_UNIFORM_COOL,28.1917
5,Opposing Thermal Zones,0,467,4670.0,23,1,10,11,1,91.32,82.99,HEAVY,283.63,VERY HIGH,HEAVY LOAD,88.48,80.5,HEAVY,276.35,VERY HIGH,HEAVY LOAD,91.16,82.05,HEAVY,282.02,VERY HIGH,HEAVY LOAD,89.73,82.1,HEAVY,280.31,VERY HIGH,HEAVY LOAD,16.1,4.37,LIGHT,71.68,LOW,RUNNING,17.05,4.61,LIGHT,73.23,LOW,RUNNING,14.92,3.71,LIGHT,69.22,LOW,RUNNING,17.82,5.58,LIGHT,75.65,LOW,RUNNING,88.51,80.6,HEAVY,276.54,VERY HIGH,HEAVY LOAD,91.79,82.76,HEAVY,283.88,VERY HIGH,HEAVY LOAD,29.12,54.0,277.8,0.25,22.0,COOLING,0.25,22.0,COOLING,0.25,22.0,COOLING,0.25,22.0,COOLING,25.432,25.367,25.479,24.159,25.109,25.479,24.159,1.32,1122.31,144.91,144.87,560.42,85.0,850.0,935.0,85.0,183.63,254.48,321.52,280.43,-146.36,1.36,-158.11,303.11,875.0,875.0,875.0,875.0,369.58,375.75,368.28,353.96,1972.51,1955.0,1040.06,3500.0,1467.57,1.0,1.0,1.0,1.0,22.5,MAX_UNIFORM_COOL,28.4134
5,Opposing Thermal Zones,0,468,4680.0,23,1,10,11,1,91.43,83.12,HEAVY,283.97,VERY HIGH,HEAVY LOAD,88.66,80.56,HEAVY,276.66,VERY HIGH,HEAVY LOAD,91.25,81.98,HEAVY,282.03,VERY HIGH,HEAVY LOAD,89.64,81.96,HEAVY,279.99,VERY HIGH,HEAVY LOAD,15.96,4.29,LIGHT,71.39,LOW,RUNNING,16.98,4.6,LIGHT,73.12,LOW,RUNNING,14.97,3.78,LIGHT,69.38,LOW,RUNNING,17.95,5.66,LIGHT,75.93,LOW,RUNNING,88.64,80.56,HEAVY,276.64,VERY HIGH,HEAVY LOAD,91.75,82.63,HEAVY,283.63,VERY HIGH,HEAVY LOAD,29.12,54.0,278.0,0.25,22.0,COOLING,0.25,22.0,COOLING,0.25,22.0,COOLING,0.25,22.0,COOLING,25.44,25.375,25.487,24.166,25.117,25.487,24.166,1.321,1122.65,144.51,145.31,560.27,85.0,850.0,935.0,85.0,183.54,254.44,321.53,280.41,-146.47,1.35,-158.22,303.35,875.0,875.0,875.0,875.0,369.72,375.3,368.62,354.03,1972.74,1955.0,1039.92,3500.0,1467.67,1.0,1.0,1.0,1.0,22.5,MAX_UNIFORM_COOL,28.6398
5,Opposing Thermal Zones,0,469,4690.0,23,1,10,11,1,91.57,83.25,HEAVY,284.34,VERY HIGH,HEAVY LOAD,88.83,80.59,HEAVY,276.92,VERY HIGH,HEAVY LOAD,91.29,81.89,HEAVY,281.95,VERY HIGH,HEAVY LOAD,89.52,81.83,HEAVY,279.64,VERY HIGH,HEAVY LOAD,15.83,4.22,LIGHT,71.12,LOW,RUNNING,16.92,4.61,LIGHT,73.07,LOW,RUNNING,15.05,3.86,LIGHT,69.6,LOW,RUNNING,18.09,5.74,LIGHT,76.22,LOW,RUNNING,88.73,80.5,HEAVY,276.66,VERY HIGH,HEAVY LOAD,91.67,82.5,HEAVY,283.34,VERY HIGH,HEAVY LOAD,29.13,54.0,278.2,0.25,22.0,COOLING,0.25,22.0,COOLING,0.25,22.0,COOLING,0.25,22.0,COOLING,25.448,25.383,25.495,24.173,25.125,25.495,24.173,1.322,1122.85,144.19,145.82,560.0,85.0,850.0,935.0,85.0,183.66,254.61,321.74,280.61,-146.59,1.33,-158.33,303.58,875.0,875.0,875.0,875.0,369.92,375.13,369.23,354.19,1972.86,1955.0,1040.62,3500.0,1468.47,1.0,1.0,1.0,1.0,22.5,MAX_UNIFORM_COOL,28.8713
5,Opposing Thermal Zones,0,470,4700.0,23,1,10,11,1,91.73,83.36,HEAVY,284.7,VERY HIGH,HEAVY LOAD,88.99,80.6,HEAVY,277.14,VERY HIGH,HEAVY LOAD,91.3,81.78,HEAVY,281.8,VERY HIGH,HEAVY LOAD,89.38,81.71,HEAVY,279.29,VERY HIGH,HEAVY LOAD,15.71,4.16,LIGHT,70.88,LOW,RUNNING,16.9,4.64,LIGHT,73.08,LOW,RUNNING,15.15,3.95,LIGHT,69.86,LOW,RUNNING,18.22,5.81,LIGHT,76.49,LOW,RUNNING,88.78,80.42,HEAVY,276.61,VERY HIGH,HEAVY LOAD,91.56,82.36,HEAVY,282.99,VERY HIGH,HEAVY LOAD,29.13,54.0,278.3,0.25,22.0,COOLING,0.25,22.0,COOLING,0.25,22.0,COOLING,0.25,22.0,COOLING,25.456,25.391,25.503,24.18,25.133,25.503,24.18,1.323,1122.93,143.96,146.35,559.6,85.0,850.0,935.0,85.0,183.52,254.5,321.66,280.52,-146.7,1.32,-158.45,303.82,875.0,875.0,875.0,875.0,369.75,374.78,369.56,353.94,1972.84,1955.0,1040.2,3500.0,1468.03,1.0,1.0,1.0,1.0,22.5,MAX_UNIFORM_COOL,29.1061
5,Opposing Thermal Zones,0,471,4710.0,23,1,10,11,1,91.9,83.46,HEAVY,285.06,VERY HIGH,HEAVY LOAD,89.12,80.57,HEAVY,277.25,VERY HIGH,HEAVY LOAD,91.26,81.66,HEAVY,281.56,VERY HIGH,HEAVY LOAD,89.21,81.6,HEAVY,278.91,VERY HIGH,HEAVY LOAD,15.6,4.12,LIGHT,70.68,LOW,RUNNING,16.91,4.69,LIGHT,73.17,LOW,RUNNING,15.26,4.04,LIGHT,70.14,LOW,RUNNING,18.34,5.86,LIGHT,76.72,LOW,RUNNING,88.8,80.31,HEAVY,276.47,VERY HIGH,HEAVY LOAD,91.42,82.24,HEAVY,282.63,VERY HIGH,HEAVY LOAD,29.14,54.0,278.5,0.25,22.0,COOLING,0.25,22.0,COOLING,0.25,22.0,COOLING,0.25,22.0,COOLING,25.464,25.399,25.511,24.187,25.14,25.511,24.187,1.324,1122.78,143.85,146.86,559.1,85.0,850.0,935.0,85.0,183.65,254.66,321.89,280.7,-146.81,1.31,-158.56,304.05,875.0,875.0,875.0,875.0,369.62,374.82,370.19,353.85,1972.59,1955.0,1040.9,3500.0,1468.48,1.0,1.0,1.0,1.0,22.5,MAX_UNIFORM_COOL,29.3463
5,Opposing Thermal Zones,0,472,4720.0,23,1,10,11,1,92.08,83.54,HEAVY,285.41,VERY HIGH,HEAVY LOAD,89.21,80.52,HEAVY,277.29,VERY HIGH,HEAVY LOAD,91.19,81.52,HEAVY,281.27,VERY HIGH,HEAVY LOAD,89.03,81.51,HEAVY,278.55,VERY HIGH,HEAVY LOAD,15.51,4.1,LIGHT,70.54,LOW,RUNNING,16.95,4.75,LIGHT,73.31,LOW,RUNNING,15.39,4.13,LIGHT,70.43,LOW,RUNNING,18.44,5.89,LIGHT,76.88,LOW,RUNNING,88.78,80.19,HEAVY,276.26,VERY HIGH,HEAVY LOAD,91.25,82.12,HEAVY,282.24,VERY HIGH,HEAVY LOAD,29.14,54.0,278.7,0.25,22.0,COOLING,0.25,22.0,COOLING,0.25,22.0,COOLING,0.25,22.0,COOLING,25.472,25.407,25.519,24.194,25.148,25.519,24.194,1.325,1122.52,143.85,147.31,558.5,85.0,850.0,935.0,85.0,183.54,254.62,321.88,280.68,-146.91,1.29,-158.66,304.29,875.0,875.0,875.0,875.0,369.15,374.76,370.53,353.47,1972.18,1955.0,1040.72,3500.0,1467.91,1.0,1.0,1.0,1.0,22.5,MAX_UNIFORM_COOL,29.5898
5,Opposing Thermal Zones,0,473,4730.0,23,1,10,11,1,92.26,83.58,HEAVY,285.7,VERY HIGH,HEAVY LOAD,89.28,80.44,HEAVY,277.26,VERY HIGH,HEAVY LOAD,91.08,81.39,HEAVY,280.94,VERY HIGH,HEAVY LOAD,88.85,81.44,HEAVY,278.22,VERY HIGH,HEAVY LOAD,15.44,4.1,LIGHT,70.45,LOW,RUNNING,17.01,4.82,LIGHT,73.49,LOW,RUNNING,15.53,4.21,LIGHT,70.73,LOW,RUNNING,18.52,5.9,LIGHT,77.0,LOW,RUNNING,88.71,80.06,HEAVY,275.98,VERY HIGH,HEAVY LOAD,91.08,82.03,HEAVY,281.89,VERY HIGH,HEAVY LOAD,29.14,54.0,278.8,0.25,22.0,COOLING,0.25,22.0,COOLING,0.25,22.0,COOLING,0.25,22.0,COOLING,25.48,25.415,25.527,24.201,25.156,25.527,24.201,1.326,1122.12,143.94,147.73,557.87,85.0,850.0,935.0,85.0,183.41,254.51,321.8,280.59,-147.03,1.27,-158.77,304.53,875.0,875.0,875.0,875.0,368.5,374.72,370.76,352.99,1971.66,1955.0,1040.31,3500.0,1466.97,1.0,1.0,1.0,1.0,22.5,MAX_UNIFORM_COOL,29.8372
5,Opposing Thermal Zones,0,474,4740.0,23,1,10,11,1,92.42,83.6,HEAVY,285.93,VERY HIGH,HEAVY LOAD,89.3,80.33,HEAVY,277.12,VERY HIGH,HEAVY LOAD,90.95,81.26,HEAVY,280.58,VERY HIGH,HEAVY LOAD,88.68,81.41,HEAVY,277.97,VERY HIGH,HEAVY LOAD,15.41,4.12,LIGHT,70.44,LOW,RUNNING,17.1,4.91,LIGHT,73.74,LOW,RUNNING,15.66,4.28,LIGHT,71.0,LOW,RUNNING,18.57,5.89,LIGHT,77.05,LOW,RUNNING,88.61,79.92,HEAVY,275.64,VERY HIGH,HEAVY LOAD,90.9,81.96,HEAVY,281.56,VERY HIGH,HEAVY LOAD,29.15,54.0,279.0,0.25,22.0,COOLING,0.25,22.0,COOLING,0.25,22.0,COOLING,0.25,22.0,COOLING,25.488,25.423,25.535,24.208,25.163,25.535,24.208,1.327,1121.6,144.18,148.05,557.2,85.0,850.0,935.0,85.0,183.52,254.68,322.01,280.78,-147.14,1.26,-158.89,304.76,875.0,875.0,875.0,875.0,367.98,375.12,371.17,352.74,1971.03,1955.0,1040.99,3500.0,1467.01,1.0,1.0,1.0,1.0,22.5,MAX_UNIFORM_COOL,30.0899
5,Opposing Thermal Zones,0,475,4750.0,23,1,10,11,1,92.56,83.59,HEAVY,286.09,VERY HIGH,HEAVY LOAD,89.28,80.21,HEAVY,276.92,VERY HIGH,HEAVY LOAD,90.79,81.14,HEAVY,280.2,VERY HIGH,HEAVY LOAD,88.53,81.4,HEAVY,277.76,VERY HIGH,HEAVY LOAD,15.4,4.16,LIGHT,70.49,LOW,RUNNING,17.21,5.0,LIGHT,74.01,LOW,RUNNING,15.78,4.33,LIGHT,71.22,LOW,RUNNING,18.6,5.86,LIGHT,77.04,LOW,RUNNING,88.48,79.79,HEAVY,275.29,VERY HIGH,HEAVY LOAD,90.73,81.91,HEAVY,281.28,VERY HIGH,HEAVY LOAD,29.15,54.0,279.2,0.25,22.0,COOLING,0.25,22.0,COOLING,0.25,22.0,COOLING,0.25,22.0,COOLING,25.495,25.431,25.543,24.215,25.171,25.543,24.215,1.328,1120.97,144.5,148.26,556.57,85.0,850.0,935.0,85.0,183.43,254.63,322.02,280.75,-147.25,1.25,-159.0,305.0,875.0,875.0,875.0,875.0,367.15,375.38,371.28,352.32,1970.3,1955.0,1040.83,3500.0,1466.13,1.0,1.0,1.0,1.0,22.5,MAX_UNIFORM_COOL,30.336
5,Opposing Thermal Zones,0,476,4760.0,23,1,10,11,1,92.67,83.55,HEAVY,286.16,VERY HIGH,HEAVY LOAD,89.23,80.08,HEAVY,276.66,VERY HIGH,HEAVY LOAD,90.61,81.05,HEAVY,279.84,VERY HIGH,HEAVY LOAD,88.39,81.42,HEAVY,277.62,VERY HIGH,HEAVY LOAD,15.42,4.22,LIGHT,70.61,LOW,RUNNING,17.33,5.09,LIGHT,74.3,LOW,RUNNING,15.89,4.38,LIGHT,71.43,LOW,RUNNING,18.59,5.82,LIGHT,76.97,LOW,RUNNING,88.33,79.67,HEAVY,274.92,VERY HIGH,HEAVY LOAD,90.56,81.9,HEAVY,281.05,VERY HIGH,HEAVY LOAD,29.15,54.0,279.3,0.25,22.0,COOLING,0.25,22.0,COOLING,0.25,22.0,COOLING,0.25,22.0,COOLING,25.502,25.439,25.551,24.222,25.178,25.551,24.222,1.329,1120.28,144.91,148.4,555.97,85.0,850.0,935.0,85.0,183.32,254.52,321.94,280.66,-147.12,1.12,-159.12,305.12,875.0,875.0,875.0,875.0,366.48,375.55,371.22,351.75,1969.56,1955.0,1040.44,3500.0,1465.0,1.0,1.0,1.0,1.0,22.5,MAX_UNIFORM_COOL,30.5859
5,Opposing Thermal Zones,0,477,4770.0,23,1,10,11,1,92.75,83.48,HEAVY,286.16,VERY HIGH,HEAVY LOAD,89.14,79.95,HEAVY,276.35,VERY HIGH,HEAVY LOAD,90.43,80.97,HEAVY,279.49,VERY HIGH,HEAVY LOAD,88.29,81.48,HEAVY,277.58,VERY HIGH,HEAVY LOAD,15.48,4.29,LIGHT,70.78,LOW,RUNNING,17.46,5.17,LIGHT,74.58,LOW,RUNNING,15.98,4.4,LIGHT,71.57,LOW,RUNNING,18.56,5.76,LIGHT,76.84,LOW,RUNNING,88.16,79.57,HEAVY,274.55,VERY HIGH,HEAVY LOAD,90.43,81.92,HEAVY,280.92,VERY HIGH,HEAVY LOAD,29.16,54.0,279.5,0.25,22.0,COOLING,0.25,22.0,COOLING,0.25,22.0,COOLING,0.25,22.0,COOLING,25.509,25.447,25.559,24.229,25.186,25.559,24.229,1.33,1119.58,145.36,148.41,555.47,85.0,850.0,935.0,85.0,183.46,254.69,322.15,280.86,-146.99,0.99,-159.24,305.24,875.0,875.0,875.0,875.0,366.05,376.04,371.32,351.57,1968.82,1955.0,1041.16,3500.0,1464.98,1.0,1.0,1.0,1.0,22.5,MAX_UNIFORM_COOL,30.8406
5,Opposing Thermal Zones,0,478,4780.0,23,1,10,11,1,92.79,83.38,HEAVY,286.06,VERY HIGH,HEAVY LOAD,89.01,79.82,HEAVY,275.99,VERY HIGH,HEAVY LOAD,90.26,80.92,HEAVY,279.2,VERY HIGH,HEAVY LOAD,88.23,81.56,HEAVY,277.63,VERY HIGH,HEAVY LOAD,15.56,4.37,LIGHT,71.01,LOW,RUNNING,17.6,5.25,LIGHT,74.88,LOW,RUNNING,16.05,4.4,LIGHT,71.66,LOW,RUNNING,18.5,5.68,LIGHT,76.64,LOW,RUNNING,87.98,79.49,HEAVY,274.21,VERY HIGH,HEAVY LOAD,90.32,81.96,HEAVY,280.84,VERY HIGH,HEAVY LOAD,29.16,54.0,279.7,0.25,22.0,COOLING,0.25,22.0,COOLING,0.25,22.0,COOLING,0.25,22.0,COOLING,25.516,25.455,25.567,24.236,25.194,25.567,24.236,1.331,1118.88,145.89,148.3,555.05,85.0,850.0,935.0,85.0,183.39,254.64,322.16,280.83,-146.87,0.87,-159.37,305.37,875.0,875.0,875.0,875.0,365.4,376.4,371.09,351.25,1968.12,1955.0,1041.02,3500.0,1464.14,1.0,1.0,1.0,1.0,22.5,MAX_UNIFORM_COOL,31.0982
5,Opposing Thermal Zones,0,479,4790.0,23,1,10,11,1,92.8,83.27,HEAVY,285.9,VERY HIGH,HEAVY LOAD,88.86,79.7,HEAVY,275.62,VERY HIGH,HEAVY LOAD,90.09,80.9,HEAVY,278.96,VERY HIGH,HEAVY LOAD,88.2,81.66,HEAVY,277.74,VERY HIGH,HEAVY LOAD,15.66,4.46,LIGHT,71.27,LOW,RUNNING,17.73,5.31,LIGHT,75.13,LOW,RUNNING,16.09,4.38,LIGHT,71.68,LOW,RUNNING,18.41,5.6,LIGHT,76.41,LOW,RUNNING,87.8,79.43,HEAVY,273.9,VERY HIGH,HEAVY LOAD,90.24,82.03,HEAVY,280.85,VERY HIGH,HEAVY LOAD,29.16,54.0,279.8,0.25,22.0,COOLING,0.25,22.0,COOLING,0.25,22.0,COOLING,0.25,22.0,COOLING,25.523,25.463,25.575,24.243,25.201,25.575,24.243,1.332,1118.22,146.4,148.09,554.75,85.0,850.0,935.0,85.0,183.27,254.54,322.07,280.75,-146.74,0.75,-159.5,305.49,875.0,875.0,875.0,875.0,364.75,376.69,370.66,350.99,1967.46,1955.0,1040.63,3500.0,1463.09,1.0,1.0,1.0,1.0,22.5,MAX_UNIFORM_COOL,31.3594
5,Opposing Thermal Zones,0,480,4800.0,23,1,10,11,1,92.76,83.14,HEAVY,285.66,VERY HIGH,HEAVY LOAD,88.69,79.59,HEAVY,275.25,VERY HIGH,HEAVY LOAD,89.95,80.91,HEAVY,278.8,VERY HIGH,HEAVY LOAD,88.21,81.77,HEAVY,277.92,VERY HIGH,HEAVY LOAD,15.77,4.55,LIGHT,71.54,LOW,RUNNING,17.85,5.36,LIGHT,75.35,LOW,RUNNING,16.1,4.34,LIGHT,71.64,LOW,RUNNING,18.3,5.51,LIGHT,76.14,LOW,RUNNING,87.64,79.4,HEAVY,273.65,VERY HIGH,HEAVY LOAD,90.2,82.13,HEAVY,280.94,VERY HIGH,HEAVY LOAD,29.17,54.0,280.0,0.25,22.0,COOLING,0.25,22.0,COOLING,0.25,22.0,COOLING,0.25,22.0,COOLING,25.53,25.471,25.583,24.25,25.209,25.583,24.25,1.333,1117.63,146.89,147.78,554.59,85.0,850.0,935.0,85.0,183.41,254.7,322.29,280.93,-146.62,0.62,-159.62,305.62,875.0,875.0,875.0,875.0,364.42,377.21,370.45,351.14,1966.89,1955.0,1041.33,3500.0,1463.22,1.0,1.0,1.0,1.0,22.5,MAX_UNIFORM_COOL,31.6255
5,Opposing Thermal Zones,0,481,4810.0,23,1,10,11,1,92.68,83.01,HEAVY,285.37,VERY HIGH,HEAVY LOAD,88.52,79.5,HEAVY,274.9,VERY HIGH,HEAVY LOAD,89.84,80.95,HEAVY,278.73,VERY HIGH,HEAVY LOAD,88.27,81.9,HEAVY,278.19,VERY HIGH,HEAVY LOAD,15.9,4.63,LIGHT,71.82,LOW,RUNNING,17.95,5.39,LIGHT,75.52,LOW,RUNNING,16.08,4.29,LIGHT,71.53,LOW,RUNNING,18.18,5.42,LIGHT,75.85,LOW,RUNNING,87.49,79.4,HEAVY,273.46,VERY HIGH,HEAVY LOAD,90.21,82.24,HEAVY,281.12,VERY HIGH,HEAVY LOAD,29.17,54.0,280.2,0.25,22.0,COOLING,0.25,22.0,COOLING,0.25,22.0,COOLING,0.25,22.0,COOLING,25.537,25.479,25.591,24.257,25.216,25.591,24.257,1.334,1117.19,147.34,147.38,554.58,85.0,850.0,935.0,85.0,183.34,254.65,322.29,280.9,-146.5,0.49,-159.74,305.74,875.0,875.0,875.0,875.0,364.03,377.48,369.93,351.22,1966.49,1955.0,1041.18,3500.0,1462.66,1.0,1.0,1.0,1.0,22.5,MAX_UNIFORM_COOL,31.8946
5,Opposing Thermal Zones,0,482,4820.0,23,1,10,11,1,92.57,82.88,HEAVY,285.03,VERY HIGH,HEAVY LOAD,88.34,79.44,HEAVY,274.59,VERY HIGH,HEAVY LOAD,89.75,81.02,HEAVY,278.72,VERY HIGH,HEAVY LOAD,88.36,82.04,HEAVY,278.51,VERY HIGH,HEAVY LOAD,16.04,4.71,LIGHT,72.11,LOW,RUNNING,18.02,5.4,LIGHT,75.62,LOW,RUNNING,16.03,4.22,LIGHT,71.37,LOW,RUNNING,18.05,5.34,LIGHT,75.57,LOW,RUNNING,87.36,79.44,HEAVY,273.36,VERY HIGH,HEAVY LOAD,90.25,82.37,HEAVY,281.37,VERY HIGH,HEAVY LOAD,29.17,54.0,280.3,0.25,22.0,COOLING,0.25,22.0,COOLING,0.25,22.0,COOLING,0.25,22.0,COOLING,25.544,25.487,25.599,24.264,25.224,25.599,24.264,1.335,1116.85,147.73,146.94,554.73,85.0,850.0,935.0,85.0,183.22,254.55,322.21,280.82,-146.37,0.37,-159.87,305.87,875.0,875.0,875.0,875.0,363.7,377.65,369.28,351.42,1966.25,1955.0,1040.8,3500.0,1462.05,1.0,1.0,1.0,1.0,22.5,MAX_UNIFORM_COOL,32.1673
5,Opposing Thermal Zones,0,483,4830.0,23,1,10,11,1,92.43,82.75,HEAVY,284.66,VERY HIGH,HEAVY LOAD,88.17,79.41,HEAVY,274.33,VERY HIGH,HEAVY LOAD,89.71,81.11,HEAVY,278.8,VERY HIGH,HEAVY LOAD,88.48,82.17,HEAVY,278.86,VERY HIGH,HEAVY LOAD,16.17,4.78,LIGHT,72.38,LOW,RUNNING,18.08,5.39,LIGHT,75.68,LOW,RUNNING,15.95,4.14,LIGHT,71.15,LOW,RUNNING,17.91,5.26,LIGHT,75.28,LOW,RUNNING,87.27,79.5,HEAVY,273.34,VERY HIGH,HEAVY LOAD,90.33,82.5,HEAVY,281.66,VERY HIGH,HEAVY LOAD,29.18,54.0,280.5,0.25,22.0,COOLING,0.25,22.0,COOLING,0.25,22.0,COOLING,0.25,22.0,COOLING,25.551,25.495,25.607,24.271,25.231,25.607,24.271,1.336,1116.65,148.06,146.43,555.0,85.0,850.0,935.0,85.0,183.36,254.71,322.43,281.0,-146.25,0.25,-160.0,306.0,875.0,875.0,875.0,875.0,363.76,378.02,368.86,352.0,1966.14,1955.0,1041.5,3500.0,1462.64,1.0,1.0,1.0,1.0,22.5,MAX_UNIFORM_COOL,32.4451
5,Opposing Thermal Zones,0,484,4840.0,23,1,10,11,1,92.27,82.64,HEAVY,284.3,VERY HIGH,HEAVY LOAD,88.01,79.4,HEAVY,274.11,VERY HIGH,HEAVY LOAD,89.7,81.22,HEAVY,278.95,VERY HIGH,HEAVY LOAD,88.62,82.29,HEAVY,279.21,VERY HIGH,HEAVY LOAD,16.29,4.84,LIGHT,72.62,LOW,RUNNING,18.1,5.36,LIGHT,75.67,LOW,RUNNING,15.85,4.05,LIGHT,70.89,LOW,RUNNING,17.78,5.19,LIGHT,75.01,LOW,RUNNING,87.22,79.58,HEAVY,273.39,VERY HIGH,HEAVY LOAD,90.44,82.64,HEAVY,282.01,VERY HIGH,HEAVY LOAD,29.18,54.0,280.7,0.25,22.0,COOLING,0.25,22.0,COOLING,0.25,22.0,COOLING,0.25,22.0,COOLING,25.558,25.503,25.615,24.278,25.238,25.615,24.278,1.337,1116.57,148.29,145.9,555.4,85.0,850.0,935.0,85.0,183.28,254.67,322.43,280.98,-146.12,0.12,-160.12,306.12,875.0,875.0,875.0,875.0,363.73,378.08,368.21,352.5,1966.16,1955.0,1041.36,3500.0,1462.52,1.0,1.0,1.0,1.0,22.5,MAX_UNIFORM_COOL,32.726
5,Opposing Thermal Zones,0,485,4850.0,23,1,10,11,1,92.1,82.54,HEAVY,283.94,VERY HIGH,HEAVY LOAD,87.88,79.43,HEAVY,274.0,VERY HIGH,HEAVY LOAD,89.74,81.34,HEAVY,279.19,VERY HIGH,HEAVY LOAD,88.79,82.4,HEAVY,279.59,VERY HIGH,HEAVY LOAD,16.4,4.88,LIGHT,72.82,LOW,RUNNING,18.09,5.31,LIGHT,75.58,LOW,RUNNING,15.74,3.96,LIGHT,70.61,LOW,RUNNING,17.66,5.14,LIGHT,74.78,LOW,RUNNING,87.2,79.69,HEAVY,273.53,VERY HIGH,HEAVY LOAD,90.58,82.76,HEAVY,282.37,VERY HIGH,HEAVY LOAD,29.18,54.0,280.8,0.25,22.0,COOLING,0.25,22.0,COOLING,0.25,22.0,COOLING,0.25,22.0,COOLING,25.565,25.511,25.622,24.285,25.246,25.622,24.285,1.337,1116.72,148.4,145.39,555.9,85.0,850.0,935.0,85.0,183.17,254.56,322.35,280.89,-146.0,-0.01,-160.24,306.25,875.0,875.0,875.0,875.0,363.89,377.95,367.5,353.04,1966.41,1955.0,1040.97,3500.0,1462.38,1.0,1.0,1.0,1.0,22.5,MAX_UNIFORM_COOL,32.9927
5,Opposing Thermal Zones,0,486,4860.0,23,1,10,11,1,91.92,82.46,HEAVY,283.59,VERY HIGH,HEAVY LOAD,87.79,79.48,HEAVY,273.96,VERY HIGH,HEAVY LOAD,89.81,81.48,HEAVY,279.48,VERY HIGH,HEAVY LOAD,88.97,82.49,HEAVY,279.95,VERY HIGH,HEAVY LOAD,16.49,4.9,LIGHT,72.96,LOW,RUNNING,18.05,5.25,LIGHT,75.44,LOW,RUNNING,15.61,3.87,LIGHT,70.32,LOW,RUNNING,17.56,5.11,LIGHT,74.61,LOW,RUNNING,87.22,79.81,HEAVY,273.74,VERY HIGH,HEAVY LOAD,90.75,82.88,HEAVY,282.76,VERY HIGH,HEAVY LOAD,29.19,54.0,281.0,0.25,22.0,COOLING,0.25,22.0,COOLING,0.25,22.0,COOLING,0.25,22.0,COOLING,25.572,25.519,25.629,24.292,25.253,25.629,24.292,1.337,1116.98,148.4,144.93,556.5,85.0,850.0,935.0,85.0,183.32,254.72,322.58,281.08,-145.89,-0.24,-160.14,306.26,875.0,875.0,875.0,875.0,364.41,377.88,367.37,353.84,1966.81,1955.0,1041.7,3500.0,1463.5,1.0,1.0,1.0,1.0,22.5,MAX_UNIFORM_COOL,33.2649
5,Opposing Thermal Zones,0,487,4870.0,23,1,10,11,1,91.74,82.42,HEAVY,283.31,VERY HIGH,HEAVY LOAD,87.72,79.56,HEAVY,273.99,VERY HIGH,HEAVY LOAD,89.92,81.61,HEAVY,279.81,VERY HIGH,HEAVY LOAD,89.15,82.56,HEAVY,280.28,VERY HIGH,HEAVY LOAD,16.56,4.9,LIGHT,73.05,LOW,RUNNING,17.99,5.18,LIGHT,75.26,LOW,RUNNING,15.47,3.79,LIGHT,70.02,LOW,RUNNING,17.48,5.1,LIGHT,74.5,LOW,RUNNING,87.29,79.94,HEAVY,274.02,VERY HIGH,HEAVY LOAD,90.92,82.97,HEAVY,283.11,VERY HIGH,HEAVY LOAD,29.19,54.0,281.2,0.25,22.0,COOLING,0.25,22.0,COOLING,0.25,22.0,COOLING,0.25,22.0,COOLING,25.579,25.527,25.636,24.299,25.26,25.636,24.299,1.337,1117.39,148.31,144.52,557.13,85.0,850.0,935.0,85.0,183.24,254.68,322.61,281.06,-145.77,-0.47,-160.03,306.27,875.0,875.0,875.0,875.0,364.86,377.52,367.1,354.46,1967.35,1955.0,1041.59,3500.0,1463.94,1.0,1.0,1.0,1.0,22.5,MAX_UNIFORM_COOL,33.54
5,Opposing Thermal Zones,0,488,4880.0,23,1,10,11,1,91.58,82.4,HEAVY,283.07,VERY HIGH,HEAVY LOAD,87.7,79.67,HEAVY,274.13,VERY HIGH,HEAVY LOAD,90.05,81.74,HEAVY,280.17,VERY HIGH,HEAVY LOAD,89.32,82.59,HEAVY,280.53,VERY HIGH,HEAVY LOAD,16.59,4.88,LIGHT,73.06,LOW,RUNNING,17.9,5.09,LIGHT,75.01,LOW,RUNNING,15.34,3.72,LIGHT,69.75,LOW,RUNNING,17.43,5.11,LIGHT,74.45,LOW,RUNNING,87.39,80.08,HEAVY,274.36,VERY HIGH,HEAVY LOAD,91.1,83.04,HEAVY,283.44,VERY HIGH,HEAVY LOAD,29.19,54.0,281.3,0.25,22.0,COOLING,0.25,22.0,COOLING,0.25,22.0,COOLING,0.25,22.0,COOLING,25.586,25.535,25.643,24.306,25.267,25.643,24.306,1.337,1117.9,148.07,144.2,557.8,85.0,850.0,935.0,85.0,183.13,254.56,322.55,280.97,-145.67,-0.71,-159.91,306.29,875.0,875.0,875.0,875.0,365.36,376.92,366.84,355.06,1967.97,1955.0,1041.21,3500.0,1464.18,1.0,1.0,1.0,1.0,22.5,MAX_UNIFORM_COOL,33.8186
5,Opposing Thermal Zones,0,489,4890.0,23,1,10,11,1,91.44,82.41,HEAVY,282.92,VERY HIGH,HEAVY LOAD,87.72,79.79,HEAVY,274.33,VERY HIGH,HEAVY LOAD,90.21,81.86,HEAVY,280.55,VERY HIGH,HEAVY LOAD,89.47,82.6,HEAVY,280.74,VERY HIGH,HEAVY LOAD,16.6,4.84,LIGHT,73.01,LOW,RUNNING,17.79,5.0,LIGHT,74.74,LOW,RUNNING,15.22,3.67,LIGHT,69.53,LOW,RUNNING,17.4,5.14,LIGHT,74.46,LOW,RUNNING,87.52,80.21,HEAVY,274.71,VERY HIGH,HEAVY LOAD,91.27,83.09,HEAVY,283.72,VERY HIGH,HEAVY LOAD,29.2,54.0,281.5,0.25,22.0,COOLING,0.25,22.0,COOLING,0.25,22.0,COOLING,0.25,22.0,COOLING,25.593,25.543,25.65,24.313,25.275,25.65,24.313,1.337,1118.54,147.75,143.99,558.43,85.0,850.0,935.0,85.0,183.26,254.74,322.79,281.16,-145.55,-0.95,-159.81,306.3,875.0,875.0,875.0,875.0,366.25,376.54,366.97,355.89,1968.71,1955.0,1041.95,3500.0,1465.65,1.0,1.0,1.0,1.0,22.5,MAX_UNIFORM_COOL,34.1025
5,Opposing Thermal Zones,0,490,4900.0,23,1,10,11,1,91.33,82.45,HEAVY,282.84,VERY HIGH,HEAVY LOAD,87.77,79.92,HEAVY,274.59,VERY HIGH,HEAVY LOAD,90.39,81.95,HEAVY,280.91,VERY HIGH,HEAVY LOAD,89.61,82.58,HEAVY,280.88,VERY HIGH,HEAVY LOAD,16.58,4.78,LIGHT,72.89,LOW,RUNNING,17.67,4.91,LIGHT,74.45,LOW,RUNNING,15.11,3.62,LIGHT,69.32,LOW,RUNNING,17.41,5.18,LIGHT,74.53,LOW,RUNNING,87.67,80.33,HEAVY,275.08,VERY HIGH,HEAVY LOAD,91.44,83.1,HEAVY,283.95,VERY HIGH,HEAVY LOAD,29.2,54.0,281.7,0.25,22.0,COOLING,0.25,22.0,COOLING,0.25,22.0,COOLING,0.25,22.0,COOLING,25.6,25.551,25.657,24.32,25.282,25.657,24.32,1.337,1119.22,147.34,143.85,559.03,85.0,850.0,935.0,85.0,183.19,254.69,322.82,281.13,-145.45,-1.18,-159.69,306.32,875.0,875.0,875.0,875.0,366.96,375.85,366.98,356.48,1969.44,1955.0,1041.83,3500.0,1466.27,1.0,1.0,1.0,1.0,22.5,MAX_UNIFORM_COOL,34.3891
5,Opposing Thermal Zones,0,491,4910.0,23,1,10,11,1,91.25,82.52,HEAVY,282.84,VERY HIGH,HEAVY LOAD,87.86,80.05,HEAVY,274.9,VERY HIGH,HEAVY LOAD,90.57,82.03,HEAVY,281.26,VERY HIGH,HEAVY LOAD,89.71,82.52,HEAVY,280.92,VERY HIGH,HEAVY LOAD,16.52,4.71,LIGHT,72.72,LOW,RUNNING,17.54,4.83,LIGHT,74.17,LOW,RUNNING,15.02,3.6,LIGHT,69.17,LOW,RUNNING,17.44,5.24,LIGHT,74.66,LOW,RUNNING,87.84,80.43,HEAVY,275.44,VERY HIGH,HEAVY LOAD,91.57,83.08,HEAVY,284.08,VERY HIGH,HEAVY LOAD,29.2,54.0,281.8,0.25,22.0,COOLING,0.25,22.0,COOLING,0.25,22.0,COOLING,0.25,22.0,COOLING,25.608,25.559,25.664,24.327,25.29,25.664,24.327,1.337,1119.92,146.89,143.83,559.52,85.0,850.0,935.0,85.0,183.07,254.57,322.74,281.04,-145.34,-1.41,-159.59,306.34,875.0,875.0,875.0,875.0,367.65,375.05,366.98,356.9,1970.16,1955.0,1041.42,3500.0,1466.58,1.0,1.0,1.0,1.0,22.5,MAX_UNIFORM_COOL,34.6916
5,Opposing Thermal Zones,0,492,4920.0,23,1,10,11,1,91.21,82.62,HEAVY,282.94,VERY HIGH,HEAVY LOAD,87.99,80.18,HEAVY,275.26,VERY HIGH,HEAVY LOAD,90.74,82.08,HEAVY,281.55,VERY HIGH,HEAVY LOAD,89.77,82.44,HEAVY,280.87,VERY HIGH,HEAVY LOAD,16.44,4.63,LIGHT,72.5,LOW,RUNNING,17.4,4.75,LIGHT,73.88,LOW,RUNNING,14.95,3.6,LIGHT,69.09,LOW,RUNNING,17.5,5.32,LIGHT,74.86,LOW,RUNNING,88.02,80.51,HEAVY,275.79,VERY HIGH,HEAVY LOAD,91.68,83.04,HEAVY,284.16,VERY HIGH,HEAVY LOAD,29.21,54.0,282.0,0.25,22.0,COOLING,0.25,22.0,COOLING,0.25,22.0,COOLING,0.25,22.0,COOLING,25.616,25.567,25.671,24.334,25.297,25.671,24.334,1.337,1120.62,146.38,143.95,559.95,85.0,850.0,935.0,85.0,183.19,254.75,322.99,281.23,-145.46,-1.54,-159.46,306.46,875.0,875.0,875.0,875.0,368.35,374.59,367.48,357.64,1970.9,1955.0,1042.16,3500.0,1468.06,1.0,1.0,1.0,1.0,22.5,MAX_UNIFORM_COOL,34.9996
5,Opposing Thermal Zones,0,493,4930.0,23,1,10,11,1,91.2,82.73,HEAVY,283.1,VERY HIGH,HEAVY LOAD,88.14,80.3,HEAVY,275.62,VERY HIGH,HEAVY LOAD,90.91,82.1,HEAVY,281.79,VERY HIGH,HEAVY LOAD,89.8,82.34,HEAVY,280.76,VERY HIGH,HEAVY LOAD,16.34,4.54,LIGHT,72.23,LOW,RUNNING,17.27,4.69,LIGHT,73.62,LOW,RUNNING,14.91,3.62,LIGHT,69.07,LOW,RUNNING,17.59,5.4,LIGHT,75.09,LOW,RUNNING,88.2,80.57,HEAVY,276.11,VERY HIGH,HEAVY LOAD,91.76,82.97,HEAVY,284.16,VERY HIGH,HEAVY LOAD,29.21,54.0,282.2,0.25,22.0,COOLING,0.25,22.0,COOLING,0.25,22.0,COOLING,0.25,22.0,COOLING,25.624,25.575,25.679,24.341,25.305,25.679,24.341,1.338,1121.27,145.85,144.16,560.27,85.0,850.0,935.0,85.0,183.1,254.7,323.01,281.21,-145.58,-1.67,-159.33,306.58,875.0,875.0,875.0,875.0,368.79,373.88,367.84,358.06,1971.55,1955.0,1042.02,3500.0,1468.57,1.0,1.0,1.0,1.0,22.5,MAX_UNIFORM_COOL,35.3299
5,Opposing Thermal Zones,0,494,4940.0,23,1,10,11,1,91.24,82.86,HEAVY,283.34,VERY HIGH,HEAVY LOAD,88.31,80.41,HEAVY,276.0,VERY HIGH,HEAVY LOAD,91.05,82.09,HEAVY,281.95,VERY HIGH,HEAVY LOAD,89.79,82.23,HEAVY,280.58,VERY HIGH,HEAVY LOAD,16.23,4.45,LIGHT,71.96,LOW,RUNNING,17.15,4.64,LIGHT,73.4,LOW,RUNNING,14.9,3.66,LIGHT,69.11,LOW,RUNNING,17.7,5.49,LIGHT,75.36,LOW,RUNNING,88.36,80.6,HEAVY,276.35,VERY HIGH,HEAVY LOAD,91.8,82.87,HEAVY,284.06,VERY HIGH,HEAVY LOAD,29.22,54.0,282.3,0.25,22.0,COOLING,0.25,22.0,COOLING,0.25,22.0,COOLING,0.25,22.0,COOLING,25.632,25.583,25.687,24.348,25.312,25.687,24.348,1.339,1121.87,145.36,144.47,560.41,85.0,850.0,935.0,85.0,183.17,254.81,323.14,281.34,-145.69,-1.68,-159.44,306.82,875.0,875.0,875.0,875.0,369.35,373.49,368.17,358.57,1972.11,1955.0,1042.46,3500.0,1469.58,1.0,1.0,1.0,1.0,22.5,MAX_UNIFORM_COOL,35.665
5,Opposing Thermal Zones,0,495,4950.0,23,1,10,11,1,91.32,82.99,HEAVY,283.63,VERY HIGH,HEAVY LOAD,88.48,80.5,HEAVY,276.35,VERY HIGH,HEAVY LOAD,91.16,82.05,HEAVY,282.02,VERY HIGH,HEAVY LOAD,89.73,82.1,HEAVY,280.31,VERY HIGH,HEAVY LOAD,16.1,4.37,LIGHT,71.68,LOW,RUNNING,17.05,4.61,LIGHT,73.23,LOW,RUNNING,14.92,3.71,LIGHT,69.22,LOW,RUNNING,17.82,5.58,LIGHT,75.65,LOW,RUNNING,88.51,80.6,HEAVY,276.54,VERY HIGH,HEAVY LOAD,91.79,82.76,HEAVY,283.88,VERY HIGH,HEAVY LOAD,29.22,54.0,282.5,0.25,22.0,COOLING,0.25,22.0,COOLING,0.25,22.0,COOLING,0.25,22.0,COOLING,25.64,25.591,25.695,24.355,25.32,25.695,24.355,1.34,1122.31,144.91,144.87,560.42,85.0,850.0,935.0,85.0,183.08,254.76,323.15,281.31,-145.81,-1.69,-159.56,307.06,875.0,875.0,875.0,875.0,369.58,372.98,368.46,358.79,1972.51,1955.0,1042.3,3500.0,1469.81,1.0,1.0,1.0,1.0,22.5,MAX_UNIFORM_COOL,36.0038
5,Opposing Thermal Zones,0,496,4960.0,23,1,10,11,1,91.43,83.12,HEAVY,283.97,VERY HIGH,HEAVY LOAD,88.66,80.56,HEAVY,276.66,VERY HIGH,HEAVY LOAD,91.25,81.98,HEAVY,282.03,VERY HIGH,HEAVY LOAD,89.64,81.96,HEAVY,279.99,VERY HIGH,HEAVY LOAD,15.96,4.29,LIGHT,71.39,LOW,RUNNING,16.98,4.6,LIGHT,73.12,LOW,RUNNING,14.97,3.78,LIGHT,69.38,LOW,RUNNING,17.95,5.66,LIGHT,75.93,LOW,RUNNING,88.64,80.56,HEAVY,276.64,VERY HIGH,HEAVY LOAD,91.75,82.63,HEAVY,283.63,VERY HIGH,HEAVY LOAD,29.22,54.0,282.7,0.25,22.0,COOLING,0.25,22.0,COOLING,0.25,22.0,COOLING,0.25,22.0,COOLING,25.648,25.599,25.703,24.362,25.328,25.703,24.362,1.341,1122.65,144.51,145.31,560.27,85.0,850.0,935.0,85.0,182.98,254.71,323.15,281.29,-145.91,-1.71,-159.66,307.29,875.0,875.0,875.0,875.0,369.72,372.51,368.8,358.85,1972.74,1955.0,1042.13,3500.0,1469.88,1.0,1.0,1.0,1.0,22.5,MAX_UNIFORM_COOL,36.3469
5,Opposing Thermal Zones,0,497,4970.0,23,1,10,11,1,91.57,83.25,HEAVY,284.34,VERY HIGH,HEAVY LOAD,88.83,80.59,HEAVY,276.92,VERY HIGH,HEAVY LOAD,91.29,81.89,HEAVY,281.95,VERY HIGH,HEAVY LOAD,89.52,81.83,HEAVY,279.64,VERY HIGH,HEAVY LOAD,15.83,4.22,LIGHT,71.12,LOW,RUNNING,16.92,4.61,LIGHT,73.07,LOW,RUNNING,15.05,3.86,LIGHT,69.6,LOW,RUNNING,18.09,5.74,LIGHT,76.22,LOW,RUNNING,88.73,80.5,HEAVY,276.66,VERY HIGH,HEAVY LOAD,91.67,82.5,HEAVY,283.34,VERY HIGH,HEAVY LOAD,29.23,54.0,282.8,0.25,22.0,COOLING,0.25,22.0,COOLING,0.25,22.0,COOLING,0.25,22.0,COOLING,25.656,25.607,25.711,24.369,25.336,25.711,24.369,1.342,1122.85,144.19,145.82,560.0,85.0,850.0,935.0,85.0,183.06,254.82,323.28,281.41,-146.03,-1.73,-159.78,307.53,875.0,875.0,875.0,875.0,369.88,372.28,369.32,358.94,1972.86,1955.0,1042.57,3500.0,1470.42,1.0,1.0,1.0,1.0,22.5,MAX_UNIFORM_COOL,36.6953
5,Opposing Thermal Zones,0,498,4980.0,23,1,10,11,1,91.73,83.36,HEAVY,284.7,VERY HIGH,HEAVY LOAD,88.99,80.6,HEAVY,277.14,VERY HIGH,HEAVY LOAD,91.3,81.78,HEAVY,281.8,VERY HIGH,HEAVY LOAD,89.38,81.71,HEAVY,279.29,VERY HIGH,HEAVY LOAD,15.71,4.16,LIGHT,70.88,LOW,RUNNING,16.9,4.64,LIGHT,73.08,LOW,RUNNING,15.15,3.95,LIGHT,69.86,LOW,RUNNING,18.22,5.81,LIGHT,76.49,LOW,RUNNING,88.78,80.42,HEAVY,276.61,VERY HIGH,HEAVY LOAD,91.56,82.36,HEAVY,282.99,VERY HIGH,HEAVY LOAD,29.23,54.0,283.0,0.25,22.0,COOLING,0.25,22.0,COOLING,0.25,22.0,COOLING,0.25,22.0,COOLING,25.664,25.615,25.719,24.376,25.343,25.719,24.376,1.343,1122.93,143.96,146.35,559.6,85.0,850.0,935.0,85.0,182.96,254.77,323.28,281.39,-146.13,-1.74,-159.88,307.76,875.0,875.0,875.0,875.0,369.76,371.99,369.75,358.75,1972.84,1955.0,1042.4,3500.0,1470.25,1.0,1.0,1.0,1.0,22.5,MAX_UNIFORM_COOL,37.0472
5,Opposing Thermal Zones,0,499,4990.0,23,1,10,11,1,91.9,83.46,HEAVY,285.06,VERY HIGH,HEAVY LOAD,89.12,80.57,HEAVY,277.25,VERY HIGH,HEAVY LOAD,91.26,81.66,HEAVY,281.56,VERY HIGH,HEAVY LOAD,89.21,81.6,HEAVY,278.91,VERY HIGH,HEAVY LOAD,15.6,4.12,LIGHT,70.68,LOW,RUNNING,16.91,4.69,LIGHT,73.17,LOW,RUNNING,15.26,4.04,LIGHT,70.14,LOW,RUNNING,18.34,5.86,LIGHT,76.72,LOW,RUNNING,88.8,80.31,HEAVY,276.47,VERY HIGH,HEAVY LOAD,91.42,82.24,HEAVY,282.63,VERY HIGH,HEAVY LOAD,29.23,54.0,283.2,0.25,22.0,COOLING,0.25,22.0,COOLING,0.25,22.0,COOLING,0.25,22.0,COOLING,25.672,25.623,25.727,24.383,25.351,25.727,24.383,1.344,1122.78,143.85,146.86,559.1,85.0,850.0,935.0,85.0,182.87,254.72,323.29,281.36,-146.25,-1.75,-160.0,308.0,875.0,875.0,875.0,875.0,369.4,371.82,370.15,358.46,1972.59,1955.0,1042.24,3500.0,1469.83,1.0,1.0,1.0,1.0,22.5,MAX_UNIFORM_COOL,37.4033
5,Opposing Thermal Zones,0,500,5000.0,23,1,10,11,1,92.08,83.54,HEAVY,285.41,VERY HIGH,HEAVY LOAD,89.21,80.52,HEAVY,277.29,VERY HIGH,HEAVY LOAD,91.19,81.52,HEAVY,281.27,VERY HIGH,HEAVY LOAD,89.03,81.51,HEAVY,278.55,VERY HIGH,HEAVY LOAD,15.51,4.1,LIGHT,70.54,LOW,RUNNING,16.95,4.75,LIGHT,73.31,LOW,RUNNING,15.39,4.13,LIGHT,70.43,LOW,RUNNING,18.44,5.89,LIGHT,76.88,LOW,RUNNING,88.78,80.19,HEAVY,276.26,VERY HIGH,HEAVY LOAD,91.25,82.12,HEAVY,282.24,VERY HIGH,HEAVY LOAD,29.24,54.0,283.3,0.25,22.0,COOLING,0.25,22.0,COOLING,0.25,22.0,COOLING,0.25,22.0,COOLING,25.68,25.631,25.735,24.39,25.359,25.735,24.39,1.345,1122.52,143.85,147.31,558.5,85.0,850.0,935.0,85.0,182.95,254.83,323.42,281.49,-146.36,-1.77,-160.11,308.23,875.0,875.0,875.0,875.0,369.11,371.91,370.62,358.22,1972.18,1955.0,1042.69,3500.0,1469.86,1.0,1.0,1.0,1.0,22.5,MAX_UNIFORM_COOL,37.7643
5,Opposing Thermal Zones,0,501,5010.0,23,1,10,11,1,92.26,83.58,HEAVY,285.7,VERY HIGH,HEAVY LOAD,89.28,80.44,HEAVY,277.26,VERY HIGH,HEAVY LOAD,91.08,81.39,HEAVY,280.94,VERY HIGH,HEAVY LOAD,88.85,81.44,HEAVY,278.22,VERY HIGH,HEAVY LOAD,15.44,4.1,LIGHT,70.45,LOW,RUNNING,17.01,4.82,LIGHT,73.49,LOW,RUNNING,15.53,4.21,LIGHT,70.73,LOW,RUNNING,18.52,5.9,LIGHT,77.0,LOW,RUNNING,88.71,80.06,HEAVY,275.98,VERY HIGH,HEAVY LOAD,91.08,82.03,HEAVY,281.89,VERY HIGH,HEAVY LOAD,29.24,54.0,283.5,0.25,22.0,COOLING,0.25,22.0,COOLING,0.25,22.0,COOLING,0.25,22.0,COOLING,25.688,25.639,25.743,24.397,25.367,25.743,24.397,1.346,1122.12,143.94,147.73,557.87,85.0,850.0,935.0,85.0,182.85,254.78,323.42,281.46,-146.46,-1.79,-160.21,308.46,875.0,875.0,875.0,875.0,368.51,371.93,370.94,357.79,1971.66,1955.0,1042.51,3500.0,1469.17,1.0,1.0,1.0,1.0,22.5,MAX_UNIFORM_COOL,38.1287
5,Opposing Thermal Zones,0,502,5020.0,23,1,10,11,1,92.42,83.6,HEAVY,285.93,VERY HIGH,HEAVY LOAD,89.3,80.33,HEAVY,277.12,VERY HIGH,HEAVY LOAD,90.95,81.26,HEAVY,280.58,VERY HIGH,HEAVY LOAD,88.68,81.41,HEAVY,277.97,VERY HIGH,HEAVY LOAD,15.41,4.12,LIGHT,70.44,LOW,RUNNING,17.1,4.91,LIGHT,73.74,LOW,RUNNING,15.66,4.28,LIGHT,71.0,LOW,RUNNING,18.57,5.89,LIGHT,77.05,LOW,RUNNING,88.61,79.92,HEAVY,275.64,VERY HIGH,HEAVY LOAD,90.9,81.96,HEAVY,281.56,VERY HIGH,HEAVY LOAD,29.24,54.0,283.7,0.25,22.0,COOLING,0.25,22.0,COOLING,0.25,22.0,COOLING,0.25,22.0,COOLING,25.696,25.647,25.751,24.404,25.375,25.751,24.404,1.347,1121.6,144.18,148.05,557.2,85.0,850.0,935.0,85.0,182.76,254.73,323.43,281.43,-146.57,-1.8,-160.32,308.7,875.0,875.0,875.0,875.0,367.79,372.11,371.16,357.33,1971.03,1955.0,1042.35,3500.0,1468.39,1.0,1.0,1.0,1.0,22.5,MAX_UNIFORM_COOL,38.4972
5,Opposing Thermal Zones,0,503,5030.0,23,1,10,11,1,92.56,83.59,HEAVY,286.09,VERY HIGH,HEAVY LOAD,89.28,80.21,HEAVY,276.92,VERY HIGH,HEAVY LOAD,90.79,81.14,HEAVY,280.2,VERY HIGH,HEAVY LOAD,88.53,81.4,HEAVY,277.76,VERY HIGH,HEAVY LOAD,15.4,4.16,LIGHT,70.49,LOW,RUNNING,17.21,5.0,LIGHT,74.01,LOW,RUNNING,15.78,4.33,LIGHT,71.22,LOW,RUNNING,18.6,5.86,LIGHT,77.04,LOW,RUNNING,88.48,79.79,HEAVY,275.29,VERY HIGH,HEAVY LOAD,90.73,81.91,HEAVY,281.28,VERY HIGH,HEAVY LOAD,29.25,54.0,283.8,0.25,22.0,COOLING,0.25,22.0,COOLING,0.25,22.0,COOLING,0.25,22.0,COOLING,25.703,25.655,25.759,24.411,25.382,25.759,24.411,1.348,1120.97,144.5,148.26,556.57,85.0,850.0,935.0,85.0,182.83,254.84,323.55,281.57,-146.69,-1.81,-160.44,308.94,875.0,875.0,875.0,875.0,367.11,372.53,371.37,357.08,1970.3,1955.0,1042.79,3500.0,1468.09,1.0,1.0,1.0,1.0,22.5,MAX_UNIFORM_COOL,38.856
5,Opposing Thermal Zones,0,504,5040.0,23,1,10,11,1,92.67,83.55,HEAVY,286.16,VERY HIGH,HEAVY LOAD,89.23,80.08,HEAVY,276.66,VERY HIGH,HEAVY LOAD,90.61,81.05,HEAVY,279.84,VERY HIGH,HEAVY LOAD,88.39,81.42,HEAVY,277.62,VERY HIGH,HEAVY LOAD,15.42,4.22,LIGHT,70.61,LOW,RUNNING,17.33,5.09,LIGHT,74.3,LOW,RUNNING,15.89,4.38,LIGHT,71.43,LOW,RUNNING,18.59,5.82,LIGHT,76.97,LOW,RUNNING,88.33,79.67,HEAVY,274.92,VERY HIGH,HEAVY LOAD,90.56,81.9,HEAVY,281.05,VERY HIGH,HEAVY LOAD,29.25,54.0,284.0,0.25,22.0,COOLING,0.25,22.0,COOLING,0.25,22.0,COOLING,0.25,22.0,COOLING,25.71,25.663,25.767,24.418,25.389,25.767,24.418,1.349,1120.28,144.91,148.4,555.97,85.0,850.0,935.0,85.0,182.76,254.79,323.56,281.54,-146.56,-1.94,-160.56,309.06,875.0,875.0,875.0,875.0,366.48,372.76,371.4,356.57,1969.56,1955.0,1042.65,3500.0,1467.21,1.0,1.0,1.0,1.0,22.5,MAX_UNIFORM_COOL,39.2182
5,Opposing Thermal Zones,0,505,5050.0,23,1,10,11,1,92.75,83.48,HEAVY,286.16,VERY HIGH,HEAVY LOAD,89.14,79.95,HEAVY,276.35,VERY HIGH,HEAVY LOAD,90.43,80.97,HEAVY,279.49,VERY HIGH,HEAVY LOAD,88.29,81.48,HEAVY,277.58,VERY HIGH,HEAVY LOAD,15.48,4.29,LIGHT,70.78,LOW,RUNNING,17.46,5.17,LIGHT,74.58,LOW,RUNNING,15.98,4.4,LIGHT,71.57,LOW,RUNNING,18.56,5.76,LIGHT,76.84,LOW,RUNNING,88.16,79.57,HEAVY,274.55,VERY HIGH,HEAVY LOAD,90.43,81.92,HEAVY,280.92,VERY HIGH,HEAVY LOAD,29.25,54.0,284.2,0.25,22.0,COOLING,0.25,22.0,COOLING,0.25,22.0,COOLING,0.25,22.0,COOLING,25.717,25.671,25.775,24.425,25.397,25.775,24.425,1.35,1119.58,145.36,148.41,555.47,85.0,850.0,935.0,85.0,182.69,254.74,323.55,281.51,-146.44,-2.07,-160.68,309.19,875.0,875.0,875.0,875.0,365.83,373.03,371.28,356.17,1968.82,1955.0,1042.49,3500.0,1466.31,1.0,1.0,1.0,1.0,22.5,MAX_UNIFORM_COOL,39.584
5,Opposing Thermal Zones,0,506,5060.0,23,1,10,11,1,92.79,83.38,HEAVY,286.06,VERY HIGH,HEAVY LOAD,89.01,79.82,HEAVY,275.99,VERY HIGH,HEAVY LOAD,90.26,80.92,HEAVY,279.2,VERY HIGH,HEAVY LOAD,88.23,81.56,HEAVY,277.63,VERY HIGH,HEAVY LOAD,15.56,4.37,LIGHT,71.01,LOW,RUNNING,17.6,5.25,LIGHT,74.88,LOW,RUNNING,16.05,4.4,LIGHT,71.66,LOW,RUNNING,18.5,5.68,LIGHT,76.64,LOW,RUNNING,87.98,79.49,HEAVY,274.21,VERY HIGH,HEAVY LOAD,90.32,81.96,HEAVY,280.84,VERY HIGH,HEAVY LOAD,29.26,54.0,284.3,0.25,22.0,COOLING,0.25,22.0,COOLING,0.25,22.0,COOLING,0.25,22.0,COOLING,25.724,25.679,25.783,24.432,25.404,25.783,24.432,1.351,1118.88,145.89,148.3,555.05,85.0,850.0,935.0,85.0,182.78,254.85,323.69,281.64,-146.31,-2.19,-160.81,309.31,875.0,875.0,875.0,875.0,365.35,373.55,371.18,356.0,1968.12,1955.0,1042.96,3500.0,1466.08,1.0,1.0,1.0,1.0,22.5,MAX_UNIFORM_COOL,39.9545
5,Opposing Thermal Zones,0,507,5070.0,23,1,10,11,1,92.8,83.27,HEAVY,285.9,VERY HIGH,HEAVY LOAD,88.86,79.7,HEAVY,275.62,VERY HIGH,HEAVY LOAD,90.09,80.9,HEAVY,278.96,VERY HIGH,HEAVY LOAD,88.2,81.66,HEAVY,277.74,VERY HIGH,HEAVY LOAD,15.66,4.46,LIGHT,71.27,LOW,RUNNING,17.73,5.31,LIGHT,75.13,LOW,RUNNING,16.09,4.38,LIGHT,71.68,LOW,RUNNING,18.41,5.6,LIGHT,76.41,LOW,RUNNING,87.8,79.43,HEAVY,273.9,VERY HIGH,HEAVY LOAD,90.24,82.03,HEAVY,280.85,VERY HIGH,HEAVY LOAD,29.26,54.0,284.5,0.25,22.0,COOLING,0.25,22.0,COOLING,0.25,22.0,COOLING,0.25,22.0,COOLING,25.731,25.687,25.791,24.439,25.412,25.791,24.439,1.352,1118.22,146.4,148.09,554.75,85.0,850.0,935.0,85.0,182.71,254.8,323.7,281.61,-146.19,-2.31,-160.94,309.44,875.0,875.0,875.0,875.0,364.74,373.89,370.85,355.8,1967.46,1955.0,1042.82,3500.0,1465.28,1.0,1.0,1.0,1.0,22.5,MAX_UNIFORM_COOL,40.3278
5,Opposing Thermal Zones,0,508,5080.0,23,1,10,11,1,92.76,83.14,HEAVY,285.66,VERY HIGH,HEAVY LOAD,88.69,79.59,HEAVY,275.25,VERY HIGH,HEAVY LOAD,89.95,80.91,HEAVY,278.8,VERY HIGH,HEAVY LOAD,88.21,81.77,HEAVY,277.92,VERY HIGH,HEAVY LOAD,15.77,4.55,LIGHT,71.54,LOW,RUNNING,17.85,5.36,LIGHT,75.35,LOW,RUNNING,16.1,4.34,LIGHT,71.64,LOW,RUNNING,18.3,5.51,LIGHT,76.14,LOW,RUNNING,87.64,79.4,HEAVY,273.65,VERY HIGH,HEAVY LOAD,90.2,82.13,HEAVY,280.94,VERY HIGH,HEAVY LOAD,29.26,54.0,284.7,0.25,22.0,COOLING,0.25,22.0,COOLING,0.25,22.0,COOLING,0.25,22.0,COOLING,25.738,25.695,25.799,24.446,25.419,25.799,24.446,1.353,1117.63,146.89,147.78,554.59,85.0,850.0,935.0,85.0,182.63,254.76,323.69,281.59,-146.06,-2.44,-161.06,309.56,875.0,875.0,875.0,875.0,364.2,374.21,370.41,355.74,1966.89,1955.0,1042.67,3500.0,1464.56,1.0,1.0,1.0,1.0,22.5,MAX_UNIFORM_COOL,40.7049
5,Opposing Thermal Zones,0,509,5090.0,23,1,10,11,1,92.68,83.01,HEAVY,285.37,VERY HIGH,HEAVY LOAD,88.52,79.5,HEAVY,274.9,VERY HIGH,HEAVY LOAD,89.84,80.95,HEAVY,278.73,VERY HIGH,HEAVY LOAD,88.27,81.9,HEAVY,278.19,VERY HIGH,HEAVY LOAD,15.9,4.63,LIGHT,71.82,LOW,RUNNING,17.95,5.39,LIGHT,75.52,LOW,RUNNING,16.08,4.29,LIGHT,71.53,LOW,RUNNING,18.18,5.42,LIGHT,75.85,LOW,RUNNING,87.49,79.4,HEAVY,273.46,VERY HIGH,HEAVY LOAD,90.21,82.24,HEAVY,281.12,VERY HIGH,HEAVY LOAD,29.27,54.0,284.8,0.25,22.0,COOLING,0.25,22.0,COOLING,0.25,22.0,COOLING,0.25,22.0,COOLING,25.745,25.703,25.807,24.453,25.427,25.807,24.453,1.354,1117.19,147.34,147.38,554.58,85.0,850.0,935.0,85.0,182.74,254.86,323.83,281.72,-145.93,-2.57,-161.18,309.68,875.0,875.0,875.0,875.0,364.0,374.63,370.03,355.98,1966.49,1955.0,1043.15,3500.0,1464.64,1.0,1.0,1.0,1.0,22.5,MAX_UNIFORM_COOL,41.0868
5,Opposing Thermal Zones,0,510,5100.0,23,1,10,11,1,92.57,82.88,HEAVY,285.03,VERY HIGH,HEAVY LOAD,88.34,79.44,HEAVY,274.59,VERY HIGH,HEAVY LOAD,89.75,81.02,HEAVY,278.72,VERY HIGH,HEAVY LOAD,88.36,82.04,HEAVY,278.51,VERY HIGH,HEAVY LOAD,16.04,4.71,LIGHT,72.11,LOW,RUNNING,18.02,5.4,LIGHT,75.62,LOW,RUNNING,16.03,4.22,LIGHT,71.37,LOW,RUNNING,18.05,5.34,LIGHT,75.57,LOW,RUNNING,87.36,79.44,HEAVY,273.36,VERY HIGH,HEAVY LOAD,90.25,82.37,HEAVY,281.37,VERY HIGH,HEAVY LOAD,29.27,54.0,285.0,0.25,22.0,COOLING,0.25,22.0,COOLING,0.25,22.0,COOLING,0.25,22.0,COOLING,25.752,25.711,25.815,24.46,25.434,25.815,24.46,1.355,1116.85,147.73,146.94,554.73,85.0,850.0,935.0,85.0,182.67,254.81,323.82,281.69,-145.81,-2.69,-161.31,309.81,875.0,875.0,875.0,875.0,363.71,374.85,369.45,356.23,1966.25,1955.0,1042.99,3500.0,1464.24,1.0,1.0,1.0,1.0,22.5,MAX_UNIFORM_COOL,41.4717
5,Opposing Thermal Zones,0,511,5110.0,23,1,10,11,1,92.43,82.75,HEAVY,284.66,VERY HIGH,HEAVY LOAD,88.17,79.41,HEAVY,274.33,VERY HIGH,HEAVY LOAD,89.71,81.11,HEAVY,278.8,VERY HIGH,HEAVY LOAD,88.48,82.17,HEAVY,278.86,VERY HIGH,HEAVY LOAD,16.17,4.78,LIGHT,72.38,LOW,RUNNING,18.08,5.39,LIGHT,75.68,LOW,RUNNING,15.95,4.14,LIGHT,71.15,LOW,RUNNING,17.91,5.26,LIGHT,75.28,LOW,RUNNING,87.27,79.5,HEAVY,273.34,VERY HIGH,HEAVY LOAD,90.33,82.5,HEAVY,281.66,VERY HIGH,HEAVY LOAD,29.27,54.0,285.2,0.25,22.0,COOLING,0.25,22.0,COOLING,0.25,22.0,COOLING,0.25,22.0,COOLING,25.759,25.719,25.823,24.467,25.442,25.823,24.467,1.356,1116.65,148.06,146.43,555.0,85.0,850.0,935.0,85.0,182.59,254.77,323.83,281.66,-145.68,-2.81,-161.44,309.93,875.0,875.0,875.0,875.0,363.56,375.02,368.82,356.59,1966.14,1955.0,1042.85,3500.0,1463.99,1.0,1.0,1.0,1.0,22.5,MAX_UNIFORM_COOL,41.8605
5,Opposing Thermal Zones,0,512,5120.0,23,1,10,11,1,92.27,82.64,HEAVY,284.3,VERY HIGH,HEAVY LOAD,88.01,79.4,HEAVY,274.11,VERY HIGH,HEAVY LOAD,89.7,81.22,HEAVY,278.95,VERY HIGH,HEAVY LOAD,88.62,82.29,HEAVY,279.21,VERY HIGH,HEAVY LOAD,16.29,4.84,LIGHT,72.62,LOW,RUNNING,18.1,5.36,LIGHT,75.67,LOW,RUNNING,15.85,4.05,LIGHT,70.89,LOW,RUNNING,17.78,5.19,LIGHT,75.01,LOW,RUNNING,87.22,79.58,HEAVY,273.39,VERY HIGH,HEAVY LOAD,90.44,82.64,HEAVY,282.01,VERY HIGH,HEAVY LOAD,29.28,54.0,285.3,0.25,22.0,COOLING,0.25,22.0,COOLING,0.25,22.0,COOLING,0.25,22.0,COOLING,25.766,25.727,25.831,24.474,25.45,25.831,24.474,1.357,1116.57,148.29,145.9,555.4,85.0,850.0,935.0,85.0,182.69,254.87,323.97,281.79,-145.56,-2.94,-161.56,310.06,875.0,875.0,875.0,875.0,363.7,375.22,368.31,357.25,1966.16,1955.0,1043.32,3500.0,1464.48,1.0,1.0,1.0,1.0,22.5,MAX_UNIFORM_COOL,42.2542
5,Opposing Thermal Zones,0,513,5130.0,23,1,10,11,1,92.1,82.54,HEAVY,283.94,VERY HIGH,HEAVY LOAD,87.88,79.43,HEAVY,274.0,VERY HIGH,HEAVY LOAD,89.74,81.34,HEAVY,279.19,VERY HIGH,HEAVY LOAD,88.79,82.4,HEAVY,279.59,VERY HIGH,HEAVY LOAD,16.4,4.88,LIGHT,72.82,LOW,RUNNING,18.09,5.31,LIGHT,75.58,LOW,RUNNING,15.74,3.96,LIGHT,70.61,LOW,RUNNING,17.66,5.14,LIGHT,74.78,LOW,RUNNING,87.2,79.69,HEAVY,273.53,VERY HIGH,HEAVY LOAD,90.58,82.76,HEAVY,282.37,VERY HIGH,HEAVY LOAD,29.28,54.0,285.5,0.25,22.0,COOLING,0.25,22.0,COOLING,0.25,22.0,COOLING,0.25,22.0,COOLING,25.773,25.735,25.839,24.481,25.457,25.839,24.481,1.358,1116.72,148.4,145.39,555.9,85.0,850.0,935.0,85.0,182.61,254.83,323.96,281.77,-145.43,-3.07,-161.68,310.18,875.0,875.0,875.0,875.0,363.9,375.16,367.67,357.85,1966.41,1955.0,1043.17,3500.0,1464.58,1.0,1.0,1.0,1.0,22.5,MAX_UNIFORM_COOL,42.6511
5,Opposing Thermal Zones,0,514,5140.0,23,1,10,11,1,91.92,82.46,HEAVY,283.59,VERY HIGH,HEAVY LOAD,87.79,79.48,HEAVY,273.96,VERY HIGH,HEAVY LOAD,89.81,81.48,HEAVY,279.48,VERY HIGH,HEAVY LOAD,88.97,82.49,HEAVY,279.95,VERY HIGH,HEAVY LOAD,16.49,4.9,LIGHT,72.96,LOW,RUNNING,18.05,5.25,LIGHT,75.44,LOW,RUNNING,15.61,3.87,LIGHT,70.32,LOW,RUNNING,17.56,5.11,LIGHT,74.61,LOW,RUNNING,87.22,79.81,HEAVY,273.74,VERY HIGH,HEAVY LOAD,90.75,82.88,HEAVY,282.76,VERY HIGH,HEAVY LOAD,29.28,54.0,285.7,0.25,22.0,COOLING,0.25,22.0,COOLING,0.25,22.0,COOLING,0.25,22.0,COOLING,25.78,25.743,25.846,24.488,25.464,25.846,24.488,1.358,1116.98,148.4,144.93,556.5,85.0,850.0,935.0,85.0,182.54,254.78,323.97,281.74,-145.31,-3.19,-161.81,310.31,875.0,875.0,875.0,875.0,364.21,374.99,367.09,358.55,1966.81,1955.0,1043.03,3500.0,1464.84,1.0,1.0,1.0,1.0,22.5,MAX_UNIFORM_COOL,43.0292
5,Opposing Thermal Zones,0,515,5150.0,23,1,10,11,1,91.74,82.42,HEAVY,283.31,VERY HIGH,HEAVY LOAD,87.72,79.56,HEAVY,273.99,VERY HIGH,HEAVY LOAD,89.92,81.61,HEAVY,279.81,VERY HIGH,HEAVY LOAD,89.15,82.56,HEAVY,280.28,VERY HIGH,HEAVY LOAD,16.56,4.9,LIGHT,73.05,LOW,RUNNING,17.99,5.18,LIGHT,75.26,LOW,RUNNING,15.47,3.79,LIGHT,70.02,LOW,RUNNING,17.48,5.1,LIGHT,74.5,LOW,RUNNING,87.29,79.94,HEAVY,274.02,VERY HIGH,HEAVY LOAD,90.92,82.97,HEAVY,283.11,VERY HIGH,HEAVY LOAD,29.29,54.0,285.8,0.25,22.0,COOLING,0.25,22.0,COOLING,0.25,22.0,COOLING,0.25,22.0,COOLING,25.787,25.751,25.853,24.495,25.471,25.853,24.495,1.358,1117.39,148.31,144.52,557.13,85.0,850.0,935.0,85.0,182.63,254.88,324.12,281.86,-145.2,-3.42,-161.7,310.33,875.0,875.0,875.0,875.0,364.82,374.77,366.94,359.32,1967.35,1955.0,1043.49,3500.0,1465.85,1.0,1.0,1.0,1.0,22.5,MAX_UNIFORM_COOL,43.4127
5,Opposing Thermal Zones,0,516,5160.0,23,1,10,11,1,91.58,82.4,HEAVY,283.07,VERY HIGH,HEAVY LOAD,87.7,79.67,HEAVY,274.13,VERY HIGH,HEAVY LOAD,90.05,81.74,HEAVY,280.17,VERY HIGH,HEAVY LOAD,89.32,82.59,HEAVY,280.53,VERY HIGH,HEAVY LOAD,16.59,4.88,LIGHT,73.06,LOW,RUNNING,17.9,5.09,LIGHT,75.01,LOW,RUNNING,15.34,3.72,LIGHT,69.75,LOW,RUNNING,17.43,5.11,LIGHT,74.45,LOW,RUNNING,87.39,80.08,HEAVY,274.36,VERY HIGH,HEAVY LOAD,91.1,83.04,HEAVY,283.44,VERY HIGH,HEAVY LOAD,29.29,54.0,286.0,0.25,22.0,COOLING,0.25,22.0,COOLING,0.25,22.0,COOLING,0.25,22.0,COOLING,25.794,25.759,25.86,24.502,25.479,25.86,24.502,1.358,1117.9,148.07,144.2,557.8,85.0,850.0,935.0,85.0,182.56,254.84,324.15,281.84,-145.09,-3.66,-161.59,310.34,875.0,875.0,875.0,875.0,365.37,374.25,366.76,359.98,1967.97,1955.0,1043.39,3500.0,1466.36,1.0,1.0,1.0,1.0,22.5,MAX_UNIFORM_COOL,43.799
5,Opposing Thermal Zones,0,517,5170.0,23,1,10,11,1,91.44,82.41,HEAVY,282.92,VERY HIGH,HEAVY LOAD,87.72,79.79,HEAVY,274.33,VERY HIGH,HEAVY LOAD,90.21,81.86,HEAVY,280.55,VERY HIGH,HEAVY LOAD,89.47,82.6,HEAVY,280.74,VERY HIGH,HEAVY LOAD,16.6,4.84,LIGHT,73.01,LOW,RUNNING,17.79,5.0,LIGHT,74.74,LOW,RUNNING,15.22,3.67,LIGHT,69.53,LOW,RUNNING,17.4,5.14,LIGHT,74.46,LOW,RUNNING,87.52,80.21,HEAVY,274.71,VERY HIGH,HEAVY LOAD,91.27,83.09,HEAVY,283.72,VERY HIGH,HEAVY LOAD,29.3,54.0,286.2,0.25,22.0,COOLING,0.25,22.0,COOLING,0.25,22.0,COOLING,0.25,22.0,COOLING,25.801,25.767,25.867,24.509,25.486,25.867,24.509,1.358,1118.54,147.75,143.99,558.43,85.0,850.0,935.0,85.0,182.71,255.01,324.38,282.04,-144.98,-3.9,-161.48,310.36,875.0,875.0,875.0,875.0,366.27,373.86,366.89,360.83,1968.71,1955.0,1044.14,3500.0,1467.85,1.0,1.0,1.0,1.0,22.5,MAX_UNIFORM_COOL,44.1908
5,Opposing Thermal Zones,0,518,5180.0,23,1,10,11,1,91.33,82.45,HEAVY,282.84,VERY HIGH,HEAVY LOAD,87.77,79.92,HEAVY,274.59,VERY HIGH,HEAVY LOAD,90.39,81.95,HEAVY,280.91,VERY HIGH,HEAVY LOAD,89.61,82.58,HEAVY,280.88,VERY HIGH,HEAVY LOAD,16.58,4.78,LIGHT,72.89,LOW,RUNNING,17.67,4.91,LIGHT,74.45,LOW,RUNNING,15.11,3.62,LIGHT,69.32,LOW,RUNNING,17.41,5.18,LIGHT,74.53,LOW,RUNNING,87.67,80.33,HEAVY,275.08,VERY HIGH,HEAVY LOAD,91.44,83.1,HEAVY,283.95,VERY HIGH,HEAVY LOAD,29.3,54.0,286.3,0.25,22.0,COOLING,0.25,22.0,COOLING,0.25,22.0,COOLING,0.25,22.0,COOLING,25.808,25.775,25.874,24.516,25.493,25.874,24.516,1.358,1119.22,147.34,143.85,559.03,85.0,850.0,935.0,85.0,182.59,254.9,324.32,281.95,-144.87,-4.13,-161.37,310.37,875.0,875.0,875.0,875.0,366.94,373.11,366.8,361.35,1969.44,1955.0,1043.76,3500.0,1468.2,1.0,1.0,1.0,1.0,22.5,MAX_UNIFORM_COOL,44.5846
5,Opposing Thermal Zones,0,519,5190.0,23,1,10,11,1,91.25,82.52,HEAVY,282.84,VERY HIGH,HEAVY LOAD,87.86,80.05,HEAVY,274.9,VERY HIGH,HEAVY LOAD,90.57,82.03,HEAVY,281.26,VERY HIGH,HEAVY LOAD,89.71,82.52,HEAVY,280.92,VERY HIGH,HEAVY LOAD,16.52,4.71,LIGHT,72.72,LOW,RUNNING,17.54,4.83,LIGHT,74.17,LOW,RUNNING,15.02,3.6,LIGHT,69.17,LOW,RUNNING,17.44,5.24,LIGHT,74.66,LOW,RUNNING,87.84,80.43,HEAVY,275.44,VERY HIGH,HEAVY LOAD,91.57,83.08,HEAVY,284.08,VERY HIGH,HEAVY LOAD,29.3,54.0,286.5,0.25,22.0,COOLING,0.25,22.0,COOLING,0.25,22.0,COOLING,0.25,22.0,COOLING,25.816,25.783,25.881,24.523,25.501,25.881,24.523,1.358,1119.92,146.89,143.83,559.52,85.0,850.0,935.0,85.0,182.52,254.85,324.35,281.92,-144.76,-4.36,-161.26,310.39,875.0,875.0,875.0,875.0,367.68,372.38,366.92,361.83,1970.16,1955.0,1043.64,3500.0,1468.81,1.0,1.0,1.0,1.0,22.5,MAX_UNIFORM_COOL,44.9997
5,Opposing Thermal Zones,0,520,5200.0,23,1,10,11,1,91.21,82.62,HEAVY,282.94,VERY HIGH,HEAVY LOAD,87.99,80.18,HEAVY,275.26,VERY HIGH,HEAVY LOAD,90.74,82.08,HEAVY,281.55,VERY HIGH,HEAVY LOAD,89.77,82.44,HEAVY,280.87,VERY HIGH,HEAVY LOAD,16.44,4.63,LIGHT,72.5,LOW,RUNNING,17.4,4.75,LIGHT,73.88,LOW,RUNNING,14.95,3.6,LIGHT,69.09,LOW,RUNNING,17.5,5.32,LIGHT,74.86,LOW,RUNNING,88.02,80.51,HEAVY,275.79,VERY HIGH,HEAVY LOAD,91.68,83.04,HEAVY,284.16,VERY HIGH,HEAVY LOAD,29.31,54.0,286.7,0.25,22.0,COOLING,0.25,22.0,COOLING,0.25,22.0,COOLING,0.25,22.0,COOLING,25.824,25.791,25.888,24.53,25.508,25.888,24.53,1.358,1120.62,146.38,143.95,559.95,85.0,850.0,935.0,85.0,182.63,255.02,324.58,282.11,-144.88,-4.49,-161.13,310.51,875.0,875.0,875.0,875.0,368.37,371.91,367.4,362.57,1970.9,1955.0,1044.34,3500.0,1470.25,1.0,1.0,1.0,1.0,22.5,MAX_UNIFORM_COOL,45.4202
5,Opposing Thermal Zones,0,521,5210.0,23,1,10,11,1,91.2,82.73,HEAVY,283.1,VERY HIGH,HEAVY LOAD,88.14,80.3,HEAVY,275.62,VERY HIGH,HEAVY LOAD,90.91,82.1,HEAVY,281.79,VERY HIGH,HEAVY LOAD,89.8,82.34,HEAVY,280.76,VERY HIGH,HEAVY LOAD,16.34,4.54,LIGHT,72.23,LOW,RUNNING,17.27,4.69,LIGHT,73.62,LOW,RUNNING,14.91,3.62,LIGHT,69.07,LOW,RUNNING,17.59,5.4,LIGHT,75.09,LOW,RUNNING,88.2,80.57,HEAVY,276.11,VERY HIGH,HEAVY LOAD,91.76,82.97,HEAVY,284.16,VERY HIGH,HEAVY LOAD,29.31,54.0,286.8,0.25,22.0,COOLING,0.25,22.0,COOLING,0.25,22.0,COOLING,0.25,22.0,COOLING,25.832,25.799,25.896,24.537,25.516,25.896,24.537,1.359,1121.27,145.85,144.16,560.27,85.0,850.0,935.0,85.0,182.5,254.91,324.52,282.02,-145.01,-4.61,-161.01,310.64,875.0,875.0,875.0,875.0,368.76,371.15,367.67,362.93,1971.55,1955.0,1043.95,3500.0,1470.51,1.0,1.0,1.0,1.0,22.5,MAX_UNIFORM_COOL,45.8671
5,Opposing Thermal Zones,0,522,5220.0,23,1,10,11,1,91.24,82.86,HEAVY,283.34,VERY HIGH,HEAVY LOAD,88.31,80.41,HEAVY,276.0,VERY HIGH,HEAVY LOAD,91.05,82.09,HEAVY,281.95,VERY HIGH,HEAVY LOAD,89.79,82.23,HEAVY,280.58,VERY HIGH,HEAVY LOAD,16.23,4.45,LIGHT,71.96,LOW,RUNNING,17.15,4.64,LIGHT,73.4,LOW,RUNNING,14.9,3.66,LIGHT,69.11,LOW,RUNNING,17.7,5.49,LIGHT,75.36,LOW,RUNNING,88.36,80.6,HEAVY,276.35,VERY HIGH,HEAVY LOAD,91.8,82.87,HEAVY,284.06,VERY HIGH,HEAVY LOAD,29.31,54.0,287.0,0.25,22.0,COOLING,0.25,22.0,COOLING,0.25,22.0,COOLING,0.25,22.0,COOLING,25.84,25.807,25.904,24.544,25.524,25.904,24.544,1.36,1121.87,145.36,144.47,560.41,85.0,850.0,935.0,85.0,182.4,254.87,324.52,282.0,-145.12,-4.63,-161.12,310.87,875.0,875.0,875.0,875.0,369.15,370.6,367.87,363.28,1972.11,1955.0,1043.79,3500.0,1470.9,1.0,1.0,1.0,1.0,22.5,MAX_UNIFORM_COOL,46.3185
5,Opposing Thermal Zones,0,523,5230.0,23,1,10,11,1,91.32,82.99,HEAVY,283.63,VERY HIGH,HEAVY LOAD,88.48,80.5,HEAVY,276.35,VERY HIGH,HEAVY LOAD,91.16,82.05,HEAVY,282.02,VERY HIGH,HEAVY LOAD,89.73,82.1,HEAVY,280.31,VERY HIGH,HEAVY LOAD,16.1,4.37,LIGHT,71.68,LOW,RUNNING,17.05,4.61,LIGHT,73.23,LOW,RUNNING,14.92,3.71,LIGHT,69.22,LOW,RUNNING,17.82,5.58,LIGHT,75.65,LOW,RUNNING,88.51,80.6,HEAVY,276.54,VERY HIGH,HEAVY LOAD,91.79,82.76,HEAVY,283.88,VERY HIGH,HEAVY LOAD,29.32,54.0,287.2,0.25,22.0,COOLING,0.25,22.0,COOLING,0.25,22.0,COOLING,0.25,22.0,COOLING,25.848,25.815,25.912,24.551,25.532,25.912,24.551,1.361,1122.31,144.91,144.87,560.42,85.0,850.0,935.0,85.0,182.52,255.03,324.74,282.18,-145.23,-4.64,-161.23,311.1,875.0,875.0,875.0,875.0,369.6,370.3,368.38,363.7,1972.51,1955.0,1044.47,3500.0,1471.98,1.0,1.0,1.0,1.0,22.5,MAX_UNIFORM_COOL,46.7757
5,Opposing Thermal Zones,0,524,5240.0,23,1,10,11,1,91.43,83.12,HEAVY,283.97,VERY HIGH,HEAVY LOAD,88.66,80.56,HEAVY,276.66,VERY HIGH,HEAVY LOAD,91.25,81.98,HEAVY,282.03,VERY HIGH,HEAVY LOAD,89.64,81.96,HEAVY,279.99,VERY HIGH,HEAVY LOAD,15.96,4.29,LIGHT,71.39,LOW,RUNNING,16.98,4.6,LIGHT,73.12,LOW,RUNNING,14.97,3.78,LIGHT,69.38,LOW,RUNNING,17.95,5.66,LIGHT,75.93,LOW,RUNNING,88.64,80.56,HEAVY,276.64,VERY HIGH,HEAVY LOAD,91.75,82.63,HEAVY,283.63,VERY HIGH,HEAVY LOAD,29.32,54.0,287.3,0.25,22.0,COOLING,0.25,22.0,COOLING,0.25,22.0,COOLING,0.25,22.0,COOLING,25.856,25.823,25.92,24.558,25.539,25.92,24.558,1.362,1122.65,144.51,145.31,560.27,85.0,850.0,935.0,85.0,182.39,254.92,324.66,282.09,-145.34,-4.66,-161.34,311.34,875.0,875.0,875.0,875.0,369.7,369.77,368.63,363.7,1972.74,1955.0,1044.06,3500.0,1471.8,1.0,1.0,1.0,1.0,22.5,MAX_UNIFORM_COOL,47.2354
5,Opposing Thermal Zones,0,525,5250.0,23,1,10,11,1,91.57,83.25,HEAVY,284.34,VERY HIGH,HEAVY LOAD,88.83,80.59,HEAVY,276.92,VERY HIGH,HEAVY LOAD,91.29,81.89,HEAVY,281.95,VERY HIGH,HEAVY LOAD,89.52,81.83,HEAVY,279.64,VERY HIGH,HEAVY LOAD,15.83,4.22,LIGHT,71.12,LOW,RUNNING,16.92,4.61,LIGHT,73.07,LOW,RUNNING,15.05,3.86,LIGHT,69.6,LOW,RUNNING,18.09,5.74,LIGHT,76.22,LOW,RUNNING,88.73,80.5,HEAVY,276.66,VERY HIGH,HEAVY LOAD,91.67,82.5,HEAVY,283.34,VERY HIGH,HEAVY LOAD,29.32,54.0,287.5,0.25,22.0,COOLING,0.25,22.0,COOLING,0.25,22.0,COOLING,0.25,22.0,COOLING,25.864,25.831,25.928,24.565,25.547,25.928,24.565,1.363,1122.85,144.19,145.82,560.0,85.0,850.0,935.0,85.0,182.29,254.88,324.66,282.07,-145.45,-4.67,-161.45,311.58,875.0,875.0,875.0,875.0,369.69,369.4,369.03,363.65,1972.86,1955.0,1043.9,3500.0,1471.77,1.0,1.0,1.0,1.0,22.5,MAX_UNIFORM_COOL,47.7
5,Opposing Thermal Zones,0,526,5260.0,23,1,10,11,1,91.73,83.36,HEAVY,284.7,VERY HIGH,HEAVY LOAD,88.99,80.6,HEAVY,277.14,VERY HIGH,HEAVY LOAD,91.3,81.78,HEAVY,281.8,VERY HIGH,HEAVY LOAD,89.38,81.71,HEAVY,279.29,VERY HIGH,HEAVY LOAD,15.71,4.16,LIGHT,70.88,LOW,RUNNING,16.9,4.64,LIGHT,73.08,LOW,RUNNING,15.15,3.95,LIGHT,69.86,LOW,RUNNING,18.22,5.81,LIGHT,76.49,LOW,RUNNING,88.78,80.42,HEAVY,276.61,VERY HIGH,HEAVY LOAD,91.56,82.36,HEAVY,282.99,VERY HIGH,HEAVY LOAD,29.33,54.0,287.7,0.25,22.0,COOLING,0.25,22.0,COOLING,0.25,22.0,COOLING,0.25,22.0,COOLING,25.872,25.839,25.936,24.572,25.555,25.936,24.572,1.364,1122.93,143.96,146.35,559.6,85.0,850.0,935.0,85.0,182.41,255.04,324.88,282.26,-145.56,-4.69,-161.56,311.81,875.0,875.0,875.0,875.0,369.78,369.31,369.67,363.67,1972.84,1955.0,1044.59,3500.0,1472.43,1.0,1.0,1.0,1.0,22.5,MAX_UNIFORM_COOL,48.1705
5,Opposing Thermal Zones,0,527,5270.0,23,1,10,11,1,91.9,83.46,HEAVY,285.06,VERY HIGH,HEAVY LOAD,89.12,80.57,HEAVY,277.25,VERY HIGH,HEAVY LOAD,91.26,81.66,HEAVY,281.56,VERY HIGH,HEAVY LOAD,89.21,81.6,HEAVY,278.91,VERY HIGH,HEAVY LOAD,15.6,4.12,LIGHT,70.68,LOW,RUNNING,16.91,4.69,LIGHT,73.17,LOW,RUNNING,15.26,4.04,LIGHT,70.14,LOW,RUNNING,18.34,5.86,LIGHT,76.72,LOW,RUNNING,88.8,80.31,HEAVY,276.47,VERY HIGH,HEAVY LOAD,91.42,82.24,HEAVY,282.63,VERY HIGH,HEAVY LOAD,29.33,54.0,287.8,0.25,22.0,COOLING,0.25,22.0,COOLING,0.25,22.0,COOLING,0.25,22.0,COOLING,25.88,25.847,25.944,24.579,25.562,25.944,24.579,1.365,1122.78,143.85,146.86,559.1,85.0,850.0,935.0,85.0,182.27,254.94,324.79,282.18,-145.67,-4.7,-161.67,312.05,875.0,875.0,875.0,875.0,369.38,369.09,369.98,363.33,1972.59,1955.0,1044.18,3500.0,1471.78,1.0,1.0,1.0,1.0,22.5,MAX_UNIFORM_COOL,48.643
5,Opposing Thermal Zones,0,528,5280.0,23,1,10,11,1,92.08,83.54,HEAVY,285.41,VERY HIGH,HEAVY LOAD,89.21,80.52,HEAVY,277.29,VERY HIGH,HEAVY LOAD,91.19,81.52,HEAVY,281.27,VERY HIGH,HEAVY LOAD,89.03,81.51,HEAVY,278.55,VERY HIGH,HEAVY LOAD,15.51,4.1,LIGHT,70.54,LOW,RUNNING,16.95,4.75,LIGHT,73.31,LOW,RUNNING,15.39,4.13,LIGHT,70.43,LOW,RUNNING,18.44,5.89,LIGHT,76.88,LOW,RUNNING,88.78,80.19,HEAVY,276.26,VERY HIGH,HEAVY LOAD,91.25,82.12,HEAVY,282.24,VERY HIGH,HEAVY LOAD,29.33,54.0,288.0,0.25,22.0,COOLING,0.25,22.0,COOLING,0.25,22.0,COOLING,0.25,22.0,COOLING,25.888,25.855,25.952,24.586,25.57,25.952,24.586,1.366,1122.52,143.85,147.31,558.5,85.0,850.0,935.0,85.0,182.17,254.88,324.8,282.15,-145.78,-4.72,-161.78,312.28,875.0,875.0,875.0,875.0,368.91,369.01,370.33,362.93,1972.18,1955.0,1044.0,3500.0,1471.18,1.0,1.0,1.0,1.0,22.5,MAX_UNIFORM_COOL,49.12
5,Opposing Thermal Zones,0,529,5290.0,23,1,10,11,1,92.26,83.58,HEAVY,285.7,VERY HIGH,HEAVY LOAD,89.28,80.44,HEAVY,277.26,VERY HIGH,HEAVY LOAD,91.08,81.39,HEAVY,280.94,VERY HIGH,HEAVY LOAD,88.85,81.44,HEAVY,278.22,VERY HIGH,HEAVY LOAD,15.44,4.1,LIGHT,70.45,LOW,RUNNING,17.01,4.82,LIGHT,73.49,LOW,RUNNING,15.53,4.21,LIGHT,70.73,LOW,RUNNING,18.52,5.9,LIGHT,77.0,LOW,RUNNING,88.71,80.06,HEAVY,275.98,VERY HIGH,HEAVY LOAD,91.08,82.03,HEAVY,281.89,VERY HIGH,HEAVY LOAD,29.34,54.0,288.2,0.25,22.0,COOLING,0.25,22.0,COOLING,0.25,22.0,COOLING,0.25,22.0,COOLING,25.896,25.863,25.96,24.593,25.578,25.96,24.593,1.367,1122.12,143.94,147.73,557.87,85.0,850.0,935.0,85.0,182.3,255.05,325.01,282.33,-145.89,-4.73,-161.89,312.52,875.0,875.0,875.0,875.0,368.53,369.26,370.85,362.72,1971.66,1955.0,1044.69,3500.0,1471.36,1.0,1.0,1.0,1.0,22.5,MAX_UNIFORM_COOL,49.6029
5,Opposing Thermal Zones,0,530,5300.0,23,1,10,11,1,92.42,83.6,HEAVY,285.93,VERY HIGH,HEAVY LOAD,89.3,80.33,HEAVY,277.12,VERY HIGH,HEAVY LOAD,90.95,81.26,HEAVY,280.58,VERY HIGH,HEAVY LOAD,88.68,81.41,HEAVY,277.97,VERY HIGH,HEAVY LOAD,15.41,4.12,LIGHT,70.44,LOW,RUNNING,17.1,4.91,LIGHT,73.74,LOW,RUNNING,15.66,4.28,LIGHT,71.0,LOW,RUNNING,18.57,5.89,LIGHT,77.05,LOW,RUNNING,88.61,79.92,HEAVY,275.64,VERY HIGH,HEAVY LOAD,90.9,81.96,HEAVY,281.56,VERY HIGH,HEAVY LOAD,29.34,54.0,288.3,0.25,22.0,COOLING,0.25,22.0,COOLING,0.25,22.0,COOLING,0.25,22.0,COOLING,25.904,25.871,25.968,24.6,25.586,25.968,24.6,1.368,1121.6,144.18,148.05,557.2,85.0,850.0,935.0,85.0,182.16,254.95,324.93,282.25,-146.0,-4.75,-162.0,312.75,875.0,875.0,875.0,875.0,367.76,369.38,370.98,362.2,1971.03,1955.0,1044.29,3500.0,1470.32,1.0,1.0,1.0,1.0,22.5,MAX_UNIFORM_COOL,50.0877
5,Opposing Thermal Zones,0,531,5310.0,23,1,10,11,1,92.56,83.59,HEAVY,286.09,VERY HIGH,HEAVY LOAD,89.28,80.21,HEAVY,276.92,VERY HIGH,HEAVY LOAD,90.79,81.14,HEAVY,280.2,VERY HIGH,HEAVY LOAD,88.53,81.4,HEAVY,277.76,VERY HIGH,HEAVY LOAD,15.4,4.16,LIGHT,70.49,LOW,RUNNING,17.21,5.0,LIGHT,74.01,LOW,RUNNING,15.78,4.33,LIGHT,71.22,LOW,RUNNING,18.6,5.86,LIGHT,77.04,LOW,RUNNING,88.48,79.79,HEAVY,275.29,VERY HIGH,HEAVY LOAD,90.73,81.91,HEAVY,281.28,VERY HIGH,HEAVY LOAD,29.34,54.0,288.5,0.25,22.0,COOLING,0.25,22.0,COOLING,0.25,22.0,COOLING,0.25,22.0,COOLING,25.911,25.879,25.976,24.607,25.593,25.976,24.607,1.369,1120.97,144.5,148.26,556.57,85.0,850.0,935.0,85.0,182.06,254.89,324.94,282.22,-146.11,-4.76,-162.11,312.98,875.0,875.0,875.0,875.0,366.92,369.63,371.09,361.77,1970.3,1955.0,1044.11,3500.0,1469.41,1.0,1.0,1.0,1.0,22.5,MAX_UNIFORM_COOL,50.5579
5,Opposing Thermal Zones,0,532,5320.0,23,1,10,11,1,92.67,83.55,HEAVY,286.16,VERY HIGH,HEAVY LOAD,89.23,80.08,HEAVY,276.66,VERY HIGH,HEAVY LOAD,90.61,81.05,HEAVY,279.84,VERY HIGH,HEAVY LOAD,88.39,81.42,HEAVY,277.62,VERY HIGH,HEAVY LOAD,15.42,4.22,LIGHT,70.61,LOW,RUNNING,17.33,5.09,LIGHT,74.3,LOW,RUNNING,15.89,4.38,LIGHT,71.43,LOW,RUNNING,18.59,5.82,LIGHT,76.97,LOW,RUNNING,88.33,79.67,HEAVY,274.92,VERY HIGH,HEAVY LOAD,90.56,81.9,HEAVY,281.05,VERY HIGH,HEAVY LOAD,29.35,54.0,288.7,0.25,22.0,COOLING,0.25,22.0,COOLING,0.25,22.0,COOLING,0.25,22.0,COOLING,25.918,25.887,25.984,24.614,25.601,25.984,24.614,1.37,1120.28,144.91,148.4,555.97,85.0,850.0,935.0,85.0,182.2,255.07,325.15,282.41,-145.99,-4.89,-162.23,313.11,875.0,875.0,875.0,875.0,366.49,370.09,371.32,361.49,1969.56,1955.0,1044.83,3500.0,1469.39,1.0,1.0,1.0,1.0,22.5,MAX_UNIFORM_COOL,51.0338
5,Opposing Thermal Zones,0,533,5330.0,23,1,10,11,1,92.75,83.48,HEAVY,286.16,VERY HIGH,HEAVY LOAD,89.14,79.95,HEAVY,276.35,VERY HIGH,HEAVY LOAD,90.43,80.97,HEAVY,279.49,VERY HIGH,HEAVY LOAD,88.29,81.48,HEAVY,277.58,VERY HIGH,HEAVY LOAD,15.48,4.29,LIGHT,70.78,LOW,RUNNING,17.46,5.17,LIGHT,74.58,LOW,RUNNING,15.98,4.4,LIGHT,71.57,LOW,RUNNING,18.56,5.76,LIGHT,76.84,LOW,RUNNING,88.16,79.57,HEAVY,274.55,VERY HIGH,HEAVY LOAD,90.43,81.92,HEAVY,280.92,VERY HIGH,HEAVY LOAD,29.35,54.0,288.8,0.25,22.0,COOLING,0.25,22.0,COOLING,0.25,22.0,COOLING,0.25,22.0,COOLING,25.925,25.895,25.992,24.621,25.608,25.992,24.621,1.371,1119.58,145.36,148.41,555.47,85.0,850.0,935.0,85.0,182.09,254.95,325.07,282.32,-145.86,-5.01,-162.36,313.23,875.0,875.0,875.0,875.0,365.81,370.3,371.12,361.02,1968.82,1955.0,1044.43,3500.0,1468.25,1.0,1.0,1.0,1.0,22.5,MAX_UNIFORM_COOL,51.5113
5,Opposing Thermal Zones,0,534,5340.0,23,1,10,11,1,92.79,83.38,HEAVY,286.06,VERY HIGH,HEAVY LOAD,89.01,79.82,HEAVY,275.99,VERY HIGH,HEAVY LOAD,90.26,80.92,HEAVY,279.2,VERY HIGH,HEAVY LOAD,88.23,81.56,HEAVY,277.63,VERY HIGH,HEAVY LOAD,15.56,4.37,LIGHT,71.01,LOW,RUNNING,17.6,5.25,LIGHT,74.88,LOW,RUNNING,16.05,4.4,LIGHT,71.66,LOW,RUNNING,18.5,5.68,LIGHT,76.64,LOW,RUNNING,87.98,79.49,HEAVY,274.21,VERY HIGH,HEAVY LOAD,90.32,81.96,HEAVY,280.84,VERY HIGH,HEAVY LOAD,29.35,54.0,289.0,0.25,22.0,COOLING,0.25,22.0,COOLING,0.25,22.0,COOLING,0.25,22.0,COOLING,25.932,25.903,26.0,24.628,25.616,26.0,24.628,1.372,1118.88,145.89,148.3,555.05,85.0,850.0,935.0,85.0,182.02,254.9,325.07,282.29,-145.74,-5.14,-162.49,313.36,875.0,875.0,875.0,875.0,365.16,370.65,370.88,360.7,1968.12,1955.0,1044.28,3500.0,1467.39,1.0,1.0,1.0,1.0,22.5,MAX_UNIFORM_COOL,51.993
5,Opposing Thermal Zones,0,535,5350.0,23,1,10,11,1,92.8,83.27,HEAVY,285.9,VERY HIGH,HEAVY LOAD,88.86,79.7,HEAVY,275.62,VERY HIGH,HEAVY LOAD,90.09,80.9,HEAVY,278.96,VERY HIGH,HEAVY LOAD,88.2,81.66,HEAVY,277.74,VERY HIGH,HEAVY LOAD,15.66,4.46,LIGHT,71.27,LOW,RUNNING,17.73,5.31,LIGHT,75.13,LOW,RUNNING,16.09,4.38,LIGHT,71.68,LOW,RUNNING,18.41,5.6,LIGHT,76.41,LOW,RUNNING,87.8,79.43,HEAVY,273.9,VERY HIGH,HEAVY LOAD,90.24,82.03,HEAVY,280.85,VERY HIGH,HEAVY LOAD,29.36,54.0,289.2,0.25,22.0,COOLING,0.25,22.0,COOLING,0.25,22.0,COOLING,0.25,22.0,COOLING,25.939,25.911,26.008,24.635,25.623,26.008,24.635,1.373,1118.22,146.4,148.09,554.75,85.0,850.0,935.0,85.0,182.15,255.08,325.29,282.49,-145.61,-5.26,-162.61,313.48,875.0,875.0,875.0,875.0,364.76,371.22,370.77,360.72,1967.46,1955.0,1045.01,3500.0,1467.47,1.0,1.0,1.0,1.0,22.5,MAX_UNIFORM_COOL,52.4801
5,Opposing Thermal Zones,0,536,5360.0,23,1,10,11,1,92.76,83.14,HEAVY,285.66,VERY HIGH,HEAVY LOAD,88.69,79.59,HEAVY,275.25,VERY HIGH,HEAVY LOAD,89.95,80.91,HEAVY,278.8,VERY HIGH,HEAVY LOAD,88.21,81.77,HEAVY,277.92,VERY HIGH,HEAVY LOAD,15.77,4.55,LIGHT,71.54,LOW,RUNNING,17.85,5.36,LIGHT,75.35,LOW,RUNNING,16.1,4.34,LIGHT,71.64,LOW,RUNNING,18.3,5.51,LIGHT,76.14,LOW,RUNNING,87.64,79.4,HEAVY,273.65,VERY HIGH,HEAVY LOAD,90.2,82.13,HEAVY,280.94,VERY HIGH,HEAVY LOAD,29.36,54.0,289.3,0.25,22.0,COOLING,0.25,22.0,COOLING,0.25,22.0,COOLING,0.25,22.0,COOLING,25.946,25.919,26.016,24.642,25.631,26.016,24.642,1.374,1117.63,146.89,147.78,554.59,85.0,850.0,935.0,85.0,182.04,254.96,325.21,282.4,-145.48,-5.39,-162.73,313.61,875.0,875.0,875.0,875.0,364.19,371.46,370.26,360.6,1966.89,1955.0,1044.61,3500.0,1466.51,1.0,1.0,1.0,1.0,22.5,MAX_UNIFORM_COOL,52.9687
5,Opposing Thermal Zones,0,537,5370.0,23,1,10,11,1,92.68,83.01,HEAVY,285.37,VERY HIGH,HEAVY LOAD,88.52,79.5,HEAVY,274.9,VERY HIGH,HEAVY LOAD,89.84,80.95,HEAVY,278.73,VERY HIGH,HEAVY LOAD,88.27,81.9,HEAVY,278.19,VERY HIGH,HEAVY LOAD,15.9,4.63,LIGHT,71.82,LOW,RUNNING,17.95,5.39,LIGHT,75.52,LOW,RUNNING,16.08,4.29,LIGHT,71.53,LOW,RUNNING,18.18,5.42,LIGHT,75.85,LOW,RUNNING,87.49,79.4,HEAVY,273.46,VERY HIGH,HEAVY LOAD,90.21,82.24,HEAVY,281.12,VERY HIGH,HEAVY LOAD,29.36,54.0,289.5,0.25,22.0,COOLING,0.25,22.0,COOLING,0.25,22.0,COOLING,0.25,22.0,COOLING,25.953,25.927,26.024,24.649,25.638,26.024,24.649,1.375,1117.19,147.34,147.38,554.58,85.0,850.0,935.0,85.0,181.96,254.92,325.21,282.38,-145.36,-5.52,-162.86,313.74,875.0,875.0,875.0,875.0,363.79,371.74,369.73,360.7,1966.49,1955.0,1044.47,3500.0,1465.96,1.0,1.0,1.0,1.0,22.5,MAX_UNIFORM_COOL,53.4617
5,Opposing Thermal Zones,0,538,5380.0,23,1,10,11,1,92.57,82.88,HEAVY,285.03,VERY HIGH,HEAVY LOAD,88.34,79.44,HEAVY,274.59,VERY HIGH,HEAVY LOAD,89.75,81.02,HEAVY,278.72,VERY HIGH,HEAVY LOAD,88.36,82.04,HEAVY,278.51,VERY HIGH,HEAVY LOAD,16.04,4.71,LIGHT,72.11,LOW,RUNNING,18.02,5.4,LIGHT,75.62,LOW,RUNNING,16.03,4.22,LIGHT,71.37,LOW,RUNNING,18.05,5.34,LIGHT,75.57,LOW,RUNNING,87.36,79.44,HEAVY,273.36,VERY HIGH,HEAVY LOAD,90.25,82.37,HEAVY,281.37,VERY HIGH,HEAVY LOAD,29.37,54.0,289.7,0.25,22.0,COOLING,0.25,22.0,COOLING,0.25,22.0,COOLING,0.25,22.0,COOLING,25.96,25.935,26.032,24.656,25.646,26.032,24.656,1.376,1116.85,147.73,146.94,554.73,85.0,850.0,935.0,85.0,182.11,255.08,325.43,282.56,-145.23,-5.64,-162.99,313.86,875.0,875.0,875.0,875.0,363.73,372.17,369.38,361.15,1966.25,1955.0,1045.18,3500.0,1466.43,1.0,1.0,1.0,1.0,22.5,MAX_UNIFORM_COOL,53.9604
5,Opposing Thermal Zones,0,539,5390.0,23,1,10,11,1,92.43,82.75,HEAVY,284.66,VERY HIGH,HEAVY LOAD,88.17,79.41,HEAVY,274.33,VERY HIGH,HEAVY LOAD,89.71,81.11,HEAVY,278.8,VERY HIGH,HEAVY LOAD,88.48,82.17,HEAVY,278.86,VERY HIGH,HEAVY LOAD,16.17,4.78,LIGHT,72.38,LOW,RUNNING,18.08,5.39,LIGHT,75.68,LOW,RUNNING,15.95,4.14,LIGHT,71.15,LOW,RUNNING,17.91,5.26,LIGHT,75.28,LOW,RUNNING,87.27,79.5,HEAVY,273.34,VERY HIGH,HEAVY LOAD,90.33,82.5,HEAVY,281.66,VERY HIGH,HEAVY LOAD,29.37,54.0,289.8,0.25,22.0,COOLING,0.25,22.0,COOLING,0.25,22.0,COOLING,0.25,22.0,COOLING,25.967,25.943,26.04,24.663,25.653,26.04,24.663,1.377,1116.65,148.06,146.43,555.0,85.0,850.0,935.0,85.0,181.98,254.97,325.34,282.47,-145.11,-5.76,-163.11,313.99,875.0,875.0,875.0,875.0,363.52,372.27,368.66,361.46,1966.14,1955.0,1044.76,3500.0,1465.91,1.0,1.0,1.0,1.0,22.5,MAX_UNIFORM_COOL,54.4607
5,Opposing Thermal Zones,0,540,5400.0,23,1,10,11,1,92.27,82.64,HEAVY,284.3,VERY HIGH,HEAVY LOAD,88.01,79.4,HEAVY,274.11,VERY HIGH,HEAVY LOAD,89.7,81.22,HEAVY,278.95,VERY HIGH,HEAVY LOAD,88.62,82.29,HEAVY,279.21,VERY HIGH,HEAVY LOAD,16.29,4.84,LIGHT,72.62,LOW,RUNNING,18.1,5.36,LIGHT,75.67,LOW,RUNNING,15.85,4.05,LIGHT,70.89,LOW,RUNNING,17.78,5.19,LIGHT,75.01,LOW,RUNNING,87.22,79.58,HEAVY,273.39,VERY HIGH,HEAVY LOAD,90.44,82.64,HEAVY,282.01,VERY HIGH,HEAVY LOAD,29.38,54.0,290.0,0.25,22.0,COOLING,0.25,22.0,COOLING,0.25,22.0,COOLING,0.25,22.0,COOLING,25.974,25.951,26.048,24.67,25.661,26.048,24.67,1.378,1116.57,148.29,145.9,555.4,85.0,850.0,935.0,85.0,182.13,255.15,325.56,282.67,-144.98,-5.89,-163.23,314.11,875.0,875.0,875.0,875.0,363.72,372.55,368.23,362.18,1966.16,1955.0,1045.51,3500.0,1466.68,1.0,1.0,1.0,1.0,22.5,MAX_UNIFORM_COOL,54.9673
5,Opposing Thermal Zones,0,541,5410.0,23,1,10,11,1,92.1,82.54,HEAVY,283.94,VERY HIGH,HEAVY LOAD,87.88,79.43,HEAVY,274.0,VERY HIGH,HEAVY LOAD,89.74,81.34,HEAVY,279.19,VERY HIGH,HEAVY LOAD,88.79,82.4,HEAVY,279.59,VERY HIGH,HEAVY LOAD,16.4,4.88,LIGHT,72.82,LOW,RUNNING,18.09,5.31,LIGHT,75.58,LOW,RUNNING,15.74,3.96,LIGHT,70.61,LOW,RUNNING,17.66,5.14,LIGHT,74.78,LOW,RUNNING,87.2,79.69,HEAVY,273.53,VERY HIGH,HEAVY LOAD,90.58,82.76,HEAVY,282.37,VERY HIGH,HEAVY LOAD,29.38,54.0,290.2,0.25,22.0,COOLING,0.25,22.0,COOLING,0.25,22.0,COOLING,0.25,22.0,COOLING,25.981,25.959,26.056,24.677,25.668,26.056,24.677,1.379,1116.72,148.4,145.39,555.9,85.0,850.0,935.0,85.0,182.06,255.1,325.56,282.64,-144.86,-6.02,-163.36,314.23,875.0,875.0,875.0,875.0,363.92,372.48,367.59,362.77,1966.41,1955.0,1045.36,3500.0,1466.76,1.0,1.0,1.0,1.0,22.5,MAX_UNIFORM_COOL,55.4763
5,Opposing Thermal Zones,0,542,5420.0,23,1,10,11,1,91.92,82.46,HEAVY,283.59,VERY HIGH,HEAVY LOAD,87.79,79.48,HEAVY,273.96,VERY HIGH,HEAVY LOAD,89.81,81.48,HEAVY,279.48,VERY HIGH,HEAVY LOAD,88.97,82.49,HEAVY,279.95,VERY HIGH,HEAVY LOAD,16.49,4.9,LIGHT,72.96,LOW,RUNNING,18.05,5.25,LIGHT,75.44,LOW,RUNNING,15.61,3.87,LIGHT,70.32,LOW,RUNNING,17.56,5.11,LIGHT,74.61,LOW,RUNNING,87.22,79.81,HEAVY,273.74,VERY HIGH,HEAVY LOAD,90.75,82.88,HEAVY,282.76,VERY HIGH,HEAVY LOAD,29.38,54.0,290.3,0.25,22.0,COOLING,0.25,22.0,COOLING,0.25,22.0,COOLING,0.25,22.0,COOLING,25.988,25.967,26.063,24.684,25.675,26.063,24.684,1.379,1116.98,148.4,144.93,556.5,85.0,850.0,935.0,85.0,181.94,254.99,325.48,282.55,-144.74,-6.14,-163.49,314.36,875.0,875.0,875.0,875.0,364.18,372.25,366.92,363.41,1966.81,1955.0,1044.96,3500.0,1466.76,1.0,1.0,1.0,1.0,22.5,MAX_UNIFORM_COOL,55.9612
5,Opposing Thermal Zones,0,543,5430.0,23,1,10,11,1,91.74,82.42,HEAVY,283.31,VERY HIGH,HEAVY LOAD,87.72,79.56,HEAVY,273.99,VERY HIGH,HEAVY LOAD,89.92,81.61,HEAVY,279.81,VERY HIGH,HEAVY LOAD,89.15,82.56,HEAVY,280.28,VERY HIGH,HEAVY LOAD,16.56,4.9,LIGHT,73.05,LOW,RUNNING,17.99,5.18,LIGHT,75.26,LOW,RUNNING,15.47,3.79,LIGHT,70.02,LOW,RUNNING,17.48,5.1,LIGHT,74.5,LOW,RUNNING,87.29,79.94,HEAVY,274.02,VERY HIGH,HEAVY LOAD,90.92,82.97,HEAVY,283.11,VERY HIGH,HEAVY LOAD,29.39,54.0,290.5,0.25,22.0,COOLING,0.25,22.0,COOLING,0.25,22.0,COOLING,0.25,22.0,COOLING,25.995,25.975,26.07,24.691,25.683,26.07,24.691,1.379,1117.39,148.31,144.52,557.13,85.0,850.0,935.0,85.0,182.08,255.15,325.72,282.74,-144.62,-6.37,-163.37,314.37,875.0,875.0,875.0,875.0,364.85,372.09,366.87,364.24,1967.35,1955.0,1045.69,3500.0,1468.05,1.0,1.0,1.0,1.0,22.5,MAX_UNIFORM_COOL,56.453
5,Opposing Thermal Zones,0,544,5440.0,23,1,10,11,1,91.58,82.4,HEAVY,283.07,VERY HIGH,HEAVY LOAD,87.7,79.67,HEAVY,274.13,VERY HIGH,HEAVY LOAD,90.05,81.74,HEAVY,280.17,VERY HIGH,HEAVY LOAD,89.32,82.59,HEAVY,280.53,VERY HIGH,HEAVY LOAD,16.59,4.88,LIGHT,73.06,LOW,RUNNING,17.9,5.09,LIGHT,75.01,LOW,RUNNING,15.34,3.72,LIGHT,69.75,LOW,RUNNING,17.43,5.11,LIGHT,74.45,LOW,RUNNING,87.39,80.08,HEAVY,274.36,VERY HIGH,HEAVY LOAD,91.1,83.04,HEAVY,283.44,VERY HIGH,HEAVY LOAD,29.39,54.0,290.7,0.25,22.0,COOLING,0.25,22.0,COOLING,0.25,22.0,COOLING,0.25,22.0,COOLING,26.002,25.983,26.077,24.698,25.69,26.077,24.698,1.379,1117.9,148.07,144.2,557.8,85.0,850.0,935.0,85.0,182.0,255.11,325.74,282.72,-144.52,-6.61,-163.27,314.39,875.0,875.0,875.0,875.0,365.38,371.57,366.67,364.91,1967.97,1955.0,1045.57,3500.0,1468.53,1.0,1.0,1.0,1.0,22.5,MAX_UNIFORM_COOL,56.9467
5,Opposing Thermal Zones,0,545,5450.0,23,1,10,11,1,91.44,82.41,HEAVY,282.92,VERY HIGH,HEAVY LOAD,87.72,79.79,HEAVY,274.33,VERY HIGH,HEAVY LOAD,90.21,81.86,HEAVY,280.55,VERY HIGH,HEAVY LOAD,89.47,82.6,HEAVY,280.74,VERY HIGH,HEAVY LOAD,16.6,4.84,LIGHT,73.01,LOW,RUNNING,17.79,5.0,LIGHT,74.74,LOW,RUNNING,15.22,3.67,LIGHT,69.53,LOW,RUNNING,17.4,5.14,LIGHT,74.46,LOW,RUNNING,87.52,80.21,HEAVY,274.71,VERY HIGH,HEAVY LOAD,91.27,83.09,HEAVY,283.72,VERY HIGH,HEAVY LOAD,29.39,54.0,290.8,0.25,22.0,COOLING,0.25,22.0,COOLING,0.25,22.0,COOLING,0.25,22.0,COOLING,26.009,25.991,26.084,24.705,25.697,26.084,24.705,1.379,1118.54,147.75,143.99,558.43,85.0,850.0,935.0,85.0,181.89,255.0,325.68,282.63,-144.4,-6.85,-163.16,314.4,875.0,875.0,875.0,875.0,366.03,370.9,366.51,365.46,1968.71,1955.0,1045.2,3500.0,1468.9,1.0,1.0,1.0,1.0,22.5,MAX_UNIFORM_COOL,57.4442
5,Opposing Thermal Zones,0,546,5460.0,23,1,10,11,1,91.33,82.45,HEAVY,282.84,VERY HIGH,HEAVY LOAD,87.77,79.92,HEAVY,274.59,VERY HIGH,HEAVY LOAD,90.39,81.95,HEAVY,280.91,VERY HIGH,HEAVY LOAD,89.61,82.58,HEAVY,280.88,VERY HIGH,HEAVY LOAD,16.58,4.78,LIGHT,72.89,LOW,RUNNING,17.67,4.91,LIGHT,74.45,LOW,RUNNING,15.11,3.62,LIGHT,69.32,LOW,RUNNING,17.41,5.18,LIGHT,74.53,LOW,RUNNING,87.67,80.33,HEAVY,275.08,VERY HIGH,HEAVY LOAD,91.44,83.1,HEAVY,283.95,VERY HIGH,HEAVY LOAD,29.4,54.0,291.0,0.25,22.0,COOLING,0.25,22.0,COOLING,0.25,22.0,COOLING,0.25,22.0,COOLING,26.016,25.999,26.091,24.712,25.704,26.091,24.712,1.379,1119.22,147.34,143.85,559.03,85.0,850.0,935.0,85.0,182.03,255.17,325.91,282.82,-144.3,-7.08,-163.05,314.42,875.0,875.0,875.0,875.0,366.95,370.43,366.71,366.27,1969.44,1955.0,1045.93,3500.0,1470.36,1.0,1.0,1.0,1.0,22.5,MAX_UNIFORM_COOL,57.9477
5,Opposing Thermal Zones,0,547,5470.0,23,1,10,11,1,91.25,82.52,HEAVY,282.84,VERY HIGH,HEAVY LOAD,87.86,80.05,HEAVY,274.9,VERY HIGH,HEAVY LOAD,90.57,82.03,HEAVY,281.26,VERY HIGH,HEAVY LOAD,89.71,82.52,HEAVY,280.92,VERY HIGH,HEAVY LOAD,16.52,4.71,LIGHT,72.72,LOW,RUNNING,17.54,4.83,LIGHT,74.17,LOW,RUNNING,15.02,3.6,LIGHT,69.17,LOW,RUNNING,17.44,5.24,LIGHT,74.66,LOW,RUNNING,87.84,80.43,HEAVY,275.44,VERY HIGH,HEAVY LOAD,91.57,83.08,HEAVY,284.08,VERY HIGH,HEAVY LOAD,29.4,54.0,291.2,0.25,22.0,COOLING,0.25,22.0,COOLING,0.25,22.0,COOLING,0.25,22.0,COOLING,26.024,26.007,26.098,24.719,25.712,26.098,24.719,1.379,1119.92,146.89,143.83,559.52,85.0,850.0,935.0,85.0,181.96,255.12,325.94,282.79,-144.18,-7.31,-162.94,314.44,875.0,875.0,875.0,875.0,367.7,369.7,366.83,366.75,1970.16,1955.0,1045.81,3500.0,1470.98,1.0,1.0,1.0,1.0,22.5,MAX_UNIFORM_COOL,58.4751
5,Opposing Thermal Zones,0,548,5480.0,23,1,10,11,1,91.21,82.62,HEAVY,282.94,VERY HIGH,HEAVY LOAD,87.99,80.18,HEAVY,275.26,VERY HIGH,HEAVY LOAD,90.74,82.08,HEAVY,281.55,VERY HIGH,HEAVY LOAD,89.77,82.44,HEAVY,280.87,VERY HIGH,HEAVY LOAD,16.44,4.63,LIGHT,72.5,LOW,RUNNING,17.4,4.75,LIGHT,73.88,LOW,RUNNING,14.95,3.6,LIGHT,69.09,LOW,RUNNING,17.5,5.32,LIGHT,74.86,LOW,RUNNING,88.02,80.51,HEAVY,275.79,VERY HIGH,HEAVY LOAD,91.68,83.04,HEAVY,284.16,VERY HIGH,HEAVY LOAD,29.4,54.0,291.3,0.25,22.0,COOLING,0.25,22.0,COOLING,0.25,22.0,COOLING,0.25,22.0,COOLING,26.032,26.015,26.105,24.726,25.72,26.105,24.726,1.379,1120.62,146.38,143.95,559.95,85.0,850.0,935.0,85.0,181.82,255.01,325.88,282.7,-144.31,-7.44,-162.81,314.56,875.0,875.0,875.0,875.0,368.13,368.95,367.02,367.21,1970.9,1955.0,1045.41,3500.0,1471.31,1.0,1.0,1.0,1.0,22.5,MAX_UNIFORM_COOL,59.0058
5,Opposing Thermal Zones,0,549,5490.0,23,1,10,11,1,91.2,82.73,HEAVY,283.1,VERY HIGH,HEAVY LOAD,88.14,80.3,HEAVY,275.62,VERY HIGH,HEAVY LOAD,90.91,82.1,HEAVY,281.79,VERY HIGH,HEAVY LOAD,89.8,82.34,HEAVY,280.76,VERY HIGH,HEAVY LOAD,16.34,4.54,LIGHT,72.23,LOW,RUNNING,17.27,4.69,LIGHT,73.62,LOW,RUNNING,14.91,3.62,LIGHT,69.07,LOW,RUNNING,17.59,5.4,LIGHT,75.09,LOW,RUNNING,88.2,80.57,HEAVY,276.11,VERY HIGH,HEAVY LOAD,91.76,82.97,HEAVY,284.16,VERY HIGH,HEAVY LOAD,29.41,54.0,291.5,0.25,22.0,COOLING,0.25,22.0,COOLING,0.25,22.0,COOLING,0.25,22.0,COOLING,26.04,26.023,26.113,24.734,25.727,26.113,24.734,1.379,1121.27,145.85,144.16,560.27,85.0,850.0,935.0,85.0,181.94,255.18,326.12,282.9,-144.44,-7.57,-162.69,314.69,875.0,875.0,875.0,875.0,368.77,368.46,367.59,367.86,1971.55,1955.0,1046.14,3500.0,1472.68,1.0,1.0,1.0,1.0,22.5,MAX_UNIFORM_COOL,59.5703
5,Opposing Thermal Zones,0,550,5500.0,23,1,10,11,1,91.24,82.86,HEAVY,283.34,VERY HIGH,HEAVY LOAD,88.31,80.41,HEAVY,276.0,VERY HIGH,HEAVY LOAD,91.05,82.09,HEAVY,281.95,VERY HIGH,HEAVY LOAD,89.79,82.23,HEAVY,280.58,VERY HIGH,HEAVY LOAD,16.23,4.45,LIGHT,71.96,LOW,RUNNING,17.15,4.64,LIGHT,73.4,LOW,RUNNING,14.9,3.66,LIGHT,69.11,LOW,RUNNING,17.7,5.49,LIGHT,75.36,LOW,RUNNING,88.36,80.6,HEAVY,276.35,VERY HIGH,HEAVY LOAD,91.8,82.87,HEAVY,284.06,VERY HIGH,HEAVY LOAD,29.41,54.0,291.7,0.25,22.0,COOLING,0.25,22.0,COOLING,0.25,22.0,COOLING,0.25,22.0,COOLING,26.048,26.031,26.121,24.742,25.735,26.121,24.742,1.379,1121.87,145.36,144.47,560.41,85.0,850.0,935.0,85.0,181.85,255.13,326.13,282.84,-144.43,-7.57,-162.68,314.68,875.0,875.0,875.0,875.0,369.29,367.92,367.92,367.93,1972.11,1955.0,1045.95,3500.0,1473.06,1.0,1.0,1.0,1.0,22.5,MAX_UNIFORM_COOL,60.138
5,Opposing Thermal Zones,0,551,5510.0,23,1,10,11,1,91.32,82.99,HEAVY,283.63,VERY HIGH,HEAVY LOAD,88.48,80.5,HEAVY,276.35,VERY HIGH,HEAVY LOAD,91.16,82.05,HEAVY,282.02,VERY HIGH,HEAVY LOAD,89.73,82.1,HEAVY,280.31,VERY HIGH,HEAVY LOAD,16.1,4.37,LIGHT,71.68,LOW,RUNNING,17.05,4.61,LIGHT,73.23,LOW,RUNNING,14.92,3.71,LIGHT,69.22,LOW,RUNNING,17.82,5.58,LIGHT,75.65,LOW,RUNNING,88.51,80.6,HEAVY,276.54,VERY HIGH,HEAVY LOAD,91.79,82.76,HEAVY,283.88,VERY HIGH,HEAVY LOAD,29.41,54.0,291.8,0.25,22.0,COOLING,0.25,22.0,COOLING,0.25,22.0,COOLING,0.25,22.0,COOLING,26.056,26.038,26.129,24.75,25.743,26.129,24.75,1.379,1122.31,144.91,144.87,560.42,85.0,850.0,935.0,85.0,181.7,255.03,326.03,282.74,-144.43,-7.57,-162.68,314.68,875.0,875.0,875.0,875.0,369.58,367.37,368.22,367.84,1972.51,1955.0,1045.5,3500.0,1473.01,1.0,1.0,1.0,1.0,22.5,MAX_UNIFORM_COOL,60.6876
5,Opposing Thermal Zones,0,552,5520.0,23,1,10,11,1,91.43,83.12,HEAVY,283.97,VERY HIGH,HEAVY LOAD,88.66,80.56,HEAVY,276.66,VERY HIGH,HEAVY LOAD,91.25,81.98,HEAVY,282.03,VERY HIGH,HEAVY LOAD,89.64,81.96,HEAVY,279.99,VERY HIGH,HEAVY LOAD,15.96,4.29,LIGHT,71.39,LOW,RUNNING,16.98,4.6,LIGHT,73.12,LOW,RUNNING,14.97,3.78,LIGHT,69.38,LOW,RUNNING,17.95,5.66,LIGHT,75.93,LOW,RUNNING,88.64,80.56,HEAVY,276.64,VERY HIGH,HEAVY LOAD,91.75,82.63,HEAVY,283.63,VERY HIGH,HEAVY LOAD,29.42,54.0,292.0,0.25,22.0,COOLING,0.25,22.0,COOLING,0.25,22.0,COOLING,0.25,22.0,COOLING,26.064,26.045,26.137,24.758,25.751,26.137,24.758,1.379,1122.65,144.51,145.31,560.27,85.0,850.0,935.0,85.0,181.83,255.21,326.26,282.91,-144.55,-7.33,-162.8,314.67,875.0,875.0,875.0,875.0,369.93,367.39,368.77,367.85,1972.74,1955.0,1046.21,3500.0,1473.94,1.0,1.0,1.0,1.0,22.5,MAX_UNIFORM_COOL,61.2438
5,Opposing Thermal Zones,0,553,5530.0,23,1,10,11,1,91.57,83.25,HEAVY,284.34,VERY HIGH,HEAVY LOAD,88.83,80.59,HEAVY,276.92,VERY HIGH,HEAVY LOAD,91.29,81.89,HEAVY,281.95,VERY HIGH,HEAVY LOAD,89.52,81.83,HEAVY,279.64,VERY HIGH,HEAVY LOAD,15.83,4.22,LIGHT,71.12,LOW,RUNNING,16.92,4.61,LIGHT,73.07,LOW,RUNNING,15.05,3.86,LIGHT,69.6,LOW,RUNNING,18.09,5.74,LIGHT,76.22,LOW,RUNNING,88.73,80.5,HEAVY,276.66,VERY HIGH,HEAVY LOAD,91.67,82.5,HEAVY,283.34,VERY HIGH,HEAVY LOAD,29.42,54.0,292.2,0.25,22.0,COOLING,0.25,22.0,COOLING,0.25,22.0,COOLING,0.25,22.0,COOLING,26.072,26.052,26.145,24.765,25.758,26.145,24.765,1.38,1122.85,144.19,145.82,560.0,85.0,850.0,935.0,85.0,181.73,255.18,326.25,282.85,-144.65,-7.1,-162.91,314.66,875.0,875.0,875.0,875.0,369.93,367.27,369.16,367.51,1972.86,1955.0,1046.01,3500.0,1473.87,1.0,1.0,1.0,1.0,22.5,MAX_UNIFORM_COOL,61.8037
5,Opposing Thermal Zones,0,554,5540.0,23,1,10,11,1,91.73,83.36,HEAVY,284.7,VERY HIGH,HEAVY LOAD,88.99,80.6,HEAVY,277.14,VERY HIGH,HEAVY LOAD,91.3,81.78,HEAVY,281.8,VERY HIGH,HEAVY LOAD,89.38,81.71,HEAVY,279.29,VERY HIGH,HEAVY LOAD,15.71,4.16,LIGHT,70.88,LOW,RUNNING,16.9,4.64,LIGHT,73.08,LOW,RUNNING,15.15,3.95,LIGHT,69.86,LOW,RUNNING,18.22,5.81,LIGHT,76.49,LOW,RUNNING,88.78,80.42,HEAVY,276.61,VERY HIGH,HEAVY LOAD,91.56,82.36,HEAVY,282.99,VERY HIGH,HEAVY LOAD,29.42,54.0,292.3,0.25,22.0,COOLING,0.25,22.0,COOLING,0.25,22.0,COOLING,0.25,22.0,COOLING,26.08,26.059,26.153,24.772,25.766,26.153,24.772,1.381,1122.93,143.96,146.35,559.6,85.0,850.0,935.0,85.0,181.59,255.1,326.17,282.77,-144.87,-6.88,-163.12,314.87,875.0,875.0,875.0,875.0,369.65,367.18,369.4,367.24,1972.84,1955.0,1045.63,3500.0,1473.47,1.0,1.0,1.0,1.0,22.5,MAX_UNIFORM_COOL,62.3664
5,Opposing Thermal Zones,0,555,5550.0,23,1,10,11,1,91.9,83.46,HEAVY,285.06,VERY HIGH,HEAVY LOAD,89.12,80.57,HEAVY,277.25,VERY HIGH,HEAVY LOAD,91.26,81.66,HEAVY,281.56,VERY HIGH,HEAVY LOAD,89.21,81.6,HEAVY,278.91,VERY HIGH,HEAVY LOAD,15.6,4.12,LIGHT,70.68,LOW,RUNNING,16.91,4.69,LIGHT,73.17,LOW,RUNNING,15.26,4.04,LIGHT,70.14,LOW,RUNNING,18.34,5.86,LIGHT,76.72,LOW,RUNNING,88.8,80.31,HEAVY,276.47,VERY HIGH,HEAVY LOAD,91.42,82.24,HEAVY,282.63,VERY HIGH,HEAVY LOAD,29.43,54.0,292.5,0.25,22.0,COOLING,0.25,22.0,COOLING,0.25,22.0,COOLING,0.25,22.0,COOLING,26.088,26.066,26.161,24.779,25.773,26.161,24.779,1.382,1122.78,143.85,146.86,559.1,85.0,850.0,935.0,85.0,181.72,255.29,326.4,282.96,-145.09,-6.66,-163.34,315.1,875.0,875.0,875.0,875.0,369.41,367.48,369.92,367.16,1972.59,1955.0,1046.37,3500.0,1473.97,1.0,1.0,1.0,1.0,22.5,MAX_UNIFORM_COOL,62.9353
5,Opposing Thermal Zones,0,556,5560.0,23,1,10,11,1,92.08,83.54,HEAVY,285.41,VERY HIGH,HEAVY LOAD,89.21,80.52,HEAVY,277.29,VERY HIGH,HEAVY LOAD,91.19,81.52,HEAVY,281.27,VERY HIGH,HEAVY LOAD,89.03,81.51,HEAVY,278.55,VERY HIGH,HEAVY LOAD,15.51,4.1,LIGHT,70.54,LOW,RUNNING,16.95,4.75,LIGHT,73.31,LOW,RUNNING,15.39,4.13,LIGHT,70.43,LOW,RUNNING,18.44,5.89,LIGHT,76.88,LOW,RUNNING,88.78,80.19,HEAVY,276.26,VERY HIGH,HEAVY LOAD,91.25,82.12,HEAVY,282.24,VERY HIGH,HEAVY LOAD,29.43,54.0,292.7,0.25,22.0,COOLING,0.25,22.0,COOLING,0.25,22.0,COOLING,0.25,22.0,COOLING,26.096,26.074,26.169,24.786,25.781,26.169,24.786,1.383,1122.52,143.85,147.31,558.5,85.0,850.0,935.0,85.0,181.61,255.27,326.39,282.94,-145.32,-6.43,-163.57,315.32,875.0,875.0,875.0,875.0,368.81,367.69,370.13,366.76,1972.18,1955.0,1046.21,3500.0,1473.39,1.0,1.0,1.0,1.0,22.5,MAX_UNIFORM_COOL,63.5283
5,Opposing Thermal Zones,0,557,5570.0,23,1,10,11,1,92.26,83.58,HEAVY,285.7,VERY HIGH,HEAVY LOAD,89.28,80.44,HEAVY,277.26,VERY HIGH,HEAVY LOAD,91.08,81.39,HEAVY,280.94,VERY HIGH,HEAVY LOAD,88.85,81.44,HEAVY,278.22,VERY HIGH,HEAVY LOAD,15.44,4.1,LIGHT,70.45,LOW,RUNNING,17.01,4.82,LIGHT,73.49,LOW,RUNNING,15.53,4.21,LIGHT,70.73,LOW,RUNNING,18.52,5.9,LIGHT,77.0,LOW,RUNNING,88.71,80.06,HEAVY,275.98,VERY HIGH,HEAVY LOAD,91.08,82.03,HEAVY,281.89,VERY HIGH,HEAVY LOAD,29.43,54.0,292.8,0.25,22.0,COOLING,0.25,22.0,COOLING,0.25,22.0,COOLING,0.25,22.0,COOLING,26.104,26.082,26.177,24.793,25.789,26.177,24.793,1.384,1122.12,143.94,147.73,557.87,85.0,850.0,935.0,85.0,181.48,255.15,326.31,282.85,-145.42,-6.45,-163.67,315.55,875.0,875.0,875.0,875.0,368.18,367.64,370.37,366.27,1971.66,1955.0,1045.79,3500.0,1472.46,1.0,1.0,1.0,1.0,22.5,MAX_UNIFORM_COOL,64.125
5,Opposing Thermal Zones,0,558,5580.0,23,1,10,11,1,92.42,83.6,HEAVY,285.93,VERY HIGH,HEAVY LOAD,89.3,80.33,HEAVY,277.12,VERY HIGH,HEAVY LOAD,90.95,81.26,HEAVY,280.58,VERY HIGH,HEAVY LOAD,88.68,81.41,HEAVY,277.97,VERY HIGH,HEAVY LOAD,15.41,4.12,LIGHT,70.44,LOW,RUNNING,17.1,4.91,LIGHT,73.74,LOW,RUNNING,15.66,4.28,LIGHT,71.0,LOW,RUNNING,18.57,5.89,LIGHT,77.05,LOW,RUNNING,88.61,79.92,HEAVY,275.64,VERY HIGH,HEAVY LOAD,90.9,81.96,HEAVY,281.56,VERY HIGH,HEAVY LOAD,29.44,54.0,293.0,0.25,22.0,COOLING,0.25,22.0,COOLING,0.25,22.0,COOLING,0.25,22.0,COOLING,26.112,26.09,26.185,24.8,25.797,26.185,24.8,1.385,1121.6,144.18,148.05,557.2,85.0,850.0,935.0,85.0,181.6,255.32,326.53,283.03,-145.53,-6.47,-163.78,315.79,875.0,875.0,875.0,875.0,367.67,368.03,370.8,366.02,1971.03,1955.0,1046.48,3500.0,1472.52,1.0,1.0,1.0,1.0,22.5,MAX_UNIFORM_COOL,64.7283
5,Opposing Thermal Zones,0,559,5590.0,23,1,10,11,1,92.56,83.59,HEAVY,286.09,VERY HIGH,HEAVY LOAD,89.28,80.21,HEAVY,276.92,VERY HIGH,HEAVY LOAD,90.79,81.14,HEAVY,280.2,VERY HIGH,HEAVY LOAD,88.53,81.4,HEAVY,277.76,VERY HIGH,HEAVY LOAD,15.4,4.16,LIGHT,70.49,LOW,RUNNING,17.21,5.0,LIGHT,74.01,LOW,RUNNING,15.78,4.33,LIGHT,71.22,LOW,RUNNING,18.6,5.86,LIGHT,77.04,LOW,RUNNING,88.48,79.79,HEAVY,275.29,VERY HIGH,HEAVY LOAD,90.73,81.91,HEAVY,281.28,VERY HIGH,HEAVY LOAD,29.44,54.0,293.2,0.25,22.0,COOLING,0.25,22.0,COOLING,0.25,22.0,COOLING,0.25,22.0,COOLING,26.119,26.098,26.193,24.807,25.804,26.193,24.807,1.386,1120.97,144.5,148.26,556.57,85.0,850.0,935.0,85.0,181.5,255.28,326.53,283.01,-145.64,-6.48,-163.89,316.02,875.0,875.0,875.0,875.0,366.83,368.3,370.9,365.6,1970.3,1955.0,1046.32,3500.0,1471.63,1.0,1.0,1.0,1.0,22.5,MAX_UNIFORM_COOL,65.3098
5,Opposing Thermal Zones,0,560,5600.0,23,1,10,11,1,92.67,83.55,HEAVY,286.16,VERY HIGH,HEAVY LOAD,89.23,80.08,HEAVY,276.66,VERY HIGH,HEAVY LOAD,90.61,81.05,HEAVY,279.84,VERY HIGH,HEAVY LOAD,88.39,81.42,HEAVY,277.62,VERY HIGH,HEAVY LOAD,15.42,4.22,LIGHT,70.61,LOW,RUNNING,17.33,5.09,LIGHT,74.3,LOW,RUNNING,15.89,4.38,LIGHT,71.43,LOW,RUNNING,18.59,5.82,LIGHT,76.97,LOW,RUNNING,88.33,79.67,HEAVY,274.92,VERY HIGH,HEAVY LOAD,90.56,81.9,HEAVY,281.05,VERY HIGH,HEAVY LOAD,29.44,54.0,293.3,0.25,22.0,COOLING,0.25,22.0,COOLING,0.25,22.0,COOLING,0.25,22.0,COOLING,26.126,26.106,26.201,24.814,25.812,26.201,24.814,1.387,1120.28,144.91,148.4,555.97,85.0,850.0,935.0,85.0,181.39,255.16,326.45,282.92,-145.52,-6.6,-164.02,316.15,875.0,875.0,875.0,875.0,366.15,368.47,370.83,365.04,1969.56,1955.0,1045.92,3500.0,1470.49,1.0,1.0,1.0,1.0,22.5,MAX_UNIFORM_COOL,65.8949
5,Opposing Thermal Zones,0,561,5610.0,23,1,10,11,1,92.75,83.48,HEAVY,286.16,VERY HIGH,HEAVY LOAD,89.14,79.95,HEAVY,276.35,VERY HIGH,HEAVY LOAD,90.43,80.97,HEAVY,279.49,VERY HIGH,HEAVY LOAD,88.29,81.48,HEAVY,277.58,VERY HIGH,HEAVY LOAD,15.48,4.29,LIGHT,70.78,LOW,RUNNING,17.46,5.17,LIGHT,74.58,LOW,RUNNING,15.98,4.4,LIGHT,71.57,LOW,RUNNING,18.56,5.76,LIGHT,76.84,LOW,RUNNING,88.16,79.57,HEAVY,274.55,VERY HIGH,HEAVY LOAD,90.43,81.92,HEAVY,280.92,VERY HIGH,HEAVY LOAD,29.45,54.0,293.5,0.25,22.0,COOLING,0.25,22.0,COOLING,0.25,22.0,COOLING,0.25,22.0,COOLING,26.133,26.114,26.209,24.821,25.819,26.209,24.821,1.388,1119.58,145.36,148.41,555.47,85.0,850.0,935.0,85.0,181.53,255.34,326.66,283.11,-145.4,-6.73,-164.14,316.27,875.0,875.0,875.0,875.0,365.71,368.97,370.93,364.85,1968.82,1955.0,1046.64,3500.0,1470.46,1.0,1.0,1.0,1.0,22.5,MAX_UNIFORM_COOL,66.4862
5,Opposing Thermal Zones,0,562,5620.0,23,1,10,11,1,92.79,83.38,HEAVY,286.06,VERY HIGH,HEAVY LOAD,89.01,79.82,HEAVY,275.99,VERY HIGH,HEAVY LOAD,90.26,80.92,HEAVY,279.2,VERY HIGH,HEAVY LOAD,88.23,81.56,HEAVY,277.63,VERY HIGH,HEAVY LOAD,15.56,4.37,LIGHT,71.01,LOW,RUNNING,17.6,5.25,LIGHT,74.88,LOW,RUNNING,16.05,4.4,LIGHT,71.66,LOW,RUNNING,18.5,5.68,LIGHT,76.64,LOW,RUNNING,87.98,79.49,HEAVY,274.21,VERY HIGH,HEAVY LOAD,90.32,81.96,HEAVY,280.84,VERY HIGH,HEAVY LOAD,29.45,54.0,293.7,0.25,22.0,COOLING,0.25,22.0,COOLING,0.25,22.0,COOLING,0.25,22.0,COOLING,26.14,26.122,26.217,24.828,25.827,26.217,24.828,1.389,1118.88,145.89,148.3,555.05,85.0,850.0,935.0,85.0,181.46,255.28,326.67,283.08,-145.27,-6.86,-164.27,316.39,875.0,875.0,875.0,875.0,365.07,369.31,370.7,364.52,1968.12,1955.0,1046.49,3500.0,1469.6,1.0,1.0,1.0,1.0,22.5,MAX_UNIFORM_COOL,67.0792
5,Opposing Thermal Zones,0,563,5630.0,23,1,10,11,1,92.8,83.27,HEAVY,285.9,VERY HIGH,HEAVY LOAD,88.86,79.7,HEAVY,275.62,VERY HIGH,HEAVY LOAD,90.09,80.9,HEAVY,278.96,VERY HIGH,HEAVY LOAD,88.2,81.66,HEAVY,277.74,VERY HIGH,HEAVY LOAD,15.66,4.46,LIGHT,71.27,LOW,RUNNING,17.73,5.31,LIGHT,75.13,LOW,RUNNING,16.09,4.38,LIGHT,71.68,LOW,RUNNING,18.41,5.6,LIGHT,76.41,LOW,RUNNING,87.8,79.43,HEAVY,273.9,VERY HIGH,HEAVY LOAD,90.24,82.03,HEAVY,280.85,VERY HIGH,HEAVY LOAD,29.45,54.0,293.8,0.25,22.0,COOLING,0.25,22.0,COOLING,0.25,22.0,COOLING,0.25,22.0,COOLING,26.147,26.13,26.225,24.835,25.834,26.225,24.835,1.39,1118.22,146.4,148.09,554.75,85.0,850.0,935.0,85.0,181.33,255.17,326.58,282.99,-145.15,-6.98,-164.39,316.52,875.0,875.0,875.0,875.0,364.4,369.59,370.28,364.26,1967.46,1955.0,1046.07,3500.0,1468.53,1.0,1.0,1.0,1.0,22.5,MAX_UNIFORM_COOL,67.6752
5,Opposing Thermal Zones,0,564,5640.0,23,1,10,11,1,92.76,83.14,HEAVY,285.66,VERY HIGH,HEAVY LOAD,88.69,79.59,HEAVY,275.25,VERY HIGH,HEAVY LOAD,89.95,80.91,HEAVY,278.8,VERY HIGH,HEAVY LOAD,88.21,81.77,HEAVY,277.92,VERY HIGH,HEAVY LOAD,15.77,4.55,LIGHT,71.54,LOW,RUNNING,17.85,5.36,LIGHT,75.35,LOW,RUNNING,16.1,4.34,LIGHT,71.64,LOW,RUNNING,18.3,5.51,LIGHT,76.14,LOW,RUNNING,87.64,79.4,HEAVY,273.65,VERY HIGH,HEAVY LOAD,90.2,82.13,HEAVY,280.94,VERY HIGH,HEAVY LOAD,29.46,54.0,294.0,0.25,22.0,COOLING,0.25,22.0,COOLING,0.25,22.0,COOLING,0.25,22.0,COOLING,26.154,26.138,26.233,24.842,25.842,26.233,24.842,1.391,1117.63,146.89,147.78,554.59,85.0,850.0,935.0,85.0,181.48,255.35,326.8,283.19,-145.02,-7.1,-164.52,316.64,875.0,875.0,875.0,875.0,364.09,370.14,370.06,364.42,1966.89,1955.0,1046.82,3500.0,1468.71,1.0,1.0,1.0,1.0,22.5,MAX_UNIFORM_COOL,68.2777
5,Opposing Thermal Zones,0,565,5650.0,23,1,10,11,1,92.68,83.01,HEAVY,285.37,VERY HIGH,HEAVY LOAD,88.52,79.5,HEAVY,274.9,VERY HIGH,HEAVY LOAD,89.84,80.95,HEAVY,278.73,VERY HIGH,HEAVY LOAD,88.27,81.9,HEAVY,278.19,VERY HIGH,HEAVY LOAD,15.9,4.63,LIGHT,71.82,LOW,RUNNING,17.95,5.39,LIGHT,75.52,LOW,RUNNING,16.08,4.29,LIGHT,71.53,LOW,RUNNING,18.18,5.42,LIGHT,75.85,LOW,RUNNING,87.49,79.4,HEAVY,273.46,VERY HIGH,HEAVY LOAD,90.21,82.24,HEAVY,281.12,VERY HIGH,HEAVY LOAD,29.46,54.0,294.2,0.25,22.0,COOLING,0.25,22.0,COOLING,0.25,22.0,COOLING,0.25,22.0,COOLING,26.161,26.146,26.241,24.849,25.849,26.241,24.849,1.392,1117.19,147.34,147.38,554.58,85.0,850.0,935.0,85.0,181.41,255.3,326.81,283.17,-144.89,-7.23,-164.65,316.77,875.0,875.0,875.0,875.0,363.71,370.41,369.54,364.52,1966.49,1955.0,1046.69,3500.0,1468.18,1.0,1.0,1.0,1.0,22.5,MAX_UNIFORM_COOL,68.882
5,Opposing Thermal Zones,0,566,5660.0,23,1,10,11,1,92.57,82.88,HEAVY,285.03,VERY HIGH,HEAVY LOAD,88.34,79.44,HEAVY,274.59,VERY HIGH,HEAVY LOAD,89.75,81.02,HEAVY,278.72,VERY HIGH,HEAVY LOAD,88.36,82.04,HEAVY,278.51,VERY HIGH,HEAVY LOAD,16.04,4.71,LIGHT,72.11,LOW,RUNNING,18.02,5.4,LIGHT,75.62,LOW,RUNNING,16.03,4.22,LIGHT,71.37,LOW,RUNNING,18.05,5.34,LIGHT,75.57,LOW,RUNNING,87.36,79.44,HEAVY,273.36,VERY HIGH,HEAVY LOAD,90.25,82.37,HEAVY,281.37,VERY HIGH,HEAVY LOAD,29.47,54.0,294.3,0.25,22.0,COOLING,0.25,22.0,COOLING,0.25,22.0,COOLING,0.25,22.0,COOLING,26.168,26.154,26.249,24.856,25.857,26.249,24.856,1.393,1116.85,147.73,146.94,554.73,85.0,850.0,935.0,85.0,181.5,255.41,326.93,283.29,-144.77,-7.36,-164.77,316.9,875.0,875.0,875.0,875.0,363.58,370.78,369.1,364.92,1966.25,1955.0,1047.13,3500.0,1468.38,1.0,1.0,1.0,1.0,22.5,MAX_UNIFORM_COOL,69.4915
5,Opposing Thermal Zones,0,567,5670.0,23,1,10,11,1,92.43,82.75,HEAVY,284.66,VERY HIGH,HEAVY LOAD,88.17,79.41,HEAVY,274.33,VERY HIGH,HEAVY LOAD,89.71,81.11,HEAVY,278.8,VERY HIGH,HEAVY LOAD,88.48,82.17,HEAVY,278.86,VERY HIGH,HEAVY LOAD,16.17,4.78,LIGHT,72.38,LOW,RUNNING,18.08,5.39,LIGHT,75.68,LOW,RUNNING,15.95,4.14,LIGHT,71.15,LOW,RUNNING,17.91,5.26,LIGHT,75.28,LOW,RUNNING,87.27,79.5,HEAVY,273.34,VERY HIGH,HEAVY LOAD,90.33,82.5,HEAVY,281.66,VERY HIGH,HEAVY LOAD,29.47,54.0,294.5,0.25,22.0,COOLING,0.25,22.0,COOLING,0.25,22.0,COOLING,0.25,22.0,COOLING,26.175,26.162,26.257,24.863,25.864,26.257,24.863,1.394,1116.65,148.06,146.43,555.0,85.0,850.0,935.0,85.0,181.43,255.35,326.94,283.26,-144.64,-7.48,-164.89,317.02,875.0,875.0,875.0,875.0,363.44,370.93,368.48,365.28,1966.14,1955.0,1046.98,3500.0,1468.13,1.0,1.0,1.0,1.0,22.5,MAX_UNIFORM_COOL,70.1037
5,Opposing Thermal Zones,0,568,5680.0,23,1,10,11,1,92.27,82.64,HEAVY,284.3,VERY HIGH,HEAVY LOAD,88.01,79.4,HEAVY,274.11,VERY HIGH,HEAVY LOAD,89.7,81.22,HEAVY,278.95,VERY HIGH,HEAVY LOAD,88.62,82.29,HEAVY,279.21,VERY HIGH,HEAVY LOAD,16.29,4.84,LIGHT,72.62,LOW,RUNNING,18.1,5.36,LIGHT,75.67,LOW,RUNNING,15.85,4.05,LIGHT,70.89,LOW,RUNNING,17.78,5.19,LIGHT,75.01,LOW,RUNNING,87.22,79.58,HEAVY,273.39,VERY HIGH,HEAVY LOAD,90.44,82.64,HEAVY,282.01,VERY HIGH,HEAVY LOAD,29.47,54.0,294.7,0.25,22.0,COOLING,0.25,22.0,COOLING,0.25,22.0,COOLING,0.25,22.0,COOLING,26.182,26.17,26.265,24.87,25.872,26.265,24.87,1.395,1116.57,148.29,145.9,555.4,85.0,850.0,935.0,85.0,181.35,255.31,326.94,283.24,-144.52,-7.6,-165.02,317.15,875.0,875.0,875.0,875.0,363.4,371.0,367.82,365.79,1966.16,1955.0,1046.84,3500.0,1468.01,1.0,1.0,1.0,1.0,22.5,MAX_UNIFORM_COOL,70.7198
5,Opposing Thermal Zones,0,569,5690.0,23,1,10,11,1,92.1,82.54,HEAVY,283.94,VERY HIGH,HEAVY LOAD,87.88,79.43,HEAVY,274.0,VERY HIGH,HEAVY LOAD,89.74,81.34,HEAVY,279.19,VERY HIGH,HEAVY LOAD,88.79,82.4,HEAVY,279.59,VERY HIGH,HEAVY LOAD,16.4,4.88,LIGHT,72.82,LOW,RUNNING,18.09,5.31,LIGHT,75.58,LOW,RUNNING,15.74,3.96,LIGHT,70.61,LOW,RUNNING,17.66,5.14,LIGHT,74.78,LOW,RUNNING,87.2,79.69,HEAVY,273.53,VERY HIGH,HEAVY LOAD,90.58,82.76,HEAVY,282.37,VERY HIGH,HEAVY LOAD,29.48,54.0,294.8,0.25,22.0,COOLING,0.25,22.0,COOLING,0.25,22.0,COOLING,0.25,22.0,COOLING,26.189,26.178,26.272,24.877,25.879,26.272,24.877,1.395,1116.72,148.4,145.39,555.9,85.0,850.0,935.0,85.0,181.46,255.41,327.07,283.36,-144.39,-7.73,-165.14,317.27,875.0,875.0,875.0,875.0,363.79,371.08,367.32,366.53,1966.41,1955.0,1047.3,3500.0,1468.72,1.0,1.0,1.0,1.0,22.5,MAX_UNIFORM_COOL,71.3092
5,Opposing Thermal Zones,0,570,5700.0,23,1,10,11,1,91.92,82.46,HEAVY,283.59,VERY HIGH,HEAVY LOAD,87.79,79.48,HEAVY,273.96,VERY HIGH,HEAVY LOAD,89.81,81.48,HEAVY,279.48,VERY HIGH,HEAVY LOAD,88.97,82.49,HEAVY,279.95,VERY HIGH,HEAVY LOAD,16.49,4.9,LIGHT,72.96,LOW,RUNNING,18.05,5.25,LIGHT,75.44,LOW,RUNNING,15.61,3.87,LIGHT,70.32,LOW,RUNNING,17.56,5.11,LIGHT,74.61,LOW,RUNNING,87.22,79.81,HEAVY,273.74,VERY HIGH,HEAVY LOAD,90.75,82.88,HEAVY,282.76,VERY HIGH,HEAVY LOAD,29.48,54.0,295.0,0.25,22.0,COOLING,0.25,22.0,COOLING,0.25,22.0,COOLING,0.25,22.0,COOLING,26.196,26.186,26.279,24.884,25.886,26.279,24.884,1.395,1116.98,148.4,144.93,556.5,85.0,850.0,935.0,85.0,181.38,255.37,327.09,283.34,-144.29,-7.97,-165.03,317.29,875.0,875.0,875.0,875.0,364.07,370.8,366.99,367.13,1966.81,1955.0,1047.18,3500.0,1468.99,1.0,1.0,1.0,1.0,22.5,MAX_UNIFORM_COOL,71.9016
5,Opposing Thermal Zones,0,571,5710.0,23,1,10,11,1,91.74,82.42,HEAVY,283.31,VERY HIGH,HEAVY LOAD,87.72,79.56,HEAVY,273.99,VERY HIGH,HEAVY LOAD,89.92,81.61,HEAVY,279.81,VERY HIGH,HEAVY LOAD,89.15,82.56,HEAVY,280.28,VERY HIGH,HEAVY LOAD,16.56,4.9,LIGHT,73.05,LOW,RUNNING,17.99,5.18,LIGHT,75.26,LOW,RUNNING,15.47,3.79,LIGHT,70.02,LOW,RUNNING,17.48,5.1,LIGHT,74.5,LOW,RUNNING,87.29,79.94,HEAVY,274.02,VERY HIGH,HEAVY LOAD,90.92,82.97,HEAVY,283.11,VERY HIGH,HEAVY LOAD,29.48,54.0,295.2,0.25,22.0,COOLING,0.25,22.0,COOLING,0.25,22.0,COOLING,0.25,22.0,COOLING,26.203,26.194,26.286,24.892,25.894,26.286,24.892,1.394,1117.39,148.31,144.52,557.13,85.0,850.0,935.0,85.0,181.31,255.32,327.12,283.31,-144.18,-8.2,-164.92,317.3,875.0,875.0,875.0,875.0,364.52,370.43,366.72,367.74,1967.35,1955.0,1047.06,3500.0,1469.41,1.0,1.0,1.0,1.0,22.5,MAX_UNIFORM_COOL,72.4968
5,Opposing Thermal Zones,0,572,5720.0,23,1,10,11,1,91.58,82.4,HEAVY,283.07,VERY HIGH,HEAVY LOAD,87.7,79.67,HEAVY,274.13,VERY HIGH,HEAVY LOAD,90.05,81.74,HEAVY,280.17,VERY HIGH,HEAVY LOAD,89.32,82.59,HEAVY,280.53,VERY HIGH,HEAVY LOAD,16.59,4.88,LIGHT,73.06,LOW,RUNNING,17.9,5.09,LIGHT,75.01,LOW,RUNNING,15.34,3.72,LIGHT,69.75,LOW,RUNNING,17.43,5.11,LIGHT,74.45,LOW,RUNNING,87.39,80.08,HEAVY,274.36,VERY HIGH,HEAVY LOAD,91.1,83.04,HEAVY,283.44,VERY HIGH,HEAVY LOAD,29.49,54.0,295.3,0.25,22.0,COOLING,0.25,22.0,COOLING,0.25,22.0,COOLING,0.25,22.0,COOLING,26.21,26.202,26.293,24.9,25.901,26.293,24.9,1.393,1117.9,148.07,144.2,557.8,85.0,850.0,935.0,85.0,181.41,255.42,327.28,283.42,-143.95,-8.42,-164.71,317.08,875.0,875.0,875.0,875.0,365.36,370.07,366.77,368.3,1967.97,1955.0,1047.53,3500.0,1470.5,1.0,1.0,1.0,1.0,22.5,MAX_UNIFORM_COOL,73.0982
5,Opposing Thermal Zones,0,573,5730.0,23,1,10,11,1,91.44,82.41,HEAVY,282.92,VERY HIGH,HEAVY LOAD,87.72,79.79,HEAVY,274.33,VERY HIGH,HEAVY LOAD,90.21,81.86,HEAVY,280.55,VERY HIGH,HEAVY LOAD,89.47,82.6,HEAVY,280.74,VERY HIGH,HEAVY LOAD,16.6,4.84,LIGHT,73.01,LOW,RUNNING,17.79,5.0,LIGHT,74.74,LOW,RUNNING,15.22,3.67,LIGHT,69.53,LOW,RUNNING,17.4,5.14,LIGHT,74.46,LOW,RUNNING,87.52,80.21,HEAVY,274.71,VERY HIGH,HEAVY LOAD,91.27,83.09,HEAVY,283.72,VERY HIGH,HEAVY LOAD,29.49,54.0,295.5,0.25,22.0,COOLING,0.25,22.0,COOLING,0.25,22.0,COOLING,0.25,22.0,COOLING,26.217,26.21,26.3,24.908,25.909,26.3,24.908,1.392,1118.54,147.75,143.99,558.43,85.0,850.0,935.0,85.0,181.33,255.38,327.3,283.38,-143.74,-8.64,-164.48,316.86,875.0,875.0,875.0,875.0,366.13,369.49,366.81,368.67,1968.71,1955.0,1047.39,3500.0,1471.1,1.0,1.0,1.0,1.0,22.5,MAX_UNIFORM_COOL,73.7024
5,Opposing Thermal Zones,0,574,5740.0,23,1,10,11,1,91.33,82.45,HEAVY,282.84,VERY HIGH,HEAVY LOAD,87.77,79.92,HEAVY,274.59,VERY HIGH,HEAVY LOAD,90.39,81.95,HEAVY,280.91,VERY HIGH,HEAVY LOAD,89.61,82.58,HEAVY,280.88,VERY HIGH,HEAVY LOAD,16.58,4.78,LIGHT,72.89,LOW,RUNNING,17.67,4.91,LIGHT,74.45,LOW,RUNNING,15.11,3.62,LIGHT,69.32,LOW,RUNNING,17.41,5.18,LIGHT,74.53,LOW,RUNNING,87.67,80.33,HEAVY,275.08,VERY HIGH,HEAVY LOAD,91.44,83.1,HEAVY,283.95,VERY HIGH,HEAVY LOAD,29.49,54.0,295.7,0.25,22.0,COOLING,0.25,22.0,COOLING,0.25,22.0,COOLING,0.25,22.0,COOLING,26.224,26.218,26.307,24.916,25.916,26.307,24.916,1.391,1119.22,147.34,143.85,559.03,85.0,850.0,935.0,85.0,181.26,255.33,327.32,283.32,-143.51,-8.86,-164.26,316.64,875.0,875.0,875.0,875.0,366.97,368.81,366.91,368.99,1969.44,1955.0,1047.23,3500.0,1471.68,1.0,1.0,1.0,1.0,22.5,MAX_UNIFORM_COOL,74.3104
5,Opposing Thermal Zones,0,575,5750.0,23,1,10,11,1,91.25,82.52,HEAVY,282.84,VERY HIGH,HEAVY LOAD,87.86,80.05,HEAVY,274.9,VERY HIGH,HEAVY LOAD,90.57,82.03,HEAVY,281.26,VERY HIGH,HEAVY LOAD,89.71,82.52,HEAVY,280.92,VERY HIGH,HEAVY LOAD,16.52,4.71,LIGHT,72.72,LOW,RUNNING,17.54,4.83,LIGHT,74.17,LOW,RUNNING,15.02,3.6,LIGHT,69.17,LOW,RUNNING,17.44,5.24,LIGHT,74.66,LOW,RUNNING,87.84,80.43,HEAVY,275.44,VERY HIGH,HEAVY LOAD,91.57,83.08,HEAVY,284.08,VERY HIGH,HEAVY LOAD,29.5,54.0,295.8,0.25,22.0,COOLING,0.25,22.0,COOLING,0.25,22.0,COOLING,0.25,22.0,COOLING,26.232,26.226,26.314,24.924,25.924,26.314,24.924,1.39,1119.92,146.89,143.83,559.52,85.0,850.0,935.0,85.0,181.35,255.44,327.47,283.44,-143.3,-9.08,-164.04,316.42,875.0,875.0,875.0,875.0,367.97,368.25,367.26,369.38,1970.16,1955.0,1047.7,3500.0,1472.86,1.0,1.0,1.0,1.0,22.5,MAX_UNIFORM_COOL,74.9501
5,Opposing Thermal Zones,0,576,5760.0,23,1,10,11,1,91.21,82.62,HEAVY,282.94,VERY HIGH,HEAVY LOAD,87.99,80.18,HEAVY,275.26,VERY HIGH,HEAVY LOAD,90.74,82.08,HEAVY,281.55,VERY HIGH,HEAVY LOAD,89.77,82.44,HEAVY,280.87,VERY HIGH,HEAVY LOAD,16.44,4.63,LIGHT,72.5,LOW,RUNNING,17.4,4.75,LIGHT,73.88,LOW,RUNNING,14.95,3.6,LIGHT,69.09,LOW,RUNNING,17.5,5.32,LIGHT,74.86,LOW,RUNNING,88.02,80.51,HEAVY,275.79,VERY HIGH,HEAVY LOAD,91.68,83.04,HEAVY,284.16,VERY HIGH,HEAVY LOAD,29.5,54.0,296.0,0.25,22.0,COOLING,0.25,22.0,COOLING,0.25,22.0,COOLING,0.25,22.0,COOLING,26.24,26.234,26.322,24.932,25.932,26.322,24.932,1.39,1120.62,146.38,143.95,559.95,85.0,850.0,935.0,85.0,181.26,255.39,327.5,283.38,-143.31,-9.19,-163.81,316.31,875.0,875.0,875.0,875.0,368.57,367.58,367.64,369.64,1970.9,1955.0,1047.53,3500.0,1473.43,1.0,1.0,1.0,1.0,22.5,MAX_UNIFORM_COOL,75.6259
5,Opposing Thermal Zones,0,577,5770.0,23,1,10,11,1,91.2,82.73,HEAVY,283.1,VERY HIGH,HEAVY LOAD,88.14,80.3,HEAVY,275.62,VERY HIGH,HEAVY LOAD,90.91,82.1,HEAVY,281.79,VERY HIGH,HEAVY LOAD,89.8,82.34,HEAVY,280.76,VERY HIGH,HEAVY LOAD,16.34,4.54,LIGHT,72.23,LOW,RUNNING,17.27,4.69,LIGHT,73.62,LOW,RUNNING,14.91,3.62,LIGHT,69.07,LOW,RUNNING,17.59,5.4,LIGHT,75.09,LOW,RUNNING,88.2,80.57,HEAVY,276.11,VERY HIGH,HEAVY LOAD,91.76,82.97,HEAVY,284.16,VERY HIGH,HEAVY LOAD,29.5,54.0,296.2,0.25,22.0,COOLING,0.25,22.0,COOLING,0.25,22.0,COOLING,0.25,22.0,COOLING,26.248,26.241,26.33,24.94,25.94,26.33,24.94,1.39,1121.27,145.85,144.16,560.27,85.0,850.0,935.0,85.0,181.17,255.34,327.51,283.33,-143.31,-9.19,-163.81,316.31,875.0,875.0,875.0,875.0,369.13,367.0,367.86,369.91,1971.55,1955.0,1047.35,3500.0,1473.9,1.0,1.0,1.0,1.0,22.5,MAX_UNIFORM_COOL,76.2794
5,Opposing Thermal Zones,0,578,5780.0,23,1,10,11,1,91.24,82.86,HEAVY,283.34,VERY HIGH,HEAVY LOAD,88.31,80.41,HEAVY,276.0,VERY HIGH,HEAVY LOAD,91.05,82.09,HEAVY,281.95,VERY HIGH,HEAVY LOAD,89.79,82.23,HEAVY,280.58,VERY HIGH,HEAVY LOAD,16.23,4.45,LIGHT,71.96,LOW,RUNNING,17.15,4.64,LIGHT,73.4,LOW,RUNNING,14.9,3.66,LIGHT,69.11,LOW,RUNNING,17.7,5.49,LIGHT,75.36,LOW,RUNNING,88.36,80.6,HEAVY,276.35,VERY HIGH,HEAVY LOAD,91.8,82.87,HEAVY,284.06,VERY HIGH,HEAVY LOAD,29.51,54.0,296.3,0.25,22.0,COOLING,0.25,22.0,COOLING,0.25,22.0,COOLING,0.25,22.0,COOLING,26.256,26.248,26.338,24.948,25.948,26.338,24.948,1.39,1121.87,145.36,144.47,560.41,85.0,850.0,935.0,85.0,181.24,255.47,327.63,283.45,-143.42,-8.95,-163.92,316.29,875.0,875.0,875.0,875.0,369.69,366.88,368.18,370.15,1972.11,1955.0,1047.79,3500.0,1474.9,1.0,1.0,1.0,1.0,22.5,MAX_UNIFORM_COOL,76.9387
5,Opposing Thermal Zones,0,579,5790.0,23,1,10,11,1,91.32,82.99,HEAVY,283.63,VERY HIGH,HEAVY LOAD,88.48,80.5,HEAVY,276.35,VERY HIGH,HEAVY LOAD,91.16,82.05,HEAVY,282.02,VERY HIGH,HEAVY LOAD,89.73,82.1,HEAVY,280.31,VERY HIGH,HEAVY LOAD,16.1,4.37,LIGHT,71.68,LOW,RUNNING,17.05,4.61,LIGHT,73.23,LOW,RUNNING,14.92,3.71,LIGHT,69.22,LOW,RUNNING,17.82,5.58,LIGHT,75.65,LOW,RUNNING,88.51,80.6,HEAVY,276.54,VERY HIGH,HEAVY LOAD,91.79,82.76,HEAVY,283.88,VERY HIGH,HEAVY LOAD,29.51,54.0,296.5,0.25,22.0,COOLING,0.25,22.0,COOLING,0.25,22.0,COOLING,0.25,22.0,COOLING,26.264,26.255,26.346,24.956,25.955,26.346,24.956,1.39,1122.31,144.91,144.87,560.42,85.0,850.0,935.0,85.0,181.15,255.44,327.64,283.39,-143.53,-8.72,-164.03,316.28,875.0,875.0,875.0,875.0,369.93,366.63,368.48,370.09,1972.51,1955.0,1047.62,3500.0,1475.13,1.0,1.0,1.0,1.0,22.5,MAX_UNIFORM_COOL,77.6007
5,Opposing Thermal Zones,0,580,5800.0,23,1,10,11,1,91.43,83.12,HEAVY,283.97,VERY HIGH,HEAVY LOAD,88.66,80.56,HEAVY,276.66,VERY HIGH,HEAVY LOAD,91.25,81.98,HEAVY,282.03,VERY HIGH,HEAVY LOAD,89.64,81.96,HEAVY,279.99,VERY HIGH,HEAVY LOAD,15.96,4.29,LIGHT,71.39,LOW,RUNNING,16.98,4.6,LIGHT,73.12,LOW,RUNNING,14.97,3.78,LIGHT,69.38,LOW,RUNNING,17.95,5.66,LIGHT,75.93,LOW,RUNNING,88.64,80.56,HEAVY,276.64,VERY HIGH,HEAVY LOAD,91.75,82.63,HEAVY,283.63,VERY HIGH,HEAVY LOAD,29.51,54.0,296.7,0.25,22.0,COOLING,0.25,22.0,COOLING,0.25,22.0,COOLING,0.25,22.0,COOLING,26.272,26.262,26.354,24.964,25.963,26.354,24.964,1.39,1122.65,144.51,145.31,560.27,85.0,850.0,935.0,85.0,181.05,255.42,327.64,283.35,-143.64,-8.48,-164.14,316.27,875.0,875.0,875.0,875.0,370.06,366.45,368.81,369.89,1972.74,1955.0,1047.46,3500.0,1475.21,1.0,1.0,1.0,1.0,22.5,MAX_UNIFORM_COOL,78.2666
5,Opposing Thermal Zones,0,581,5810.0,23,1,10,11,1,91.57,83.25,HEAVY,284.34,VERY HIGH,HEAVY LOAD,88.83,80.59,HEAVY,276.92,VERY HIGH,HEAVY LOAD,91.29,81.89,HEAVY,281.95,VERY HIGH,HEAVY LOAD,89.52,81.83,HEAVY,279.64,VERY HIGH,HEAVY LOAD,15.83,4.22,LIGHT,71.12,LOW,RUNNING,16.92,4.61,LIGHT,73.07,LOW,RUNNING,15.05,3.86,LIGHT,69.6,LOW,RUNNING,18.09,5.74,LIGHT,76.22,LOW,RUNNING,88.73,80.5,HEAVY,276.66,VERY HIGH,HEAVY LOAD,91.67,82.5,HEAVY,283.34,VERY HIGH,HEAVY LOAD,29.52,54.0,296.8,0.25,22.0,COOLING,0.25,22.0,COOLING,0.25,22.0,COOLING,0.25,22.0,COOLING,26.28,26.269,26.362,24.972,25.971,26.362,24.972,1.39,1122.85,144.19,145.82,560.0,85.0,850.0,935.0,85.0,181.13,255.55,327.77,283.45,-143.75,-8.25,-164.25,316.25,875.0,875.0,875.0,875.0,370.23,366.49,369.34,369.7,1972.86,1955.0,1047.9,3500.0,1475.76,1.0,1.0,1.0,1.0,22.5,MAX_UNIFORM_COOL,78.9384
5,Opposing Thermal Zones,0,582,5820.0,23,1,10,11,1,91.73,83.36,HEAVY,284.7,VERY HIGH,HEAVY LOAD,88.99,80.6,HEAVY,277.14,VERY HIGH,HEAVY LOAD,91.3,81.78,HEAVY,281.8,VERY HIGH,HEAVY LOAD,89.38,81.71,HEAVY,279.29,VERY HIGH,HEAVY LOAD,15.71,4.16,LIGHT,70.88,LOW,RUNNING,16.9,4.64,LIGHT,73.08,LOW,RUNNING,15.15,3.95,LIGHT,69.86,LOW,RUNNING,18.22,5.81,LIGHT,76.49,LOW,RUNNING,88.78,80.42,HEAVY,276.61,VERY HIGH,HEAVY LOAD,91.56,82.36,HEAVY,282.99,VERY HIGH,HEAVY LOAD,29.52,54.0,297.0,0.25,22.0,COOLING,0.25,22.0,COOLING,0.25,22.0,COOLING,0.25,22.0,COOLING,26.288,26.276,26.37,24.98,25.979,26.37,24.98,1.39,1122.93,143.96,146.35,559.6,85.0,850.0,935.0,85.0,181.04,255.52,327.78,283.4,-143.86,-8.01,-164.36,316.23,875.0,875.0,875.0,875.0,370.11,366.47,369.77,369.23,1972.84,1955.0,1047.74,3500.0,1475.58,1.0,1.0,1.0,1.0,22.5,MAX_UNIFORM_COOL,79.6126
5,Opposing Thermal Zones,0,583,5830.0,23,1,10,11,1,91.9,83.46,HEAVY,285.06,VERY HIGH,HEAVY LOAD,89.12,80.57,HEAVY,277.25,VERY HIGH,HEAVY LOAD,91.26,81.66,HEAVY,281.56,VERY HIGH,HEAVY LOAD,89.21,81.6,HEAVY,278.91,VERY HIGH,HEAVY LOAD,15.6,4.12,LIGHT,70.68,LOW,RUNNING,16.91,4.69,LIGHT,73.17,LOW,RUNNING,15.26,4.04,LIGHT,70.14,LOW,RUNNING,18.34,5.86,LIGHT,76.72,LOW,RUNNING,88.8,80.31,HEAVY,276.47,VERY HIGH,HEAVY LOAD,91.42,82.24,HEAVY,282.63,VERY HIGH,HEAVY LOAD,29.52,54.0,297.2,0.25,22.0,COOLING,0.25,22.0,COOLING,0.25,22.0,COOLING,0.25,22.0,COOLING,26.296,26.283,26.378,24.988,25.986,26.378,24.988,1.39,1122.78,143.85,146.86,559.1,85.0,850.0,935.0,85.0,180.94,255.5,327.77,283.36,-143.97,-7.78,-164.47,316.22,875.0,875.0,875.0,875.0,369.75,366.57,370.16,368.68,1972.59,1955.0,1047.57,3500.0,1475.16,1.0,1.0,1.0,1.0,22.5,MAX_UNIFORM_COOL,80.2902
5,Opposing Thermal Zones,0,584,5840.0,23,1,10,11,1,92.08,83.54,HEAVY,285.41,VERY HIGH,HEAVY LOAD,89.21,80.52,HEAVY,277.29,VERY HIGH,HEAVY LOAD,91.19,81.52,HEAVY,281.27,VERY HIGH,HEAVY LOAD,89.03,81.51,HEAVY,278.55,VERY HIGH,HEAVY LOAD,15.51,4.1,LIGHT,70.54,LOW,RUNNING,16.95,4.75,LIGHT,73.31,LOW,RUNNING,15.39,4.13,LIGHT,70.43,LOW,RUNNING,18.44,5.89,LIGHT,76.88,LOW,RUNNING,88.78,80.19,HEAVY,276.26,VERY HIGH,HEAVY LOAD,91.25,82.12,HEAVY,282.24,VERY HIGH,HEAVY LOAD,29.53,54.0,297.3,0.25,22.0,COOLING,0.25,22.0,COOLING,0.25,22.0,COOLING,0.25,22.0,COOLING,26.304,26.29,26.386,24.996,25.994,26.386,24.996,1.39,1122.52,143.85,147.31,558.5,85.0,850.0,935.0,85.0,181.02,255.62,327.91,283.46,-144.08,-7.55,-164.58,316.21,875.0,875.0,875.0,875.0,369.46,366.92,370.64,368.17,1972.18,1955.0,1048.01,3500.0,1475.19,1.0,1.0,1.0,1.0,22.5,MAX_UNIFORM_COOL,80.9734
5,Opposing Thermal Zones,0,585,5850.0,23,1,10,11,1,92.26,83.58,HEAVY,285.7,VERY HIGH,HEAVY LOAD,89.28,80.44,HEAVY,277.26,VERY HIGH,HEAVY LOAD,91.08,81.39,HEAVY,280.94,VERY HIGH,HEAVY LOAD,88.85,81.44,HEAVY,278.22,VERY HIGH,HEAVY LOAD,15.44,4.1,LIGHT,70.45,LOW,RUNNING,17.01,4.82,LIGHT,73.49,LOW,RUNNING,15.53,4.21,LIGHT,70.73,LOW,RUNNING,18.52,5.9,LIGHT,77.0,LOW,RUNNING,88.71,80.06,HEAVY,275.98,VERY HIGH,HEAVY LOAD,91.08,82.03,HEAVY,281.89,VERY HIGH,HEAVY LOAD,29.53,54.0,297.5,0.25,22.0,COOLING,0.25,22.0,COOLING,0.25,22.0,COOLING,0.25,22.0,COOLING,26.312,26.297,26.394,25.003,26.002,26.394,25.003,1.391,1122.12,143.94,147.73,557.87,85.0,850.0,935.0,85.0,180.92,255.6,327.91,283.42,-144.19,-7.31,-164.69,316.19,875.0,875.0,875.0,875.0,368.85,367.23,370.95,367.48,1971.66,1955.0,1047.85,3500.0,1474.51,1.0,1.0,1.0,1.0,22.5,MAX_UNIFORM_COOL,81.6598
5,Opposing Thermal Zones,0,586,5860.0,23,1,10,11,1,92.42,83.6,HEAVY,285.93,VERY HIGH,HEAVY LOAD,89.3,80.33,HEAVY,277.12,VERY HIGH,HEAVY LOAD,90.95,81.26,HEAVY,280.58,VERY HIGH,HEAVY LOAD,88.68,81.41,HEAVY,277.97,VERY HIGH,HEAVY LOAD,15.41,4.12,LIGHT,70.44,LOW,RUNNING,17.1,4.91,LIGHT,73.74,LOW,RUNNING,15.66,4.28,LIGHT,71.0,LOW,RUNNING,18.57,5.89,LIGHT,77.05,LOW,RUNNING,88.61,79.92,HEAVY,275.64,VERY HIGH,HEAVY LOAD,90.9,81.96,HEAVY,281.56,VERY HIGH,HEAVY LOAD,29.53,54.0,297.7,0.25,22.0,COOLING,0.25,22.0,COOLING,0.25,22.0,COOLING,0.25,22.0,COOLING,26.32,26.305,26.402,25.01,26.009,26.402,25.01,1.392,1121.6,144.18,148.05,557.2,85.0,850.0,935.0,85.0,180.83,255.57,327.91,283.39,-144.41,-7.09,-164.91,316.41,875.0,875.0,875.0,875.0,368.02,367.66,371.05,367.0,1971.03,1955.0,1047.7,3500.0,1473.73,1.0,1.0,1.0,1.0,22.5,MAX_UNIFORM_COOL,82.3765
5,Opposing Thermal Zones,0,587,5870.0,23,1,10,11,1,92.56,83.59,HEAVY,286.09,VERY HIGH,HEAVY LOAD,89.28,80.21,HEAVY,276.92,VERY HIGH,HEAVY LOAD,90.79,81.14,HEAVY,280.2,VERY HIGH,HEAVY LOAD,88.53,81.4,HEAVY,277.76,VERY HIGH,HEAVY LOAD,15.4,4.16,LIGHT,70.49,LOW,RUNNING,17.21,5.0,LIGHT,74.01,LOW,RUNNING,15.78,4.33,LIGHT,71.22,LOW,RUNNING,18.6,5.86,LIGHT,77.04,LOW,RUNNING,88.48,79.79,HEAVY,275.29,VERY HIGH,HEAVY LOAD,90.73,81.91,HEAVY,281.28,VERY HIGH,HEAVY LOAD,29.54,54.0,297.8,0.25,22.0,COOLING,0.25,22.0,COOLING,0.25,22.0,COOLING,0.25,22.0,COOLING,26.327,26.313,26.41,25.017,26.017,26.41,25.017,1.393,1120.97,144.5,148.26,556.57,85.0,850.0,935.0,85.0,180.9,255.67,328.04,283.51,-144.52,-7.1,-165.02,316.64,875.0,875.0,875.0,875.0,367.35,368.07,371.28,366.72,1970.3,1955.0,1048.12,3500.0,1473.42,1.0,1.0,1.0,1.0,22.5,MAX_UNIFORM_COOL,83.0704
5,Opposing Thermal Zones,0,588,5880.0,23,1,10,11,1,92.67,83.55,HEAVY,286.16,VERY HIGH,HEAVY LOAD,89.23,80.08,HEAVY,276.66,VERY HIGH,HEAVY LOAD,90.61,81.05,HEAVY,279.84,VERY HIGH,HEAVY LOAD,88.39,81.42,HEAVY,277.62,VERY HIGH,HEAVY LOAD,15.42,4.22,LIGHT,70.61,LOW,RUNNING,17.33,5.09,LIGHT,74.3,LOW,RUNNING,15.89,4.38,LIGHT,71.43,LOW,RUNNING,18.59,5.82,LIGHT,76.97,LOW,RUNNING,88.33,79.67,HEAVY,274.92,VERY HIGH,HEAVY LOAD,90.56,81.9,HEAVY,281.05,VERY HIGH,HEAVY LOAD,29.54,54.0,298.0,0.25,22.0,COOLING,0.25,22.0,COOLING,0.25,22.0,COOLING,0.25,22.0,COOLING,26.334,26.321,26.418,25.024,26.024,26.418,25.024,1.394,1120.28,144.91,148.4,555.97,85.0,850.0,935.0,85.0,180.83,255.63,328.04,283.49,-144.4,-7.23,-165.15,316.77,875.0,875.0,875.0,875.0,366.71,368.31,371.29,366.23,1969.56,1955.0,1047.99,3500.0,1472.54,1.0,1.0,1.0,1.0,22.5,MAX_UNIFORM_COOL,83.7669
5,Opposing Thermal Zones,0,589,5890.0,23,1,10,11,1,92.75,83.48,HEAVY,286.16,VERY HIGH,HEAVY LOAD,89.14,79.95,HEAVY,276.35,VERY HIGH,HEAVY LOAD,90.43,80.97,HEAVY,279.49,VERY HIGH,HEAVY LOAD,88.29,81.48,HEAVY,277.58,VERY HIGH,HEAVY LOAD,15.48,4.29,LIGHT,70.78,LOW,RUNNING,17.46,5.17,LIGHT,74.58,LOW,RUNNING,15.98,4.4,LIGHT,71.57,LOW,RUNNING,18.56,5.76,LIGHT,76.84,LOW,RUNNING,88.16,79.57,HEAVY,274.55,VERY HIGH,HEAVY LOAD,90.43,81.92,HEAVY,280.92,VERY HIGH,HEAVY LOAD,29.55,54.0,298.2,0.25,22.0,COOLING,0.25,22.0,COOLING,0.25,22.0,COOLING,0.25,22.0,COOLING,26.341,26.329,26.426,25.031,26.032,26.426,25.031,1.395,1119.58,145.36,148.41,555.47,85.0,850.0,935.0,85.0,180.97,255.8,328.27,283.69,-144.27,-7.36,-165.27,316.89,875.0,875.0,875.0,875.0,366.28,368.8,371.41,366.05,1968.82,1955.0,1048.73,3500.0,1472.54,1.0,1.0,1.0,1.0,22.5,MAX_UNIFORM_COOL,84.4694
5,Opposing Thermal Zones,0,590,5900.0,23,1,10,11,1,92.79,83.38,HEAVY,286.06,VERY HIGH,HEAVY LOAD,89.01,79.82,HEAVY,275.99,VERY HIGH,HEAVY LOAD,90.26,80.92,HEAVY,279.2,VERY HIGH,HEAVY LOAD,88.23,81.56,HEAVY,277.63,VERY HIGH,HEAVY LOAD,15.56,4.37,LIGHT,71.01,LOW,RUNNING,17.6,5.25,LIGHT,74.88,LOW,RUNNING,16.05,4.4,LIGHT,71.66,LOW,RUNNING,18.5,5.68,LIGHT,76.64,LOW,RUNNING,87.98,79.49,HEAVY,274.21,VERY HIGH,HEAVY LOAD,90.32,81.96,HEAVY,280.84,VERY HIGH,HEAVY LOAD,29.55,54.0,298.3,0.25,22.0,COOLING,0.25,22.0,COOLING,0.25,22.0,COOLING,0.25,22.0,COOLING,26.348,26.337,26.434,25.038,26.039,26.434,25.038,1.396,1118.88,145.89,148.3,555.05,85.0,850.0,935.0,85.0,180.85,255.69,328.18,283.6,-144.15,-7.48,-165.39,317.02,875.0,875.0,875.0,875.0,365.58,369.1,371.09,365.67,1968.12,1955.0,1048.32,3500.0,1471.44,1.0,1.0,1.0,1.0,22.5,MAX_UNIFORM_COOL,85.1724
5,Opposing Thermal Zones,0,591,5910.0,23,1,10,11,1,92.8,83.27,HEAVY,285.9,VERY HIGH,HEAVY LOAD,88.86,79.7,HEAVY,275.62,VERY HIGH,HEAVY LOAD,90.09,80.9,HEAVY,278.96,VERY HIGH,HEAVY LOAD,88.2,81.66,HEAVY,277.74,VERY HIGH,HEAVY LOAD,15.66,4.46,LIGHT,71.27,LOW,RUNNING,17.73,5.31,LIGHT,75.13,LOW,RUNNING,16.09,4.38,LIGHT,71.68,LOW,RUNNING,18.41,5.6,LIGHT,76.41,LOW,RUNNING,87.8,79.43,HEAVY,273.9,VERY HIGH,HEAVY LOAD,90.24,82.03,HEAVY,280.85,VERY HIGH,HEAVY LOAD,29.55,54.0,298.5,0.25,22.0,COOLING,0.25,22.0,COOLING,0.25,22.0,COOLING,0.25,22.0,COOLING,26.355,26.345,26.442,25.045,26.047,26.442,25.045,1.397,1118.22,146.4,148.09,554.75,85.0,850.0,935.0,85.0,180.78,255.64,328.18,283.57,-144.02,-7.6,-165.52,317.14,875.0,875.0,875.0,875.0,364.98,369.44,370.75,365.46,1967.46,1955.0,1048.17,3500.0,1470.63,1.0,1.0,1.0,1.0,22.5,MAX_UNIFORM_COOL,85.8797
5,Opposing Thermal Zones,0,592,5920.0,23,1,10,11,1,92.76,83.14,HEAVY,285.66,VERY HIGH,HEAVY LOAD,88.69,79.59,HEAVY,275.25,VERY HIGH,HEAVY LOAD,89.95,80.91,HEAVY,278.8,VERY HIGH,HEAVY LOAD,88.21,81.77,HEAVY,277.92,VERY HIGH,HEAVY LOAD,15.77,4.55,LIGHT,71.54,LOW,RUNNING,17.85,5.36,LIGHT,75.35,LOW,RUNNING,16.1,4.34,LIGHT,71.64,LOW,RUNNING,18.3,5.51,LIGHT,76.14,LOW,RUNNING,87.64,79.4,HEAVY,273.65,VERY HIGH,HEAVY LOAD,90.2,82.13,HEAVY,280.94,VERY HIGH,HEAVY LOAD,29.56,54.0,298.7,0.25,22.0,COOLING,0.25,22.0,COOLING,0.25,22.0,COOLING,0.25,22.0,COOLING,26.362,26.353,26.45,25.052,26.054,26.45,25.052,1.398,1117.63,146.89,147.78,554.59,85.0,850.0,935.0,85.0,180.92,255.81,328.4,283.76,-143.9,-7.73,-165.64,317.27,875.0,875.0,875.0,875.0,364.65,369.97,370.54,365.62,1966.89,1955.0,1048.89,3500.0,1470.78,1.0,1.0,1.0,1.0,22.5,MAX_UNIFORM_COOL,86.5932
5,Opposing Thermal Zones,0,593,5930.0,23,1,10,11,1,92.68,83.01,HEAVY,285.37,VERY HIGH,HEAVY LOAD,88.52,79.5,HEAVY,274.9,VERY HIGH,HEAVY LOAD,89.84,80.95,HEAVY,278.73,VERY HIGH,HEAVY LOAD,88.27,81.9,HEAVY,278.19,VERY HIGH,HEAVY LOAD,15.9,4.63,LIGHT,71.82,LOW,RUNNING,17.95,5.39,LIGHT,75.52,LOW,RUNNING,16.08,4.29,LIGHT,71.53,LOW,RUNNING,18.18,5.42,LIGHT,75.85,LOW,RUNNING,87.49,79.4,HEAVY,273.46,VERY HIGH,HEAVY LOAD,90.21,82.24,HEAVY,281.12,VERY HIGH,HEAVY LOAD,29.56,54.0,298.8,0.25,22.0,COOLING,0.25,22.0,COOLING,0.25,22.0,COOLING,0.25,22.0,COOLING,26.369,26.361,26.458,25.059,26.062,26.458,25.059,1.399,1117.19,147.34,147.38,554.58,85.0,850.0,935.0,85.0,180.81,255.7,328.31,283.67,-143.77,-7.86,-165.77,317.39,875.0,875.0,875.0,875.0,364.23,370.18,369.92,365.64,1966.49,1955.0,1048.49,3500.0,1469.97,1.0,1.0,1.0,1.0,22.5,MAX_UNIFORM_COOL,87.3074
5,Opposing Thermal Zones,0,594,5940.0,23,1,10,11,1,92.57,82.88,HEAVY,285.03,VERY HIGH,HEAVY LOAD,88.34,79.44,HEAVY,274.59,VERY HIGH,HEAVY LOAD,89.75,81.02,HEAVY,278.72,VERY HIGH,HEAVY LOAD,88.36,82.04,HEAVY,278.51,VERY HIGH,HEAVY LOAD,16.04,4.71,LIGHT,72.11,LOW,RUNNING,18.02,5.4,LIGHT,75.62,LOW,RUNNING,16.03,4.22,LIGHT,71.37,LOW,RUNNING,18.05,5.34,LIGHT,75.57,LOW,RUNNING,87.36,79.44,HEAVY,273.36,VERY HIGH,HEAVY LOAD,90.25,82.37,HEAVY,281.37,VERY HIGH,HEAVY LOAD,29.56,54.0,299.0,0.25,22.0,COOLING,0.25,22.0,COOLING,0.25,22.0,COOLING,0.25,22.0,COOLING,26.376,26.369,26.466,25.066,26.069,26.466,25.066,1.4,1116.85,147.73,146.94,554.73,85.0,850.0,935.0,85.0,180.73,255.66,328.31,283.65,-143.64,-7.98,-165.89,317.52,875.0,875.0,875.0,875.0,363.94,370.41,369.36,365.9,1966.25,1955.0,1048.35,3500.0,1469.61,1.0,1.0,1.0,1.0,22.5,MAX_UNIFORM_COOL,88.0263
5,Opposing Thermal Zones,0,595,5950.0,23,1,10,11,1,92.43,82.75,HEAVY,284.66,VERY HIGH,HEAVY LOAD,88.17,79.41,HEAVY,274.33,VERY HIGH,HEAVY LOAD,89.71,81.11,HEAVY,278.8,VERY HIGH,HEAVY LOAD,88.48,82.17,HEAVY,278.86,VERY HIGH,HEAVY LOAD,16.17,4.78,LIGHT,72.38,LOW,RUNNING,18.08,5.39,LIGHT,75.68,LOW,RUNNING,15.95,4.14,LIGHT,71.15,LOW,RUNNING,17.91,5.26,LIGHT,75.28,LOW,RUNNING,87.27,79.5,HEAVY,273.34,VERY HIGH,HEAVY LOAD,90.33,82.5,HEAVY,281.66,VERY HIGH,HEAVY LOAD,29.57,54.0,299.2,0.25,22.0,COOLING,0.25,22.0,COOLING,0.25,22.0,COOLING,0.25,22.0,COOLING,26.383,26.377,26.474,25.073,26.077,26.474,25.073,1.401,1116.65,148.06,146.43,555.0,85.0,850.0,935.0,85.0,180.87,255.82,328.54,283.84,-143.52,-8.1,-166.02,317.65,875.0,875.0,875.0,875.0,364.0,370.78,368.95,366.49,1966.14,1955.0,1049.07,3500.0,1470.22,1.0,1.0,1.0,1.0,22.5,MAX_UNIFORM_COOL,88.7516
5,Opposing Thermal Zones,0,596,5960.0,23,1,10,11,1,92.27,82.64,HEAVY,284.3,VERY HIGH,HEAVY LOAD,88.01,79.4,HEAVY,274.11,VERY HIGH,HEAVY LOAD,89.7,81.22,HEAVY,278.95,VERY HIGH,HEAVY LOAD,88.62,82.29,HEAVY,279.21,VERY HIGH,HEAVY LOAD,16.29,4.84,LIGHT,72.62,LOW,RUNNING,18.1,5.36,LIGHT,75.67,LOW,RUNNING,15.85,4.05,LIGHT,70.89,LOW,RUNNING,17.78,5.19,LIGHT,75.01,LOW,RUNNING,87.22,79.58,HEAVY,273.39,VERY HIGH,HEAVY LOAD,90.44,82.64,HEAVY,282.01,VERY HIGH,HEAVY LOAD,29.57,54.0,299.3,0.25,22.0,COOLING,0.25,22.0,COOLING,0.25,22.0,COOLING,0.25,22.0,COOLING,26.39,26.385,26.482,25.08,26.084,26.482,25.08,1.402,1116.57,148.29,145.9,555.4,85.0,850.0,935.0,85.0,180.76,255.71,328.45,283.75,-143.39,-8.23,-166.15,317.77,875.0,875.0,875.0,875.0,363.94,370.77,368.2,366.92,1966.16,1955.0,1048.67,3500.0,1469.83,1.0,1.0,1.0,1.0,22.5,MAX_UNIFORM_COOL,89.4776
5,Opposing Thermal Zones,0,597,5970.0,23,1,10,11,1,92.1,82.54,HEAVY,283.94,VERY HIGH,HEAVY LOAD,87.88,79.43,HEAVY,274.0,VERY HIGH,HEAVY LOAD,89.74,81.34,HEAVY,279.19,VERY HIGH,HEAVY LOAD,88.79,82.4,HEAVY,279.59,VERY HIGH,HEAVY LOAD,16.4,4.88,LIGHT,72.82,LOW,RUNNING,18.09,5.31,LIGHT,75.58,LOW,RUNNING,15.74,3.96,LIGHT,70.61,LOW,RUNNING,17.66,5.14,LIGHT,74.78,LOW,RUNNING,87.2,79.69,HEAVY,273.53,VERY HIGH,HEAVY LOAD,90.58,82.76,HEAVY,282.37,VERY HIGH,HEAVY LOAD,29.57,54.0,299.5,0.25,22.0,COOLING,0.25,22.0,COOLING,0.25,22.0,COOLING,0.25,22.0,COOLING,26.397,26.393,26.49,25.087,26.092,26.49,25.087,1.403,1116.72,148.4,145.39,555.9,85.0,850.0,935.0,85.0,180.68,255.67,328.45,283.73,-143.27,-8.36,-166.27,317.9,875.0,875.0,875.0,875.0,364.13,370.71,367.57,367.53,1966.41,1955.0,1048.53,3500.0,1469.94,1.0,1.0,1.0,1.0,22.5,MAX_UNIFORM_COOL,90.2088
5,Opposing Thermal Zones,0,598,5980.0,23,1,10,11,1,91.92,82.46,HEAVY,283.59,VERY HIGH,HEAVY LOAD,87.79,79.48,HEAVY,273.96,VERY HIGH,HEAVY LOAD,89.81,81.48,HEAVY,279.48,VERY HIGH,HEAVY LOAD,88.97,82.49,HEAVY,279.95,VERY HIGH,HEAVY LOAD,16.49,4.9,LIGHT,72.96,LOW,RUNNING,18.05,5.25,LIGHT,75.44,LOW,RUNNING,15.61,3.87,LIGHT,70.32,LOW,RUNNING,17.56,5.11,LIGHT,74.61,LOW,RUNNING,87.22,79.81,HEAVY,273.74,VERY HIGH,HEAVY LOAD,90.75,82.88,HEAVY,282.76,VERY HIGH,HEAVY LOAD,29.58,54.0,299.7,0.25,22.0,COOLING,0.25,22.0,COOLING,0.25,22.0,COOLING,0.25,22.0,COOLING,26.404,26.401,26.497,25.095,26.099,26.497,25.095,1.402,1116.98,148.4,144.93,556.5,85.0,850.0,935.0,85.0,180.82,255.83,328.68,283.91,-143.14,-8.48,-166.39,318.02,875.0,875.0,875.0,875.0,364.66,370.75,367.22,368.43,1966.81,1955.0,1049.24,3500.0,1471.06,1.0,1.0,1.0,1.0,22.5,MAX_UNIFORM_COOL,90.9084
5,Opposing Thermal Zones,0,599,5990.0,23,1,10,11,1,91.74,82.42,HEAVY,283.31,VERY HIGH,HEAVY LOAD,87.72,79.56,HEAVY,273.99,VERY HIGH,HEAVY LOAD,89.92,81.61,HEAVY,279.81,VERY HIGH,HEAVY LOAD,89.15,82.56,HEAVY,280.28,VERY HIGH,HEAVY LOAD,16.56,4.9,LIGHT,73.05,LOW,RUNNING,17.99,5.18,LIGHT,75.26,LOW,RUNNING,15.47,3.79,LIGHT,70.02,LOW,RUNNING,17.48,5.1,LIGHT,74.5,LOW,RUNNING,87.29,79.94,HEAVY,274.02,VERY HIGH,HEAVY LOAD,90.92,82.97,HEAVY,283.11,VERY HIGH,HEAVY LOAD,29.58,54.0,299.8,0.25,22.0,COOLING,0.25,22.0,COOLING,0.25,22.0,COOLING,0.25,22.0,COOLING,26.411,26.409,26.504,25.103,26.107,26.504,25.103,1.401,1117.39,148.31,144.52,557.13,85.0,850.0,935.0,85.0,180.7,255.73,328.6,283.81,-142.93,-8.7,-166.18,317.8,875.0,875.0,875.0,875.0,365.16,370.34,366.94,368.74,1967.35,1955.0,1048.84,3500.0,1471.18,1.0,1.0,1.0,1.0,22.5,MAX_UNIFORM_COOL,91.6103
5,Opposing Thermal Zones,0,600,6000.0,23,1,10,11,1,91.58,82.4,HEAVY,283.07,VERY HIGH,HEAVY LOAD,87.7,79.67,HEAVY,274.13,VERY HIGH,HEAVY LOAD,90.05,81.74,HEAVY,280.17,VERY HIGH,HEAVY LOAD,89.32,82.59,HEAVY,280.53,VERY HIGH,HEAVY LOAD,16.59,4.88,LIGHT,73.06,LOW,RUNNING,17.9,5.09,LIGHT,75.01,LOW,RUNNING,15.34,3.72,LIGHT,69.75,LOW,RUNNING,17.43,5.11,LIGHT,74.45,LOW,RUNNING,87.39,80.08,HEAVY,274.36,VERY HIGH,HEAVY LOAD,91.1,83.04,HEAVY,283.44,VERY HIGH,HEAVY LOAD,29.58,54.0,300.0,0.25,22.0,COOLING,0.25,22.0,COOLING,0.25,22.0,COOLING,0.25,22.0,COOLING,26.418,26.417,26.511,25.111,26.114,26.511,25.111,1.4,1117.9,148.07,144.2,557.8,85.0,850.0,935.0,85.0,180.63,255.68,328.63,283.76,-142.71,-8.92,-165.96,317.58,875.0,875.0,875.0,875.0,365.82,369.83,366.87,369.14,1967.97,1955.0,1048.7,3500.0,1471.66,1.0,1.0,1.0,1.0,22.5,MAX_UNIFORM_COOL,92.3171
5,Opposing Thermal Zones,0,601,6010.0,23,1,10,11,1,91.44,82.41,HEAVY,282.92,VERY HIGH,HEAVY LOAD,87.72,79.79,HEAVY,274.33,VERY HIGH,HEAVY LOAD,90.21,81.86,HEAVY,280.55,VERY HIGH,HEAVY LOAD,89.47,82.6,HEAVY,280.74,VERY HIGH,HEAVY LOAD,16.6,4.84,LIGHT,73.01,LOW,RUNNING,17.79,5.0,LIGHT,74.74,LOW,RUNNING,15.22,3.67,LIGHT,69.53,LOW,RUNNING,17.4,5.14,LIGHT,74.46,LOW,RUNNING,87.52,80.21,HEAVY,274.71,VERY HIGH,HEAVY LOAD,91.27,83.09,HEAVY,283.72,VERY HIGH,HEAVY LOAD,29.59,54.0,300.2,0.25,22.0,COOLING,0.25,22.0,COOLING,0.25,22.0,COOLING,0.25,22.0,COOLING,26.425,26.425,26.518,25.119,26.122,26.518,25.119,1.399,1118.54,147.75,143.99,558.43,85.0,850.0,935.0,85.0,180.78,255.84,328.88,283.92,-142.48,-9.14,-165.73,317.36,875.0,875.0,875.0,875.0,366.84,369.45,367.14,369.71,1968.71,1955.0,1049.42,3500.0,1473.14,1.0,1.0,1.0,1.0,22.5,MAX_UNIFORM_COOL,93.0309
5,Opposing Thermal Zones,0,602,6020.0,23,1,10,11,1,91.33,82.45,HEAVY,282.84,VERY HIGH,HEAVY LOAD,87.77,79.92,HEAVY,274.59,VERY HIGH,HEAVY LOAD,90.39,81.95,HEAVY,280.91,VERY HIGH,HEAVY LOAD,89.61,82.58,HEAVY,280.88,VERY HIGH,HEAVY LOAD,16.58,4.78,LIGHT,72.89,LOW,RUNNING,17.67,4.91,LIGHT,74.45,LOW,RUNNING,15.11,3.62,LIGHT,69.32,LOW,RUNNING,17.41,5.18,LIGHT,74.53,LOW,RUNNING,87.67,80.33,HEAVY,275.08,VERY HIGH,HEAVY LOAD,91.44,83.1,HEAVY,283.95,VERY HIGH,HEAVY LOAD,29.59,54.0,300.3,0.25,22.0,COOLING,0.25,22.0,COOLING,0.25,22.0,COOLING,0.25,22.0,COOLING,26.433,26.433,26.525,25.127,26.13,26.525,25.127,1.398,1119.22,147.34,143.85,559.03,85.0,850.0,935.0,85.0,180.66,255.74,328.81,283.82,-142.27,-9.36,-165.52,317.14,875.0,875.0,875.0,875.0,367.61,368.72,367.14,369.99,1969.44,1955.0,1049.03,3500.0,1473.46,1.0,1.0,1.0,1.0,22.5,MAX_UNIFORM_COOL,93.7755
5,Opposing Thermal Zones,0,603,6030.0,23,1,10,11,1,91.25,82.52,HEAVY,282.84,VERY HIGH,HEAVY LOAD,87.86,80.05,HEAVY,274.9,VERY HIGH,HEAVY LOAD,90.57,82.03,HEAVY,281.26,VERY HIGH,HEAVY LOAD,89.71,82.52,HEAVY,280.92,VERY HIGH,HEAVY LOAD,16.52,4.71,LIGHT,72.72,LOW,RUNNING,17.54,4.83,LIGHT,74.17,LOW,RUNNING,15.02,3.6,LIGHT,69.17,LOW,RUNNING,17.44,5.24,LIGHT,74.66,LOW,RUNNING,87.84,80.43,HEAVY,275.44,VERY HIGH,HEAVY LOAD,91.57,83.08,HEAVY,284.08,VERY HIGH,HEAVY LOAD,29.59,54.0,300.5,0.25,22.0,COOLING,0.25,22.0,COOLING,0.25,22.0,COOLING,0.25,22.0,COOLING,26.441,26.441,26.532,25.135,26.137,26.532,25.135,1.397,1119.92,146.89,143.83,559.52,85.0,850.0,935.0,85.0,180.57,255.69,328.84,283.76,-142.28,-9.47,-165.28,317.03,875.0,875.0,875.0,875.0,368.21,368.11,367.39,370.31,1970.16,1955.0,1048.86,3500.0,1474.02,1.0,1.0,1.0,1.0,22.5,MAX_UNIFORM_COOL,94.5251
5,Opposing Thermal Zones,0,604,6040.0,23,1,10,11,1,91.21,82.62,HEAVY,282.94,VERY HIGH,HEAVY LOAD,87.99,80.18,HEAVY,275.26,VERY HIGH,HEAVY LOAD,90.74,82.08,HEAVY,281.55,VERY HIGH,HEAVY LOAD,89.77,82.44,HEAVY,280.87,VERY HIGH,HEAVY LOAD,16.44,4.63,LIGHT,72.5,LOW,RUNNING,17.4,4.75,LIGHT,73.88,LOW,RUNNING,14.95,3.6,LIGHT,69.09,LOW,RUNNING,17.5,5.32,LIGHT,74.86,LOW,RUNNING,88.02,80.51,HEAVY,275.79,VERY HIGH,HEAVY LOAD,91.68,83.04,HEAVY,284.16,VERY HIGH,HEAVY LOAD,29.6,54.0,300.7,0.25,22.0,COOLING,0.25,22.0,COOLING,0.25,22.0,COOLING,0.25,22.0,COOLING,26.449,26.449,26.54,25.143,26.145,26.54,25.143,1.397,1120.62,146.38,143.95,559.95,85.0,850.0,935.0,85.0,180.68,255.86,329.07,283.94,-142.29,-9.58,-165.04,316.92,875.0,875.0,875.0,875.0,369.01,367.66,367.98,370.81,1970.9,1955.0,1049.55,3500.0,1475.46,1.0,1.0,1.0,1.0,22.5,MAX_UNIFORM_COOL,95.32
5,Opposing Thermal Zones,0,605,6050.0,23,1,10,11,1,91.2,82.73,HEAVY,283.1,VERY HIGH,HEAVY LOAD,88.14,80.3,HEAVY,275.62,VERY HIGH,HEAVY LOAD,90.91,82.1,HEAVY,281.79,VERY HIGH,HEAVY LOAD,89.8,82.34,HEAVY,280.76,VERY HIGH,HEAVY LOAD,16.34,4.54,LIGHT,72.23,LOW,RUNNING,17.27,4.69,LIGHT,73.62,LOW,RUNNING,14.91,3.62,LIGHT,69.07,LOW,RUNNING,17.59,5.4,LIGHT,75.09,LOW,RUNNING,88.2,80.57,HEAVY,276.11,VERY HIGH,HEAVY LOAD,91.76,82.97,HEAVY,284.16,VERY HIGH,HEAVY LOAD,29.6,54.0,300.8,0.25,22.0,COOLING,0.25,22.0,COOLING,0.25,22.0,COOLING,0.25,22.0,COOLING,26.457,26.456,26.548,25.151,26.153,26.548,25.151,1.397,1121.27,145.85,144.16,560.27,85.0,850.0,935.0,85.0,180.55,255.75,328.99,283.83,-142.3,-9.58,-165.04,316.92,875.0,875.0,875.0,875.0,369.52,367.02,368.11,371.02,1971.55,1955.0,1049.12,3500.0,1475.67,1.0,1.0,1.0,1.0,22.5,MAX_UNIFORM_COOL,96.0844
5,Opposing Thermal Zones,0,606,6060.0,23,1,10,11,1,91.24,82.86,HEAVY,283.34,VERY HIGH,HEAVY LOAD,88.31,80.41,HEAVY,276.0,VERY HIGH,HEAVY LOAD,91.05,82.09,HEAVY,281.95,VERY HIGH,HEAVY LOAD,89.79,82.23,HEAVY,280.58,VERY HIGH,HEAVY LOAD,16.23,4.45,LIGHT,71.96,LOW,RUNNING,17.15,4.64,LIGHT,73.4,LOW,RUNNING,14.9,3.66,LIGHT,69.11,LOW,RUNNING,17.7,5.49,LIGHT,75.36,LOW,RUNNING,88.36,80.6,HEAVY,276.35,VERY HIGH,HEAVY LOAD,91.8,82.87,HEAVY,284.06,VERY HIGH,HEAVY LOAD,29.6,54.0,301.0,0.25,22.0,COOLING,0.25,22.0,COOLING,0.25,22.0,COOLING,0.25,22.0,COOLING,26.465,26.463,26.556,25.159,26.161,26.556,25.159,1.397,1121.87,145.36,144.47,560.41,85.0,850.0,935.0,85.0,180.45,255.72,329.0,283.77,-142.41,-9.34,-165.15,316.9,875.0,875.0,875.0,875.0,369.91,366.74,368.32,371.08,1972.11,1955.0,1048.94,3500.0,1476.05,1.0,1.0,1.0,1.0,22.5,MAX_UNIFORM_COOL,96.8541
5,Opposing Thermal Zones,0,607,6070.0,23,1,10,11,1,91.32,82.99,HEAVY,283.63,VERY HIGH,HEAVY LOAD,88.48,80.5,HEAVY,276.35,VERY HIGH,HEAVY LOAD,91.16,82.05,HEAVY,282.02,VERY HIGH,HEAVY LOAD,89.73,82.1,HEAVY,280.31,VERY HIGH,HEAVY LOAD,16.1,4.37,LIGHT,71.68,LOW,RUNNING,17.05,4.61,LIGHT,73.23,LOW,RUNNING,14.92,3.71,LIGHT,69.22,LOW,RUNNING,17.82,5.58,LIGHT,75.65,LOW,RUNNING,88.51,80.6,HEAVY,276.54,VERY HIGH,HEAVY LOAD,91.79,82.76,HEAVY,283.88,VERY HIGH,HEAVY LOAD,29.61,54.0,301.2,0.25,22.0,COOLING,0.25,22.0,COOLING,0.25,22.0,COOLING,0.25,22.0,COOLING,26.473,26.47,26.564,25.167,26.169,26.564,25.167,1.397,1122.31,144.91,144.87,560.42,85.0,850.0,935.0,85.0,180.57,255.91,329.21,283.95,-142.51,-9.11,-165.27,316.89,875.0,875.0,875.0,875.0,370.37,366.71,368.81,371.26,1972.51,1955.0,1049.64,3500.0,1477.15,1.0,1.0,1.0,1.0,22.5,MAX_UNIFORM_COOL,97.6304
5,Opposing Thermal Zones,0,608,6080.0,23,1,10,11,1,91.43,83.12,HEAVY,283.97,VERY HIGH,HEAVY LOAD,88.66,80.56,HEAVY,276.66,VERY HIGH,HEAVY LOAD,91.25,81.98,HEAVY,282.03,VERY HIGH,HEAVY LOAD,89.64,81.96,HEAVY,279.99,VERY HIGH,HEAVY LOAD,15.96,4.29,LIGHT,71.39,LOW,RUNNING,16.98,4.6,LIGHT,73.12,LOW,RUNNING,14.97,3.78,LIGHT,69.38,LOW,RUNNING,17.95,5.66,LIGHT,75.93,LOW,RUNNING,88.64,80.56,HEAVY,276.64,VERY HIGH,HEAVY LOAD,91.75,82.63,HEAVY,283.63,VERY HIGH,HEAVY LOAD,29.61,54.0,301.3,0.25,22.0,COOLING,0.25,22.0,COOLING,0.25,22.0,COOLING,0.25,22.0,COOLING,26.481,26.477,26.572,25.175,26.176,26.572,25.175,1.397,1122.65,144.51,145.31,560.27,85.0,850.0,935.0,85.0,180.44,255.82,329.13,283.83,-142.62,-8.87,-165.38,316.87,875.0,875.0,875.0,875.0,370.47,366.46,369.06,370.97,1972.74,1955.0,1049.22,3500.0,1476.96,1.0,1.0,1.0,1.0,22.5,MAX_UNIFORM_COOL,98.4074
5,Opposing Thermal Zones,0,609,6090.0,23,1,10,11,1,91.57,83.25,HEAVY,284.34,VERY HIGH,HEAVY LOAD,88.83,80.59,HEAVY,276.92,VERY HIGH,HEAVY LOAD,91.29,81.89,HEAVY,281.95,VERY HIGH,HEAVY LOAD,89.52,81.83,HEAVY,279.64,VERY HIGH,HEAVY LOAD,15.83,4.22,LIGHT,71.12,LOW,RUNNING,16.92,4.61,LIGHT,73.07,LOW,RUNNING,15.05,3.86,LIGHT,69.6,LOW,RUNNING,18.09,5.74,LIGHT,76.22,LOW,RUNNING,88.73,80.5,HEAVY,276.66,VERY HIGH,HEAVY LOAD,91.67,82.5,HEAVY,283.34,VERY HIGH,HEAVY LOAD,29.61,54.0,301.5,0.25,22.0,COOLING,0.25,22.0,COOLING,0.25,22.0,COOLING,0.25,22.0,COOLING,26.489,26.484,26.58,25.183,26.184,26.58,25.183,1.397,1122.85,144.19,145.82,560.0,85.0,850.0,935.0,85.0,180.33,255.8,329.13,283.79,-142.74,-8.64,-165.48,316.86,875.0,875.0,875.0,875.0,370.44,366.35,369.47,370.65,1972.86,1955.0,1049.05,3500.0,1476.91,1.0,1.0,1.0,1.0,22.5,MAX_UNIFORM_COOL,99.1893
5,Opposing Thermal Zones,0,610,6100.0,23,1,10,11,1,91.73,83.36,HEAVY,284.7,VERY HIGH,HEAVY LOAD,88.99,80.6,HEAVY,277.14,VERY HIGH,HEAVY LOAD,91.3,81.78,HEAVY,281.8,VERY HIGH,HEAVY LOAD,89.38,81.71,HEAVY,279.29,VERY HIGH,HEAVY LOAD,15.71,4.16,LIGHT,70.88,LOW,RUNNING,16.9,4.64,LIGHT,73.08,LOW,RUNNING,15.15,3.95,LIGHT,69.86,LOW,RUNNING,18.22,5.81,LIGHT,76.49,LOW,RUNNING,88.78,80.42,HEAVY,276.61,VERY HIGH,HEAVY LOAD,91.56,82.36,HEAVY,282.99,VERY HIGH,HEAVY LOAD,29.62,54.0,301.7,0.25,22.0,COOLING,0.25,22.0,COOLING,0.25,22.0,COOLING,0.25,22.0,COOLING,26.497,26.491,26.588,25.191,26.192,26.588,25.191,1.397,1122.93,143.96,146.35,559.6,85.0,850.0,935.0,85.0,180.46,255.98,329.35,283.96,-142.85,-8.41,-165.59,316.84,875.0,875.0,875.0,875.0,370.54,366.53,370.11,370.4,1972.84,1955.0,1049.75,3500.0,1477.58,1.0,1.0,1.0,1.0,22.5,MAX_UNIFORM_COOL,99.9779
5,Opposing Thermal Zones,0,611,6110.0,23,1,10,11,1,91.9,83.46,HEAVY,285.06,VERY HIGH,HEAVY LOAD,89.12,80.57,HEAVY,277.25,VERY HIGH,HEAVY LOAD,91.26,81.66,HEAVY,281.56,VERY HIGH,HEAVY LOAD,89.21,81.6,HEAVY,278.91,VERY HIGH,HEAVY LOAD,15.6,4.12,LIGHT,70.68,LOW,RUNNING,16.91,4.69,LIGHT,73.17,LOW,RUNNING,15.26,4.04,LIGHT,70.14,LOW,RUNNING,18.34,5.86,LIGHT,76.72,LOW,RUNNING,88.8,80.31,HEAVY,276.47,VERY HIGH,HEAVY LOAD,91.42,82.24,HEAVY,282.63,VERY HIGH,HEAVY LOAD,29.62,54.0,301.8,0.25,22.0,COOLING,0.25,22.0,COOLING,0.25,22.0,COOLING,0.25,22.0,COOLING,26.505,26.498,26.596,25.199,26.2,26.596,25.199,1.397,1122.78,143.85,146.86,559.1,85.0,850.0,935.0,85.0,180.31,255.89,329.26,283.84,-142.96,-8.17,-165.71,316.83,875.0,875.0,875.0,875.0,370.13,366.57,370.41,369.77,1972.59,1955.0,1049.3,3500.0,1476.88,1.0,1.0,1.0,1.0,22.5,MAX_UNIFORM_COOL,100.7664
5,Opposing Thermal Zones,0,612,6120.0,23,1,10,11,1,92.08,83.54,HEAVY,285.41,VERY HIGH,HEAVY LOAD,89.21,80.52,HEAVY,277.29,VERY HIGH,HEAVY LOAD,91.19,81.52,HEAVY,281.27,VERY HIGH,HEAVY LOAD,89.03,81.51,HEAVY,278.55,VERY HIGH,HEAVY LOAD,15.51,4.1,LIGHT,70.54,LOW,RUNNING,16.95,4.75,LIGHT,73.31,LOW,RUNNING,15.39,4.13,LIGHT,70.43,LOW,RUNNING,18.44,5.89,LIGHT,76.88,LOW,RUNNING,88.78,80.19,HEAVY,276.26,VERY HIGH,HEAVY LOAD,91.25,82.12,HEAVY,282.24,VERY HIGH,HEAVY LOAD,29.62,54.0,302.0,0.25,22.0,COOLING,0.25,22.0,COOLING,0.25,22.0,COOLING,0.25,22.0,COOLING,26.513,26.505,26.604,25.207,26.207,26.604,25.207,1.397,1122.52,143.85,147.31,558.5,85.0,850.0,935.0,85.0,180.22,255.87,329.27,283.8,-143.06,-7.94,-165.81,316.81,875.0,875.0,875.0,875.0,369.68,366.78,370.77,369.11,1972.18,1955.0,1049.16,3500.0,1476.34,1.0,1.0,1.0,1.0,22.5,MAX_UNIFORM_COOL,101.5598
5,Opposing Thermal Zones,0,613,6130.0,23,1,10,11,1,92.26,83.58,HEAVY,285.7,VERY HIGH,HEAVY LOAD,89.28,80.44,HEAVY,277.26,VERY HIGH,HEAVY LOAD,91.08,81.39,HEAVY,280.94,VERY HIGH,HEAVY LOAD,88.85,81.44,HEAVY,278.22,VERY HIGH,HEAVY LOAD,15.44,4.1,LIGHT,70.45,LOW,RUNNING,17.01,4.82,LIGHT,73.49,LOW,RUNNING,15.53,4.21,LIGHT,70.73,LOW,RUNNING,18.52,5.9,LIGHT,77.0,LOW,RUNNING,88.71,80.06,HEAVY,275.98,VERY HIGH,HEAVY LOAD,91.08,82.03,HEAVY,281.89,VERY HIGH,HEAVY LOAD,29.63,54.0,302.2,0.25,22.0,COOLING,0.25,22.0,COOLING,0.25,22.0,COOLING,0.25,22.0,COOLING,26.521,26.512,26.612,25.215,26.215,26.612,25.215,1.397,1122.12,143.94,147.73,557.87,85.0,850.0,935.0,85.0,180.35,256.07,329.49,283.97,-143.18,-7.7,-165.92,316.8,875.0,875.0,875.0,875.0,369.29,367.31,371.3,368.64,1971.66,1955.0,1049.88,3500.0,1476.54,1.0,1.0,1.0,1.0,22.5,MAX_UNIFORM_COOL,102.3595
5,Opposing Thermal Zones,0,614,6140.0,23,1,10,11,1,92.42,83.6,HEAVY,285.93,VERY HIGH,HEAVY LOAD,89.3,80.33,HEAVY,277.12,VERY HIGH,HEAVY LOAD,90.95,81.26,HEAVY,280.58,VERY HIGH,HEAVY LOAD,88.68,81.41,HEAVY,277.97,VERY HIGH,HEAVY LOAD,15.41,4.12,LIGHT,70.44,LOW,RUNNING,17.1,4.91,LIGHT,73.74,LOW,RUNNING,15.66,4.28,LIGHT,71.0,LOW,RUNNING,18.57,5.89,LIGHT,77.05,LOW,RUNNING,88.61,79.92,HEAVY,275.64,VERY HIGH,HEAVY LOAD,90.9,81.96,HEAVY,281.56,VERY HIGH,HEAVY LOAD,29.63,54.0,302.3,0.25,22.0,COOLING,0.25,22.0,COOLING,0.25,22.0,COOLING,0.25,22.0,COOLING,26.529,26.52,26.62,25.223,26.223,26.62,25.223,1.397,1121.6,144.18,148.05,557.2,85.0,850.0,935.0,85.0,180.2,255.98,329.4,283.86,-143.29,-7.47,-166.03,316.78,875.0,875.0,875.0,875.0,368.51,367.69,371.42,367.84,1971.03,1955.0,1049.44,3500.0,1475.46,1.0,1.0,1.0,1.0,22.5,MAX_UNIFORM_COOL,103.1914
5,Opposing Thermal Zones,0,615,6150.0,23,1,10,11,1,92.56,83.59,HEAVY,286.09,VERY HIGH,HEAVY LOAD,89.28,80.21,HEAVY,276.92,VERY HIGH,HEAVY LOAD,90.79,81.14,HEAVY,280.2,VERY HIGH,HEAVY LOAD,88.53,81.4,HEAVY,277.76,VERY HIGH,HEAVY LOAD,15.4,4.16,LIGHT,70.49,LOW,RUNNING,17.21,5.0,LIGHT,74.01,LOW,RUNNING,15.78,4.33,LIGHT,71.22,LOW,RUNNING,18.6,5.86,LIGHT,77.04,LOW,RUNNING,88.48,79.79,HEAVY,275.29,VERY HIGH,HEAVY LOAD,90.73,81.91,HEAVY,281.28,VERY HIGH,HEAVY LOAD,29.64,54.0,302.5,0.25,22.0,COOLING,0.25,22.0,COOLING,0.25,22.0,COOLING,0.25,22.0,COOLING,26.537,26.528,26.628,25.23,26.231,26.628,25.23,1.398,1120.97,144.5,148.26,556.57,85.0,850.0,935.0,85.0,180.33,256.14,329.62,284.03,-143.29,-7.46,-166.04,316.79,875.0,875.0,875.0,875.0,368.01,368.18,371.84,367.39,1970.3,1955.0,1050.12,3500.0,1475.42,1.0,1.0,1.0,1.0,22.5,MAX_UNIFORM_COOL,104.0314
5,Opposing Thermal Zones,0,616,6160.0,23,1,10,11,1,92.67,83.55,HEAVY,286.16,VERY HIGH,HEAVY LOAD,89.23,80.08,HEAVY,276.66,VERY HIGH,HEAVY LOAD,90.61,81.05,HEAVY,279.84,VERY HIGH,HEAVY LOAD,88.39,81.42,HEAVY,277.62,VERY HIGH,HEAVY LOAD,15.42,4.22,LIGHT,70.61,LOW,RUNNING,17.33,5.09,LIGHT,74.3,LOW,RUNNING,15.89,4.38,LIGHT,71.43,LOW,RUNNING,18.59,5.82,LIGHT,76.97,LOW,RUNNING,88.33,79.67,HEAVY,274.92,VERY HIGH,HEAVY LOAD,90.56,81.9,HEAVY,281.05,VERY HIGH,HEAVY LOAD,29.64,54.0,302.7,0.25,22.0,COOLING,0.25,22.0,COOLING,0.25,22.0,COOLING,0.25,22.0,COOLING,26.544,26.536,26.636,25.237,26.238,26.636,25.237,1.399,1120.28,144.91,148.4,555.97,85.0,850.0,935.0,85.0,180.22,256.1,329.62,284.0,-143.39,-7.48,-166.15,317.02,875.0,875.0,875.0,875.0,367.11,368.53,371.87,366.99,1969.56,1955.0,1049.94,3500.0,1474.5,1.0,1.0,1.0,1.0,22.5,MAX_UNIFORM_COOL,104.8387
5,Opposing Thermal Zones,0,617,6170.0,23,1,10,11,1,92.75,83.48,HEAVY,286.16,VERY HIGH,HEAVY LOAD,89.14,79.95,HEAVY,276.35,VERY HIGH,HEAVY LOAD,90.43,80.97,HEAVY,279.49,VERY HIGH,HEAVY LOAD,88.29,81.48,HEAVY,277.58,VERY HIGH,HEAVY LOAD,15.48,4.29,LIGHT,70.78,LOW,RUNNING,17.46,5.17,LIGHT,74.58,LOW,RUNNING,15.98,4.4,LIGHT,71.57,LOW,RUNNING,18.56,5.76,LIGHT,76.84,LOW,RUNNING,88.16,79.57,HEAVY,274.55,VERY HIGH,HEAVY LOAD,90.43,81.92,HEAVY,280.92,VERY HIGH,HEAVY LOAD,29.64,54.0,302.8,0.25,22.0,COOLING,0.25,22.0,COOLING,0.25,22.0,COOLING,0.25,22.0,COOLING,26.551,26.544,26.644,25.244,26.246,26.644,25.244,1.4,1119.58,145.36,148.41,555.47,85.0,850.0,935.0,85.0,180.11,255.99,329.54,283.91,-143.27,-7.61,-166.27,317.15,875.0,875.0,875.0,875.0,366.42,368.74,371.68,366.53,1968.82,1955.0,1049.55,3500.0,1473.37,1.0,1.0,1.0,1.0,22.5,MAX_UNIFORM_COOL,105.6492
5,Opposing Thermal Zones,0,618,6180.0,23,1,10,11,1,92.79,83.38,HEAVY,286.06,VERY HIGH,HEAVY LOAD,89.01,79.82,HEAVY,275.99,VERY HIGH,HEAVY LOAD,90.26,80.92,HEAVY,279.2,VERY HIGH,HEAVY LOAD,88.23,81.56,HEAVY,277.63,VERY HIGH,HEAVY LOAD,15.56,4.37,LIGHT,71.01,LOW,RUNNING,17.6,5.25,LIGHT,74.88,LOW,RUNNING,16.05,4.4,LIGHT,71.66,LOW,RUNNING,18.5,5.68,LIGHT,76.64,LOW,RUNNING,87.98,79.49,HEAVY,274.21,VERY HIGH,HEAVY LOAD,90.32,81.96,HEAVY,280.84,VERY HIGH,HEAVY LOAD,29.65,54.0,303.0,0.25,22.0,COOLING,0.25,22.0,COOLING,0.25,22.0,COOLING,0.25,22.0,COOLING,26.558,26.552,26.652,25.251,26.253,26.652,25.251,1.401,1118.88,145.89,148.3,555.05,85.0,850.0,935.0,85.0,180.25,256.16,329.75,284.11,-143.14,-7.73,-166.39,317.27,875.0,875.0,875.0,875.0,365.99,369.32,371.66,366.43,1968.12,1955.0,1050.27,3500.0,1473.4,1.0,1.0,1.0,1.0,22.5,MAX_UNIFORM_COOL,106.4671
5,Opposing Thermal Zones,0,619,6190.0,23,1,10,11,1,92.8,83.27,HEAVY,285.9,VERY HIGH,HEAVY LOAD,88.86,79.7,HEAVY,275.62,VERY HIGH,HEAVY LOAD,90.09,80.9,HEAVY,278.96,VERY HIGH,HEAVY LOAD,88.2,81.66,HEAVY,277.74,VERY HIGH,HEAVY LOAD,15.66,4.46,LIGHT,71.27,LOW,RUNNING,17.73,5.31,LIGHT,75.13,LOW,RUNNING,16.09,4.38,LIGHT,71.68,LOW,RUNNING,18.41,5.6,LIGHT,76.41,LOW,RUNNING,87.8,79.43,HEAVY,273.9,VERY HIGH,HEAVY LOAD,90.24,82.03,HEAVY,280.85,VERY HIGH,HEAVY LOAD,29.65,54.0,303.2,0.25,22.0,COOLING,0.25,22.0,COOLING,0.25,22.0,COOLING,0.25,22.0,COOLING,26.565,26.56,26.66,25.258,26.261,26.66,25.258,1.402,1118.22,146.4,148.09,554.75,85.0,850.0,935.0,85.0,180.18,256.11,329.76,284.08,-143.02,-7.85,-166.52,317.39,875.0,875.0,875.0,875.0,365.38,369.66,371.33,366.22,1967.46,1955.0,1050.13,3500.0,1472.59,1.0,1.0,1.0,1.0,22.5,MAX_UNIFORM_COOL,107.2856
5,Opposing Thermal Zones,0,620,6200.0,23,1,10,11,1,92.76,83.14,HEAVY,285.66,VERY HIGH,HEAVY LOAD,88.69,79.59,HEAVY,275.25,VERY HIGH,HEAVY LOAD,89.95,80.91,HEAVY,278.8,VERY HIGH,HEAVY LOAD,88.21,81.77,HEAVY,277.92,VERY HIGH,HEAVY LOAD,15.77,4.55,LIGHT,71.54,LOW,RUNNING,17.85,5.36,LIGHT,75.35,LOW,RUNNING,16.1,4.34,LIGHT,71.64,LOW,RUNNING,18.3,5.51,LIGHT,76.14,LOW,RUNNING,87.64,79.4,HEAVY,273.65,VERY HIGH,HEAVY LOAD,90.2,82.13,HEAVY,280.94,VERY HIGH,HEAVY LOAD,29.65,54.0,303.3,0.25,22.0,COOLING,0.25,22.0,COOLING,0.25,22.0,COOLING,0.25,22.0,COOLING,26.572,26.568,26.668,25.265,26.268,26.668,25.265,1.403,1117.63,146.89,147.78,554.59,85.0,850.0,935.0,85.0,180.07,256.0,329.67,283.99,-142.9,-7.98,-166.65,317.52,875.0,875.0,875.0,875.0,364.8,369.91,370.8,366.1,1966.89,1955.0,1049.73,3500.0,1471.61,1.0,1.0,1.0,1.0,22.5,MAX_UNIFORM_COOL,108.1069
5,Opposing Thermal Zones,0,621,6210.0,23,1,10,11,1,92.68,83.01,HEAVY,285.37,VERY HIGH,HEAVY LOAD,88.52,79.5,HEAVY,274.9,VERY HIGH,HEAVY LOAD,89.84,80.95,HEAVY,278.73,VERY HIGH,HEAVY LOAD,88.27,81.9,HEAVY,278.19,VERY HIGH,HEAVY LOAD,15.9,4.63,LIGHT,71.82,LOW,RUNNING,17.95,5.39,LIGHT,75.52,LOW,RUNNING,16.08,4.29,LIGHT,71.53,LOW,RUNNING,18.18,5.42,LIGHT,75.85,LOW,RUNNING,87.49,79.4,HEAVY,273.46,VERY HIGH,HEAVY LOAD,90.21,82.24,HEAVY,281.12,VERY HIGH,HEAVY LOAD,29.66,54.0,303.5,0.25,22.0,COOLING,0.25,22.0,COOLING,0.25,22.0,COOLING,0.25,22.0,COOLING,26.579,26.576,26.676,25.272,26.276,26.676,25.272,1.404,1117.19,147.34,147.38,554.58,85.0,850.0,935.0,85.0,180.2,256.17,329.89,284.18,-142.77,-8.11,-166.77,317.64,875.0,875.0,875.0,875.0,364.62,370.4,370.5,366.4,1966.49,1955.0,1050.44,3500.0,1471.92,1.0,1.0,1.0,1.0,22.5,MAX_UNIFORM_COOL,108.9359
5,Opposing Thermal Zones,0,622,6220.0,23,1,10,11,1,92.57,82.88,HEAVY,285.03,VERY HIGH,HEAVY LOAD,88.34,79.44,HEAVY,274.59,VERY HIGH,HEAVY LOAD,89.75,81.02,HEAVY,278.72,VERY HIGH,HEAVY LOAD,88.36,82.04,HEAVY,278.51,VERY HIGH,HEAVY LOAD,16.04,4.71,LIGHT,72.11,LOW,RUNNING,18.02,5.4,LIGHT,75.62,LOW,RUNNING,16.03,4.22,LIGHT,71.37,LOW,RUNNING,18.05,5.34,LIGHT,75.57,LOW,RUNNING,87.36,79.44,HEAVY,273.36,VERY HIGH,HEAVY LOAD,90.25,82.37,HEAVY,281.37,VERY HIGH,HEAVY LOAD,29.66,54.0,303.7,0.25,22.0,COOLING,0.25,22.0,COOLING,0.25,22.0,COOLING,0.25,22.0,COOLING,26.586,26.584,26.684,25.279,26.283,26.684,25.279,1.405,1116.85,147.73,146.94,554.73,85.0,850.0,935.0,85.0,180.13,256.12,329.9,284.15,-142.65,-8.23,-166.89,317.77,875.0,875.0,875.0,875.0,364.33,370.62,369.95,366.65,1966.25,1955.0,1050.3,3500.0,1471.55,1.0,1.0,1.0,1.0,22.5,MAX_UNIFORM_COOL,109.7662
5,Opposing Thermal Zones,0,623,6230.0,23,1,10,11,1,92.43,82.75,HEAVY,284.66,VERY HIGH,HEAVY LOAD,88.17,79.41,HEAVY,274.33,VERY HIGH,HEAVY LOAD,89.71,81.11,HEAVY,278.8,VERY HIGH,HEAVY LOAD,88.48,82.17,HEAVY,278.86,VERY HIGH,HEAVY LOAD,16.17,4.78,LIGHT,72.38,LOW,RUNNING,18.08,5.39,LIGHT,75.68,LOW,RUNNING,15.95,4.14,LIGHT,71.15,LOW,RUNNING,17.91,5.26,LIGHT,75.28,LOW,RUNNING,87.27,79.5,HEAVY,273.34,VERY HIGH,HEAVY LOAD,90.33,82.5,HEAVY,281.66,VERY HIGH,HEAVY LOAD,29.66,54.0,303.8,0.25,22.0,COOLING,0.25,22.0,COOLING,0.25,22.0,COOLING,0.25,22.0,COOLING,26.593,26.592,26.692,25.286,26.291,26.692,25.286,1.406,1116.65,148.06,146.43,555.0,85.0,850.0,935.0,85.0,180.01,256.01,329.8,284.07,-142.52,-8.35,-167.02,317.89,875.0,875.0,875.0,875.0,364.14,370.72,369.21,366.96,1966.14,1955.0,1049.89,3500.0,1471.03,1.0,1.0,1.0,1.0,22.5,MAX_UNIFORM_COOL,110.6001
5,Opposing Thermal Zones,0,624,6240.0,23,1,10,11,1,92.27,82.64,HEAVY,284.3,VERY HIGH,HEAVY LOAD,88.01,79.4,HEAVY,274.11,VERY HIGH,HEAVY LOAD,89.7,81.22,HEAVY,278.95,VERY HIGH,HEAVY LOAD,88.62,82.29,HEAVY,279.21,VERY HIGH,HEAVY LOAD,16.29,4.84,LIGHT,72.62,LOW,RUNNING,18.1,5.36,LIGHT,75.67,LOW,RUNNING,15.85,4.05,LIGHT,70.89,LOW,RUNNING,17.78,5.19,LIGHT,75.01,LOW,RUNNING,87.22,79.58,HEAVY,273.39,VERY HIGH,HEAVY LOAD,90.44,82.64,HEAVY,282.01,VERY HIGH,HEAVY LOAD,29.67,54.0,304.0,0.25,22.0,COOLING,0.25,22.0,COOLING,0.25,22.0,COOLING,0.25,22.0,COOLING,26.6,26.6,26.7,25.294,26.299,26.7,25.294,1.406,1116.57,148.29,145.9,555.4,85.0,850.0,935.0,85.0,180.16,256.18,330.03,284.26,-142.39,-8.48,-167.15,318.02,875.0,875.0,875.0,875.0,364.34,370.99,368.78,367.68,1966.16,1955.0,1050.63,3500.0,1471.79,1.0,1.0,1.0,1.0,22.5,MAX_UNIFORM_COOL,111.4427
5,Opposing Thermal Zones,0,625,6250.0,23,1,10,11,1,92.1,82.54,HEAVY,283.94,VERY HIGH,HEAVY LOAD,87.88,79.43,HEAVY,274.0,VERY HIGH,HEAVY LOAD,89.74,81.34,HEAVY,279.19,VERY HIGH,HEAVY LOAD,88.79,82.4,HEAVY,279.59,VERY HIGH,HEAVY LOAD,16.4,4.88,LIGHT,72.82,LOW,RUNNING,18.09,5.31,LIGHT,75.58,LOW,RUNNING,15.74,3.96,LIGHT,70.61,LOW,RUNNING,17.66,5.14,LIGHT,74.78,LOW,RUNNING,87.2,79.69,HEAVY,273.53,VERY HIGH,HEAVY LOAD,90.58,82.76,HEAVY,282.37,VERY HIGH,HEAVY LOAD,29.67,54.0,304.2,0.25,22.0,COOLING,0.25,22.0,COOLING,0.25,22.0,COOLING,0.25,22.0,COOLING,26.607,26.608,26.708,25.302,26.306,26.708,25.302,1.406,1116.72,148.4,145.39,555.9,85.0,850.0,935.0,85.0,180.09,256.13,330.04,284.2,-142.16,-8.59,-167.16,317.91,875.0,875.0,875.0,875.0,364.65,370.94,368.27,368.01,1966.41,1955.0,1050.46,3500.0,1471.87,1.0,1.0,1.0,1.0,22.5,MAX_UNIFORM_COOL,112.2893
5,Opposing Thermal Zones,0,626,6260.0,23,1,10,11,1,91.92,82.46,HEAVY,283.59,VERY HIGH,HEAVY LOAD,87.79,79.48,HEAVY,273.96,VERY HIGH,HEAVY LOAD,89.81,81.48,HEAVY,279.48,VERY HIGH,HEAVY LOAD,88.97,82.49,HEAVY,279.95,VERY HIGH,HEAVY LOAD,16.49,4.9,LIGHT,72.96,LOW,RUNNING,18.05,5.25,LIGHT,75.44,LOW,RUNNING,15.61,3.87,LIGHT,70.32,LOW,RUNNING,17.56,5.11,LIGHT,74.61,LOW,RUNNING,87.22,79.81,HEAVY,273.74,VERY HIGH,HEAVY LOAD,90.75,82.88,HEAVY,282.76,VERY HIGH,HEAVY LOAD,29.67,54.0,304.3,0.25,22.0,COOLING,0.25,22.0,COOLING,0.25,22.0,COOLING,0.25,22.0,COOLING,26.614,26.616,26.716,25.31,26.314,26.716,25.31,1.406,1116.98,148.4,144.93,556.5,85.0,850.0,935.0,85.0,179.96,256.02,329.94,284.1,-141.92,-8.7,-167.17,317.8,875.0,875.0,875.0,875.0,365.02,370.72,367.7,368.4,1966.81,1955.0,1050.02,3500.0,1471.84,1.0,1.0,1.0,1.0,22.5,MAX_UNIFORM_COOL,113.1404
5,Opposing Thermal Zones,0,627,6270.0,23,1,10,11,1,91.74,82.42,HEAVY,283.31,VERY HIGH,HEAVY LOAD,87.72,79.56,HEAVY,273.99,VERY HIGH,HEAVY LOAD,89.92,81.61,HEAVY,279.81,VERY HIGH,HEAVY LOAD,89.15,82.56,HEAVY,280.28,VERY HIGH,HEAVY LOAD,16.56,4.9,LIGHT,73.05,LOW,RUNNING,17.99,5.18,LIGHT,75.26,LOW,RUNNING,15.47,3.79,LIGHT,70.02,LOW,RUNNING,17.48,5.1,LIGHT,74.5,LOW,RUNNING,87.29,79.94,HEAVY,274.02,VERY HIGH,HEAVY LOAD,90.92,82.97,HEAVY,283.11,VERY HIGH,HEAVY LOAD,29.68,54.0,304.5,0.25,22.0,COOLING,0.25,22.0,COOLING,0.25,22.0,COOLING,0.25,22.0,COOLING,26.621,26.624,26.723,25.318,26.322,26.723,25.318,1.405,1117.39,148.31,144.52,557.13,85.0,850.0,935.0,85.0,180.11,256.19,330.17,284.27,-141.69,-8.81,-167.19,317.69,875.0,875.0,875.0,875.0,365.81,370.69,367.5,369.09,1967.35,1955.0,1050.74,3500.0,1473.09,1.0,1.0,1.0,1.0,22.5,MAX_UNIFORM_COOL,113.9589
5,Opposing Thermal Zones,0,628,6280.0,23,1,10,11,1,91.58,82.4,HEAVY,283.07,VERY HIGH,HEAVY LOAD,87.7,79.67,HEAVY,274.13,VERY HIGH,HEAVY LOAD,90.05,81.74,HEAVY,280.17,VERY HIGH,HEAVY LOAD,89.32,82.59,HEAVY,280.53,VERY HIGH,HEAVY LOAD,16.59,4.88,LIGHT,73.06,LOW,RUNNING,17.9,5.09,LIGHT,75.01,LOW,RUNNING,15.34,3.72,LIGHT,69.75,LOW,RUNNING,17.43,5.11,LIGHT,74.45,LOW,RUNNING,87.39,80.08,HEAVY,274.36,VERY HIGH,HEAVY LOAD,91.1,83.04,HEAVY,283.44,VERY HIGH,HEAVY LOAD,29.68,54.0,304.7,0.25,22.0,COOLING,0.25,22.0,COOLING,0.25,22.0,COOLING,0.25,22.0,COOLING,26.628,26.632,26.73,25.326,26.329,26.73,25.326,1.404,1117.9,148.07,144.2,557.8,85.0,850.0,935.0,85.0,180.03,256.14,330.19,284.22,-141.47,-9.03,-166.97,317.47,875.0,875.0,875.0,875.0,366.46,370.18,367.42,369.49,1967.97,1955.0,1050.58,3500.0,1473.55,1.0,1.0,1.0,1.0,22.5,MAX_UNIFORM_COOL,114.7804
5,Opposing Thermal Zones,0,629,6290.0,23,1,10,11,1,91.44,82.41,HEAVY,282.92,VERY HIGH,HEAVY LOAD,87.72,79.79,HEAVY,274.33,VERY HIGH,HEAVY LOAD,90.21,81.86,HEAVY,280.55,VERY HIGH,HEAVY LOAD,89.47,82.6,HEAVY,280.74,VERY HIGH,HEAVY LOAD,16.6,4.84,LIGHT,73.01,LOW,RUNNING,17.79,5.0,LIGHT,74.74,LOW,RUNNING,15.22,3.67,LIGHT,69.53,LOW,RUNNING,17.4,5.14,LIGHT,74.46,LOW,RUNNING,87.52,80.21,HEAVY,274.71,VERY HIGH,HEAVY LOAD,91.27,83.09,HEAVY,283.72,VERY HIGH,HEAVY LOAD,29.68,54.0,304.8,0.25,22.0,COOLING,0.25,22.0,COOLING,0.25,22.0,COOLING,0.25,22.0,COOLING,26.635,26.64,26.737,25.334,26.337,26.737,25.334,1.403,1118.54,147.75,143.99,558.43,85.0,850.0,935.0,85.0,179.92,256.03,330.12,284.11,-141.25,-9.25,-166.75,317.25,875.0,875.0,875.0,875.0,367.21,369.53,367.36,369.79,1968.71,1955.0,1050.18,3500.0,1473.89,1.0,1.0,1.0,1.0,22.5,MAX_UNIFORM_COOL,115.6068
5,Opposing Thermal Zones,0,630,6300.0,23,1,10,11,1,91.33,82.45,HEAVY,282.84,VERY HIGH,HEAVY LOAD,87.77,79.92,HEAVY,274.59,VERY HIGH,HEAVY LOAD,90.39,81.95,HEAVY,280.91,VERY HIGH,HEAVY LOAD,89.61,82.58,HEAVY,280.88,VERY HIGH,HEAVY LOAD,16.58,4.78,LIGHT,72.89,LOW,RUNNING,17.67,4.91,LIGHT,74.45,LOW,RUNNING,15.11,3.62,LIGHT,69.32,LOW,RUNNING,17.41,5.18,LIGHT,74.53,LOW,RUNNING,87.67,80.33,HEAVY,275.08,VERY HIGH,HEAVY LOAD,91.44,83.1,HEAVY,283.95,VERY HIGH,HEAVY LOAD,29.69,54.0,305.0,0.25,22.0,COOLING,0.25,22.0,COOLING,0.25,22.0,COOLING,0.25,22.0,COOLING,26.643,26.648,26.745,25.342,26.345,26.745,25.342,1.403,1119.22,147.34,143.85,559.03,85.0,850.0,935.0,85.0,180.06,256.2,330.37,284.27,-141.03,-9.47,-166.53,317.03,875.0,875.0,875.0,875.0,368.25,369.07,367.69,370.33,1969.44,1955.0,1050.9,3500.0,1475.34,1.0,1.0,1.0,1.0,22.5,MAX_UNIFORM_COOL,116.5203
5,Opposing Thermal Zones,0,631,6310.0,23,1,10,11,1,91.25,82.52,HEAVY,282.84,VERY HIGH,HEAVY LOAD,87.86,80.05,HEAVY,274.9,VERY HIGH,HEAVY LOAD,90.57,82.03,HEAVY,281.26,VERY HIGH,HEAVY LOAD,89.71,82.52,HEAVY,280.92,VERY HIGH,HEAVY LOAD,16.52,4.71,LIGHT,72.72,LOW,RUNNING,17.54,4.83,LIGHT,74.17,LOW,RUNNING,15.02,3.6,LIGHT,69.17,LOW,RUNNING,17.44,5.24,LIGHT,74.66,LOW,RUNNING,87.84,80.43,HEAVY,275.44,VERY HIGH,HEAVY LOAD,91.57,83.08,HEAVY,284.08,VERY HIGH,HEAVY LOAD,29.69,54.0,305.2,0.25,22.0,COOLING,0.25,22.0,COOLING,0.25,22.0,COOLING,0.25,22.0,COOLING,26.651,26.656,26.753,25.35,26.352,26.753,25.35,1.403,1119.92,146.89,143.83,559.52,85.0,850.0,935.0,85.0,179.96,256.15,330.37,284.23,-141.03,-9.47,-166.53,317.03,875.0,875.0,875.0,875.0,368.85,368.57,367.67,370.78,1970.16,1955.0,1050.71,3500.0,1475.87,1.0,1.0,1.0,1.0,22.5,MAX_UNIFORM_COOL,117.4355
5,Opposing Thermal Zones,0,632,6320.0,23,1,10,11,1,91.21,82.62,HEAVY,282.94,VERY HIGH,HEAVY LOAD,87.99,80.18,HEAVY,275.26,VERY HIGH,HEAVY LOAD,90.74,82.08,HEAVY,281.55,VERY HIGH,HEAVY LOAD,89.77,82.44,HEAVY,280.87,VERY HIGH,HEAVY LOAD,16.44,4.63,LIGHT,72.5,LOW,RUNNING,17.4,4.75,LIGHT,73.88,LOW,RUNNING,14.95,3.6,LIGHT,69.09,LOW,RUNNING,17.5,5.32,LIGHT,74.86,LOW,RUNNING,88.02,80.51,HEAVY,275.79,VERY HIGH,HEAVY LOAD,91.68,83.04,HEAVY,284.16,VERY HIGH,HEAVY LOAD,29.69,54.0,305.3,0.25,22.0,COOLING,0.25,22.0,COOLING,0.25,22.0,COOLING,0.25,22.0,COOLING,26.659,26.664,26.761,25.358,26.361,26.761,25.358,1.403,1120.62,146.38,143.95,559.95,85.0,850.0,935.0,85.0,179.83,256.04,330.29,284.12,-141.03,-9.47,-166.53,317.03,875.0,875.0,875.0,875.0,369.42,367.95,367.71,371.1,1970.9,1955.0,1050.28,3500.0,1476.18,1.0,1.0,1.0,1.0,22.5,MAX_UNIFORM_COOL,118.3561
5,Opposing Thermal Zones,0,633,6330.0,23,1,10,11,1,91.2,82.73,HEAVY,283.1,VERY HIGH,HEAVY LOAD,88.14,80.3,HEAVY,275.62,VERY HIGH,HEAVY LOAD,90.91,82.1,HEAVY,281.79,VERY HIGH,HEAVY LOAD,89.8,82.34,HEAVY,280.76,VERY HIGH,HEAVY LOAD,16.34,4.54,LIGHT,72.23,LOW,RUNNING,17.27,4.69,LIGHT,73.62,LOW,RUNNING,14.91,3.62,LIGHT,69.07,LOW,RUNNING,17.59,5.4,LIGHT,75.09,LOW,RUNNING,88.2,80.57,HEAVY,276.11,VERY HIGH,HEAVY LOAD,91.76,82.97,HEAVY,284.16,VERY HIGH,HEAVY LOAD,29.7,54.0,305.5,0.25,22.0,COOLING,0.25,22.0,COOLING,0.25,22.0,COOLING,0.25,22.0,COOLING,26.667,26.672,26.769,25.366,26.369,26.769,25.366,1.403,1121.27,145.85,144.16,560.27,85.0,850.0,935.0,85.0,179.94,256.21,330.5,284.29,-141.03,-9.47,-166.53,317.03,875.0,875.0,875.0,875.0,370.18,367.59,368.13,371.59,1971.55,1955.0,1050.94,3500.0,1477.49,1.0,1.0,1.0,1.0,22.5,MAX_UNIFORM_COOL,119.2863
5,Opposing Thermal Zones,0,634,6340.0,23,1,10,11,1,91.24,82.86,HEAVY,283.34,VERY HIGH,HEAVY LOAD,88.31,80.41,HEAVY,276.0,VERY HIGH,HEAVY LOAD,91.05,82.09,HEAVY,281.95,VERY HIGH,HEAVY LOAD,89.79,82.23,HEAVY,280.58,VERY HIGH,HEAVY LOAD,16.23,4.45,LIGHT,71.96,LOW,RUNNING,17.15,4.64,LIGHT,73.4,LOW,RUNNING,14.9,3.66,LIGHT,69.11,LOW,RUNNING,17.7,5.49,LIGHT,75.36,LOW,RUNNING,88.36,80.6,HEAVY,276.35,VERY HIGH,HEAVY LOAD,91.8,82.87,HEAVY,284.06,VERY HIGH,HEAVY LOAD,29.7,54.0,305.7,0.25,22.0,COOLING,0.25,22.0,COOLING,0.25,22.0,COOLING,0.25,22.0,COOLING,26.675,26.679,26.777,25.374,26.376,26.777,25.374,1.403,1121.87,145.36,144.47,560.41,85.0,850.0,935.0,85.0,179.85,256.16,330.51,284.24,-141.03,-9.47,-166.53,317.03,875.0,875.0,875.0,875.0,370.69,367.05,368.45,371.68,1972.11,1955.0,1050.76,3500.0,1477.87,1.0,1.0,1.0,1.0,22.5,MAX_UNIFORM_COOL,120.1838
5,Opposing Thermal Zones,0,635,6350.0,23,1,10,11,1,91.32,82.99,HEAVY,283.63,VERY HIGH,HEAVY LOAD,88.48,80.5,HEAVY,276.35,VERY HIGH,HEAVY LOAD,91.16,82.05,HEAVY,282.02,VERY HIGH,HEAVY LOAD,89.73,82.1,HEAVY,280.31,VERY HIGH,HEAVY LOAD,16.1,4.37,LIGHT,71.68,LOW,RUNNING,17.05,4.61,LIGHT,73.23,LOW,RUNNING,14.92,3.71,LIGHT,69.22,LOW,RUNNING,17.82,5.58,LIGHT,75.65,LOW,RUNNING,88.51,80.6,HEAVY,276.54,VERY HIGH,HEAVY LOAD,91.79,82.76,HEAVY,283.88,VERY HIGH,HEAVY LOAD,29.7,54.0,305.8,0.25,22.0,COOLING,0.25,22.0,COOLING,0.25,22.0,COOLING,0.25,22.0,COOLING,26.683,26.686,26.785,25.382,26.384,26.785,25.382,1.403,1122.31,144.91,144.87,560.42,85.0,850.0,935.0,85.0,179.71,256.07,330.41,284.13,-141.14,-9.23,-166.64,317.02,875.0,875.0,875.0,875.0,370.88,366.75,368.64,371.57,1972.51,1955.0,1050.32,3500.0,1477.84,1.0,1.0,1.0,1.0,22.5,MAX_UNIFORM_COOL,121.0856
5,Opposing Thermal Zones,0,636,6360.0,23,1,10,11,1,91.43,83.12,HEAVY,283.97,VERY HIGH,HEAVY LOAD,88.66,80.56,HEAVY,276.66,VERY HIGH,HEAVY LOAD,91.25,81.98,HEAVY,282.03,VERY HIGH,HEAVY LOAD,89.64,81.96,HEAVY,279.99,VERY HIGH,HEAVY LOAD,15.96,4.29,LIGHT,71.39,LOW,RUNNING,16.98,4.6,LIGHT,73.12,LOW,RUNNING,14.97,3.78,LIGHT,69.38,LOW,RUNNING,17.95,5.66,LIGHT,75.93,LOW,RUNNING,88.64,80.56,HEAVY,276.64,VERY HIGH,HEAVY LOAD,91.75,82.63,HEAVY,283.63,VERY HIGH,HEAVY LOAD,29.71,54.0,306.0,0.25,22.0,COOLING,0.25,22.0,COOLING,0.25,22.0,COOLING,0.25,22.0,COOLING,26.691,26.693,26.793,25.39,26.392,26.793,25.39,1.403,1122.65,144.51,145.31,560.27,85.0,850.0,935.0,85.0,179.83,256.27,330.64,284.3,-141.25,-9.0,-166.75,317.0,875.0,875.0,875.0,875.0,371.23,366.78,369.2,371.57,1972.74,1955.0,1051.04,3500.0,1478.78,1.0,1.0,1.0,1.0,22.5,MAX_UNIFORM_COOL,121.9968
5,Opposing Thermal Zones,0,637,6370.0,23,1,10,11,1,91.57,83.25,HEAVY,284.34,VERY HIGH,HEAVY LOAD,88.83,80.59,HEAVY,276.92,VERY HIGH,HEAVY LOAD,91.29,81.89,HEAVY,281.95,VERY HIGH,HEAVY LOAD,89.52,81.83,HEAVY,279.64,VERY HIGH,HEAVY LOAD,15.83,4.22,LIGHT,71.12,LOW,RUNNING,16.92,4.61,LIGHT,73.07,LOW,RUNNING,15.05,3.86,LIGHT,69.6,LOW,RUNNING,18.09,5.74,LIGHT,76.22,LOW,RUNNING,88.73,80.5,HEAVY,276.66,VERY HIGH,HEAVY LOAD,91.67,82.5,HEAVY,283.34,VERY HIGH,HEAVY LOAD,29.71,54.0,306.2,0.25,22.0,COOLING,0.25,22.0,COOLING,0.25,22.0,COOLING,0.25,22.0,COOLING,26.699,26.7,26.801,25.398,26.399,26.801,25.398,1.403,1122.85,144.19,145.82,560.0,85.0,850.0,935.0,85.0,179.74,256.25,330.65,284.26,-141.36,-8.77,-166.86,316.98,875.0,875.0,875.0,875.0,371.23,366.67,369.61,371.24,1972.86,1955.0,1050.9,3500.0,1478.75,1.0,1.0,1.0,1.0,22.5,MAX_UNIFORM_COOL,122.9104
5,Opposing Thermal Zones,0,638,6380.0,23,1,10,11,1,91.73,83.36,HEAVY,284.7,VERY HIGH,HEAVY LOAD,88.99,80.6,HEAVY,277.14,VERY HIGH,HEAVY LOAD,91.3,81.78,HEAVY,281.8,VERY HIGH,HEAVY LOAD,89.38,81.71,HEAVY,279.29,VERY HIGH,HEAVY LOAD,15.71,4.16,LIGHT,70.88,LOW,RUNNING,16.9,4.64,LIGHT,73.08,LOW,RUNNING,15.15,3.95,LIGHT,69.86,LOW,RUNNING,18.22,5.81,LIGHT,76.49,LOW,RUNNING,88.78,80.42,HEAVY,276.61,VERY HIGH,HEAVY LOAD,91.56,82.36,HEAVY,282.99,VERY HIGH,HEAVY LOAD,29.72,54.0,306.3,0.25,22.0,COOLING,0.25,22.0,COOLING,0.25,22.0,COOLING,0.25,22.0,COOLING,26.707,26.707,26.809,25.406,26.407,26.809,25.406,1.403,1122.93,143.96,146.35,559.6,85.0,850.0,935.0,85.0,179.81,256.37,330.77,284.36,-141.47,-8.53,-166.97,316.97,875.0,875.0,875.0,875.0,371.27,366.8,370.15,370.93,1972.84,1955.0,1051.31,3500.0,1479.15,1.0,1.0,1.0,1.0,22.5,MAX_UNIFORM_COOL,123.8312
5,Opposing Thermal Zones,0,639,6390.0,23,1,10,11,1,91.9,83.46,HEAVY,285.06,VERY HIGH,HEAVY LOAD,89.12,80.57,HEAVY,277.25,VERY HIGH,HEAVY LOAD,91.26,81.66,HEAVY,281.56,VERY HIGH,HEAVY LOAD,89.21,81.6,HEAVY,278.91,VERY HIGH,HEAVY LOAD,15.6,4.12,LIGHT,70.68,LOW,RUNNING,16.91,4.69,LIGHT,73.17,LOW,RUNNING,15.26,4.04,LIGHT,70.14,LOW,RUNNING,18.34,5.86,LIGHT,76.72,LOW,RUNNING,88.8,80.31,HEAVY,276.47,VERY HIGH,HEAVY LOAD,91.42,82.24,HEAVY,282.63,VERY HIGH,HEAVY LOAD,29.72,54.0,306.5,0.25,22.0,COOLING,0.25,22.0,COOLING,0.25,22.0,COOLING,0.25,22.0,COOLING,26.715,26.714,26.817,25.414,26.415,26.817,25.414,1.403,1122.78,143.85,146.86,559.1,85.0,850.0,935.0,85.0,179.72,256.34,330.78,284.31,-141.58,-8.29,-167.08,316.96,875.0,875.0,875.0,875.0,370.92,366.9,370.56,370.37,1972.59,1955.0,1051.15,3500.0,1478.75,1.0,1.0,1.0,1.0,22.5,MAX_UNIFORM_COOL,124.7546
5,Opposing Thermal Zones,0,640,6400.0,23,1,10,11,1,92.08,83.54,HEAVY,285.41,VERY HIGH,HEAVY LOAD,89.21,80.52,HEAVY,277.29,VERY HIGH,HEAVY LOAD,91.19,81.52,HEAVY,281.27,VERY HIGH,HEAVY LOAD,89.03,81.51,HEAVY,278.55,VERY HIGH,HEAVY LOAD,15.51,4.1,LIGHT,70.54,LOW,RUNNING,16.95,4.75,LIGHT,73.31,LOW,RUNNING,15.39,4.13,LIGHT,70.43,LOW,RUNNING,18.44,5.89,LIGHT,76.88,LOW,RUNNING,88.78,80.19,HEAVY,276.26,VERY HIGH,HEAVY LOAD,91.25,82.12,HEAVY,282.24,VERY HIGH,HEAVY LOAD,29.72,54.0,306.7,0.25,22.0,COOLING,0.25,22.0,COOLING,0.25,22.0,COOLING,0.25,22.0,COOLING,26.723,26.721,26.825,25.422,26.423,26.825,25.422,1.403,1122.52,143.85,147.31,558.5,85.0,850.0,935.0,85.0,179.62,256.32,330.77,284.27,-141.69,-8.06,-167.19,316.94,875.0,875.0,875.0,875.0,370.45,367.11,370.89,369.71,1972.18,1955.0,1050.98,3500.0,1478.16,1.0,1.0,1.0,1.0,22.5,MAX_UNIFORM_COOL,125.6828
5,Opposing Thermal Zones,0,641,6410.0,23,1,10,11,1,92.26,83.58,HEAVY,285.7,VERY HIGH,HEAVY LOAD,89.28,80.44,HEAVY,277.26,VERY HIGH,HEAVY LOAD,91.08,81.39,HEAVY,280.94,VERY HIGH,HEAVY LOAD,88.85,81.44,HEAVY,278.22,VERY HIGH,HEAVY LOAD,15.44,4.1,LIGHT,70.45,LOW,RUNNING,17.01,4.82,LIGHT,73.49,LOW,RUNNING,15.53,4.21,LIGHT,70.73,LOW,RUNNING,18.52,5.9,LIGHT,77.0,LOW,RUNNING,88.71,80.06,HEAVY,275.98,VERY HIGH,HEAVY LOAD,91.08,82.03,HEAVY,281.89,VERY HIGH,HEAVY LOAD,29.73,54.0,306.8,0.25,22.0,COOLING,0.25,22.0,COOLING,0.25,22.0,COOLING,0.25,22.0,COOLING,26.731,26.729,26.833,25.43,26.431,26.833,25.43,1.403,1122.12,143.94,147.73,557.87,85.0,850.0,935.0,85.0,179.7,256.44,330.91,284.37,-141.8,-7.83,-167.3,316.92,875.0,875.0,875.0,875.0,370.02,367.55,371.34,369.16,1971.66,1955.0,1051.42,3500.0,1478.07,1.0,1.0,1.0,1.0,22.5,MAX_UNIFORM_COOL,126.6552
5,Opposing Thermal Zones,0,642,6420.0,23,1,10,11,1,92.42,83.6,HEAVY,285.93,VERY HIGH,HEAVY LOAD,89.3,80.33,HEAVY,277.12,VERY HIGH,HEAVY LOAD,90.95,81.26,HEAVY,280.58,VERY HIGH,HEAVY LOAD,88.68,81.41,HEAVY,277.97,VERY HIGH,HEAVY LOAD,15.41,4.12,LIGHT,70.44,LOW,RUNNING,17.1,4.91,LIGHT,73.74,LOW,RUNNING,15.66,4.28,LIGHT,71.0,LOW,RUNNING,18.57,5.89,LIGHT,77.05,LOW,RUNNING,88.61,79.92,HEAVY,275.64,VERY HIGH,HEAVY LOAD,90.9,81.96,HEAVY,281.56,VERY HIGH,HEAVY LOAD,29.73,54.0,307.0,0.25,22.0,COOLING,0.25,22.0,COOLING,0.25,22.0,COOLING,0.25,22.0,COOLING,26.739,26.737,26.841,25.438,26.439,26.841,25.438,1.403,1121.6,144.18,148.05,557.2,85.0,850.0,935.0,85.0,179.6,256.4,330.91,284.33,-141.8,-7.82,-167.3,316.93,875.0,875.0,875.0,875.0,369.4,367.76,371.66,368.46,1971.03,1955.0,1051.24,3500.0,1477.28,1.0,1.0,1.0,1.0,22.5,MAX_UNIFORM_COOL,127.6305
5,Opposing Thermal Zones,0,643,6430.0,23,1,10,11,1,92.56,83.59,HEAVY,286.09,VERY HIGH,HEAVY LOAD,89.28,80.21,HEAVY,276.92,VERY HIGH,HEAVY LOAD,90.79,81.14,HEAVY,280.2,VERY HIGH,HEAVY LOAD,88.53,81.4,HEAVY,277.76,VERY HIGH,HEAVY LOAD,15.4,4.16,LIGHT,70.49,LOW,RUNNING,17.21,5.0,LIGHT,74.01,LOW,RUNNING,15.78,4.33,LIGHT,71.22,LOW,RUNNING,18.6,5.86,LIGHT,77.04,LOW,RUNNING,88.48,79.79,HEAVY,275.29,VERY HIGH,HEAVY LOAD,90.73,81.91,HEAVY,281.28,VERY HIGH,HEAVY LOAD,29.73,54.0,307.2,0.25,22.0,COOLING,0.25,22.0,COOLING,0.25,22.0,COOLING,0.25,22.0,COOLING,26.747,26.745,26.849,25.446,26.447,26.849,25.446,1.403,1120.97,144.5,148.26,556.57,85.0,850.0,935.0,85.0,179.51,256.35,330.91,284.28,-141.8,-7.82,-167.3,316.93,875.0,875.0,875.0,875.0,368.68,368.03,371.87,367.78,1970.3,1955.0,1051.05,3500.0,1476.36,1.0,1.0,1.0,1.0,22.5,MAX_UNIFORM_COOL,128.6106
5,Opposing Thermal Zones,0,644,6440.0,23,1,10,11,1,92.67,83.55,HEAVY,286.16,VERY HIGH,HEAVY LOAD,89.23,80.08,HEAVY,276.66,VERY HIGH,HEAVY LOAD,90.61,81.05,HEAVY,279.84,VERY HIGH,HEAVY LOAD,88.39,81.42,HEAVY,277.62,VERY HIGH,HEAVY LOAD,15.42,4.22,LIGHT,70.61,LOW,RUNNING,17.33,5.09,LIGHT,74.3,LOW,RUNNING,15.89,4.38,LIGHT,71.43,LOW,RUNNING,18.59,5.82,LIGHT,76.97,LOW,RUNNING,88.33,79.67,HEAVY,274.92,VERY HIGH,HEAVY LOAD,90.56,81.9,HEAVY,281.05,VERY HIGH,HEAVY LOAD,29.74,54.0,307.3,0.25,22.0,COOLING,0.25,22.0,COOLING,0.25,22.0,COOLING,0.25,22.0,COOLING,26.755,26.753,26.857,25.453,26.454,26.857,25.453,1.404,1120.28,144.91,148.4,555.97,85.0,850.0,935.0,85.0,179.59,256.45,331.05,284.38,-141.8,-7.83,-167.3,316.92,875.0,875.0,875.0,875.0,368.07,368.53,372.15,367.27,1969.56,1955.0,1051.47,3500.0,1476.02,1.0,1.0,1.0,1.0,22.5,MAX_UNIFORM_COOL,129.595
5,Opposing Thermal Zones,0,645,6450.0,23,1,10,11,1,92.75,83.48,HEAVY,286.16,VERY HIGH,HEAVY LOAD,89.14,79.95,HEAVY,276.35,VERY HIGH,HEAVY LOAD,90.43,80.97,HEAVY,279.49,VERY HIGH,HEAVY LOAD,88.29,81.48,HEAVY,277.58,VERY HIGH,HEAVY LOAD,15.48,4.29,LIGHT,70.78,LOW,RUNNING,17.46,5.17,LIGHT,74.58,LOW,RUNNING,15.98,4.4,LIGHT,71.57,LOW,RUNNING,18.56,5.76,LIGHT,76.84,LOW,RUNNING,88.16,79.57,HEAVY,274.55,VERY HIGH,HEAVY LOAD,90.43,81.92,HEAVY,280.92,VERY HIGH,HEAVY LOAD,29.74,54.0,307.5,0.25,22.0,COOLING,0.25,22.0,COOLING,0.25,22.0,COOLING,0.25,22.0,COOLING,26.762,26.761,26.865,25.46,26.462,26.865,25.46,1.405,1119.58,145.36,148.41,555.47,85.0,850.0,935.0,85.0,179.49,256.41,331.04,284.36,-141.91,-7.84,-167.41,317.16,875.0,875.0,875.0,875.0,367.16,368.93,372.04,366.99,1968.82,1955.0,1051.3,3500.0,1475.12,1.0,1.0,1.0,1.0,22.5,MAX_UNIFORM_COOL,130.5432
5,Opposing Thermal Zones,0,646,6460.0,23,1,10,11,1,92.79,83.38,HEAVY,286.06,VERY HIGH,HEAVY LOAD,89.01,79.82,HEAVY,275.99,VERY HIGH,HEAVY LOAD,90.26,80.92,HEAVY,279.2,VERY HIGH,HEAVY LOAD,88.23,81.56,HEAVY,277.63,VERY HIGH,HEAVY LOAD,15.56,4.37,LIGHT,71.01,LOW,RUNNING,17.6,5.25,LIGHT,74.88,LOW,RUNNING,16.05,4.4,LIGHT,71.66,LOW,RUNNING,18.5,5.68,LIGHT,76.64,LOW,RUNNING,87.98,79.49,HEAVY,274.21,VERY HIGH,HEAVY LOAD,90.32,81.96,HEAVY,280.84,VERY HIGH,HEAVY LOAD,29.74,54.0,307.7,0.25,22.0,COOLING,0.25,22.0,COOLING,0.25,22.0,COOLING,0.25,22.0,COOLING,26.769,26.769,26.873,25.467,26.47,26.873,25.467,1.406,1118.88,145.89,148.3,555.05,85.0,850.0,935.0,85.0,179.42,256.36,331.05,284.33,-141.79,-7.96,-167.53,317.28,875.0,875.0,875.0,875.0,366.51,369.29,371.82,366.66,1968.12,1955.0,1051.16,3500.0,1474.28,1.0,1.0,1.0,1.0,22.5,MAX_UNIFORM_COOL,131.4966
5,Opposing Thermal Zones,0,647,6470.0,23,1,10,11,1,92.8,83.27,HEAVY,285.9,VERY HIGH,HEAVY LOAD,88.86,79.7,HEAVY,275.62,VERY HIGH,HEAVY LOAD,90.09,80.9,HEAVY,278.96,VERY HIGH,HEAVY LOAD,88.2,81.66,HEAVY,277.74,VERY HIGH,HEAVY LOAD,15.66,4.46,LIGHT,71.27,LOW,RUNNING,17.73,5.31,LIGHT,75.13,LOW,RUNNING,16.09,4.38,LIGHT,71.68,LOW,RUNNING,18.41,5.6,LIGHT,76.41,LOW,RUNNING,87.8,79.43,HEAVY,273.9,VERY HIGH,HEAVY LOAD,90.24,82.03,HEAVY,280.85,VERY HIGH,HEAVY LOAD,29.75,54.0,307.8,0.25,22.0,COOLING,0.25,22.0,COOLING,0.25,22.0,COOLING,0.25,22.0,COOLING,26.776,26.777,26.881,25.474,26.477,26.881,25.474,1.407,1118.22,146.4,148.09,554.75,85.0,850.0,935.0,85.0,179.51,256.47,331.18,284.46,-141.66,-8.09,-167.66,317.41,875.0,875.0,875.0,875.0,366.07,369.78,371.61,366.62,1967.46,1955.0,1051.62,3500.0,1474.08,1.0,1.0,1.0,1.0,22.5,MAX_UNIFORM_COOL,132.4568
5,Opposing Thermal Zones,0,648,6480.0,23,1,10,11,1,92.76,83.14,HEAVY,285.66,VERY HIGH,HEAVY LOAD,88.69,79.59,HEAVY,275.25,VERY HIGH,HEAVY LOAD,89.95,80.91,HEAVY,278.8,VERY HIGH,HEAVY LOAD,88.21,81.77,HEAVY,277.92,VERY HIGH,HEAVY LOAD,15.77,4.55,LIGHT,71.54,LOW,RUNNING,17.85,5.36,LIGHT,75.35,LOW,RUNNING,16.1,4.34,LIGHT,71.64,LOW,RUNNING,18.3,5.51,LIGHT,76.14,LOW,RUNNING,87.64,79.4,HEAVY,273.65,VERY HIGH,HEAVY LOAD,90.2,82.13,HEAVY,280.94,VERY HIGH,HEAVY LOAD,29.75,54.0,308.0,0.25,22.0,COOLING,0.25,22.0,COOLING,0.25,22.0,COOLING,0.25,22.0,COOLING,26.783,26.785,26.889,25.481,26.485,26.889,25.481,1.408,1117.63,146.89,147.78,554.59,85.0,850.0,935.0,85.0,179.44,256.42,331.18,284.43,-141.53,-8.22,-167.78,317.54,875.0,875.0,875.0,875.0,365.54,370.09,371.18,366.56,1966.89,1955.0,1051.47,3500.0,1473.37,1.0,1.0,1.0,1.0,22.5,MAX_UNIFORM_COOL,133.4194
5,Opposing Thermal Zones,0,649,6490.0,23,1,10,11,1,92.68,83.01,HEAVY,285.37,VERY HIGH,HEAVY LOAD,88.52,79.5,HEAVY,274.9,VERY HIGH,HEAVY LOAD,89.84,80.95,HEAVY,278.73,VERY HIGH,HEAVY LOAD,88.27,81.9,HEAVY,278.19,VERY HIGH,HEAVY LOAD,15.9,4.63,LIGHT,71.82,LOW,RUNNING,17.95,5.39,LIGHT,75.52,LOW,RUNNING,16.08,4.29,LIGHT,71.53,LOW,RUNNING,18.18,5.42,LIGHT,75.85,LOW,RUNNING,87.49,79.4,HEAVY,273.46,VERY HIGH,HEAVY LOAD,90.21,82.24,HEAVY,281.12,VERY HIGH,HEAVY LOAD,29.75,54.0,308.2,0.25,22.0,COOLING,0.25,22.0,COOLING,0.25,22.0,COOLING,0.25,22.0,COOLING,26.79,26.793,26.897,25.488,26.492,26.897,25.488,1.409,1117.19,147.34,147.38,554.58,85.0,850.0,935.0,85.0,179.36,256.37,331.18,284.4,-141.41,-8.34,-167.91,317.66,875.0,875.0,875.0,875.0,365.14,370.37,370.65,366.64,1966.49,1955.0,1051.31,3500.0,1472.8,1.0,1.0,1.0,1.0,22.5,MAX_UNIFORM_COOL,134.3869
5,Opposing Thermal Zones,0,650,6500.0,23,1,10,11,1,92.57,82.88,HEAVY,285.03,VERY HIGH,HEAVY LOAD,88.34,79.44,HEAVY,274.59,VERY HIGH,HEAVY LOAD,89.75,81.02,HEAVY,278.72,VERY HIGH,HEAVY LOAD,88.36,82.04,HEAVY,278.51,VERY HIGH,HEAVY LOAD,16.04,4.71,LIGHT,72.11,LOW,RUNNING,18.02,5.4,LIGHT,75.62,LOW,RUNNING,16.03,4.22,LIGHT,71.37,LOW,RUNNING,18.05,5.34,LIGHT,75.57,LOW,RUNNING,87.36,79.44,HEAVY,273.36,VERY HIGH,HEAVY LOAD,90.25,82.37,HEAVY,281.37,VERY HIGH,HEAVY LOAD,29.76,54.0,308.3,0.25,22.0,COOLING,0.25,22.0,COOLING,0.25,22.0,COOLING,0.25,22.0,COOLING,26.797,26.801,26.905,25.495,26.5,26.905,25.495,1.41,1116.85,147.73,146.94,554.73,85.0,850.0,935.0,85.0,179.47,256.48,331.31,284.54,-141.28,-8.47,-168.03,317.78,875.0,875.0,875.0,875.0,365.04,370.74,370.22,367.05,1966.25,1955.0,1051.8,3500.0,1473.05,1.0,1.0,1.0,1.0,22.5,MAX_UNIFORM_COOL,135.362
5,Opposing Thermal Zones,0,651,6510.0,23,1,10,11,1,92.43,82.75,HEAVY,284.66,VERY HIGH,HEAVY LOAD,88.17,79.41,HEAVY,274.33,VERY HIGH,HEAVY LOAD,89.71,81.11,HEAVY,278.8,VERY HIGH,HEAVY LOAD,88.48,82.17,HEAVY,278.86,VERY HIGH,HEAVY LOAD,16.17,4.78,LIGHT,72.38,LOW,RUNNING,18.08,5.39,LIGHT,75.68,LOW,RUNNING,15.95,4.14,LIGHT,71.15,LOW,RUNNING,17.91,5.26,LIGHT,75.28,LOW,RUNNING,87.27,79.5,HEAVY,273.34,VERY HIGH,HEAVY LOAD,90.33,82.5,HEAVY,281.66,VERY HIGH,HEAVY LOAD,29.76,54.0,308.5,0.25,22.0,COOLING,0.25,22.0,COOLING,0.25,22.0,COOLING,0.25,22.0,COOLING,26.804,26.809,26.913,25.502,26.507,26.913,25.502,1.411,1116.65,148.06,146.43,555.0,85.0,850.0,935.0,85.0,179.39,256.43,331.32,284.51,-141.16,-8.59,-168.16,317.91,875.0,875.0,875.0,875.0,364.88,370.9,369.59,367.42,1966.14,1955.0,1051.65,3500.0,1472.79,1.0,1.0,1.0,1.0,22.5,MAX_UNIFORM_COOL,136.3396
5,Opposing Thermal Zones,0,652,6520.0,23,1,10,11,1,92.27,82.64,HEAVY,284.3,VERY HIGH,HEAVY LOAD,88.01,79.4,HEAVY,274.11,VERY HIGH,HEAVY LOAD,89.7,81.22,HEAVY,278.95,VERY HIGH,HEAVY LOAD,88.62,82.29,HEAVY,279.21,VERY HIGH,HEAVY LOAD,16.29,4.84,LIGHT,72.62,LOW,RUNNING,18.1,5.36,LIGHT,75.67,LOW,RUNNING,15.85,4.05,LIGHT,70.89,LOW,RUNNING,17.78,5.19,LIGHT,75.01,LOW,RUNNING,87.22,79.58,HEAVY,273.39,VERY HIGH,HEAVY LOAD,90.44,82.64,HEAVY,282.01,VERY HIGH,HEAVY LOAD,29.76,54.0,308.7,0.25,22.0,COOLING,0.25,22.0,COOLING,0.25,22.0,COOLING,0.25,22.0,COOLING,26.811,26.817,26.921,25.51,26.515,26.921,25.51,1.411,1116.57,148.29,145.9,555.4,85.0,850.0,935.0,85.0,179.31,256.39,331.32,284.49,-141.03,-8.72,-168.29,318.04,875.0,875.0,875.0,875.0,364.85,370.96,368.93,367.93,1966.16,1955.0,1051.51,3500.0,1472.67,1.0,1.0,1.0,1.0,22.5,MAX_UNIFORM_COOL,137.3267
5,Opposing Thermal Zones,0,653,6530.0,23,1,10,11,1,92.1,82.54,HEAVY,283.94,VERY HIGH,HEAVY LOAD,87.88,79.43,HEAVY,274.0,VERY HIGH,HEAVY LOAD,89.74,81.34,HEAVY,279.19,VERY HIGH,HEAVY LOAD,88.79,82.4,HEAVY,279.59,VERY HIGH,HEAVY LOAD,16.4,4.88,LIGHT,72.82,LOW,RUNNING,18.09,5.31,LIGHT,75.58,LOW,RUNNING,15.74,3.96,LIGHT,70.61,LOW,RUNNING,17.66,5.14,LIGHT,74.78,LOW,RUNNING,87.2,79.69,HEAVY,273.53,VERY HIGH,HEAVY LOAD,90.58,82.76,HEAVY,282.37,VERY HIGH,HEAVY LOAD,29.77,54.0,308.8,0.25,22.0,COOLING,0.25,22.0,COOLING,0.25,22.0,COOLING,0.25,22.0,COOLING,26.818,26.825,26.929,25.518,26.523,26.929,25.518,1.411,1116.72,148.4,145.39,555.9,85.0,850.0,935.0,85.0,179.42,256.49,331.45,284.59,-140.8,-8.83,-168.3,317.92,875.0,875.0,875.0,875.0,365.34,371.06,368.54,368.41,1966.41,1955.0,1051.95,3500.0,1473.35,1.0,1.0,1.0,1.0,22.5,MAX_UNIFORM_COOL,138.3233
5,Opposing Thermal Zones,0,654,6540.0,23,1,10,11,1,91.92,82.46,HEAVY,283.59,VERY HIGH,HEAVY LOAD,87.79,79.48,HEAVY,273.96,VERY HIGH,HEAVY LOAD,89.81,81.48,HEAVY,279.48,VERY HIGH,HEAVY LOAD,88.97,82.49,HEAVY,279.95,VERY HIGH,HEAVY LOAD,16.49,4.9,LIGHT,72.96,LOW,RUNNING,18.05,5.25,LIGHT,75.44,LOW,RUNNING,15.61,3.87,LIGHT,70.32,LOW,RUNNING,17.56,5.11,LIGHT,74.61,LOW,RUNNING,87.22,79.81,HEAVY,273.74,VERY HIGH,HEAVY LOAD,90.75,82.88,HEAVY,282.76,VERY HIGH,HEAVY LOAD,29.77,54.0,309.0,0.25,22.0,COOLING,0.25,22.0,COOLING,0.25,22.0,COOLING,0.25,22.0,COOLING,26.825,26.833,26.937,25.526,26.53,26.937,25.526,1.411,1116.98,148.4,144.93,556.5,85.0,850.0,935.0,85.0,179.35,256.44,331.46,284.54,-140.57,-8.93,-168.31,317.81,875.0,875.0,875.0,875.0,365.76,370.91,368.08,368.85,1966.81,1955.0,1051.79,3500.0,1473.6,1.0,1.0,1.0,1.0,22.5,MAX_UNIFORM_COOL,139.3232
5,Opposing Thermal Zones,0,655,6550.0,23,1,10,11,1,91.74,82.42,HEAVY,283.31,VERY HIGH,HEAVY LOAD,87.72,79.56,HEAVY,273.99,VERY HIGH,HEAVY LOAD,89.92,81.61,HEAVY,279.81,VERY HIGH,HEAVY LOAD,89.15,82.56,HEAVY,280.28,VERY HIGH,HEAVY LOAD,16.56,4.9,LIGHT,73.05,LOW,RUNNING,17.99,5.18,LIGHT,75.26,LOW,RUNNING,15.47,3.79,LIGHT,70.02,LOW,RUNNING,17.48,5.1,LIGHT,74.5,LOW,RUNNING,87.29,79.94,HEAVY,274.02,VERY HIGH,HEAVY LOAD,90.92,82.97,HEAVY,283.11,VERY HIGH,HEAVY LOAD,29.77,54.0,309.2,0.25,22.0,COOLING,0.25,22.0,COOLING,0.25,22.0,COOLING,0.25,22.0,COOLING,26.832,26.841,26.945,25.534,26.538,26.945,25.534,1.411,1117.39,148.31,144.52,557.13,85.0,850.0,935.0,85.0,179.27,256.4,331.46,284.5,-140.33,-9.04,-168.33,317.71,875.0,875.0,875.0,875.0,366.33,370.67,367.65,369.34,1967.35,1955.0,1051.63,3500.0,1473.99,1.0,1.0,1.0,1.0,22.5,MAX_UNIFORM_COOL,140.329
5,Opposing Thermal Zones,0,656,6560.0,23,1,10,11,1,91.58,82.4,HEAVY,283.07,VERY HIGH,HEAVY LOAD,87.7,79.67,HEAVY,274.13,VERY HIGH,HEAVY LOAD,90.05,81.74,HEAVY,280.17,VERY HIGH,HEAVY LOAD,89.32,82.59,HEAVY,280.53,VERY HIGH,HEAVY LOAD,16.59,4.88,LIGHT,73.06,LOW,RUNNING,17.9,5.09,LIGHT,75.01,LOW,RUNNING,15.34,3.72,LIGHT,69.75,LOW,RUNNING,17.43,5.11,LIGHT,74.45,LOW,RUNNING,87.39,80.08,HEAVY,274.36,VERY HIGH,HEAVY LOAD,91.1,83.04,HEAVY,283.44,VERY HIGH,HEAVY LOAD,29.78,54.0,309.3,0.25,22.0,COOLING,0.25,22.0,COOLING,0.25,22.0,COOLING,0.25,22.0,COOLING,26.839,26.849,26.952,25.542,26.546,26.952,25.542,1.41,1117.9,148.07,144.2,557.8,85.0,850.0,935.0,85.0,179.37,256.5,331.59,284.6,-140.1,-9.16,-168.35,317.6,875.0,875.0,875.0,875.0,367.17,370.41,367.44,370.0,1967.97,1955.0,1052.06,3500.0,1475.02,1.0,1.0,1.0,1.0,22.5,MAX_UNIFORM_COOL,141.2952
5,Opposing Thermal Zones,0,657,6570.0,23,1,10,11,1,91.44,82.41,HEAVY,282.92,VERY HIGH,HEAVY LOAD,87.72,79.79,HEAVY,274.33,VERY HIGH,HEAVY LOAD,90.21,81.86,HEAVY,280.55,VERY HIGH,HEAVY LOAD,89.47,82.6,HEAVY,280.74,VERY HIGH,HEAVY LOAD,16.6,4.84,LIGHT,73.01,LOW,RUNNING,17.79,5.0,LIGHT,74.74,LOW,RUNNING,15.22,3.67,LIGHT,69.53,LOW,RUNNING,17.4,5.14,LIGHT,74.46,LOW,RUNNING,87.52,80.21,HEAVY,274.71,VERY HIGH,HEAVY LOAD,91.27,83.09,HEAVY,283.72,VERY HIGH,HEAVY LOAD,29.78,54.0,309.5,0.25,22.0,COOLING,0.25,22.0,COOLING,0.25,22.0,COOLING,0.25,22.0,COOLING,26.847,26.857,26.959,25.55,26.553,26.959,25.55,1.409,1118.54,147.75,143.99,558.43,85.0,850.0,935.0,85.0,179.29,256.46,331.61,284.56,-139.87,-9.37,-168.13,317.37,875.0,875.0,875.0,875.0,367.96,369.84,367.47,370.36,1968.71,1955.0,1051.92,3500.0,1475.63,1.0,1.0,1.0,1.0,22.5,MAX_UNIFORM_COOL,142.3053
5,Opposing Thermal Zones,0,658,6580.0,23,1,10,11,1,91.33,82.45,HEAVY,282.84,VERY HIGH,HEAVY LOAD,87.77,79.92,HEAVY,274.59,VERY HIGH,HEAVY LOAD,90.39,81.95,HEAVY,280.91,VERY HIGH,HEAVY LOAD,89.61,82.58,HEAVY,280.88,VERY HIGH,HEAVY LOAD,16.58,4.78,LIGHT,72.89,LOW,RUNNING,17.67,4.91,LIGHT,74.45,LOW,RUNNING,15.11,3.62,LIGHT,69.32,LOW,RUNNING,17.41,5.18,LIGHT,74.53,LOW,RUNNING,87.67,80.33,HEAVY,275.08,VERY HIGH,HEAVY LOAD,91.44,83.1,HEAVY,283.95,VERY HIGH,HEAVY LOAD,29.78,54.0,309.7,0.25,22.0,COOLING,0.25,22.0,COOLING,0.25,22.0,COOLING,0.25,22.0,COOLING,26.855,26.865,26.967,25.558,26.561,26.967,25.558,1.409,1119.22,147.34,143.85,559.03,85.0,850.0,935.0,85.0,179.2,256.4,331.64,284.51,-139.89,-9.48,-167.89,317.26,875.0,875.0,875.0,875.0,368.53,369.26,367.6,370.8,1969.44,1955.0,1051.75,3500.0,1476.19,1.0,1.0,1.0,1.0,22.5,MAX_UNIFORM_COOL,143.3682
5,Opposing Thermal Zones,0,659,6590.0,23,1,10,11,1,91.25,82.52,HEAVY,282.84,VERY HIGH,HEAVY LOAD,87.86,80.05,HEAVY,274.9,VERY HIGH,HEAVY LOAD,90.57,82.03,HEAVY,281.26,VERY HIGH,HEAVY LOAD,89.71,82.52,HEAVY,280.92,VERY HIGH,HEAVY LOAD,16.52,4.71,LIGHT,72.72,LOW,RUNNING,17.54,4.83,LIGHT,74.17,LOW,RUNNING,15.02,3.6,LIGHT,69.17,LOW,RUNNING,17.44,5.24,LIGHT,74.66,LOW,RUNNING,87.84,80.43,HEAVY,275.44,VERY HIGH,HEAVY LOAD,91.57,83.08,HEAVY,284.08,VERY HIGH,HEAVY LOAD,29.79,54.0,309.8,0.25,22.0,COOLING,0.25,22.0,COOLING,0.25,22.0,COOLING,0.25,22.0,COOLING,26.863,26.873,26.975,25.566,26.569,26.975,25.566,1.409,1119.92,146.89,143.83,559.52,85.0,850.0,935.0,85.0,179.27,256.51,331.76,284.61,-139.89,-9.48,-167.89,317.26,875.0,875.0,875.0,875.0,369.3,368.92,367.7,371.39,1970.16,1955.0,1052.15,3500.0,1477.31,1.0,1.0,1.0,1.0,22.5,MAX_UNIFORM_COOL,144.4388
5,Opposing Thermal Zones,0,660,6600.0,23,1,10,11,1,91.21,82.62,HEAVY,282.94,VERY HIGH,HEAVY LOAD,87.99,80.18,HEAVY,275.26,VERY HIGH,HEAVY LOAD,90.74,82.08,HEAVY,281.55,VERY HIGH,HEAVY LOAD,89.77,82.44,HEAVY,280.87,VERY HIGH,HEAVY LOAD,16.44,4.63,LIGHT,72.5,LOW,RUNNING,17.4,4.75,LIGHT,73.88,LOW,RUNNING,14.95,3.6,LIGHT,69.09,LOW,RUNNING,17.5,5.32,LIGHT,74.86,LOW,RUNNING,88.02,80.51,HEAVY,275.79,VERY HIGH,HEAVY LOAD,91.68,83.04,HEAVY,284.16,VERY HIGH,HEAVY LOAD,29.79,54.0,310.0,0.25,22.0,COOLING,0.25,22.0,COOLING,0.25,22.0,COOLING,0.25,22.0,COOLING,26.871,26.881,26.983,25.574,26.577,26.983,25.574,1.409,1120.62,146.38,143.95,559.95,85.0,850.0,935.0,85.0,179.18,256.47,331.77,284.57,-139.89,-9.49,-167.89,317.27,875.0,875.0,875.0,875.0,369.91,368.36,367.83,371.79,1970.9,1955.0,1051.99,3500.0,1477.89,1.0,1.0,1.0,1.0,22.5,MAX_UNIFORM_COOL,145.5132
5,Opposing Thermal Zones,0,661,6610.0,23,1,10,11,1,91.2,82.73,HEAVY,283.1,VERY HIGH,HEAVY LOAD,88.14,80.3,HEAVY,275.62,VERY HIGH,HEAVY LOAD,90.91,82.1,HEAVY,281.79,VERY HIGH,HEAVY LOAD,89.8,82.34,HEAVY,280.76,VERY HIGH,HEAVY LOAD,16.34,4.54,LIGHT,72.23,LOW,RUNNING,17.27,4.69,LIGHT,73.62,LOW,RUNNING,14.91,3.62,LIGHT,69.07,LOW,RUNNING,17.59,5.4,LIGHT,75.09,LOW,RUNNING,88.2,80.57,HEAVY,276.11,VERY HIGH,HEAVY LOAD,91.76,82.97,HEAVY,284.16,VERY HIGH,HEAVY LOAD,29.8,54.0,310.2,0.25,22.0,COOLING,0.25,22.0,COOLING,0.25,22.0,COOLING,0.25,22.0,COOLING,26.879,26.889,26.991,25.582,26.585,26.991,25.582,1.409,1121.27,145.85,144.16,560.27,85.0,850.0,935.0,85.0,179.29,256.64,331.99,284.74,-139.89,-9.49,-167.89,317.26,875.0,875.0,875.0,875.0,370.67,368.0,368.26,372.27,1971.55,1955.0,1052.66,3500.0,1479.2,1.0,1.0,1.0,1.0,22.5,MAX_UNIFORM_COOL,146.5968
5,Opposing Thermal Zones,0,662,6620.0,23,1,10,11,1,91.24,82.86,HEAVY,283.34,VERY HIGH,HEAVY LOAD,88.31,80.41,HEAVY,276.0,VERY HIGH,HEAVY LOAD,91.05,82.09,HEAVY,281.95,VERY HIGH,HEAVY LOAD,89.79,82.23,HEAVY,280.58,VERY HIGH,HEAVY LOAD,16.23,4.45,LIGHT,71.96,LOW,RUNNING,17.15,4.64,LIGHT,73.4,LOW,RUNNING,14.9,3.66,LIGHT,69.11,LOW,RUNNING,17.7,5.49,LIGHT,75.36,LOW,RUNNING,88.36,80.6,HEAVY,276.35,VERY HIGH,HEAVY LOAD,91.8,82.87,HEAVY,284.06,VERY HIGH,HEAVY LOAD,29.8,54.0,310.3,0.25,22.0,COOLING,0.25,22.0,COOLING,0.25,22.0,COOLING,0.25,22.0,COOLING,26.887,26.896,26.999,25.59,26.593,26.999,25.59,1.409,1121.87,145.36,144.47,560.41,85.0,850.0,935.0,85.0,179.16,256.53,331.9,284.63,-139.89,-9.48,-167.89,317.26,875.0,875.0,875.0,875.0,371.14,367.41,368.48,372.3,1972.11,1955.0,1052.22,3500.0,1479.33,1.0,1.0,1.0,1.0,22.5,MAX_UNIFORM_COOL,147.6414
5,Opposing Thermal Zones,0,663,6630.0,23,1,10,11,1,91.32,82.99,HEAVY,283.63,VERY HIGH,HEAVY LOAD,88.48,80.5,HEAVY,276.35,VERY HIGH,HEAVY LOAD,91.16,82.05,HEAVY,282.02,VERY HIGH,HEAVY LOAD,89.73,82.1,HEAVY,280.31,VERY HIGH,HEAVY LOAD,16.1,4.37,LIGHT,71.68,LOW,RUNNING,17.05,4.61,LIGHT,73.23,LOW,RUNNING,14.92,3.71,LIGHT,69.22,LOW,RUNNING,17.82,5.58,LIGHT,75.65,LOW,RUNNING,88.51,80.6,HEAVY,276.54,VERY HIGH,HEAVY LOAD,91.79,82.76,HEAVY,283.88,VERY HIGH,HEAVY LOAD,29.8,54.0,310.5,0.25,22.0,COOLING,0.25,22.0,COOLING,0.25,22.0,COOLING,0.25,22.0,COOLING,26.895,26.903,27.007,25.598,26.601,27.007,25.598,1.409,1122.31,144.91,144.87,560.42,85.0,850.0,935.0,85.0,179.07,256.5,331.91,284.58,-140.0,-9.25,-168.0,317.25,875.0,875.0,875.0,875.0,371.38,367.16,368.78,372.25,1972.51,1955.0,1052.06,3500.0,1479.57,1.0,1.0,1.0,1.0,22.5,MAX_UNIFORM_COOL,148.6922
5,Opposing Thermal Zones,0,664,6640.0,23,1,10,11,1,91.43,83.12,HEAVY,283.97,VERY HIGH,HEAVY LOAD,88.66,80.56,HEAVY,276.66,VERY HIGH,HEAVY LOAD,91.25,81.98,HEAVY,282.03,VERY HIGH,HEAVY LOAD,89.64,81.96,HEAVY,279.99,VERY HIGH,HEAVY LOAD,15.96,4.29,LIGHT,71.39,LOW,RUNNING,16.98,4.6,LIGHT,73.12,LOW,RUNNING,14.97,3.78,LIGHT,69.38,LOW,RUNNING,17.95,5.66,LIGHT,75.93,LOW,RUNNING,88.64,80.56,HEAVY,276.64,VERY HIGH,HEAVY LOAD,91.75,82.63,HEAVY,283.63,VERY HIGH,HEAVY LOAD,29.81,54.0,310.7,0.25,22.0,COOLING,0.25,22.0,COOLING,0.25,22.0,COOLING,0.25,22.0,COOLING,26.903,26.91,27.015,25.606,26.608,27.015,25.606,1.409,1122.65,144.51,145.31,560.27,85.0,850.0,935.0,85.0,179.18,256.69,332.12,284.75,-140.11,-9.01,-168.11,317.24,875.0,875.0,875.0,875.0,371.72,367.19,369.32,372.26,1972.74,1955.0,1052.74,3500.0,1480.49,1.0,1.0,1.0,1.0,22.5,MAX_UNIFORM_COOL,149.7517
5,Opposing Thermal Zones,0,665,6650.0,23,1,10,11,1,91.57,83.25,HEAVY,284.34,VERY HIGH,HEAVY LOAD,88.83,80.59,HEAVY,276.92,VERY HIGH,HEAVY LOAD,91.29,81.89,HEAVY,281.95,VERY HIGH,HEAVY LOAD,89.52,81.83,HEAVY,279.64,VERY HIGH,HEAVY LOAD,15.83,4.22,LIGHT,71.12,LOW,RUNNING,16.92,4.61,LIGHT,73.07,LOW,RUNNING,15.05,3.86,LIGHT,69.6,LOW,RUNNING,18.09,5.74,LIGHT,76.22,LOW,RUNNING,88.73,80.5,HEAVY,276.66,VERY HIGH,HEAVY LOAD,91.67,82.5,HEAVY,283.34,VERY HIGH,HEAVY LOAD,29.81,54.0,310.8,0.25,22.0,COOLING,0.25,22.0,COOLING,0.25,22.0,COOLING,0.25,22.0,COOLING,26.911,26.917,27.023,25.614,26.616,27.023,25.614,1.409,1122.85,144.19,145.82,560.0,85.0,850.0,935.0,85.0,179.05,256.6,332.04,284.64,-140.22,-8.78,-168.22,317.22,875.0,875.0,875.0,875.0,371.68,367.01,369.64,371.86,1972.86,1955.0,1052.33,3500.0,1480.19,1.0,1.0,1.0,1.0,22.5,MAX_UNIFORM_COOL,150.8119
5,Opposing Thermal Zones,0,666,6660.0,23,1,10,11,1,91.73,83.36,HEAVY,284.7,VERY HIGH,HEAVY LOAD,88.99,80.6,HEAVY,277.14,VERY HIGH,HEAVY LOAD,91.3,81.78,HEAVY,281.8,VERY HIGH,HEAVY LOAD,89.38,81.71,HEAVY,279.29,VERY HIGH,HEAVY LOAD,15.71,4.16,LIGHT,70.88,LOW,RUNNING,16.9,4.64,LIGHT,73.08,LOW,RUNNING,15.15,3.95,LIGHT,69.86,LOW,RUNNING,18.22,5.81,LIGHT,76.49,LOW,RUNNING,88.78,80.42,HEAVY,276.61,VERY HIGH,HEAVY LOAD,91.56,82.36,HEAVY,282.99,VERY HIGH,HEAVY LOAD,29.81,54.0,311.0,0.25,22.0,COOLING,0.25,22.0,COOLING,0.25,22.0,COOLING,0.25,22.0,COOLING,26.919,26.924,27.031,25.622,26.624,27.031,25.622,1.409,1122.93,143.96,146.35,559.6,85.0,850.0,935.0,85.0,178.95,256.58,332.04,284.59,-140.33,-8.55,-168.33,317.2,875.0,875.0,875.0,875.0,371.55,366.99,370.06,371.39,1972.84,1955.0,1052.16,3500.0,1479.99,1.0,1.0,1.0,1.0,22.5,MAX_UNIFORM_COOL,151.8783
5,Opposing Thermal Zones,0,667,6670.0,23,1,10,11,1,91.9,83.46,HEAVY,285.06,VERY HIGH,HEAVY LOAD,89.12,80.57,HEAVY,277.25,VERY HIGH,HEAVY LOAD,91.26,81.66,HEAVY,281.56,VERY HIGH,HEAVY LOAD,89.21,81.6,HEAVY,278.91,VERY HIGH,HEAVY LOAD,15.6,4.12,LIGHT,70.68,LOW,RUNNING,16.91,4.69,LIGHT,73.17,LOW,RUNNING,15.26,4.04,LIGHT,70.14,LOW,RUNNING,18.34,5.86,LIGHT,76.72,LOW,RUNNING,88.8,80.31,HEAVY,276.47,VERY HIGH,HEAVY LOAD,91.42,82.24,HEAVY,282.63,VERY HIGH,HEAVY LOAD,29.82,54.0,311.2,0.25,22.0,COOLING,0.25,22.0,COOLING,0.25,22.0,COOLING,0.25,22.0,COOLING,26.927,26.931,27.039,25.63,26.632,27.039,25.63,1.409,1122.78,143.85,146.86,559.1,85.0,850.0,935.0,85.0,179.07,256.76,332.26,284.76,-140.44,-8.31,-168.44,317.19,875.0,875.0,875.0,875.0,371.41,367.3,370.68,371.05,1972.59,1955.0,1052.85,3500.0,1480.44,1.0,1.0,1.0,1.0,22.5,MAX_UNIFORM_COOL,152.953
5,Opposing Thermal Zones,0,668,6680.0,23,1,10,11,1,92.08,83.54,HEAVY,285.41,VERY HIGH,HEAVY LOAD,89.21,80.52,HEAVY,277.29,VERY HIGH,HEAVY LOAD,91.19,81.52,HEAVY,281.27,VERY HIGH,HEAVY LOAD,89.03,81.51,HEAVY,278.55,VERY HIGH,HEAVY LOAD,15.51,4.1,LIGHT,70.54,LOW,RUNNING,16.95,4.75,LIGHT,73.31,LOW,RUNNING,15.39,4.13,LIGHT,70.43,LOW,RUNNING,18.44,5.89,LIGHT,76.88,LOW,RUNNING,88.78,80.19,HEAVY,276.26,VERY HIGH,HEAVY LOAD,91.25,82.12,HEAVY,282.24,VERY HIGH,HEAVY LOAD,29.82,54.0,311.3,0.25,22.0,COOLING,0.25,22.0,COOLING,0.25,22.0,COOLING,0.25,22.0,COOLING,26.935,26.938,27.047,25.638,26.639,27.047,25.638,1.409,1122.52,143.85,147.31,558.5,85.0,850.0,935.0,85.0,178.94,256.67,332.18,284.65,-140.55,-8.08,-168.55,317.18,875.0,875.0,875.0,875.0,370.91,367.44,370.94,370.33,1972.18,1955.0,1052.44,3500.0,1479.62,1.0,1.0,1.0,1.0,22.5,MAX_UNIFORM_COOL,154.0277
5,Opposing Thermal Zones,0,669,6690.0,23,1,10,11,1,92.26,83.58,HEAVY,285.7,VERY HIGH,HEAVY LOAD,89.28,80.44,HEAVY,277.26,VERY HIGH,HEAVY LOAD,91.08,81.39,HEAVY,280.94,VERY HIGH,HEAVY LOAD,88.85,81.44,HEAVY,278.22,VERY HIGH,HEAVY LOAD,15.44,4.1,LIGHT,70.45,LOW,RUNNING,17.01,4.82,LIGHT,73.49,LOW,RUNNING,15.53,4.21,LIGHT,70.73,LOW,RUNNING,18.52,5.9,LIGHT,77.0,LOW,RUNNING,88.71,80.06,HEAVY,275.98,VERY HIGH,HEAVY LOAD,91.08,82.03,HEAVY,281.89,VERY HIGH,HEAVY LOAD,29.82,54.0,311.5,0.25,22.0,COOLING,0.25,22.0,COOLING,0.25,22.0,COOLING,0.25,22.0,COOLING,26.943,26.946,27.055,25.646,26.648,27.055,25.646,1.409,1122.12,143.94,147.73,557.87,85.0,850.0,935.0,85.0,178.84,256.65,332.18,284.6,-140.66,-7.84,-168.66,317.16,875.0,875.0,875.0,875.0,370.3,367.75,371.25,369.63,1971.66,1955.0,1052.27,3500.0,1478.93,1.0,1.0,1.0,1.0,22.5,MAX_UNIFORM_COOL,155.1501
5,Opposing Thermal Zones,0,670,6700.0,23,1,10,11,1,92.42,83.6,HEAVY,285.93,VERY HIGH,HEAVY LOAD,89.3,80.33,HEAVY,277.12,VERY HIGH,HEAVY LOAD,90.95,81.26,HEAVY,280.58,VERY HIGH,HEAVY LOAD,88.68,81.41,HEAVY,277.97,VERY HIGH,HEAVY LOAD,15.41,4.12,LIGHT,70.44,LOW,RUNNING,17.1,4.91,LIGHT,73.74,LOW,RUNNING,15.66,4.28,LIGHT,71.0,LOW,RUNNING,18.57,5.89,LIGHT,77.05,LOW,RUNNING,88.61,79.92,HEAVY,275.64,VERY HIGH,HEAVY LOAD,90.9,81.96,HEAVY,281.56,VERY HIGH,HEAVY LOAD,29.83,54.0,311.7,0.25,22.0,COOLING,0.25,22.0,COOLING,0.25,22.0,COOLING,0.25,22.0,COOLING,26.951,26.954,27.063,25.654,26.655,27.063,25.654,1.409,1121.6,144.18,148.05,557.2,85.0,850.0,935.0,85.0,178.96,256.82,332.4,284.77,-140.66,-7.84,-168.66,317.16,875.0,875.0,875.0,875.0,369.9,368.16,371.79,369.13,1971.03,1955.0,1052.95,3500.0,1478.98,1.0,1.0,1.0,1.0,22.5,MAX_UNIFORM_COOL,156.2812
5,Opposing Thermal Zones,0,671,6710.0,23,1,10,11,1,92.56,83.59,HEAVY,286.09,VERY HIGH,HEAVY LOAD,89.28,80.21,HEAVY,276.92,VERY HIGH,HEAVY LOAD,90.79,81.14,HEAVY,280.2,VERY HIGH,HEAVY LOAD,88.53,81.4,HEAVY,277.76,VERY HIGH,HEAVY LOAD,15.4,4.16,LIGHT,70.49,LOW,RUNNING,17.21,5.0,LIGHT,74.01,LOW,RUNNING,15.78,4.33,LIGHT,71.22,LOW,RUNNING,18.6,5.86,LIGHT,77.04,LOW,RUNNING,88.48,79.79,HEAVY,275.29,VERY HIGH,HEAVY LOAD,90.73,81.91,HEAVY,281.28,VERY HIGH,HEAVY LOAD,29.83,54.0,311.8,0.25,22.0,COOLING,0.25,22.0,COOLING,0.25,22.0,COOLING,0.25,22.0,COOLING,26.959,26.962,27.071,25.662,26.663,27.071,25.662,1.409,1120.97,144.5,148.26,556.57,85.0,850.0,935.0,85.0,178.82,256.71,332.31,284.66,-140.66,-7.84,-168.66,317.16,875.0,875.0,875.0,875.0,369.13,368.37,371.91,368.39,1970.3,1955.0,1052.5,3500.0,1477.8,1.0,1.0,1.0,1.0,22.5,MAX_UNIFORM_COOL,157.4123
5,Opposing Thermal Zones,0,672,6720.0,23,1,10,11,1,92.67,83.55,HEAVY,286.16,VERY HIGH,HEAVY LOAD,89.23,80.08,HEAVY,276.66,VERY HIGH,HEAVY LOAD,90.61,81.05,HEAVY,279.84,VERY HIGH,HEAVY LOAD,88.39,81.42,HEAVY,277.62,VERY HIGH,HEAVY LOAD,15.42,4.22,LIGHT,70.61,LOW,RUNNING,17.33,5.09,LIGHT,74.3,LOW,RUNNING,15.89,4.38,LIGHT,71.43,LOW,RUNNING,18.59,5.82,LIGHT,76.97,LOW,RUNNING,88.33,79.67,HEAVY,274.92,VERY HIGH,HEAVY LOAD,90.56,81.9,HEAVY,281.05,VERY HIGH,HEAVY LOAD,29.83,54.0,312.0,0.25,22.0,COOLING,0.25,22.0,COOLING,0.25,22.0,COOLING,0.25,22.0,COOLING,26.967,26.97,27.079,25.67,26.672,27.079,25.67,1.409,1120.28,144.91,148.4,555.97,85.0,850.0,935.0,85.0,178.73,256.66,332.32,284.61,-140.66,-7.84,-168.66,317.16,875.0,875.0,875.0,875.0,368.35,368.73,372.06,367.74,1969.56,1955.0,1052.32,3500.0,1476.88,1.0,1.0,1.0,1.0,22.5,MAX_UNIFORM_COOL,158.5499
5,Opposing Thermal Zones,0,673,6730.0,23,1,10,11,1,92.75,83.48,HEAVY,286.16,VERY HIGH,HEAVY LOAD,89.14,79.95,HEAVY,276.35,VERY HIGH,HEAVY LOAD,90.43,80.97,HEAVY,279.49,VERY HIGH,HEAVY LOAD,88.29,81.48,HEAVY,277.58,VERY HIGH,HEAVY LOAD,15.48,4.29,LIGHT,70.78,LOW,RUNNING,17.46,5.17,LIGHT,74.58,LOW,RUNNING,15.98,4.4,LIGHT,71.57,LOW,RUNNING,18.56,5.76,LIGHT,76.84,LOW,RUNNING,88.16,79.57,HEAVY,274.55,VERY HIGH,HEAVY LOAD,90.43,81.92,HEAVY,280.92,VERY HIGH,HEAVY LOAD,29.84,54.0,312.2,0.25,22.0,COOLING,0.25,22.0,COOLING,0.25,22.0,COOLING,0.25,22.0,COOLING,26.975,26.978,27.087,25.677,26.679,27.087,25.677,1.41,1119.58,145.36,148.41,555.47,85.0,850.0,935.0,85.0,178.84,256.83,332.53,284.77,-140.66,-7.84,-168.66,317.16,875.0,875.0,875.0,875.0,367.76,369.35,372.28,367.4,1968.82,1955.0,1052.97,3500.0,1476.79,1.0,1.0,1.0,1.0,22.5,MAX_UNIFORM_COOL,159.688
5,Opposing Thermal Zones,0,674,6740.0,23,1,10,11,1,92.79,83.38,HEAVY,286.06,VERY HIGH,HEAVY LOAD,89.01,79.82,HEAVY,275.99,VERY HIGH,HEAVY LOAD,90.26,80.92,HEAVY,279.2,VERY HIGH,HEAVY LOAD,88.23,81.56,HEAVY,277.63,VERY HIGH,HEAVY LOAD,15.56,4.37,LIGHT,71.01,LOW,RUNNING,17.6,5.25,LIGHT,74.88,LOW,RUNNING,16.05,4.4,LIGHT,71.66,LOW,RUNNING,18.5,5.68,LIGHT,76.64,LOW,RUNNING,87.98,79.49,HEAVY,274.21,VERY HIGH,HEAVY LOAD,90.32,81.96,HEAVY,280.84,VERY HIGH,HEAVY LOAD,29.84,54.0,312.3,0.25,22.0,COOLING,0.25,22.0,COOLING,0.25,22.0,COOLING,0.25,22.0,COOLING,26.982,26.986,27.095,25.684,26.687,27.095,25.684,1.411,1118.88,145.89,148.3,555.05,85.0,850.0,935.0,85.0,178.71,256.72,332.45,284.69,-140.77,-7.86,-168.77,317.4,875.0,875.0,875.0,875.0,366.82,369.75,371.98,367.14,1968.12,1955.0,1052.57,3500.0,1475.69,1.0,1.0,1.0,1.0,22.5,MAX_UNIFORM_COOL,160.7828
5,Opposing Thermal Zones,0,675,6750.0,23,1,10,11,1,92.8,83.27,HEAVY,285.9,VERY HIGH,HEAVY LOAD,88.86,79.7,HEAVY,275.62,VERY HIGH,HEAVY LOAD,90.09,80.9,HEAVY,278.96,VERY HIGH,HEAVY LOAD,88.2,81.66,HEAVY,277.74,VERY HIGH,HEAVY LOAD,15.66,4.46,LIGHT,71.27,LOW,RUNNING,17.73,5.31,LIGHT,75.13,LOW,RUNNING,16.09,4.38,LIGHT,71.68,LOW,RUNNING,18.41,5.6,LIGHT,76.41,LOW,RUNNING,87.8,79.43,HEAVY,273.9,VERY HIGH,HEAVY LOAD,90.24,82.03,HEAVY,280.85,VERY HIGH,HEAVY LOAD,29.84,54.0,312.5,0.25,22.0,COOLING,0.25,22.0,COOLING,0.25,22.0,COOLING,0.25,22.0,COOLING,26.989,26.994,27.103,25.691,26.694,27.103,25.691,1.412,1118.22,146.4,148.09,554.75,85.0,850.0,935.0,85.0,178.64,256.67,332.46,284.66,-140.64,-7.98,-168.89,317.52,875.0,875.0,875.0,875.0,366.22,370.09,371.66,366.93,1967.46,1955.0,1052.43,3500.0,1474.9,1.0,1.0,1.0,1.0,22.5,MAX_UNIFORM_COOL,161.8839
5,Opposing Thermal Zones,0,676,6760.0,23,1,10,11,1,92.76,83.14,HEAVY,285.66,VERY HIGH,HEAVY LOAD,88.69,79.59,HEAVY,275.25,VERY HIGH,HEAVY LOAD,89.95,80.91,HEAVY,278.8,VERY HIGH,HEAVY LOAD,88.21,81.77,HEAVY,277.92,VERY HIGH,HEAVY LOAD,15.77,4.55,LIGHT,71.54,LOW,RUNNING,17.85,5.36,LIGHT,75.35,LOW,RUNNING,16.1,4.34,LIGHT,71.64,LOW,RUNNING,18.3,5.51,LIGHT,76.14,LOW,RUNNING,87.64,79.4,HEAVY,273.65,VERY HIGH,HEAVY LOAD,90.2,82.13,HEAVY,280.94,VERY HIGH,HEAVY LOAD,29.85,54.0,312.7,0.25,22.0,COOLING,0.25,22.0,COOLING,0.25,22.0,COOLING,0.25,22.0,COOLING,26.996,27.002,27.111,25.698,26.702,27.111,25.698,1.413,1117.63,146.89,147.78,554.59,85.0,850.0,935.0,85.0,178.77,256.84,332.67,284.86,-140.52,-8.1,-169.02,317.65,875.0,875.0,875.0,875.0,365.88,370.63,371.43,367.1,1966.89,1955.0,1053.14,3500.0,1475.04,1.0,1.0,1.0,1.0,22.5,MAX_UNIFORM_COOL,162.9933
5,Opposing Thermal Zones,0,677,6770.0,23,1,10,11,1,92.68,83.01,HEAVY,285.37,VERY HIGH,HEAVY LOAD,88.52,79.5,HEAVY,274.9,VERY HIGH,HEAVY LOAD,89.84,80.95,HEAVY,278.73,VERY HIGH,HEAVY LOAD,88.27,81.9,HEAVY,278.19,VERY HIGH,HEAVY LOAD,15.9,4.63,LIGHT,71.82,LOW,RUNNING,17.95,5.39,LIGHT,75.52,LOW,RUNNING,16.08,4.29,LIGHT,71.53,LOW,RUNNING,18.18,5.42,LIGHT,75.85,LOW,RUNNING,87.49,79.4,HEAVY,273.46,VERY HIGH,HEAVY LOAD,90.21,82.24,HEAVY,281.12,VERY HIGH,HEAVY LOAD,29.85,54.0,312.8,0.25,22.0,COOLING,0.25,22.0,COOLING,0.25,22.0,COOLING,0.25,22.0,COOLING,27.003,27.01,27.119,25.705,26.709,27.119,25.705,1.414,1117.19,147.34,147.38,554.58,85.0,850.0,935.0,85.0,178.66,256.73,332.59,284.77,-140.39,-8.23,-169.15,317.77,875.0,875.0,875.0,875.0,365.46,370.84,370.82,367.12,1966.49,1955.0,1052.75,3500.0,1474.24,1.0,1.0,1.0,1.0,22.5,MAX_UNIFORM_COOL,164.103
5,Opposing Thermal Zones,0,678,6780.0,23,1,10,11,1,92.57,82.88,HEAVY,285.03,VERY HIGH,HEAVY LOAD,88.34,79.44,HEAVY,274.59,VERY HIGH,HEAVY LOAD,89.75,81.02,HEAVY,278.72,VERY HIGH,HEAVY LOAD,88.36,82.04,HEAVY,278.51,VERY HIGH,HEAVY LOAD,16.04,4.71,LIGHT,72.11,LOW,RUNNING,18.02,5.4,LIGHT,75.62,LOW,RUNNING,16.03,4.22,LIGHT,71.37,LOW,RUNNING,18.05,5.34,LIGHT,75.57,LOW,RUNNING,87.36,79.44,HEAVY,273.36,VERY HIGH,HEAVY LOAD,90.25,82.37,HEAVY,281.37,VERY HIGH,HEAVY LOAD,29.85,54.0,313.0,0.25,22.0,COOLING,0.25,22.0,COOLING,0.25,22.0,COOLING,0.25,22.0,COOLING,27.01,27.018,27.127,25.712,26.717,27.127,25.712,1.415,1116.85,147.73,146.94,554.73,85.0,850.0,935.0,85.0,178.59,256.68,332.6,284.74,-140.27,-8.36,-169.27,317.9,875.0,875.0,875.0,875.0,365.17,371.05,370.27,367.37,1966.25,1955.0,1052.61,3500.0,1473.86,1.0,1.0,1.0,1.0,22.5,MAX_UNIFORM_COOL,165.219
5,Opposing Thermal Zones,0,679,6790.0,23,1,10,11,1,92.43,82.75,HEAVY,284.66,VERY HIGH,HEAVY LOAD,88.17,79.41,HEAVY,274.33,VERY HIGH,HEAVY LOAD,89.71,81.11,HEAVY,278.8,VERY HIGH,HEAVY LOAD,88.48,82.17,HEAVY,278.86,VERY HIGH,HEAVY LOAD,16.17,4.78,LIGHT,72.38,LOW,RUNNING,18.08,5.39,LIGHT,75.68,LOW,RUNNING,15.95,4.14,LIGHT,71.15,LOW,RUNNING,17.91,5.26,LIGHT,75.28,LOW,RUNNING,87.27,79.5,HEAVY,273.34,VERY HIGH,HEAVY LOAD,90.33,82.5,HEAVY,281.66,VERY HIGH,HEAVY LOAD,29.86,54.0,313.2,0.25,22.0,COOLING,0.25,22.0,COOLING,0.25,22.0,COOLING,0.25,22.0,COOLING,27.017,27.026,27.135,25.72,26.724,27.135,25.72,1.415,1116.65,148.06,146.43,555.0,85.0,850.0,935.0,85.0,178.72,256.85,332.81,284.93,-140.15,-8.48,-169.39,318.02,875.0,875.0,875.0,875.0,365.22,371.43,369.85,367.95,1966.14,1955.0,1053.31,3500.0,1474.45,1.0,1.0,1.0,1.0,22.5,MAX_UNIFORM_COOL,166.3528
5,Opposing Thermal Zones,0,680,6800.0,23,1,10,11,1,92.27,82.64,HEAVY,284.3,VERY HIGH,HEAVY LOAD,88.01,79.4,HEAVY,274.11,VERY HIGH,HEAVY LOAD,89.7,81.22,HEAVY,278.95,VERY HIGH,HEAVY LOAD,88.62,82.29,HEAVY,279.21,VERY HIGH,HEAVY LOAD,16.29,4.84,LIGHT,72.62,LOW,RUNNING,18.1,5.36,LIGHT,75.67,LOW,RUNNING,15.85,4.05,LIGHT,70.89,LOW,RUNNING,17.78,5.19,LIGHT,75.01,LOW,RUNNING,87.22,79.58,HEAVY,273.39,VERY HIGH,HEAVY LOAD,90.44,82.64,HEAVY,282.01,VERY HIGH,HEAVY LOAD,29.86,54.0,313.3,0.25,22.0,COOLING,0.25,22.0,COOLING,0.25,22.0,COOLING,0.25,22.0,COOLING,27.024,27.034,27.143,25.728,26.732,27.143,25.728,1.415,1116.57,148.29,145.9,555.4,85.0,850.0,935.0,85.0,178.61,256.74,332.73,284.82,-139.91,-8.59,-169.41,317.91,875.0,875.0,875.0,875.0,365.27,371.44,369.22,368.13,1966.16,1955.0,1052.9,3500.0,1474.06,1.0,1.0,1.0,1.0,22.5,MAX_UNIFORM_COOL,167.4883
5,Opposing Thermal Zones,0,681,6810.0,23,1,10,11,1,92.1,82.54,HEAVY,283.94,VERY HIGH,HEAVY LOAD,87.88,79.43,HEAVY,274.0,VERY HIGH,HEAVY LOAD,89.74,81.34,HEAVY,279.19,VERY HIGH,HEAVY LOAD,88.79,82.4,HEAVY,279.59,VERY HIGH,HEAVY LOAD,16.4,4.88,LIGHT,72.82,LOW,RUNNING,18.09,5.31,LIGHT,75.58,LOW,RUNNING,15.74,3.96,LIGHT,70.61,LOW,RUNNING,17.66,5.14,LIGHT,74.78,LOW,RUNNING,87.2,79.69,HEAVY,273.53,VERY HIGH,HEAVY LOAD,90.58,82.76,HEAVY,282.37,VERY HIGH,HEAVY LOAD,29.86,54.0,313.5,0.25,22.0,COOLING,0.25,22.0,COOLING,0.25,22.0,COOLING,0.25,22.0,COOLING,27.031,27.042,27.151,25.736,26.74,27.151,25.736,1.415,1116.72,148.4,145.39,555.9,85.0,850.0,935.0,85.0,178.53,256.7,332.73,284.78,-139.68,-8.7,-169.43,317.8,875.0,875.0,875.0,875.0,365.57,371.4,368.69,368.48,1966.41,1955.0,1052.74,3500.0,1474.14,1.0,1.0,1.0,1.0,22.5,MAX_UNIFORM_COOL,168.6309
5,Opposing Thermal Zones,0,682,6820.0,23,1,10,11,1,91.92,82.46,HEAVY,283.59,VERY HIGH,HEAVY LOAD,87.79,79.48,HEAVY,273.96,VERY HIGH,HEAVY LOAD,89.81,81.48,HEAVY,279.48,VERY HIGH,HEAVY LOAD,88.97,82.49,HEAVY,279.95,VERY HIGH,HEAVY LOAD,16.49,4.9,LIGHT,72.96,LOW,RUNNING,18.05,5.25,LIGHT,75.44,LOW,RUNNING,15.61,3.87,LIGHT,70.32,LOW,RUNNING,17.56,5.11,LIGHT,74.61,LOW,RUNNING,87.22,79.81,HEAVY,273.74,VERY HIGH,HEAVY LOAD,90.75,82.88,HEAVY,282.76,VERY HIGH,HEAVY LOAD,29.87,54.0,313.7,0.25,22.0,COOLING,0.25,22.0,COOLING,0.25,22.0,COOLING,0.25,22.0,COOLING,27.038,27.05,27.159,25.744,26.748,27.159,25.744,1.415,1116.98,148.4,144.93,556.5,85.0,850.0,935.0,85.0,178.68,256.86,332.95,284.94,-139.44,-8.81,-169.44,317.69,875.0,875.0,875.0,875.0,366.22,371.45,368.44,369.13,1966.81,1955.0,1053.43,3500.0,1475.24,1.0,1.0,1.0,1.0,22.5,MAX_UNIFORM_COOL,169.7834
5,Opposing Thermal Zones,0,683,6830.0,23,1,10,11,1,91.74,82.42,HEAVY,283.31,VERY HIGH,HEAVY LOAD,87.72,79.56,HEAVY,273.99,VERY HIGH,HEAVY LOAD,89.92,81.61,HEAVY,279.81,VERY HIGH,HEAVY LOAD,89.15,82.56,HEAVY,280.28,VERY HIGH,HEAVY LOAD,16.56,4.9,LIGHT,73.05,LOW,RUNNING,17.99,5.18,LIGHT,75.26,LOW,RUNNING,15.47,3.79,LIGHT,70.02,LOW,RUNNING,17.48,5.1,LIGHT,74.5,LOW,RUNNING,87.29,79.94,HEAVY,274.02,VERY HIGH,HEAVY LOAD,90.92,82.97,HEAVY,283.11,VERY HIGH,HEAVY LOAD,29.87,54.0,313.8,0.25,22.0,COOLING,0.25,22.0,COOLING,0.25,22.0,COOLING,0.25,22.0,COOLING,27.045,27.058,27.167,25.752,26.756,27.167,25.752,1.415,1117.39,148.31,144.52,557.13,85.0,850.0,935.0,85.0,178.56,256.75,332.86,284.83,-139.21,-8.92,-169.45,317.58,875.0,875.0,875.0,875.0,366.74,371.14,367.93,369.54,1967.35,1955.0,1053.0,3500.0,1475.35,1.0,1.0,1.0,1.0,22.5,MAX_UNIFORM_COOL,170.9366
5,Opposing Thermal Zones,0,684,6840.0,23,1,10,11,1,91.58,82.4,HEAVY,283.07,VERY HIGH,HEAVY LOAD,87.7,79.67,HEAVY,274.13,VERY HIGH,HEAVY LOAD,90.05,81.74,HEAVY,280.17,VERY HIGH,HEAVY LOAD,89.32,82.59,HEAVY,280.53,VERY HIGH,HEAVY LOAD,16.59,4.88,LIGHT,73.06,LOW,RUNNING,17.9,5.09,LIGHT,75.01,LOW,RUNNING,15.34,3.72,LIGHT,69.75,LOW,RUNNING,17.43,5.11,LIGHT,74.45,LOW,RUNNING,87.39,80.08,HEAVY,274.36,VERY HIGH,HEAVY LOAD,91.1,83.04,HEAVY,283.44,VERY HIGH,HEAVY LOAD,29.88,54.0,314.0,0.25,22.0,COOLING,0.25,22.0,COOLING,0.25,22.0,COOLING,0.25,22.0,COOLING,27.053,27.066,27.175,25.76,26.764,27.175,25.76,1.415,1117.9,148.07,144.2,557.8,85.0,850.0,935.0,85.0,178.7,256.92,333.08,285.0,-138.97,-9.03,-169.47,317.47,875.0,875.0,875.0,875.0,367.63,370.96,367.81,370.27,1967.97,1955.0,1053.7,3500.0,1476.67,1.0,1.0,1.0,1.0,22.5,MAX_UNIFORM_COOL,172.1448
5,Opposing Thermal Zones,0,685,6850.0,23,1,10,11,1,91.44,82.41,HEAVY,282.92,VERY HIGH,HEAVY LOAD,87.72,79.79,HEAVY,274.33,VERY HIGH,HEAVY LOAD,90.21,81.86,HEAVY,280.55,VERY HIGH,HEAVY LOAD,89.47,82.6,HEAVY,280.74,VERY HIGH,HEAVY LOAD,16.6,4.84,LIGHT,73.01,LOW,RUNNING,17.79,5.0,LIGHT,74.74,LOW,RUNNING,15.22,3.67,LIGHT,69.53,LOW,RUNNING,17.4,5.14,LIGHT,74.46,LOW,RUNNING,87.52,80.21,HEAVY,274.71,VERY HIGH,HEAVY LOAD,91.27,83.09,HEAVY,283.72,VERY HIGH,HEAVY LOAD,29.88,54.0,314.2,0.25,22.0,COOLING,0.25,22.0,COOLING,0.25,22.0,COOLING,0.25,22.0,COOLING,27.061,27.074,27.183,25.768,26.771,27.183,25.768,1.415,1118.54,147.75,143.99,558.43,85.0,850.0,935.0,85.0,178.6,256.88,333.08,284.96,-138.97,-9.03,-169.47,317.47,875.0,875.0,875.0,875.0,368.17,370.6,367.6,370.86,1968.71,1955.0,1053.52,3500.0,1477.23,1.0,1.0,1.0,1.0,22.5,MAX_UNIFORM_COOL,173.355
5,Opposing Thermal Zones,0,686,6860.0,23,1,10,11,1,91.33,82.45,HEAVY,282.84,VERY HIGH,HEAVY LOAD,87.77,79.92,HEAVY,274.59,VERY HIGH,HEAVY LOAD,90.39,81.95,HEAVY,280.91,VERY HIGH,HEAVY LOAD,89.61,82.58,HEAVY,280.88,VERY HIGH,HEAVY LOAD,16.58,4.78,LIGHT,72.89,LOW,RUNNING,17.67,4.91,LIGHT,74.45,LOW,RUNNING,15.11,3.62,LIGHT,69.32,LOW,RUNNING,17.41,5.18,LIGHT,74.53,LOW,RUNNING,87.67,80.33,HEAVY,275.08,VERY HIGH,HEAVY LOAD,91.44,83.1,HEAVY,283.95,VERY HIGH,HEAVY LOAD,29.88,54.0,314.3,0.25,22.0,COOLING,0.25,22.0,COOLING,0.25,22.0,COOLING,0.25,22.0,COOLING,27.069,27.082,27.19,25.776,26.779,27.19,25.776,1.414,1119.22,147.34,143.85,559.03,85.0,850.0,935.0,85.0,178.47,256.77,333.0,284.85,-138.97,-9.03,-169.47,317.47,875.0,875.0,875.0,875.0,368.72,370.08,367.38,371.35,1969.44,1955.0,1053.09,3500.0,1477.53,1.0,1.0,1.0,1.0,22.5,MAX_UNIFORM_COOL,174.5171
5,Opposing Thermal Zones,0,687,6870.0,23,1,10,11,1,91.25,82.52,HEAVY,282.84,VERY HIGH,HEAVY LOAD,87.86,80.05,HEAVY,274.9,VERY HIGH,HEAVY LOAD,90.57,82.03,HEAVY,281.26,VERY HIGH,HEAVY LOAD,89.71,82.52,HEAVY,280.92,VERY HIGH,HEAVY LOAD,16.52,4.71,LIGHT,72.72,LOW,RUNNING,17.54,4.83,LIGHT,74.17,LOW,RUNNING,15.02,3.6,LIGHT,69.17,LOW,RUNNING,17.44,5.24,LIGHT,74.66,LOW,RUNNING,87.84,80.43,HEAVY,275.44,VERY HIGH,HEAVY LOAD,91.57,83.08,HEAVY,284.08,VERY HIGH,HEAVY LOAD,29.89,54.0,314.5,0.25,22.0,COOLING,0.25,22.0,COOLING,0.25,22.0,COOLING,0.25,22.0,COOLING,27.077,27.09,27.198,25.784,26.787,27.198,25.784,1.414,1119.92,146.89,143.83,559.52,85.0,850.0,935.0,85.0,178.59,256.93,333.24,285.01,-138.98,-9.14,-169.24,317.36,875.0,875.0,875.0,875.0,369.53,369.68,367.83,371.89,1970.16,1955.0,1053.77,3500.0,1478.93,1.0,1.0,1.0,1.0,22.5,MAX_UNIFORM_COOL,175.7439
5,Opposing Thermal Zones,0,688,6880.0,23,1,10,11,1,91.21,82.62,HEAVY,282.94,VERY HIGH,HEAVY LOAD,87.99,80.18,HEAVY,275.26,VERY HIGH,HEAVY LOAD,90.74,82.08,HEAVY,281.55,VERY HIGH,HEAVY LOAD,89.77,82.44,HEAVY,280.87,VERY HIGH,HEAVY LOAD,16.44,4.63,LIGHT,72.5,LOW,RUNNING,17.4,4.75,LIGHT,73.88,LOW,RUNNING,14.95,3.6,LIGHT,69.09,LOW,RUNNING,17.5,5.32,LIGHT,74.86,LOW,RUNNING,88.02,80.51,HEAVY,275.79,VERY HIGH,HEAVY LOAD,91.68,83.04,HEAVY,284.16,VERY HIGH,HEAVY LOAD,29.89,54.0,314.7,0.25,22.0,COOLING,0.25,22.0,COOLING,0.25,22.0,COOLING,0.25,22.0,COOLING,27.085,27.098,27.206,25.792,26.795,27.206,25.792,1.414,1120.62,146.38,143.95,559.95,85.0,850.0,935.0,85.0,178.49,256.89,333.24,284.97,-138.99,-9.14,-169.24,317.36,875.0,875.0,875.0,875.0,370.12,369.13,367.95,372.28,1970.9,1955.0,1053.59,3500.0,1479.48,1.0,1.0,1.0,1.0,22.5,MAX_UNIFORM_COOL,176.972
5,Opposing Thermal Zones,0,689,6890.0,23,1,10,11,1,91.2,82.73,HEAVY,283.1,VERY HIGH,HEAVY LOAD,88.14,80.3,HEAVY,275.62,VERY HIGH,HEAVY LOAD,90.91,82.1,HEAVY,281.79,VERY HIGH,HEAVY LOAD,89.8,82.34,HEAVY,280.76,VERY HIGH,HEAVY LOAD,16.34,4.54,LIGHT,72.23,LOW,RUNNING,17.27,4.69,LIGHT,73.62,LOW,RUNNING,14.91,3.62,LIGHT,69.07,LOW,RUNNING,17.59,5.4,LIGHT,75.09,LOW,RUNNING,88.2,80.57,HEAVY,276.11,VERY HIGH,HEAVY LOAD,91.76,82.97,HEAVY,284.16,VERY HIGH,HEAVY LOAD,29.89,54.0,314.8,0.25,22.0,COOLING,0.25,22.0,COOLING,0.25,22.0,COOLING,0.25,22.0,COOLING,27.093,27.106,27.214,25.8,26.803,27.214,25.8,1.414,1121.27,145.85,144.16,560.27,85.0,850.0,935.0,85.0,178.36,256.78,333.16,284.86,-138.99,-9.14,-169.23,317.36,875.0,875.0,875.0,875.0,370.64,368.49,368.09,372.49,1971.55,1955.0,1053.16,3500.0,1479.71,1.0,1.0,1.0,1.0,22.5,MAX_UNIFORM_COOL,178.2049
5,Opposing Thermal Zones,0,690,6900.0,23,1,10,11,1,91.24,82.86,HEAVY,283.34,VERY HIGH,HEAVY LOAD,88.31,80.41,HEAVY,276.0,VERY HIGH,HEAVY LOAD,91.05,82.09,HEAVY,281.95,VERY HIGH,HEAVY LOAD,89.79,82.23,HEAVY,280.58,VERY HIGH,HEAVY LOAD,16.23,4.45,LIGHT,71.96,LOW,RUNNING,17.15,4.64,LIGHT,73.4,LOW,RUNNING,14.9,3.66,LIGHT,69.11,LOW,RUNNING,17.7,5.49,LIGHT,75.36,LOW,RUNNING,88.36,80.6,HEAVY,276.35,VERY HIGH,HEAVY LOAD,91.8,82.87,HEAVY,284.06,VERY HIGH,HEAVY LOAD,29.9,54.0,315.0,0.25,22.0,COOLING,0.25,22.0,COOLING,0.25,22.0,COOLING,0.25,22.0,COOLING,27.101,27.114,27.222,25.808,26.811,27.222,25.808,1.414,1121.87,145.36,144.47,560.41,85.0,850.0,935.0,85.0,178.47,256.95,333.37,285.03,-138.98,-9.14,-169.23,317.36,875.0,875.0,875.0,875.0,371.36,368.17,368.61,372.8,1972.11,1955.0,1053.82,3500.0,1480.94,1.0,1.0,1.0,1.0,22.5,MAX_UNIFORM_COOL,179.4488
5,Opposing Thermal Zones,0,691,6910.0,23,1,10,11,1,91.32,82.99,HEAVY,283.63,VERY HIGH,HEAVY LOAD,88.48,80.5,HEAVY,276.35,VERY HIGH,HEAVY LOAD,91.16,82.05,HEAVY,282.02,VERY HIGH,HEAVY LOAD,89.73,82.1,HEAVY,280.31,VERY HIGH,HEAVY LOAD,16.1,4.37,LIGHT,71.68,LOW,RUNNING,17.05,4.61,LIGHT,73.23,LOW,RUNNING,14.92,3.71,LIGHT,69.22,LOW,RUNNING,17.82,5.58,LIGHT,75.65,LOW,RUNNING,88.51,80.6,HEAVY,276.54,VERY HIGH,HEAVY LOAD,91.79,82.76,HEAVY,283.88,VERY HIGH,HEAVY LOAD,29.9,54.0,315.2,0.25,22.0,COOLING,0.25,22.0,COOLING,0.25,22.0,COOLING,0.25,22.0,COOLING,27.109,27.122,27.23,25.816,26.819,27.23,25.816,1.414,1122.31,144.91,144.87,560.42,85.0,850.0,935.0,85.0,178.38,256.9,333.38,284.98,-138.98,-9.14,-169.24,317.36,875.0,875.0,875.0,875.0,371.71,367.67,369.01,372.76,1972.51,1955.0,1053.64,3500.0,1481.15,1.0,1.0,1.0,1.0,22.5,MAX_UNIFORM_COOL,180.6941
5,Opposing Thermal Zones,0,692,6920.0,23,1,10,11,1,91.43,83.12,HEAVY,283.97,VERY HIGH,HEAVY LOAD,88.66,80.56,HEAVY,276.66,VERY HIGH,HEAVY LOAD,91.25,81.98,HEAVY,282.03,VERY HIGH,HEAVY LOAD,89.64,81.96,HEAVY,279.99,VERY HIGH,HEAVY LOAD,15.96,4.29,LIGHT,71.39,LOW,RUNNING,16.98,4.6,LIGHT,73.12,LOW,RUNNING,14.97,3.78,LIGHT,69.38,LOW,RUNNING,17.95,5.66,LIGHT,75.93,LOW,RUNNING,88.64,80.56,HEAVY,276.64,VERY HIGH,HEAVY LOAD,91.75,82.63,HEAVY,283.63,VERY HIGH,HEAVY LOAD,29.9,54.0,315.3,0.25,22.0,COOLING,0.25,22.0,COOLING,0.25,22.0,COOLING,0.25,22.0,COOLING,27.117,27.129,27.238,25.824,26.827,27.238,25.824,1.414,1122.65,144.51,145.31,560.27,85.0,850.0,935.0,85.0,178.25,256.79,333.29,284.87,-138.99,-9.14,-169.24,317.36,875.0,875.0,875.0,875.0,371.91,367.16,369.36,372.5,1972.74,1955.0,1053.2,3500.0,1480.93,1.0,1.0,1.0,1.0,22.5,MAX_UNIFORM_COOL,181.8978
5,Opposing Thermal Zones,0,693,6930.0,23,1,10,11,1,91.57,83.25,HEAVY,284.34,VERY HIGH,HEAVY LOAD,88.83,80.59,HEAVY,276.92,VERY HIGH,HEAVY LOAD,91.29,81.89,HEAVY,281.95,VERY HIGH,HEAVY LOAD,89.52,81.83,HEAVY,279.64,VERY HIGH,HEAVY LOAD,15.83,4.22,LIGHT,71.12,LOW,RUNNING,16.92,4.61,LIGHT,73.07,LOW,RUNNING,15.05,3.86,LIGHT,69.6,LOW,RUNNING,18.09,5.74,LIGHT,76.22,LOW,RUNNING,88.73,80.5,HEAVY,276.66,VERY HIGH,HEAVY LOAD,91.67,82.5,HEAVY,283.34,VERY HIGH,HEAVY LOAD,29.91,54.0,315.5,0.25,22.0,COOLING,0.25,22.0,COOLING,0.25,22.0,COOLING,0.25,22.0,COOLING,27.125,27.136,27.246,25.832,26.835,27.246,25.832,1.414,1122.85,144.19,145.82,560.0,85.0,850.0,935.0,85.0,178.36,256.98,333.51,285.04,-139.09,-8.91,-169.34,317.34,875.0,875.0,875.0,875.0,372.12,367.26,369.99,372.38,1972.86,1955.0,1053.89,3500.0,1481.75,1.0,1.0,1.0,1.0,22.5,MAX_UNIFORM_COOL,183.1123
5,Opposing Thermal Zones,0,694,6940.0,23,1,10,11,1,91.73,83.36,HEAVY,284.7,VERY HIGH,HEAVY LOAD,88.99,80.6,HEAVY,277.14,VERY HIGH,HEAVY LOAD,91.3,81.78,HEAVY,281.8,VERY HIGH,HEAVY LOAD,89.38,81.71,HEAVY,279.29,VERY HIGH,HEAVY LOAD,15.71,4.16,LIGHT,70.88,LOW,RUNNING,16.9,4.64,LIGHT,73.08,LOW,RUNNING,15.15,3.95,LIGHT,69.86,LOW,RUNNING,18.22,5.81,LIGHT,76.49,LOW,RUNNING,88.78,80.42,HEAVY,276.61,VERY HIGH,HEAVY LOAD,91.56,82.36,HEAVY,282.99,VERY HIGH,HEAVY LOAD,29.91,54.0,315.7,0.25,22.0,COOLING,0.25,22.0,COOLING,0.25,22.0,COOLING,0.25,22.0,COOLING,27.133,27.143,27.254,25.84,26.843,27.254,25.84,1.414,1122.93,143.96,146.35,559.6,85.0,850.0,935.0,85.0,178.27,256.95,333.52,284.99,-139.21,-8.67,-169.45,317.33,875.0,875.0,875.0,875.0,371.99,367.24,370.42,371.92,1972.84,1955.0,1053.73,3500.0,1481.57,1.0,1.0,1.0,1.0,22.5,MAX_UNIFORM_COOL,184.3277
5,Opposing Thermal Zones,0,695,6950.0,23,1,10,11,1,91.9,83.46,HEAVY,285.06,VERY HIGH,HEAVY LOAD,89.12,80.57,HEAVY,277.25,VERY HIGH,HEAVY LOAD,91.26,81.66,HEAVY,281.56,VERY HIGH,HEAVY LOAD,89.21,81.6,HEAVY,278.91,VERY HIGH,HEAVY LOAD,15.6,4.12,LIGHT,70.68,LOW,RUNNING,16.91,4.69,LIGHT,73.17,LOW,RUNNING,15.26,4.04,LIGHT,70.14,LOW,RUNNING,18.34,5.86,LIGHT,76.72,LOW,RUNNING,88.8,80.31,HEAVY,276.47,VERY HIGH,HEAVY LOAD,91.42,82.24,HEAVY,282.63,VERY HIGH,HEAVY LOAD,29.91,54.0,315.8,0.25,22.0,COOLING,0.25,22.0,COOLING,0.25,22.0,COOLING,0.25,22.0,COOLING,27.141,27.15,27.262,25.848,26.85,27.262,25.848,1.414,1122.78,143.85,146.86,559.1,85.0,850.0,935.0,85.0,178.13,256.87,333.42,284.89,-139.31,-8.44,-169.57,317.32,875.0,875.0,875.0,875.0,371.6,367.28,370.71,371.31,1972.59,1955.0,1053.31,3500.0,1480.9,1.0,1.0,1.0,1.0,22.5,MAX_UNIFORM_COOL,185.5461
5,Opposing Thermal Zones,0,696,6960.0,23,1,10,11,1,92.08,83.54,HEAVY,285.41,VERY HIGH,HEAVY LOAD,89.21,80.52,HEAVY,277.29,VERY HIGH,HEAVY LOAD,91.19,81.52,HEAVY,281.27,VERY HIGH,HEAVY LOAD,89.03,81.51,HEAVY,278.55,VERY HIGH,HEAVY LOAD,15.51,4.1,LIGHT,70.54,LOW,RUNNING,16.95,4.75,LIGHT,73.31,LOW,RUNNING,15.39,4.13,LIGHT,70.43,LOW,RUNNING,18.44,5.89,LIGHT,76.88,LOW,RUNNING,88.78,80.19,HEAVY,276.26,VERY HIGH,HEAVY LOAD,91.25,82.12,HEAVY,282.24,VERY HIGH,HEAVY LOAD,29.92,54.0,316.0,0.25,22.0,COOLING,0.25,22.0,COOLING,0.25,22.0,COOLING,0.25,22.0,COOLING,27.149,27.158,27.27,25.856,26.858,27.27,25.856,1.414,1122.52,143.85,147.31,558.5,85.0,850.0,935.0,85.0,178.25,257.06,333.65,285.05,-139.42,-8.2,-169.68,317.3,875.0,875.0,875.0,875.0,371.35,367.71,371.28,370.85,1972.18,1955.0,1054.01,3500.0,1481.19,1.0,1.0,1.0,1.0,22.5,MAX_UNIFORM_COOL,186.8213
5,Opposing Thermal Zones,0,697,6970.0,23,1,10,11,1,92.26,83.58,HEAVY,285.7,VERY HIGH,HEAVY LOAD,89.28,80.44,HEAVY,277.26,VERY HIGH,HEAVY LOAD,91.08,81.39,HEAVY,280.94,VERY HIGH,HEAVY LOAD,88.85,81.44,HEAVY,278.22,VERY HIGH,HEAVY LOAD,15.44,4.1,LIGHT,70.45,LOW,RUNNING,17.01,4.82,LIGHT,73.49,LOW,RUNNING,15.53,4.21,LIGHT,70.73,LOW,RUNNING,18.52,5.9,LIGHT,77.0,LOW,RUNNING,88.71,80.06,HEAVY,275.98,VERY HIGH,HEAVY LOAD,91.08,82.03,HEAVY,281.89,VERY HIGH,HEAVY LOAD,29.92,54.0,316.2,0.25,22.0,COOLING,0.25,22.0,COOLING,0.25,22.0,COOLING,0.25,22.0,COOLING,27.157,27.166,27.278,25.864,26.866,27.278,25.864,1.414,1122.12,143.94,147.73,557.87,85.0,850.0,935.0,85.0,178.15,257.0,333.65,285.0,-139.42,-8.2,-169.67,317.3,875.0,875.0,875.0,875.0,370.85,367.74,371.71,370.17,1971.66,1955.0,1053.8,3500.0,1480.47,1.0,1.0,1.0,1.0,22.5,MAX_UNIFORM_COOL,188.0972
5,Opposing Thermal Zones,0,698,6980.0,23,1,10,11,1,92.42,83.6,HEAVY,285.93,VERY HIGH,HEAVY LOAD,89.3,80.33,HEAVY,277.12,VERY HIGH,HEAVY LOAD,90.95,81.26,HEAVY,280.58,VERY HIGH,HEAVY LOAD,88.68,81.41,HEAVY,277.97,VERY HIGH,HEAVY LOAD,15.41,4.12,LIGHT,70.44,LOW,RUNNING,17.1,4.91,LIGHT,73.74,LOW,RUNNING,15.66,4.28,LIGHT,71.0,LOW,RUNNING,18.57,5.89,LIGHT,77.05,LOW,RUNNING,88.61,79.92,HEAVY,275.64,VERY HIGH,HEAVY LOAD,90.9,81.96,HEAVY,281.56,VERY HIGH,HEAVY LOAD,29.92,54.0,316.3,0.25,22.0,COOLING,0.25,22.0,COOLING,0.25,22.0,COOLING,0.25,22.0,COOLING,27.165,27.174,27.286,25.872,26.874,27.286,25.872,1.414,1121.6,144.18,148.05,557.2,85.0,850.0,935.0,85.0,178.01,256.9,333.56,284.89,-139.42,-8.2,-169.67,317.3,875.0,875.0,875.0,875.0,370.19,367.88,371.94,369.39,1971.03,1955.0,1053.36,3500.0,1479.4,1.0,1.0,1.0,1.0,22.5,MAX_UNIFORM_COOL,189.3769
5,Opposing Thermal Zones,0,699,6990.0,23,1,10,11,1,92.56,83.59,HEAVY,286.09,VERY HIGH,HEAVY LOAD,89.28,80.21,HEAVY,276.92,VERY HIGH,HEAVY LOAD,90.79,81.14,HEAVY,280.2,VERY HIGH,HEAVY LOAD,88.53,81.4,HEAVY,277.76,VERY HIGH,HEAVY LOAD,15.4,4.16,LIGHT,70.49,LOW,RUNNING,17.21,5.0,LIGHT,74.01,LOW,RUNNING,15.78,4.33,LIGHT,71.22,LOW,RUNNING,18.6,5.86,LIGHT,77.04,LOW,RUNNING,88.48,79.79,HEAVY,275.29,VERY HIGH,HEAVY LOAD,90.73,81.91,HEAVY,281.28,VERY HIGH,HEAVY LOAD,29.93,54.0,316.5,0.25,22.0,COOLING,0.25,22.0,COOLING,0.25,22.0,COOLING,0.25,22.0,COOLING,27.173,27.182,27.294,25.88,26.882,27.294,25.88,1.414,1120.97,144.5,148.26,556.57,85.0,850.0,935.0,85.0,178.14,257.06,333.79,285.06,-139.42,-8.2,-169.68,317.3,875.0,875.0,875.0,875.0,369.69,368.36,372.37,368.93,1970.3,1955.0,1054.05,3500.0,1479.35,1.0,1.0,1.0,1.0,22.5,MAX_UNIFORM_COOL,190.6669
5,Opposing Thermal Zones,0,700,7000.0,23,1,10,11,1,92.67,83.55,HEAVY,286.16,VERY HIGH,HEAVY LOAD,89.23,80.08,HEAVY,276.66,VERY HIGH,HEAVY LOAD,90.61,81.05,HEAVY,279.84,VERY HIGH,HEAVY LOAD,88.39,81.42,HEAVY,277.62,VERY HIGH,HEAVY LOAD,15.42,4.22,LIGHT,70.61,LOW,RUNNING,17.33,5.09,LIGHT,74.3,LOW,RUNNING,15.89,4.38,LIGHT,71.43,LOW,RUNNING,18.59,5.82,LIGHT,76.97,LOW,RUNNING,88.33,79.67,HEAVY,274.92,VERY HIGH,HEAVY LOAD,90.56,81.9,HEAVY,281.05,VERY HIGH,HEAVY LOAD,29.93,54.0,316.7,0.25,22.0,COOLING,0.25,22.0,COOLING,0.25,22.0,COOLING,0.25,22.0,COOLING,27.181,27.19,27.302,25.888,26.89,27.302,25.888,1.414,1120.28,144.91,148.4,555.97,85.0,850.0,935.0,85.0,178.04,257.02,333.78,285.02,-139.42,-8.2,-169.68,317.3,875.0,875.0,875.0,875.0,368.9,368.73,372.5,368.29,1969.56,1955.0,1053.86,3500.0,1478.42,1.0,1.0,1.0,1.0,22.5,MAX_UNIFORM_COOL,191.9579
5,Opposing Thermal Zones,0,701,7010.0,23,1,10,11,1,92.75,83.48,HEAVY,286.16,VERY HIGH,HEAVY LOAD,89.14,79.95,HEAVY,276.35,VERY HIGH,HEAVY LOAD,90.43,80.97,HEAVY,279.49,VERY HIGH,HEAVY LOAD,88.29,81.48,HEAVY,277.58,VERY HIGH,HEAVY LOAD,15.48,4.29,LIGHT,70.78,LOW,RUNNING,17.46,5.17,LIGHT,74.58,LOW,RUNNING,15.98,4.4,LIGHT,71.57,LOW,RUNNING,18.56,5.76,LIGHT,76.84,LOW,RUNNING,88.16,79.57,HEAVY,274.55,VERY HIGH,HEAVY LOAD,90.43,81.92,HEAVY,280.92,VERY HIGH,HEAVY LOAD,29.93,54.0,316.8,0.25,22.0,COOLING,0.25,22.0,COOLING,0.25,22.0,COOLING,0.25,22.0,COOLING,27.189,27.198,27.31,25.896,26.898,27.31,25.896,1.414,1119.58,145.36,148.41,555.47,85.0,850.0,935.0,85.0,177.9,256.91,333.7,284.9,-139.42,-8.2,-169.67,317.3,875.0,875.0,875.0,875.0,368.06,369.07,372.44,367.67,1968.82,1955.0,1053.41,3500.0,1477.24,1.0,1.0,1.0,1.0,22.5,MAX_UNIFORM_COOL,193.2528
5,Opposing Thermal Zones,0,702,7020.0,23,1,10,11,1,92.79,83.38,HEAVY,286.06,VERY HIGH,HEAVY LOAD,89.01,79.82,HEAVY,275.99,VERY HIGH,HEAVY LOAD,90.26,80.92,HEAVY,279.2,VERY HIGH,HEAVY LOAD,88.23,81.56,HEAVY,277.63,VERY HIGH,HEAVY LOAD,15.56,4.37,LIGHT,71.01,LOW,RUNNING,17.6,5.25,LIGHT,74.88,LOW,RUNNING,16.05,4.4,LIGHT,71.66,LOW,RUNNING,18.5,5.68,LIGHT,76.64,LOW,RUNNING,87.98,79.49,HEAVY,274.21,VERY HIGH,HEAVY LOAD,90.32,81.96,HEAVY,280.84,VERY HIGH,HEAVY LOAD,29.94,54.0,317.0,0.25,22.0,COOLING,0.25,22.0,COOLING,0.25,22.0,COOLING,0.25,22.0,COOLING,27.196,27.206,27.318,25.903,26.906,27.318,25.903,1.415,1118.88,145.89,148.3,555.05,85.0,850.0,935.0,85.0,178.03,257.07,333.93,285.07,-139.42,-8.2,-169.67,317.3,875.0,875.0,875.0,875.0,367.49,369.76,372.56,367.42,1968.12,1955.0,1054.1,3500.0,1477.23,1.0,1.0,1.0,1.0,22.5,MAX_UNIFORM_COOL,194.4983
5,Opposing Thermal Zones,0,703,7030.0,23,1,10,11,1,92.8,83.27,HEAVY,285.9,VERY HIGH,HEAVY LOAD,88.86,79.7,HEAVY,275.62,VERY HIGH,HEAVY LOAD,90.09,80.9,HEAVY,278.96,VERY HIGH,HEAVY LOAD,88.2,81.66,HEAVY,277.74,VERY HIGH,HEAVY LOAD,15.66,4.46,LIGHT,71.27,LOW,RUNNING,17.73,5.31,LIGHT,75.13,LOW,RUNNING,16.09,4.38,LIGHT,71.68,LOW,RUNNING,18.41,5.6,LIGHT,76.41,LOW,RUNNING,87.8,79.43,HEAVY,273.9,VERY HIGH,HEAVY LOAD,90.24,82.03,HEAVY,280.85,VERY HIGH,HEAVY LOAD,29.94,54.0,317.2,0.25,22.0,COOLING,0.25,22.0,COOLING,0.25,22.0,COOLING,0.25,22.0,COOLING,27.203,27.214,27.326,25.91,26.913,27.326,25.91,1.416,1118.22,146.4,148.09,554.75,85.0,850.0,935.0,85.0,177.95,257.03,333.92,285.05,-139.3,-8.32,-169.8,317.43,875.0,875.0,875.0,875.0,366.87,370.11,372.21,367.23,1967.46,1955.0,1053.95,3500.0,1476.42,1.0,1.0,1.0,1.0,22.5,MAX_UNIFORM_COOL,195.7434
5,Opposing Thermal Zones,0,704,7040.0,23,1,10,11,1,92.76,83.14,HEAVY,285.66,VERY HIGH,HEAVY LOAD,88.69,79.59,HEAVY,275.25,VERY HIGH,HEAVY LOAD,89.95,80.91,HEAVY,278.8,VERY HIGH,HEAVY LOAD,88.21,81.77,HEAVY,277.92,VERY HIGH,HEAVY LOAD,15.77,4.55,LIGHT,71.54,LOW,RUNNING,17.85,5.36,LIGHT,75.35,LOW,RUNNING,16.1,4.34,LIGHT,71.64,LOW,RUNNING,18.3,5.51,LIGHT,76.14,LOW,RUNNING,87.64,79.4,HEAVY,273.65,VERY HIGH,HEAVY LOAD,90.2,82.13,HEAVY,280.94,VERY HIGH,HEAVY LOAD,29.94,54.0,317.3,0.25,22.0,COOLING,0.25,22.0,COOLING,0.25,22.0,COOLING,0.25,22.0,COOLING,27.21,27.222,27.334,25.917,26.921,27.334,25.917,1.417,1117.63,146.89,147.78,554.59,85.0,850.0,935.0,85.0,177.84,256.92,333.84,284.96,-139.17,-8.45,-169.93,317.55,875.0,875.0,875.0,875.0,366.3,370.36,371.69,367.1,1966.89,1955.0,1053.56,3500.0,1475.45,1.0,1.0,1.0,1.0,22.5,MAX_UNIFORM_COOL,196.9921
5,Opposing Thermal Zones,0,705,7050.0,23,1,10,11,1,92.68,83.01,HEAVY,285.37,VERY HIGH,HEAVY LOAD,88.52,79.5,HEAVY,274.9,VERY HIGH,HEAVY LOAD,89.84,80.95,HEAVY,278.73,VERY HIGH,HEAVY LOAD,88.27,81.9,HEAVY,278.19,VERY HIGH,HEAVY LOAD,15.9,4.63,LIGHT,71.82,LOW,RUNNING,17.95,5.39,LIGHT,75.52,LOW,RUNNING,16.08,4.29,LIGHT,71.53,LOW,RUNNING,18.18,5.42,LIGHT,75.85,LOW,RUNNING,87.49,79.4,HEAVY,273.46,VERY HIGH,HEAVY LOAD,90.21,82.24,HEAVY,281.12,VERY HIGH,HEAVY LOAD,29.95,54.0,317.5,0.25,22.0,COOLING,0.25,22.0,COOLING,0.25,22.0,COOLING,0.25,22.0,COOLING,27.217,27.23,27.342,25.924,26.928,27.342,25.924,1.418,1117.19,147.34,147.38,554.58,85.0,850.0,935.0,85.0,177.97,257.09,334.05,285.15,-139.05,-8.58,-170.05,317.67,875.0,875.0,875.0,875.0,366.11,370.85,371.38,367.4,1966.49,1955.0,1054.26,3500.0,1475.74,1.0,1.0,1.0,1.0,22.5,MAX_UNIFORM_COOL,198.2515
5,Opposing Thermal Zones,0,706,7060.0,23,1,10,11,1,92.57,82.88,HEAVY,285.03,VERY HIGH,HEAVY LOAD,88.34,79.44,HEAVY,274.59,VERY HIGH,HEAVY LOAD,89.75,81.02,HEAVY,278.72,VERY HIGH,HEAVY LOAD,88.36,82.04,HEAVY,278.51,VERY HIGH,HEAVY LOAD,16.04,4.71,LIGHT,72.11,LOW,RUNNING,18.02,5.4,LIGHT,75.62,LOW,RUNNING,16.03,4.22,LIGHT,71.37,LOW,RUNNING,18.05,5.34,LIGHT,75.57,LOW,RUNNING,87.36,79.44,HEAVY,273.36,VERY HIGH,HEAVY LOAD,90.25,82.37,HEAVY,281.37,VERY HIGH,HEAVY LOAD,29.95,54.0,317.7,0.25,22.0,COOLING,0.25,22.0,COOLING,0.25,22.0,COOLING,0.25,22.0,COOLING,27.224,27.238,27.35,25.932,26.936,27.35,25.932,1.418,1116.85,147.73,146.94,554.73,85.0,850.0,935.0,85.0,177.9,257.04,334.06,285.12,-138.92,-8.7,-170.17,317.8,875.0,875.0,875.0,875.0,365.83,371.07,370.83,367.65,1966.25,1955.0,1054.12,3500.0,1475.38,1.0,1.0,1.0,1.0,22.5,MAX_UNIFORM_COOL,199.5258
5,Opposing Thermal Zones,0,707,7070.0,23,1,10,11,1,92.43,82.75,HEAVY,284.66,VERY HIGH,HEAVY LOAD,88.17,79.41,HEAVY,274.33,VERY HIGH,HEAVY LOAD,89.71,81.11,HEAVY,278.8,VERY HIGH,HEAVY LOAD,88.48,82.17,HEAVY,278.86,VERY HIGH,HEAVY LOAD,16.17,4.78,LIGHT,72.38,LOW,RUNNING,18.08,5.39,LIGHT,75.68,LOW,RUNNING,15.95,4.14,LIGHT,71.15,LOW,RUNNING,17.91,5.26,LIGHT,75.28,LOW,RUNNING,87.27,79.5,HEAVY,273.34,VERY HIGH,HEAVY LOAD,90.33,82.5,HEAVY,281.66,VERY HIGH,HEAVY LOAD,29.95,54.0,317.8,0.25,22.0,COOLING,0.25,22.0,COOLING,0.25,22.0,COOLING,0.25,22.0,COOLING,27.231,27.246,27.358,25.94,26.944,27.358,25.94,1.418,1116.65,148.06,146.43,555.0,85.0,850.0,935.0,85.0,177.78,256.93,333.97,285.01,-138.69,-8.81,-170.19,317.69,875.0,875.0,875.0,875.0,365.74,371.18,370.21,367.7,1966.14,1955.0,1053.69,3500.0,1474.83,1.0,1.0,1.0,1.0,22.5,MAX_UNIFORM_COOL,200.805
5,Opposing Thermal Zones,0,708,7080.0,23,1,10,11,1,92.27,82.64,HEAVY,284.3,VERY HIGH,HEAVY LOAD,88.01,79.4,HEAVY,274.11,VERY HIGH,HEAVY LOAD,89.7,81.22,HEAVY,278.95,VERY HIGH,HEAVY LOAD,88.62,82.29,HEAVY,279.21,VERY HIGH,HEAVY LOAD,16.29,4.84,LIGHT,72.62,LOW,RUNNING,18.1,5.36,LIGHT,75.67,LOW,RUNNING,15.85,4.05,LIGHT,70.89,LOW,RUNNING,17.78,5.19,LIGHT,75.01,LOW,RUNNING,87.22,79.58,HEAVY,273.39,VERY HIGH,HEAVY LOAD,90.44,82.64,HEAVY,282.01,VERY HIGH,HEAVY LOAD,29.96,54.0,318.0,0.25,22.0,COOLING,0.25,22.0,COOLING,0.25,22.0,COOLING,0.25,22.0,COOLING,27.238,27.254,27.366,25.948,26.951,27.366,25.948,1.418,1116.57,148.29,145.9,555.4,85.0,850.0,935.0,85.0,177.92,257.1,334.19,285.18,-138.46,-8.92,-170.21,317.58,875.0,875.0,875.0,875.0,366.03,371.47,369.88,368.16,1966.16,1955.0,1054.39,3500.0,1475.54,1.0,1.0,1.0,1.0,22.5,MAX_UNIFORM_COOL,202.0955
5,Opposing Thermal Zones,0,709,7090.0,23,1,10,11,1,92.1,82.54,HEAVY,283.94,VERY HIGH,HEAVY LOAD,87.88,79.43,HEAVY,274.0,VERY HIGH,HEAVY LOAD,89.74,81.34,HEAVY,279.19,VERY HIGH,HEAVY LOAD,88.79,82.4,HEAVY,279.59,VERY HIGH,HEAVY LOAD,16.4,4.88,LIGHT,72.82,LOW,RUNNING,18.09,5.31,LIGHT,75.58,LOW,RUNNING,15.74,3.96,LIGHT,70.61,LOW,RUNNING,17.66,5.14,LIGHT,74.78,LOW,RUNNING,87.2,79.69,HEAVY,273.53,VERY HIGH,HEAVY LOAD,90.58,82.76,HEAVY,282.37,VERY HIGH,HEAVY LOAD,29.96,54.0,318.2,0.25,22.0,COOLING,0.25,22.0,COOLING,0.25,22.0,COOLING,0.25,22.0,COOLING,27.245,27.262,27.374,25.956,26.959,27.374,25.956,1.418,1116.72,148.4,145.39,555.9,85.0,850.0,935.0,85.0,177.84,257.06,334.19,285.14,-138.22,-9.03,-170.22,317.47,875.0,875.0,875.0,875.0,366.34,371.43,369.36,368.51,1966.41,1955.0,1054.23,3500.0,1475.64,1.0,1.0,1.0,1.0,22.5,MAX_UNIFORM_COOL,203.388
5,Opposing Thermal Zones,0,710,7100.0,23,1,10,11,1,91.92,82.46,HEAVY,283.59,VERY HIGH,HEAVY LOAD,87.79,79.48,HEAVY,273.96,VERY HIGH,HEAVY LOAD,89.81,81.48,HEAVY,279.48,VERY HIGH,HEAVY LOAD,88.97,82.49,HEAVY,279.95,VERY HIGH,HEAVY LOAD,16.49,4.9,LIGHT,72.96,LOW,RUNNING,18.05,5.25,LIGHT,75.44,LOW,RUNNING,15.61,3.87,LIGHT,70.32,LOW,RUNNING,17.56,5.11,LIGHT,74.61,LOW,RUNNING,87.22,79.81,HEAVY,273.74,VERY HIGH,HEAVY LOAD,90.75,82.88,HEAVY,282.76,VERY HIGH,HEAVY LOAD,29.97,54.0,318.3,0.25,22.0,COOLING,0.25,22.0,COOLING,0.25,22.0,COOLING,0.25,22.0,COOLING,27.252,27.27,27.382,25.964,26.967,27.382,25.964,1.418,1116.98,148.4,144.93,556.5,85.0,850.0,935.0,85.0,177.95,257.16,334.32,285.24,-137.99,-9.14,-170.23,317.36,875.0,875.0,875.0,875.0,366.94,371.42,369.02,369.1,1966.81,1955.0,1054.67,3500.0,1476.48,1.0,1.0,1.0,1.0,22.5,MAX_UNIFORM_COOL,204.6893
5,Opposing Thermal Zones,0,711,7110.0,23,1,10,11,1,91.74,82.42,HEAVY,283.31,VERY HIGH,HEAVY LOAD,87.72,79.56,HEAVY,273.99,VERY HIGH,HEAVY LOAD,89.92,81.61,HEAVY,279.81,VERY HIGH,HEAVY LOAD,89.15,82.56,HEAVY,280.28,VERY HIGH,HEAVY LOAD,16.56,4.9,LIGHT,73.05,LOW,RUNNING,17.99,5.18,LIGHT,75.26,LOW,RUNNING,15.47,3.79,LIGHT,70.02,LOW,RUNNING,17.48,5.1,LIGHT,74.5,LOW,RUNNING,87.29,79.94,HEAVY,274.02,VERY HIGH,HEAVY LOAD,90.92,82.97,HEAVY,283.11,VERY HIGH,HEAVY LOAD,29.97,54.0,318.5,0.25,22.0,COOLING,0.25,22.0,COOLING,0.25,22.0,COOLING,0.25,22.0,COOLING,27.259,27.278,27.39,25.972,26.975,27.39,25.972,1.418,1117.39,148.31,144.52,557.13,85.0,850.0,935.0,85.0,177.88,257.11,334.33,285.19,-137.75,-9.25,-170.25,317.25,875.0,875.0,875.0,875.0,367.52,371.17,368.6,369.57,1967.35,1955.0,1054.51,3500.0,1476.86,1.0,1.0,1.0,1.0,22.5,MAX_UNIFORM_COOL,205.9937
5,Opposing Thermal Zones,0,712,7120.0,23,1,10,11,1,91.58,82.4,HEAVY,283.07,VERY HIGH,HEAVY LOAD,87.7,79.67,HEAVY,274.13,VERY HIGH,HEAVY LOAD,90.05,81.74,HEAVY,280.17,VERY HIGH,HEAVY LOAD,89.32,82.59,HEAVY,280.53,VERY HIGH,HEAVY LOAD,16.59,4.88,LIGHT,73.06,LOW,RUNNING,17.9,5.09,LIGHT,75.01,LOW,RUNNING,15.34,3.72,LIGHT,69.75,LOW,RUNNING,17.43,5.11,LIGHT,74.45,LOW,RUNNING,87.39,80.08,HEAVY,274.36,VERY HIGH,HEAVY LOAD,91.1,83.04,HEAVY,283.44,VERY HIGH,HEAVY LOAD,29.97,54.0,318.7,0.25,22.0,COOLING,0.25,22.0,COOLING,0.25,22.0,COOLING,0.25,22.0,COOLING,27.267,27.286,27.398,25.98,26.983,27.398,25.98,1.418,1117.9,148.07,144.2,557.8,85.0,850.0,935.0,85.0,177.8,257.07,334.33,285.15,-137.52,-9.36,-170.27,317.14,875.0,875.0,875.0,875.0,368.18,370.78,368.26,370.09,1967.97,1955.0,1054.35,3500.0,1477.31,1.0,1.0,1.0,1.0,22.5,MAX_UNIFORM_COOL,207.3524
5,Opposing Thermal Zones,0,713,7130.0,23,1,10,11,1,91.44,82.41,HEAVY,282.92,VERY HIGH,HEAVY LOAD,87.72,79.79,HEAVY,274.33,VERY HIGH,HEAVY LOAD,90.21,81.86,HEAVY,280.55,VERY HIGH,HEAVY LOAD,89.47,82.6,HEAVY,280.74,VERY HIGH,HEAVY LOAD,16.6,4.84,LIGHT,73.01,LOW,RUNNING,17.79,5.0,LIGHT,74.74,LOW,RUNNING,15.22,3.67,LIGHT,69.53,LOW,RUNNING,17.4,5.14,LIGHT,74.46,LOW,RUNNING,87.52,80.21,HEAVY,274.71,VERY HIGH,HEAVY LOAD,91.27,83.09,HEAVY,283.72,VERY HIGH,HEAVY LOAD,29.98,54.0,318.8,0.25,22.0,COOLING,0.25,22.0,COOLING,0.25,22.0,COOLING,0.25,22.0,COOLING,27.275,27.294,27.406,25.988,26.991,27.406,25.988,1.418,1118.54,147.75,143.99,558.43,85.0,850.0,935.0,85.0,177.88,257.17,334.46,285.25,-137.51,-9.36,-170.26,317.14,875.0,875.0,875.0,875.0,368.91,370.56,368.19,370.82,1968.71,1955.0,1054.76,3500.0,1478.48,1.0,1.0,1.0,1.0,22.5,MAX_UNIFORM_COOL,208.7206
5,Opposing Thermal Zones,0,714,7140.0,23,1,10,11,1,91.33,82.45,HEAVY,282.84,VERY HIGH,HEAVY LOAD,87.77,79.92,HEAVY,274.59,VERY HIGH,HEAVY LOAD,90.39,81.95,HEAVY,280.91,VERY HIGH,HEAVY LOAD,89.61,82.58,HEAVY,280.88,VERY HIGH,HEAVY LOAD,16.58,4.78,LIGHT,72.89,LOW,RUNNING,17.67,4.91,LIGHT,74.45,LOW,RUNNING,15.11,3.62,LIGHT,69.32,LOW,RUNNING,17.41,5.18,LIGHT,74.53,LOW,RUNNING,87.67,80.33,HEAVY,275.08,VERY HIGH,HEAVY LOAD,91.44,83.1,HEAVY,283.95,VERY HIGH,HEAVY LOAD,29.98,54.0,319.0,0.25,22.0,COOLING,0.25,22.0,COOLING,0.25,22.0,COOLING,0.25,22.0,COOLING,27.283,27.302,27.414,25.996,26.999,27.414,25.996,1.418,1119.22,147.34,143.85,559.03,85.0,850.0,935.0,85.0,177.78,257.13,334.46,285.21,-137.51,-9.36,-170.26,317.14,875.0,875.0,875.0,875.0,369.49,370.11,368.05,371.38,1969.44,1955.0,1054.58,3500.0,1479.03,1.0,1.0,1.0,1.0,22.5,MAX_UNIFORM_COOL,210.0913
5,Opposing Thermal Zones,0,715,7150.0,23,1,10,11,1,91.25,82.52,HEAVY,282.84,VERY HIGH,HEAVY LOAD,87.86,80.05,HEAVY,274.9,VERY HIGH,HEAVY LOAD,90.57,82.03,HEAVY,281.26,VERY HIGH,HEAVY LOAD,89.71,82.52,HEAVY,280.92,VERY HIGH,HEAVY LOAD,16.52,4.71,LIGHT,72.72,LOW,RUNNING,17.54,4.83,LIGHT,74.17,LOW,RUNNING,15.02,3.6,LIGHT,69.17,LOW,RUNNING,17.44,5.24,LIGHT,74.66,LOW,RUNNING,87.84,80.43,HEAVY,275.44,VERY HIGH,HEAVY LOAD,91.57,83.08,HEAVY,284.08,VERY HIGH,HEAVY LOAD,29.98,54.0,319.2,0.25,22.0,COOLING,0.25,22.0,COOLING,0.25,22.0,COOLING,0.25,22.0,COOLING,27.291,27.31,27.422,26.004,27.007,27.422,26.004,1.418,1119.92,146.89,143.83,559.52,85.0,850.0,935.0,85.0,177.69,257.08,334.47,285.16,-137.52,-9.36,-170.27,317.14,875.0,875.0,875.0,875.0,370.09,369.61,368.03,371.82,1970.16,1955.0,1054.4,3500.0,1479.55,1.0,1.0,1.0,1.0,22.5,MAX_UNIFORM_COOL,211.4681
5,Opposing Thermal Zones,0,716,7160.0,23,1,10,11,1,91.21,82.62,HEAVY,282.94,VERY HIGH,HEAVY LOAD,87.99,80.18,HEAVY,275.26,VERY HIGH,HEAVY LOAD,90.74,82.08,HEAVY,281.55,VERY HIGH,HEAVY LOAD,89.77,82.44,HEAVY,280.87,VERY HIGH,HEAVY LOAD,16.44,4.63,LIGHT,72.5,LOW,RUNNING,17.4,4.75,LIGHT,73.88,LOW,RUNNING,14.95,3.6,LIGHT,69.09,LOW,RUNNING,17.5,5.32,LIGHT,74.86,LOW,RUNNING,88.02,80.51,HEAVY,275.79,VERY HIGH,HEAVY LOAD,91.68,83.04,HEAVY,284.16,VERY HIGH,HEAVY LOAD,29.99,54.0,319.3,0.25,22.0,COOLING,0.25,22.0,COOLING,0.25,22.0,COOLING,0.25,22.0,COOLING,27.299,27.318,27.43,26.012,27.015,27.43,26.012,1.418,1120.62,146.38,143.95,559.95,85.0,850.0,935.0,85.0,177.77,257.18,334.6,285.26,-137.52,-9.36,-170.27,317.14,875.0,875.0,875.0,875.0,370.87,369.2,368.28,372.35,1970.9,1955.0,1054.81,3500.0,1480.7,1.0,1.0,1.0,1.0,22.5,MAX_UNIFORM_COOL,212.8543
5,Opposing Thermal Zones,0,717,7170.0,23,1,10,11,1,91.2,82.73,HEAVY,283.1,VERY HIGH,HEAVY LOAD,88.14,80.3,HEAVY,275.62,VERY HIGH,HEAVY LOAD,90.91,82.1,HEAVY,281.79,VERY HIGH,HEAVY LOAD,89.8,82.34,HEAVY,280.76,VERY HIGH,HEAVY LOAD,16.34,4.54,LIGHT,72.23,LOW,RUNNING,17.27,4.69,LIGHT,73.62,LOW,RUNNING,14.91,3.62,LIGHT,69.07,LOW,RUNNING,17.59,5.4,LIGHT,75.09,LOW,RUNNING,88.2,80.57,HEAVY,276.11,VERY HIGH,HEAVY LOAD,91.76,82.97,HEAVY,284.16,VERY HIGH,HEAVY LOAD,29.99,54.0,319.5,0.25,22.0,COOLING,0.25,22.0,COOLING,0.25,22.0,COOLING,0.25,22.0,COOLING,27.307,27.326,27.438,26.02,27.023,27.438,26.02,1.418,1121.27,145.85,144.16,560.27,85.0,850.0,935.0,85.0,177.67,257.14,334.6,285.22,-137.51,-9.36,-170.26,317.14,875.0,875.0,875.0,875.0,371.43,368.63,368.5,372.63,1971.55,1955.0,1054.63,3500.0,1481.19,1.0,1.0,1.0,1.0,22.5,MAX_UNIFORM_COOL,214.2432
5,Opposing Thermal Zones,0,718,7180.0,23,1,10,11,1,91.24,82.86,HEAVY,283.34,VERY HIGH,HEAVY LOAD,88.31,80.41,HEAVY,276.0,VERY HIGH,HEAVY LOAD,91.05,82.09,HEAVY,281.95,VERY HIGH,HEAVY LOAD,89.79,82.23,HEAVY,280.58,VERY HIGH,HEAVY LOAD,16.23,4.45,LIGHT,71.96,LOW,RUNNING,17.15,4.64,LIGHT,73.4,LOW,RUNNING,14.9,3.66,LIGHT,69.11,LOW,RUNNING,17.7,5.49,LIGHT,75.36,LOW,RUNNING,88.36,80.6,HEAVY,276.35,VERY HIGH,HEAVY LOAD,91.8,82.87,HEAVY,284.06,VERY HIGH,HEAVY LOAD,29.99,54.0,319.7,0.25,22.0,COOLING,0.25,22.0,COOLING,0.25,22.0,COOLING,0.25,22.0,COOLING,27.315,27.334,27.446,26.028,27.031,27.446,26.028,1.418,1121.87,145.36,144.47,560.41,85.0,850.0,935.0,85.0,177.57,257.09,334.61,285.16,-137.51,-9.36,-170.26,317.14,875.0,875.0,875.0,875.0,371.93,368.09,368.82,372.71,1972.11,1955.0,1054.43,3500.0,1481.55,1.0,1.0,1.0,1.0,22.5,MAX_UNIFORM_COOL,215.6378
5,Opposing Thermal Zones,0,719,7190.0,23,1,10,11,1,91.32,82.99,HEAVY,283.63,VERY HIGH,HEAVY LOAD,88.48,80.5,HEAVY,276.35,VERY HIGH,HEAVY LOAD,91.16,82.05,HEAVY,282.02,VERY HIGH,HEAVY LOAD,89.73,82.1,HEAVY,280.31,VERY HIGH,HEAVY LOAD,16.1,4.37,LIGHT,71.68,LOW,RUNNING,17.05,4.61,LIGHT,73.23,LOW,RUNNING,14.92,3.71,LIGHT,69.22,LOW,RUNNING,17.82,5.58,LIGHT,75.65,LOW,RUNNING,88.51,80.6,HEAVY,276.54,VERY HIGH,HEAVY LOAD,91.79,82.76,HEAVY,283.88,VERY HIGH,HEAVY LOAD,30.0,54.0,319.8,0.25,22.0,COOLING,0.25,22.0,COOLING,0.25,22.0,COOLING,0.25,22.0,COOLING,27.323,27.342,27.454,26.036,27.039,27.454,26.036,1.418,1122.31,144.91,144.87,560.42,85.0,850.0,935.0,85.0,177.65,257.2,334.73,285.28,-137.52,-9.36,-170.27,317.14,875.0,875.0,875.0,875.0,372.44,367.75,369.33,372.84,1972.51,1955.0,1054.86,3500.0,1482.36,1.0,1.0,1.0,1.0,22.5,MAX_UNIFORM_COOL,217.0409
