scenario_id,scenario_name,run_id,timestep_index,timestamp_seconds,total_occupancy,occupancy_zone_1,occupancy_zone_2,occupancy_zone_3,occupancy_zone_4,cpu_util_comp_1,gpu_util_comp_1,workload_cat_comp_1,heat_w_comp_1,cpu_util_comp_2,gpu_util_comp_2,workload_cat_comp_2,heat_w_comp_2,cpu_util_comp_3,gpu_util_comp_3,workload_cat_comp_3,heat_w_comp_3,cpu_util_comp_4,gpu_util_comp_4,workload_cat_comp_4,heat_w_comp_4,cpu_util_comp_5,gpu_util_comp_5,workload_cat_comp_5,heat_w_comp_5,cpu_util_comp_6,gpu_util_comp_6,workload_cat_comp_6,heat_w_comp_6,cpu_util_comp_7,gpu_util_comp_7,workload_cat_comp_7,heat_w_comp_7,cpu_util_comp_8,gpu_util_comp_8,workload_cat_comp_8,heat_w_comp_8,cpu_util_comp_9,gpu_util_comp_9,workload_cat_comp_9,heat_w_comp_9,cpu_util_comp_10,gpu_util_comp_10,workload_cat_comp_10,heat_w_comp_10,outdoor_temperature_c,relative_humidity_percent,solar_irradiance_w_m2,cooling_level_ac1,setpoint_ac1,state_ac1,cooling_level_ac2,setpoint_ac2,state_ac2,cooling_level_ac3,setpoint_ac3,state_ac3,cooling_level_ac4,setpoint_ac4,state_ac4,zone_1_temperature_c,zone_2_temperature_c,zone_3_temperature_c,zone_4_temperature_c,room_average_temperature_c,max_zone_temperature_c,min_zone_temperature_c,temperature_gradient_c,comp_heat_zone_1_w,comp_heat_zone_2_w,comp_heat_zone_3_w,comp_heat_zone_4_w,occ_heat_zone_1_w,occ_heat_zone_2_w,occ_heat_zone_3_w,occ_heat_zone_4_w,env_heat_zone_1_w,env_heat_zone_2_w,env_heat_zone_3_w,env_heat_zone_4_w,interzone_heat_zone_1_w,interzone_heat_zone_2_w,interzone_heat_zone_3_w,interzone_heat_zone_4_w,hvac_cooling_zone_1_w,hvac_cooling_zone_2_w,hvac_cooling_zone_3_w,hvac_cooling_zone_4_w,net_heat_zone_1_w,net_heat_zone_2_w,net_heat_zone_3_w,net_heat_zone_4_w,total_computational_heat_w,total_occupancy_heat_w,total_envelope_heat_w,total_hvac_cooling_w,total_net_heat_w,optimal_cooling_ac1,optimal_cooling_ac2,optimal_cooling_ac3,optimal_cooling_ac4,optimal_temperature_c,optimal_hvac_action,target_objective_cost
3,Distributed Heavy Compute,0,0,0.0,14,3,3,4,4,36.61,17.25,GENERAL,116.64,32.4,17.78,GENERAL,112.17,36.71,16.92,GENERAL,116.27,34.47,20.89,GENERAL,119.42,35.13,22.27,GENERAL,122.32,36.17,19.26,GENERAL,119.1,37.82,17.08,GENERAL,117.9,32.79,17.73,GENERAL,112.58,32.6,20.0,GENERAL,115.75,32.41,23.03,GENERAL,120.06,28.0,50.0,220.0,0.3,22.0,COOLING,0.3,22.0,COOLING,0.3,22.0,COOLING,0.3,22.0,COOLING,21.968,21.964,21.967,21.966,21.966,21.968,21.964,0.004,464.5,241.42,230.48,235.81,255.0,255.0,340.0,340.0,212.15,267.15,322.15,267.15,0.0,0.0,0.0,0.0,1050.0,1050.0,1050.0,1050.0,-118.35,-286.43,-157.37,-207.04,1172.21,1190.0,1068.6,4200.0,-769.19,0.0,0.0,0.0,0.0,22.5,ECO_MAINTAIN,0.7368
3,Distributed Heavy Compute,0,1,10.0,14,3,3,4,4,37.8,21.71,GENERAL,124.81,34.32,16.76,GENERAL,113.04,31.8,17.62,GENERAL,111.18,32.1,19.78,GENERAL,114.8,32.09,19.27,GENERAL,114.02,37.46,19.31,GENERAL,120.79,37.54,17.82,GENERAL,118.66,32.76,22.77,GENERAL,120.11,37.02,21.99,GENERAL,124.26,33.84,21.01,GENERAL,118.82,28.0,50.0,220.1,0.3,22.0,COOLING,0.3,22.0,COOLING,0.3,22.0,COOLING,0.3,22.0,COOLING,21.966,21.958,21.964,21.962,21.962,21.966,21.958,0.008,463.83,234.81,238.77,243.08,255.0,255.0,340.0,340.0,212.23,267.33,322.3,267.29,-0.68,0.8,-0.42,0.3,1050.0,1050.0,1050.0,1050.0,-119.62,-292.06,-149.35,-199.33,1180.49,1190.0,1069.15,4200.0,-760.36,0.0,0.0,0.0,0.0,22.5,ECO_MAINTAIN,0.7494
3,Distributed Heavy Compute,0,2,20.0,14,3,3,4,4,37.08,22.27,GENERAL,124.75,32.71,19.15,GENERAL,114.61,33.85,19.48,GENERAL,116.53,33.72,21.07,GENERAL,118.76,36.85,20.48,GENERAL,121.78,35.36,22.38,GENERAL,122.77,31.74,22.81,GENERAL,118.89,32.61,20.21,GENERAL,116.08,33.95,18.17,GENERAL,114.69,38.4,19.27,GENERAL,121.91,28.01,50.0,220.3,0.3,22.0,COOLING,0.3,22.0,COOLING,0.3,22.0,COOLING,0.3,22.0,COOLING,21.964,21.952,21.961,21.958,21.959,21.964,21.952,0.012,474.65,244.55,234.97,236.6,255.0,255.0,340.0,340.0,212.56,267.81,322.75,267.72,-1.35,1.6,-0.85,0.6,1050.0,1050.0,1050.0,1050.0,-109.14,-281.04,-153.13,-205.08,1190.77,1190.0,1070.84,4200.0,-748.39,0.0,0.0,0.0,0.0,22.5,ECO_MAINTAIN,0.7618
3,Distributed Heavy Compute,0,3,30.0,14,3,3,4,4,36.89,21.06,GENERAL,122.7,31.57,19.03,GENERAL,113.01,32.39,17.26,GENERAL,111.38,37.65,20.21,GENERAL,122.38,37.81,19.83,GENERAL,122.01,35.98,17.42,GENERAL,116.1,35.93,20.11,GENERAL,120.08,34.93,17.65,GENERAL,115.14,33.53,19.55,GENERAL,116.24,37.98,18.01,GENERAL,119.49,28.01,50.0,220.4,0.3,22.0,COOLING,0.3,22.0,COOLING,0.3,22.0,COOLING,0.3,22.0,COOLING,21.962,21.946,21.958,21.954,21.955,21.962,21.946,0.016,469.47,238.11,235.22,235.73,255.0,255.0,340.0,340.0,212.64,268.0,322.9,267.87,-2.02,2.4,-1.27,0.9,1050.0,1050.0,1050.0,1050.0,-114.91,-286.49,-153.15,-205.5,1178.53,1190.0,1071.41,4200.0,-760.05,0.0,0.0,0.0,0.0,22.5,ECO_MAINTAIN,0.7769
3,Distributed Heavy Compute,0,4,40.0,14,3,3,4,4,36.04,22.57,GENERAL,123.91,33.24,18.55,GENERAL,114.38,32.21,17.96,GENERAL,112.2,35.79,18.28,GENERAL,117.16,32.92,18.79,GENERAL,114.34,36.39,21.92,GENERAL,123.37,31.57,18.8,GENERAL,112.66,34.93,23.3,GENERAL,123.61,32.43,17.99,GENERAL,112.52,37.01,17.21,GENERAL,117.08,28.01,50.0,220.6,0.3,22.0,COOLING,0.3,22.0,COOLING,0.3,22.0,COOLING,0.3,22.0,COOLING,21.96,21.94,21.955,21.95,21.951,21.96,21.94,0.02,467.65,237.71,236.27,229.6,255.0,255.0,340.0,340.0,212.75,268.26,323.14,268.08,-2.7,3.2,-1.7,1.2,1050.0,1050.0,1050.0,1050.0,-117.3,-285.83,-152.29,-211.12,1171.23,1190.0,1072.23,4200.0,-766.54,0.0,0.0,0.0,0.0,22.5,ECO_MAINTAIN,0.7916
3,Distributed Heavy Compute,0,5,50.0,14,3,3,4,4,34.11,21.4,GENERAL,119.74,34.53,19.33,GENERAL,117.16,36.54,21.37,GENERAL,122.73,36.52,20.86,GENERAL,121.94,36.83,19.6,GENERAL,120.44,33.47,18.56,GENERAL,114.68,32.65,22.68,GENERAL,119.83,33.81,21.99,GENERAL,120.25,37.34,21.15,GENERAL,123.4,32.93,20.91,GENERAL,117.53,28.02,50.0,220.7,0.3,22.0,COOLING,0.3,22.0,COOLING,0.3,22.0,COOLING,0.3,22.0,COOLING,21.958,21.934,21.952,21.946,21.948,21.958,21.934,0.024,481.57,235.12,240.08,240.93,255.0,255.0,340.0,340.0,213.05,268.66,323.51,268.44,-3.38,4.0,-2.12,1.5,1050.0,1050.0,1050.0,1050.0,-103.76,-287.22,-148.53,-199.13,1197.7,1190.0,1073.66,4200.0,-738.64,0.0,0.0,0.0,0.0,22.5,ECO_MAINTAIN,0.8031
3,Distributed Heavy Compute,0,6,60.0,14,3,3,4,4,36.3,19.28,GENERAL,119.3,32.57,17.84,GENERAL,112.47,37.73,19.7,GENERAL,121.71,35.99,21.47,GENERAL,122.19,32.44,22.95,GENERAL,119.97,34.1,22.29,GENERAL,121.06,34.12,20.73,GENERAL,118.74,35.78,16.92,GENERAL,115.1,38.12,20.49,GENERAL,123.39,36.18,17.69,GENERAL,116.76,28.02,50.0,220.8,0.3,22.0,COOLING,0.3,22.0,COOLING,0.3,22.0,COOLING,0.3,22.0,COOLING,21.956,21.928,21.949,21.942,21.944,21.956,21.928,0.028,475.67,241.03,233.84,240.15,255.0,255.0,340.0,340.0,213.13,268.85,323.66,268.59,-4.05,4.8,-2.55,1.8,1050.0,1050.0,1050.0,1050.0,-110.25,-280.32,-155.05,-199.46,1190.69,1190.0,1074.23,4200.0,-745.08,0.0,0.0,0.0,0.0,22.5,ECO_MAINTAIN,0.8179
3,Distributed Heavy Compute,0,7,70.0,14,3,3,4,4,33.82,18.43,GENERAL,114.92,36.54,19.19,GENERAL,119.46,35.77,22.24,GENERAL,123.07,33.68,21.56,GENERAL,119.44,35.77,19.1,GENERAL,118.36,31.87,21.69,GENERAL,117.37,36.12,22.56,GENERAL,123.99,37.28,20.04,GENERAL,121.66,33.78,21.04,GENERAL,118.78,34.33,19.55,GENERAL,117.24,28.02,50.0,221.0,0.3,22.0,COOLING,0.3,22.0,COOLING,0.3,22.0,COOLING,0.3,22.0,COOLING,21.954,21.922,21.946,21.938,21.94,21.954,21.922,0.032,476.89,235.73,245.65,236.02,255.0,255.0,340.0,340.0,213.26,269.1,323.91,268.8,-4.72,5.6,-2.98,2.1,1050.0,1050.0,1050.0,1050.0,-109.57,-284.57,-143.42,-203.08,1194.29,1190.0,1075.07,4200.0,-740.64,0.0,0.0,0.0,0.0,22.5,ECO_MAINTAIN,0.8322
3,Distributed Heavy Compute,0,8,80.0,14,3,3,4,4,38.38,17.61,GENERAL,119.39,38.15,18.54,GENERAL,120.5,34.48,17.74,GENERAL,114.71,37.39,23.12,GENERAL,126.42,34.48,21.21,GENERAL,119.91,37.15,20.16,GENERAL,121.68,37.49,22.3,GENERAL,125.31,34.57,18.38,GENERAL,115.78,31.55,21.65,GENERAL,116.91,31.67,20.59,GENERAL,115.47,28.03,50.0,221.1,0.3,22.0,COOLING,0.3,22.0,COOLING,0.3,22.0,COOLING,0.3,22.0,COOLING,21.952,21.916,21.943,21.934,21.936,21.952,21.916,0.036,481.02,241.59,241.09,232.38,255.0,255.0,340.0,340.0,213.54,269.51,324.27,269.17,-5.4,6.4,-3.4,2.4,1050.0,1050.0,1050.0,1050.0,-105.84,-277.5,-148.04,-206.05,1196.08,1190.0,1076.49,4200.0,-737.43,0.0,0.0,0.0,0.0,22.5,ECO_MAINTAIN,0.8465
3,Distributed Heavy Compute,0,9,90.0,14,3,3,4,4,36.79,22.55,GENERAL,124.81,32.72,19.81,GENERAL,115.62,37.04,23.07,GENERAL,125.91,32.82,17.94,GENERAL,112.94,36.96,19.69,GENERAL,120.73,32.33,19.36,GENERAL,114.45,32.89,23.36,GENERAL,121.15,37.95,21.51,GENERAL,124.7,36.94,20.26,GENERAL,121.56,35.49,18.12,GENERAL,116.54,28.03,50.0,221.2,0.3,22.0,COOLING,0.3,22.0,COOLING,0.3,22.0,COOLING,0.3,22.0,COOLING,21.95,21.91,21.94,21.93,21.933,21.95,21.91,0.04,479.28,235.18,245.85,238.1,255.0,255.0,340.0,340.0,213.63,269.7,324.42,269.31,-6.08,7.2,-3.83,2.7,1050.0,1050.0,1050.0,1050.0,-108.17,-282.92,-143.56,-199.89,1198.41,1190.0,1077.06,4200.0,-734.54,0.0,0.0,0.0,0.0,22.5,ECO_MAINTAIN,0.8613
3,Distributed Heavy Compute,0,10,100.0,14,3,3,4,4,37.43,19.16,GENERAL,120.53,34.53,20.22,GENERAL,118.49,35.28,22.85,GENERAL,123.38,35.24,18.72,GENERAL,117.13,32.39,23.44,GENERAL,120.65,38.34,20.54,GENERAL,123.74,32.06,17.85,GENERAL,111.85,38.45,23.11,GENERAL,127.73,38.28,19.42,GENERAL,121.98,34.73,21.32,GENERAL,120.39,28.03,50.0,221.4,0.3,22.0,COOLING,0.3,22.0,COOLING,0.3,22.0,COOLING,0.3,22.0,COOLING,21.948,21.904,21.937,21.926,21.929,21.948,21.904,0.044,479.53,244.39,239.58,242.37,255.0,255.0,340.0,340.0,213.74,269.96,324.66,269.53,-6.75,8.0,-4.25,3.0,1050.0,1050.0,1050.0,1050.0,-108.48,-272.65,-150.01,-195.1,1205.87,1190.0,1077.89,4200.0,-726.24,0.0,0.0,0.0,0.0,22.5,ECO_MAINTAIN,0.8751
3,Distributed Heavy Compute,0,11,110.0,14,3,3,4,4,32.14,19.92,GENERAL,115.06,35.91,18.74,GENERAL,118.0,36.41,20.09,GENERAL,120.65,36.09,19.11,GENERAL,118.78,33.94,22.6,GENERAL,121.32,36.8,16.54,GENERAL,115.81,34.23,20.9,GENERAL,119.14,33.46,16.72,GENERAL,111.91,31.67,20.71,GENERAL,115.65,33.31,18.25,GENERAL,114.01,28.04,50.0,221.5,0.3,22.0,COOLING,0.3,22.0,COOLING,0.3,22.0,COOLING,0.3,22.0,COOLING,21.946,21.898,21.934,21.922,21.925,21.946,21.898,0.048,472.49,237.13,231.05,229.66,255.0,255.0,340.0,340.0,214.04,270.36,325.02,269.89,-7.43,8.8,-4.68,3.3,1050.0,1050.0,1050.0,1050.0,-115.9,-278.71,-158.61,-207.15,1170.33,1190.0,1079.31,4200.0,-760.37,0.0,0.0,0.0,0.0,22.5,ECO_MAINTAIN,0.8943
3,Distributed Heavy Compute,0,12,120.0,14,3,3,4,4,38.28,23.46,GENERAL,128.04,37.73,22.35,GENERAL,125.69,37.87,19.13,GENERAL,121.03,33.31,23.38,GENERAL,121.71,32.35,16.64,GENERAL,110.4,31.58,20.14,GENERAL,114.69,33.54,21.35,GENERAL,118.95,33.17,21.89,GENERAL,119.3,32.84,22.3,GENERAL,119.5,33.33,18.97,GENERAL,115.12,28.04,50.0,221.7,0.3,22.0,COOLING,0.3,22.0,COOLING,0.3,22.0,COOLING,0.3,22.0,COOLING,21.944,21.892,21.931,21.918,21.921,21.944,21.892,0.052,496.47,225.09,238.25,234.62,255.0,255.0,340.0,340.0,214.16,270.61,325.27,270.1,-8.1,9.6,-5.1,3.6,1050.0,1050.0,1050.0,1050.0,-92.47,-289.7,-151.58,-201.68,1194.43,1190.0,1080.14,4200.0,-735.43,0.0,0.0,0.0,0.0,22.5,ECO_MAINTAIN,0.9085
3,Distributed Heavy Compute,0,13,130.0,14,3,3,4,4,35.02,18.02,GENERAL,115.81,34.14,20.85,GENERAL,118.95,38.12,17.35,GENERAL,118.68,32.99,21.8,GENERAL,118.94,38.2,18.75,GENERAL,120.88,35.32,18.62,GENERAL,117.08,32.84,18.83,GENERAL,114.3,37.97,18.4,GENERAL,120.06,35.71,22.65,GENERAL,123.61,35.84,19.97,GENERAL,119.76,28.05,50.0,221.8,0.3,22.0,COOLING,0.3,22.0,COOLING,0.3,22.0,COOLING,0.3,22.0,COOLING,21.942,21.886,21.928,21.914,21.918,21.942,21.886,0.056,472.38,237.96,234.36,243.37,255.0,255.0,340.0,340.0,214.45,271.02,325.63,270.46,-8.77,10.4,-5.53,3.9,1050.0,1050.0,1050.0,1050.0,-116.94,-275.62,-155.54,-192.27,1188.07,1190.0,1081.56,4200.0,-740.37,0.0,0.0,0.0,0.0,22.5,ECO_MAINTAIN,0.9231
3,Distributed Heavy Compute,0,14,140.0,14,3,3,4,4,31.92,19.36,GENERAL,113.94,34.66,22.93,GENERAL,122.72,37.58,21.71,GENERAL,124.54,33.98,22.17,GENERAL,120.73,36.18,16.51,GENERAL,114.99,35.35,20.21,GENERAL,119.5,36.65,20.22,GENERAL,121.14,38.41,19.93,GENERAL,122.91,35.95,19.14,GENERAL,118.65,35.62,16.75,GENERAL,114.65,28.05,50.0,221.9,0.3,22.0,COOLING,0.3,22.0,COOLING,0.3,22.0,COOLING,0.3,22.0,COOLING,21.94,21.88,21.925,21.91,21.914,21.94,21.88,0.06,481.93,234.49,244.05,233.3,255.0,255.0,340.0,340.0,214.53,271.22,325.78,270.61,-9.45,11.2,-5.95,4.2,1050.0,1050.0,1050.0,1050.0,-107.99,-278.09,-146.12,-201.89,1193.77,1190.0,1082.14,4200.0,-734.09,0.0,0.0,0.0,0.0,22.5,ECO_MAINTAIN,0.9389
3,Distributed Heavy Compute,0,15,150.0,14,3,3,4,4,32.8,22.98,GENERAL,120.47,38.1,16.77,GENERAL,117.78,33.63,22.65,GENERAL,121.01,31.89,22.8,GENERAL,119.06,31.59,18.15,GENERAL,111.71,35.98,22.62,GENERAL,123.91,37.82,17.95,GENERAL,119.2,31.8,17.8,GENERAL,111.45,35.63,17.72,GENERAL,116.12,37.57,19.42,GENERAL,121.09,28.05,50.0,222.1,0.3,22.0,COOLING,0.3,22.0,COOLING,0.3,22.0,COOLING,0.3,22.0,COOLING,21.938,21.874,21.922,21.906,21.91,21.938,21.874,0.064,478.32,235.62,230.65,237.21,255.0,255.0,340.0,340.0,214.65,271.47,326.03,270.82,-10.13,12.0,-6.38,4.5,1050.0,1050.0,1050.0,1050.0,-112.16,-275.91,-159.7,-197.47,1181.8,1190.0,1082.97,4200.0,-745.24,0.0,0.0,0.0,0.0,22.5,ECO_MAINTAIN,0.956
3,Distributed Heavy Compute,0,16,160.0,14,3,3,4,4,37.18,20.39,GENERAL,122.06,35.06,22.15,GENERAL,122.05,32.57,21.25,GENERAL,117.59,36.78,22.39,GENERAL,124.56,32.27,22.37,GENERAL,118.89,36.68,20.99,GENERAL,122.33,32.37,17.76,GENERAL,112.1,32.34,16.59,GENERAL,110.31,35.74,17.5,GENERAL,115.92,36.96,18.91,GENERAL,119.56,28.06,50.0,222.2,0.3,22.0,COOLING,0.3,22.0,COOLING,0.3,22.0,COOLING,0.3,22.0,COOLING,21.936,21.869,21.919,21.902,21.907,21.936,21.869,0.067,486.26,241.22,222.41,235.48,255.0,255.0,340.0,340.0,214.95,271.88,326.39,271.19,-10.8,12.8,-6.8,4.8,1050.0,1050.0,1050.0,1050.0,-104.59,-269.1,-168.0,-198.53,1185.37,1190.0,1084.41,4200.0,-740.22,0.0,0.0,0.0,0.0,22.5,ECO_MAINTAIN,0.9703
3,Distributed Heavy Compute,0,17,170.0,14,3,3,4,4,32.23,22.79,GENERAL,119.47,37.74,17.43,GENERAL,118.32,32.56,21.33,GENERAL,117.69,32.07,20.94,GENERAL,116.5,37.68,17.32,GENERAL,118.08,35.59,18.36,GENERAL,117.03,36.47,17.68,GENERAL,117.11,35.51,20.78,GENERAL,120.56,35.99,18.66,GENERAL,117.98,33.88,16.55,GENERAL,112.18,28.06,50.0,222.4,0.3,22.0,COOLING,0.3,22.0,COOLING,0.3,22.0,COOLING,0.3,22.0,COOLING,21.934,21.863,21.916,21.898,21.903,21.934,21.863,0.071,471.98,235.11,237.67,230.16,255.0,255.0,340.0,340.0,215.07,272.11,326.63,271.4,-11.36,13.37,-7.12,5.11,1050.0,1050.0,1050.0,1050.0,-119.31,-274.41,-152.82,-203.33,1174.92,1190.0,1085.21,4200.0,-749.87,0.0,0.0,0.0,0.0,22.5,ECO_MAINTAIN,0.9875
3,Distributed Heavy Compute,0,18,180.0,14,3,3,4,4,34.04,22.49,GENERAL,121.28,31.86,23.44,GENERAL,119.99,31.63,20.67,GENERAL,115.54,32.86,17.33,GENERAL,112.07,35.61,20.83,GENERAL,120.76,32.32,17.19,GENERAL,111.19,31.87,23.21,GENERAL,119.65,32.31,18.28,GENERAL,112.81,37.76,21.46,GENERAL,124.39,33.48,17.84,GENERAL,113.61,28.06,50.0,222.5,0.3,22.0,COOLING,0.3,22.0,COOLING,0.3,22.0,COOLING,0.3,22.0,COOLING,21.931,21.857,21.913,21.894,21.899,21.931,21.857,0.074,468.88,231.95,232.46,238.0,255.0,255.0,340.0,340.0,215.15,272.3,326.79,271.54,-12.04,14.17,-7.54,5.42,1050.0,1050.0,1050.0,1050.0,-123.01,-276.58,-158.29,-195.04,1171.29,1190.0,1085.78,4200.0,-752.92,0.0,0.0,0.0,0.0,22.5,ECO_MAINTAIN,1.005
3,Distributed Heavy Compute,0,19,190.0,14,3,3,4,4,34.53,21.5,GENERAL,120.41,37.82,21.51,GENERAL,124.54,36.29,16.97,GENERAL,115.82,38.28,17.77,GENERAL,119.5,36.87,21.68,GENERAL,123.61,38.12,19.53,GENERAL,121.95,37.83,18.5,GENERAL,120.04,35.33,16.68,GENERAL,114.18,37.43,18.46,GENERAL,119.48,32.55,18.64,GENERAL,113.65,28.07,50.0,222.6,0.3,22.0,COOLING,0.3,22.0,COOLING,0.3,22.0,COOLING,0.3,22.0,COOLING,21.929,21.852,21.91,21.89,21.895,21.929,21.852,0.077,480.27,245.56,234.22,233.13,255.0,255.0,340.0,340.0,215.46,272.7,327.15,271.9,-12.48,14.86,-7.98,5.61,1050.0,1050.0,1050.0,1050.0,-111.75,-261.88,-156.61,-199.36,1193.18,1190.0,1087.21,4200.0,-729.6,0.0,0.0,0.0,0.0,22.5,ECO_MAINTAIN,1.0173
3,Distributed Heavy Compute,0,20,200.0,14,3,3,4,4,36.31,20.85,GENERAL,121.66,33.3,23.1,GENERAL,121.28,36.74,22.03,GENERAL,123.97,37.99,16.72,GENERAL,117.57,32.8,17.59,GENERAL,112.39,33.97,19.72,GENERAL,117.04,35.82,21.25,GENERAL,121.65,36.35,18.65,GENERAL,118.41,32.79,22.19,GENERAL,119.27,37.61,17.86,GENERAL,118.8,28.07,50.0,222.8,0.3,22.0,COOLING,0.3,22.0,COOLING,0.3,22.0,COOLING,0.3,22.0,COOLING,21.927,21.846,21.907,21.886,21.892,21.927,21.846,0.081,484.48,229.43,240.06,238.07,255.0,255.0,340.0,340.0,215.58,272.94,327.39,272.12,-13.04,15.42,-8.29,5.92,1050.0,1050.0,1050.0,1050.0,-107.98,-277.21,-150.84,-193.89,1192.04,1190.0,1088.03,4200.0,-729.92,0.0,0.0,0.0,0.0,22.5,ECO_MAINTAIN,1.0355
3,Distributed Heavy Compute,0,21,210.0,14,3,3,4,4,33.06,21.29,GENERAL,118.26,33.34,16.57,GENERAL,111.53,34.36,19.39,GENERAL,117.03,35.06,22.3,GENERAL,122.28,32.23,21.02,GENERAL,116.82,34.48,21.18,GENERAL,119.87,36.84,18.81,GENERAL,119.27,37.79,20.85,GENERAL,123.51,35.4,22.54,GENERAL,123.06,34.22,21.43,GENERAL,119.92,28.07,50.0,222.9,0.3,22.0,COOLING,0.3,22.0,COOLING,0.3,22.0,COOLING,0.3,22.0,COOLING,21.924,21.841,21.904,21.882,21.888,21.924,21.841,0.083,469.1,236.69,242.78,242.98,255.0,255.0,340.0,340.0,215.66,273.13,327.54,272.27,-13.72,16.22,-8.72,6.22,1050.0,1050.0,1050.0,1050.0,-123.96,-268.96,-148.4,-188.53,1191.55,1190.0,1088.6,4200.0,-729.85,0.0,0.0,0.0,0.0,22.5,ECO_MAINTAIN,1.0502
3,Distributed Heavy Compute,0,22,220.0,14,3,3,4,4,35.72,19.46,GENERAL,118.84,31.55,22.14,GENERAL,117.65,34.4,16.93,GENERAL,113.39,37.77,22.78,GENERAL,126.38,37.89,22.42,GENERAL,125.99,33.98,18.55,GENERAL,115.3,33.7,19.91,GENERAL,116.99,34.24,21.5,GENERAL,120.05,34.97,21.09,GENERAL,120.35,32.25,17.14,GENERAL,111.02,28.08,50.0,223.1,0.3,22.0,COOLING,0.3,22.0,COOLING,0.3,22.0,COOLING,0.3,22.0,COOLING,21.922,21.836,21.901,21.878,21.884,21.922,21.836,0.086,476.26,241.29,237.04,231.37,255.0,255.0,340.0,340.0,216.01,273.58,327.99,272.7,-14.05,16.67,-9.05,6.42,1050.0,1050.0,1050.0,1050.0,-116.78,-263.46,-154.02,-199.51,1185.96,1190.0,1090.28,4200.0,-733.77,0.0,0.0,0.0,0.0,22.5,ECO_MAINTAIN,1.0666
3,Distributed Heavy Compute,0,23,230.0,14,3,3,4,4,32.32,17.48,GENERAL,111.62,36.15,21.88,GENERAL,123.01,37.57,22.9,GENERAL,126.31,37.73,16.65,GENERAL,117.14,36.91,22.85,GENERAL,125.41,37.74,22.19,GENERAL,125.46,35.4,18.45,GENERAL,116.92,32.64,19.24,GENERAL,114.66,33.25,19.47,GENERAL,115.77,37.59,19.72,GENERAL,121.57,28.08,50.0,223.2,0.3,22.0,COOLING,0.3,22.0,COOLING,0.3,22.0,COOLING,0.3,22.0,COOLING,21.92,21.831,21.898,21.874,21.881,21.92,21.831,0.089,478.08,250.87,231.58,237.34,255.0,255.0,340.0,340.0,216.1,273.75,328.15,272.84,-14.62,17.24,-9.37,6.74,1050.0,1050.0,1050.0,1050.0,-115.44,-253.14,-159.64,-193.08,1197.87,1190.0,1090.84,4200.0,-721.3,0.0,0.0,0.0,0.0,22.5,ECO_MAINTAIN,1.0803
3,Distributed Heavy Compute,0,24,240.0,14,3,3,4,4,37.71,22.75,GENERAL,126.26,35.38,19.16,GENERAL,117.96,31.72,19.63,GENERAL,114.09,36.52,20.76,GENERAL,121.79,37.74,22.98,GENERAL,126.65,36.81,21.68,GENERAL,123.53,34.76,16.55,GENERAL,113.27,32.37,17.12,GENERAL,111.14,33.05,21.22,GENERAL,118.14,32.95,20.52,GENERAL,116.97,28.08,50.0,223.3,0.3,22.0,COOLING,0.3,22.0,COOLING,0.3,22.0,COOLING,0.3,22.0,COOLING,21.918,21.826,21.895,21.87,21.877,21.918,21.826,0.092,480.1,250.18,224.41,235.11,255.0,255.0,340.0,340.0,216.18,273.91,328.3,272.99,-15.18,17.81,-9.68,7.06,1050.0,1050.0,1050.0,1050.0,-113.9,-253.1,-166.97,-194.84,1189.8,1190.0,1091.38,4200.0,-728.81,0.0,0.0,0.0,0.0,22.5,ECO_MAINTAIN,1.0973
3,Distributed Heavy Compute,0,25,250.0,14,3,3,4,4,36.57,22.8,GENERAL,124.91,32.04,19.0,GENERAL,113.55,34.56,22.65,GENERAL,122.17,33.57,21.07,GENERAL,118.57,32.76,16.79,GENERAL,111.14,35.54,20.94,GENERAL,120.83,34.76,18.08,GENERAL,115.57,33.23,16.51,GENERAL,111.3,37.91,19.95,GENERAL,122.31,37.53,20.25,GENERAL,122.29,28.09,50.0,223.5,0.3,22.0,COOLING,0.3,22.0,COOLING,0.3,22.0,COOLING,0.3,22.0,COOLING,21.916,21.82,21.892,21.866,21.873,21.916,21.82,0.096,479.2,231.97,226.87,244.6,255.0,255.0,340.0,340.0,216.51,274.37,328.75,273.42,-15.74,18.37,-9.99,7.37,1050.0,1050.0,1050.0,1050.0,-115.03,-270.29,-164.37,-184.61,1182.64,1190.0,1093.05,4200.0,-734.3,0.0,0.0,0.0,0.0,22.5,ECO_MAINTAIN,1.117
3,Distributed Heavy Compute,0,26,260.0,14,3,3,4,4,35.44,21.53,GENERAL,121.59,37.21,18.15,GENERAL,118.74,33.82,21.28,GENERAL,119.2,34.29,22.08,GENERAL,120.98,31.89,22.74,GENERAL,118.97,32.06,19.04,GENERAL,113.64,33.49,16.75,GENERAL,111.99,32.44,20.39,GENERAL,116.13,34.96,22.8,GENERAL,122.9,32.53,21.13,GENERAL,117.36,28.09,50.0,223.6,0.3,22.0,COOLING,0.3,22.0,COOLING,0.3,22.0,COOLING,0.3,22.0,COOLING,21.914,21.815,21.889,21.862,21.87,21.914,21.815,0.099,480.51,232.61,228.12,240.26,255.0,255.0,340.0,340.0,216.59,274.55,328.91,273.57,-16.42,19.17,-10.42,7.67,1050.0,1050.0,1050.0,1050.0,-114.32,-268.67,-163.39,-188.5,1181.5,1190.0,1093.62,4200.0,-734.88,0.0,0.0,0.0,0.0,22.5,ECO_MAINTAIN,1.1334
3,Distributed Heavy Compute,0,27,270.0,14,3,3,4,4,34.11,17.24,GENERAL,113.5,34.15,23.13,GENERAL,122.38,33.89,20.72,GENERAL,118.44,35.04,21.99,GENERAL,121.78,36.65,23.02,GENERAL,125.34,34.58,21.52,GENERAL,120.5,32.22,21.13,GENERAL,116.97,35.34,19.51,GENERAL,118.44,35.44,20.66,GENERAL,120.29,34.75,21.32,GENERAL,120.42,28.09,50.0,223.8,0.3,22.0,COOLING,0.3,22.0,COOLING,0.3,22.0,COOLING,0.3,22.0,COOLING,21.912,21.81,21.886,21.858,21.866,21.912,21.81,0.102,476.1,245.84,235.41,240.71,255.0,255.0,340.0,340.0,216.7,274.79,329.14,273.78,-16.99,19.73,-10.73,7.99,1050.0,1050.0,1050.0,1050.0,-119.19,-254.64,-156.18,-187.52,1198.06,1190.0,1094.41,4200.0,-717.53,0.0,0.0,0.0,0.0,22.5,ECO_MAINTAIN,1.1463
3,Distributed Heavy Compute,0,28,280.0,14,3,3,4,4,35.09,16.53,GENERAL,113.66,34.24,18.75,GENERAL,115.93,33.22,19.32,GENERAL,115.51,32.71,17.87,GENERAL,112.69,36.85,21.08,GENERAL,122.68,36.98,21.43,GENERAL,123.37,36.21,18.28,GENERAL,117.68,31.97,21.29,GENERAL,116.9,34.43,22.25,GENERAL,121.41,34.38,21.31,GENERAL,119.94,28.1,50.0,223.9,0.3,22.0,COOLING,0.3,22.0,COOLING,0.3,22.0,COOLING,0.3,22.0,COOLING,21.909,21.805,21.883,21.854,21.863,21.909,21.805,0.104,457.79,246.05,234.58,241.35,255.0,255.0,340.0,340.0,217.0,275.18,329.51,274.14,-17.55,20.3,-11.05,8.3,1050.0,1050.0,1050.0,1050.0,-137.76,-253.47,-156.96,-186.21,1179.77,1190.0,1095.83,4200.0,-734.4,0.0,0.0,0.0,0.0,22.5,ECO_MAINTAIN,1.1642
3,Distributed Heavy Compute,0,29,290.0,14,3,3,4,4,32.87,20.72,GENERAL,117.17,33.1,19.28,GENERAL,115.3,36.7,16.67,GENERAL,115.88,36.64,22.44,GENERAL,124.46,35.52,16.63,GENERAL,114.34,36.06,17.77,GENERAL,116.73,34.81,21.14,GENERAL,120.22,34.83,18.68,GENERAL,116.56,35.32,19.84,GENERAL,118.91,32.37,19.53,GENERAL,114.76,28.1,50.0,224.0,0.3,22.0,COOLING,0.3,22.0,COOLING,0.3,22.0,COOLING,0.3,22.0,COOLING,21.906,21.8,21.88,21.85,21.859,21.906,21.8,0.106,472.81,231.07,236.78,233.67,255.0,255.0,340.0,340.0,217.11,275.34,329.67,274.29,-17.88,20.75,-11.38,8.5,1050.0,1050.0,1050.0,1050.0,-122.96,-267.84,-154.93,-193.54,1174.33,1190.0,1096.41,4200.0,-739.27,0.0,0.0,0.0,0.0,22.5,ECO_MAINTAIN,1.1843
3,Distributed Heavy Compute,0,30,300.0,14,3,3,4,4,37.99,18.7,GENERAL,120.54,35.49,20.26,GENERAL,119.75,32.73,18.25,GENERAL,113.29,36.6,21.34,GENERAL,122.76,34.0,18.0,GENERAL,114.5,33.69,22.62,GENERAL,121.04,34.82,18.67,GENERAL,116.53,36.53,22.12,GENERAL,123.84,31.96,23.42,GENERAL,120.08,37.38,22.13,GENERAL,124.92,28.1,50.0,224.2,0.3,22.0,COOLING,0.3,22.0,COOLING,0.3,22.0,COOLING,0.3,22.0,COOLING,21.904,21.795,21.877,21.846,21.855,21.904,21.795,0.109,476.34,235.54,240.37,245.0,255.0,255.0,340.0,340.0,217.25,275.57,329.9,274.5,-18.21,21.21,-11.71,8.71,1050.0,1050.0,1050.0,1050.0,-119.62,-262.68,-151.44,-181.79,1197.25,1190.0,1097.22,4200.0,-715.53,0.0,0.0,0.0,0.0,22.5,ECO_MAINTAIN,1.198
3,Distributed Heavy Compute,0,31,310.0,14,3,3,4,4,31.73,18.15,GENERAL,111.89,34.37,22.7,GENERAL,122.01,32.44,20.35,GENERAL,116.08,36.09,23.53,GENERAL,125.41,37.08,21.33,GENERAL,123.34,33.38,18.38,GENERAL,114.3,34.96,18.83,GENERAL,116.95,37.38,16.87,GENERAL,117.03,38.13,20.96,GENERAL,124.1,34.14,18.02,GENERAL,114.7,28.11,50.0,224.3,0.3,22.0,COOLING,0.3,22.0,COOLING,0.3,22.0,COOLING,0.3,22.0,COOLING,21.902,21.79,21.874,21.842,21.852,21.902,21.79,0.112,475.39,237.64,233.98,238.8,255.0,255.0,340.0,340.0,217.54,275.96,330.27,274.87,-18.77,21.77,-12.02,9.02,1050.0,1050.0,1050.0,1050.0,-120.84,-259.63,-157.77,-187.31,1185.81,1190.0,1098.64,4200.0,-725.55,0.0,0.0,0.0,0.0,22.5,ECO_MAINTAIN,1.216
3,Distributed Heavy Compute,0,32,320.0,14,3,3,4,4,35.05,23.54,GENERAL,124.12,35.76,17.53,GENERAL,115.99,37.0,21.33,GENERAL,123.25,38.01,21.1,GENERAL,124.16,34.1,22.18,GENERAL,120.89,32.6,18.37,GENERAL,113.31,33.85,23.5,GENERAL,122.56,32.97,21.95,GENERAL,119.14,38.46,22.12,GENERAL,126.25,31.82,17.16,GENERAL,110.52,28.11,50.0,224.4,0.3,22.0,COOLING,0.3,22.0,COOLING,0.3,22.0,COOLING,0.3,22.0,COOLING,21.9,21.785,21.871,21.838,21.849,21.9,21.785,0.115,487.52,234.2,241.7,236.77,255.0,255.0,340.0,340.0,217.62,276.13,330.42,275.01,-19.34,22.34,-12.34,9.34,1050.0,1050.0,1050.0,1050.0,-109.2,-262.33,-150.22,-188.88,1200.19,1190.0,1099.18,4200.0,-710.63,0.0,0.0,0.0,0.0,22.5,ECO_MAINTAIN,1.2324
3,Distributed Heavy Compute,0,33,330.0,14,3,3,4,4,37.64,19.0,GENERAL,120.55,33.87,17.75,GENERAL,113.96,37.54,21.2,GENERAL,123.73,37.74,17.45,GENERAL,118.35,35.82,18.2,GENERAL,117.08,35.91,19.0,GENERAL,118.39,38.49,18.37,GENERAL,120.67,37.98,20.74,GENERAL,123.58,37.49,18.75,GENERAL,119.99,35.89,22.56,GENERAL,123.7,28.11,50.0,224.6,0.3,22.0,COOLING,0.3,22.0,COOLING,0.3,22.0,COOLING,0.3,22.0,COOLING,21.898,21.78,21.868,21.834,21.845,21.898,21.78,0.118,476.59,235.47,244.25,243.69,255.0,255.0,340.0,340.0,217.74,276.37,330.66,275.23,-19.9,22.9,-12.65,9.65,1050.0,1050.0,1050.0,1050.0,-120.57,-260.26,-147.74,-181.43,1200.0,1190.0,1100.0,4200.0,-710.0,0.0,0.0,0.0,0.0,22.5,ECO_MAINTAIN,1.2486
3,Distributed Heavy Compute,0,34,340.0,14,3,3,4,4,34.24,19.55,GENERAL,117.13,37.37,17.34,GENERAL,117.72,36.47,19.64,GENERAL,120.05,33.28,21.21,GENERAL,118.41,34.14,23.46,GENERAL,122.86,33.78,22.19,GENERAL,120.51,33.95,18.27,GENERAL,114.84,37.45,20.08,GENERAL,121.93,38.38,20.07,GENERAL,123.08,32.73,17.53,GENERAL,112.21,28.12,50.0,224.7,0.3,22.0,COOLING,0.3,22.0,COOLING,0.3,22.0,COOLING,0.3,22.0,COOLING,21.895,21.775,21.865,21.83,21.841,21.895,21.775,0.12,473.31,243.37,236.77,235.29,255.0,255.0,340.0,340.0,218.03,276.75,331.03,275.59,-20.47,23.47,-12.97,9.97,1050.0,1050.0,1050.0,1050.0,-124.13,-251.41,-155.17,-189.15,1188.74,1190.0,1101.4,4200.0,-719.86,0.0,0.0,0.0,0.0,22.5,ECO_MAINTAIN,1.2668
3,Distributed Heavy Compute,0,35,350.0,14,3,3,4,4,37.45,18.27,GENERAL,119.22,34.01,24.16,GENERAL,123.75,36.79,21.35,GENERAL,123.01,33.79,18.04,GENERAL,114.3,37.54,18.24,GENERAL,119.29,36.45,18.43,GENERAL,118.21,33.26,18.3,GENERAL,114.03,32.78,24.71,GENERAL,123.04,38.54,23.12,GENERAL,127.85,32.74,24.49,GENERAL,122.66,28.12,50.0,224.9,0.3,22.0,COOLING,0.3,22.0,COOLING,0.3,22.0,COOLING,0.3,22.0,COOLING,21.893,21.77,21.862,21.826,21.838,21.893,21.77,0.123,480.28,237.5,237.07,250.51,255.0,255.0,340.0,340.0,218.18,276.98,331.27,275.8,-20.8,23.93,-13.3,10.18,1050.0,1050.0,1050.0,1050.0,-117.34,-256.59,-154.96,-173.51,1205.36,1190.0,1102.23,4200.0,-702.4,0.0,0.0,0.0,0.0,22.5,ECO_MAINTAIN,1.283
3,Distributed Heavy Compute,0,36,360.0,14,3,3,4,4,34.41,20.87,GENERAL,119.32,36.73,18.59,GENERAL,118.8,36.07,20.25,GENERAL,120.46,38.12,22.79,GENERAL,126.84,37.29,18.53,GENERAL,119.41,36.29,19.71,GENERAL,119.93,34.83,21.99,GENERAL,121.52,37.56,19.98,GENERAL,121.92,39.57,20.57,GENERAL,125.32,33.05,24.4,GENERAL,122.91,28.12,50.0,225.0,0.3,22.0,COOLING,0.3,22.0,COOLING,0.3,22.0,COOLING,0.3,22.0,COOLING,21.891,21.765,21.859,21.822,21.834,21.891,21.765,0.126,485.42,239.34,243.44,248.23,255.0,255.0,340.0,340.0,218.26,277.15,331.43,275.94,-21.37,24.49,-13.61,10.49,1050.0,1050.0,1050.0,1050.0,-112.69,-254.02,-148.74,-175.34,1216.43,1190.0,1102.78,4200.0,-690.79,0.0,0.0,0.0,0.0,22.5,ECO_MAINTAIN,1.2993
3,Distributed Heavy Compute,0,37,370.0,14,3,3,4,4,34.5,23.8,GENERAL,123.83,39.35,20.09,GENERAL,124.32,40.45,22.15,GENERAL,128.79,36.17,23.09,GENERAL,124.85,38.43,22.74,GENERAL,127.15,34.94,19.6,GENERAL,118.08,33.65,19.66,GENERAL,116.55,38.01,20.6,GENERAL,123.41,33.79,24.75,GENERAL,124.36,40.11,22.34,GENERAL,128.65,28.13,50.0,225.1,0.3,22.0,COOLING,0.3,22.0,COOLING,0.3,22.0,COOLING,0.3,22.0,COOLING,21.889,21.76,21.856,21.819,21.831,21.889,21.76,0.129,501.79,245.23,239.96,253.01,255.0,255.0,340.0,340.0,218.55,277.54,331.79,276.31,-21.93,25.05,-13.93,10.81,1050.0,1050.0,1050.0,1050.0,-96.59,-247.18,-152.18,-169.87,1239.99,1190.0,1104.19,4200.0,-665.82,0.0,0.0,0.0,0.0,22.5,ECO_MAINTAIN,1.3134
3,Distributed Heavy Compute,0,38,380.0,14,3,3,4,4,35.67,22.74,GENERAL,123.7,36.18,24.75,GENERAL,127.35,37.5,25.32,GENERAL,129.85,36.16,24.41,GENERAL,126.81,34.48,26.11,GENERAL,127.26,35.1,25.98,GENERAL,127.84,35.94,21.97,GENERAL,122.88,39.84,20.65,GENERAL,125.78,38.91,26.02,GENERAL,132.67,36.44,21.7,GENERAL,123.1,28.13,50.0,225.3,0.3,22.0,COOLING,0.3,22.0,COOLING,0.3,22.0,COOLING,0.3,22.0,COOLING,21.887,21.755,21.853,21.816,21.828,21.887,21.755,0.132,507.71,255.1,248.66,255.77,255.0,255.0,340.0,340.0,218.67,277.76,332.03,276.5,-22.38,25.63,-14.14,10.89,1050.0,1050.0,1050.0,1050.0,-91.0,-236.51,-143.45,-166.84,1267.24,1190.0,1104.96,4200.0,-637.8,0.0,0.0,0.0,0.0,22.5,ECO_MAINTAIN,1.326
3,Distributed Heavy Compute,0,39,390.0,14,3,3,4,4,40.6,24.2,GENERAL,132.05,34.81,26.99,GENERAL,129.0,39.67,27.14,GENERAL,135.3,38.19,25.86,GENERAL,131.53,38.33,22.48,GENERAL,126.63,39.99,20.58,GENERAL,125.86,38.68,27.19,GENERAL,134.13,35.49,24.5,GENERAL,126.11,41.33,26.43,GENERAL,136.31,37.99,21.37,GENERAL,124.54,28.14,50.0,225.4,0.3,22.0,COOLING,0.3,22.0,COOLING,0.3,22.0,COOLING,0.3,22.0,COOLING,21.886,21.75,21.85,21.813,21.825,21.886,21.75,0.136,527.88,252.49,260.24,260.85,255.0,255.0,340.0,340.0,218.96,278.16,332.39,276.85,-22.84,26.22,-14.34,10.97,1050.0,1050.0,1050.0,1050.0,-71.0,-238.13,-131.71,-161.33,1301.46,1190.0,1106.36,4200.0,-602.17,0.0,0.0,0.0,0.0,22.5,ECO_MAINTAIN,1.3397
3,Distributed Heavy Compute,0,40,400.0,14,3,3,4,4,41.87,24.83,GENERAL,134.58,38.94,23.96,GENERAL,129.62,35.54,21.93,GENERAL,122.32,37.43,25.51,GENERAL,130.05,35.38,28.25,GENERAL,131.6,39.99,27.56,GENERAL,136.33,39.86,24.47,GENERAL,131.53,36.92,22.36,GENERAL,124.69,37.34,23.34,GENERAL,126.69,40.49,26.44,GENERAL,135.27,28.14,50.0,225.6,0.3,22.0,COOLING,0.3,22.0,COOLING,0.3,22.0,COOLING,0.3,22.0,COOLING,21.884,21.745,21.847,21.81,21.822,21.884,21.745,0.139,516.57,267.93,256.22,261.96,255.0,255.0,340.0,340.0,219.06,278.39,332.63,277.03,-23.53,26.91,-14.53,11.16,1050.0,1050.0,1050.0,1050.0,-82.9,-221.77,-135.68,-159.85,1302.68,1190.0,1107.11,4200.0,-600.2,0.0,0.0,0.0,0.0,22.5,ECO_MAINTAIN,1.3538
3,Distributed Heavy Compute,0,41,410.0,14,3,3,4,4,36.52,28.33,GENERAL,133.15,36.62,25.55,GENERAL,129.1,39.67,27.45,GENERAL,135.76,38.83,23.89,GENERAL,129.37,38.1,28.42,GENERAL,135.25,40.37,24.05,GENERAL,131.54,41.53,22.49,GENERAL,130.65,40.54,25.08,GENERAL,133.29,37.15,26.46,GENERAL,131.13,43.05,23.55,GENERAL,134.14,28.14,50.0,225.7,0.3,22.0,COOLING,0.3,22.0,COOLING,0.3,22.0,COOLING,0.3,22.0,COOLING,21.883,21.74,21.844,21.807,21.819,21.883,21.74,0.143,527.38,266.79,263.94,265.27,255.0,255.0,340.0,340.0,219.14,278.55,332.79,277.16,-23.99,27.48,-14.74,11.24,1050.0,1050.0,1050.0,1050.0,-72.47,-222.18,-128.01,-156.33,1323.38,1190.0,1107.64,4200.0,-578.99,0.0,0.0,0.0,0.0,22.5,ECO_MAINTAIN,1.3687
3,Distributed Heavy Compute,0,42,420.0,14,3,3,4,4,40.4,27.9,GENERAL,137.35,43.0,23.78,GENERAL,134.42,40.11,23.35,GENERAL,130.16,38.01,27.81,GENERAL,134.23,43.46,25.74,GENERAL,137.93,42.55,25.82,GENERAL,136.92,37.92,26.79,GENERAL,132.59,41.28,24.2,GENERAL,132.9,38.13,24.67,GENERAL,129.67,41.96,25.04,GENERAL,135.01,28.15,50.0,225.8,0.3,22.0,COOLING,0.3,22.0,COOLING,0.3,22.0,COOLING,0.3,22.0,COOLING,21.882,21.736,21.841,21.804,21.816,21.882,21.736,0.146,536.16,274.85,265.49,264.68,255.0,255.0,340.0,340.0,219.41,278.93,333.15,277.49,-24.68,28.18,-14.93,11.43,1050.0,1050.0,1050.0,1050.0,-64.11,-213.04,-126.29,-156.4,1341.18,1190.0,1108.98,4200.0,-559.84,0.0,0.0,0.0,0.0,22.5,ECO_MAINTAIN,1.381
3,Distributed Heavy Compute,0,43,430.0,14,3,3,4,4,43.84,26.11,GENERAL,138.97,41.66,28.36,GENERAL,139.62,39.72,25.95,GENERAL,133.58,44.43,28.56,GENERAL,143.38,43.32,27.98,GENERAL,141.12,38.74,26.38,GENERAL,133.0,42.29,25.18,GENERAL,135.63,41.12,30.59,GENERAL,142.28,41.93,28.47,GENERAL,140.12,42.15,26.04,GENERAL,136.75,28.15,50.0,226.0,0.3,22.0,COOLING,0.3,22.0,COOLING,0.3,22.0,COOLING,0.3,22.0,COOLING,21.881,21.732,21.839,21.801,21.813,21.881,21.732,0.149,555.55,274.12,277.91,276.87,255.0,255.0,340.0,340.0,219.51,279.15,333.39,277.69,-25.26,28.63,-15.01,11.63,1050.0,1050.0,1050.0,1050.0,-45.2,-213.1,-113.71,-143.81,1384.45,1190.0,1109.74,4200.0,-515.82,0.0,0.0,0.0,0.0,22.5,ECO_MAINTAIN,1.3907
3,Distributed Heavy Compute,0,44,440.0,14,3,3,4,4,43.38,26.62,GENERAL,139.16,42.2,27.28,GENERAL,138.67,40.3,27.62,GENERAL,136.81,39.49,27.9,GENERAL,136.21,42.8,28.37,GENERAL,141.06,45.14,31.68,GENERAL,148.94,44.59,29.77,GENERAL,145.39,45.53,26.33,GENERAL,141.41,42.37,32.37,GENERAL,146.52,39.35,26.4,GENERAL,133.79,28.15,50.0,226.1,0.3,22.0,COOLING,0.3,22.0,COOLING,0.3,22.0,COOLING,0.3,22.0,COOLING,21.88,21.728,21.837,21.798,21.811,21.88,21.728,0.152,550.85,290.0,286.8,280.31,255.0,255.0,340.0,340.0,219.57,279.3,333.53,277.81,-25.82,29.2,-15.32,11.95,1050.0,1050.0,1050.0,1050.0,-50.4,-196.5,-104.99,-139.93,1407.96,1190.0,1110.21,4200.0,-491.82,0.0,0.0,0.0,0.0,22.5,ECO_MAINTAIN,1.3992
3,Distributed Heavy Compute,0,45,450.0,14,3,3,4,4,45.14,29.93,GENERAL,146.32,41.55,30.48,GENERAL,142.66,43.67,30.44,GENERAL,145.25,39.92,31.16,GENERAL,141.64,46.0,27.34,GENERAL,143.51,44.19,29.85,GENERAL,145.01,45.52,29.72,GENERAL,146.48,46.33,28.78,GENERAL,146.08,43.04,30.62,GENERAL,144.73,45.41,26.98,GENERAL,142.23,28.16,50.0,226.2,0.3,22.0,COOLING,0.3,22.0,COOLING,0.3,22.0,COOLING,0.3,22.0,COOLING,21.879,21.724,21.835,21.795,21.808,21.879,21.724,0.155,575.87,288.52,292.56,286.96,255.0,255.0,340.0,340.0,219.85,279.67,333.86,278.16,-26.38,29.76,-15.63,12.26,1050.0,1050.0,1050.0,1050.0,-25.66,-197.05,-99.21,-132.62,1443.91,1190.0,1111.54,4200.0,-454.54,0.0,0.0,0.0,0.0,22.5,ECO_MAINTAIN,1.4108
3,Distributed Heavy Compute,0,46,460.0,14,3,3,4,4,42.9,31.9,GENERAL,146.47,44.47,31.56,GENERAL,147.93,41.59,33.24,GENERAL,146.85,43.75,30.9,GENERAL,146.04,42.41,31.19,GENERAL,144.8,41.58,32.16,GENERAL,145.21,45.93,28.41,GENERAL,145.03,47.26,29.53,GENERAL,148.37,41.18,32.46,GENERAL,145.16,45.63,33.62,GENERAL,152.47,28.16,50.0,226.4,0.3,22.0,COOLING,0.3,22.0,COOLING,0.3,22.0,COOLING,0.3,22.0,COOLING,21.879,21.72,21.833,21.793,21.806,21.879,21.72,0.159,587.29,290.01,293.4,297.63,255.0,255.0,340.0,340.0,219.94,279.87,334.09,278.35,-26.95,30.33,-15.95,12.57,1050.0,1050.0,1050.0,1050.0,-14.72,-194.79,-98.46,-121.45,1468.33,1190.0,1112.25,4200.0,-429.42,0.0,0.0,0.0,0.0,22.5,ECO_MAINTAIN,1.4209
3,Distributed Heavy Compute,0,47,470.0,14,3,3,4,4,48.48,32.13,GENERAL,153.8,48.62,32.46,GENERAL,154.47,44.58,32.54,GENERAL,149.53,43.19,32.04,GENERAL,147.05,46.54,33.68,GENERAL,153.69,41.86,29.94,GENERAL,142.23,43.78,33.03,GENERAL,149.27,46.27,30.41,GENERAL,148.45,43.39,30.42,GENERAL,144.87,42.16,30.3,GENERAL,143.15,28.16,50.0,226.5,0.3,22.0,COOLING,0.3,22.0,COOLING,0.3,22.0,COOLING,0.3,22.0,COOLING,21.879,21.716,21.831,21.79,21.804,21.879,21.716,0.163,604.85,295.92,297.72,288.02,255.0,255.0,340.0,340.0,219.98,280.02,334.22,278.45,-27.64,31.02,-16.14,12.77,1050.0,1050.0,1050.0,1050.0,2.19,-188.04,-94.2,-130.76,1486.51,1190.0,1112.67,4200.0,-410.81,0.0,0.0,0.0,0.0,22.5,ECO_MAINTAIN,1.4336
3,Distributed Heavy Compute,0,48,480.0,14,3,3,4,4,46.08,32.29,GENERAL,151.03,48.17,33.72,GENERAL,155.79,49.58,35.88,GENERAL,160.79,45.38,33.5,GENERAL,151.97,43.98,35.41,GENERAL,153.09,48.78,33.57,GENERAL,156.33,48.39,33.86,GENERAL,156.28,43.96,33.94,GENERAL,150.86,47.6,36.89,GENERAL,159.84,49.06,35.81,GENERAL,160.04,28.17,50.0,226.7,0.3,22.0,COOLING,0.3,22.0,COOLING,0.3,22.0,COOLING,0.3,22.0,COOLING,21.879,21.712,21.829,21.788,21.802,21.879,21.712,0.167,619.58,309.42,307.14,319.88,255.0,255.0,340.0,340.0,220.27,280.45,334.65,278.86,-28.44,31.69,-16.44,13.19,1050.0,1050.0,1050.0,1050.0,16.41,-173.44,-84.65,-98.07,1556.02,1190.0,1114.23,4200.0,-339.75,0.0,0.0,0.0,0.0,22.5,ECO_MAINTAIN,1.4364
3,Distributed Heavy Compute,0,49,490.0,14,3,3,4,4,48.63,34.11,GENERAL,156.95,47.05,32.66,GENERAL,152.8,43.89,37.17,GENERAL,155.62,45.76,34.68,GENERAL,154.22,45.07,34.66,GENERAL,153.33,48.6,33.99,GENERAL,156.74,47.82,38.91,GENERAL,163.14,50.07,35.65,GENERAL,161.06,47.71,34.13,GENERAL,155.83,50.14,33.56,GENERAL,158.01,28.17,50.0,226.8,0.3,22.0,COOLING,0.3,22.0,COOLING,0.3,22.0,COOLING,0.3,22.0,COOLING,21.879,21.708,21.828,21.786,21.8,21.879,21.708,0.171,619.59,310.07,324.2,313.84,255.0,255.0,340.0,340.0,220.31,280.6,334.78,278.96,-29.13,32.38,-16.63,13.38,1050.0,1050.0,1050.0,1050.0,15.77,-171.95,-67.65,-103.82,1567.7,1190.0,1114.65,4200.0,-327.65,0.0,0.0,0.0,0.0,22.5,ECO_MAINTAIN,1.4466
3,Distributed Heavy Compute,0,50,500.0,14,3,3,4,4,48.5,34.8,GENERAL,157.82,47.56,33.41,GENERAL,154.56,50.13,38.2,GENERAL,164.96,45.0,33.59,GENERAL,151.63,47.74,38.07,GENERAL,161.78,45.18,39.42,GENERAL,160.6,48.29,38.57,GENERAL,163.22,45.91,36.33,GENERAL,156.88,47.58,34.26,GENERAL,155.86,46.19,36.38,GENERAL,157.31,28.17,50.0,226.9,0.3,22.0,COOLING,0.3,22.0,COOLING,0.3,22.0,COOLING,0.3,22.0,COOLING,21.88,21.705,21.827,21.784,21.799,21.88,21.705,0.175,628.97,322.38,320.1,313.17,255.0,255.0,340.0,340.0,220.35,280.74,334.89,279.07,-29.81,33.18,-17.05,13.68,1050.0,1050.0,1050.0,1050.0,24.51,-158.7,-72.06,-104.08,1584.62,1190.0,1115.05,4200.0,-310.33,0.0,0.0,0.0,0.0,22.5,ECO_MAINTAIN,1.4533
3,Distributed Heavy Compute,0,51,510.0,14,3,3,4,4,49.34,38.53,GENERAL,164.47,46.82,34.91,GENERAL,155.89,49.52,38.6,GENERAL,164.8,51.45,39.62,GENERAL,168.74,46.94,37.73,GENERAL,160.27,47.41,40.09,GENERAL,164.4,52.99,35.03,GENERAL,163.78,51.72,38.8,GENERAL,167.85,53.0,38.19,GENERAL,168.53,50.16,41.5,GENERAL,169.95,28.18,50.0,227.1,0.3,22.0,COOLING,0.3,22.0,COOLING,0.3,22.0,COOLING,0.3,22.0,COOLING,21.881,21.702,21.826,21.782,21.798,21.881,21.702,0.179,653.9,324.67,331.63,338.48,255.0,255.0,340.0,340.0,220.61,281.15,335.3,279.45,-30.61,33.86,-17.36,14.11,1050.0,1050.0,1050.0,1050.0,48.9,-155.32,-60.43,-77.96,1648.68,1190.0,1116.51,4200.0,-244.81,0.0,0.0,0.0,0.0,22.5,ECO_MAINTAIN,1.4563
3,Distributed Heavy Compute,0,52,520.0,14,3,3,4,4,48.65,38.09,GENERAL,162.95,48.09,38.48,GENERAL,162.83,49.81,37.45,GENERAL,163.44,51.54,42.35,GENERAL,172.95,54.33,40.02,GENERAL,172.94,52.01,42.64,GENERAL,173.97,50.45,42.85,GENERAL,172.34,48.31,41.93,GENERAL,168.28,48.99,37.4,GENERAL,162.34,51.15,39.35,GENERAL,167.96,28.18,50.0,227.2,0.3,22.0,COOLING,0.3,22.0,COOLING,0.3,22.0,COOLING,0.3,22.0,COOLING,21.882,21.699,21.825,21.78,21.797,21.882,21.699,0.183,662.17,346.91,340.62,330.3,255.0,255.0,340.0,340.0,220.63,281.28,335.41,279.56,-31.4,34.53,-17.65,14.53,1050.0,1050.0,1050.0,1050.0,56.4,-132.28,-51.62,-85.61,1680.0,1190.0,1116.88,4200.0,-213.11,0.0,0.0,0.0,0.0,22.5,ECO_MAINTAIN,1.4599
3,Distributed Heavy Compute,0,53,530.0,14,3,3,4,4,52.55,41.1,GENERAL,172.34,50.23,43.81,GENERAL,173.5,50.43,42.61,GENERAL,171.95,51.3,38.99,GENERAL,167.61,50.38,40.68,GENERAL,169.0,52.52,40.9,GENERAL,172.0,50.23,38.15,GENERAL,165.01,50.66,38.73,GENERAL,166.42,48.61,44.48,GENERAL,172.48,55.26,39.41,GENERAL,173.19,28.18,50.0,227.4,0.3,22.0,COOLING,0.3,22.0,COOLING,0.3,22.0,COOLING,0.3,22.0,COOLING,21.884,21.696,21.824,21.779,21.796,21.884,21.696,0.188,685.4,341.0,331.43,345.67,255.0,255.0,340.0,340.0,220.68,281.46,335.6,279.72,-32.21,35.2,-17.95,14.95,1050.0,1050.0,1050.0,1050.0,78.87,-137.34,-60.92,-69.66,1703.5,1190.0,1117.46,4200.0,-189.05,0.0,0.0,0.0,0.0,22.5,ECO_MAINTAIN,1.4686
3,Distributed Heavy Compute,0,54,540.0,14,3,3,4,4,53.38,39.5,GENERAL,170.98,55.17,46.16,GENERAL,183.2,56.68,46.36,GENERAL,185.39,54.53,44.07,GENERAL,179.27,53.65,45.32,GENERAL,180.04,53.79,39.56,GENERAL,171.58,55.82,41.13,GENERAL,176.47,56.72,40.02,GENERAL,175.93,53.61,43.96,GENERAL,177.95,53.16,41.06,GENERAL,173.04,28.19,50.0,227.5,0.3,22.0,COOLING,0.3,22.0,COOLING,0.3,22.0,COOLING,0.3,22.0,COOLING,21.886,21.693,21.823,21.778,21.795,21.886,21.693,0.193,718.84,351.62,352.4,350.99,255.0,255.0,340.0,340.0,220.89,281.81,335.93,280.03,-33.13,36.0,-18.13,15.26,1050.0,1050.0,1050.0,1050.0,111.6,-125.57,-39.8,-63.72,1773.85,1190.0,1118.66,4200.0,-117.49,0.0,0.0,0.0,0.0,22.5,ECO_MAINTAIN,1.4702
3,Distributed Heavy Compute,0,55,550.0,14,3,3,4,4,51.21,46.89,GENERAL,179.35,53.0,44.23,GENERAL,177.59,53.99,41.26,GENERAL,174.38,54.2,42.97,GENERAL,177.2,51.51,43.36,GENERAL,174.43,53.08,45.49,GENERAL,179.58,52.57,47.19,GENERAL,181.5,57.59,41.1,GENERAL,178.64,51.13,42.96,GENERAL,173.35,53.51,44.54,GENERAL,178.7,28.19,50.0,227.6,0.3,22.0,COOLING,0.3,22.0,COOLING,0.3,22.0,COOLING,0.3,22.0,COOLING,21.888,21.691,21.822,21.777,21.794,21.888,21.691,0.197,708.52,354.01,360.14,352.05,255.0,255.0,340.0,340.0,220.89,281.94,336.04,280.11,-34.05,36.8,-18.31,15.56,1050.0,1050.0,1050.0,1050.0,100.36,-122.25,-32.13,-62.28,1774.72,1190.0,1118.98,4200.0,-116.3,0.0,0.0,0.0,0.0,22.5,ECO_MAINTAIN,1.4749
3,Distributed Heavy Compute,0,56,560.0,14,3,3,4,4,58.36,45.67,GENERAL,186.45,54.06,48.54,GENERAL,185.38,57.08,47.9,GENERAL,188.2,59.01,45.31,GENERAL,186.73,54.47,49.0,GENERAL,186.59,56.91,48.65,GENERAL,189.11,55.95,44.01,GENERAL,180.95,54.46,49.47,GENERAL,187.28,54.71,43.29,GENERAL,178.32,57.2,43.61,GENERAL,181.92,28.19,50.0,227.8,0.3,22.0,COOLING,0.3,22.0,COOLING,0.3,22.0,COOLING,0.3,22.0,COOLING,21.891,21.689,21.822,21.776,21.794,21.891,21.689,0.202,746.76,375.7,368.23,360.24,255.0,255.0,340.0,340.0,220.91,282.11,336.23,280.26,-34.87,37.37,-18.37,15.87,1050.0,1050.0,1050.0,1050.0,137.8,-99.82,-23.91,-53.63,1850.93,1190.0,1119.51,4200.0,-39.56,0.0,0.0,0.0,0.0,22.5,ECO_MAINTAIN,1.4718
3,Distributed Heavy Compute,0,57,570.0,14,3,3,4,4,55.35,50.97,GENERAL,190.64,56.96,47.55,GENERAL,187.53,57.28,50.46,GENERAL,192.29,55.31,50.39,GENERAL,189.72,54.52,47.7,GENERAL,184.7,56.21,47.32,GENERAL,186.24,56.55,47.21,GENERAL,186.5,54.84,48.16,GENERAL,185.79,54.41,45.71,GENERAL,181.58,56.03,48.53,GENERAL,187.83,28.2,50.0,227.9,0.3,22.0,COOLING,0.3,22.0,COOLING,0.3,22.0,COOLING,0.3,22.0,COOLING,21.894,21.687,21.822,21.775,21.794,21.894,21.687,0.207,760.18,370.94,372.29,369.41,255.0,255.0,340.0,340.0,221.1,282.43,336.54,280.56,-35.9,38.15,-18.65,16.4,1050.0,1050.0,1050.0,1050.0,150.38,-103.48,-19.82,-43.63,1872.82,1190.0,1120.63,4200.0,-16.55,0.0,0.0,0.0,0.0,22.5,ECO_MAINTAIN,1.4767
3,Distributed Heavy Compute,0,58,580.0,14,3,3,4,4,59.03,51.5,GENERAL,196.04,58.17,50.5,GENERAL,193.46,60.51,52.02,CPU_INTENSIVE,198.67,58.32,46.7,GENERAL,187.95,56.61,46.28,GENERAL,185.18,58.46,46.56,GENERAL,187.92,57.13,48.67,GENERAL,189.42,58.41,50.21,GENERAL,193.33,56.94,48.07,GENERAL,188.28,59.04,50.46,GENERAL,194.49,28.2,50.0,228.1,0.3,22.0,COOLING,0.3,22.0,COOLING,0.3,22.0,COOLING,0.3,22.0,COOLING,21.897,21.685,21.822,21.774,21.794,21.897,21.685,0.212,776.12,373.1,382.75,382.77,255.0,255.0,340.0,340.0,221.12,282.59,336.72,280.7,-36.94,38.94,-18.94,16.94,1050.0,1050.0,1050.0,1050.0,165.3,-100.37,-9.47,-29.59,1914.74,1190.0,1121.13,4200.0,25.87,0.0,0.0,0.0,0.0,22.5,ECO_MAINTAIN,1.4786
3,Distributed Heavy Compute,0,59,590.0,14,3,3,4,4,61.91,49.75,CPU_INTENSIVE,197.01,56.38,51.22,GENERAL,192.31,60.85,54.09,CPU_INTENSIVE,202.2,56.94,51.06,GENERAL,192.76,57.19,49.79,GENERAL,191.17,61.36,52.48,CPU_INTENSIVE,200.42,62.52,54.17,CPU_INTENSIVE,204.41,56.98,48.52,GENERAL,189.0,58.6,51.84,GENERAL,196.01,58.28,49.38,GENERAL,191.92,28.2,50.0,228.2,0.3,22.0,COOLING,0.3,22.0,COOLING,0.3,22.0,COOLING,0.3,22.0,COOLING,21.901,21.683,21.822,21.774,21.795,21.901,21.683,0.218,784.28,391.59,393.41,387.93,255.0,255.0,340.0,340.0,221.09,282.69,336.8,280.78,-37.97,39.73,-19.22,17.47,1050.0,1050.0,1050.0,1050.0,172.4,-80.99,0.99,-23.82,1957.21,1190.0,1121.36,4200.0,68.58,0.0,0.0,0.0,0.0,22.5,ECO_MAINTAIN,1.4758
3,Distributed Heavy Compute,0,60,600.0,14,3,3,4,4,61.33,52.97,CPU_INTENSIVE,201.12,62.3,51.08,CPU_INTENSIVE,199.5,58.88,54.99,GENERAL,201.09,58.94,55.0,GENERAL,201.18,63.12,49.48,CPU_INTENSIVE,198.12,60.73,49.35,CPU_INTENSIVE,194.94,63.21,50.52,CPU_INTENSIVE,199.79,58.48,49.29,GENERAL,192.03,64.25,53.93,CPU_INTENSIVE,206.21,62.22,50.02,CPU_INTENSIVE,197.81,28.21,50.0,228.3,0.3,22.0,COOLING,0.3,22.0,COOLING,0.3,22.0,COOLING,0.3,22.0,COOLING,21.905,21.681,21.822,21.774,21.796,21.905,21.681,0.224,802.89,393.06,391.82,404.02,255.0,255.0,340.0,340.0,221.25,283.02,337.1,281.06,-39.13,40.63,-19.38,17.88,1050.0,1050.0,1050.0,1050.0,190.01,-78.29,-0.46,-7.04,1991.79,1190.0,1122.43,4200.0,104.22,0.0,0.0,0.0,0.0,22.5,ECO_MAINTAIN,1.4783
3,Distributed Heavy Compute,0,61,610.0,14,3,3,4,4,59.0,56.29,GENERAL,203.19,63.32,53.07,CPU_INTENSIVE,203.75,64.46,55.84,CPU_INTENSIVE,209.33,64.31,55.43,CPU_INTENSIVE,208.53,60.61,51.44,CPU_INTENSIVE,197.92,59.09,52.47,GENERAL,197.57,63.76,50.82,CPU_INTENSIVE,200.93,62.94,56.55,CPU_INTENSIVE,208.5,59.69,54.51,GENERAL,201.38,61.99,51.93,CPU_INTENSIVE,200.38,28.21,50.0,228.5,0.3,22.0,COOLING,0.3,22.0,COOLING,0.3,22.0,COOLING,0.3,22.0,COOLING,21.909,21.679,21.822,21.774,21.796,21.909,21.679,0.23,824.8,395.49,409.43,401.76,255.0,255.0,340.0,340.0,221.25,283.18,337.28,281.18,-40.3,41.54,-19.54,18.29,1050.0,1050.0,1050.0,1050.0,210.75,-74.79,17.17,-8.77,2031.48,1190.0,1122.89,4200.0,144.36,0.0,0.0,0.0,0.0,22.5,ECO_MAINTAIN,1.4811
3,Distributed Heavy Compute,0,62,620.0,14,3,3,4,4,67.08,57.25,CPU_INTENSIVE,214.72,66.67,57.43,CPU_INTENSIVE,214.48,61.73,55.32,CPU_INTENSIVE,205.14,66.95,57.98,CPU_INTENSIVE,215.66,61.53,58.57,CPU_INTENSIVE,209.77,62.63,53.58,CPU_INTENSIVE,203.66,61.92,56.78,CPU_INTENSIVE,207.57,64.57,54.07,CPU_INTENSIVE,206.82,65.38,53.87,CPU_INTENSIVE,207.53,64.79,58.42,CPU_INTENSIVE,213.62,28.22,50.0,228.6,0.3,22.0,COOLING,0.3,22.0,COOLING,0.3,22.0,COOLING,0.3,22.0,COOLING,21.914,21.678,21.822,21.774,21.797,21.914,21.678,0.236,850.0,413.43,414.39,421.15,255.0,255.0,340.0,340.0,221.41,283.51,337.58,281.47,-41.45,42.46,-19.7,18.7,1050.0,1050.0,1050.0,1050.0,234.96,-55.6,22.27,11.32,2098.97,1190.0,1123.97,4200.0,212.95,0.0,0.0,0.0,0.0,22.5,ECO_MAINTAIN,1.4758
3,Distributed Heavy Compute,0,63,630.0,14,3,3,4,4,66.3,57.97,CPU_INTENSIVE,214.83,62.82,60.12,CPU_INTENSIVE,213.7,61.58,55.99,CPU_INTENSIVE,205.96,65.01,60.64,CPU_INTENSIVE,217.22,62.57,55.62,CPU_INTENSIVE,206.64,62.84,59.93,CPU_INTENSIVE,213.44,67.26,55.93,CPU_INTENSIVE,212.97,61.65,60.45,CPU_INTENSIVE,212.74,67.86,58.45,CPU_INTENSIVE,217.5,63.3,54.72,CPU_INTENSIVE,206.2,28.22,50.0,228.8,0.3,22.0,COOLING,0.3,22.0,COOLING,0.3,22.0,COOLING,0.3,22.0,COOLING,21.919,21.677,21.823,21.774,21.798,21.919,21.677,0.242,851.71,420.08,425.71,423.7,255.0,255.0,340.0,340.0,221.38,283.65,337.76,281.59,-42.74,43.24,-19.74,19.24,1050.0,1050.0,1050.0,1050.0,235.35,-48.03,33.73,14.53,2121.2,1190.0,1124.38,4200.0,235.58,0.0,0.0,0.0,0.0,22.5,ECO_MAINTAIN,1.4741
3,Distributed Heavy Compute,0,64,640.0,14,3,3,4,4,68.06,56.45,CPU_INTENSIVE,214.75,67.2,58.06,CPU_INTENSIVE,216.09,63.05,58.52,CPU_INTENSIVE,211.59,66.76,60.09,CPU_INTENSIVE,218.59,63.43,59.58,CPU_INTENSIVE,213.66,68.08,57.12,CPU_INTENSIVE,215.78,64.62,61.16,CPU_INTENSIVE,217.51,68.31,60.09,CPU_INTENSIVE,220.52,63.22,58.32,CPU_INTENSIVE,211.5,62.78,61.66,CPU_INTENSIVE,215.97,28.22,50.0,228.9,0.3,22.0,COOLING,0.3,22.0,COOLING,0.3,22.0,COOLING,0.3,22.0,COOLING,21.924,21.676,21.824,21.774,21.8,21.924,21.676,0.248,861.02,429.44,438.03,427.47,255.0,255.0,340.0,340.0,221.31,283.73,337.83,281.65,-44.01,44.14,-20.01,19.88,1050.0,1050.0,1050.0,1050.0,243.32,-37.69,45.85,19.0,2155.96,1190.0,1124.52,4200.0,270.48,0.0,0.0,0.0,0.0,22.5,ECO_MAINTAIN,1.4718
3,Distributed Heavy Compute,0,65,650.0,14,3,3,4,4,67.19,57.52,CPU_INTENSIVE,215.27,69.45,61.04,CPU_INTENSIVE,223.37,65.71,57.15,CPU_INTENSIVE,212.86,65.98,62.24,CPU_INTENSIVE,220.84,67.9,59.47,CPU_INTENSIVE,219.08,65.77,61.58,CPU_INTENSIVE,219.58,65.62,59.33,CPU_INTENSIVE,216.02,67.85,63.35,CPU_INTENSIVE,224.84,65.79,64.03,CPU_INTENSIVE,223.28,69.82,59.96,CPU_INTENSIVE,222.21,28.23,50.0,229.0,0.3,22.0,COOLING,0.3,22.0,COOLING,0.3,22.0,COOLING,0.3,22.0,COOLING,21.929,21.675,21.825,21.775,21.801,21.929,21.675,0.254,872.34,438.66,440.86,445.49,255.0,255.0,340.0,340.0,221.46,284.03,338.11,281.92,-45.28,45.03,-20.28,20.53,1050.0,1050.0,1050.0,1050.0,253.52,-27.28,48.69,37.94,2197.35,1190.0,1125.52,4200.0,312.87,0.0,0.0,0.0,0.0,22.5,ECO_MAINTAIN,1.4676
3,Distributed Heavy Compute,0,66,660.0,14,3,3,4,4,66.42,61.13,CPU_INTENSIVE,219.72,68.13,63.49,CPU_INTENSIVE,225.4,66.33,64.39,CPU_INTENSIVE,224.5,70.19,65.25,CPU_INTENSIVE,230.61,66.88,63.34,CPU_INTENSIVE,223.61,71.66,62.08,CPU_INTENSIVE,227.69,68.67,64.67,CPU_INTENSIVE,227.84,69.91,64.84,CPU_INTENSIVE,229.65,65.51,61.73,CPU_INTENSIVE,219.48,69.81,61.09,CPU_INTENSIVE,223.9,28.23,50.0,229.2,0.3,22.0,COOLING,0.3,22.0,COOLING,0.3,22.0,COOLING,0.3,22.0,COOLING,21.935,21.675,21.826,21.776,21.803,21.935,21.675,0.26,900.23,451.3,457.49,443.38,255.0,255.0,340.0,340.0,221.42,284.18,338.26,282.03,-46.44,45.94,-20.44,20.94,1050.0,1050.0,1050.0,1050.0,280.21,-13.58,65.31,36.35,2252.4,1190.0,1125.89,4200.0,368.29,0.0,0.0,0.0,0.0,22.5,ECO_MAINTAIN,1.4624
3,Distributed Heavy Compute,0,67,670.0,14,3,3,4,4,70.89,64.29,CPU_INTENSIVE,230.05,72.25,64.08,CPU_INTENSIVE,231.43,66.89,66.66,CPU_INTENSIVE,228.6,70.26,61.83,CPU_INTENSIVE,225.57,72.65,65.02,CPU_INTENSIVE,233.34,70.53,61.37,CPU_INTENSIVE,225.22,66.83,67.07,CPU_INTENSIVE,229.14,68.61,65.46,CPU_INTENSIVE,228.95,68.32,67.1,CPU_INTENSIVE,231.05,71.1,60.87,CPU_INTENSIVE,225.18,28.23,50.0,229.3,0.3,22.0,COOLING,0.3,22.0,COOLING,0.3,22.0,COOLING,0.3,22.0,COOLING,21.941,21.675,21.827,21.777,21.805,21.941,21.675,0.266,915.65,458.56,458.09,456.23,255.0,255.0,340.0,340.0,221.33,284.24,338.33,282.07,-47.72,46.72,-20.48,21.47,1050.0,1050.0,1050.0,1050.0,294.26,-5.48,65.94,49.77,2288.53,1190.0,1125.97,4200.0,404.49,0.0,0.0,0.0,0.0,22.5,ECO_MAINTAIN,1.4586
3,Distributed Heavy Compute,0,68,680.0,14,3,3,4,4,74.17,68.68,CPU_INTENSIVE,240.73,71.84,64.0,CPU_INTENSIVE,230.8,73.05,62.77,CPU_INTENSIVE,230.47,70.74,68.32,CPU_INTENSIVE,235.9,70.53,65.85,CPU_INTENSIVE,231.94,69.3,67.39,CPU_INTENSIVE,232.71,72.34,67.32,CPU_INTENSIVE,236.41,69.01,62.96,CPU_INTENSIVE,225.7,69.4,66.92,CPU_INTENSIVE,232.13,67.66,66.3,CPU_INTENSIVE,229.02,28.24,50.0,229.4,0.3,22.0,COOLING,0.3,22.0,COOLING,0.3,22.0,COOLING,0.3,22.0,COOLING,21.947,21.675,21.828,21.778,21.807,21.947,21.675,0.272,937.9,464.65,462.11,461.15,255.0,255.0,340.0,340.0,221.45,284.53,338.6,282.33,-49.01,47.51,-20.51,22.01,1050.0,1050.0,1050.0,1050.0,315.34,1.69,70.2,55.49,2325.81,1190.0,1126.91,4200.0,442.72,0.0,0.0,0.0,0.0,22.5,ECO_MAINTAIN,1.4565
3,Distributed Heavy Compute,0,69,690.0,14,3,3,4,4,70.72,65.0,CPU_INTENSIVE,230.9,73.6,68.28,CPU_INTENSIVE,239.42,75.85,69.05,CPU_INTENSIVE,243.39,69.06,67.01,CPU_INTENSIVE,231.84,73.5,67.51,CPU_INTENSIVE,238.14,72.62,64.43,CPU_INTENSIVE,232.42,73.51,63.21,CPU_INTENSIVE,231.7,74.02,70.11,CPU_INTENSIVE,242.69,74.65,67.29,CPU_INTENSIVE,239.25,75.8,66.84,CPU_INTENSIVE,240.01,28.24,50.0,229.6,0.3,22.0,COOLING,0.3,22.0,COOLING,0.3,22.0,COOLING,0.3,22.0,COOLING,21.954,21.675,21.83,21.78,21.81,21.954,21.675,0.279,945.55,470.56,474.39,479.26,255.0,255.0,340.0,340.0,221.4,284.65,338.76,282.43,-50.29,48.29,-20.54,22.55,1050.0,1050.0,1050.0,1050.0,321.66,8.5,82.61,74.24,2369.76,1190.0,1127.24,4200.0,487.01,0.0,0.0,0.0,0.0,22.5,ECO_MAINTAIN,1.4494
3,Distributed Heavy Compute,0,70,700.0,14,3,3,4,4,75.44,71.02,CPU_INTENSIVE,245.83,75.77,66.74,CPU_INTENSIVE,239.82,71.69,70.63,CPU_INTENSIVE,240.56,71.78,69.03,CPU_INTENSIVE,238.27,71.74,67.27,CPU_INTENSIVE,235.58,74.07,68.56,CPU_INTENSIVE,240.43,71.35,65.56,CPU_INTENSIVE,232.53,75.03,71.37,CPU_INTENSIVE,245.84,71.2,69.15,CPU_INTENSIVE,237.72,76.36,71.12,CPU_INTENSIVE,247.13,28.24,50.0,229.7,0.3,22.0,COOLING,0.3,22.0,COOLING,0.3,22.0,COOLING,0.3,22.0,COOLING,21.961,21.675,21.832,21.782,21.812,21.961,21.675,0.286,964.48,476.01,478.37,484.85,255.0,255.0,340.0,340.0,221.29,284.71,338.8,282.45,-51.69,49.31,-20.69,23.06,1050.0,1050.0,1050.0,1050.0,339.08,15.03,86.48,80.36,2403.71,1190.0,1127.25,4200.0,520.95,0.0,0.0,0.0,0.0,22.5,ECO_MAINTAIN,1.4463
3,Distributed Heavy Compute,0,71,710.0,14,3,3,4,4,71.85,72.65,CPU_INTENSIVE,243.79,75.12,71.45,CPU_INTENSIVE,246.07,72.58,73.07,CPU_INTENSIVE,245.33,78.05,66.82,CPU_INTENSIVE,242.79,76.64,70.88,CPU_INTENSIVE,247.12,71.38,68.55,CPU_INTENSIVE,237.05,77.28,71.54,CPU_INTENSIVE,248.91,71.88,69.29,CPU_INTENSIVE,238.79,72.69,67.84,CPU_INTENSIVE,237.62,75.01,68.88,CPU_INTENSIVE,242.08,28.25,50.0,229.9,0.3,22.0,COOLING,0.3,22.0,COOLING,0.3,22.0,COOLING,0.3,22.0,COOLING,21.968,21.676,21.834,21.784,21.816,21.968,21.676,0.292,977.98,484.17,487.7,479.7,255.0,255.0,340.0,340.0,221.42,285.05,339.15,282.75,-53.08,50.33,-20.84,23.58,1050.0,1050.0,1050.0,1050.0,351.32,24.55,96.01,76.03,2429.55,1190.0,1128.37,4200.0,547.91,0.0,0.0,0.0,0.0,22.5,ECO_MAINTAIN,1.4404
3,Distributed Heavy Compute,0,72,720.0,14,3,3,4,4,75.37,71.72,CPU_INTENSIVE,246.79,72.73,67.57,CPU_INTENSIVE,237.27,77.25,74.17,CPU_INTENSIVE,252.82,77.49,71.31,CPU_INTENSIVE,248.83,77.51,71.39,CPU_INTENSIVE,248.97,77.6,74.25,CPU_INTENSIVE,253.38,72.91,72.6,CPU_INTENSIVE,245.04,73.86,72.68,CPU_INTENSIVE,246.34,79.07,74.25,CPU_INTENSIVE,255.21,77.98,71.52,CPU_INTENSIVE,249.75,28.25,50.0,230.0,0.3,22.0,COOLING,0.3,22.0,COOLING,0.3,22.0,COOLING,0.3,22.0,COOLING,21.975,21.677,21.836,21.786,21.819,21.975,21.677,0.298,985.71,502.35,491.38,504.96,255.0,255.0,340.0,340.0,221.31,285.09,339.19,282.77,-54.37,51.12,-20.87,24.12,1050.0,1050.0,1050.0,1050.0,357.65,43.56,99.7,101.85,2484.4,1190.0,1128.36,4200.0,602.76,0.0,0.0,0.0,0.0,22.5,ECO_MAINTAIN,1.4277
3,Distributed Heavy Compute,0,73,730.0,14,3,3,4,4,79.72,70.56,CPU_INTENSIVE,250.49,74.26,69.18,CPU_INTENSIVE,241.59,77.72,71.33,CPU_INTENSIVE,249.14,76.98,70.23,CPU_INTENSIVE,246.57,79.94,74.89,CPU_INTENSIVE,257.26,80.32,72.18,HEAVY_CPU_LOAD,253.67,78.86,71.53,CPU_INTENSIVE,250.87,75.73,72.71,CPU_INTENSIVE,248.73,75.15,75.46,CPU_INTENSIVE,252.13,79.11,69.64,CPU_INTENSIVE,248.35,28.25,50.0,230.1,0.3,22.0,COOLING,0.3,22.0,COOLING,0.3,22.0,COOLING,0.3,22.0,COOLING,21.982,21.678,21.838,21.788,21.822,21.982,21.678,0.304,987.79,510.93,499.6,500.48,255.0,255.0,340.0,340.0,221.2,285.13,339.24,282.79,-55.66,51.91,-20.9,24.65,1050.0,1050.0,1050.0,1050.0,358.33,52.97,107.94,97.92,2498.8,1190.0,1128.36,4200.0,617.16,0.0,0.0,0.0,0.0,22.5,ECO_MAINTAIN,1.4216
3,Distributed Heavy Compute,0,74,740.0,14,3,3,4,4,74.62,71.26,CPU_INTENSIVE,245.17,76.55,70.12,CPU_INTENSIVE,245.87,78.43,70.41,CPU_INTENSIVE,248.65,79.96,73.7,CPU_INTENSIVE,255.5,81.19,70.37,HEAVY_CPU_LOAD,252.04,78.96,72.24,CPU_INTENSIVE,252.06,77.83,73.39,CPU_INTENSIVE,252.37,76.16,70.34,CPU_INTENSIVE,245.71,77.06,77.02,CPU_INTENSIVE,256.86,80.49,75.53,HEAVY_CPU_LOAD,258.91,28.26,50.0,230.3,0.3,22.0,COOLING,0.3,22.0,COOLING,0.3,22.0,COOLING,0.3,22.0,COOLING,21.989,21.679,21.84,21.79,21.825,21.989,21.679,0.31,995.19,504.1,498.08,515.77,255.0,255.0,340.0,340.0,221.34,285.45,339.58,283.09,-56.94,52.69,-20.94,25.19,1050.0,1050.0,1050.0,1050.0,364.59,47.24,106.72,114.05,2513.14,1190.0,1129.46,4200.0,632.6,0.0,0.0,0.0,0.0,22.5,ECO_MAINTAIN,1.4198
3,Distributed Heavy Compute,0,75,750.0,14,3,3,4,4,77.24,74.67,CPU_INTENSIVE,253.56,79.15,76.87,CPU_INTENSIVE,259.24,80.32,72.07,HEAVY_CPU_LOAD,253.5,77.27,75.12,CPU_INTENSIVE,254.27,77.23,72.15,CPU_INTENSIVE,249.76,77.32,78.34,CPU_INTENSIVE,259.16,81.47,73.66,HEAVY_CPU_LOAD,257.33,77.0,77.24,CPU_INTENSIVE,257.11,75.56,77.48,CPU_INTENSIVE,255.67,78.13,72.3,CPU_INTENSIVE,251.11,28.26,50.0,230.4,0.3,22.0,COOLING,0.3,22.0,COOLING,0.3,22.0,COOLING,0.3,22.0,COOLING,21.997,21.68,21.843,21.792,21.828,21.997,21.68,0.317,1020.57,508.92,514.44,506.78,255.0,255.0,340.0,340.0,221.23,285.49,339.63,283.11,-58.23,53.48,-20.98,25.73,1050.0,1050.0,1050.0,1050.0,388.57,52.89,123.09,105.62,2550.71,1190.0,1129.46,4200.0,670.17,0.0,0.0,0.0,0.0,22.5,ECO_MAINTAIN,1.417
3,Distributed Heavy Compute,0,76,760.0,14,3,3,4,4,81.59,72.88,HEAVY_CPU_LOAD,256.31,82.21,76.27,HEAVY_CPU_LOAD,262.17,82.76,75.97,HEAVY_CPU_LOAD,262.4,83.11,72.72,HEAVY_CPU_LOAD,257.97,81.6,78.4,HEAVY_CPU_LOAD,264.6,77.63,78.96,CPU_INTENSIVE,260.48,78.76,74.39,CPU_INTENSIVE,255.03,78.76,75.15,CPU_INTENSIVE,256.18,76.88,73.03,CPU_INTENSIVE,250.65,82.27,74.56,HEAVY_CPU_LOAD,259.68,28.26,50.0,230.6,0.3,22.0,COOLING,0.3,22.0,COOLING,0.3,22.0,COOLING,0.3,22.0,COOLING,22.005,21.681,21.845,21.794,21.831,22.005,21.681,0.324,1038.85,525.08,511.21,510.33,255.0,255.0,340.0,340.0,221.12,285.59,339.74,283.18,-59.73,54.48,-21.23,26.48,1050.0,1050.0,1050.0,1050.0,405.24,70.15,119.72,109.99,2585.47,1190.0,1129.63,4200.0,705.1,0.0,0.0,0.0,0.0,22.5,ECO_MAINTAIN,1.4118
3,Distributed Heavy Compute,0,77,770.0,14,3,3,4,4,83.52,74.17,HEAVY_CPU_LOAD,260.65,83.24,74.23,HEAVY_CPU_LOAD,260.39,83.19,77.44,HEAVY_CPU_LOAD,265.15,79.52,78.81,CPU_INTENSIVE,262.62,80.0,78.66,HEAVY_CPU_LOAD,262.99,81.98,80.6,HEAVY_CPU_LOAD,268.38,82.41,75.66,HEAVY_CPU_LOAD,261.5,81.25,75.24,HEAVY_CPU_LOAD,259.42,77.46,74.45,CPU_INTENSIVE,253.5,83.31,76.75,HEAVY_CPU_LOAD,264.26,28.27,50.0,230.7,0.3,22.0,COOLING,0.3,22.0,COOLING,0.3,22.0,COOLING,0.3,22.0,COOLING,22.013,21.683,21.848,21.796,21.835,22.013,21.683,0.33,1048.81,531.37,520.92,517.76,255.0,255.0,340.0,340.0,221.21,285.85,340.0,283.42,-61.25,55.37,-21.25,27.12,1050.0,1050.0,1050.0,1050.0,413.77,77.59,129.67,118.3,2618.86,1190.0,1130.48,4200.0,739.33,0.0,0.0,0.0,0.0,22.5,ECO_MAINTAIN,1.4035
3,Distributed Heavy Compute,0,78,780.0,14,3,3,4,4,83.54,77.37,HEAVY_CPU_LOAD,265.48,85.08,77.87,HEAVY_CPU_LOAD,268.15,84.51,77.82,HEAVY_CPU_LOAD,267.37,78.59,80.22,CPU_INTENSIVE,263.57,78.61,79.07,CPU_INTENSIVE,261.87,84.39,74.97,HEAVY_CPU_LOAD,262.94,81.76,76.75,HEAVY_CPU_LOAD,262.33,79.13,80.88,CPU_INTENSIVE,265.23,80.39,79.9,HEAVY_CPU_LOAD,265.34,84.49,74.99,HEAVY_CPU_LOAD,263.1,28.27,50.0,230.8,0.3,22.0,COOLING,0.3,22.0,COOLING,0.3,22.0,COOLING,0.3,22.0,COOLING,22.022,21.684,21.851,21.799,21.839,22.022,21.684,0.338,1064.57,524.81,527.56,528.44,255.0,255.0,340.0,340.0,221.08,285.87,340.02,283.44,-62.65,56.15,-21.39,27.9,1050.0,1050.0,1050.0,1050.0,428.0,71.83,136.19,129.78,2645.38,1190.0,1130.41,4200.0,765.8,0.0,0.0,0.0,0.0,22.5,ECO_MAINTAIN,1.4036
3,Distributed Heavy Compute,0,79,790.0,14,3,3,4,4,79.8,81.5,CPU_INTENSIVE,267.0,82.13,80.82,HEAVY_CPU_LOAD,268.89,80.04,79.36,HEAVY_CPU_LOAD,264.09,81.9,79.46,HEAVY_CPU_LOAD,266.56,83.74,77.99,HEAVY_CPU_LOAD,266.66,81.05,77.93,HEAVY_CPU_LOAD,263.21,83.31,76.09,HEAVY_CPU_LOAD,263.27,83.18,82.66,HEAVY_CPU_LOAD,272.97,81.31,79.07,HEAVY_CPU_LOAD,265.24,84.98,76.28,HEAVY_CPU_LOAD,265.64,28.27,50.0,231.0,0.3,22.0,COOLING,0.3,22.0,COOLING,0.3,22.0,COOLING,0.3,22.0,COOLING,22.031,21.686,21.854,21.802,21.843,22.031,21.686,0.345,1066.54,529.87,536.24,530.88,255.0,255.0,340.0,340.0,220.95,285.98,340.13,283.51,-64.27,57.27,-21.52,28.52,1050.0,1050.0,1050.0,1050.0,428.22,78.12,144.85,132.91,2663.53,1190.0,1130.57,4200.0,784.1,0.0,0.0,0.0,0.0,22.5,ECO_MAINTAIN,1.3964
3,Distributed Heavy Compute,0,80,800.0,14,3,3,4,4,80.28,83.54,HEAVY_CPU_LOAD,270.66,82.42,81.15,HEAVY_CPU_LOAD,269.75,80.8,79.88,HEAVY_CPU_LOAD,265.82,83.39,82.5,HEAVY_CPU_LOAD,272.99,80.35,76.79,HEAVY_CPU_LOAD,260.62,79.82,77.75,CPU_INTENSIVE,261.4,82.68,80.24,HEAVY_CPU_LOAD,268.71,82.4,83.64,HEAVY_CPU_LOAD,273.46,84.95,82.88,HEAVY_CPU_LOAD,275.51,85.1,81.21,HEAVY_CPU_LOAD,273.19,28.28,50.0,231.1,0.3,22.0,COOLING,0.3,22.0,COOLING,0.3,22.0,COOLING,0.3,22.0,COOLING,22.04,21.687,21.857,21.805,21.847,22.04,21.687,0.353,1079.22,522.02,542.17,548.7,255.0,255.0,340.0,340.0,221.01,286.21,340.37,283.72,-65.79,58.17,-21.54,29.17,1050.0,1050.0,1050.0,1050.0,439.44,71.4,151.0,151.59,2692.11,1190.0,1131.31,4200.0,813.43,0.0,0.0,0.0,0.0,22.5,ECO_MAINTAIN,1.3967
3,Distributed Heavy Compute,0,81,810.0,14,3,3,4,4,84.09,81.45,HEAVY_CPU_LOAD,272.29,85.64,78.46,HEAVY_CPU_LOAD,269.74,86.44,78.71,HEAVY_CPU_LOAD,271.12,83.29,84.2,HEAVY_CPU_LOAD,275.41,82.06,83.46,HEAVY_CPU_LOAD,272.76,82.05,78.84,HEAVY_CPU_LOAD,265.82,83.35,80.84,HEAVY_CPU_LOAD,270.45,83.28,81.68,HEAVY_CPU_LOAD,271.62,80.74,81.28,HEAVY_CPU_LOAD,267.84,86.67,78.51,HEAVY_CPU_LOAD,271.1,28.28,50.0,231.2,0.3,22.0,COOLING,0.3,22.0,COOLING,0.3,22.0,COOLING,0.3,22.0,COOLING,22.049,21.689,21.86,21.808,21.852,22.049,21.689,0.36,1088.56,538.58,542.07,538.94,255.0,255.0,340.0,340.0,220.86,286.25,340.39,283.71,-67.42,59.3,-21.67,29.8,1050.0,1050.0,1050.0,1050.0,447.0,89.13,150.79,142.45,2708.15,1190.0,1131.21,4200.0,829.37,0.0,0.0,0.0,0.0,22.5,ECO_MAINTAIN,1.3899
3,Distributed Heavy Compute,0,82,820.0,14,3,3,4,4,82.15,79.9,HEAVY_CPU_LOAD,267.54,82.78,81.27,HEAVY_CPU_LOAD,270.38,83.88,79.18,HEAVY_CPU_LOAD,268.62,87.22,85.02,HEAVY_CPU_LOAD,281.55,87.72,83.65,HEAVY_CPU_LOAD,280.12,83.94,81.48,HEAVY_CPU_LOAD,272.15,84.57,79.68,HEAVY_CPU_LOAD,270.23,82.07,82.5,HEAVY_CPU_LOAD,271.34,83.19,82.86,HEAVY_CPU_LOAD,273.28,81.75,84.69,HEAVY_CPU_LOAD,274.22,28.28,50.0,231.4,0.3,22.0,COOLING,0.3,22.0,COOLING,0.3,22.0,COOLING,0.3,22.0,COOLING,22.058,21.691,21.863,21.811,21.856,22.058,21.691,0.367,1088.09,552.27,541.57,547.5,255.0,255.0,340.0,340.0,220.74,286.33,340.5,283.77,-68.94,60.19,-21.69,30.44,1050.0,1050.0,1050.0,1050.0,444.89,103.79,150.38,151.71,2729.43,1190.0,1131.34,4200.0,850.77,0.0,0.0,0.0,0.0,22.5,ECO_MAINTAIN,1.3809
3,Distributed Heavy Compute,0,83,830.0,14,3,3,4,4,83.37,81.11,HEAVY_CPU_LOAD,270.88,83.86,79.39,HEAVY_CPU_LOAD,268.91,85.61,84.59,HEAVY_CPU_LOAD,278.9,88.37,81.44,HEAVY_CPU_LOAD,277.62,82.16,84.14,HEAVY_CPU_LOAD,273.91,85.83,80.93,HEAVY_CPU_LOAD,273.68,86.13,81.72,HEAVY_CPU_LOAD,275.24,82.4,79.31,HEAVY_CPU_LOAD,266.97,87.14,85.25,HEAVY_CPU_LOAD,281.8,83.07,85.79,HEAVY_CPU_LOAD,277.52,28.29,50.0,231.5,0.3,22.0,COOLING,0.3,22.0,COOLING,0.3,22.0,COOLING,0.3,22.0,COOLING,22.067,21.693,21.866,21.814,21.86,22.067,21.693,0.374,1096.31,547.59,542.21,559.32,255.0,255.0,340.0,340.0,220.8,286.57,340.74,283.99,-70.47,61.09,-21.72,31.09,1050.0,1050.0,1050.0,1050.0,451.64,100.25,151.23,164.4,2745.43,1190.0,1132.1,4200.0,867.52,0.0,0.0,0.0,0.0,22.5,ECO_MAINTAIN,1.3795
3,Distributed Heavy Compute,0,84,840.0,14,3,3,4,4,82.12,79.86,HEAVY_CPU_LOAD,267.44,84.36,85.1,HEAVY_CPU_LOAD,278.1,86.67,80.06,HEAVY_CPU_LOAD,273.43,87.62,84.41,HEAVY_CPU_LOAD,281.14,86.97,80.35,HEAVY_CPU_LOAD,274.24,84.32,84.39,HEAVY_CPU_LOAD,276.98,86.86,79.81,HEAVY_CPU_LOAD,273.29,87.38,86.33,HEAVY_CPU_LOAD,283.72,88.61,85.76,HEAVY_CPU_LOAD,284.4,86.41,82.63,HEAVY_CPU_LOAD,276.96,28.29,50.0,231.7,0.3,22.0,COOLING,0.3,22.0,COOLING,0.3,22.0,COOLING,0.3,22.0,COOLING,22.076,21.695,21.869,21.817,21.864,22.076,21.695,0.381,1100.11,551.22,557.01,561.36,255.0,255.0,340.0,340.0,220.68,286.65,340.86,284.04,-71.98,61.98,-21.73,31.73,1050.0,1050.0,1050.0,1050.0,453.81,104.85,166.14,167.13,2769.7,1190.0,1132.23,4200.0,891.93,0.0,0.0,0.0,0.0,22.5,ECO_MAINTAIN,1.3746
3,Distributed Heavy Compute,0,85,850.0,14,3,3,4,4,82.7,83.2,HEAVY_CPU_LOAD,273.18,86.33,85.25,HEAVY_CPU_LOAD,280.79,86.24,81.83,HEAVY_CPU_LOAD,275.55,86.49,82.69,HEAVY_CPU_LOAD,277.15,87.71,81.46,HEAVY_CPU_LOAD,276.83,83.2,83.49,HEAVY_CPU_LOAD,274.24,88.72,83.86,HEAVY_CPU_LOAD,281.69,87.97,84.37,HEAVY_CPU_LOAD,281.52,83.57,82.22,HEAVY_CPU_LOAD,272.79,86.95,84.65,HEAVY_CPU_LOAD,280.66,28.3,50.0,231.8,0.3,22.0,COOLING,0.3,22.0,COOLING,0.3,22.0,COOLING,0.3,22.0,COOLING,22.085,21.697,21.873,21.82,21.869,22.085,21.697,0.388,1106.67,551.07,563.21,553.45,255.0,255.0,340.0,340.0,220.74,286.89,341.09,284.26,-73.51,62.88,-21.75,32.38,1050.0,1050.0,1050.0,1050.0,458.9,105.84,172.55,160.09,2774.4,1190.0,1132.98,4200.0,897.38,0.0,0.0,0.0,0.0,22.5,ECO_MAINTAIN,1.3732
3,Distributed Heavy Compute,0,86,860.0,14,3,3,4,4,84.46,83.34,HEAVY_CPU_LOAD,275.58,88.26,81.99,HEAVY_CPU_LOAD,278.31,88.67,83.51,HEAVY_CPU_LOAD,281.1,88.02,81.71,HEAVY_CPU_LOAD,277.59,88.24,85.18,HEAVY_CPU_LOAD,283.07,84.8,83.91,HEAVY_CPU_LOAD,276.87,87.34,80.74,HEAVY_CPU_LOAD,275.28,89.49,82.32,HEAVY_CPU_LOAD,280.34,85.2,82.81,HEAVY_CPU_LOAD,275.72,87.29,87.11,HEAVY_CPU_LOAD,284.78,28.3,50.0,231.9,0.3,22.0,COOLING,0.3,22.0,COOLING,0.3,22.0,COOLING,0.3,22.0,COOLING,22.094,21.699,21.876,21.823,21.873,22.094,21.699,0.395,1112.58,559.94,555.62,560.5,255.0,255.0,340.0,340.0,220.58,286.9,341.09,284.26,-75.01,63.89,-22.01,33.14,1050.0,1050.0,1050.0,1050.0,463.15,115.73,164.7,167.9,2788.64,1190.0,1132.83,4200.0,911.48,0.0,0.0,0.0,0.0,22.5,ECO_MAINTAIN,1.3695
3,Distributed Heavy Compute,0,87,870.0,14,3,3,4,4,87.7,82.98,HEAVY_CPU_LOAD,279.1,89.43,87.06,HEAVY_CPU_LOAD,287.38,88.71,84.63,HEAVY_CPU_LOAD,282.83,87.42,85.07,HEAVY_CPU_LOAD,281.88,84.34,84.95,HEAVY_CPU_LOAD,277.85,83.47,87.64,HEAVY_CPU_LOAD,280.8,89.87,81.63,HEAVY_CPU_LOAD,279.78,83.26,87.08,HEAVY_CPU_LOAD,279.69,88.34,86.63,HEAVY_CPU_LOAD,285.37,84.55,85.14,HEAVY_CPU_LOAD,278.4,28.3,50.0,232.1,0.3,22.0,COOLING,0.3,22.0,COOLING,0.3,22.0,COOLING,0.3,22.0,COOLING,22.104,21.701,21.879,21.827,21.878,22.104,21.701,0.403,1131.19,558.65,559.47,563.77,255.0,255.0,340.0,340.0,220.47,286.98,341.21,284.32,-76.53,64.78,-22.03,33.78,1050.0,1050.0,1050.0,1050.0,480.13,115.41,168.65,171.87,2813.08,1190.0,1132.98,4200.0,936.06,0.0,0.0,0.0,0.0,22.5,ECO_MAINTAIN,1.3716
3,Distributed Heavy Compute,0,88,880.0,14,3,3,4,4,84.62,84.35,HEAVY_CPU_LOAD,277.3,90.31,85.84,HEAVY_CPU_LOAD,286.65,86.66,83.67,HEAVY_CPU_LOAD,278.83,89.43,88.08,HEAVY_CPU_LOAD,288.91,87.04,85.51,HEAVY_CPU_LOAD,282.07,87.73,83.56,HEAVY_CPU_LOAD,280.0,86.0,83.93,HEAVY_CPU_LOAD,278.39,88.0,83.58,HEAVY_CPU_LOAD,280.37,86.57,87.38,HEAVY_CPU_LOAD,284.28,88.57,82.95,HEAVY_CPU_LOAD,280.14,28.31,50.0,232.2,0.3,22.0,COOLING,0.3,22.0,COOLING,0.3,22.0,COOLING,0.3,22.0,COOLING,22.114,21.703,21.882,21.831,21.883,22.114,21.703,0.411,1131.69,562.07,558.76,564.42,255.0,255.0,340.0,340.0,220.51,287.21,341.44,284.5,-78.17,65.8,-21.93,34.3,1050.0,1050.0,1050.0,1050.0,479.03,120.08,168.27,173.22,2816.94,1190.0,1133.66,4200.0,940.6,0.0,0.0,0.0,0.0,22.5,ECO_MAINTAIN,1.3703
3,Distributed Heavy Compute,0,89,890.0,14,3,3,4,4,86.52,82.71,HEAVY_CPU_LOAD,277.21,87.83,83.25,HEAVY_CPU_LOAD,279.66,89.79,85.91,HEAVY_CPU_LOAD,286.1,88.48,84.67,HEAVY_CPU_LOAD,282.61,83.93,86.94,HEAVY_CPU_LOAD,280.32,88.32,87.18,HEAVY_CPU_LOAD,286.17,88.56,81.85,HEAVY_CPU_LOAD,278.47,86.21,84.25,HEAVY_CPU_LOAD,279.14,85.37,88.34,HEAVY_CPU_LOAD,284.22,88.74,86.07,HEAVY_CPU_LOAD,285.03,28.31,50.0,232.4,0.3,22.0,COOLING,0.3,22.0,COOLING,0.3,22.0,COOLING,0.3,22.0,COOLING,22.124,21.706,21.885,21.835,21.887,22.124,21.706,0.418,1125.58,566.49,557.61,569.25,255.0,255.0,340.0,340.0,220.36,287.3,341.55,284.55,-79.82,66.82,-21.82,34.82,1050.0,1050.0,1050.0,1050.0,471.12,125.61,167.34,178.62,2818.93,1190.0,1133.76,4200.0,942.69,0.0,0.0,0.0,0.0,22.5,ECO_MAINTAIN,1.3643
3,Distributed Heavy Compute,0,90,900.0,14,3,3,4,4,85.47,87.33,HEAVY_CPU_LOAD,282.83,84.2,83.04,HEAVY_CPU_LOAD,274.81,83.97,82.41,HEAVY_CPU_LOAD,273.58,85.69,81.95,HEAVY_CPU_LOAD,275.04,86.15,81.88,HEAVY_CPU_LOAD,275.51,86.05,82.51,HEAVY_CPU_LOAD,276.33,89.95,82.38,HEAVY_CPU_LOAD,281.01,84.53,82.85,HEAVY_CPU_LOAD,274.94,90.18,81.69,HEAVY_CPU_LOAD,280.26,88.37,83.54,HEAVY_CPU_LOAD,280.77,28.31,50.0,232.5,0.3,22.0,COOLING,0.3,22.0,COOLING,0.3,22.0,COOLING,0.3,22.0,COOLING,22.133,21.708,21.888,21.838,21.892,22.133,21.708,0.425,1106.26,551.84,555.95,561.03,255.0,255.0,340.0,340.0,220.19,287.3,341.58,284.52,-81.35,67.61,-21.61,35.35,1050.0,1050.0,1050.0,1050.0,450.1,111.75,165.92,170.9,2775.08,1190.0,1133.59,4200.0,898.67,0.0,0.0,0.0,0.005,22.5,ECO_MAINTAIN,1.3681
3,Distributed Heavy Compute,0,91,910.0,14,3,3,4,4,85.25,84.44,HEAVY_CPU_LOAD,278.22,89.64,87.31,HEAVY_CPU_LOAD,288.01,87.55,82.16,HEAVY_CPU_LOAD,277.68,86.91,85.81,HEAVY_CPU_LOAD,282.35,87.92,84.14,HEAVY_CPU_LOAD,281.11,85.64,87.35,HEAVY_CPU_LOAD,283.07,88.88,82.9,HEAVY_CPU_LOAD,280.45,90.21,87.62,HEAVY_CPU_LOAD,289.19,90.27,83.1,HEAVY_CPU_LOAD,282.49,88.2,82.61,HEAVY_CPU_LOAD,279.16,28.32,50.0,232.6,0.3,22.0,COOLING,0.3,22.0,COOLING,0.3,22.0,COOLING,0.3,22.0,COOLING,22.143,21.711,21.892,21.842,21.897,22.143,21.711,0.432,1126.26,564.18,569.64,561.65,255.0,255.0,340.0,340.0,220.24,287.54,341.81,284.74,-82.87,68.5,-21.63,36.0,1050.0,1050.0,1050.0,1050.0,468.63,125.22,179.82,172.39,2821.73,1190.0,1134.33,4200.0,946.06,0.0,0.0,0.0,0.019,22.5,ECO_MAINTAIN,1.3624
3,Distributed Heavy Compute,0,92,920.0,14,3,3,4,4,87.43,83.72,HEAVY_CPU_LOAD,279.87,88.09,84.8,HEAVY_CPU_LOAD,282.31,88.84,82.76,HEAVY_CPU_LOAD,280.19,88.62,88.47,HEAVY_CPU_LOAD,288.48,88.9,84.71,HEAVY_CPU_LOAD,283.19,83.57,85.75,HEAVY_CPU_LOAD,278.09,87.63,85.61,HEAVY_CPU_LOAD,282.95,89.76,81.74,HEAVY_CPU_LOAD,279.81,86.64,83.9,HEAVY_CPU_LOAD,279.15,88.05,87.51,HEAVY_CPU_LOAD,286.33,28.32,50.0,232.8,0.3,22.0,COOLING,0.3,22.0,COOLING,0.3,22.0,COOLING,0.3,22.0,COOLING,22.153,21.714,21.896,21.846,21.902,22.153,21.714,0.439,1130.85,561.28,562.76,565.48,255.0,255.0,340.0,340.0,220.11,287.59,341.9,284.78,-84.4,69.4,-21.65,36.65,1050.0,1050.0,1050.0,1050.0,471.56,123.27,173.01,176.91,2820.37,1190.0,1134.38,4200.0,944.75,0.0,0.0,0.0,0.031,22.5,ECO_MAINTAIN,1.3621
3,Distributed Heavy Compute,0,93,930.0,14,3,3,4,4,88.71,86.3,HEAVY_CPU_LOAD,285.34,84.2,82.39,HEAVY_CPU_LOAD,273.83,89.09,85.39,HEAVY_CPU_LOAD,284.45,89.99,81.97,HEAVY_CPU_LOAD,280.44,84.63,82.99,HEAVY_CPU_LOAD,275.27,86.36,84.76,HEAVY_CPU_LOAD,280.09,85.52,88.44,HEAVY_CPU_LOAD,284.56,87.39,82.63,HEAVY_CPU_LOAD,278.18,84.24,86.86,HEAVY_CPU_LOAD,280.59,89.79,87.6,HEAVY_CPU_LOAD,288.64,28.32,50.0,232.9,0.3,22.0,COOLING,0.3,22.0,COOLING,0.3,22.0,COOLING,0.3,22.0,COOLING,22.162,21.716,21.9,21.85,21.907,22.162,21.716,0.446,1124.06,555.36,562.74,569.23,255.0,255.0,340.0,340.0,219.93,287.59,341.91,284.75,-85.91,70.29,-21.67,37.29,1050.0,1050.0,1050.0,1050.0,463.08,118.24,172.98,181.27,2811.39,1190.0,1134.18,4200.0,935.57,0.0,0.0,0.0,0.042,22.5,ECO_MAINTAIN,1.3621
3,Distributed Heavy Compute,0,94,940.0,14,3,3,4,4,88.35,87.62,HEAVY_CPU_LOAD,286.87,89.94,85.58,HEAVY_CPU_LOAD,285.8,86.87,87.34,HEAVY_CPU_LOAD,284.6,88.41,86.13,HEAVY_CPU_LOAD,284.71,87.13,82.7,HEAVY_CPU_LOAD,277.96,89.19,85.39,HEAVY_CPU_LOAD,284.57,87.29,84.51,HEAVY_CPU_LOAD,280.88,88.82,84.38,HEAVY_CPU_LOAD,282.59,85.79,81.55,HEAVY_CPU_LOAD,274.56,89.4,83.47,HEAVY_CPU_LOAD,281.95,28.33,50.0,233.1,0.3,22.0,COOLING,0.3,22.0,COOLING,0.3,22.0,COOLING,0.3,22.0,COOLING,22.172,21.719,21.904,21.853,21.912,22.172,21.719,0.453,1141.98,562.53,563.47,556.51,255.0,255.0,340.0,340.0,220.02,287.89,342.21,285.01,-87.31,71.31,-21.81,37.81,1050.0,1050.0,1050.0,1050.0,479.69,126.73,173.87,169.33,2824.49,1190.0,1135.13,4200.0,949.62,0.0,0.0,0.0,0.055,22.5,ECO_MAINTAIN,1.3634
3,Distributed Heavy Compute,0,95,950.0,14,3,3,4,4,88.33,82.81,HEAVY_CPU_LOAD,279.63,83.61,87.44,HEAVY_CPU_LOAD,280.67,88.45,86.76,HEAVY_CPU_LOAD,285.7,86.3,86.46,HEAVY_CPU_LOAD,282.56,86.57,84.49,HEAVY_CPU_LOAD,279.95,85.6,83.05,HEAVY_CPU_LOAD,276.57,83.53,85.15,HEAVY_CPU_LOAD,277.14,86.87,84.17,HEAVY_CPU_LOAD,279.84,88.89,84.87,HEAVY_CPU_LOAD,283.42,87.08,83.26,HEAVY_CPU_LOAD,278.74,28.33,50.0,233.2,0.3,22.0,COOLING,0.3,22.0,COOLING,0.3,22.0,COOLING,0.3,22.0,COOLING,22.181,21.721,21.907,21.857,21.916,22.181,21.721,0.46,1128.56,556.52,556.98,562.16,255.0,255.0,340.0,340.0,219.85,287.89,342.21,285.01,-88.94,72.19,-21.94,38.69,1050.0,1050.0,1050.0,1050.0,464.47,121.6,167.25,175.86,2804.22,1190.0,1134.96,4200.0,929.18,0.0,0.0,0.0,0.065,22.5,ECO_MAINTAIN,1.364
3,Distributed Heavy Compute,0,96,960.0,14,3,3,4,4,86.64,85.06,HEAVY_CPU_LOAD,280.89,89.26,85.35,HEAVY_CPU_LOAD,284.6,88.9,85.54,HEAVY_CPU_LOAD,284.44,89.54,85.05,HEAVY_CPU_LOAD,284.5,83.9,82.25,HEAVY_CPU_LOAD,273.25,83.83,82.5,HEAVY_CPU_LOAD,273.54,85.88,86.22,HEAVY_CPU_LOAD,281.68,89.25,86.35,HEAVY_CPU_LOAD,286.09,85.64,88.23,HEAVY_CPU_LOAD,284.39,86.18,85.6,HEAVY_CPU_LOAD,281.12,28.33,50.0,233.3,0.3,22.0,COOLING,0.3,22.0,COOLING,0.3,22.0,COOLING,0.3,22.0,COOLING,22.191,21.723,21.911,21.861,21.922,22.191,21.723,0.468,1134.43,546.79,567.77,565.51,255.0,255.0,340.0,340.0,219.69,287.9,342.23,284.98,-90.35,73.1,-21.85,39.1,1050.0,1050.0,1050.0,1050.0,468.77,112.79,178.15,179.59,2814.5,1190.0,1134.8,4200.0,939.3,0.0,0.0,0.0,0.079,22.5,ECO_MAINTAIN,1.3696
3,Distributed Heavy Compute,0,97,970.0,14,3,3,4,4,86.7,82.12,HEAVY_CPU_LOAD,276.56,84.58,86.45,HEAVY_CPU_LOAD,280.4,84.14,85.68,HEAVY_CPU_LOAD,278.7,84.05,84.62,HEAVY_CPU_LOAD,276.99,89.68,86.69,HEAVY_CPU_LOAD,287.13,90.33,86.67,HEAVY_CPU_LOAD,287.92,87.09,87.39,HEAVY_CPU_LOAD,284.95,85.23,83.93,HEAVY_CPU_LOAD,277.43,87.79,81.58,HEAVY_CPU_LOAD,277.11,83.87,82.04,HEAVY_CPU_LOAD,272.9,28.34,50.0,233.5,0.3,22.0,COOLING,0.3,22.0,COOLING,0.3,22.0,COOLING,0.3,22.0,COOLING,22.2,21.726,21.915,21.864,21.926,22.2,21.726,0.474,1112.65,575.05,562.38,550.01,255.0,255.0,340.0,340.0,219.76,288.21,342.53,285.24,-91.98,74.23,-21.98,39.73,1050.0,1050.0,1050.0,1050.0,445.43,142.49,172.93,164.98,2800.09,1190.0,1135.74,4200.0,925.83,0.0,0.0,0.0,0.082,22.5,ECO_MAINTAIN,1.3544
3,Distributed Heavy Compute,0,98,980.0,14,3,3,4,4,89.63,83.44,HEAVY_CPU_LOAD,282.2,89.88,86.48,HEAVY_CPU_LOAD,287.07,89.69,82.96,HEAVY_CPU_LOAD,281.55,86.37,85.36,HEAVY_CPU_LOAD,281.0,84.54,81.73,HEAVY_CPU_LOAD,273.27,87.82,84.66,HEAVY_CPU_LOAD,281.76,83.88,88.23,HEAVY_CPU_LOAD,282.19,83.81,82.27,HEAVY_CPU_LOAD,273.17,84.55,82.23,HEAVY_CPU_LOAD,274.03,89.28,85.09,HEAVY_CPU_LOAD,284.24,28.34,50.0,233.6,0.3,22.0,COOLING,0.3,22.0,COOLING,0.3,22.0,COOLING,0.3,22.0,COOLING,22.209,21.729,21.918,21.868,21.931,22.209,21.729,0.48,1131.82,555.03,555.36,558.27,255.0,255.0,340.0,340.0,219.61,288.2,342.54,285.23,-93.37,75.0,-22.12,40.5,1050.0,1050.0,1050.0,1050.0,463.06,123.23,165.78,174.0,2800.48,1190.0,1135.58,4200.0,926.07,0.0,0.0,0.0,0.098,22.5,ECO_MAINTAIN,1.3648
3,Distributed Heavy Compute,0,99,990.0,14,3,3,4,4,84.19,87.22,HEAVY_CPU_LOAD,281.07,88.05,87.47,HEAVY_CPU_LOAD,286.27,87.19,84.87,HEAVY_CPU_LOAD,281.29,90.04,87.29,HEAVY_CPU_LOAD,288.49,85.49,87.05,HEAVY_CPU_LOAD,282.44,88.87,84.16,HEAVY_CPU_LOAD,282.33,87.67,87.32,HEAVY_CPU_LOAD,285.57,89.29,87.58,HEAVY_CPU_LOAD,287.98,88.5,82.97,HEAVY_CPU_LOAD,280.08,83.7,88.0,HEAVY_CPU_LOAD,281.62,28.34,50.0,233.8,0.3,22.0,COOLING,0.3,22.0,COOLING,0.3,22.0,COOLING,0.3,22.0,COOLING,22.219,21.732,21.922,21.872,21.936,22.219,21.732,0.487,1137.12,564.77,573.55,561.7,255.0,255.0,340.0,340.0,219.49,288.26,342.64,285.27,-94.68,75.68,-21.93,40.93,1050.0,1050.0,1050.0,1050.0,466.93,133.71,184.26,177.9,2837.14,1190.0,1135.66,4200.0,962.8,0.0,0.0,0.0,0.11,22.5,ECO_MAINTAIN,1.3595
3,Distributed Heavy Compute,0,100,1000.0,14,3,3,4,4,84.42,87.22,HEAVY_CPU_LOAD,281.36,89.52,82.91,HEAVY_CPU_LOAD,281.26,83.54,86.54,HEAVY_CPU_LOAD,279.24,84.18,82.31,HEAVY_CPU_LOAD,273.69,85.04,84.49,HEAVY_CPU_LOAD,278.04,89.01,83.81,HEAVY_CPU_LOAD,281.98,84.74,83.05,HEAVY_CPU_LOAD,275.5,88.82,83.73,HEAVY_CPU_LOAD,281.62,86.65,87.26,HEAVY_CPU_LOAD,284.2,87.38,87.58,HEAVY_CPU_LOAD,285.6,28.35,50.0,233.9,0.3,22.0,COOLING,0.3,22.0,COOLING,0.3,22.0,COOLING,0.3,22.0,COOLING,22.228,21.735,21.925,21.876,21.941,22.228,21.735,0.493,1115.55,560.02,557.12,569.8,255.0,255.0,340.0,340.0,219.53,288.48,342.86,285.47,-96.2,76.57,-21.95,41.57,1050.0,1050.0,1050.0,1050.0,443.88,130.07,168.03,186.84,2802.49,1190.0,1136.34,4200.0,928.82,0.0,0.0,0.0,0.119,22.5,ECO_MAINTAIN,1.3564
3,Distributed Heavy Compute,0,101,1010.0,14,3,3,4,4,85.7,83.58,HEAVY_CPU_LOAD,277.5,85.86,84.72,HEAVY_CPU_LOAD,279.4,84.13,82.59,HEAVY_CPU_LOAD,274.05,89.14,87.77,HEAVY_CPU_LOAD,288.08,90.17,88.19,HEAVY_CPU_LOAD,290.0,84.38,84.21,HEAVY_CPU_LOAD,276.79,90.43,86.52,HEAVY_CPU_LOAD,287.82,87.43,87.3,HEAVY_CPU_LOAD,285.24,88.06,82.06,HEAVY_CPU_LOAD,278.16,89.79,87.36,HEAVY_CPU_LOAD,288.28,28.35,50.0,234.0,0.3,22.0,COOLING,0.3,22.0,COOLING,0.3,22.0,COOLING,0.3,22.0,COOLING,22.237,21.738,21.929,21.88,21.946,22.237,21.738,0.499,1119.03,566.79,573.06,566.44,255.0,255.0,340.0,340.0,219.37,288.47,342.89,285.44,-97.5,77.25,-21.75,41.99,1050.0,1050.0,1050.0,1050.0,445.9,137.51,184.2,183.87,2825.32,1190.0,1136.17,4200.0,951.48,0.0,0.0,0.0,0.129,22.5,MODERATE_UNIFORM_COOL,1.3518
3,Distributed Heavy Compute,0,102,1020.0,14,3,3,4,4,85.22,83.46,HEAVY_CPU_LOAD,276.71,87.91,85.76,HEAVY_CPU_LOAD,283.53,84.02,83.55,HEAVY_CPU_LOAD,275.35,89.34,87.81,HEAVY_CPU_LOAD,288.39,86.69,87.68,HEAVY_CPU_LOAD,284.88,86.11,84.52,HEAVY_CPU_LOAD,279.42,88.79,88.4,HEAVY_CPU_LOAD,288.59,88.27,83.95,HEAVY_CPU_LOAD,281.26,89.03,85.8,HEAVY_CPU_LOAD,284.99,84.97,85.58,HEAVY_CPU_LOAD,279.58,28.35,50.0,234.2,0.3,22.0,COOLING,0.3,22.0,COOLING,0.3,22.0,COOLING,0.3,22.0,COOLING,22.246,21.741,21.933,21.884,21.951,22.246,21.741,0.505,1123.98,564.3,569.85,564.57,255.0,255.0,340.0,340.0,219.26,288.54,342.97,285.49,-98.78,78.03,-21.78,42.53,1050.0,1050.0,1050.0,1050.0,449.46,135.87,181.04,182.59,2822.7,1190.0,1136.26,4200.0,948.96,0.0,0.0,0.0,0.14,22.5,MODERATE_UNIFORM_COOL,1.3533
3,Distributed Heavy Compute,0,103,1030.0,14,3,3,4,4,85.63,86.86,HEAVY_CPU_LOAD,282.33,87.42,87.42,HEAVY_CPU_LOAD,285.4,85.2,86.0,HEAVY_CPU_LOAD,280.5,84.13,83.4,HEAVY_CPU_LOAD,275.26,87.5,82.32,HEAVY_CPU_LOAD,277.86,83.91,81.55,HEAVY_CPU_LOAD,272.21,89.02,87.76,HEAVY_CPU_LOAD,287.92,87.64,84.59,HEAVY_CPU_LOAD,281.44,87.25,84.25,HEAVY_CPU_LOAD,280.44,85.73,88.12,HEAVY_CPU_LOAD,284.34,28.36,50.0,234.3,0.3,22.0,COOLING,0.3,22.0,COOLING,0.3,22.0,COOLING,0.3,22.0,COOLING,22.255,21.744,21.937,21.888,21.956,22.255,21.744,0.511,1123.49,550.07,569.36,564.78,255.0,255.0,340.0,340.0,219.31,288.75,343.19,285.67,-100.06,78.81,-21.81,43.06,1050.0,1050.0,1050.0,1050.0,447.74,122.63,180.74,183.51,2807.7,1190.0,1136.92,4200.0,934.62,0.0,0.0,0.0,0.152,22.5,MODERATE_UNIFORM_COOL,1.3581
3,Distributed Heavy Compute,0,104,1040.0,14,3,3,4,4,86.91,88.21,HEAVY_CPU_LOAD,285.95,85.78,85.27,HEAVY_CPU_LOAD,280.13,89.95,87.26,HEAVY_CPU_LOAD,288.33,86.36,87.45,HEAVY_CPU_LOAD,284.12,84.88,83.44,HEAVY_CPU_LOAD,276.26,85.71,84.29,HEAVY_CPU_LOAD,278.57,88.32,84.11,HEAVY_CPU_LOAD,281.56,84.34,86.37,HEAVY_CPU_LOAD,279.98,89.52,81.97,HEAVY_CPU_LOAD,279.86,84.46,86.2,HEAVY_CPU_LOAD,279.88,28.36,50.0,234.4,0.3,22.0,COOLING,0.3,22.0,COOLING,0.3,22.0,COOLING,0.3,22.0,COOLING,22.264,21.747,21.941,21.892,21.961,22.264,21.747,0.517,1138.53,554.83,561.54,559.74,255.0,255.0,340.0,340.0,219.16,288.74,343.19,285.65,-101.35,79.6,-21.85,43.6,1050.0,1050.0,1050.0,1050.0,461.34,128.17,172.88,178.99,2814.64,1190.0,1136.74,4200.0,941.38,0.0,0.0,0.0,0.164,22.5,MODERATE_UNIFORM_COOL,1.3605
3,Distributed Heavy Compute,0,105,1050.0,14,3,3,4,4,87.43,81.71,HEAVY_CPU_LOAD,276.85,85.85,88.28,HEAVY_CPU_LOAD,284.73,89.13,83.26,HEAVY_CPU_LOAD,281.3,89.35,83.74,HEAVY_CPU_LOAD,282.3,88.5,85.05,HEAVY_CPU_LOAD,283.2,88.93,81.7,HEAVY_CPU_LOAD,278.71,86.47,87.9,HEAVY_CPU_LOAD,284.94,83.67,84.52,HEAVY_CPU_LOAD,276.37,87.9,87.45,HEAVY_CPU_LOAD,286.05,83.89,84.11,HEAVY_CPU_LOAD,276.03,28.36,50.0,234.6,0.3,22.0,COOLING,0.3,22.0,COOLING,0.3,22.0,COOLING,0.3,22.0,COOLING,22.273,21.75,21.945,21.896,21.966,22.273,21.75,0.523,1125.18,561.91,561.31,562.08,255.0,255.0,340.0,340.0,219.03,288.8,343.28,285.68,-102.63,80.38,-21.88,44.13,1050.0,1050.0,1050.0,1050.0,446.58,136.09,172.71,181.89,2810.48,1190.0,1136.79,4200.0,937.27,0.0,0.0,0.0,0.172,22.5,MODERATE_UNIFORM_COOL,1.3539
3,Distributed Heavy Compute,0,106,1060.0,14,3,3,4,4,86.98,82.37,HEAVY_CPU_LOAD,277.28,86.45,83.91,HEAVY_CPU_LOAD,278.93,86.24,82.51,HEAVY_CPU_LOAD,276.57,86.13,82.48,HEAVY_CPU_LOAD,276.38,86.7,81.55,HEAVY_CPU_LOAD,275.7,88.6,81.81,HEAVY_CPU_LOAD,278.47,84.54,84.11,HEAVY_CPU_LOAD,276.84,89.88,82.9,HEAVY_CPU_LOAD,281.7,86.77,86.8,HEAVY_CPU_LOAD,283.66,86.53,84.92,HEAVY_CPU_LOAD,280.54,28.37,50.0,234.7,0.3,22.0,COOLING,0.3,22.0,COOLING,0.3,22.0,COOLING,0.3,22.0,COOLING,22.282,21.753,21.948,21.9,21.971,22.282,21.753,0.529,1109.16,554.17,558.54,564.2,255.0,255.0,340.0,340.0,219.1,289.02,343.5,285.88,-103.92,81.17,-21.92,44.67,1050.0,1050.0,1050.0,1050.0,429.34,129.36,170.12,184.75,2786.07,1190.0,1137.5,4200.0,913.57,0.0,0.0,0.0,0.181,22.5,MODERATE_UNIFORM_COOL,1.3538
3,Distributed Heavy Compute,0,107,1070.0,14,3,3,4,4,89.54,85.99,HEAVY_CPU_LOAD,285.91,83.63,82.56,HEAVY_CPU_LOAD,273.38,89.94,86.86,HEAVY_CPU_LOAD,287.72,87.4,87.72,HEAVY_CPU_LOAD,285.83,84.11,84.45,HEAVY_CPU_LOAD,276.81,85.41,86.7,HEAVY_CPU_LOAD,281.81,86.57,84.05,HEAVY_CPU_LOAD,279.29,85.54,82.49,HEAVY_CPU_LOAD,275.66,85.55,82.18,HEAVY_CPU_LOAD,275.21,89.14,82.78,HEAVY_CPU_LOAD,280.6,28.37,50.0,234.9,0.3,22.0,COOLING,0.3,22.0,COOLING,0.3,22.0,COOLING,0.3,22.0,COOLING,22.291,21.756,21.951,21.904,21.976,22.291,21.756,0.535,1132.84,558.62,554.95,555.81,255.0,255.0,340.0,340.0,218.98,289.08,343.61,285.92,-105.22,81.84,-21.72,45.1,1050.0,1050.0,1050.0,1050.0,451.6,134.54,166.84,176.83,2802.22,1190.0,1137.59,4200.0,929.81,0.0,0.0,0.0,0.195,22.5,MODERATE_UNIFORM_COOL,1.3602
3,Distributed Heavy Compute,0,108,1080.0,14,3,3,4,4,83.5,85.35,HEAVY_CPU_LOAD,277.4,83.9,86.71,HEAVY_CPU_LOAD,279.94,87.42,84.37,HEAVY_CPU_LOAD,280.83,87.0,84.42,HEAVY_CPU_LOAD,280.38,87.91,84.6,HEAVY_CPU_LOAD,281.79,86.05,84.94,HEAVY_CPU_LOAD,279.97,84.56,84.88,HEAVY_CPU_LOAD,278.02,83.82,82.74,HEAVY_CPU_LOAD,273.88,83.71,83.14,HEAVY_CPU_LOAD,274.35,85.31,87.59,HEAVY_CPU_LOAD,283.02,28.38,50.0,235.0,0.3,22.0,COOLING,0.3,22.0,COOLING,0.3,22.0,COOLING,0.3,22.0,COOLING,22.3,21.759,21.954,21.908,21.98,22.3,21.759,0.541,1118.55,561.76,551.9,557.37,255.0,255.0,340.0,340.0,219.03,289.3,343.84,286.11,-106.52,82.52,-21.52,45.52,1050.0,1050.0,1050.0,1050.0,436.06,138.58,164.22,179.0,2789.58,1190.0,1138.28,4200.0,917.86,0.0,0.0,0.0,0.203,22.5,MODERATE_UNIFORM_COOL,1.3567
3,Distributed Heavy Compute,0,109,1090.0,14,3,3,4,4,87.86,83.19,HEAVY_CPU_LOAD,279.61,84.31,83.62,HEAVY_CPU_LOAD,275.82,83.87,85.56,HEAVY_CPU_LOAD,278.18,87.51,85.72,HEAVY_CPU_LOAD,282.97,86.97,84.96,HEAVY_CPU_LOAD,281.15,87.42,88.14,HEAVY_CPU_LOAD,286.49,87.12,85.7,HEAVY_CPU_LOAD,282.45,89.87,87.36,HEAVY_CPU_LOAD,288.38,86.14,87.13,HEAVY_CPU_LOAD,283.37,83.91,84.73,HEAVY_CPU_LOAD,276.98,28.38,50.0,235.1,0.3,22.0,COOLING,0.3,22.0,COOLING,0.3,22.0,COOLING,0.3,22.0,COOLING,22.309,21.762,21.958,21.912,21.985,22.309,21.762,0.547,1116.58,567.64,570.83,560.35,255.0,255.0,340.0,340.0,218.88,289.29,343.87,286.09,-107.82,83.2,-21.32,45.94,1050.0,1050.0,1050.0,1050.0,432.64,145.13,183.38,182.38,2815.4,1190.0,1138.13,4200.0,943.53,0.0,0.0,0.0,0.213,22.5,MODERATE_UNIFORM_COOL,1.3524
3,Distributed Heavy Compute,0,110,1100.0,14,3,3,4,4,90.19,85.6,HEAVY_CPU_LOAD,286.14,89.3,83.78,HEAVY_CPU_LOAD,282.3,88.99,83.98,HEAVY_CPU_LOAD,282.21,90.48,85.05,HEAVY_CPU_LOAD,285.68,86.65,82.1,HEAVY_CPU_LOAD,276.46,85.59,82.04,HEAVY_CPU_LOAD,275.05,83.93,85.63,HEAVY_CPU_LOAD,278.36,86.44,86.4,HEAVY_CPU_LOAD,282.65,85.08,83.61,HEAVY_CPU_LOAD,276.76,87.8,86.28,HEAVY_CPU_LOAD,284.17,28.38,50.0,235.3,0.3,22.0,COOLING,0.3,22.0,COOLING,0.3,22.0,COOLING,0.3,22.0,COOLING,22.318,21.765,21.962,21.916,21.99,22.318,21.765,0.553,1136.33,551.51,561.01,560.93,255.0,255.0,340.0,340.0,218.77,289.35,343.96,286.12,-109.11,83.98,-21.35,46.48,1050.0,1050.0,1050.0,1050.0,450.99,129.84,173.62,183.53,2809.78,1190.0,1138.2,4200.0,937.98,0.0,0.0,0.0,0.228,22.5,MODERATE_UNIFORM_COOL,1.366
3,Distributed Heavy Compute,0,111,1110.0,14,3,3,4,4,87.78,81.59,HEAVY_CPU_LOAD,277.11,90.33,85.34,HEAVY_CPU_LOAD,285.92,86.77,86.6,HEAVY_CPU_LOAD,283.36,89.07,86.32,HEAVY_CPU_LOAD,285.82,88.26,87.95,HEAVY_CPU_LOAD,287.25,86.15,82.24,HEAVY_CPU_LOAD,276.05,87.7,85.16,HEAVY_CPU_LOAD,282.37,85.73,85.46,HEAVY_CPU_LOAD,280.35,87.58,82.85,HEAVY_CPU_LOAD,278.75,87.07,83.46,HEAVY_CPU_LOAD,279.03,28.39,50.0,235.4,0.3,22.0,COOLING,0.3,22.0,COOLING,0.3,22.0,COOLING,0.3,22.0,COOLING,22.327,21.768,21.966,21.92,21.995,22.327,21.768,0.559,1132.21,563.3,562.72,557.78,255.0,255.0,340.0,340.0,218.82,289.56,344.17,286.31,-110.39,84.77,-21.39,47.02,1050.0,1050.0,1050.0,1050.0,445.64,142.63,175.5,181.11,2816.01,1190.0,1138.86,4200.0,944.88,0.0,0.0,0.0,0.237,22.5,MODERATE_UNIFORM_COOL,1.3615
3,Distributed Heavy Compute,0,112,1120.0,14,3,3,4,4,85.77,87.98,HEAVY_CPU_LOAD,284.18,86.37,82.06,HEAVY_CPU_LOAD,276.05,84.25,87.71,HEAVY_CPU_LOAD,281.88,90.28,84.37,HEAVY_CPU_LOAD,284.41,88.87,87.64,HEAVY_CPU_LOAD,287.55,86.25,81.98,HEAVY_CPU_LOAD,275.78,85.41,82.0,HEAVY_CPU_LOAD,274.76,86.16,86.93,HEAVY_CPU_LOAD,283.1,84.32,85.73,HEAVY_CPU_LOAD,279.0,87.77,84.6,HEAVY_CPU_LOAD,281.61,28.39,50.0,235.6,0.3,22.0,COOLING,0.3,22.0,COOLING,0.3,22.0,COOLING,0.3,22.0,COOLING,22.336,21.771,21.969,21.924,22.0,22.336,21.771,0.565,1126.52,563.33,557.86,560.61,255.0,255.0,340.0,340.0,218.7,289.62,344.27,286.35,-111.68,85.55,-21.42,47.55,1050.0,1050.0,1050.0,1050.0,438.54,143.5,170.71,184.51,2808.32,1190.0,1138.94,4200.0,937.26,0.0,0.0,0.0,0.247,22.5,MODERATE_UNIFORM_COOL,1.3625
3,Distributed Heavy Compute,0,113,1130.0,14,3,3,4,4,87.78,83.95,HEAVY_CPU_LOAD,280.65,87.36,87.37,HEAVY_CPU_LOAD,285.25,86.22,83.71,HEAVY_CPU_LOAD,278.34,84.12,85.86,HEAVY_CPU_LOAD,278.94,89.42,87.49,HEAVY_CPU_LOAD,288.01,87.29,81.6,HEAVY_CPU_LOAD,276.51,90.4,88.24,HEAVY_CPU_LOAD,290.36,85.86,88.46,HEAVY_CPU_LOAD,285.01,89.43,88.01,HEAVY_CPU_LOAD,288.8,88.98,86.03,HEAVY_CPU_LOAD,285.27,28.39,50.0,235.7,0.3,22.0,COOLING,0.3,22.0,COOLING,0.3,22.0,COOLING,0.3,22.0,COOLING,22.345,21.774,21.973,21.928,22.005,22.345,21.774,0.571,1123.18,564.52,575.37,574.07,255.0,255.0,340.0,340.0,218.55,289.62,344.29,286.33,-112.97,86.22,-21.23,47.98,1050.0,1050.0,1050.0,1050.0,433.76,145.36,188.43,198.38,2837.14,1190.0,1138.79,4200.0,965.93,0.0,0.0,0.0,0.257,22.5,MODERATE_UNIFORM_COOL,1.3598
3,Distributed Heavy Compute,0,114,1140.0,14,3,3,4,4,84.47,88.31,HEAVY_CPU_LOAD,283.05,90.27,82.13,HEAVY_CPU_LOAD,281.03,87.01,84.29,HEAVY_CPU_LOAD,280.2,87.98,86.76,HEAVY_CPU_LOAD,285.12,89.82,88.15,HEAVY_CPU_LOAD,289.5,89.94,88.18,HEAVY_CPU_LOAD,289.7,87.05,81.97,HEAVY_CPU_LOAD,276.77,88.51,87.13,HEAVY_CPU_LOAD,286.33,88.82,87.21,HEAVY_CPU_LOAD,286.84,89.4,82.44,HEAVY_CPU_LOAD,280.41,28.4,50.0,235.8,0.3,22.0,COOLING,0.3,22.0,COOLING,0.3,22.0,COOLING,0.3,22.0,COOLING,22.354,21.777,21.977,21.932,22.01,22.354,21.777,0.577,1129.4,579.2,563.1,567.25,255.0,255.0,340.0,340.0,218.6,289.84,344.5,286.53,-114.26,87.01,-21.26,48.51,1050.0,1050.0,1050.0,1050.0,438.74,161.05,176.34,192.29,2838.95,1190.0,1139.47,4200.0,968.42,0.0,0.0,0.0,0.267,22.5,MODERATE_UNIFORM_COOL,1.3593
3,Distributed Heavy Compute,0,115,1150.0,14,3,3,4,4,87.28,85.0,HEAVY_CPU_LOAD,281.6,87.02,84.79,HEAVY_CPU_LOAD,280.96,84.41,86.82,HEAVY_CPU_LOAD,280.74,86.77,82.73,HEAVY_CPU_LOAD,277.56,85.93,83.89,HEAVY_CPU_LOAD,278.25,86.36,84.74,HEAVY_CPU_LOAD,280.06,86.79,84.79,HEAVY_CPU_LOAD,280.67,90.31,86.83,HEAVY_CPU_LOAD,288.13,90.45,85.21,HEAVY_CPU_LOAD,285.88,88.43,82.25,HEAVY_CPU_LOAD,278.91,28.4,50.0,236.0,0.3,22.0,COOLING,0.3,22.0,COOLING,0.3,22.0,COOLING,0.3,22.0,COOLING,22.363,21.78,21.981,21.936,22.015,22.363,21.78,0.583,1120.86,558.31,568.8,564.79,255.0,255.0,340.0,340.0,218.49,289.89,344.59,286.56,-115.54,87.79,-21.3,49.05,1050.0,1050.0,1050.0,1050.0,428.81,140.99,182.09,190.4,2812.76,1190.0,1139.53,4200.0,942.29,0.0,0.0,0.0,0.278,22.5,MODERATE_UNIFORM_COOL,1.3678
3,Distributed Heavy Compute,0,116,1160.0,14,3,3,4,4,89.74,86.1,HEAVY_CPU_LOAD,286.33,89.59,85.14,HEAVY_CPU_LOAD,284.7,88.72,87.57,HEAVY_CPU_LOAD,287.25,88.1,82.08,HEAVY_CPU_LOAD,278.25,86.29,81.78,HEAVY_CPU_LOAD,275.53,86.47,86.1,HEAVY_CPU_LOAD,282.24,87.76,82.92,HEAVY_CPU_LOAD,279.08,86.03,86.64,HEAVY_CPU_LOAD,282.5,84.45,82.62,HEAVY_CPU_LOAD,274.49,85.72,82.51,HEAVY_CPU_LOAD,275.91,28.4,50.0,236.1,0.3,22.0,COOLING,0.3,22.0,COOLING,0.3,22.0,COOLING,0.3,22.0,COOLING,22.372,21.783,21.985,21.94,22.02,22.372,21.783,0.589,1136.53,557.77,561.58,550.4,255.0,255.0,340.0,340.0,218.34,289.89,344.6,286.54,-116.83,88.58,-21.33,49.58,1050.0,1050.0,1050.0,1050.0,443.04,141.24,174.85,176.52,2806.28,1190.0,1139.37,4200.0,935.65,0.0,0.0,0.0,0.29,22.5,MODERATE_UNIFORM_COOL,1.3774
3,Distributed Heavy Compute,0,117,1170.0,14,3,3,4,4,84.59,88.16,HEAVY_CPU_LOAD,282.98,86.4,82.16,HEAVY_CPU_LOAD,276.24,84.27,85.88,HEAVY_CPU_LOAD,279.16,90.03,88.29,HEAVY_CPU_LOAD,289.97,89.26,86.69,HEAVY_CPU_LOAD,286.61,89.87,84.04,HEAVY_CPU_LOAD,283.4,88.6,85.62,HEAVY_CPU_LOAD,284.18,86.83,84.24,HEAVY_CPU_LOAD,279.9,88.45,88.06,HEAVY_CPU_LOAD,287.65,86.05,84.09,HEAVY_CPU_LOAD,278.7,28.41,50.0,236.2,0.3,22.0,COOLING,0.3,22.0,COOLING,0.3,22.0,COOLING,0.3,22.0,COOLING,22.381,21.786,21.989,21.944,22.025,22.381,21.786,0.595,1128.35,570.01,564.08,566.35,255.0,255.0,340.0,340.0,218.4,290.1,344.81,286.72,-118.11,89.36,-21.36,50.11,1050.0,1050.0,1050.0,1050.0,433.64,154.47,177.53,193.18,2828.79,1190.0,1140.03,4200.0,958.82,0.0,0.0,0.0,0.3,22.5,MODERATE_UNIFORM_COOL,1.3708
3,Distributed Heavy Compute,0,118,1180.0,14,3,3,4,4,87.38,86.66,HEAVY_CPU_LOAD,284.21,89.19,87.2,HEAVY_CPU_LOAD,287.29,88.62,86.68,HEAVY_CPU_LOAD,285.8,89.88,82.08,HEAVY_CPU_LOAD,280.47,83.73,85.65,HEAVY_CPU_LOAD,278.14,85.85,84.91,HEAVY_CPU_LOAD,279.68,88.52,85.07,HEAVY_CPU_LOAD,283.25,89.82,85.93,HEAVY_CPU_LOAD,286.17,88.34,86.86,HEAVY_CPU_LOAD,285.72,83.7,81.96,HEAVY_CPU_LOAD,272.56,28.41,50.0,236.4,0.3,22.0,COOLING,0.3,22.0,COOLING,0.3,22.0,COOLING,0.3,22.0,COOLING,22.39,21.789,21.993,21.948,22.03,22.39,21.789,0.601,1137.77,557.82,569.42,558.28,255.0,255.0,340.0,340.0,218.27,290.17,344.9,286.77,-119.4,90.15,-21.4,50.65,1050.0,1050.0,1050.0,1050.0,441.64,143.14,182.92,185.7,2823.29,1190.0,1140.11,4200.0,953.4,0.0,0.0,0.0,0.312,22.5,MODERATE_UNIFORM_COOL,1.3823
3,Distributed Heavy Compute,0,119,1190.0,14,3,3,4,4,83.63,83.01,HEAVY_CPU_LOAD,274.05,86.83,83.51,HEAVY_CPU_LOAD,278.8,85.56,81.97,HEAVY_CPU_LOAD,274.9,85.2,87.03,HEAVY_CPU_LOAD,282.04,89.46,82.59,HEAVY_CPU_LOAD,280.71,89.71,85.88,HEAVY_CPU_LOAD,285.96,83.66,82.46,HEAVY_CPU_LOAD,273.26,88.45,82.72,HEAVY_CPU_LOAD,279.64,84.67,88.06,HEAVY_CPU_LOAD,282.93,90.42,84.36,HEAVY_CPU_LOAD,284.56,28.41,50.0,236.5,0.3,22.0,COOLING,0.3,22.0,COOLING,0.3,22.0,COOLING,0.3,22.0,COOLING,22.398,21.792,21.996,21.952,22.035,22.398,21.792,0.606,1109.79,566.67,552.9,567.49,255.0,255.0,340.0,340.0,218.12,290.16,344.91,286.74,-120.68,90.93,-21.43,51.18,1050.0,1050.0,1050.0,1050.0,412.23,152.76,166.38,195.41,2796.85,1190.0,1139.93,4200.0,926.78,0.0,0.0,0.0,0.317,22.5,MODERATE_UNIFORM_COOL,1.3728
3,Distributed Heavy Compute,0,120,1200.0,14,3,3,4,4,89.29,84.39,HEAVY_CPU_LOAD,283.2,85.35,84.07,HEAVY_CPU_LOAD,277.79,86.1,85.97,HEAVY_CPU_LOAD,281.58,84.13,87.5,HEAVY_CPU_LOAD,281.41,88.52,86.91,HEAVY_CPU_LOAD,286.01,85.49,83.3,HEAVY_CPU_LOAD,276.81,83.66,84.72,HEAVY_CPU_LOAD,276.65,84.03,85.96,HEAVY_CPU_LOAD,278.98,89.41,87.29,HEAVY_CPU_LOAD,287.7,85.02,87.55,HEAVY_CPU_LOAD,282.6,28.42,50.0,236.7,0.3,22.0,COOLING,0.3,22.0,COOLING,0.3,22.0,COOLING,0.3,22.0,COOLING,22.407,21.795,21.999,21.956,22.039,22.407,21.795,0.612,1123.98,562.82,555.63,570.3,255.0,255.0,340.0,340.0,218.23,290.44,345.23,287.0,-121.75,91.5,-21.25,51.5,1050.0,1050.0,1050.0,1050.0,425.46,149.76,169.61,198.8,2812.73,1190.0,1140.9,4200.0,943.63,0.0,0.0,0.0,0.33,22.5,MODERATE_UNIFORM_COOL,1.3825
3,Distributed Heavy Compute,0,121,1210.0,14,3,3,4,4,84.09,85.32,HEAVY_CPU_LOAD,278.09,86.64,87.47,HEAVY_CPU_LOAD,284.5,87.59,84.17,HEAVY_CPU_LOAD,280.74,89.79,85.58,HEAVY_CPU_LOAD,285.61,90.08,81.98,HEAVY_CPU_LOAD,280.57,88.64,84.23,HEAVY_CPU_LOAD,282.15,84.9,85.32,HEAVY_CPU_LOAD,279.11,86.07,83.13,HEAVY_CPU_LOAD,277.28,87.63,82.74,HEAVY_CPU_LOAD,278.65,87.18,87.25,HEAVY_CPU_LOAD,284.85,28.42,50.0,236.8,0.3,22.0,COOLING,0.3,22.0,COOLING,0.3,22.0,COOLING,0.3,22.0,COOLING,22.416,21.798,22.002,21.96,22.044,22.416,21.798,0.618,1128.94,562.72,556.39,563.5,255.0,255.0,340.0,340.0,218.08,290.44,345.25,286.98,-123.05,92.17,-21.05,51.93,1050.0,1050.0,1050.0,1050.0,428.97,150.33,170.59,192.41,2811.55,1190.0,1140.75,4200.0,942.3,0.0,0.0,0.0,0.341,22.5,MODERATE_UNIFORM_COOL,1.3894
3,Distributed Heavy Compute,0,122,1220.0,14,3,3,4,4,86.66,82.03,HEAVY_CPU_LOAD,276.37,85.84,87.16,HEAVY_CPU_LOAD,283.04,87.12,81.64,HEAVY_CPU_LOAD,276.36,87.17,83.09,HEAVY_CPU_LOAD,278.6,88.92,82.03,HEAVY_CPU_LOAD,279.19,84.13,87.53,HEAVY_CPU_LOAD,281.46,88.7,88.19,HEAVY_CPU_LOAD,288.16,87.75,85.56,HEAVY_CPU_LOAD,283.03,90.4,85.94,HEAVY_CPU_LOAD,286.91,86.46,86.27,HEAVY_CPU_LOAD,282.48,28.42,50.0,236.9,0.3,22.0,COOLING,0.3,22.0,COOLING,0.3,22.0,COOLING,0.3,22.0,COOLING,22.424,21.801,22.006,21.964,22.049,22.424,21.801,0.623,1114.37,560.65,571.19,569.39,255.0,255.0,340.0,340.0,217.93,290.43,345.28,286.95,-124.35,92.85,-20.85,52.35,1050.0,1050.0,1050.0,1050.0,412.95,148.93,185.62,198.69,2815.6,1190.0,1140.59,4200.0,946.19,0.0,0.0,0.0,0.349,22.5,TARGETED_HOTSPOT_COOL,1.3858
3,Distributed Heavy Compute,0,123,1230.0,14,3,3,4,4,86.46,84.67,HEAVY_CPU_LOAD,280.08,87.65,85.14,HEAVY_CPU_LOAD,282.27,84.57,88.25,HEAVY_CPU_LOAD,283.09,88.08,82.79,HEAVY_CPU_LOAD,279.29,90.31,83.94,HEAVY_CPU_LOAD,283.8,89.47,85.54,HEAVY_CPU_LOAD,285.15,84.41,87.76,HEAVY_CPU_LOAD,282.15,84.79,84.87,HEAVY_CPU_LOAD,278.29,83.75,87.59,HEAVY_CPU_LOAD,281.07,85.1,85.99,HEAVY_CPU_LOAD,280.36,28.43,50.0,237.1,0.3,22.0,COOLING,0.3,22.0,COOLING,0.3,22.0,COOLING,0.3,22.0,COOLING,22.433,21.804,22.01,21.968,22.054,22.433,21.804,0.629,1124.73,568.95,560.44,561.43,255.0,255.0,340.0,340.0,218.04,290.71,345.58,287.21,-125.4,93.53,-20.9,52.78,1050.0,1050.0,1050.0,1050.0,422.37,158.19,175.12,191.42,2815.55,1190.0,1141.54,4200.0,947.1,0.0,0.0,0.0,0.36,22.5,TARGETED_WEST_COMPUTE_COOL,1.3917
3,Distributed Heavy Compute,0,124,1240.0,14,3,3,4,4,89.99,86.29,HEAVY_CPU_LOAD,286.92,87.7,86.96,HEAVY_CPU_LOAD,285.06,89.87,85.48,HEAVY_CPU_LOAD,285.56,88.65,84.83,HEAVY_CPU_LOAD,283.06,88.3,86.95,HEAVY_CPU_LOAD,285.8,86.67,86.74,HEAVY_CPU_LOAD,283.45,87.62,84.73,HEAVY_CPU_LOAD,281.62,85.9,84.72,HEAVY_CPU_LOAD,279.45,88.79,87.26,HEAVY_CPU_LOAD,286.88,87.5,84.88,HEAVY_CPU_LOAD,281.69,28.43,50.0,237.2,0.3,22.0,COOLING,0.3,22.0,COOLING,0.3,22.0,COOLING,0.3,22.0,COOLING,22.442,21.807,22.014,21.972,22.059,22.442,21.807,0.635,1140.6,569.25,561.07,568.57,255.0,255.0,340.0,340.0,217.89,290.71,345.58,287.18,-126.69,94.31,-20.94,53.31,1050.0,1050.0,1050.0,1050.0,436.8,159.27,175.71,199.06,2839.49,1190.0,1141.36,4200.0,970.84,0.0,0.0,0.0,0.373,22.5,TARGETED_WEST_COMPUTE_COOL,1.4004
3,Distributed Heavy Compute,0,125,1250.0,14,3,3,4,4,85.82,83.13,HEAVY_CPU_LOAD,276.97,83.98,82.25,HEAVY_CPU_LOAD,273.35,89.9,84.25,HEAVY_CPU_LOAD,283.75,83.94,82.51,HEAVY_CPU_LOAD,273.69,84.84,84.21,HEAVY_CPU_LOAD,277.37,88.75,83.16,HEAVY_CPU_LOAD,280.68,86.8,85.4,HEAVY_CPU_LOAD,281.6,90.5,88.3,HEAVY_CPU_LOAD,290.57,84.02,83.24,HEAVY_CPU_LOAD,274.88,89.25,83.15,HEAVY_CPU_LOAD,281.29,28.43,50.0,237.4,0.3,22.0,COOLING,0.3,22.0,COOLING,0.3,22.0,COOLING,0.3,22.0,COOLING,22.45,21.81,22.018,21.976,22.063,22.45,21.81,0.64,1107.76,558.05,572.17,556.17,255.0,255.0,340.0,340.0,217.76,290.77,345.66,287.23,-127.97,95.1,-20.97,53.84,1050.0,1050.0,1050.0,1050.0,402.55,148.92,186.86,187.24,2794.15,1190.0,1141.42,4200.0,925.57,0.0,0.0,0.0,0.378,22.5,TARGETED_WEST_COMPUTE_COOL,1.398
3,Distributed Heavy Compute,0,126,1260.0,14,3,3,4,4,84.55,83.67,HEAVY_CPU_LOAD,276.19,84.01,86.06,HEAVY_CPU_LOAD,279.1,85.61,82.21,HEAVY_CPU_LOAD,275.33,86.69,88.21,HEAVY_CPU_LOAD,285.68,90.42,83.65,HEAVY_CPU_LOAD,283.5,88.29,87.58,HEAVY_CPU_LOAD,286.73,85.57,87.13,HEAVY_CPU_LOAD,282.66,87.99,82.36,HEAVY_CPU_LOAD,278.53,84.84,82.52,HEAVY_CPU_LOAD,274.83,86.16,82.57,HEAVY_CPU_LOAD,276.55,28.44,50.0,237.5,0.3,22.0,COOLING,0.3,22.0,COOLING,0.3,22.0,COOLING,0.3,22.0,COOLING,22.458,21.813,22.022,21.98,22.068,22.458,21.813,0.645,1116.3,570.23,561.19,551.38,255.0,255.0,340.0,340.0,217.85,290.99,345.88,287.42,-129.02,95.77,-21.02,54.27,1050.0,1050.0,1050.0,1050.0,410.13,161.99,176.05,183.07,2799.1,1190.0,1142.14,4200.0,931.24,0.0,0.0,0.0,0.387,22.5,TARGETED_WEST_COMPUTE_COOL,1.3996
3,Distributed Heavy Compute,0,127,1270.0,14,3,3,4,4,88.58,82.83,HEAVY_CPU_LOAD,279.97,86.08,83.1,HEAVY_CPU_LOAD,277.25,85.7,88.37,HEAVY_CPU_LOAD,284.68,88.12,82.03,HEAVY_CPU_LOAD,278.19,90.47,84.51,HEAVY_CPU_LOAD,284.85,87.84,83.11,HEAVY_CPU_LOAD,279.47,87.6,86.65,HEAVY_CPU_LOAD,284.48,84.87,82.53,HEAVY_CPU_LOAD,274.88,88.85,88.44,HEAVY_CPU_LOAD,288.72,84.79,84.75,HEAVY_CPU_LOAD,278.11,28.44,50.0,237.6,0.3,22.0,COOLING,0.3,22.0,COOLING,0.3,22.0,COOLING,0.3,22.0,COOLING,22.466,21.816,22.026,21.984,22.073,22.466,21.816,0.65,1120.09,564.32,559.36,566.83,255.0,255.0,340.0,340.0,217.71,290.98,345.89,287.39,-130.07,96.44,-21.07,54.69,1050.0,1050.0,1050.0,1050.0,412.73,156.74,174.18,198.91,2810.6,1190.0,1141.97,4200.0,942.56,0.0,0.0,0.0,0.399,22.5,TARGETED_WEST_COMPUTE_COOL,1.4049
3,Distributed Heavy Compute,0,128,1280.0,14,3,3,4,4,89.64,87.27,HEAVY_CPU_LOAD,287.96,88.47,84.13,HEAVY_CPU_LOAD,281.78,86.96,85.89,HEAVY_CPU_LOAD,282.53,89.32,85.35,HEAVY_CPU_LOAD,284.67,89.39,83.64,HEAVY_CPU_LOAD,282.2,88.05,88.21,HEAVY_CPU_LOAD,287.38,86.99,85.27,HEAVY_CPU_LOAD,281.64,86.76,86.16,HEAVY_CPU_LOAD,282.69,88.33,86.23,HEAVY_CPU_LOAD,284.76,90.23,86.01,HEAVY_CPU_LOAD,286.8,28.44,50.0,237.8,0.3,22.0,COOLING,0.3,22.0,COOLING,0.3,22.0,COOLING,0.3,22.0,COOLING,22.475,21.819,22.03,21.988,22.078,22.475,21.819,0.656,1136.94,569.58,564.33,571.56,255.0,255.0,340.0,340.0,217.61,291.04,345.97,287.42,-131.12,97.12,-21.12,55.12,1050.0,1050.0,1050.0,1050.0,428.43,162.74,179.18,204.1,2842.41,1190.0,1142.04,4200.0,974.45,0.0,0.0,0.0,0.412,22.5,TARGETED_WEST_COMPUTE_COOL,1.413
3,Distributed Heavy Compute,0,129,1290.0,14,3,3,4,4,85.54,85.44,HEAVY_CPU_LOAD,280.09,87.83,84.04,HEAVY_CPU_LOAD,280.85,86.88,86.68,HEAVY_CPU_LOAD,283.62,85.18,86.69,HEAVY_CPU_LOAD,281.51,83.64,82.67,HEAVY_CPU_LOAD,273.56,88.96,82.23,HEAVY_CPU_LOAD,279.54,87.92,84.36,HEAVY_CPU_LOAD,281.44,87.91,83.57,HEAVY_CPU_LOAD,280.24,87.44,87.11,HEAVY_CPU_LOAD,284.97,87.23,81.89,HEAVY_CPU_LOAD,276.87,28.45,50.0,237.9,0.3,22.0,COOLING,0.3,22.0,COOLING,0.3,22.0,COOLING,0.3,22.0,COOLING,22.483,21.822,22.034,21.992,22.083,22.483,21.822,0.661,1126.07,553.1,561.68,561.84,255.0,255.0,340.0,340.0,217.67,291.26,346.19,287.62,-132.41,97.91,-21.16,55.66,1050.0,1050.0,1050.0,1050.0,416.33,147.27,176.71,195.12,2802.69,1190.0,1142.74,4200.0,935.43,0.0,0.0,0.0,0.421,22.5,TARGETED_WEST_COMPUTE_COOL,1.4213
3,Distributed Heavy Compute,0,130,1300.0,14,3,3,4,4,89.05,82.06,HEAVY_CPU_LOAD,279.4,90.08,86.87,HEAVY_CPU_LOAD,287.9,85.79,82.57,HEAVY_CPU_LOAD,276.09,86.71,83.46,HEAVY_CPU_LOAD,278.58,87.17,88.37,HEAVY_CPU_LOAD,286.52,85.82,84.84,HEAVY_CPU_LOAD,279.53,84.24,88.48,HEAVY_CPU_LOAD,283.02,88.7,86.99,HEAVY_CPU_LOAD,286.36,89.66,82.93,HEAVY_CPU_LOAD,281.47,85.71,88.35,HEAVY_CPU_LOAD,284.66,28.45,50.0,238.1,0.3,22.0,COOLING,0.3,22.0,COOLING,0.3,22.0,COOLING,0.3,22.0,COOLING,22.491,21.825,22.038,21.996,22.087,22.491,21.825,0.666,1121.97,566.05,569.38,566.13,255.0,255.0,340.0,340.0,217.58,291.31,346.28,287.66,-133.46,98.58,-21.2,56.08,1050.0,1050.0,1050.0,1050.0,411.09,160.94,184.46,199.87,2823.53,1190.0,1142.83,4200.0,956.36,0.0,0.0,0.0,0.428,22.5,TARGETED_WEST_COMPUTE_COOL,1.417
3,Distributed Heavy Compute,0,131,1310.0,14,3,3,4,4,84.04,87.52,HEAVY_CPU_LOAD,281.33,89.29,85.66,HEAVY_CPU_LOAD,285.1,88.17,86.92,HEAVY_CPU_LOAD,285.59,87.48,83.34,HEAVY_CPU_LOAD,279.36,87.58,87.84,HEAVY_CPU_LOAD,286.24,90.12,81.95,HEAVY_CPU_LOAD,280.57,84.84,87.48,HEAVY_CPU_LOAD,282.27,84.21,87.32,HEAVY_CPU_LOAD,281.24,89.82,83.09,HEAVY_CPU_LOAD,281.91,88.5,82.51,HEAVY_CPU_LOAD,279.39,28.45,50.0,238.2,0.3,22.0,COOLING,0.3,22.0,COOLING,0.3,22.0,COOLING,0.3,22.0,COOLING,22.5,21.828,22.042,22.0,22.093,22.5,21.828,0.672,1131.38,566.81,563.51,561.3,255.0,255.0,340.0,340.0,217.45,291.32,346.28,287.64,-134.51,99.26,-21.26,56.51,1050.0,1050.0,1050.0,1050.0,419.32,162.39,178.53,195.45,2823.0,1190.0,1142.69,4200.0,955.69,0.0,0.0,0.0,0.44,22.5,TARGETED_WEST_COMPUTE_COOL,1.4275
3,Distributed Heavy Compute,0,132,1320.0,14,3,3,4,4,90.34,88.08,HEAVY_CPU_LOAD,290.05,88.03,83.43,HEAVY_CPU_LOAD,280.18,86.19,87.45,HEAVY_CPU_LOAD,283.91,84.93,81.87,HEAVY_CPU_LOAD,273.97,84.57,82.0,HEAVY_CPU_LOAD,273.71,89.46,82.61,HEAVY_CPU_LOAD,280.74,89.83,82.09,HEAVY_CPU_LOAD,280.42,85.88,83.98,HEAVY_CPU_LOAD,278.32,88.65,88.26,HEAVY_CPU_LOAD,288.2,86.52,88.08,HEAVY_CPU_LOAD,285.27,28.46,50.0,238.3,0.3,22.0,COOLING,0.3,22.0,COOLING,0.3,22.0,COOLING,0.3,22.0,COOLING,22.508,21.831,22.046,22.004,22.097,22.508,21.831,0.677,1128.11,554.45,558.74,573.47,255.0,255.0,340.0,340.0,217.5,291.53,346.5,287.83,-135.79,100.04,-21.29,57.04,1050.0,1050.0,1050.0,1050.0,414.82,151.02,173.95,208.34,2814.77,1190.0,1143.36,4200.0,948.13,0.0,0.0,0.0,0.451,22.5,TARGETED_WEST_COMPUTE_COOL,1.435
3,Distributed Heavy Compute,0,133,1330.0,14,3,3,4,4,87.11,85.12,HEAVY_CPU_LOAD,281.57,89.07,81.94,HEAVY_CPU_LOAD,279.25,85.25,83.62,HEAVY_CPU_LOAD,276.99,85.44,86.87,HEAVY_CPU_LOAD,282.11,84.47,88.5,HEAVY_CPU_LOAD,283.34,88.48,81.73,HEAVY_CPU_LOAD,278.2,86.34,84.03,HEAVY_CPU_LOAD,278.97,88.43,86.28,HEAVY_CPU_LOAD,284.96,88.39,81.59,HEAVY_CPU_LOAD,277.87,87.3,85.21,HEAVY_CPU_LOAD,281.94,28.46,50.0,238.5,0.3,22.0,COOLING,0.3,22.0,COOLING,0.3,22.0,COOLING,0.3,22.0,COOLING,22.516,21.834,22.05,22.008,22.102,22.516,21.834,0.682,1119.92,561.54,563.93,559.81,255.0,255.0,340.0,340.0,217.41,291.58,346.59,287.86,-136.84,100.71,-21.34,57.46,1050.0,1050.0,1050.0,1050.0,405.49,158.83,179.18,195.13,2805.2,1190.0,1143.44,4200.0,938.63,0.0,0.0,0.0,0.458,22.5,TARGETED_WEST_COMPUTE_COOL,1.4346
3,Distributed Heavy Compute,0,134,1340.0,14,3,3,4,4,89.2,88.23,HEAVY_CPU_LOAD,288.85,86.93,82.91,HEAVY_CPU_LOAD,278.03,89.78,85.51,HEAVY_CPU_LOAD,285.49,84.56,83.85,HEAVY_CPU_LOAD,276.47,88.07,85.77,HEAVY_CPU_LOAD,283.74,85.97,84.9,HEAVY_CPU_LOAD,279.81,86.1,82.07,HEAVY_CPU_LOAD,275.73,84.66,81.75,HEAVY_CPU_LOAD,273.45,85.28,84.87,HEAVY_CPU_LOAD,278.9,86.4,82.07,HEAVY_CPU_LOAD,276.11,28.47,50.0,238.6,0.3,22.0,COOLING,0.3,22.0,COOLING,0.3,22.0,COOLING,0.3,22.0,COOLING,22.524,21.837,22.053,22.012,22.107,22.524,21.837,0.687,1128.84,563.55,549.18,555.01,255.0,255.0,340.0,340.0,217.48,291.79,346.8,288.05,-137.89,101.39,-21.39,57.89,1050.0,1050.0,1050.0,1050.0,413.43,161.73,164.59,190.95,2796.58,1190.0,1144.12,4200.0,930.7,0.0,0.0,0.0,0.468,22.5,TARGETED_WEST_COMPUTE_COOL,1.4436
3,Distributed Heavy Compute,0,135,1350.0,14,3,3,4,4,88.27,86.42,HEAVY_CPU_LOAD,284.97,90.29,86.88,HEAVY_CPU_LOAD,288.18,85.58,86.37,HEAVY_CPU_LOAD,281.53,86.38,86.56,HEAVY_CPU_LOAD,282.81,85.32,81.98,HEAVY_CPU_LOAD,274.62,89.86,88.4,HEAVY_CPU_LOAD,289.92,87.88,86.33,HEAVY_CPU_LOAD,284.35,84.99,81.95,HEAVY_CPU_LOAD,274.16,88.85,85.53,HEAVY_CPU_LOAD,284.36,84.85,85.57,HEAVY_CPU_LOAD,279.42,28.47,50.0,238.8,0.3,22.0,COOLING,0.3,22.0,COOLING,0.3,22.0,COOLING,0.3,22.0,COOLING,22.533,21.84,22.057,22.016,22.111,22.533,21.84,0.693,1137.49,564.54,558.51,563.78,255.0,255.0,340.0,340.0,217.39,291.86,346.92,288.1,-138.96,101.96,-21.21,58.21,1050.0,1050.0,1050.0,1050.0,420.92,163.36,174.22,200.09,2824.32,1190.0,1144.27,4200.0,958.59,0.0,0.0,0.0,0.48,22.5,TARGETED_WEST_COMPUTE_COOL,1.4522
3,Distributed Heavy Compute,0,136,1360.0,14,3,3,4,4,83.96,86.67,HEAVY_CPU_LOAD,279.95,87.6,81.61,HEAVY_CPU_LOAD,276.92,89.86,82.35,HEAVY_CPU_LOAD,280.85,83.82,82.07,HEAVY_CPU_LOAD,272.88,88.41,84.11,HEAVY_CPU_LOAD,281.68,85.37,88.2,HEAVY_CPU_LOAD,284.01,87.25,86.28,HEAVY_CPU_LOAD,283.48,85.47,81.97,HEAVY_CPU_LOAD,274.79,84.16,84.49,HEAVY_CPU_LOAD,276.94,86.76,84.64,HEAVY_CPU_LOAD,280.41,28.47,50.0,238.9,0.3,22.0,COOLING,0.3,22.0,COOLING,0.3,22.0,COOLING,0.3,22.0,COOLING,22.541,21.843,22.061,22.02,22.116,22.541,21.843,0.698,1110.6,565.69,558.27,557.35,255.0,255.0,340.0,340.0,217.24,291.85,346.92,288.07,-140.24,102.74,-21.24,58.74,1050.0,1050.0,1050.0,1050.0,392.6,165.28,173.95,194.16,2791.91,1190.0,1144.08,4200.0,925.99,0.0,0.0,0.0,0.485,22.5,TARGETED_WEST_COMPUTE_COOL,1.4482
3,Distributed Heavy Compute,0,137,1370.0,14,3,3,4,4,83.85,83.41,HEAVY_CPU_LOAD,274.93,87.05,88.37,HEAVY_CPU_LOAD,286.37,89.97,86.41,HEAVY_CPU_LOAD,287.08,85.55,87.08,HEAVY_CPU_LOAD,282.56,89.12,82.24,HEAVY_CPU_LOAD,279.76,83.76,83.25,HEAVY_CPU_LOAD,274.57,86.77,81.99,HEAVY_CPU_LOAD,276.45,89.41,87.69,HEAVY_CPU_LOAD,288.3,89.64,88.05,HEAVY_CPU_LOAD,289.12,84.31,82.48,HEAVY_CPU_LOAD,274.11,28.48,50.0,239.0,0.3,22.0,COOLING,0.3,22.0,COOLING,0.3,22.0,COOLING,0.3,22.0,COOLING,22.549,21.846,22.065,22.024,22.121,22.549,21.846,0.703,1130.94,554.33,564.75,563.23,255.0,255.0,340.0,340.0,217.31,292.08,347.13,288.27,-141.29,103.42,-21.29,59.17,1050.0,1050.0,1050.0,1050.0,411.96,154.83,180.59,200.67,2813.25,1190.0,1144.79,4200.0,948.05,0.0,0.0,0.0,0.499,22.5,TARGETED_WEST_COMPUTE_COOL,1.4645
3,Distributed Heavy Compute,0,138,1380.0,14,3,3,4,4,88.99,87.84,HEAVY_CPU_LOAD,288.0,86.74,86.37,HEAVY_CPU_LOAD,282.98,90.26,86.39,HEAVY_CPU_LOAD,287.41,88.07,81.9,HEAVY_CPU_LOAD,277.94,84.07,84.01,HEAVY_CPU_LOAD,276.1,88.87,88.44,HEAVY_CPU_LOAD,288.75,88.34,83.54,HEAVY_CPU_LOAD,280.74,84.05,82.55,HEAVY_CPU_LOAD,273.89,89.89,86.26,HEAVY_CPU_LOAD,286.75,84.1,86.04,HEAVY_CPU_LOAD,279.19,28.48,50.0,239.2,0.3,22.0,COOLING,0.3,22.0,COOLING,0.3,22.0,COOLING,0.3,22.0,COOLING,22.557,21.849,22.068,22.028,22.125,22.557,21.849,0.708,1136.33,564.85,554.63,565.94,255.0,255.0,340.0,340.0,217.22,292.13,347.22,288.3,-142.34,104.09,-21.34,59.59,1050.0,1050.0,1050.0,1050.0,416.21,166.07,170.51,203.83,2821.75,1190.0,1144.87,4200.0,956.62,0.0,0.0,0.0,0.508,22.5,TARGETED_WEST_COMPUTE_COOL,1.4684
3,Distributed Heavy Compute,0,139,1390.0,14,3,3,4,4,89.32,83.11,HEAVY_CPU_LOAD,281.31,87.87,84.72,HEAVY_CPU_LOAD,281.92,86.7,83.32,HEAVY_CPU_LOAD,278.36,89.72,88.4,HEAVY_CPU_LOAD,289.75,86.5,88.24,HEAVY_CPU_LOAD,285.49,88.69,87.34,HEAVY_CPU_LOAD,286.87,89.7,86.39,HEAVY_CPU_LOAD,286.71,87.37,85.07,HEAVY_CPU_LOAD,281.82,89.84,87.64,HEAVY_CPU_LOAD,288.76,84.76,87.64,HEAVY_CPU_LOAD,282.41,28.48,50.0,239.3,0.3,22.0,COOLING,0.3,22.0,COOLING,0.3,22.0,COOLING,0.3,22.0,COOLING,22.565,21.853,22.072,22.032,22.131,22.565,21.853,0.712,1131.34,572.36,568.53,571.17,255.0,255.0,340.0,340.0,217.08,292.13,347.25,288.28,-143.4,104.65,-21.16,59.91,1050.0,1050.0,1050.0,1050.0,410.02,174.14,184.62,209.36,2843.4,1190.0,1144.74,4200.0,978.14,0.0,0.0,0.0,0.516,22.5,TARGETED_WEST_COMPUTE_COOL,1.464
3,Distributed Heavy Compute,0,140,1400.0,14,3,3,4,4,85.04,82.69,HEAVY_CPU_LOAD,275.34,89.15,87.39,HEAVY_CPU_LOAD,287.52,90.48,87.92,HEAVY_CPU_LOAD,289.98,88.72,86.09,HEAVY_CPU_LOAD,285.03,89.89,85.81,HEAVY_CPU_LOAD,286.08,87.39,88.39,HEAVY_CPU_LOAD,286.82,88.17,82.66,HEAVY_CPU_LOAD,279.2,87.95,81.64,HEAVY_CPU_LOAD,277.4,84.45,87.18,HEAVY_CPU_LOAD,281.33,83.53,84.04,HEAVY_CPU_LOAD,275.47,28.49,50.0,239.4,0.3,22.0,COOLING,0.3,22.0,COOLING,0.3,22.0,COOLING,0.3,22.0,COOLING,22.573,21.857,22.076,22.036,22.136,22.573,21.857,0.716,1137.87,572.9,556.6,556.8,255.0,255.0,340.0,340.0,217.16,292.32,347.46,288.47,-144.35,105.09,-21.09,60.35,1050.0,1050.0,1050.0,1050.0,415.68,175.31,172.97,195.62,2824.17,1190.0,1145.41,4200.0,959.58,0.0,0.0,0.0,0.525,22.5,TARGETED_WEST_COMPUTE_COOL,1.4709
3,Distributed Heavy Compute,0,141,1410.0,14,3,3,4,4,88.3,82.18,HEAVY_CPU_LOAD,278.64,83.83,82.02,HEAVY_CPU_LOAD,272.82,89.98,86.53,HEAVY_CPU_LOAD,287.27,89.91,82.13,HEAVY_CPU_LOAD,280.58,88.4,83.16,HEAVY_CPU_LOAD,280.24,86.68,84.74,HEAVY_CPU_LOAD,280.46,86.04,88.46,HEAVY_CPU_LOAD,285.24,90.2,86.93,HEAVY_CPU_LOAD,288.14,84.13,84.32,HEAVY_CPU_LOAD,276.64,86.85,86.23,HEAVY_CPU_LOAD,282.91,28.49,50.0,239.6,0.3,22.0,COOLING,0.3,22.0,COOLING,0.3,22.0,COOLING,0.3,22.0,COOLING,22.581,21.86,22.08,22.04,22.14,22.581,21.86,0.721,1119.31,560.7,573.38,559.55,255.0,255.0,340.0,340.0,217.07,292.36,347.55,288.51,-145.29,105.54,-21.04,60.78,1050.0,1050.0,1050.0,1050.0,396.09,163.6,189.89,198.84,2812.94,1190.0,1145.49,4200.0,948.42,0.0,0.0,0.0,0.533,22.5,TARGETED_WEST_COMPUTE_COOL,1.4746
3,Distributed Heavy Compute,0,142,1420.0,14,3,3,4,4,87.92,83.71,HEAVY_CPU_LOAD,280.46,87.83,87.49,HEAVY_CPU_LOAD,286.02,86.82,81.96,HEAVY_CPU_LOAD,276.46,89.47,88.4,HEAVY_CPU_LOAD,289.44,88.14,88.17,HEAVY_CPU_LOAD,287.43,87.44,87.16,HEAVY_CPU_LOAD,285.04,83.6,81.57,HEAVY_CPU_LOAD,271.86,85.17,81.88,HEAVY_CPU_LOAD,274.28,88.14,83.54,HEAVY_CPU_LOAD,280.49,83.91,83.58,HEAVY_CPU_LOAD,275.26,28.49,50.0,239.7,0.3,22.0,COOLING,0.3,22.0,COOLING,0.3,22.0,COOLING,0.3,22.0,COOLING,22.589,21.864,22.083,22.044,22.145,22.589,21.864,0.725,1132.38,572.47,546.14,555.75,255.0,255.0,340.0,340.0,216.93,292.35,347.55,288.48,-146.34,106.21,-21.08,61.21,1050.0,1050.0,1050.0,1050.0,407.97,176.03,162.61,195.44,2806.74,1190.0,1145.31,4200.0,942.05,0.0,0.0,0.0,0.542,22.5,TARGETED_WEST_COMPUTE_COOL,1.4797
3,Distributed Heavy Compute,0,143,1430.0,14,3,3,4,4,83.95,88.2,HEAVY_CPU_LOAD,282.24,88.56,84.22,HEAVY_CPU_LOAD,282.03,85.19,81.61,HEAVY_CPU_LOAD,273.9,85.3,85.95,HEAVY_CPU_LOAD,280.55,88.89,87.24,HEAVY_CPU_LOAD,286.97,88.54,87.67,HEAVY_CPU_LOAD,287.18,88.12,81.64,HEAVY_CPU_LOAD,277.61,85.51,82.06,HEAVY_CPU_LOAD,274.98,87.62,84.15,HEAVY_CPU_LOAD,280.75,87.77,86.76,HEAVY_CPU_LOAD,284.85,28.5,50.0,239.9,0.3,22.0,COOLING,0.3,22.0,COOLING,0.3,22.0,COOLING,0.3,22.0,COOLING,22.597,21.868,22.086,22.048,22.15,22.597,21.868,0.729,1118.72,574.15,552.59,565.6,255.0,255.0,340.0,340.0,217.05,292.61,347.88,288.74,-147.29,106.54,-20.79,61.54,1050.0,1050.0,1050.0,1050.0,393.48,178.3,169.68,205.88,2811.06,1190.0,1146.28,4200.0,947.34,0.0,0.0,0.0,0.549,22.5,TARGETED_WEST_COMPUTE_COOL,1.4762
3,Distributed Heavy Compute,0,144,1440.0,14,3,3,4,4,88.96,87.61,HEAVY_CPU_LOAD,287.62,85.94,85.22,HEAVY_CPU_LOAD,280.25,86.93,82.28,HEAVY_CPU_LOAD,277.08,87.32,87.36,HEAVY_CPU_LOAD,285.19,85.3,85.32,HEAVY_CPU_LOAD,279.61,86.47,81.57,HEAVY_CPU_LOAD,275.44,88.02,85.03,HEAVY_CPU_LOAD,282.57,85.25,81.53,HEAVY_CPU_LOAD,273.86,89.2,86.95,HEAVY_CPU_LOAD,286.93,86.22,83.04,HEAVY_CPU_LOAD,277.33,28.5,50.0,240.0,0.3,22.0,COOLING,0.3,22.0,COOLING,0.3,22.0,COOLING,0.3,22.0,COOLING,22.605,21.871,22.09,22.052,22.154,22.605,21.871,0.734,1130.14,555.05,556.43,564.26,255.0,255.0,340.0,340.0,216.91,292.59,347.9,288.72,-148.25,106.87,-20.49,61.87,1050.0,1050.0,1050.0,1050.0,403.8,159.51,173.84,204.85,2805.88,1190.0,1146.12,4200.0,942.0,0.0,0.0,0.0,0.562,22.5,TARGETED_WEST_COMPUTE_COOL,1.4959
3,Distributed Heavy Compute,0,145,1450.0,14,3,3,4,4,87.2,87.14,HEAVY_CPU_LOAD,284.71,89.7,87.79,HEAVY_CPU_LOAD,288.81,86.22,82.58,HEAVY_CPU_LOAD,276.64,87.84,81.58,HEAVY_CPU_LOAD,277.17,85.95,83.0,HEAVY_CPU_LOAD,276.94,83.68,87.22,HEAVY_CPU_LOAD,280.43,90.21,86.63,HEAVY_CPU_LOAD,287.71,89.09,84.18,HEAVY_CPU_LOAD,282.63,84.73,86.14,HEAVY_CPU_LOAD,280.12,85.26,83.24,HEAVY_CPU_LOAD,276.43,28.5,50.0,240.1,0.3,22.0,COOLING,0.3,22.0,COOLING,0.3,22.0,COOLING,0.3,22.0,COOLING,22.613,21.874,22.094,22.056,22.159,22.613,21.874,0.739,1127.33,557.37,570.34,556.55,255.0,255.0,340.0,340.0,216.78,292.58,347.9,288.69,-149.3,107.55,-20.55,62.3,1050.0,1050.0,1050.0,1050.0,399.81,162.5,187.69,197.54,2811.59,1190.0,1145.95,4200.0,947.54,0.0,0.0,0.0,0.57,22.5,TARGETED_WEST_COMPUTE_COOL,1.5008
3,Distributed Heavy Compute,0,146,1460.0,14,3,3,4,4,88.98,87.07,HEAVY_CPU_LOAD,286.83,84.5,85.64,HEAVY_CPU_LOAD,279.09,88.29,87.08,HEAVY_CPU_LOAD,285.98,90.21,82.84,HEAVY_CPU_LOAD,282.02,88.64,83.07,HEAVY_CPU_LOAD,280.4,86.6,86.57,HEAVY_CPU_LOAD,283.11,83.68,82.48,HEAVY_CPU_LOAD,273.32,88.61,87.18,HEAVY_CPU_LOAD,286.53,87.76,85.98,HEAVY_CPU_LOAD,283.67,89.62,86.34,HEAVY_CPU_LOAD,286.54,28.51,50.0,240.3,0.3,22.0,COOLING,0.3,22.0,COOLING,0.3,22.0,COOLING,0.3,22.0,COOLING,22.621,21.877,22.098,22.06,22.164,22.621,21.877,0.744,1133.92,563.51,559.85,570.21,255.0,255.0,340.0,340.0,216.9,292.86,348.2,288.95,-150.34,108.22,-20.6,62.72,1050.0,1050.0,1050.0,1050.0,405.48,169.59,177.45,211.88,2827.49,1190.0,1146.91,4200.0,964.4,0.0,0.0,0.0,0.581,22.5,TARGETED_WEST_COMPUTE_COOL,1.5071
3,Distributed Heavy Compute,0,147,1470.0,14,3,3,4,4,86.66,85.22,HEAVY_CPU_LOAD,281.15,84.08,83.41,HEAVY_CPU_LOAD,275.21,85.84,84.02,HEAVY_CPU_LOAD,278.33,89.07,86.58,HEAVY_CPU_LOAD,286.21,84.38,86.05,HEAVY_CPU_LOAD,279.55,85.15,87.92,HEAVY_CPU_LOAD,283.32,87.94,86.86,HEAVY_CPU_LOAD,285.22,86.37,84.76,HEAVY_CPU_LOAD,280.1,84.54,86.63,HEAVY_CPU_LOAD,280.62,89.61,85.86,HEAVY_CPU_LOAD,285.8,28.51,50.0,240.4,0.3,22.0,COOLING,0.3,22.0,COOLING,0.3,22.0,COOLING,0.3,22.0,COOLING,22.629,21.88,22.102,22.064,22.169,22.629,21.88,0.749,1120.9,562.87,565.32,566.42,255.0,255.0,340.0,340.0,216.76,292.86,348.21,288.93,-151.39,108.89,-20.65,63.15,1050.0,1050.0,1050.0,1050.0,391.27,169.62,182.88,208.5,2815.51,1190.0,1146.76,4200.0,952.27,0.0,0.0,0.0,0.588,22.5,TARGETED_WEST_COMPUTE_COOL,1.51
3,Distributed Heavy Compute,0,148,1480.0,14,3,3,4,4,86.77,84.56,HEAVY_CPU_LOAD,280.3,86.22,84.37,HEAVY_CPU_LOAD,279.33,88.36,82.2,HEAVY_CPU_LOAD,278.75,84.76,85.57,HEAVY_CPU_LOAD,279.3,87.17,85.6,HEAVY_CPU_LOAD,282.36,90.14,82.1,HEAVY_CPU_LOAD,280.82,88.24,87.75,HEAVY_CPU_LOAD,286.93,83.58,87.89,HEAVY_CPU_LOAD,281.31,89.72,87.07,HEAVY_CPU_LOAD,287.75,89.15,81.77,HEAVY_CPU_LOAD,279.09,28.51,50.0,240.6,0.3,22.0,COOLING,0.3,22.0,COOLING,0.3,22.0,COOLING,0.3,22.0,COOLING,22.637,21.883,22.106,22.068,22.174,22.637,21.883,0.754,1117.68,563.18,568.24,566.84,255.0,255.0,340.0,340.0,216.66,292.93,348.29,288.97,-152.45,109.57,-20.7,63.57,1050.0,1050.0,1050.0,1050.0,386.89,170.68,185.83,209.38,2815.94,1190.0,1146.85,4200.0,952.78,0.0,0.0,0.0,0.597,22.5,TARGETED_WEST_COMPUTE_COOL,1.5162
3,Distributed Heavy Compute,0,149,1490.0,14,3,3,4,4,85.65,86.64,HEAVY_CPU_LOAD,282.02,88.88,84.2,HEAVY_CPU_LOAD,282.4,89.31,87.58,HEAVY_CPU_LOAD,288.01,85.08,85.39,HEAVY_CPU_LOAD,279.44,86.78,85.8,HEAVY_CPU_LOAD,282.18,89.32,84.95,HEAVY_CPU_LOAD,284.07,84.69,81.87,HEAVY_CPU_LOAD,273.67,86.36,82.55,HEAVY_CPU_LOAD,276.77,89.5,81.82,HEAVY_CPU_LOAD,279.61,89.32,81.81,HEAVY_CPU_LOAD,279.37,28.52,50.0,240.7,0.3,22.0,COOLING,0.3,22.0,COOLING,0.3,22.0,COOLING,0.3,22.0,COOLING,22.645,21.887,22.109,22.072,22.178,22.645,21.887,0.758,1131.87,566.25,550.44,558.98,255.0,255.0,340.0,340.0,216.74,293.14,348.51,289.16,-153.5,110.25,-20.75,63.99,1050.0,1050.0,1050.0,1050.0,400.11,174.64,168.2,202.13,2807.54,1190.0,1147.55,4200.0,945.08,0.0,0.0,0.0,0.607,22.5,TARGETED_WEST_COMPUTE_COOL,1.5269
3,Distributed Heavy Compute,0,150,1500.0,14,3,3,4,4,88.89,88.04,HEAVY_CPU_LOAD,288.17,84.91,86.9,HEAVY_CPU_LOAD,281.49,83.85,87.98,HEAVY_CPU_LOAD,281.78,86.51,83.33,HEAVY_CPU_LOAD,278.13,88.97,83.98,HEAVY_CPU_LOAD,282.18,85.18,82.24,HEAVY_CPU_LOAD,274.84,90.42,87.52,HEAVY_CPU_LOAD,289.31,85.09,84.56,HEAVY_CPU_LOAD,278.2,89.14,82.16,HEAVY_CPU_LOAD,279.67,89.2,88.0,HEAVY_CPU_LOAD,288.5,28.52,50.0,240.8,0.3,22.0,COOLING,0.3,22.0,COOLING,0.3,22.0,COOLING,0.3,22.0,COOLING,22.653,21.89,22.113,22.076,22.183,22.653,21.89,0.763,1129.57,557.02,567.51,568.17,255.0,255.0,340.0,340.0,216.61,293.11,348.54,289.13,-154.45,110.58,-20.45,64.33,1050.0,1050.0,1050.0,1050.0,396.73,165.71,185.6,211.63,2822.27,1190.0,1147.39,4200.0,959.67,0.0,0.0,0.0,0.617,22.5,TARGETED_WEST_COMPUTE_COOL,1.5366
3,Distributed Heavy Compute,0,151,1510.0,14,3,3,4,4,88.66,81.62,HEAVY_CPU_LOAD,278.25,84.02,84.01,HEAVY_CPU_LOAD,276.04,90.45,83.18,HEAVY_CPU_LOAD,282.83,84.59,86.29,HEAVY_CPU_LOAD,280.17,86.32,83.0,HEAVY_CPU_LOAD,277.4,89.55,88.44,HEAVY_CPU_LOAD,289.6,89.27,84.11,HEAVY_CPU_LOAD,282.75,87.21,83.99,HEAVY_CPU_LOAD,280.0,84.14,84.45,HEAVY_CPU_LOAD,276.85,85.76,82.32,HEAVY_CPU_LOAD,275.68,28.52,50.0,241.0,0.3,22.0,COOLING,0.3,22.0,COOLING,0.3,22.0,COOLING,0.3,22.0,COOLING,22.661,21.894,22.117,22.08,22.188,22.661,21.894,0.767,1117.29,567.0,562.75,552.53,255.0,255.0,340.0,340.0,216.52,293.16,348.63,289.17,-155.5,111.25,-20.5,64.75,1050.0,1050.0,1050.0,1050.0,383.31,176.41,180.88,196.45,2799.57,1190.0,1147.48,4200.0,937.05,0.0,0.0,0.0,0.623,22.5,TARGETED_WEST_COMPUTE_COOL,1.5339
3,Distributed Heavy Compute,0,152,1520.0,14,3,3,4,4,90.11,83.19,HEAVY_CPU_LOAD,282.42,86.95,86.39,HEAVY_CPU_LOAD,283.27,86.16,86.39,HEAVY_CPU_LOAD,282.28,84.61,82.92,HEAVY_CPU_LOAD,275.14,86.14,88.45,HEAVY_CPU_LOAD,285.35,87.67,82.21,HEAVY_CPU_LOAD,277.9,89.66,87.56,HEAVY_CPU_LOAD,288.41,87.71,87.86,HEAVY_CPU_LOAD,286.43,84.25,88.49,HEAVY_CPU_LOAD,283.05,89.12,83.77,HEAVY_CPU_LOAD,282.06,28.53,50.0,241.1,0.3,22.0,COOLING,0.3,22.0,COOLING,0.3,22.0,COOLING,0.3,22.0,COOLING,22.669,21.898,22.121,22.084,22.193,22.669,21.898,0.771,1123.11,563.25,574.84,565.11,255.0,255.0,340.0,340.0,216.59,293.36,348.84,289.37,-156.44,111.69,-20.44,65.19,1050.0,1050.0,1050.0,1050.0,388.26,173.3,193.24,209.67,2826.31,1190.0,1148.16,4200.0,964.47,0.0,0.0,0.0,0.633,22.5,TARGETED_WEST_COMPUTE_COOL,1.5409
3,Distributed Heavy Compute,0,153,1530.0,14,3,3,4,4,83.75,83.71,HEAVY_CPU_LOAD,275.25,87.68,83.92,HEAVY_CPU_LOAD,280.48,85.54,86.57,HEAVY_CPU_LOAD,281.78,84.02,85.9,HEAVY_CPU_LOAD,278.88,86.04,87.2,HEAVY_CPU_LOAD,283.35,83.94,82.97,HEAVY_CPU_LOAD,274.38,89.51,86.07,HEAVY_CPU_LOAD,285.99,89.11,84.66,HEAVY_CPU_LOAD,283.38,83.78,88.08,HEAVY_CPU_LOAD,281.85,84.52,84.98,HEAVY_CPU_LOAD,278.12,28.53,50.0,241.2,0.3,22.0,COOLING,0.3,22.0,COOLING,0.3,22.0,COOLING,0.3,22.0,COOLING,22.677,21.901,22.125,22.088,22.198,22.677,21.901,0.776,1116.39,557.73,569.37,559.97,255.0,255.0,340.0,340.0,216.46,293.34,348.84,289.34,-157.38,112.13,-20.38,65.63,1050.0,1050.0,1050.0,1050.0,380.47,168.2,187.83,204.94,2803.46,1190.0,1147.98,4200.0,941.44,0.0,0.0,0.0,0.642,22.5,TARGETED_WEST_COMPUTE_COOL,1.5506
3,Distributed Heavy Compute,0,154,1540.0,14,3,3,4,4,88.97,83.42,HEAVY_CPU_LOAD,281.34,83.72,87.15,HEAVY_CPU_LOAD,280.38,86.59,86.84,HEAVY_CPU_LOAD,283.5,84.68,82.73,HEAVY_CPU_LOAD,274.95,89.28,82.85,HEAVY_CPU_LOAD,280.88,83.78,81.88,HEAVY_CPU_LOAD,272.54,86.83,82.09,HEAVY_CPU_LOAD,276.67,83.69,87.68,HEAVY_CPU_LOAD,281.13,85.21,87.52,HEAVY_CPU_LOAD,282.79,85.04,83.25,HEAVY_CPU_LOAD,276.18,28.53,50.0,241.4,0.3,22.0,COOLING,0.3,22.0,COOLING,0.3,22.0,COOLING,0.3,22.0,COOLING,22.685,21.904,22.129,22.092,22.203,22.685,21.904,0.781,1120.17,553.42,557.8,558.97,255.0,255.0,340.0,340.0,216.36,293.4,348.93,289.38,-158.43,112.81,-20.43,66.05,1050.0,1050.0,1050.0,1050.0,383.1,164.63,176.3,204.4,2790.36,1190.0,1148.07,4200.0,928.43,0.0,0.0,0.0,0.652,22.5,TARGETED_WEST_COMPUTE_COOL,1.5638
3,Distributed Heavy Compute,0,155,1550.0,14,3,3,4,4,84.59,84.64,HEAVY_CPU_LOAD,277.7,84.17,82.17,HEAVY_CPU_LOAD,273.47,84.67,86.4,HEAVY_CPU_LOAD,280.44,84.97,85.81,HEAVY_CPU_LOAD,279.93,87.84,87.23,HEAVY_CPU_LOAD,285.64,86.59,83.16,HEAVY_CPU_LOAD,277.98,83.83,84.25,HEAVY_CPU_LOAD,276.16,83.59,81.76,HEAVY_CPU_LOAD,272.13,90.42,87.81,HEAVY_CPU_LOAD,289.74,86.42,85.84,HEAVY_CPU_LOAD,281.78,28.54,50.0,241.5,0.3,22.0,COOLING,0.3,22.0,COOLING,0.3,22.0,COOLING,0.3,22.0,COOLING,22.693,21.908,22.132,22.096,22.207,22.693,21.908,0.785,1111.54,563.62,548.29,571.52,255.0,255.0,340.0,340.0,216.44,293.61,349.15,289.57,-159.48,113.48,-20.48,66.48,1050.0,1050.0,1050.0,1050.0,373.5,175.71,166.96,217.57,2794.97,1190.0,1148.77,4200.0,933.74,0.0,0.0,0.0,0.659,22.5,TARGETED_WEST_COMPUTE_COOL,1.5612
3,Distributed Heavy Compute,0,156,1560.0,14,3,3,4,4,89.03,82.99,HEAVY_CPU_LOAD,280.77,83.68,88.32,HEAVY_CPU_LOAD,282.08,84.9,83.43,HEAVY_CPU_LOAD,276.27,84.68,86.48,HEAVY_CPU_LOAD,280.57,83.83,87.99,HEAVY_CPU_LOAD,281.77,89.87,84.94,HEAVY_CPU_LOAD,284.75,87.0,88.43,HEAVY_CPU_LOAD,286.39,89.72,82.04,HEAVY_CPU_LOAD,280.21,89.57,87.31,HEAVY_CPU_LOAD,287.93,87.78,84.05,HEAVY_CPU_LOAD,280.8,28.54,50.0,241.7,0.3,22.0,COOLING,0.3,22.0,COOLING,0.3,22.0,COOLING,0.3,22.0,COOLING,22.701,21.912,22.136,22.1,22.212,22.701,21.912,0.789,1119.69,566.52,566.6,568.73,255.0,255.0,340.0,340.0,216.35,293.65,349.26,289.61,-160.44,113.81,-20.19,66.81,1050.0,1050.0,1050.0,1050.0,380.6,178.98,185.67,215.15,2821.54,1190.0,1148.87,4200.0,960.4,0.0,0.0,0.0,0.669,22.5,TARGETED_WEST_COMPUTE_COOL,1.5683
3,Distributed Heavy Compute,0,157,1570.0,14,3,3,4,4,87.97,85.24,HEAVY_CPU_LOAD,282.82,84.95,88.17,HEAVY_CPU_LOAD,283.44,85.15,87.99,HEAVY_CPU_LOAD,283.42,85.06,84.69,HEAVY_CPU_LOAD,278.36,86.66,84.92,HEAVY_CPU_LOAD,280.7,85.8,87.66,HEAVY_CPU_LOAD,283.74,84.37,87.09,HEAVY_CPU_LOAD,281.1,86.14,88.43,HEAVY_CPU_LOAD,285.32,89.68,84.73,HEAVY_CPU_LOAD,284.2,84.34,85.19,HEAVY_CPU_LOAD,278.21,28.55,50.0,241.8,0.3,22.0,COOLING,0.3,22.0,COOLING,0.3,22.0,COOLING,0.3,22.0,COOLING,22.709,21.916,22.14,22.104,22.217,22.709,21.916,0.793,1128.04,564.44,566.42,562.41,255.0,255.0,340.0,340.0,216.42,293.84,349.47,289.79,-161.38,114.25,-20.12,67.25,1050.0,1050.0,1050.0,1050.0,388.08,177.53,185.77,209.45,2821.31,1190.0,1149.52,4200.0,960.83,0.0,0.0,0.0,0.679,22.5,TARGETED_WEST_COMPUTE_COOL,1.5793
3,Distributed Heavy Compute,0,158,1580.0,14,3,3,4,4,83.92,83.61,HEAVY_CPU_LOAD,275.31,89.42,84.72,HEAVY_CPU_LOAD,283.86,85.18,86.76,HEAVY_CPU_LOAD,281.62,85.92,84.58,HEAVY_CPU_LOAD,279.27,83.99,82.16,HEAVY_CPU_LOAD,273.23,84.38,87.3,HEAVY_CPU_LOAD,281.42,85.09,83.02,HEAVY_CPU_LOAD,275.89,83.8,83.86,HEAVY_CPU_LOAD,275.54,83.65,81.81,HEAVY_CPU_LOAD,272.28,85.47,86.38,HEAVY_CPU_LOAD,281.41,28.55,50.0,241.9,0.3,22.0,COOLING,0.3,22.0,COOLING,0.3,22.0,COOLING,0.3,22.0,COOLING,22.717,21.919,22.143,22.108,22.222,22.717,21.919,0.798,1120.06,554.65,551.43,553.69,255.0,255.0,340.0,340.0,216.29,293.82,349.47,289.78,-162.31,114.69,-20.07,67.69,1050.0,1050.0,1050.0,1050.0,379.04,168.16,170.83,201.16,2779.83,1190.0,1149.36,4200.0,919.19,0.0,0.0,0.0,0.687,22.5,TARGETED_WEST_COMPUTE_COOL,1.5927
3,Distributed Heavy Compute,0,159,1590.0,14,3,3,4,4,88.66,82.37,HEAVY_CPU_LOAD,279.38,84.35,82.1,HEAVY_CPU_LOAD,273.59,88.31,81.8,HEAVY_CPU_LOAD,278.09,89.99,88.47,HEAVY_CPU_LOAD,290.19,89.13,87.18,HEAVY_CPU_LOAD,287.18,87.29,83.49,HEAVY_CPU_LOAD,279.35,85.03,87.84,HEAVY_CPU_LOAD,283.05,86.94,86.2,HEAVY_CPU_LOAD,282.98,89.29,84.14,HEAVY_CPU_LOAD,282.82,84.83,87.97,HEAVY_CPU_LOAD,282.99,28.55,50.0,242.1,0.3,22.0,COOLING,0.3,22.0,COOLING,0.3,22.0,COOLING,0.3,22.0,COOLING,22.725,21.923,22.147,22.112,22.227,22.725,21.923,0.802,1121.25,566.53,566.03,565.81,255.0,255.0,340.0,340.0,216.2,293.88,349.59,289.81,-163.38,115.25,-19.88,68.0,1050.0,1050.0,1050.0,1050.0,379.07,180.66,185.74,213.62,2819.62,1190.0,1149.48,4200.0,959.09,0.0,0.0,0.0,0.696,22.5,TARGETED_WEST_COMPUTE_COOL,1.5923
3,Distributed Heavy Compute,0,160,1600.0,14,3,3,4,4,85.94,87.08,HEAVY_CPU_LOAD,283.05,86.56,84.92,HEAVY_CPU_LOAD,280.58,86.98,83.87,HEAVY_CPU_LOAD,279.53,84.33,87.77,HEAVY_CPU_LOAD,282.07,86.36,85.52,HEAVY_CPU_LOAD,281.23,84.18,86.26,HEAVY_CPU_LOAD,279.62,90.49,84.84,HEAVY_CPU_LOAD,285.37,89.65,87.22,HEAVY_CPU_LOAD,287.89,84.18,87.2,HEAVY_CPU_LOAD,281.03,84.7,83.76,HEAVY_CPU_LOAD,276.51,28.56,50.0,242.2,0.3,22.0,COOLING,0.3,22.0,COOLING,0.3,22.0,COOLING,0.3,22.0,COOLING,22.733,21.927,22.151,22.116,22.232,22.733,21.927,0.806,1125.23,560.85,573.26,557.54,255.0,255.0,340.0,340.0,216.28,294.08,349.8,290.01,-164.32,115.7,-19.82,68.45,1050.0,1050.0,1050.0,1050.0,382.19,175.63,193.24,206.0,2816.88,1190.0,1150.17,4200.0,957.06,0.0,0.0,0.0,0.705,22.5,TARGETED_WEST_COMPUTE_COOL,1.6036
3,Distributed Heavy Compute,0,161,1610.0,14,3,3,4,4,84.45,86.72,HEAVY_CPU_LOAD,280.64,86.92,87.71,HEAVY_CPU_LOAD,285.21,85.45,84.79,HEAVY_CPU_LOAD,279.0,85.43,85.74,HEAVY_CPU_LOAD,280.4,87.34,86.12,HEAVY_CPU_LOAD,283.36,83.55,85.99,HEAVY_CPU_LOAD,278.42,85.79,87.42,HEAVY_CPU_LOAD,283.37,85.57,85.12,HEAVY_CPU_LOAD,279.64,85.63,82.03,HEAVY_CPU_LOAD,275.08,83.85,83.85,HEAVY_CPU_LOAD,275.59,28.56,50.0,242.4,0.3,22.0,COOLING,0.3,22.0,COOLING,0.3,22.0,COOLING,0.3,22.0,COOLING,22.741,21.931,22.155,22.12,22.237,22.741,21.931,0.81,1125.25,561.78,563.01,550.67,255.0,255.0,340.0,340.0,216.18,294.11,349.89,290.05,-165.26,116.14,-19.76,68.89,1050.0,1050.0,1050.0,1050.0,381.17,177.03,183.14,199.61,2800.71,1190.0,1150.23,4200.0,940.95,0.0,0.0,0.0,0.713,22.5,TARGETED_WEST_COMPUTE_COOL,1.6114
3,Distributed Heavy Compute,0,162,1620.0,14,3,3,4,4,86.51,82.14,HEAVY_CPU_LOAD,276.35,89.87,86.31,HEAVY_CPU_LOAD,286.8,89.94,82.59,HEAVY_CPU_LOAD,281.31,88.59,85.73,HEAVY_CPU_LOAD,284.33,88.07,86.85,HEAVY_CPU_LOAD,285.36,83.52,85.54,HEAVY_CPU_LOAD,277.71,90.28,87.02,HEAVY_CPU_LOAD,288.38,85.07,87.25,HEAVY_CPU_LOAD,282.21,90.05,85.47,HEAVY_CPU_LOAD,285.77,88.66,83.23,HEAVY_CPU_LOAD,280.67,28.56,50.0,242.5,0.3,22.0,COOLING,0.3,22.0,COOLING,0.3,22.0,COOLING,0.3,22.0,COOLING,22.749,21.935,22.159,22.124,22.242,22.749,21.935,0.814,1128.79,563.07,570.59,566.44,255.0,255.0,340.0,340.0,216.05,294.08,349.9,290.02,-166.2,116.57,-19.7,69.32,1050.0,1050.0,1050.0,1050.0,383.64,178.72,190.79,215.78,2828.89,1190.0,1150.05,4200.0,968.93,0.0,0.0,0.0,0.723,22.5,TARGETED_WEST_COMPUTE_COOL,1.6177
3,Distributed Heavy Compute,0,163,1630.0,14,3,3,4,4,88.83,86.94,HEAVY_CPU_LOAD,286.45,86.15,87.34,HEAVY_CPU_LOAD,283.7,89.55,87.21,HEAVY_CPU_LOAD,287.75,86.13,83.07,HEAVY_CPU_LOAD,277.27,87.44,84.95,HEAVY_CPU_LOAD,281.73,88.34,85.22,HEAVY_CPU_LOAD,283.25,90.11,84.68,HEAVY_CPU_LOAD,284.66,87.02,85.2,HEAVY_CPU_LOAD,281.57,85.56,85.08,HEAVY_CPU_LOAD,279.57,87.69,81.85,HEAVY_CPU_LOAD,277.39,28.57,50.0,242.6,0.3,22.0,COOLING,0.3,22.0,COOLING,0.3,22.0,COOLING,0.3,22.0,COOLING,22.757,21.939,22.163,22.128,22.247,22.757,21.939,0.818,1135.17,564.98,566.23,556.96,255.0,255.0,340.0,340.0,216.12,294.27,350.11,290.21,-167.14,117.02,-19.64,69.77,1050.0,1050.0,1050.0,1050.0,389.15,181.27,186.7,206.94,2823.34,1190.0,1150.71,4200.0,964.06,0.0,0.0,0.0,0.732,22.5,TARGETED_WEST_COMPUTE_COOL,1.628
3,Distributed Heavy Compute,0,164,1640.0,14,3,3,4,4,83.77,84.74,HEAVY_CPU_LOAD,276.82,90.23,85.24,HEAVY_CPU_LOAD,285.65,87.74,84.79,HEAVY_CPU_LOAD,281.86,87.26,84.22,HEAVY_CPU_LOAD,280.4,84.6,83.29,HEAVY_CPU_LOAD,275.69,90.25,84.12,HEAVY_CPU_LOAD,283.99,86.77,81.6,HEAVY_CPU_LOAD,275.86,89.85,85.33,HEAVY_CPU_LOAD,285.31,84.13,83.43,HEAVY_CPU_LOAD,275.31,89.45,86.28,HEAVY_CPU_LOAD,286.23,28.57,50.0,242.8,0.3,22.0,COOLING,0.3,22.0,COOLING,0.3,22.0,COOLING,0.3,22.0,COOLING,22.765,21.943,22.167,22.132,22.252,22.765,21.943,0.822,1124.73,559.68,561.17,561.54,255.0,255.0,340.0,340.0,216.03,294.32,350.2,290.25,-168.08,117.46,-19.58,70.21,1050.0,1050.0,1050.0,1050.0,377.68,176.46,181.79,212.0,2807.12,1190.0,1150.8,4200.0,947.93,0.0,0.0,0.0,0.74,22.5,TARGETED_WEST_COMPUTE_COOL,1.6335
3,Distributed Heavy Compute,0,165,1650.0,14,3,3,4,4,87.66,81.72,HEAVY_CPU_LOAD,277.15,87.51,82.93,HEAVY_CPU_LOAD,278.78,85.11,85.82,HEAVY_CPU_LOAD,280.12,88.8,83.07,HEAVY_CPU_LOAD,280.6,88.93,82.56,HEAVY_CPU_LOAD,280.0,88.88,88.23,HEAVY_CPU_LOAD,288.44,86.85,87.02,HEAVY_CPU_LOAD,284.09,83.67,81.83,HEAVY_CPU_LOAD,272.33,89.82,83.8,HEAVY_CPU_LOAD,282.97,83.67,82.19,HEAVY_CPU_LOAD,272.87,28.57,50.0,242.9,0.3,22.0,COOLING,0.3,22.0,COOLING,0.3,22.0,COOLING,0.3,22.0,COOLING,22.773,21.947,22.171,22.136,22.257,22.773,21.947,0.826,1116.65,568.44,556.42,555.84,255.0,255.0,340.0,340.0,215.9,294.29,350.2,290.23,-169.02,117.89,-19.52,70.64,1050.0,1050.0,1050.0,1050.0,368.53,185.62,177.1,206.71,2797.35,1190.0,1150.62,4200.0,937.96,0.0,0.0,0.0,0.747,22.5,TARGETED_WEST_COMPUTE_COOL,1.6347
3,Distributed Heavy Compute,0,166,1660.0,14,3,3,4,4,86.42,83.84,HEAVY_CPU_LOAD,278.78,90.44,82.18,HEAVY_CPU_LOAD,281.32,88.1,85.06,HEAVY_CPU_LOAD,282.72,84.84,83.05,HEAVY_CPU_LOAD,275.62,89.68,87.48,HEAVY_CPU_LOAD,288.32,90.23,86.68,HEAVY_CPU_LOAD,287.81,85.61,81.57,HEAVY_CPU_LOAD,274.37,90.15,84.15,HEAVY_CPU_LOAD,283.91,86.12,85.0,HEAVY_CPU_LOAD,280.15,87.49,81.55,HEAVY_CPU_LOAD,276.69,28.58,50.0,243.1,0.3,22.0,COOLING,0.3,22.0,COOLING,0.3,22.0,COOLING,0.3,22.0,COOLING,22.781,21.951,22.175,22.14,22.262,22.781,21.951,0.83,1118.44,576.13,558.28,556.84,255.0,255.0,340.0,340.0,216.01,294.55,350.5,290.49,-169.96,118.34,-19.46,71.09,1050.0,1050.0,1050.0,1050.0,369.49,194.02,179.32,208.42,2809.69,1190.0,1151.55,4200.0,951.25,0.0,0.0,0.0,0.755,22.5,TARGETED_WEST_COMPUTE_COOL,1.6398
3,Distributed Heavy Compute,0,167,1670.0,14,3,3,4,4,90.4,83.06,HEAVY_CPU_LOAD,282.59,83.61,83.61,HEAVY_CPU_LOAD,274.93,84.09,87.4,HEAVY_CPU_LOAD,281.21,87.7,83.51,HEAVY_CPU_LOAD,279.89,88.98,86.42,HEAVY_CPU_LOAD,285.86,85.99,87.42,HEAVY_CPU_LOAD,283.62,89.5,84.68,HEAVY_CPU_LOAD,283.89,85.22,84.83,HEAVY_CPU_LOAD,278.77,86.84,84.82,HEAVY_CPU_LOAD,280.78,87.8,86.9,HEAVY_CPU_LOAD,285.1,28.58,50.0,243.2,0.3,22.0,COOLING,0.3,22.0,COOLING,0.3,22.0,COOLING,0.3,22.0,COOLING,22.789,21.955,22.179,22.144,22.267,22.789,21.955,0.834,1118.62,569.48,562.66,565.88,255.0,255.0,340.0,340.0,215.88,294.52,350.51,290.46,-170.9,118.77,-19.4,71.52,1050.0,1050.0,1050.0,1050.0,368.6,187.77,183.77,217.86,2816.64,1190.0,1151.37,4200.0,958.0,0.0,0.0,0.0,0.765,22.5,TARGETED_WEST_COMPUTE_COOL,1.6502
3,Distributed Heavy Compute,0,168,1680.0,14,3,3,4,4,84.28,84.83,HEAVY_CPU_LOAD,277.59,87.94,83.51,HEAVY_CPU_LOAD,280.19,89.8,83.41,HEAVY_CPU_LOAD,282.37,90.45,84.68,HEAVY_CPU_LOAD,285.08,90.31,83.49,HEAVY_CPU_LOAD,283.12,87.3,87.36,HEAVY_CPU_LOAD,285.17,83.96,85.55,HEAVY_CPU_LOAD,278.27,84.04,82.34,HEAVY_CPU_LOAD,273.56,88.26,82.77,HEAVY_CPU_LOAD,279.48,86.67,83.85,HEAVY_CPU_LOAD,279.11,28.58,50.0,243.3,0.3,22.0,COOLING,0.3,22.0,COOLING,0.3,22.0,COOLING,0.3,22.0,COOLING,22.797,21.959,22.183,22.148,22.272,22.797,21.959,0.838,1125.23,568.29,551.83,558.59,255.0,255.0,340.0,340.0,215.75,294.5,350.51,290.43,-171.84,119.22,-19.34,71.97,1050.0,1050.0,1050.0,1050.0,374.14,187.01,173.0,210.99,2803.94,1190.0,1151.19,4200.0,945.14,0.0,0.0,0.0,0.774,22.5,TARGETED_WEST_COMPUTE_COOL,1.6632
3,Distributed Heavy Compute,0,169,1690.0,14,3,3,4,4,87.22,82.17,HEAVY_CPU_LOAD,277.28,89.53,81.55,HEAVY_CPU_LOAD,279.24,89.52,83.21,HEAVY_CPU_LOAD,281.72,83.88,85.82,HEAVY_CPU_LOAD,278.58,90.43,84.55,HEAVY_CPU_LOAD,284.86,88.28,85.75,HEAVY_CPU_LOAD,283.98,89.7,84.5,HEAVY_CPU_LOAD,283.88,89.26,82.37,HEAVY_CPU_LOAD,280.13,86.29,86.63,HEAVY_CPU_LOAD,282.81,87.45,85.04,HEAVY_CPU_LOAD,281.87,28.59,50.0,243.5,0.3,22.0,COOLING,0.3,22.0,COOLING,0.3,22.0,COOLING,0.3,22.0,COOLING,22.804,21.963,22.187,22.152,22.276,22.804,21.963,0.841,1116.82,568.84,564.01,564.68,255.0,255.0,340.0,340.0,215.86,294.76,350.81,290.69,-172.78,119.66,-19.28,72.41,1050.0,1050.0,1050.0,1050.0,364.9,188.26,185.54,217.78,2814.35,1190.0,1152.12,4200.0,956.48,0.0,0.0,0.0,0.781,22.5,TARGETED_WEST_COMPUTE_COOL,1.6633
3,Distributed Heavy Compute,0,170,1700.0,14,3,3,4,4,87.89,87.76,HEAVY_CPU_LOAD,286.5,83.69,88.1,HEAVY_CPU_LOAD,281.76,89.69,83.72,HEAVY_CPU_LOAD,282.69,87.06,81.81,HEAVY_CPU_LOAD,276.54,85.95,83.49,HEAVY_CPU_LOAD,277.67,83.8,87.11,HEAVY_CPU_LOAD,280.41,88.88,84.89,HEAVY_CPU_LOAD,283.44,86.19,86.67,HEAVY_CPU_LOAD,282.74,84.91,88.49,HEAVY_CPU_LOAD,283.87,88.97,84.15,HEAVY_CPU_LOAD,282.44,28.59,50.0,243.6,0.3,22.0,COOLING,0.3,22.0,COOLING,0.3,22.0,COOLING,0.3,22.0,COOLING,22.812,21.967,22.191,22.156,22.282,22.812,21.967,0.845,1127.49,558.08,566.18,566.31,255.0,255.0,340.0,340.0,215.75,294.73,350.81,290.67,-173.48,119.98,-19.24,72.73,1050.0,1050.0,1050.0,1050.0,374.76,177.79,187.75,219.71,2818.06,1190.0,1151.96,4200.0,960.01,0.0,0.0,0.0,0.792,22.5,TARGETED_WEST_COMPUTE_COOL,1.6818
3,Distributed Heavy Compute,0,171,1710.0,14,3,3,4,4,84.75,86.41,HEAVY_CPU_LOAD,280.55,85.22,81.92,HEAVY_CPU_LOAD,274.4,89.44,86.71,HEAVY_CPU_LOAD,286.87,84.3,86.91,HEAVY_CPU_LOAD,280.74,87.41,88.12,HEAVY_CPU_LOAD,286.44,83.57,82.36,HEAVY_CPU_LOAD,273.0,90.25,85.01,HEAVY_CPU_LOAD,285.33,90.0,83.1,HEAVY_CPU_LOAD,282.15,89.32,81.57,HEAVY_CPU_LOAD,279.0,90.38,86.81,HEAVY_CPU_LOAD,288.19,28.59,50.0,243.8,0.3,22.0,COOLING,0.3,22.0,COOLING,0.3,22.0,COOLING,0.3,22.0,COOLING,22.82,21.971,22.195,22.161,22.287,22.82,21.971,0.849,1122.56,559.44,567.48,567.19,255.0,255.0,340.0,340.0,215.65,294.77,350.9,290.71,-174.43,120.43,-19.18,73.18,1050.0,1050.0,1050.0,1050.0,368.78,179.64,189.2,221.08,2816.67,1190.0,1152.03,4200.0,958.7,0.0,0.0,0.0,0.8,22.5,TARGETED_WEST_COMPUTE_COOL,1.6873
3,Distributed Heavy Compute,0,172,1720.0,14,3,3,4,4,87.28,86.77,HEAVY_CPU_LOAD,284.25,89.07,84.17,HEAVY_CPU_LOAD,282.59,84.89,84.85,HEAVY_CPU_LOAD,278.39,87.81,81.66,HEAVY_CPU_LOAD,277.25,85.59,85.87,HEAVY_CPU_LOAD,280.79,89.51,83.56,HEAVY_CPU_LOAD,282.23,87.3,85.47,HEAVY_CPU_LOAD,282.33,88.03,85.24,HEAVY_CPU_LOAD,282.9,83.86,82.1,HEAVY_CPU_LOAD,272.97,87.86,84.76,HEAVY_CPU_LOAD,281.96,28.6,50.0,243.9,0.3,22.0,COOLING,0.3,22.0,COOLING,0.3,22.0,COOLING,0.3,22.0,COOLING,22.828,21.975,22.199,22.165,22.292,22.828,21.975,0.853,1122.48,563.02,565.23,554.93,255.0,255.0,340.0,340.0,215.73,294.96,351.12,290.88,-175.25,120.88,-19.0,73.38,1050.0,1050.0,1050.0,1050.0,367.96,183.86,187.35,209.19,2805.66,1190.0,1152.69,4200.0,948.36,0.0,0.0,0.0,0.808,22.5,TARGETED_WEST_COMPUTE_COOL,1.6961
3,Distributed Heavy Compute,0,173,1730.0,14,3,3,4,4,87.34,88.12,HEAVY_CPU_LOAD,286.36,83.5,86.09,HEAVY_CPU_LOAD,278.51,85.11,86.23,HEAVY_CPU_LOAD,280.73,86.46,85.88,HEAVY_CPU_LOAD,281.89,84.86,83.25,HEAVY_CPU_LOAD,275.95,87.47,85.21,HEAVY_CPU_LOAD,282.15,86.07,82.77,HEAVY_CPU_LOAD,276.74,89.38,83.82,HEAVY_CPU_LOAD,282.45,85.98,81.83,HEAVY_CPU_LOAD,275.22,87.85,84.14,HEAVY_CPU_LOAD,281.02,28.6,50.0,244.0,0.3,22.0,COOLING,0.3,22.0,COOLING,0.3,22.0,COOLING,0.3,22.0,COOLING,22.836,21.979,22.203,22.169,22.297,22.836,21.979,0.857,1127.49,558.1,559.19,556.24,255.0,255.0,340.0,340.0,215.6,294.94,351.12,290.85,-176.19,121.32,-18.95,73.82,1050.0,1050.0,1050.0,1050.0,371.9,179.36,181.36,210.91,2801.02,1190.0,1152.51,4200.0,943.53,0.0,0.0,0.0,0.818,22.5,TARGETED_WEST_COMPUTE_COOL,1.7103
3,Distributed Heavy Compute,0,174,1740.0,14,3,3,4,4,88.71,87.19,HEAVY_CPU_LOAD,286.67,89.79,86.97,HEAVY_CPU_LOAD,287.69,90.33,86.46,HEAVY_CPU_LOAD,287.6,90.18,82.74,HEAVY_CPU_LOAD,281.84,87.87,87.53,HEAVY_CPU_LOAD,286.13,86.66,84.99,HEAVY_CPU_LOAD,280.81,88.94,84.94,HEAVY_CPU_LOAD,283.59,85.9,84.62,HEAVY_CPU_LOAD,279.31,88.51,85.28,HEAVY_CPU_LOAD,283.56,84.3,84.94,HEAVY_CPU_LOAD,277.78,28.6,50.0,244.2,0.3,22.0,COOLING,0.3,22.0,COOLING,0.3,22.0,COOLING,0.3,22.0,COOLING,22.844,21.983,22.207,22.173,22.302,22.844,21.983,0.861,1143.8,566.94,562.9,561.34,255.0,255.0,340.0,340.0,215.51,294.97,351.21,290.89,-177.13,121.76,-18.88,74.26,1050.0,1050.0,1050.0,1050.0,387.18,188.67,185.23,216.49,2834.98,1190.0,1152.58,4200.0,977.57,0.0,0.0,0.0,0.829,22.5,TARGETED_WEST_COMPUTE_COOL,1.7229
3,Distributed Heavy Compute,0,175,1750.0,14,3,3,4,4,88.24,82.59,HEAVY_CPU_LOAD,279.19,83.81,85.8,HEAVY_CPU_LOAD,278.46,89.55,87.18,HEAVY_CPU_LOAD,287.71,84.6,83.46,HEAVY_CPU_LOAD,275.94,88.9,86.43,HEAVY_CPU_LOAD,285.77,86.43,87.41,HEAVY_CPU_LOAD,284.15,88.93,83.1,HEAVY_CPU_LOAD,280.81,84.95,85.03,HEAVY_CPU_LOAD,278.73,84.47,87.13,HEAVY_CPU_LOAD,281.28,88.22,84.7,HEAVY_CPU_LOAD,282.32,28.61,50.0,244.3,0.3,22.0,COOLING,0.3,22.0,COOLING,0.3,22.0,COOLING,0.3,22.0,COOLING,22.851,21.987,22.211,22.177,22.306,22.851,21.987,0.864,1121.3,569.92,559.54,563.6,255.0,255.0,340.0,340.0,215.58,295.17,351.42,291.09,-178.08,122.2,-18.83,74.7,1050.0,1050.0,1050.0,1050.0,363.8,192.29,182.13,219.39,2814.36,1190.0,1153.26,4200.0,957.61,0.0,0.0,0.0,0.833,22.5,TARGETED_WEST_COMPUTE_COOL,1.7176
3,Distributed Heavy Compute,0,176,1760.0,14,3,3,4,4,90.12,86.59,HEAVY_CPU_LOAD,287.53,88.26,82.31,HEAVY_CPU_LOAD,278.79,88.72,88.06,HEAVY_CPU_LOAD,287.99,85.11,82.61,HEAVY_CPU_LOAD,275.3,89.34,84.68,HEAVY_CPU_LOAD,283.7,89.49,84.94,HEAVY_CPU_LOAD,284.27,84.77,83.39,HEAVY_CPU_LOAD,276.05,83.89,82.39,HEAVY_CPU_LOAD,273.45,84.1,83.4,HEAVY_CPU_LOAD,275.23,85.8,81.74,HEAVY_CPU_LOAD,274.86,28.61,50.0,244.4,0.3,22.0,COOLING,0.3,22.0,COOLING,0.3,22.0,COOLING,0.3,22.0,COOLING,22.859,21.991,22.215,22.181,22.312,22.859,21.991,0.868,1129.61,567.97,549.5,550.09,255.0,255.0,340.0,340.0,215.47,295.14,351.43,291.06,-178.78,122.53,-18.78,75.03,1050.0,1050.0,1050.0,1050.0,371.3,190.64,172.15,206.18,2797.17,1190.0,1153.1,4200.0,940.27,0.0,0.0,0.0,0.842,22.5,TARGETED_WEST_COMPUTE_COOL,1.7341
3,Distributed Heavy Compute,0,177,1770.0,14,3,3,4,4,90.19,83.75,HEAVY_CPU_LOAD,283.36,85.92,87.02,HEAVY_CPU_LOAD,282.93,85.24,81.58,HEAVY_CPU_LOAD,273.92,89.39,82.48,HEAVY_CPU_LOAD,280.46,84.57,84.7,HEAVY_CPU_LOAD,277.76,86.89,83.26,HEAVY_CPU_LOAD,278.5,85.88,87.07,HEAVY_CPU_LOAD,282.95,89.93,85.74,HEAVY_CPU_LOAD,286.02,89.02,83.7,HEAVY_CPU_LOAD,281.83,87.53,86.56,HEAVY_CPU_LOAD,284.25,28.61,50.0,244.6,0.3,22.0,COOLING,0.3,22.0,COOLING,0.3,22.0,COOLING,0.3,22.0,COOLING,22.866,21.995,22.219,22.186,22.317,22.866,21.995,0.871,1120.67,556.26,568.97,566.08,255.0,255.0,340.0,340.0,215.37,295.19,351.51,291.1,-179.72,122.97,-18.72,75.47,1050.0,1050.0,1050.0,1050.0,361.32,179.42,191.76,222.65,2811.98,1190.0,1153.17,4200.0,955.15,0.0,0.0,0.0,0.851,22.5,TARGETED_WEST_COMPUTE_COOL,1.7393
3,Distributed Heavy Compute,0,178,1780.0,14,3,3,4,4,84.85,86.09,HEAVY_CPU_LOAD,280.2,85.71,86.05,HEAVY_CPU_LOAD,281.21,86.07,88.36,HEAVY_CPU_LOAD,285.13,85.58,82.7,HEAVY_CPU_LOAD,276.02,85.3,84.16,HEAVY_CPU_LOAD,277.87,83.85,86.38,HEAVY_CPU_LOAD,279.38,88.58,87.45,HEAVY_CPU_LOAD,286.9,86.85,83.6,HEAVY_CPU_LOAD,278.96,90.3,83.86,HEAVY_CPU_LOAD,283.67,84.24,86.15,HEAVY_CPU_LOAD,279.52,28.62,50.0,244.7,0.3,22.0,COOLING,0.3,22.0,COOLING,0.3,22.0,COOLING,0.3,22.0,COOLING,22.873,21.999,22.223,22.19,22.321,22.873,21.999,0.874,1122.56,557.25,565.86,563.19,255.0,255.0,340.0,340.0,215.47,295.38,351.73,291.27,-180.31,123.31,-18.57,75.57,1050.0,1050.0,1050.0,1050.0,362.72,180.94,189.02,220.03,2808.86,1190.0,1153.85,4200.0,952.71,0.0,0.0,0.0,0.858,22.5,TARGETED_WEST_COMPUTE_COOL,1.7471
3,Distributed Heavy Compute,0,179,1790.0,14,3,3,4,4,88.77,85.22,HEAVY_CPU_LOAD,283.79,88.88,83.9,HEAVY_CPU_LOAD,281.95,90.05,84.79,HEAVY_CPU_LOAD,284.75,84.47,82.51,HEAVY_CPU_LOAD,274.35,84.34,85.45,HEAVY_CPU_LOAD,278.6,86.48,86.08,HEAVY_CPU_LOAD,282.22,86.83,82.33,HEAVY_CPU_LOAD,277.03,85.45,86.87,HEAVY_CPU_LOAD,282.12,87.65,84.57,HEAVY_CPU_LOAD,281.42,85.55,87.3,HEAVY_CPU_LOAD,282.89,28.62,50.0,244.9,0.3,22.0,COOLING,0.3,22.0,COOLING,0.3,22.0,COOLING,0.3,22.0,COOLING,22.88,22.003,22.227,22.195,22.326,22.88,22.003,0.877,1124.84,560.82,559.15,564.31,255.0,255.0,340.0,340.0,215.4,295.41,351.83,291.31,-181.02,123.65,-18.52,75.89,1050.0,1050.0,1050.0,1050.0,364.22,184.88,182.46,221.51,2809.12,1190.0,1153.95,4200.0,953.07,0.0,0.0,0.0,0.866,22.5,TARGETED_WEST_COMPUTE_COOL,1.7533
3,Distributed Heavy Compute,0,180,1800.0,14,3,3,4,4,87.46,86.57,HEAVY_CPU_LOAD,284.18,85.53,87.66,HEAVY_CPU_LOAD,283.4,85.38,82.34,HEAVY_CPU_LOAD,275.24,85.78,83.29,HEAVY_CPU_LOAD,277.16,86.2,84.87,HEAVY_CPU_LOAD,280.06,84.78,82.53,HEAVY_CPU_LOAD,274.77,85.42,84.02,HEAVY_CPU_LOAD,277.81,85.29,88.07,HEAVY_CPU_LOAD,283.72,86.73,83.17,HEAVY_CPU_LOAD,278.17,84.59,87.66,HEAVY_CPU_LOAD,282.23,28.62,50.0,245.0,0.3,22.0,COOLING,0.3,22.0,COOLING,0.3,22.0,COOLING,0.3,22.0,COOLING,22.887,22.007,22.231,22.199,22.331,22.887,22.007,0.88,1119.98,554.83,561.53,560.4,255.0,255.0,340.0,340.0,215.29,295.39,351.83,291.26,-181.61,123.99,-18.37,75.99,1050.0,1050.0,1050.0,1050.0,358.66,179.21,184.99,217.65,2796.74,1190.0,1153.77,4200.0,940.51,0.0,0.0,0.0,0.873,22.5,TARGETED_WEST_COMPUTE_COOL,1.7614
3,Distributed Heavy Compute,0,181,1810.0,14,3,3,4,4,86.41,85.32,HEAVY_CPU_LOAD,280.99,86.04,82.6,HEAVY_CPU_LOAD,276.45,90.19,85.5,HEAVY_CPU_LOAD,285.99,90.04,82.13,HEAVY_CPU_LOAD,280.75,88.62,82.27,HEAVY_CPU_LOAD,279.18,85.3,87.27,HEAVY_CPU_LOAD,282.53,89.28,82.84,HEAVY_CPU_LOAD,280.86,89.34,83.17,HEAVY_CPU_LOAD,281.43,89.98,82.47,HEAVY_CPU_LOAD,281.18,86.29,88.24,HEAVY_CPU_LOAD,285.22,28.63,50.0,245.1,0.3,22.0,COOLING,0.3,22.0,COOLING,0.3,22.0,COOLING,0.3,22.0,COOLING,22.894,22.011,22.235,22.204,22.336,22.894,22.011,0.883,1124.18,561.71,562.29,566.4,255.0,255.0,340.0,340.0,215.38,295.58,352.04,291.46,-182.32,124.32,-18.32,76.32,1050.0,1050.0,1050.0,1050.0,362.24,186.61,186.01,224.18,2814.58,1190.0,1154.46,4200.0,959.04,0.0,0.0,0.0,0.882,22.5,TARGETED_WEST_COMPUTE_COOL,1.7666
3,Distributed Heavy Compute,0,182,1820.0,14,3,3,4,4,84.37,88.3,HEAVY_CPU_LOAD,282.91,86.45,86.94,HEAVY_CPU_LOAD,283.47,86.87,87.6,HEAVY_CPU_LOAD,284.99,88.77,85.09,HEAVY_CPU_LOAD,283.6,88.26,84.61,HEAVY_CPU_LOAD,282.24,89.79,86.84,HEAVY_CPU_LOAD,287.5,86.93,82.97,HEAVY_CPU_LOAD,278.12,83.85,81.6,HEAVY_CPU_LOAD,272.21,89.13,82.23,HEAVY_CPU_LOAD,279.76,88.03,84.76,HEAVY_CPU_LOAD,282.18,28.63,50.0,245.3,0.3,22.0,COOLING,0.3,22.0,COOLING,0.3,22.0,COOLING,0.3,22.0,COOLING,22.902,22.015,22.239,22.208,22.341,22.902,22.015,0.887,1134.97,569.74,550.33,561.94,255.0,255.0,340.0,340.0,215.31,295.62,352.13,291.47,-182.91,124.66,-18.16,76.41,1050.0,1050.0,1050.0,1050.0,372.37,195.02,174.3,219.82,2816.98,1190.0,1154.53,4200.0,961.51,0.002,0.0,0.0,0.891,22.5,TARGETED_WEST_COMPUTE_COOL,1.7804
3,Distributed Heavy Compute,0,183,1830.0,14,3,3,4,4,87.09,83.86,HEAVY_CPU_LOAD,279.65,88.22,81.81,HEAVY_CPU_LOAD,277.99,90.18,84.27,HEAVY_CPU_LOAD,284.13,87.81,83.83,HEAVY_CPU_LOAD,280.51,88.85,82.1,HEAVY_CPU_LOAD,279.21,90.34,85.0,HEAVY_CPU_LOAD,285.43,86.15,84.41,HEAVY_CPU_LOAD,279.3,86.24,88.29,HEAVY_CPU_LOAD,285.24,85.63,88.12,HEAVY_CPU_LOAD,284.22,89.28,81.6,HEAVY_CPU_LOAD,279.0,28.64,50.0,245.4,0.3,22.0,COOLING,0.3,22.0,COOLING,0.3,22.0,COOLING,0.3,22.0,COOLING,22.909,22.019,22.243,22.213,22.346,22.909,22.019,0.89,1122.28,564.64,564.54,563.22,255.0,255.0,340.0,340.0,215.39,295.82,352.34,291.67,-183.86,125.11,-18.11,76.86,1050.0,1050.0,1050.0,1050.0,358.81,190.57,188.77,221.75,2814.68,1190.0,1155.22,4200.0,959.9,0.006,0.0,0.0,0.897,22.5,TARGETED_WEST_COMPUTE_COOL,1.7833
3,Distributed Heavy Compute,0,184,1840.0,14,3,3,4,4,90.39,87.7,HEAVY_CPU_LOAD,289.54,84.8,83.89,HEAVY_CPU_LOAD,276.83,84.84,87.97,HEAVY_CPU_LOAD,283.0,90.36,87.28,HEAVY_CPU_LOAD,288.87,86.32,86.41,HEAVY_CPU_LOAD,282.51,85.68,87.17,HEAVY_CPU_LOAD,282.86,84.36,85.06,HEAVY_CPU_LOAD,278.04,84.74,87.71,HEAVY_CPU_LOAD,282.49,89.1,81.59,HEAVY_CPU_LOAD,278.76,89.84,87.69,HEAVY_CPU_LOAD,288.84,28.64,50.0,245.6,0.3,22.0,COOLING,0.3,22.0,COOLING,0.3,22.0,COOLING,0.3,22.0,COOLING,22.917,22.023,22.247,22.218,22.351,22.917,22.023,0.894,1138.24,565.37,560.53,567.6,255.0,255.0,340.0,340.0,215.32,295.85,352.44,291.68,-184.45,125.45,-17.95,76.95,1050.0,1050.0,1050.0,1050.0,374.11,191.67,185.02,226.23,2831.74,1190.0,1155.29,4200.0,977.03,0.013,0.0,0.0,0.908,22.5,TARGETED_WEST_COMPUTE_COOL,1.8017
3,Distributed Heavy Compute,0,185,1850.0,14,3,3,4,4,84.61,87.58,HEAVY_CPU_LOAD,282.13,86.18,87.39,HEAVY_CPU_LOAD,283.81,90.09,85.31,HEAVY_CPU_LOAD,285.58,87.19,85.05,HEAVY_CPU_LOAD,281.56,87.11,87.63,HEAVY_CPU_LOAD,285.33,90.05,85.2,HEAVY_CPU_LOAD,285.36,88.05,87.84,HEAVY_CPU_LOAD,286.82,87.23,83.07,HEAVY_CPU_LOAD,278.64,86.39,85.82,HEAVY_CPU_LOAD,281.72,88.51,86.62,HEAVY_CPU_LOAD,285.57,28.64,50.0,245.7,0.3,22.0,COOLING,0.3,22.0,COOLING,0.3,22.0,COOLING,0.3,22.0,COOLING,22.925,22.027,22.251,22.223,22.357,22.925,22.027,0.898,1133.08,570.69,565.46,567.29,255.0,255.0,340.0,340.0,215.18,295.83,352.44,291.63,-185.28,125.91,-17.78,77.16,1050.0,1050.0,1050.0,1050.0,367.98,197.43,190.12,226.08,2836.52,1190.0,1155.08,4200.0,981.61,0.019,0.0,0.0,0.915,22.5,TARGETED_WEST_COMPUTE_COOL,1.8082
3,Distributed Heavy Compute,0,186,1860.0,14,3,3,4,4,83.65,83.27,HEAVY_CPU_LOAD,274.47,86.41,87.37,HEAVY_CPU_LOAD,284.07,88.31,84.07,HEAVY_CPU_LOAD,281.49,87.81,84.58,HEAVY_CPU_LOAD,281.63,88.59,85.66,HEAVY_CPU_LOAD,284.23,88.83,84.46,HEAVY_CPU_LOAD,282.73,86.99,82.45,HEAVY_CPU_LOAD,277.41,88.55,81.95,HEAVY_CPU_LOAD,278.61,87.53,84.89,HEAVY_CPU_LOAD,281.75,84.02,83.13,HEAVY_CPU_LOAD,274.72,28.65,50.0,245.8,0.3,22.0,COOLING,0.3,22.0,COOLING,0.3,22.0,COOLING,0.3,22.0,COOLING,22.932,22.031,22.255,22.227,22.361,22.932,22.031,0.901,1121.66,566.96,556.02,556.47,255.0,255.0,340.0,340.0,215.26,296.01,352.65,291.8,-186.11,126.36,-17.61,77.36,1050.0,1050.0,1050.0,1050.0,355.81,194.33,181.06,215.63,2801.11,1190.0,1155.72,4200.0,946.83,0.023,0.0,0.0,0.92,22.5,TARGETED_WEST_COMPUTE_COOL,1.8138
3,Distributed Heavy Compute,0,187,1870.0,14,3,3,4,4,89.47,83.07,HEAVY_CPU_LOAD,281.44,89.23,87.86,HEAVY_CPU_LOAD,288.33,84.37,83.81,HEAVY_CPU_LOAD,276.18,88.25,87.86,HEAVY_CPU_LOAD,287.1,89.92,87.62,HEAVY_CPU_LOAD,288.83,87.64,83.26,HEAVY_CPU_LOAD,279.44,90.16,87.18,HEAVY_CPU_LOAD,288.47,87.43,85.57,HEAVY_CPU_LOAD,282.64,83.84,83.18,HEAVY_CPU_LOAD,274.57,88.13,88.44,HEAVY_CPU_LOAD,287.82,28.65,50.0,246.0,0.3,22.0,COOLING,0.3,22.0,COOLING,0.3,22.0,COOLING,0.3,22.0,COOLING,22.939,22.035,22.259,22.232,22.366,22.939,22.035,0.904,1133.05,568.27,571.11,562.39,255.0,255.0,340.0,340.0,215.19,296.06,352.74,291.84,-186.81,126.69,-17.56,77.69,1050.0,1050.0,1050.0,1050.0,366.43,196.02,196.29,221.92,2834.82,1190.0,1155.83,4200.0,980.66,0.029,0.0,0.0,0.93,22.5,TARGETED_WEST_COMPUTE_COOL,1.8258
3,Distributed Heavy Compute,0,188,1880.0,14,3,3,4,4,84.31,81.78,HEAVY_CPU_LOAD,273.06,87.16,82.78,HEAVY_CPU_LOAD,278.12,84.62,84.07,HEAVY_CPU_LOAD,276.88,88.77,82.65,HEAVY_CPU_LOAD,279.94,86.43,88.06,HEAVY_CPU_LOAD,285.13,84.83,81.55,HEAVY_CPU_LOAD,273.36,84.84,86.16,HEAVY_CPU_LOAD,280.29,85.45,86.43,HEAVY_CPU_LOAD,281.46,88.81,85.41,HEAVY_CPU_LOAD,284.13,86.88,82.17,HEAVY_CPU_LOAD,276.86,28.65,50.0,246.1,0.3,22.0,COOLING,0.3,22.0,COOLING,0.3,22.0,COOLING,0.3,22.0,COOLING,22.946,22.039,22.263,22.237,22.371,22.946,22.039,0.907,1108.0,558.49,561.75,560.99,255.0,255.0,340.0,340.0,215.08,296.03,352.75,291.8,-187.41,127.03,-17.41,77.79,1050.0,1050.0,1050.0,1050.0,340.67,186.55,187.09,220.58,2789.23,1190.0,1155.66,4200.0,934.89,0.032,0.0,0.0,0.934,22.5,TARGETED_WEST_COMPUTE_COOL,1.8268
3,Distributed Heavy Compute,0,189,1890.0,14,3,3,4,4,84.17,88.33,HEAVY_CPU_LOAD,282.71,88.51,83.11,HEAVY_CPU_LOAD,280.3,89.9,82.27,HEAVY_CPU_LOAD,280.78,85.61,81.61,HEAVY_CPU_LOAD,274.43,89.4,87.45,HEAVY_CPU_LOAD,287.93,87.35,81.52,HEAVY_CPU_LOAD,276.47,86.73,83.86,HEAVY_CPU_LOAD,279.2,83.72,81.98,HEAVY_CPU_LOAD,272.62,90.49,86.05,HEAVY_CPU_LOAD,287.19,88.93,83.0,HEAVY_CPU_LOAD,280.66,28.66,50.0,246.2,0.3,22.0,COOLING,0.3,22.0,COOLING,0.3,22.0,COOLING,0.3,22.0,COOLING,22.953,22.043,22.267,22.242,22.376,22.953,22.043,0.91,1118.22,564.4,551.82,567.85,255.0,255.0,340.0,340.0,215.18,296.23,352.96,291.97,-188.01,127.38,-17.26,77.88,1050.0,1050.0,1050.0,1050.0,350.39,193.01,177.52,227.7,2802.29,1190.0,1156.34,4200.0,948.62,0.038,0.0,0.0,0.943,22.5,TARGETED_WEST_COMPUTE_COOL,1.8372
3,Distributed Heavy Compute,0,190,1900.0,14,3,3,4,4,87.02,83.99,HEAVY_CPU_LOAD,279.76,84.61,86.6,HEAVY_CPU_LOAD,280.66,89.0,83.6,HEAVY_CPU_LOAD,281.65,88.47,86.55,HEAVY_CPU_LOAD,285.41,89.57,82.73,HEAVY_CPU_LOAD,281.06,84.41,85.64,HEAVY_CPU_LOAD,278.97,88.06,82.37,HEAVY_CPU_LOAD,278.63,88.98,81.93,HEAVY_CPU_LOAD,279.12,84.77,86.45,HEAVY_CPU_LOAD,280.64,89.08,81.6,HEAVY_CPU_LOAD,278.75,28.66,50.0,246.4,0.3,22.0,COOLING,0.3,22.0,COOLING,0.3,22.0,COOLING,0.3,22.0,COOLING,22.96,22.047,22.271,22.246,22.381,22.96,22.047,0.913,1127.48,560.03,557.75,559.39,255.0,255.0,340.0,340.0,215.1,296.27,353.05,291.99,-188.6,127.73,-17.1,77.97,1050.0,1050.0,1050.0,1050.0,358.98,189.03,183.7,219.35,2804.65,1190.0,1156.41,4200.0,951.06,0.044,0.0,0.0,0.951,22.5,TARGETED_WEST_COMPUTE_COOL,1.8532
3,Distributed Heavy Compute,0,191,1910.0,14,3,3,4,4,88.14,85.12,HEAVY_CPU_LOAD,282.86,88.38,83.94,HEAVY_CPU_LOAD,281.38,84.11,86.74,HEAVY_CPU_LOAD,280.25,88.66,84.64,HEAVY_CPU_LOAD,282.78,86.88,82.71,HEAVY_CPU_LOAD,277.66,86.27,84.92,HEAVY_CPU_LOAD,280.22,85.68,87.01,HEAVY_CPU_LOAD,282.62,86.89,84.46,HEAVY_CPU_LOAD,280.3,88.16,84.14,HEAVY_CPU_LOAD,281.41,85.98,85.11,HEAVY_CPU_LOAD,280.14,28.66,50.0,246.5,0.3,22.0,COOLING,0.3,22.0,COOLING,0.3,22.0,COOLING,0.3,22.0,COOLING,22.967,22.051,22.275,22.251,22.386,22.967,22.051,0.916,1127.27,557.88,562.92,561.55,255.0,255.0,340.0,340.0,214.99,296.24,353.05,291.96,-189.31,128.06,-17.06,78.31,1050.0,1050.0,1050.0,1050.0,357.95,187.18,188.91,221.82,2809.62,1190.0,1156.24,4200.0,955.86,0.049,0.0,0.0,0.959,22.5,TARGETED_WEST_COMPUTE_COOL,1.8625
3,Distributed Heavy Compute,0,192,1920.0,14,3,3,4,4,88.63,84.79,HEAVY_CPU_LOAD,282.97,89.42,81.61,HEAVY_CPU_LOAD,279.19,90.42,83.39,HEAVY_CPU_LOAD,283.11,90.42,82.35,HEAVY_CPU_LOAD,281.55,88.47,87.69,HEAVY_CPU_LOAD,287.12,89.98,83.48,HEAVY_CPU_LOAD,282.7,89.0,83.61,HEAVY_CPU_LOAD,281.66,84.7,84.48,HEAVY_CPU_LOAD,277.6,84.14,82.07,HEAVY_CPU_LOAD,273.28,89.7,86.05,HEAVY_CPU_LOAD,286.2,28.67,50.0,246.7,0.3,22.0,COOLING,0.3,22.0,COOLING,0.3,22.0,COOLING,0.3,22.0,COOLING,22.974,22.055,22.279,22.255,22.391,22.974,22.055,0.919,1126.82,569.82,559.26,559.48,255.0,255.0,340.0,340.0,215.12,296.5,353.35,292.2,-189.9,128.4,-16.9,78.4,1050.0,1050.0,1050.0,1050.0,357.04,199.72,185.71,220.08,2815.38,1190.0,1157.17,4200.0,962.55,0.055,0.0,0.0,0.965,22.5,TARGETED_WEST_COMPUTE_COOL,1.8665
3,Distributed Heavy Compute,0,193,1930.0,14,3,3,4,4,85.99,85.15,HEAVY_CPU_LOAD,280.21,85.67,84.2,HEAVY_CPU_LOAD,278.39,89.21,84.95,HEAVY_CPU_LOAD,283.94,86.82,85.95,HEAVY_CPU_LOAD,282.45,89.54,85.26,HEAVY_CPU_LOAD,284.81,84.36,84.95,HEAVY_CPU_LOAD,277.88,84.54,84.93,HEAVY_CPU_LOAD,278.07,84.95,82.35,HEAVY_CPU_LOAD,274.71,83.59,81.98,HEAVY_CPU_LOAD,272.46,83.83,85.18,HEAVY_CPU_LOAD,277.56,28.67,50.0,246.8,0.3,22.0,COOLING,0.3,22.0,COOLING,0.3,22.0,COOLING,0.3,22.0,COOLING,22.981,22.059,22.283,22.259,22.396,22.981,22.059,0.922,1124.99,562.69,552.78,550.02,255.0,255.0,340.0,340.0,215.01,296.47,353.36,292.17,-190.61,128.73,-16.86,78.73,1050.0,1050.0,1050.0,1050.0,354.39,192.89,179.28,210.92,2790.48,1190.0,1157.01,4200.0,937.48,0.06,0.0,0.0,0.972,22.5,TARGETED_WEST_COMPUTE_COOL,1.8792
3,Distributed Heavy Compute,0,194,1940.0,14,3,3,4,4,84.83,88.29,HEAVY_CPU_LOAD,283.47,88.36,82.52,HEAVY_CPU_LOAD,279.23,85.99,83.29,HEAVY_CPU_LOAD,277.42,88.21,88.43,HEAVY_CPU_LOAD,287.91,86.5,85.14,HEAVY_CPU_LOAD,280.84,87.15,87.89,HEAVY_CPU_LOAD,285.77,86.16,85.37,HEAVY_CPU_LOAD,280.75,88.96,84.26,HEAVY_CPU_LOAD,282.59,88.16,82.73,HEAVY_CPU_LOAD,279.29,86.88,83.96,HEAVY_CPU_LOAD,279.54,28.67,50.0,246.9,0.3,22.0,COOLING,0.3,22.0,COOLING,0.3,22.0,COOLING,0.3,22.0,COOLING,22.988,22.063,22.287,22.263,22.4,22.988,22.063,0.925,1128.03,566.61,563.34,558.83,255.0,255.0,340.0,340.0,214.9,296.45,353.36,292.15,-191.31,129.06,-16.81,79.06,1050.0,1050.0,1050.0,1050.0,356.62,197.12,189.89,220.04,2816.81,1190.0,1156.86,4200.0,963.67,0.065,0.0,0.0,0.979,22.5,TARGETED_WEST_COMPUTE_COOL,1.8878
3,Distributed Heavy Compute,0,195,1950.0,14,3,3,4,4,89.59,88.5,HEAVY_CPU_LOAD,289.74,85.13,82.84,HEAVY_CPU_LOAD,275.67,84.68,83.8,HEAVY_CPU_LOAD,276.55,88.07,84.0,HEAVY_CPU_LOAD,281.09,85.04,87.52,HEAVY_CPU_LOAD,282.58,87.42,86.9,HEAVY_CPU_LOAD,284.62,88.9,85.85,HEAVY_CPU_LOAD,284.9,84.02,87.68,HEAVY_CPU_LOAD,281.54,88.71,84.15,HEAVY_CPU_LOAD,282.11,86.93,87.76,HEAVY_CPU_LOAD,285.3,28.68,50.0,247.1,0.3,22.0,COOLING,0.3,22.0,COOLING,0.3,22.0,COOLING,0.3,22.0,COOLING,22.995,22.067,22.291,22.268,22.405,22.995,22.067,0.928,1123.05,567.2,566.44,567.41,255.0,255.0,340.0,340.0,215.04,296.71,353.66,292.41,-192.01,129.39,-16.76,79.39,1050.0,1050.0,1050.0,1050.0,351.08,198.3,193.34,229.21,2824.1,1190.0,1157.82,4200.0,971.93,0.07,0.0,0.0,0.986,22.5,TARGETED_WEST_COMPUTE_COOL,1.8937
3,Distributed Heavy Compute,0,196,1960.0,14,3,3,4,4,86.1,82.56,HEAVY_CPU_LOAD,276.47,90.48,83.34,HEAVY_CPU_LOAD,283.11,85.71,83.27,HEAVY_CPU_LOAD,277.04,89.57,88.42,HEAVY_CPU_LOAD,289.59,87.4,82.11,HEAVY_CPU_LOAD,277.41,89.02,86.46,HEAVY_CPU_LOAD,285.97,89.32,86.38,HEAVY_CPU_LOAD,286.22,87.98,83.74,HEAVY_CPU_LOAD,280.59,86.57,85.97,HEAVY_CPU_LOAD,282.17,85.12,86.44,HEAVY_CPU_LOAD,281.06,28.68,50.0,247.2,0.3,22.0,COOLING,0.3,22.0,COOLING,0.3,22.0,COOLING,0.3,22.0,COOLING,23.002,22.071,22.295,22.273,22.41,23.002,22.071,0.931,1126.21,563.38,566.81,563.23,255.0,255.0,340.0,340.0,214.93,296.68,353.66,292.36,-192.61,129.74,-16.61,79.48,1050.0,1050.0,1050.0,1050.0,353.53,194.8,193.86,225.07,2819.63,1190.0,1157.63,4200.0,967.26,0.075,0.0,0.0,0.994,22.5,TARGETED_WEST_COMPUTE_COOL,1.9069
3,Distributed Heavy Compute,0,197,1970.0,14,3,3,4,4,86.53,85.73,HEAVY_CPU_LOAD,281.76,87.29,87.66,HEAVY_CPU_LOAD,285.6,87.28,84.11,HEAVY_CPU_LOAD,280.26,85.5,87.2,HEAVY_CPU_LOAD,282.68,84.88,85.75,HEAVY_CPU_LOAD,279.73,85.82,85.97,HEAVY_CPU_LOAD,281.23,84.33,84.41,HEAVY_CPU_LOAD,277.03,89.72,84.65,HEAVY_CPU_LOAD,284.12,87.77,86.02,HEAVY_CPU_LOAD,283.74,84.65,83.1,HEAVY_CPU_LOAD,275.46,28.68,50.0,247.4,0.3,22.0,COOLING,0.3,22.0,COOLING,0.3,22.0,COOLING,0.3,22.0,COOLING,23.009,22.075,22.299,22.278,22.415,23.009,22.075,0.934,1130.3,560.96,561.15,559.2,255.0,255.0,340.0,340.0,214.85,296.71,353.75,292.37,-193.2,130.08,-16.46,79.58,1050.0,1050.0,1050.0,1050.0,356.95,192.75,188.44,221.15,2811.61,1190.0,1157.68,4200.0,959.29,0.081,0.0,0.0,1.0,22.5,TARGETED_WEST_COMPUTE_COOL,1.9201
3,Distributed Heavy Compute,0,198,1980.0,14,3,3,4,4,88.66,81.85,HEAVY_CPU_LOAD,278.6,86.06,82.09,HEAVY_CPU_LOAD,275.71,89.05,85.07,HEAVY_CPU_LOAD,283.92,86.83,85.61,HEAVY_CPU_LOAD,281.95,89.13,82.58,HEAVY_CPU_LOAD,280.28,84.17,83.1,HEAVY_CPU_LOAD,274.86,87.41,86.18,HEAVY_CPU_LOAD,283.53,89.91,82.67,HEAVY_CPU_LOAD,281.39,86.42,83.98,HEAVY_CPU_LOAD,279.0,85.01,82.13,HEAVY_CPU_LOAD,274.46,28.69,50.0,247.5,0.3,22.0,COOLING,0.3,22.0,COOLING,0.3,22.0,COOLING,0.3,22.0,COOLING,23.016,22.079,22.303,22.282,22.42,23.016,22.079,0.937,1120.18,555.14,564.92,553.46,255.0,255.0,340.0,340.0,214.95,296.91,353.97,292.55,-193.8,130.43,-16.3,79.68,1050.0,1050.0,1050.0,1050.0,346.33,187.48,192.59,215.69,2793.7,1190.0,1158.38,4200.0,942.09,0.086,0.0,0.0,1.0,22.5,TARGETED_WEST_COMPUTE_COOL,1.9285
3,Distributed Heavy Compute,0,199,1990.0,14,3,3,4,4,83.88,88.48,HEAVY_CPU_LOAD,282.57,83.61,85.96,HEAVY_CPU_LOAD,278.45,89.93,87.3,HEAVY_CPU_LOAD,288.36,88.82,86.36,HEAVY_CPU_LOAD,285.56,88.06,81.81,HEAVY_CPU_LOAD,277.79,90.25,83.82,HEAVY_CPU_LOAD,283.54,88.05,83.73,HEAVY_CPU_LOAD,280.66,89.43,82.29,HEAVY_CPU_LOAD,280.22,86.53,82.72,HEAVY_CPU_LOAD,277.24,86.45,87.33,HEAVY_CPU_LOAD,284.06,28.69,50.0,247.6,0.3,22.0,COOLING,0.3,22.0,COOLING,0.3,22.0,COOLING,0.3,22.0,COOLING,23.023,22.083,22.307,22.287,22.425,23.023,22.083,0.94,1134.94,561.33,560.88,561.3,255.0,255.0,340.0,340.0,214.84,296.89,353.97,292.52,-194.5,130.75,-16.26,80.0,1050.0,1050.0,1050.0,1050.0,360.28,193.97,188.59,223.82,2818.45,1190.0,1158.22,4200.0,966.66,0.094,0.0,0.0,1.0,22.5,TARGETED_WEST_COMPUTE_COOL,1.9427
3,Distributed Heavy Compute,0,200,2000.0,14,3,3,4,4,85.72,87.84,HEAVY_CPU_LOAD,283.91,88.27,87.92,HEAVY_CPU_LOAD,287.22,88.66,83.5,HEAVY_CPU_LOAD,281.07,88.16,86.58,HEAVY_CPU_LOAD,285.07,89.14,84.11,HEAVY_CPU_LOAD,282.59,85.65,88.1,HEAVY_CPU_LOAD,284.21,88.37,83.53,HEAVY_CPU_LOAD,280.76,90.18,85.41,HEAVY_CPU_LOAD,285.84,89.78,87.01,HEAVY_CPU_LOAD,287.74,88.27,86.09,HEAVY_CPU_LOAD,284.47,28.69,50.0,247.8,0.3,22.0,COOLING,0.3,22.0,COOLING,0.3,22.0,COOLING,0.3,22.0,COOLING,23.03,22.087,22.311,22.292,22.43,23.03,22.087,0.943,1137.27,566.8,566.6,572.21,255.0,255.0,340.0,340.0,214.76,296.93,354.05,292.54,-195.1,131.1,-16.1,80.1,1050.0,1050.0,1050.0,1050.0,361.93,199.83,194.55,234.85,2842.88,1190.0,1158.28,4200.0,991.16,0.1,0.0,0.0,1.0,22.5,TARGETED_WEST_COMPUTE_COOL,1.951
3,Distributed Heavy Compute,0,201,2010.0,14,3,3,4,4,86.94,85.01,HEAVY_CPU_LOAD,281.19,83.52,86.51,HEAVY_CPU_LOAD,279.16,84.5,84.96,HEAVY_CPU_LOAD,278.06,83.54,84.49,HEAVY_CPU_LOAD,276.16,88.01,85.51,HEAVY_CPU_LOAD,283.28,85.26,88.28,HEAVY_CPU_LOAD,284.0,84.03,83.53,HEAVY_CPU_LOAD,275.33,88.75,82.1,HEAVY_CPU_LOAD,279.09,89.27,85.49,HEAVY_CPU_LOAD,284.82,90.4,86.92,HEAVY_CPU_LOAD,288.38,28.7,50.0,247.9,0.3,22.0,COOLING,0.3,22.0,COOLING,0.3,22.0,COOLING,0.3,22.0,COOLING,23.037,22.091,22.315,22.297,22.435,23.037,22.091,0.946,1114.57,567.28,554.42,573.2,255.0,255.0,340.0,340.0,214.86,297.12,354.27,292.71,-195.7,131.45,-15.94,80.19,1050.0,1050.0,1050.0,1050.0,338.73,200.85,182.75,236.1,2809.47,1190.0,1158.96,4200.0,958.43,0.105,0.0,0.0,1.0,22.5,TARGETED_WEST_COMPUTE_COOL,1.9499
3,Distributed Heavy Compute,0,202,2020.0,14,3,3,4,4,90.24,87.88,HEAVY_CPU_LOAD,289.62,87.25,88.27,HEAVY_CPU_LOAD,286.47,83.5,84.21,HEAVY_CPU_LOAD,275.69,84.22,87.03,HEAVY_CPU_LOAD,280.82,88.67,86.68,HEAVY_CPU_LOAD,285.86,85.42,85.78,HEAVY_CPU_LOAD,280.44,86.08,86.53,HEAVY_CPU_LOAD,282.39,85.51,87.76,HEAVY_CPU_LOAD,283.53,90.39,81.93,HEAVY_CPU_LOAD,280.88,89.12,84.32,HEAVY_CPU_LOAD,282.88,28.7,50.0,248.1,0.3,22.0,COOLING,0.3,22.0,COOLING,0.3,22.0,COOLING,0.3,22.0,COOLING,23.044,22.095,22.319,22.302,22.44,23.044,22.095,0.949,1132.6,566.3,565.92,563.76,255.0,255.0,340.0,340.0,214.79,297.15,354.37,292.72,-196.29,131.79,-15.79,80.29,1050.0,1050.0,1050.0,1050.0,356.1,200.24,194.5,226.77,2828.58,1190.0,1159.03,4200.0,977.61,0.112,0.0,0.0,1.0,22.5,TARGETED_WEST_COMPUTE_COOL,1.9707
3,Distributed Heavy Compute,0,203,2030.0,14,3,3,4,4,83.8,86.78,HEAVY_CPU_LOAD,279.92,84.5,85.45,HEAVY_CPU_LOAD,278.8,88.25,85.58,HEAVY_CPU_LOAD,283.68,85.56,81.57,HEAVY_CPU_LOAD,274.31,88.9,87.33,HEAVY_CPU_LOAD,287.12,83.69,86.64,HEAVY_CPU_LOAD,279.57,85.05,84.01,HEAVY_CPU_LOAD,277.33,84.88,84.95,HEAVY_CPU_LOAD,278.52,87.68,87.16,HEAVY_CPU_LOAD,285.34,90.29,85.57,HEAVY_CPU_LOAD,286.22,28.7,50.0,248.2,0.3,22.0,COOLING,0.3,22.0,COOLING,0.3,22.0,COOLING,0.3,22.0,COOLING,23.051,22.099,22.323,22.307,22.445,23.051,22.099,0.952,1116.71,566.69,555.85,571.56,255.0,255.0,340.0,340.0,214.68,297.13,354.36,292.68,-196.89,132.14,-15.63,80.39,1050.0,1050.0,1050.0,1050.0,339.5,200.96,184.58,234.63,2810.81,1190.0,1158.85,4200.0,959.67,0.117,0.0,0.0,1.0,22.5,TARGETED_WEST_COMPUTE_COOL,1.9731
3,Distributed Heavy Compute,0,204,2040.0,14,3,3,4,4,87.68,84.59,HEAVY_CPU_LOAD,281.49,90.05,84.1,HEAVY_CPU_LOAD,283.71,84.11,83.81,HEAVY_CPU_LOAD,275.85,87.89,84.11,HEAVY_CPU_LOAD,281.03,84.02,85.32,HEAVY_CPU_LOAD,278.0,90.09,84.49,HEAVY_CPU_LOAD,284.35,90.26,84.87,HEAVY_CPU_LOAD,285.13,85.56,83.93,HEAVY_CPU_LOAD,277.85,84.48,83.05,HEAVY_CPU_LOAD,275.18,88.56,83.52,HEAVY_CPU_LOAD,280.98,28.71,50.0,248.3,0.3,22.0,COOLING,0.3,22.0,COOLING,0.3,22.0,COOLING,0.3,22.0,COOLING,23.058,22.103,22.327,22.311,22.45,23.058,22.103,0.955,1122.08,562.35,562.98,556.16,255.0,255.0,340.0,340.0,214.78,297.33,354.58,292.85,-197.48,132.48,-15.48,80.48,1050.0,1050.0,1050.0,1050.0,344.38,197.16,192.08,219.49,2803.57,1190.0,1159.54,4200.0,953.11,0.123,0.0,0.0,1.0,22.5,TARGETED_WEST_COMPUTE_COOL,1.9903
3,Distributed Heavy Compute,0,205,2050.0,14,3,3,4,4,87.0,86.56,HEAVY_CPU_LOAD,283.59,89.97,84.54,HEAVY_CPU_LOAD,284.27,87.92,85.86,HEAVY_CPU_LOAD,283.69,89.52,83.49,HEAVY_CPU_LOAD,282.13,88.95,88.06,HEAVY_CPU_LOAD,288.28,86.75,84.23,HEAVY_CPU_LOAD,279.78,86.39,84.35,HEAVY_CPU_LOAD,279.51,86.7,83.73,HEAVY_CPU_LOAD,278.97,88.01,85.7,HEAVY_CPU_LOAD,283.56,85.75,85.03,HEAVY_CPU_LOAD,279.73,28.71,50.0,248.5,0.3,22.0,COOLING,0.3,22.0,COOLING,0.3,22.0,COOLING,0.3,22.0,COOLING,23.065,22.107,22.331,22.316,22.455,23.065,22.107,0.958,1133.68,568.06,558.48,563.29,255.0,255.0,340.0,340.0,214.71,297.36,354.67,292.89,-198.18,132.81,-15.44,80.81,1050.0,1050.0,1050.0,1050.0,355.21,203.23,187.71,226.99,2823.51,1190.0,1159.63,4200.0,973.14,0.131,0.0,0.0,1.0,22.5,TARGETED_WEST_COMPUTE_COOL,2.0047
3,Distributed Heavy Compute,0,206,2060.0,14,3,3,4,4,84.43,81.94,HEAVY_CPU_LOAD,273.45,83.74,88.1,HEAVY_CPU_LOAD,281.82,88.23,87.1,HEAVY_CPU_LOAD,285.94,88.3,88.48,HEAVY_CPU_LOAD,288.1,84.64,84.52,HEAVY_CPU_LOAD,277.58,88.99,82.43,HEAVY_CPU_LOAD,279.88,83.85,81.55,HEAVY_CPU_LOAD,272.14,84.56,86.55,HEAVY_CPU_LOAD,280.52,86.21,86.45,HEAVY_CPU_LOAD,282.44,87.0,83.19,HEAVY_CPU_LOAD,278.53,28.72,50.0,248.6,0.3,22.0,COOLING,0.3,22.0,COOLING,0.3,22.0,COOLING,0.3,22.0,COOLING,23.072,22.111,22.335,22.321,22.46,23.072,22.111,0.961,1129.31,557.46,552.66,560.97,255.0,255.0,340.0,340.0,214.8,297.56,354.88,293.07,-198.78,133.16,-15.28,80.91,1050.0,1050.0,1050.0,1050.0,350.33,193.18,182.26,224.95,2800.4,1190.0,1160.31,4200.0,950.72,0.136,0.0,0.0,1.0,22.5,TARGETED_WEST_COMPUTE_COOL,2.0191
3,Distributed Heavy Compute,0,207,2070.0,14,3,3,4,4,84.99,87.6,HEAVY_CPU_LOAD,282.64,88.74,82.33,HEAVY_CPU_LOAD,279.42,87.05,83.96,HEAVY_CPU_LOAD,279.75,88.39,82.19,HEAVY_CPU_LOAD,278.77,85.4,83.95,HEAVY_CPU_LOAD,277.68,87.47,85.65,HEAVY_CPU_LOAD,282.81,85.99,82.36,HEAVY_CPU_LOAD,276.03,87.31,85.72,HEAVY_CPU_LOAD,282.72,86.62,86.97,HEAVY_CPU_LOAD,283.73,85.73,81.88,HEAVY_CPU_LOAD,274.98,28.72,50.0,248.8,0.3,22.0,COOLING,0.3,22.0,COOLING,0.3,22.0,COOLING,0.3,22.0,COOLING,23.079,22.115,22.339,22.326,22.465,23.079,22.115,0.964,1120.58,560.49,558.75,558.71,255.0,255.0,340.0,340.0,214.73,297.59,354.98,293.08,-199.37,133.5,-15.12,81.0,1050.0,1050.0,1050.0,1050.0,340.94,196.58,188.61,222.79,2798.53,1190.0,1160.38,4200.0,948.92,0.142,0.0,0.0,1.0,22.5,TARGETED_WEST_COMPUTE_COOL,2.0251
3,Distributed Heavy Compute,0,208,2080.0,14,3,3,4,4,83.8,84.27,HEAVY_CPU_LOAD,276.15,85.96,88.28,HEAVY_CPU_LOAD,284.87,86.07,85.84,HEAVY_CPU_LOAD,281.35,87.8,84.8,HEAVY_CPU_LOAD,281.95,86.45,84.85,HEAVY_CPU_LOAD,280.34,89.98,83.56,HEAVY_CPU_LOAD,282.82,89.62,84.58,HEAVY_CPU_LOAD,283.89,86.58,85.11,HEAVY_CPU_LOAD,280.89,86.53,82.11,HEAVY_CPU_LOAD,276.33,90.41,83.8,HEAVY_CPU_LOAD,283.71,28.72,50.0,248.9,0.3,22.0,COOLING,0.3,22.0,COOLING,0.3,22.0,COOLING,0.3,22.0,COOLING,23.086,22.119,22.343,22.331,22.47,23.086,22.119,0.967,1124.32,563.16,564.78,560.04,255.0,255.0,340.0,340.0,214.62,297.57,354.98,293.03,-199.97,133.85,-14.97,81.09,1050.0,1050.0,1050.0,1050.0,343.97,199.58,194.79,224.16,2812.3,1190.0,1160.2,4200.0,962.5,0.148,0.0,0.0,1.0,22.5,TARGETED_WEST_COMPUTE_COOL,2.0377
3,Distributed Heavy Compute,0,209,2090.0,14,3,3,4,4,90.09,85.33,HEAVY_CPU_LOAD,285.61,89.39,87.3,HEAVY_CPU_LOAD,287.69,90.01,88.16,HEAVY_CPU_LOAD,289.75,87.62,83.12,HEAVY_CPU_LOAD,279.21,87.13,83.41,HEAVY_CPU_LOAD,279.03,84.59,87.13,HEAVY_CPU_LOAD,281.43,89.18,87.36,HEAVY_CPU_LOAD,287.52,87.81,84.87,HEAVY_CPU_LOAD,282.07,86.88,83.59,HEAVY_CPU_LOAD,278.99,88.33,87.58,HEAVY_CPU_LOAD,286.78,28.73,50.0,249.0,0.3,22.0,COOLING,0.3,22.0,COOLING,0.3,22.0,COOLING,0.3,22.0,COOLING,23.093,22.123,22.347,22.336,22.475,23.093,22.123,0.97,1142.26,560.46,569.59,565.77,255.0,255.0,340.0,340.0,214.73,297.76,355.2,293.2,-200.56,134.19,-14.82,81.19,1050.0,1050.0,1050.0,1050.0,361.43,197.41,199.97,230.16,2838.08,1190.0,1160.89,4200.0,988.97,0.156,0.0,0.0,1.0,22.5,TARGETED_WEST_COMPUTE_COOL,2.0605
3,Distributed Heavy Compute,0,210,2100.0,14,3,3,4,4,90.37,87.0,HEAVY_CPU_LOAD,288.46,89.88,83.42,HEAVY_CPU_LOAD,282.48,89.94,82.0,HEAVY_CPU_LOAD,280.43,85.12,82.19,HEAVY_CPU_LOAD,274.69,83.75,87.42,HEAVY_CPU_LOAD,280.82,87.35,84.94,HEAVY_CPU_LOAD,281.6,87.24,81.85,HEAVY_CPU_LOAD,276.82,88.6,88.0,HEAVY_CPU_LOAD,287.75,87.41,82.97,HEAVY_CPU_LOAD,278.72,89.67,84.57,HEAVY_CPU_LOAD,283.94,28.73,50.0,249.2,0.3,22.0,COOLING,0.3,22.0,COOLING,0.3,22.0,COOLING,0.3,22.0,COOLING,23.1,22.127,22.351,22.341,22.48,23.1,22.127,0.973,1126.06,562.42,564.57,562.66,255.0,255.0,340.0,340.0,214.65,297.8,355.28,293.22,-201.16,134.53,-14.66,81.29,1050.0,1050.0,1050.0,1050.0,344.55,199.75,195.19,227.17,2815.71,1190.0,1160.95,4200.0,966.66,0.161,0.0,0.0,1.0,22.5,TARGETED_WEST_COMPUTE_COOL,2.0637
3,Distributed Heavy Compute,0,211,2110.0,14,3,3,4,4,88.09,84.4,HEAVY_CPU_LOAD,281.71,87.23,87.95,HEAVY_CPU_LOAD,285.96,86.1,81.9,HEAVY_CPU_LOAD,275.48,87.91,88.02,HEAVY_CPU_LOAD,286.92,85.11,87.38,HEAVY_CPU_LOAD,282.46,87.51,85.31,HEAVY_CPU_LOAD,282.35,88.63,85.34,HEAVY_CPU_LOAD,283.8,86.9,82.6,HEAVY_CPU_LOAD,277.52,88.09,82.07,HEAVY_CPU_LOAD,278.22,89.5,86.38,HEAVY_CPU_LOAD,286.44,28.73,50.0,249.3,0.3,22.0,COOLING,0.3,22.0,COOLING,0.3,22.0,COOLING,0.3,22.0,COOLING,23.107,22.131,22.355,22.346,22.485,23.107,22.131,0.976,1130.07,564.81,561.32,564.66,255.0,255.0,340.0,340.0,214.53,297.77,355.29,293.17,-201.76,134.88,-14.5,81.38,1050.0,1050.0,1050.0,1050.0,347.84,202.46,192.11,229.21,2820.86,1190.0,1160.76,4200.0,971.62,0.167,0.0,0.0,1.0,22.5,TARGETED_WEST_COMPUTE_COOL,2.0773
3,Distributed Heavy Compute,0,212,2120.0,14,3,3,4,4,85.53,81.82,HEAVY_CPU_LOAD,274.64,88.43,82.69,HEAVY_CPU_LOAD,279.57,85.05,83.18,HEAVY_CPU_LOAD,276.08,85.03,88.19,HEAVY_CPU_LOAD,283.57,87.47,85.82,HEAVY_CPU_LOAD,283.07,89.13,88.22,HEAVY_CPU_LOAD,288.74,90.39,83.09,HEAVY_CPU_LOAD,282.62,86.8,81.99,HEAVY_CPU_LOAD,276.49,87.3,84.27,HEAVY_CPU_LOAD,280.53,89.69,86.29,HEAVY_CPU_LOAD,286.55,28.74,50.0,249.4,0.3,22.0,COOLING,0.3,22.0,COOLING,0.3,22.0,COOLING,0.3,22.0,COOLING,23.114,22.135,22.359,22.351,22.49,23.114,22.135,0.979,1113.86,571.81,559.11,567.08,255.0,255.0,340.0,340.0,214.63,297.97,355.5,293.35,-202.35,135.22,-14.35,81.47,1050.0,1050.0,1050.0,1050.0,331.14,210.0,190.26,231.9,2811.86,1190.0,1161.45,4200.0,963.3,0.173,0.0,0.0,1.0,22.5,TARGETED_WEST_COMPUTE_COOL,2.0782
3,Distributed Heavy Compute,0,213,2130.0,14,3,3,4,4,85.06,84.73,HEAVY_CPU_LOAD,278.42,85.1,83.02,HEAVY_CPU_LOAD,275.9,86.04,83.85,HEAVY_CPU_LOAD,278.32,85.5,88.11,HEAVY_CPU_LOAD,284.04,84.04,86.62,HEAVY_CPU_LOAD,279.98,85.69,85.35,HEAVY_CPU_LOAD,280.14,84.16,81.68,HEAVY_CPU_LOAD,272.72,90.18,82.16,HEAVY_CPU_LOAD,280.97,89.17,88.24,HEAVY_CPU_LOAD,288.82,83.52,85.74,HEAVY_CPU_LOAD,278.01,28.74,50.0,249.6,0.3,22.0,COOLING,0.3,22.0,COOLING,0.3,22.0,COOLING,0.3,22.0,COOLING,23.121,22.139,22.363,22.356,22.495,23.121,22.139,0.982,1116.68,560.12,553.69,566.83,255.0,255.0,340.0,340.0,214.56,298.01,355.59,293.36,-202.95,135.57,-14.2,81.57,1050.0,1050.0,1050.0,1050.0,333.29,198.7,185.08,231.76,2797.32,1190.0,1161.52,4200.0,948.83,0.178,0.0,0.0,1.0,22.5,TARGETED_WEST_COMPUTE_COOL,2.0983
3,Distributed Heavy Compute,0,214,2140.0,14,3,3,4,4,90.15,87.94,HEAVY_CPU_LOAD,289.6,88.29,82.18,HEAVY_CPU_LOAD,278.63,86.62,85.41,HEAVY_CPU_LOAD,281.39,90.37,83.5,HEAVY_CPU_LOAD,283.21,83.8,84.32,HEAVY_CPU_LOAD,276.23,84.34,82.83,HEAVY_CPU_LOAD,274.67,85.1,87.28,HEAVY_CPU_LOAD,282.3,89.57,82.46,HEAVY_CPU_LOAD,280.65,85.78,85.67,HEAVY_CPU_LOAD,280.73,85.27,82.46,HEAVY_CPU_LOAD,275.28,28.74,50.0,249.7,0.3,22.0,COOLING,0.3,22.0,COOLING,0.3,22.0,COOLING,0.3,22.0,COOLING,23.128,22.143,22.367,22.361,22.5,23.128,22.143,0.985,1132.83,550.9,562.95,556.01,255.0,255.0,340.0,340.0,214.45,297.98,355.6,293.32,-203.54,135.91,-14.04,81.66,1050.0,1050.0,1050.0,1050.0,348.74,189.79,194.51,220.99,2802.69,1190.0,1161.35,4200.0,954.03,0.185,0.0,0.0,1.0,22.5,TARGETED_WEST_COMPUTE_COOL,2.1253
3,Distributed Heavy Compute,0,215,2150.0,14,3,3,4,4,86.03,85.16,HEAVY_CPU_LOAD,280.28,86.23,85.49,HEAVY_CPU_LOAD,281.02,86.6,84.62,HEAVY_CPU_LOAD,280.18,83.88,85.78,HEAVY_CPU_LOAD,278.52,88.07,81.74,HEAVY_CPU_LOAD,277.7,89.7,82.49,HEAVY_CPU_LOAD,280.86,88.1,82.67,HEAVY_CPU_LOAD,279.13,88.68,85.88,HEAVY_CPU_LOAD,284.67,86.59,83.58,HEAVY_CPU_LOAD,278.61,90.0,82.27,HEAVY_CPU_LOAD,280.9,28.75,50.0,249.9,0.3,22.0,COOLING,0.3,22.0,COOLING,0.3,22.0,COOLING,0.3,22.0,COOLING,23.135,22.147,22.371,22.366,22.505,23.135,22.147,0.988,1120.0,558.56,563.8,559.51,255.0,255.0,340.0,340.0,214.58,298.24,355.89,293.55,-204.13,136.26,-13.89,81.76,1050.0,1050.0,1050.0,1050.0,335.45,198.06,195.8,224.82,2801.87,1190.0,1162.26,4200.0,954.13,0.191,0.0,0.0,1.0,22.5,TARGETED_WEST_COMPUTE_COOL,2.1281
3,Distributed Heavy Compute,0,216,2160.0,14,3,3,4,4,88.39,86.94,HEAVY_CPU_LOAD,285.9,84.92,85.82,HEAVY_CPU_LOAD,279.88,90.47,83.37,HEAVY_CPU_LOAD,283.14,89.77,87.25,HEAVY_CPU_LOAD,288.09,89.84,82.79,HEAVY_CPU_LOAD,281.49,88.85,83.4,HEAVY_CPU_LOAD,281.16,89.68,88.08,HEAVY_CPU_LOAD,289.22,90.11,82.09,HEAVY_CPU_LOAD,280.77,84.05,84.16,HEAVY_CPU_LOAD,276.3,83.77,85.1,HEAVY_CPU_LOAD,277.36,28.75,50.0,250.0,0.3,22.0,COOLING,0.3,22.0,COOLING,0.3,22.0,COOLING,0.3,22.0,COOLING,23.142,22.151,22.375,22.37,22.509,23.142,22.151,0.991,1137.01,562.65,569.99,553.66,255.0,255.0,340.0,340.0,214.47,298.21,355.9,293.51,-204.73,136.61,-13.73,81.86,1050.0,1050.0,1050.0,1050.0,351.75,202.47,202.16,219.03,2823.31,1190.0,1162.09,4200.0,975.41,0.199,0.0,0.0,1.0,22.5,TARGETED_WEST_COMPUTE_COOL,2.1499
3,Distributed Heavy Compute,0,217,2170.0,14,3,3,4,4,88.75,88.39,HEAVY_CPU_LOAD,288.52,87.31,83.86,HEAVY_CPU_LOAD,279.93,87.2,83.19,HEAVY_CPU_LOAD,278.78,90.42,82.89,HEAVY_CPU_LOAD,282.36,84.89,87.98,HEAVY_CPU_LOAD,283.08,83.69,81.97,HEAVY_CPU_LOAD,272.57,90.22,85.76,HEAVY_CPU_LOAD,286.42,89.79,84.84,HEAVY_CPU_LOAD,284.5,84.71,84.37,HEAVY_CPU_LOAD,277.44,88.04,83.92,HEAVY_CPU_LOAD,280.93,28.75,50.0,250.1,0.3,22.0,COOLING,0.3,22.0,COOLING,0.3,22.0,COOLING,0.3,22.0,COOLING,23.149,22.155,22.379,22.375,22.515,23.149,22.155,0.994,1129.59,555.65,570.92,558.37,255.0,255.0,340.0,340.0,214.36,298.19,355.9,293.48,-205.43,136.94,-13.68,82.18,1050.0,1050.0,1050.0,1050.0,343.52,195.78,203.14,224.03,2814.53,1190.0,1161.93,4200.0,966.47,0.204,0.0,0.0,1.0,22.5,TARGETED_WEST_COMPUTE_COOL,2.1629
3,Distributed Heavy Compute,0,218,2180.0,14,3,3,4,4,83.63,88.08,HEAVY_CPU_LOAD,281.66,88.59,83.01,HEAVY_CPU_LOAD,280.25,85.34,83.65,HEAVY_CPU_LOAD,277.15,85.06,87.69,HEAVY_CPU_LOAD,282.86,84.58,85.74,HEAVY_CPU_LOAD,279.33,86.72,82.73,HEAVY_CPU_LOAD,277.5,83.69,87.2,HEAVY_CPU_LOAD,280.41,85.28,86.65,HEAVY_CPU_LOAD,281.57,85.54,85.5,HEAVY_CPU_LOAD,280.18,88.39,83.29,HEAVY_CPU_LOAD,280.42,28.76,50.0,250.3,0.3,22.0,COOLING,0.3,22.0,COOLING,0.3,22.0,COOLING,0.3,22.0,COOLING,23.156,22.159,22.383,22.38,22.52,23.156,22.159,0.997,1121.92,556.83,561.98,560.6,255.0,255.0,340.0,340.0,214.5,298.45,356.2,293.72,-206.03,137.28,-13.53,82.28,1050.0,1050.0,1050.0,1050.0,335.39,197.56,194.65,226.6,2801.33,1190.0,1162.87,4200.0,954.2,0.21,0.0,0.0,1.0,22.5,TARGETED_WEST_COMPUTE_COOL,2.1721
3,Distributed Heavy Compute,0,219,2190.0,14,3,3,4,4,85.82,81.76,HEAVY_CPU_LOAD,274.91,86.06,85.59,HEAVY_CPU_LOAD,280.96,89.96,82.42,HEAVY_CPU_LOAD,281.08,83.87,83.88,HEAVY_CPU_LOAD,275.66,84.32,84.03,HEAVY_CPU_LOAD,276.44,85.49,82.3,HEAVY_CPU_LOAD,275.31,88.98,82.65,HEAVY_CPU_LOAD,280.2,89.11,86.49,HEAVY_CPU_LOAD,286.12,84.93,81.82,HEAVY_CPU_LOAD,273.89,84.65,85.2,HEAVY_CPU_LOAD,278.61,28.76,50.0,250.4,0.3,22.0,COOLING,0.3,22.0,COOLING,0.3,22.0,COOLING,0.3,22.0,COOLING,23.163,22.163,22.387,22.384,22.524,23.163,22.163,1.0,1112.61,551.75,566.32,552.5,255.0,255.0,340.0,340.0,214.39,298.42,356.21,293.67,-206.62,137.62,-13.38,82.38,1050.0,1050.0,1050.0,1050.0,325.38,192.79,199.15,218.55,2783.18,1190.0,1162.69,4200.0,935.87,0.215,0.0,0.0,1.0,22.5,TARGETED_WEST_COMPUTE_COOL,2.1844
3,Distributed Heavy Compute,0,220,2200.0,14,3,3,4,4,84.23,83.7,HEAVY_CPU_LOAD,275.84,89.24,84.03,HEAVY_CPU_LOAD,282.6,86.87,83.55,HEAVY_CPU_LOAD,278.91,89.69,87.66,HEAVY_CPU_LOAD,288.6,84.07,84.23,HEAVY_CPU_LOAD,276.43,85.29,83.07,HEAVY_CPU_LOAD,276.22,90.13,81.83,HEAVY_CPU_LOAD,280.41,88.87,83.95,HEAVY_CPU_LOAD,282.01,89.89,84.59,HEAVY_CPU_LOAD,284.25,85.32,81.89,HEAVY_CPU_LOAD,274.48,28.76,50.0,250.6,0.3,22.0,COOLING,0.3,22.0,COOLING,0.3,22.0,COOLING,0.3,22.0,COOLING,23.17,22.167,22.391,22.389,22.529,23.17,22.167,1.003,1125.95,552.65,562.42,558.73,255.0,255.0,340.0,340.0,214.31,298.46,356.29,293.7,-207.33,137.96,-13.33,82.71,1050.0,1050.0,1050.0,1050.0,337.93,194.07,195.38,225.14,2799.75,1190.0,1162.76,4200.0,952.52,0.222,0.0,0.0,1.0,22.5,TARGETED_WEST_COMPUTE_COOL,2.2058
3,Distributed Heavy Compute,0,221,2210.0,14,3,3,4,4,84.62,87.07,HEAVY_CPU_LOAD,281.38,87.85,86.64,HEAVY_CPU_LOAD,284.77,85.75,81.61,HEAVY_CPU_LOAD,274.6,90.16,81.75,HEAVY_CPU_LOAD,280.32,85.09,88.1,HEAVY_CPU_LOAD,283.51,88.43,82.95,HEAVY_CPU_LOAD,279.96,89.8,86.75,HEAVY_CPU_LOAD,287.38,88.16,84.63,HEAVY_CPU_LOAD,282.14,83.84,87.69,HEAVY_CPU_LOAD,281.34,89.59,82.81,HEAVY_CPU_LOAD,281.2,28.77,50.0,250.7,0.3,22.0,COOLING,0.3,22.0,COOLING,0.3,22.0,COOLING,0.3,22.0,COOLING,23.177,22.171,22.395,22.394,22.534,23.177,22.171,1.006,1121.07,563.47,569.52,562.54,255.0,255.0,340.0,340.0,214.41,298.65,356.51,293.88,-207.93,138.3,-13.17,82.8,1050.0,1050.0,1050.0,1050.0,332.55,205.42,202.86,229.22,2816.6,1190.0,1163.45,4200.0,970.05,0.229,0.0,0.0,1.0,22.5,TARGETED_WEST_COMPUTE_COOL,2.2126
3,Distributed Heavy Compute,0,222,2220.0,14,3,3,4,4,86.29,86.13,HEAVY_CPU_LOAD,282.06,86.93,84.82,HEAVY_CPU_LOAD,280.89,86.09,83.14,HEAVY_CPU_LOAD,277.32,84.48,86.68,HEAVY_CPU_LOAD,280.62,85.17,83.03,HEAVY_CPU_LOAD,276.01,84.26,85.36,HEAVY_CPU_LOAD,278.37,84.27,83.47,HEAVY_CPU_LOAD,275.54,85.26,84.01,HEAVY_CPU_LOAD,277.59,89.63,83.74,HEAVY_CPU_LOAD,282.65,84.89,84.77,HEAVY_CPU_LOAD,278.27,28.77,50.0,250.8,0.3,22.0,COOLING,0.3,22.0,COOLING,0.3,22.0,COOLING,0.3,22.0,COOLING,23.184,22.175,22.399,22.399,22.539,23.184,22.175,1.009,1120.89,554.38,553.13,560.92,255.0,255.0,340.0,340.0,214.3,298.63,356.51,293.83,-208.52,138.65,-13.02,82.9,1050.0,1050.0,1050.0,1050.0,331.67,196.66,186.62,227.65,2789.32,1190.0,1163.27,4200.0,942.6,0.234,0.0,0.0,1.0,22.5,TARGETED_WEST_COMPUTE_COOL,2.2319
3,Distributed Heavy Compute,0,223,2230.0,14,3,3,4,4,90.15,82.42,HEAVY_CPU_LOAD,281.32,86.12,82.17,HEAVY_CPU_LOAD,275.9,89.83,82.62,HEAVY_CPU_LOAD,281.22,90.18,86.49,HEAVY_CPU_LOAD,287.46,86.61,82.59,HEAVY_CPU_LOAD,277.15,86.96,87.46,HEAVY_CPU_LOAD,284.89,88.29,82.87,HEAVY_CPU_LOAD,279.67,86.92,84.88,HEAVY_CPU_LOAD,280.97,86.24,83.59,HEAVY_CPU_LOAD,278.19,83.97,86.36,HEAVY_CPU_LOAD,279.5,28.77,50.0,251.0,0.3,22.0,COOLING,0.3,22.0,COOLING,0.3,22.0,COOLING,0.3,22.0,COOLING,23.191,22.179,22.403,22.404,22.544,23.191,22.179,1.012,1125.9,562.04,560.64,557.69,255.0,255.0,340.0,340.0,214.22,298.67,356.6,293.86,-209.12,138.99,-12.87,82.99,1050.0,1050.0,1050.0,1050.0,336.0,204.7,194.37,224.54,2806.27,1190.0,1163.35,4200.0,959.61,0.241,0.0,0.0,1.0,22.5,TARGETED_WEST_COMPUTE_COOL,2.2465
3,Distributed Heavy Compute,0,224,2240.0,14,3,3,4,4,88.4,86.46,HEAVY_CPU_LOAD,285.19,89.89,83.73,HEAVY_CPU_LOAD,282.96,87.54,81.54,HEAVY_CPU_LOAD,276.74,87.49,85.83,HEAVY_CPU_LOAD,283.11,88.66,81.84,HEAVY_CPU_LOAD,278.58,83.73,85.21,HEAVY_CPU_LOAD,277.48,90.28,85.8,HEAVY_CPU_LOAD,286.55,87.73,86.64,HEAVY_CPU_LOAD,284.62,89.9,86.83,HEAVY_CPU_LOAD,287.62,87.93,86.11,HEAVY_CPU_LOAD,284.08,28.78,50.0,251.1,0.3,22.0,COOLING,0.3,22.0,COOLING,0.3,22.0,COOLING,0.3,22.0,COOLING,23.198,22.183,22.407,22.409,22.549,23.198,22.183,1.015,1128.0,556.06,571.17,571.7,255.0,255.0,340.0,340.0,214.32,298.86,356.82,294.02,-209.71,139.34,-12.71,83.08,1050.0,1050.0,1050.0,1050.0,337.61,199.26,205.28,238.8,2826.93,1190.0,1164.02,4200.0,980.95,0.247,0.0,0.0,1.0,22.5,TARGETED_WEST_COMPUTE_COOL,2.2657
3,Distributed Heavy Compute,0,225,2250.0,14,3,3,4,4,85.85,82.89,HEAVY_CPU_LOAD,276.65,88.88,82.47,HEAVY_CPU_LOAD,279.81,83.97,85.57,HEAVY_CPU_LOAD,278.32,87.47,81.62,HEAVY_CPU_LOAD,276.77,86.56,87.89,HEAVY_CPU_LOAD,285.03,87.05,83.47,HEAVY_CPU_LOAD,279.02,84.26,87.18,HEAVY_CPU_LOAD,281.1,89.32,88.11,HEAVY_CPU_LOAD,288.81,89.84,85.06,HEAVY_CPU_LOAD,284.89,90.0,84.48,HEAVY_CPU_LOAD,284.22,28.78,50.0,251.2,0.3,22.0,COOLING,0.3,22.0,COOLING,0.3,22.0,COOLING,0.3,22.0,COOLING,23.205,22.187,22.411,22.414,22.554,23.205,22.187,1.018,1111.55,564.05,569.91,569.11,255.0,255.0,340.0,340.0,214.21,298.84,356.82,293.98,-210.31,139.68,-12.56,83.18,1050.0,1050.0,1050.0,1050.0,320.45,207.57,204.17,236.27,2814.62,1190.0,1163.85,4200.0,968.46,0.253,0.0,0.0,1.0,22.5,TARGETED_WEST_COMPUTE_COOL,2.2682
3,Distributed Heavy Compute,0,226,2260.0,14,3,3,4,4,85.63,82.13,HEAVY_CPU_LOAD,275.23,83.85,86.71,HEAVY_CPU_LOAD,279.88,90.28,85.67,HEAVY_CPU_LOAD,286.36,85.38,86.7,HEAVY_CPU_LOAD,281.77,85.01,82.44,HEAVY_CPU_LOAD,274.92,87.3,83.0,HEAVY_CPU_LOAD,278.62,89.74,87.35,HEAVY_CPU_LOAD,288.2,87.52,83.52,HEAVY_CPU_LOAD,279.68,84.33,82.17,HEAVY_CPU_LOAD,273.67,85.65,83.67,HEAVY_CPU_LOAD,277.57,28.78,50.0,251.4,0.3,22.0,COOLING,0.3,22.0,COOLING,0.3,22.0,COOLING,0.3,22.0,COOLING,23.212,22.191,22.415,22.418,22.559,23.212,22.191,1.021,1123.24,553.54,567.88,551.24,255.0,255.0,340.0,340.0,214.13,298.87,356.9,293.99,-210.9,140.02,-12.4,83.27,1050.0,1050.0,1050.0,1050.0,331.47,197.43,202.38,218.5,2795.9,1190.0,1163.89,4200.0,949.78,0.259,0.0,0.0,1.0,22.5,TARGETED_WEST_COMPUTE_COOL,2.2967
3,Distributed Heavy Compute,0,227,2270.0,14,3,3,4,4,90.48,88.33,HEAVY_CPU_LOAD,290.6,89.37,84.73,HEAVY_CPU_LOAD,283.81,84.49,81.68,HEAVY_CPU_LOAD,273.13,83.87,83.63,HEAVY_CPU_LOAD,275.28,84.38,84.41,HEAVY_CPU_LOAD,277.09,86.54,87.66,HEAVY_CPU_LOAD,284.66,85.6,86.86,HEAVY_CPU_LOAD,282.29,89.41,85.08,HEAVY_CPU_LOAD,284.38,89.32,82.36,HEAVY_CPU_LOAD,280.19,87.92,83.98,HEAVY_CPU_LOAD,280.87,28.79,50.0,251.5,0.3,22.0,COOLING,0.3,22.0,COOLING,0.3,22.0,COOLING,0.3,22.0,COOLING,23.219,22.195,22.419,22.423,22.564,23.219,22.195,1.024,1122.82,561.75,566.67,561.06,255.0,255.0,340.0,340.0,214.24,299.07,357.12,294.19,-211.61,140.36,-12.36,83.61,1050.0,1050.0,1050.0,1050.0,330.45,206.18,201.43,228.86,2812.3,1190.0,1164.62,4200.0,966.92,0.265,0.0,0.0,1.0,22.5,TARGETED_WEST_COMPUTE_COOL,2.3083
3,Distributed Heavy Compute,0,228,2280.0,14,3,3,4,4,85.25,84.56,HEAVY_CPU_LOAD,278.4,90.02,82.14,HEAVY_CPU_LOAD,280.74,88.07,85.42,HEAVY_CPU_LOAD,283.22,88.45,82.47,HEAVY_CPU_LOAD,279.27,88.96,88.29,HEAVY_CPU_LOAD,288.63,88.08,88.37,HEAVY_CPU_LOAD,287.66,84.95,83.04,HEAVY_CPU_LOAD,275.75,88.07,86.2,HEAVY_CPU_LOAD,284.39,87.96,86.91,HEAVY_CPU_LOAD,285.31,87.22,86.13,HEAVY_CPU_LOAD,283.22,28.79,50.0,251.7,0.3,22.0,COOLING,0.3,22.0,COOLING,0.3,22.0,COOLING,0.3,22.0,COOLING,23.226,22.2,22.423,22.428,22.569,23.226,22.2,1.026,1121.63,576.29,560.14,568.53,255.0,255.0,340.0,340.0,214.17,299.1,357.22,294.2,-212.2,140.7,-12.2,83.7,1050.0,1050.0,1050.0,1050.0,328.6,221.09,195.16,236.43,2826.59,1190.0,1164.69,4200.0,981.28,0.272,0.0,0.0,1.0,22.5,TARGETED_WEST_COMPUTE_COOL,2.3128
3,Distributed Heavy Compute,0,229,2290.0,14,3,3,4,4,88.57,83.42,HEAVY_CPU_LOAD,280.84,90.31,83.73,HEAVY_CPU_LOAD,283.48,85.93,83.63,HEAVY_CPU_LOAD,277.86,90.46,86.64,HEAVY_CPU_LOAD,288.03,84.24,85.7,HEAVY_CPU_LOAD,278.85,88.11,87.08,HEAVY_CPU_LOAD,285.76,88.38,88.26,HEAVY_CPU_LOAD,287.87,87.0,86.6,HEAVY_CPU_LOAD,283.65,89.46,83.67,HEAVY_CPU_LOAD,282.33,84.1,81.84,HEAVY_CPU_LOAD,272.88,28.8,50.0,251.8,0.3,22.0,COOLING,0.3,22.0,COOLING,0.3,22.0,COOLING,0.3,22.0,COOLING,23.233,22.204,22.427,22.433,22.574,23.233,22.204,1.029,1130.21,564.61,571.52,555.21,255.0,255.0,340.0,340.0,214.26,299.28,357.43,294.38,-212.68,140.81,-11.93,83.81,1050.0,1050.0,1050.0,1050.0,336.79,209.7,207.02,223.4,2821.55,1190.0,1165.35,4200.0,976.91,0.278,0.0,0.0,1.0,22.5,TARGETED_WEST_COMPUTE_COOL,2.3407
3,Distributed Heavy Compute,0,230,2300.0,14,3,3,4,4,86.14,86.2,HEAVY_CPU_LOAD,281.98,84.55,88.04,HEAVY_CPU_LOAD,282.75,90.28,88.04,HEAVY_CPU_LOAD,289.91,86.86,81.7,HEAVY_CPU_LOAD,276.12,83.65,83.46,HEAVY_CPU_LOAD,274.75,87.89,83.23,HEAVY_CPU_LOAD,279.71,87.08,86.21,HEAVY_CPU_LOAD,283.17,85.73,88.28,HEAVY_CPU_LOAD,284.58,86.55,84.64,HEAVY_CPU_LOAD,280.15,86.45,81.73,HEAVY_CPU_LOAD,275.66,28.8,50.0,251.9,0.3,22.0,COOLING,0.3,22.0,COOLING,0.3,22.0,COOLING,0.3,22.0,COOLING,23.24,22.208,22.431,22.438,22.579,23.24,22.208,1.032,1130.76,554.46,567.75,555.81,255.0,255.0,340.0,340.0,214.15,299.25,357.43,294.33,-213.28,141.15,-11.78,83.91,1050.0,1050.0,1050.0,1050.0,336.63,199.86,203.4,224.05,2808.78,1190.0,1165.16,4200.0,963.94,0.284,0.0,0.001,1.0,22.5,TARGETED_WEST_COMPUTE_COOL,2.3627
3,Distributed Heavy Compute,0,231,2310.0,14,3,3,4,4,90.0,87.88,HEAVY_CPU_LOAD,289.32,86.23,82.39,HEAVY_CPU_LOAD,276.37,89.32,83.26,HEAVY_CPU_LOAD,281.54,85.97,85.85,HEAVY_CPU_LOAD,281.24,84.4,82.54,HEAVY_CPU_LOAD,274.31,86.11,86.04,HEAVY_CPU_LOAD,281.7,86.28,85.47,HEAVY_CPU_LOAD,281.06,85.95,86.7,HEAVY_CPU_LOAD,282.49,88.63,83.0,HEAVY_CPU_LOAD,280.29,90.3,87.92,HEAVY_CPU_LOAD,289.75,28.8,50.0,252.1,0.3,22.0,COOLING,0.3,22.0,COOLING,0.3,22.0,COOLING,0.3,22.0,COOLING,23.247,22.212,22.435,22.443,22.584,23.247,22.212,1.035,1128.47,556.01,563.55,570.04,255.0,255.0,340.0,340.0,214.08,299.29,357.52,294.34,-213.87,141.5,-11.63,84.0,1050.0,1050.0,1050.0,1050.0,333.68,201.8,199.44,238.38,2818.07,1190.0,1165.23,4200.0,973.3,0.29,0.0,0.007,1.0,22.5,TARGETED_WEST_COMPUTE_COOL,2.3771
3,Distributed Heavy Compute,0,232,2320.0,14,3,3,4,4,87.93,84.69,HEAVY_CPU_LOAD,281.95,89.88,83.22,HEAVY_CPU_LOAD,282.18,88.84,86.49,HEAVY_CPU_LOAD,285.79,84.23,84.3,HEAVY_CPU_LOAD,276.74,85.47,82.52,HEAVY_CPU_LOAD,275.62,85.42,83.77,HEAVY_CPU_LOAD,277.43,87.47,87.36,HEAVY_CPU_LOAD,285.38,85.35,84.6,HEAVY_CPU_LOAD,278.59,89.83,85.42,HEAVY_CPU_LOAD,285.42,84.86,83.86,HEAVY_CPU_LOAD,276.87,28.81,50.0,252.2,0.3,22.0,COOLING,0.3,22.0,COOLING,0.3,22.0,COOLING,0.3,22.0,COOLING,23.254,22.216,22.439,22.448,22.589,23.254,22.216,1.038,1126.66,553.05,563.97,562.29,255.0,255.0,340.0,340.0,214.18,299.48,357.73,294.51,-214.47,141.84,-11.47,84.09,1050.0,1050.0,1050.0,1050.0,331.37,199.37,200.23,230.89,2805.97,1190.0,1165.9,4200.0,961.86,0.295,0.0,0.011,1.0,22.5,TARGETED_WEST_COMPUTE_COOL,2.3949
3,Distributed Heavy Compute,0,233,2330.0,14,3,3,4,4,85.22,81.56,HEAVY_CPU_LOAD,273.87,85.84,83.16,HEAVY_CPU_LOAD,277.04,84.37,86.9,HEAVY_CPU_LOAD,280.81,90.1,82.27,HEAVY_CPU_LOAD,281.03,90.37,87.5,HEAVY_CPU_LOAD,289.21,87.73,87.12,HEAVY_CPU_LOAD,285.34,85.06,88.26,HEAVY_CPU_LOAD,283.72,90.05,87.05,HEAVY_CPU_LOAD,288.14,85.16,84.45,HEAVY_CPU_LOAD,278.12,89.43,83.88,HEAVY_CPU_LOAD,282.61,28.81,50.0,252.4,0.3,22.0,COOLING,0.3,22.0,COOLING,0.3,22.0,COOLING,0.3,22.0,COOLING,23.26,22.221,22.443,22.453,22.594,23.26,22.221,1.039,1112.75,574.55,571.86,560.73,255.0,255.0,340.0,340.0,214.1,299.52,357.83,294.53,-215.07,142.19,-11.31,84.19,1050.0,1050.0,1050.0,1050.0,316.78,221.26,208.38,229.45,2819.89,1190.0,1165.98,4200.0,975.87,0.302,0.0,0.017,1.0,22.5,TARGETED_WEST_COMPUTE_COOL,2.3849
3,Distributed Heavy Compute,0,234,2340.0,14,3,3,4,4,84.54,85.57,HEAVY_CPU_LOAD,279.03,86.72,81.68,HEAVY_CPU_LOAD,275.92,88.49,88.0,HEAVY_CPU_LOAD,287.61,83.65,83.41,HEAVY_CPU_LOAD,274.68,87.97,82.96,HEAVY_CPU_LOAD,279.4,90.38,86.0,HEAVY_CPU_LOAD,286.98,85.73,86.79,HEAVY_CPU_LOAD,282.35,87.58,88.11,HEAVY_CPU_LOAD,286.64,84.23,82.51,HEAVY_CPU_LOAD,274.05,83.74,87.65,HEAVY_CPU_LOAD,281.15,28.81,50.0,252.5,0.3,22.0,COOLING,0.3,22.0,COOLING,0.3,22.0,COOLING,0.3,22.0,COOLING,23.267,22.225,22.447,22.458,22.599,23.267,22.225,1.042,1117.24,566.38,568.99,555.2,255.0,255.0,340.0,340.0,214.01,299.47,357.83,294.49,-215.32,142.19,-11.07,84.19,1050.0,1050.0,1050.0,1050.0,320.93,213.04,205.75,223.88,2807.81,1190.0,1165.8,4200.0,963.6,0.308,0.0,0.021,1.0,22.5,TARGETED_WEST_COMPUTE_COOL,2.4095
3,Distributed Heavy Compute,0,235,2350.0,14,3,3,4,4,85.85,87.04,HEAVY_CPU_LOAD,282.87,89.42,82.26,HEAVY_CPU_LOAD,280.17,84.24,82.11,HEAVY_CPU_LOAD,273.47,89.55,84.21,HEAVY_CPU_LOAD,283.25,85.51,84.23,HEAVY_CPU_LOAD,278.23,85.42,85.67,HEAVY_CPU_LOAD,280.28,84.33,87.27,HEAVY_CPU_LOAD,281.32,84.17,81.79,HEAVY_CPU_LOAD,272.9,89.94,85.56,HEAVY_CPU_LOAD,285.76,87.39,83.66,HEAVY_CPU_LOAD,279.73,28.82,50.0,252.6,0.3,22.0,COOLING,0.3,22.0,COOLING,0.3,22.0,COOLING,0.3,22.0,COOLING,23.274,22.229,22.451,22.463,22.604,23.274,22.229,1.045,1119.76,558.51,554.22,565.49,255.0,255.0,340.0,340.0,214.11,299.67,358.04,294.66,-215.91,142.53,-10.91,84.29,1050.0,1050.0,1050.0,1050.0,322.96,205.71,191.35,234.44,2797.98,1190.0,1166.48,4200.0,954.46,0.313,0.0,0.026,1.0,22.5,TARGETED_WEST_COMPUTE_COOL,2.4321
3,Distributed Heavy Compute,0,236,2360.0,14,3,3,4,4,86.41,86.49,HEAVY_CPU_LOAD,282.75,90.42,87.65,HEAVY_CPU_LOAD,289.5,84.29,84.43,HEAVY_CPU_LOAD,277.01,87.73,83.49,HEAVY_CPU_LOAD,279.9,89.94,86.47,HEAVY_CPU_LOAD,287.13,85.67,83.64,HEAVY_CPU_LOAD,277.55,87.72,84.41,HEAVY_CPU_LOAD,281.26,89.58,87.05,HEAVY_CPU_LOAD,287.55,87.14,85.05,HEAVY_CPU_LOAD,281.5,87.72,85.69,HEAVY_CPU_LOAD,283.18,28.82,50.0,252.8,0.3,22.0,COOLING,0.3,22.0,COOLING,0.3,22.0,COOLING,0.3,22.0,COOLING,23.281,22.233,22.455,22.468,22.609,23.281,22.233,1.048,1129.16,564.68,568.81,564.68,255.0,255.0,340.0,340.0,214.04,299.71,358.13,294.68,-216.51,142.88,-10.76,84.38,1050.0,1050.0,1050.0,1050.0,331.69,212.27,206.18,233.74,2827.33,1190.0,1166.56,4200.0,983.88,0.32,0.0,0.032,1.0,22.5,TARGETED_WEST_COMPUTE_COOL,2.4531
3,Distributed Heavy Compute,0,237,2370.0,14,3,3,4,4,89.36,86.53,HEAVY_CPU_LOAD,286.5,85.14,83.26,HEAVY_CPU_LOAD,276.31,85.38,84.26,HEAVY_CPU_LOAD,278.12,89.35,82.83,HEAVY_CPU_LOAD,280.93,87.77,85.07,HEAVY_CPU_LOAD,282.32,84.09,84.57,HEAVY_CPU_LOAD,276.97,87.92,87.48,HEAVY_CPU_LOAD,286.12,84.6,84.91,HEAVY_CPU_LOAD,278.12,88.02,82.15,HEAVY_CPU_LOAD,278.25,83.62,84.33,HEAVY_CPU_LOAD,276.02,28.82,50.0,252.9,0.3,22.0,COOLING,0.3,22.0,COOLING,0.3,22.0,COOLING,0.3,22.0,COOLING,23.288,22.237,22.459,22.473,22.614,23.288,22.237,1.051,1121.86,559.29,564.24,554.27,255.0,255.0,340.0,340.0,213.93,299.68,358.14,294.63,-217.1,143.22,-10.6,84.47,1050.0,1050.0,1050.0,1050.0,323.69,207.19,201.78,223.37,2799.66,1190.0,1166.38,4200.0,956.03,0.325,0.0,0.036,1.0,22.5,TARGETED_WEST_COMPUTE_COOL,2.4695
3,Distributed Heavy Compute,0,238,2380.0,14,3,3,4,4,87.76,84.4,HEAVY_CPU_LOAD,281.3,85.22,86.39,HEAVY_CPU_LOAD,281.11,88.9,82.38,HEAVY_CPU_LOAD,279.69,84.96,84.14,HEAVY_CPU_LOAD,277.41,83.62,86.79,HEAVY_CPU_LOAD,279.71,84.83,87.56,HEAVY_CPU_LOAD,282.38,85.89,82.9,HEAVY_CPU_LOAD,276.71,83.53,83.49,HEAVY_CPU_LOAD,274.65,84.91,82.3,HEAVY_CPU_LOAD,274.59,88.07,84.65,HEAVY_CPU_LOAD,282.06,28.83,50.0,253.1,0.3,22.0,COOLING,0.3,22.0,COOLING,0.3,22.0,COOLING,0.3,22.0,COOLING,23.295,22.241,22.463,22.478,22.619,23.295,22.241,1.054,1119.51,562.09,551.36,556.65,255.0,255.0,340.0,340.0,214.06,299.94,358.44,294.87,-217.7,143.57,-10.45,84.57,1050.0,1050.0,1050.0,1050.0,320.87,210.6,189.35,226.09,2789.61,1190.0,1167.31,4200.0,946.91,0.331,0.0,0.04,1.0,22.5,TARGETED_WEST_COMPUTE_COOL,2.4847
3,Distributed Heavy Compute,0,239,2390.0,14,3,3,4,4,85.42,87.79,HEAVY_CPU_LOAD,283.46,86.63,82.43,HEAVY_CPU_LOAD,276.93,86.66,87.32,HEAVY_CPU_LOAD,284.3,83.87,82.87,HEAVY_CPU_LOAD,274.14,87.61,85.4,HEAVY_CPU_LOAD,282.61,85.04,85.29,HEAVY_CPU_LOAD,279.24,86.29,81.54,HEAVY_CPU_LOAD,275.17,87.63,87.8,HEAVY_CPU_LOAD,286.24,85.22,81.56,HEAVY_CPU_LOAD,273.87,85.61,86.8,HEAVY_CPU_LOAD,282.21,28.83,50.0,253.2,0.3,22.0,COOLING,0.3,22.0,COOLING,0.3,22.0,COOLING,0.3,22.0,COOLING,23.302,22.245,22.467,22.483,22.624,23.302,22.245,1.057,1118.83,561.85,561.41,556.08,255.0,255.0,340.0,340.0,213.95,299.91,358.44,294.82,-218.29,143.92,-10.29,84.66,1050.0,1050.0,1050.0,1050.0,319.49,210.68,199.56,225.56,2798.17,1190.0,1167.12,4200.0,955.29,0.337,0.0,0.046,1.0,22.5,TARGETED_WEST_COMPUTE_COOL,2.5032
3,Distributed Heavy Compute,0,240,2400.0,14,3,3,4,4,89.15,84.94,HEAVY_CPU_LOAD,283.85,88.26,81.88,HEAVY_CPU_LOAD,278.14,87.97,84.95,HEAVY_CPU_LOAD,282.39,84.43,88.39,HEAVY_CPU_LOAD,283.12,84.67,81.55,HEAVY_CPU_LOAD,273.16,84.33,84.07,HEAVY_CPU_LOAD,276.52,87.1,87.07,HEAVY_CPU_LOAD,284.48,85.85,84.96,HEAVY_CPU_LOAD,279.75,90.43,82.58,HEAVY_CPU_LOAD,281.91,90.37,84.49,HEAVY_CPU_LOAD,284.7,28.83,50.0,253.3,0.3,22.0,COOLING,0.3,22.0,COOLING,0.3,22.0,COOLING,0.3,22.0,COOLING,23.309,22.249,22.471,22.488,22.629,23.309,22.249,1.06,1127.5,549.68,564.23,566.61,255.0,255.0,340.0,340.0,213.84,299.89,358.44,294.77,-218.88,144.26,-10.13,84.76,1050.0,1050.0,1050.0,1050.0,327.46,198.83,202.54,236.14,2808.02,1190.0,1166.94,4200.0,964.97,0.343,0.0,0.051,1.0,22.5,TARGETED_WEST_COMPUTE_COOL,2.5331
3,Distributed Heavy Compute,0,241,2410.0,14,3,3,4,4,89.02,83.13,HEAVY_CPU_LOAD,280.97,86.43,86.1,HEAVY_CPU_LOAD,282.19,88.07,84.59,HEAVY_CPU_LOAD,281.97,84.68,85.78,HEAVY_CPU_LOAD,279.52,88.2,84.13,HEAVY_CPU_LOAD,281.44,89.38,82.81,HEAVY_CPU_LOAD,280.94,89.31,87.18,HEAVY_CPU_LOAD,287.41,87.45,83.27,HEAVY_CPU_LOAD,279.22,88.67,83.91,HEAVY_CPU_LOAD,281.7,87.7,87.38,HEAVY_CPU_LOAD,285.69,28.84,50.0,253.5,0.3,22.0,COOLING,0.3,22.0,COOLING,0.3,22.0,COOLING,0.3,22.0,COOLING,23.316,22.253,22.475,22.493,22.634,23.316,22.253,1.063,1124.65,562.38,566.63,567.39,255.0,255.0,340.0,340.0,213.98,300.15,358.74,295.01,-219.48,144.61,-9.98,84.86,1050.0,1050.0,1050.0,1050.0,324.15,212.14,205.39,237.26,2821.05,1190.0,1167.88,4200.0,978.94,0.349,0.0,0.057,1.0,22.5,TARGETED_WEST_COMPUTE_COOL,2.5441
3,Distributed Heavy Compute,0,242,2420.0,14,3,3,4,4,89.73,83.62,HEAVY_CPU_LOAD,282.59,86.41,87.77,HEAVY_CPU_LOAD,284.67,85.62,87.44,HEAVY_CPU_LOAD,283.19,88.54,87.46,HEAVY_CPU_LOAD,286.87,84.93,83.82,HEAVY_CPU_LOAD,276.89,88.33,88.34,HEAVY_CPU_LOAD,287.92,86.45,81.86,HEAVY_CPU_LOAD,275.85,86.35,88.24,HEAVY_CPU_LOAD,285.3,87.72,82.43,HEAVY_CPU_LOAD,278.29,84.12,86.76,HEAVY_CPU_LOAD,280.29,28.84,50.0,253.6,0.3,22.0,COOLING,0.3,22.0,COOLING,0.3,22.0,COOLING,0.3,22.0,COOLING,23.323,22.257,22.479,22.498,22.639,23.323,22.257,1.066,1137.32,564.81,561.15,558.58,255.0,255.0,340.0,340.0,213.87,300.12,358.75,294.96,-220.07,144.95,-9.83,84.95,1050.0,1050.0,1050.0,1050.0,336.12,214.88,200.07,228.49,2821.86,1190.0,1167.7,4200.0,979.56,0.356,0.0,0.061,1.0,22.5,TARGETED_WEST_COMPUTE_COOL,2.5699
3,Distributed Heavy Compute,0,243,2430.0,14,3,3,4,4,86.45,86.11,HEAVY_CPU_LOAD,282.23,90.13,84.7,HEAVY_CPU_LOAD,284.71,89.92,85.97,HEAVY_CPU_LOAD,286.36,89.54,87.65,HEAVY_CPU_LOAD,288.4,88.81,86.43,HEAVY_CPU_LOAD,285.66,84.85,84.26,HEAVY_CPU_LOAD,277.45,86.67,86.45,HEAVY_CPU_LOAD,283.01,83.57,83.61,HEAVY_CPU_LOAD,274.88,84.21,84.42,HEAVY_CPU_LOAD,276.89,83.5,83.31,HEAVY_CPU_LOAD,274.34,28.84,50.0,253.8,0.3,22.0,COOLING,0.3,22.0,COOLING,0.3,22.0,COOLING,0.3,22.0,COOLING,23.33,22.261,22.483,22.503,22.644,23.33,22.261,1.069,1141.7,563.11,557.89,551.23,255.0,255.0,340.0,340.0,213.79,300.15,358.83,294.97,-220.67,145.29,-9.67,85.04,1050.0,1050.0,1050.0,1050.0,339.82,213.55,197.05,221.24,2813.93,1190.0,1167.74,4200.0,971.66,0.362,0.0,0.065,1.0,22.5,TARGETED_WEST_COMPUTE_COOL,2.5929
3,Distributed Heavy Compute,0,244,2440.0,14,3,3,4,4,88.23,84.76,HEAVY_CPU_LOAD,282.43,86.98,81.81,HEAVY_CPU_LOAD,276.44,90.17,83.31,HEAVY_CPU_LOAD,282.68,85.56,86.85,HEAVY_CPU_LOAD,282.22,83.63,88.33,HEAVY_CPU_LOAD,282.03,85.95,84.83,HEAVY_CPU_LOAD,279.68,88.67,87.64,HEAVY_CPU_LOAD,287.3,87.33,87.64,HEAVY_CPU_LOAD,285.62,84.09,83.71,HEAVY_CPU_LOAD,275.68,87.08,88.48,HEAVY_CPU_LOAD,286.57,28.85,50.0,253.9,0.3,22.0,COOLING,0.3,22.0,COOLING,0.3,22.0,COOLING,0.3,22.0,COOLING,23.337,22.265,22.487,22.508,22.649,23.337,22.265,1.072,1123.77,561.71,572.92,562.25,255.0,255.0,340.0,340.0,213.89,300.35,359.05,295.15,-221.26,145.64,-9.52,85.14,1050.0,1050.0,1050.0,1050.0,321.4,212.7,212.45,232.54,2820.65,1190.0,1168.44,4200.0,979.09,0.367,0.0,0.072,1.0,22.5,TARGETED_WEST_COMPUTE_COOL,2.6021
3,Distributed Heavy Compute,0,245,2450.0,14,3,3,4,4,84.96,85.38,HEAVY_CPU_LOAD,279.27,88.8,87.71,HEAVY_CPU_LOAD,287.56,84.89,83.94,HEAVY_CPU_LOAD,277.02,84.03,81.79,HEAVY_CPU_LOAD,272.72,90.33,82.87,HEAVY_CPU_LOAD,282.22,85.39,82.93,HEAVY_CPU_LOAD,276.13,84.89,82.16,HEAVY_CPU_LOAD,274.35,86.35,82.74,HEAVY_CPU_LOAD,277.05,89.37,88.42,HEAVY_CPU_LOAD,289.34,87.17,84.75,HEAVY_CPU_LOAD,281.09,28.85,50.0,254.0,0.3,22.0,COOLING,0.3,22.0,COOLING,0.3,22.0,COOLING,0.3,22.0,COOLING,23.343,22.269,22.491,22.513,22.654,23.343,22.269,1.074,1116.57,558.35,551.4,570.43,255.0,255.0,340.0,340.0,213.78,300.33,359.05,295.1,-221.86,145.98,-9.36,85.23,1050.0,1050.0,1050.0,1050.0,313.49,209.66,191.09,240.76,2796.75,1190.0,1168.26,4200.0,955.0,0.372,0.0,0.076,1.0,22.5,TARGETED_WEST_COMPUTE_COOL,2.6132
3,Distributed Heavy Compute,0,246,2460.0,14,3,3,4,4,87.78,87.84,HEAVY_CPU_LOAD,286.49,87.26,84.24,HEAVY_CPU_LOAD,280.43,84.35,87.79,HEAVY_CPU_LOAD,282.12,88.39,85.71,HEAVY_CPU_LOAD,284.05,90.25,86.01,HEAVY_CPU_LOAD,286.83,83.93,83.56,HEAVY_CPU_LOAD,275.25,89.35,82.88,HEAVY_CPU_LOAD,281.01,86.26,83.84,HEAVY_CPU_LOAD,278.58,90.33,83.02,HEAVY_CPU_LOAD,282.44,83.97,83.6,HEAVY_CPU_LOAD,275.36,28.85,50.0,254.2,0.3,22.0,COOLING,0.3,22.0,COOLING,0.3,22.0,COOLING,0.3,22.0,COOLING,23.35,22.273,22.495,22.518,22.659,23.35,22.273,1.077,1133.09,562.08,559.59,557.8,255.0,255.0,340.0,340.0,213.73,300.37,359.14,295.13,-222.22,146.22,-9.22,85.22,1050.0,1050.0,1050.0,1050.0,329.6,213.67,199.51,228.15,2812.56,1190.0,1168.37,4200.0,970.93,0.379,0.0,0.081,1.0,22.5,TARGETED_WEST_COMPUTE_COOL,2.6422
3,Distributed Heavy Compute,0,247,2470.0,14,3,3,4,4,85.69,83.16,HEAVY_CPU_LOAD,276.85,86.89,87.22,HEAVY_CPU_LOAD,284.44,89.69,84.88,HEAVY_CPU_LOAD,284.43,89.87,83.62,HEAVY_CPU_LOAD,282.77,87.58,84.19,HEAVY_CPU_LOAD,280.76,87.34,86.47,HEAVY_CPU_LOAD,283.88,88.42,85.68,HEAVY_CPU_LOAD,284.04,87.41,86.65,HEAVY_CPU_LOAD,284.24,89.13,87.53,HEAVY_CPU_LOAD,287.71,88.55,83.01,HEAVY_CPU_LOAD,280.2,28.86,50.0,254.3,0.3,22.0,COOLING,0.3,22.0,COOLING,0.3,22.0,COOLING,0.3,22.0,COOLING,23.357,22.277,22.499,22.523,22.664,23.357,22.277,1.08,1128.49,564.64,568.28,567.91,255.0,255.0,340.0,340.0,213.82,300.56,359.36,295.29,-222.82,146.57,-9.07,85.32,1050.0,1050.0,1050.0,1050.0,324.49,216.77,208.57,238.52,2829.32,1190.0,1169.03,4200.0,988.35,0.385,0.0,0.087,1.0,22.5,TARGETED_WEST_COMPUTE_COOL,2.6583
3,Distributed Heavy Compute,0,248,2480.0,14,3,3,4,4,90.38,85.22,HEAVY_CPU_LOAD,285.81,85.08,88.25,HEAVY_CPU_LOAD,283.73,89.68,85.96,HEAVY_CPU_LOAD,286.04,84.6,83.06,HEAVY_CPU_LOAD,275.34,83.96,87.58,HEAVY_CPU_LOAD,281.32,87.03,82.69,HEAVY_CPU_LOAD,277.82,86.16,87.04,HEAVY_CPU_LOAD,283.26,84.7,83.14,HEAVY_CPU_LOAD,275.59,84.41,87.71,HEAVY_CPU_LOAD,282.08,87.47,87.11,HEAVY_CPU_LOAD,285.0,28.86,50.0,254.4,0.3,22.0,COOLING,0.3,22.0,COOLING,0.3,22.0,COOLING,0.3,22.0,COOLING,23.364,22.281,22.503,22.528,22.669,23.364,22.281,1.083,1130.92,559.14,558.85,567.08,255.0,255.0,340.0,340.0,213.71,300.53,359.36,295.25,-223.41,146.91,-8.91,85.41,1050.0,1050.0,1050.0,1050.0,326.22,211.58,199.3,237.74,2815.99,1190.0,1168.85,4200.0,974.84,0.391,0.0,0.091,1.0,22.5,TARGETED_WEST_COMPUTE_COOL,2.6826
3,Distributed Heavy Compute,0,249,2490.0,14,3,3,4,4,89.64,88.05,HEAVY_CPU_LOAD,289.12,85.29,83.2,HEAVY_CPU_LOAD,276.41,90.45,86.92,HEAVY_CPU_LOAD,288.44,88.57,83.88,HEAVY_CPU_LOAD,281.53,84.98,84.51,HEAVY_CPU_LOAD,277.99,86.76,82.71,HEAVY_CPU_LOAD,277.51,84.46,81.9,HEAVY_CPU_LOAD,273.43,90.13,82.0,HEAVY_CPU_LOAD,280.66,86.7,84.82,HEAVY_CPU_LOAD,280.61,90.1,83.14,HEAVY_CPU_LOAD,282.34,28.86,50.0,254.6,0.3,22.0,COOLING,0.3,22.0,COOLING,0.3,22.0,COOLING,0.3,22.0,COOLING,23.371,22.285,22.507,22.533,22.674,23.371,22.285,1.086,1135.5,555.5,554.09,562.95,255.0,255.0,340.0,340.0,213.63,300.57,359.45,295.26,-224.01,147.26,-8.76,85.51,1050.0,1050.0,1050.0,1050.0,330.12,208.33,194.78,233.72,2808.04,1190.0,1168.91,4200.0,966.95,0.396,0.0,0.096,1.0,22.5,TARGETED_WEST_COMPUTE_COOL,2.7077
3,Distributed Heavy Compute,0,250,2500.0,14,3,3,4,4,86.64,87.06,HEAVY_CPU_LOAD,283.89,85.53,85.91,HEAVY_CPU_LOAD,280.78,90.18,85.92,HEAVY_CPU_LOAD,286.61,89.43,87.62,HEAVY_CPU_LOAD,288.22,87.81,88.27,HEAVY_CPU_LOAD,287.17,85.68,87.33,HEAVY_CPU_LOAD,283.1,89.32,87.05,HEAVY_CPU_LOAD,287.22,90.34,84.3,HEAVY_CPU_LOAD,284.38,87.27,87.62,HEAVY_CPU_LOAD,285.52,86.82,86.31,HEAVY_CPU_LOAD,282.99,28.87,50.0,254.7,0.3,22.0,COOLING,0.3,22.0,COOLING,0.3,22.0,COOLING,0.3,22.0,COOLING,23.378,22.29,22.511,22.538,22.679,23.378,22.29,1.088,1139.5,570.27,571.6,568.51,255.0,255.0,340.0,340.0,213.74,300.77,359.66,295.44,-224.6,147.6,-8.6,85.6,1050.0,1050.0,1050.0,1050.0,333.64,223.64,212.66,239.55,2849.88,1190.0,1169.61,4200.0,1009.49,0.404,0.0,0.102,1.0,22.5,TARGETED_WEST_COMPUTE_COOL,2.7202
3,Distributed Heavy Compute,0,251,2510.0,14,3,3,4,4,87.03,83.01,HEAVY_CPU_LOAD,278.3,85.77,81.86,HEAVY_CPU_LOAD,275.0,86.47,83.87,HEAVY_CPU_LOAD,278.89,88.96,86.1,HEAVY_CPU_LOAD,285.35,88.62,83.69,HEAVY_CPU_LOAD,281.31,89.26,83.69,HEAVY_CPU_LOAD,282.11,84.98,85.71,HEAVY_CPU_LOAD,279.79,84.35,87.91,HEAVY_CPU_LOAD,282.3,84.0,85.28,HEAVY_CPU_LOAD,277.92,84.99,88.17,HEAVY_CPU_LOAD,283.49,28.87,50.0,254.9,0.3,22.0,COOLING,0.3,22.0,COOLING,0.3,22.0,COOLING,0.3,22.0,COOLING,23.384,22.294,22.515,22.543,22.684,23.384,22.294,1.09,1117.54,563.42,562.09,561.41,255.0,255.0,340.0,340.0,213.67,300.78,359.76,295.45,-225.09,147.71,-8.33,85.71,1050.0,1050.0,1050.0,1050.0,311.12,216.91,203.52,232.57,2804.46,1190.0,1169.66,4200.0,964.12,0.408,0.0,0.106,1.0,22.5,TARGETED_WEST_COMPUTE_COOL,2.725
3,Distributed Heavy Compute,0,252,2520.0,14,3,3,4,4,84.77,85.42,HEAVY_CPU_LOAD,279.09,89.69,82.8,HEAVY_CPU_LOAD,281.31,87.9,87.13,HEAVY_CPU_LOAD,285.57,84.46,86.91,HEAVY_CPU_LOAD,280.94,89.44,87.53,HEAVY_CPU_LOAD,288.1,87.45,87.19,HEAVY_CPU_LOAD,285.1,88.37,83.84,HEAVY_CPU_LOAD,281.22,88.26,82.97,HEAVY_CPU_LOAD,279.78,85.33,83.13,HEAVY_CPU_LOAD,276.36,84.15,88.16,HEAVY_CPU_LOAD,282.43,28.88,50.0,255.0,0.3,22.0,COOLING,0.3,22.0,COOLING,0.3,22.0,COOLING,0.3,22.0,COOLING,23.391,22.299,22.519,22.548,22.689,23.391,22.299,1.092,1126.91,573.2,561.0,558.79,255.0,255.0,340.0,340.0,213.78,300.98,359.97,295.63,-225.45,147.94,-8.2,85.7,1050.0,1050.0,1050.0,1050.0,320.24,227.12,202.77,230.12,2819.9,1190.0,1170.36,4200.0,980.25,0.415,0.0,0.111,1.0,22.5,TARGETED_WEST_COMPUTE_COOL,2.7434
3,Distributed Heavy Compute,0,253,2530.0,14,3,3,4,4,88.72,86.76,HEAVY_CPU_LOAD,286.04,87.6,86.02,HEAVY_CPU_LOAD,283.53,84.11,87.2,HEAVY_CPU_LOAD,280.94,84.8,86.77,HEAVY_CPU_LOAD,281.15,89.19,82.56,HEAVY_CPU_LOAD,280.33,84.22,86.26,HEAVY_CPU_LOAD,279.66,87.22,87.03,HEAVY_CPU_LOAD,284.57,89.25,85.32,HEAVY_CPU_LOAD,284.54,86.08,84.02,HEAVY_CPU_LOAD,278.63,90.18,88.12,HEAVY_CPU_LOAD,289.91,28.88,50.0,255.1,0.3,22.0,COOLING,0.3,22.0,COOLING,0.3,22.0,COOLING,0.3,22.0,COOLING,23.398,22.303,22.523,22.553,22.694,23.398,22.303,1.095,1131.66,559.99,569.11,568.54,255.0,255.0,340.0,340.0,213.67,300.93,359.97,295.58,-225.93,148.05,-7.93,85.81,1050.0,1050.0,1050.0,1050.0,324.4,213.97,211.15,239.93,2829.3,1190.0,1170.15,4200.0,989.45,0.421,0.0,0.117,1.0,22.5,TARGETED_WEST_COMPUTE_COOL,2.7747
3,Distributed Heavy Compute,0,254,2540.0,14,3,3,4,4,85.19,81.88,HEAVY_CPU_LOAD,274.31,85.78,87.04,HEAVY_CPU_LOAD,282.78,89.34,86.12,HEAVY_CPU_LOAD,285.86,89.84,82.03,HEAVY_CPU_LOAD,280.35,85.35,87.1,HEAVY_CPU_LOAD,282.34,86.41,83.82,HEAVY_CPU_LOAD,278.74,88.84,81.5,HEAVY_CPU_LOAD,278.3,90.43,82.23,HEAVY_CPU_LOAD,281.38,83.76,85.14,HEAVY_CPU_LOAD,277.41,84.04,84.27,HEAVY_CPU_LOAD,276.46,28.88,50.0,255.3,0.3,22.0,COOLING,0.3,22.0,COOLING,0.3,22.0,COOLING,0.3,22.0,COOLING,23.404,22.307,22.527,22.558,22.699,23.404,22.307,1.097,1123.3,561.08,559.68,553.87,255.0,255.0,340.0,340.0,213.6,300.97,360.07,295.59,-226.52,148.4,-7.77,85.9,1050.0,1050.0,1050.0,1050.0,315.38,215.45,201.98,225.36,2797.93,1190.0,1170.23,4200.0,958.17,0.426,0.0,0.121,1.0,22.5,TARGETED_WEST_COMPUTE_COOL,2.7846
3,Distributed Heavy Compute,0,255,2550.0,14,3,3,4,4,85.88,86.69,HEAVY_CPU_LOAD,282.38,87.28,82.25,HEAVY_CPU_LOAD,277.48,88.94,82.23,HEAVY_CPU_LOAD,279.52,89.96,82.3,HEAVY_CPU_LOAD,280.9,85.13,84.13,HEAVY_CPU_LOAD,277.61,87.39,86.59,HEAVY_CPU_LOAD,284.12,88.04,85.02,HEAVY_CPU_LOAD,282.58,90.38,86.51,HEAVY_CPU_LOAD,287.74,85.42,81.57,HEAVY_CPU_LOAD,274.13,89.81,87.97,HEAVY_CPU_LOAD,289.22,28.89,50.0,255.4,0.3,22.0,COOLING,0.3,22.0,COOLING,0.3,22.0,COOLING,0.3,22.0,COOLING,23.41,22.311,22.531,22.563,22.704,23.41,22.311,1.099,1120.28,561.73,570.32,563.35,255.0,255.0,340.0,340.0,213.72,301.15,360.27,295.76,-226.89,148.64,-7.64,85.89,1050.0,1050.0,1050.0,1050.0,312.11,216.52,212.95,235.0,2815.68,1190.0,1170.9,4200.0,976.58,0.431,0.0,0.127,1.0,22.5,TARGETED_WEST_COMPUTE_COOL,2.7991
3,Distributed Heavy Compute,0,256,2560.0,14,3,3,4,4,89.91,83.16,HEAVY_CPU_LOAD,282.13,83.98,85.38,HEAVY_CPU_LOAD,278.04,88.54,83.24,HEAVY_CPU_LOAD,280.53,88.34,84.87,HEAVY_CPU_LOAD,282.73,89.44,84.02,HEAVY_CPU_LOAD,282.83,87.31,87.79,HEAVY_CPU_LOAD,285.82,86.66,87.56,HEAVY_CPU_LOAD,284.66,88.1,81.59,HEAVY_CPU_LOAD,277.51,86.65,84.13,HEAVY_CPU_LOAD,279.51,85.69,88.43,HEAVY_CPU_LOAD,284.76,28.89,50.0,255.6,0.3,22.0,COOLING,0.3,22.0,COOLING,0.3,22.0,COOLING,0.3,22.0,COOLING,23.416,22.316,22.535,22.568,22.709,23.416,22.316,1.1,1123.43,568.65,562.17,564.27,255.0,255.0,340.0,340.0,213.67,301.2,360.37,295.78,-227.25,148.87,-7.49,85.87,1050.0,1050.0,1050.0,1050.0,314.85,223.72,205.05,235.92,2818.52,1190.0,1171.02,4200.0,979.54,0.438,0.0,0.131,1.0,22.5,TARGETED_WEST_COMPUTE_COOL,2.8101
3,Distributed Heavy Compute,0,257,2570.0,14,3,3,4,4,89.82,83.75,HEAVY_CPU_LOAD,282.9,88.65,86.62,HEAVY_CPU_LOAD,285.74,85.54,83.47,HEAVY_CPU_LOAD,277.13,90.44,87.31,HEAVY_CPU_LOAD,289.01,89.89,83.05,HEAVY_CPU_LOAD,281.94,86.3,81.78,HEAVY_CPU_LOAD,275.55,85.31,86.52,HEAVY_CPU_LOAD,281.42,85.67,87.46,HEAVY_CPU_LOAD,283.28,88.04,85.61,HEAVY_CPU_LOAD,283.47,85.2,82.75,HEAVY_CPU_LOAD,275.62,28.89,50.0,255.7,0.3,22.0,COOLING,0.3,22.0,COOLING,0.3,22.0,COOLING,0.3,22.0,COOLING,23.423,22.32,22.539,22.573,22.714,23.423,22.32,1.103,1134.78,557.49,564.7,559.09,255.0,255.0,340.0,340.0,213.58,301.15,360.37,295.73,-227.5,148.87,-7.24,85.87,1050.0,1050.0,1050.0,1050.0,325.86,212.51,207.83,230.69,2816.06,1190.0,1170.83,4200.0,976.89,0.444,0.0,0.136,1.0,22.5,TARGETED_WEST_COMPUTE_COOL,2.8455
3,Distributed Heavy Compute,0,258,2580.0,14,3,3,4,4,90.11,87.92,HEAVY_CPU_LOAD,289.52,84.16,83.66,HEAVY_CPU_LOAD,275.69,87.72,85.01,HEAVY_CPU_LOAD,282.16,89.61,85.78,HEAVY_CPU_LOAD,285.68,90.4,86.69,HEAVY_CPU_LOAD,288.03,88.31,86.92,HEAVY_CPU_LOAD,285.77,85.56,86.59,HEAVY_CPU_LOAD,281.83,83.59,85.96,HEAVY_CPU_LOAD,278.43,85.22,83.2,HEAVY_CPU_LOAD,276.32,87.92,87.93,HEAVY_CPU_LOAD,286.79,28.9,50.0,255.8,0.3,22.0,COOLING,0.3,22.0,COOLING,0.3,22.0,COOLING,0.3,22.0,COOLING,23.43,22.325,22.543,22.578,22.719,23.43,22.325,1.105,1133.05,573.8,560.26,563.11,255.0,255.0,340.0,340.0,213.68,301.35,360.58,295.91,-228.09,149.21,-7.09,85.96,1050.0,1050.0,1050.0,1050.0,323.64,229.36,203.75,234.98,2830.22,1190.0,1171.52,4200.0,991.73,0.451,0.0,0.141,1.0,22.5,TARGETED_WEST_COMPUTE_COOL,2.8543
3,Distributed Heavy Compute,0,259,2590.0,14,3,3,4,4,90.43,88.43,HEAVY_CPU_LOAD,290.68,85.64,88.06,HEAVY_CPU_LOAD,284.14,84.44,88.2,HEAVY_CPU_LOAD,282.85,83.65,83.31,HEAVY_CPU_LOAD,274.53,87.18,81.7,HEAVY_CPU_LOAD,276.53,89.35,84.04,HEAVY_CPU_LOAD,282.75,89.93,82.53,HEAVY_CPU_LOAD,281.21,88.43,83.72,HEAVY_CPU_LOAD,281.12,89.38,85.43,HEAVY_CPU_LOAD,284.87,83.51,86.97,HEAVY_CPU_LOAD,279.84,28.9,50.0,256.0,0.3,22.0,COOLING,0.3,22.0,COOLING,0.3,22.0,COOLING,0.3,22.0,COOLING,23.437,22.329,22.547,22.583,22.724,23.437,22.329,1.108,1132.2,559.28,562.33,564.71,255.0,255.0,340.0,340.0,213.6,301.36,360.68,295.92,-228.58,149.33,-6.82,86.08,1050.0,1050.0,1050.0,1050.0,322.22,214.97,206.19,236.71,2818.52,1190.0,1171.56,4200.0,980.09,0.456,0.0,0.147,1.0,22.5,TARGETED_WEST_COMPUTE_COOL,2.8836
3,Distributed Heavy Compute,0,260,2600.0,14,3,3,4,4,84.73,82.57,HEAVY_CPU_LOAD,274.77,86.57,81.83,HEAVY_CPU_LOAD,275.96,87.95,83.98,HEAVY_CPU_LOAD,280.91,86.12,81.67,HEAVY_CPU_LOAD,275.15,85.58,84.26,HEAVY_CPU_LOAD,278.37,90.47,85.8,HEAVY_CPU_LOAD,286.79,87.93,82.27,HEAVY_CPU_LOAD,278.32,88.96,86.08,HEAVY_CPU_LOAD,285.32,85.57,82.37,HEAVY_CPU_LOAD,275.52,89.45,83.64,HEAVY_CPU_LOAD,282.27,28.9,50.0,256.1,0.3,22.0,COOLING,0.3,22.0,COOLING,0.3,22.0,COOLING,0.3,22.0,COOLING,23.443,22.334,22.551,22.588,22.729,23.443,22.334,1.109,1106.79,565.16,563.64,557.79,255.0,255.0,340.0,340.0,213.49,301.34,360.68,295.88,-229.17,149.67,-6.67,86.17,1050.0,1050.0,1050.0,1050.0,296.11,221.17,207.65,229.84,2793.38,1190.0,1171.39,4200.0,954.77,0.461,0.0,0.151,1.0,22.5,TARGETED_WEST_COMPUTE_COOL,2.8768
3,Distributed Heavy Compute,0,261,2610.0,14,3,3,4,4,87.54,87.12,HEAVY_CPU_LOAD,285.11,86.93,88.28,HEAVY_CPU_LOAD,286.08,85.86,86.39,HEAVY_CPU_LOAD,281.91,87.84,81.88,HEAVY_CPU_LOAD,277.62,86.51,87.35,HEAVY_CPU_LOAD,284.16,89.3,85.76,HEAVY_CPU_LOAD,285.26,84.31,83.67,HEAVY_CPU_LOAD,275.89,87.15,83.94,HEAVY_CPU_LOAD,279.85,88.7,82.43,HEAVY_CPU_LOAD,279.52,88.8,88.23,HEAVY_CPU_LOAD,288.35,28.91,50.0,256.2,0.3,22.0,COOLING,0.3,22.0,COOLING,0.3,22.0,COOLING,0.3,22.0,COOLING,23.45,22.339,22.555,22.593,22.734,23.45,22.339,1.111,1130.72,569.42,555.74,567.87,255.0,255.0,340.0,340.0,213.62,301.5,360.89,296.04,-229.42,149.67,-6.42,86.17,1050.0,1050.0,1050.0,1050.0,319.92,225.59,200.21,240.08,2823.75,1190.0,1172.05,4200.0,985.8,0.469,0.0,0.156,1.0,22.5,TARGETED_WEST_COMPUTE_COOL,2.9096
3,Distributed Heavy Compute,0,262,2620.0,14,3,3,4,4,89.32,87.18,HEAVY_CPU_LOAD,287.42,83.52,84.3,HEAVY_CPU_LOAD,275.85,87.16,85.1,HEAVY_CPU_LOAD,281.6,88.38,83.37,HEAVY_CPU_LOAD,280.53,84.52,85.77,HEAVY_CPU_LOAD,279.3,84.56,83.39,HEAVY_CPU_LOAD,275.78,84.74,83.24,HEAVY_CPU_LOAD,275.78,90.06,82.83,HEAVY_CPU_LOAD,281.82,86.89,87.14,HEAVY_CPU_LOAD,284.32,86.89,84.57,HEAVY_CPU_LOAD,280.47,28.91,50.0,256.4,0.3,22.0,COOLING,0.3,22.0,COOLING,0.3,22.0,COOLING,0.3,22.0,COOLING,23.456,22.343,22.559,22.598,22.739,23.456,22.343,1.113,1125.4,555.08,557.6,564.79,255.0,255.0,340.0,340.0,213.54,301.53,360.98,296.07,-229.9,149.78,-6.16,86.28,1050.0,1050.0,1050.0,1050.0,314.04,211.39,202.42,237.14,2802.87,1190.0,1172.12,4200.0,964.99,0.473,0.0,0.161,1.0,22.5,TARGETED_WEST_COMPUTE_COOL,2.9308
3,Distributed Heavy Compute,0,263,2630.0,14,3,3,4,4,86.82,84.9,HEAVY_CPU_LOAD,280.88,87.51,83.84,HEAVY_CPU_LOAD,280.15,87.63,85.72,HEAVY_CPU_LOAD,283.12,88.12,85.87,HEAVY_CPU_LOAD,283.96,90.33,87.73,HEAVY_CPU_LOAD,289.51,83.97,83.11,HEAVY_CPU_LOAD,274.63,86.05,81.77,HEAVY_CPU_LOAD,275.22,85.52,87.1,HEAVY_CPU_LOAD,282.55,85.29,82.0,HEAVY_CPU_LOAD,274.61,86.36,82.71,HEAVY_CPU_LOAD,277.01,28.91,50.0,256.5,0.3,22.0,COOLING,0.3,22.0,COOLING,0.3,22.0,COOLING,0.3,22.0,COOLING,23.462,22.348,22.563,22.603,22.744,23.462,22.348,1.114,1128.11,564.14,557.77,551.62,255.0,255.0,340.0,340.0,213.45,301.5,360.99,296.02,-230.26,150.02,-6.02,86.27,1050.0,1050.0,1050.0,1050.0,316.3,220.66,202.74,223.91,2801.64,1190.0,1171.96,4200.0,963.61,0.48,0.0,0.165,1.0,22.5,TARGETED_WEST_COMPUTE_COOL,2.9418
3,Distributed Heavy Compute,0,264,2640.0,14,3,3,4,4,90.0,86.45,HEAVY_CPU_LOAD,287.18,87.92,85.11,HEAVY_CPU_LOAD,282.56,85.54,83.19,HEAVY_CPU_LOAD,276.71,89.29,88.08,HEAVY_CPU_LOAD,288.73,84.94,87.51,HEAVY_CPU_LOAD,282.44,86.89,81.7,HEAVY_CPU_LOAD,276.16,86.96,84.68,HEAVY_CPU_LOAD,280.72,86.05,81.69,HEAVY_CPU_LOAD,275.1,85.53,82.29,HEAVY_CPU_LOAD,275.35,87.22,83.92,HEAVY_CPU_LOAD,279.9,28.92,50.0,256.7,0.3,22.0,COOLING,0.3,22.0,COOLING,0.3,22.0,COOLING,0.3,22.0,COOLING,23.469,22.352,22.567,22.608,22.749,23.469,22.352,1.117,1135.18,558.6,555.82,555.25,255.0,255.0,340.0,340.0,213.61,301.74,361.29,296.26,-230.51,150.02,-5.76,86.26,1050.0,1050.0,1050.0,1050.0,323.28,215.36,201.35,227.77,2804.85,1190.0,1172.9,4200.0,967.76,0.486,0.0,0.171,1.0,22.5,TARGETED_WEST_COMPUTE_COOL,2.973
3,Distributed Heavy Compute,0,265,2650.0,14,3,3,4,4,87.38,85.14,HEAVY_CPU_LOAD,281.94,84.0,85.52,HEAVY_CPU_LOAD,278.28,83.71,85.22,HEAVY_CPU_LOAD,277.47,86.52,85.77,HEAVY_CPU_LOAD,281.8,90.08,87.15,HEAVY_CPU_LOAD,288.32,87.22,82.73,HEAVY_CPU_LOAD,278.12,90.22,82.64,HEAVY_CPU_LOAD,281.74,87.03,84.32,HEAVY_CPU_LOAD,280.27,89.65,84.83,HEAVY_CPU_LOAD,284.31,89.64,83.34,HEAVY_CPU_LOAD,282.06,28.92,50.0,256.8,0.3,22.0,COOLING,0.3,22.0,COOLING,0.3,22.0,COOLING,0.3,22.0,COOLING,23.475,22.357,22.571,22.613,22.754,23.475,22.357,1.118,1119.49,566.44,562.01,566.37,255.0,255.0,340.0,340.0,213.5,301.71,361.29,296.21,-231.11,150.36,-5.61,86.36,1050.0,1050.0,1050.0,1050.0,306.88,223.51,207.69,238.94,2814.31,1190.0,1172.71,4200.0,977.02,0.491,0.0,0.177,1.0,22.5,TARGETED_WEST_COMPUTE_COOL,2.9727
3,Distributed Heavy Compute,0,266,2660.0,14,3,3,4,4,84.7,86.93,HEAVY_CPU_LOAD,281.27,85.05,81.7,HEAVY_CPU_LOAD,273.86,88.29,85.05,HEAVY_CPU_LOAD,282.94,89.35,81.68,HEAVY_CPU_LOAD,279.21,88.73,82.21,HEAVY_CPU_LOAD,279.23,86.04,81.85,HEAVY_CPU_LOAD,275.32,89.93,82.83,HEAVY_CPU_LOAD,281.66,84.2,81.78,HEAVY_CPU_LOAD,272.92,85.86,85.34,HEAVY_CPU_LOAD,280.34,88.87,84.2,HEAVY_CPU_LOAD,282.39,28.92,50.0,256.9,0.3,22.0,COOLING,0.3,22.0,COOLING,0.3,22.0,COOLING,0.3,22.0,COOLING,23.481,22.361,22.575,22.618,22.759,23.481,22.361,1.12,1117.28,554.55,554.58,562.73,255.0,255.0,340.0,340.0,213.41,301.66,361.29,296.16,-231.36,150.36,-5.36,86.36,1050.0,1050.0,1050.0,1050.0,304.33,211.57,200.51,235.25,2789.14,1190.0,1172.52,4200.0,951.66,0.496,0.0,0.181,1.0,22.5,TARGETED_WEST_COMPUTE_COOL,2.9952
3,Distributed Heavy Compute,0,267,2670.0,14,3,3,4,4,86.88,84.11,HEAVY_CPU_LOAD,279.76,89.83,86.55,HEAVY_CPU_LOAD,287.11,86.64,83.09,HEAVY_CPU_LOAD,277.94,88.61,83.49,HEAVY_CPU_LOAD,281.0,89.36,87.12,HEAVY_CPU_LOAD,287.38,87.33,81.99,HEAVY_CPU_LOAD,277.15,89.07,86.57,HEAVY_CPU_LOAD,286.19,90.28,88.31,HEAVY_CPU_LOAD,290.32,89.4,86.69,HEAVY_CPU_LOAD,286.78,85.19,83.12,HEAVY_CPU_LOAD,276.17,28.93,50.0,257.1,0.3,22.0,COOLING,0.3,22.0,COOLING,0.3,22.0,COOLING,0.3,22.0,COOLING,23.487,22.366,22.58,22.623,22.764,23.487,22.366,1.121,1125.81,564.53,576.51,562.95,255.0,255.0,340.0,340.0,213.56,301.92,361.59,296.4,-231.72,150.59,-5.22,86.35,1050.0,1050.0,1050.0,1050.0,312.65,222.04,222.88,235.7,2829.8,1190.0,1173.47,4200.0,993.27,0.503,0.0,0.188,1.0,22.5,TARGETED_WEST_COMPUTE_COOL,3.0117
3,Distributed Heavy Compute,0,268,2680.0,14,3,3,4,4,84.17,84.78,HEAVY_CPU_LOAD,277.38,84.36,85.58,HEAVY_CPU_LOAD,278.82,87.44,84.74,HEAVY_CPU_LOAD,281.41,84.0,88.27,HEAVY_CPU_LOAD,282.4,87.94,87.56,HEAVY_CPU_LOAD,286.26,89.48,85.07,HEAVY_CPU_LOAD,284.46,84.91,85.19,HEAVY_CPU_LOAD,278.92,90.05,85.93,HEAVY_CPU_LOAD,286.46,86.38,84.92,HEAVY_CPU_LOAD,280.36,84.76,87.53,HEAVY_CPU_LOAD,282.25,28.93,50.0,257.2,0.3,22.0,COOLING,0.3,22.0,COOLING,0.3,22.0,COOLING,0.3,22.0,COOLING,23.493,22.371,22.584,22.628,22.769,23.493,22.371,1.122,1120.01,570.72,565.38,562.61,255.0,255.0,340.0,340.0,213.47,301.88,361.58,296.35,-231.95,150.7,-5.2,86.45,1050.0,1050.0,1050.0,1050.0,306.53,228.3,211.76,235.41,2818.72,1190.0,1173.28,4200.0,982.0,0.509,0.0,0.192,1.0,22.5,TARGETED_WEST_COMPUTE_COOL,3.019
3,Distributed Heavy Compute,0,269,2690.0,14,3,3,4,4,88.54,83.5,HEAVY_CPU_LOAD,280.93,87.47,83.94,HEAVY_CPU_LOAD,280.25,89.62,87.49,HEAVY_CPU_LOAD,288.26,83.63,83.36,HEAVY_CPU_LOAD,274.58,84.56,83.01,HEAVY_CPU_LOAD,275.22,85.69,87.96,HEAVY_CPU_LOAD,284.05,88.75,86.72,HEAVY_CPU_LOAD,286.02,90.24,83.21,HEAVY_CPU_LOAD,282.62,88.93,83.99,HEAVY_CPU_LOAD,282.15,87.55,83.57,HEAVY_CPU_LOAD,279.79,28.93,50.0,257.4,0.3,22.0,COOLING,0.3,22.0,COOLING,0.3,22.0,COOLING,0.3,22.0,COOLING,23.499,22.375,22.588,22.633,22.774,23.499,22.375,1.124,1124.02,559.27,568.64,561.94,255.0,255.0,340.0,340.0,213.42,301.9,361.66,296.37,-232.2,150.71,-4.96,86.45,1050.0,1050.0,1050.0,1050.0,310.24,216.88,215.34,234.76,2813.87,1190.0,1173.35,4200.0,977.22,0.514,0.0,0.197,1.0,22.5,TARGETED_WEST_COMPUTE_COOL,3.0464
3,Distributed Heavy Compute,0,270,2700.0,14,3,3,4,4,84.32,82.31,HEAVY_CPU_LOAD,273.87,83.53,87.19,HEAVY_CPU_LOAD,280.2,84.8,82.32,HEAVY_CPU_LOAD,274.48,90.47,86.47,HEAVY_CPU_LOAD,287.79,89.72,82.89,HEAVY_CPU_LOAD,281.49,84.41,83.81,HEAVY_CPU_LOAD,276.23,87.03,84.39,HEAVY_CPU_LOAD,280.37,84.85,88.49,HEAVY_CPU_LOAD,283.8,89.49,86.06,HEAVY_CPU_LOAD,285.95,84.84,82.68,HEAVY_CPU_LOAD,275.07,28.94,50.0,257.5,0.3,22.0,COOLING,0.3,22.0,COOLING,0.3,22.0,COOLING,0.3,22.0,COOLING,23.505,22.379,22.592,22.638,22.779,23.505,22.379,1.126,1116.34,557.72,564.17,561.02,255.0,255.0,340.0,340.0,213.54,302.09,361.88,296.54,-232.56,150.94,-4.82,86.44,1050.0,1050.0,1050.0,1050.0,302.32,215.75,211.23,234.0,2799.25,1190.0,1174.05,4200.0,963.3,0.519,0.0,0.202,1.0,22.5,TARGETED_WEST_COMPUTE_COOL,3.0607
3,Distributed Heavy Compute,0,271,2710.0,14,3,3,4,4,84.77,86.41,HEAVY_CPU_LOAD,280.58,89.71,86.97,HEAVY_CPU_LOAD,287.59,86.28,86.68,HEAVY_CPU_LOAD,282.87,83.73,82.43,HEAVY_CPU_LOAD,273.31,88.75,84.06,HEAVY_CPU_LOAD,282.03,84.53,83.92,HEAVY_CPU_LOAD,276.54,89.34,87.56,HEAVY_CPU_LOAD,288.01,85.73,88.28,HEAVY_CPU_LOAD,284.58,89.26,86.26,HEAVY_CPU_LOAD,285.97,88.07,82.95,HEAVY_CPU_LOAD,279.51,28.94,50.0,257.6,0.3,22.0,COOLING,0.3,22.0,COOLING,0.3,22.0,COOLING,0.3,22.0,COOLING,23.511,22.383,22.596,22.643,22.783,23.511,22.383,1.128,1124.35,558.57,572.59,565.48,255.0,255.0,340.0,340.0,213.45,302.06,361.88,296.49,-232.92,151.17,-4.67,86.42,1050.0,1050.0,1050.0,1050.0,309.88,216.8,219.8,238.39,2820.99,1190.0,1173.88,4200.0,984.87,0.525,0.0,0.208,1.0,22.5,TARGETED_WEST_COMPUTE_COOL,3.0853
3,Distributed Heavy Compute,0,272,2720.0,14,3,3,4,4,87.68,87.12,HEAVY_CPU_LOAD,285.28,87.28,84.2,HEAVY_CPU_LOAD,280.4,88.04,83.33,HEAVY_CPU_LOAD,280.05,88.79,82.86,HEAVY_CPU_LOAD,280.28,88.33,82.0,HEAVY_CPU_LOAD,278.41,84.04,86.02,HEAVY_CPU_LOAD,279.08,88.52,86.25,HEAVY_CPU_LOAD,285.02,86.93,83.64,HEAVY_CPU_LOAD,279.12,90.45,88.15,HEAVY_CPU_LOAD,290.29,84.67,84.79,HEAVY_CPU_LOAD,278.02,28.94,50.0,257.8,0.3,22.0,COOLING,0.3,22.0,COOLING,0.3,22.0,COOLING,0.3,22.0,COOLING,23.517,22.387,22.6,22.648,22.788,23.517,22.387,1.13,1126.01,557.49,564.14,568.31,255.0,255.0,340.0,340.0,213.39,302.1,361.97,296.51,-233.28,151.41,-4.54,86.41,1050.0,1050.0,1050.0,1050.0,311.12,216.0,211.57,241.23,2815.95,1190.0,1173.97,4200.0,979.92,0.53,0.0,0.212,1.0,22.5,TARGETED_WEST_COMPUTE_COOL,3.1059
3,Distributed Heavy Compute,0,273,2730.0,14,3,3,4,4,88.65,85.11,HEAVY_CPU_LOAD,283.48,85.09,82.08,HEAVY_CPU_LOAD,274.48,83.96,85.04,HEAVY_CPU_LOAD,277.51,88.16,86.08,HEAVY_CPU_LOAD,284.32,89.33,87.66,HEAVY_CPU_LOAD,288.15,84.31,83.92,HEAVY_CPU_LOAD,276.27,87.56,85.66,HEAVY_CPU_LOAD,282.94,89.91,85.04,HEAVY_CPU_LOAD,284.95,89.47,87.86,HEAVY_CPU_LOAD,288.63,90.16,86.71,HEAVY_CPU_LOAD,287.76,28.95,50.0,257.9,0.3,22.0,COOLING,0.3,22.0,COOLING,0.3,22.0,COOLING,0.3,22.0,COOLING,23.523,22.392,22.604,22.653,22.793,23.523,22.392,1.131,1119.79,564.42,567.89,576.39,255.0,255.0,340.0,340.0,213.52,302.29,362.18,296.68,-233.64,151.65,-4.4,86.4,1050.0,1050.0,1050.0,1050.0,304.67,223.36,215.67,249.47,2828.49,1190.0,1174.67,4200.0,993.17,0.536,0.0,0.218,1.0,22.5,TARGETED_WEST_COMPUTE_COOL,3.1139
3,Distributed Heavy Compute,0,274,2740.0,14,3,3,4,4,85.4,85.71,HEAVY_CPU_LOAD,280.31,87.48,87.02,HEAVY_CPU_LOAD,284.88,88.96,87.67,HEAVY_CPU_LOAD,287.7,85.49,83.58,HEAVY_CPU_LOAD,277.23,87.1,87.13,HEAVY_CPU_LOAD,284.57,90.06,83.34,HEAVY_CPU_LOAD,282.58,86.33,85.84,HEAVY_CPU_LOAD,281.67,83.6,82.5,HEAVY_CPU_LOAD,273.25,84.6,82.79,HEAVY_CPU_LOAD,274.94,90.28,82.76,HEAVY_CPU_LOAD,281.99,28.95,50.0,258.1,0.3,22.0,COOLING,0.3,22.0,COOLING,0.3,22.0,COOLING,0.3,22.0,COOLING,23.529,22.397,22.608,22.658,22.798,23.529,22.397,1.132,1130.12,567.15,554.92,556.93,255.0,255.0,340.0,340.0,213.47,302.31,362.28,296.7,-233.9,151.64,-4.15,86.4,1050.0,1050.0,1050.0,1050.0,314.69,226.1,203.05,230.03,2809.12,1190.0,1174.76,4200.0,973.87,0.543,0.0,0.221,1.0,22.5,TARGETED_WEST_COMPUTE_COOL,3.1345
3,Distributed Heavy Compute,0,275,2750.0,14,3,3,4,4,83.97,85.51,HEAVY_CPU_LOAD,278.23,89.33,82.82,HEAVY_CPU_LOAD,280.89,85.68,85.51,HEAVY_CPU_LOAD,280.37,89.32,84.98,HEAVY_CPU_LOAD,284.12,89.11,82.62,HEAVY_CPU_LOAD,280.32,84.64,84.66,HEAVY_CPU_LOAD,277.79,86.32,87.82,HEAVY_CPU_LOAD,284.63,86.95,82.77,HEAVY_CPU_LOAD,277.84,88.73,88.18,HEAVY_CPU_LOAD,288.18,89.17,86.21,HEAVY_CPU_LOAD,285.78,28.95,50.0,258.2,0.3,22.0,COOLING,0.3,22.0,COOLING,0.3,22.0,COOLING,0.3,22.0,COOLING,23.535,22.401,22.612,22.663,22.803,23.535,22.401,1.134,1123.61,558.11,562.47,573.96,255.0,255.0,340.0,340.0,213.38,302.27,362.27,296.66,-234.15,151.65,-3.9,86.39,1050.0,1050.0,1050.0,1050.0,307.84,217.03,210.84,247.01,2818.15,1190.0,1174.58,4200.0,982.72,0.547,0.0,0.228,1.0,22.5,TARGETED_WEST_COMPUTE_COOL,3.155
3,Distributed Heavy Compute,0,276,2760.0,14,3,3,4,4,86.99,85.66,HEAVY_CPU_LOAD,282.23,84.55,84.21,HEAVY_CPU_LOAD,277.0,83.65,84.89,HEAVY_CPU_LOAD,276.9,86.41,84.15,HEAVY_CPU_LOAD,279.24,83.57,82.36,HEAVY_CPU_LOAD,273.0,88.89,86.01,HEAVY_CPU_LOAD,285.13,84.86,84.12,HEAVY_CPU_LOAD,277.25,85.37,87.66,HEAVY_CPU_LOAD,283.2,84.74,83.14,HEAVY_CPU_LOAD,275.63,89.32,84.74,HEAVY_CPU_LOAD,283.76,28.96,50.0,258.3,0.3,22.0,COOLING,0.3,22.0,COOLING,0.3,22.0,COOLING,0.3,22.0,COOLING,23.541,22.405,22.616,22.668,22.808,23.541,22.405,1.136,1115.37,558.13,560.45,559.39,255.0,255.0,340.0,340.0,213.5,302.46,362.49,296.83,-234.51,151.88,-3.75,86.38,1050.0,1050.0,1050.0,1050.0,299.36,217.47,209.19,232.6,2793.34,1190.0,1175.28,4200.0,958.62,0.552,0.0,0.231,1.0,22.5,TARGETED_WEST_COMPUTE_COOL,3.1688
3,Distributed Heavy Compute,0,277,2770.0,14,3,3,4,4,87.38,86.63,HEAVY_CPU_LOAD,284.17,85.65,82.36,HEAVY_CPU_LOAD,275.6,89.58,83.19,HEAVY_CPU_LOAD,281.76,85.97,86.03,HEAVY_CPU_LOAD,281.51,84.6,86.49,HEAVY_CPU_LOAD,280.49,85.68,82.98,HEAVY_CPU_LOAD,276.57,87.74,86.61,HEAVY_CPU_LOAD,284.59,86.81,88.18,HEAVY_CPU_LOAD,285.78,89.31,82.44,HEAVY_CPU_LOAD,280.3,90.17,82.14,HEAVY_CPU_LOAD,280.92,28.96,50.0,258.5,0.3,22.0,COOLING,0.3,22.0,COOLING,0.3,22.0,COOLING,0.3,22.0,COOLING,23.547,22.409,22.62,22.673,22.812,23.547,22.409,1.138,1123.04,557.06,570.37,561.22,255.0,255.0,340.0,340.0,213.45,302.49,362.59,296.84,-234.87,152.11,-3.61,86.37,1050.0,1050.0,1050.0,1050.0,306.62,216.66,219.35,234.43,2811.69,1190.0,1175.37,4200.0,977.06,0.558,0.0,0.237,1.0,22.5,TARGETED_WEST_COMPUTE_COOL,3.1952
3,Distributed Heavy Compute,0,278,2780.0,14,3,3,4,4,86.59,82.93,HEAVY_CPU_LOAD,277.63,88.57,87.94,HEAVY_CPU_LOAD,287.62,85.21,84.69,HEAVY_CPU_LOAD,278.55,89.56,87.62,HEAVY_CPU_LOAD,288.38,84.3,83.94,HEAVY_CPU_LOAD,276.28,90.15,88.04,HEAVY_CPU_LOAD,289.75,83.82,83.72,HEAVY_CPU_LOAD,275.35,85.62,86.96,HEAVY_CPU_LOAD,282.47,89.47,82.99,HEAVY_CPU_LOAD,281.32,85.48,82.76,HEAVY_CPU_LOAD,275.99,28.97,50.0,258.6,0.3,22.0,COOLING,0.3,22.0,COOLING,0.3,22.0,COOLING,0.3,22.0,COOLING,23.553,22.414,22.624,22.678,22.817,23.553,22.414,1.139,1132.18,566.03,557.82,557.31,255.0,255.0,340.0,340.0,213.56,302.68,362.79,297.01,-235.23,152.35,-3.48,86.35,1050.0,1050.0,1050.0,1050.0,315.51,226.06,207.13,230.67,2813.34,1190.0,1176.04,4200.0,979.37,0.565,0.0,0.241,1.0,22.5,TARGETED_WEST_COMPUTE_COOL,3.2127
3,Distributed Heavy Compute,0,279,2790.0,14,3,3,4,4,89.25,85.29,HEAVY_CPU_LOAD,284.5,88.79,84.55,HEAVY_CPU_LOAD,282.81,90.23,85.23,HEAVY_CPU_LOAD,285.63,89.89,87.27,HEAVY_CPU_LOAD,288.27,88.03,81.87,HEAVY_CPU_LOAD,277.84,85.6,86.07,HEAVY_CPU_LOAD,281.11,89.84,86.36,HEAVY_CPU_LOAD,286.84,87.23,88.38,HEAVY_CPU_LOAD,286.61,89.93,83.56,HEAVY_CPU_LOAD,282.75,87.22,87.66,HEAVY_CPU_LOAD,285.51,28.97,50.0,258.8,0.3,22.0,COOLING,0.3,22.0,COOLING,0.3,22.0,COOLING,0.3,22.0,COOLING,23.56,22.418,22.629,22.683,22.822,23.56,22.418,1.142,1141.21,558.95,573.45,568.26,255.0,255.0,340.0,340.0,213.52,302.7,362.89,297.03,-235.47,152.35,-3.22,86.35,1050.0,1050.0,1050.0,1050.0,324.26,219.0,223.12,241.64,2841.87,1190.0,1176.14,4200.0,1008.02,0.571,0.0,0.248,1.0,22.5,TARGETED_WEST_COMPUTE_COOL,3.2503
3,Distributed Heavy Compute,0,280,2800.0,14,3,3,4,4,87.47,83.04,HEAVY_CPU_LOAD,278.9,87.28,83.55,HEAVY_CPU_LOAD,279.43,88.81,84.47,HEAVY_CPU_LOAD,282.72,87.88,86.91,HEAVY_CPU_LOAD,285.22,87.05,86.23,HEAVY_CPU_LOAD,283.16,83.81,85.13,HEAVY_CPU_LOAD,277.46,84.71,84.82,HEAVY_CPU_LOAD,278.12,84.38,85.48,HEAVY_CPU_LOAD,278.69,87.19,84.17,HEAVY_CPU_LOAD,280.24,85.36,85.07,HEAVY_CPU_LOAD,279.3,28.97,50.0,258.9,0.3,22.0,COOLING,0.3,22.0,COOLING,0.3,22.0,COOLING,0.3,22.0,COOLING,23.566,22.423,22.633,22.688,22.828,23.566,22.423,1.143,1126.27,560.62,556.81,559.54,255.0,255.0,340.0,340.0,213.4,302.68,362.87,296.98,-236.05,152.81,-3.31,86.56,1050.0,1050.0,1050.0,1050.0,308.62,221.11,206.37,233.08,2803.24,1190.0,1175.93,4200.0,969.18,0.576,0.0,0.252,1.0,22.5,TARGETED_WEST_COMPUTE_COOL,3.2541
3,Distributed Heavy Compute,0,281,2810.0,14,3,3,4,4,85.56,86.89,HEAVY_CPU_LOAD,282.28,86.29,82.27,HEAVY_CPU_LOAD,276.27,83.69,88.2,HEAVY_CPU_LOAD,281.91,88.69,84.31,HEAVY_CPU_LOAD,282.33,85.17,85.32,HEAVY_CPU_LOAD,279.44,90.28,87.77,HEAVY_CPU_LOAD,289.5,87.42,84.02,HEAVY_CPU_LOAD,280.3,84.05,83.27,HEAVY_CPU_LOAD,274.97,88.79,84.06,HEAVY_CPU_LOAD,282.08,84.53,87.29,HEAVY_CPU_LOAD,281.6,28.98,50.0,259.0,0.3,22.0,COOLING,0.3,22.0,COOLING,0.3,22.0,COOLING,0.3,22.0,COOLING,23.572,22.428,22.637,22.693,22.832,23.572,22.428,1.144,1122.79,568.94,555.27,563.68,255.0,255.0,340.0,340.0,213.52,302.86,363.08,297.16,-236.31,152.81,-3.06,86.56,1050.0,1050.0,1050.0,1050.0,305.0,229.61,205.29,237.4,2810.68,1190.0,1176.62,4200.0,977.3,0.583,0.0,0.257,1.0,22.5,TARGETED_WEST_COMPUTE_COOL,3.2644
3,Distributed Heavy Compute,0,282,2820.0,14,3,3,4,4,84.67,81.62,HEAVY_CPU_LOAD,273.27,84.87,82.33,HEAVY_CPU_LOAD,274.58,85.85,82.35,HEAVY_CPU_LOAD,275.84,84.27,85.58,HEAVY_CPU_LOAD,278.71,84.49,86.89,HEAVY_CPU_LOAD,280.95,86.92,85.73,HEAVY_CPU_LOAD,282.25,87.48,83.27,HEAVY_CPU_LOAD,279.25,90.49,84.69,HEAVY_CPU_LOAD,285.15,84.76,85.63,HEAVY_CPU_LOAD,279.39,84.39,82.05,HEAVY_CPU_LOAD,273.56,28.98,50.0,259.2,0.3,22.0,COOLING,0.3,22.0,COOLING,0.3,22.0,COOLING,0.3,22.0,COOLING,23.578,22.433,22.641,22.698,22.837,23.578,22.433,1.145,1102.4,563.2,564.4,552.95,255.0,255.0,340.0,340.0,213.47,302.87,363.17,297.17,-236.55,152.8,-2.8,86.55,1050.0,1050.0,1050.0,1050.0,284.32,223.87,214.77,226.67,2782.95,1190.0,1176.68,4200.0,949.63,0.587,0.0,0.262,1.0,22.5,TARGETED_WEST_COMPUTE_COOL,3.27
3,Distributed Heavy Compute,0,283,2830.0,14,3,3,4,4,86.78,83.08,HEAVY_CPU_LOAD,278.1,90.18,86.39,HEAVY_CPU_LOAD,287.31,90.19,85.19,HEAVY_CPU_LOAD,285.52,89.81,85.36,HEAVY_CPU_LOAD,285.3,89.91,83.7,HEAVY_CPU_LOAD,282.94,84.42,88.3,HEAVY_CPU_LOAD,282.98,88.49,82.67,HEAVY_CPU_LOAD,279.62,88.4,85.07,HEAVY_CPU_LOAD,283.11,89.72,83.16,HEAVY_CPU_LOAD,281.89,83.55,86.78,HEAVY_CPU_LOAD,279.61,28.98,50.0,259.3,0.3,22.0,COOLING,0.3,22.0,COOLING,0.3,22.0,COOLING,0.3,22.0,COOLING,23.584,22.438,22.645,22.703,22.843,23.584,22.438,1.146,1136.23,565.92,562.73,561.5,255.0,255.0,340.0,340.0,213.38,302.82,363.18,297.12,-236.8,152.8,-2.55,86.55,1050.0,1050.0,1050.0,1050.0,317.81,226.54,213.36,235.17,2826.38,1190.0,1176.5,4200.0,992.88,0.595,0.0,0.267,1.0,22.5,TARGETED_WEST_COMPUTE_COOL,3.31
3,Distributed Heavy Compute,0,284,2840.0,14,3,3,4,4,85.78,82.84,HEAVY_CPU_LOAD,276.49,85.99,87.62,HEAVY_CPU_LOAD,283.92,89.02,81.62,HEAVY_CPU_LOAD,278.71,88.05,85.43,HEAVY_CPU_LOAD,283.21,85.69,85.91,HEAVY_CPU_LOAD,280.98,89.33,86.81,HEAVY_CPU_LOAD,286.88,88.91,87.7,HEAVY_CPU_LOAD,287.69,89.35,85.5,HEAVY_CPU_LOAD,284.94,87.96,85.54,HEAVY_CPU_LOAD,283.26,85.88,85.85,HEAVY_CPU_LOAD,281.12,28.99,50.0,259.4,0.3,22.0,COOLING,0.3,22.0,COOLING,0.3,22.0,COOLING,0.3,22.0,COOLING,23.59,22.443,22.65,22.708,22.848,23.59,22.443,1.147,1122.33,567.86,572.63,564.38,255.0,255.0,340.0,340.0,213.5,302.99,363.39,297.29,-237.06,152.81,-2.31,86.56,1050.0,1050.0,1050.0,1050.0,303.77,228.66,223.71,238.23,2827.2,1190.0,1177.17,4200.0,994.37,0.6,0.0,0.274,1.0,22.5,TARGETED_WEST_COMPUTE_COOL,3.3175
3,Distributed Heavy Compute,0,285,2850.0,14,3,3,4,4,85.53,87.53,HEAVY_CPU_LOAD,283.21,84.71,81.84,HEAVY_CPU_LOAD,273.65,86.74,85.41,HEAVY_CPU_LOAD,281.54,86.35,81.99,HEAVY_CPU_LOAD,275.92,86.94,83.8,HEAVY_CPU_LOAD,279.38,84.32,84.76,HEAVY_CPU_LOAD,277.54,86.52,87.61,HEAVY_CPU_LOAD,284.56,88.38,81.86,HEAVY_CPU_LOAD,278.26,89.35,87.56,HEAVY_CPU_LOAD,288.03,86.32,85.8,HEAVY_CPU_LOAD,281.6,28.99,50.0,259.6,0.3,22.0,COOLING,0.3,22.0,COOLING,0.3,22.0,COOLING,0.3,22.0,COOLING,23.596,22.447,22.654,22.713,22.852,23.596,22.447,1.149,1114.32,556.92,562.82,569.63,255.0,255.0,340.0,340.0,213.45,303.01,363.46,297.31,-237.29,152.91,-2.29,86.67,1050.0,1050.0,1050.0,1050.0,295.48,217.84,213.99,243.61,2803.69,1190.0,1177.23,4200.0,970.92,0.605,0.0,0.278,1.0,22.5,TARGETED_WEST_COMPUTE_COOL,3.3383
3,Distributed Heavy Compute,0,286,2860.0,14,3,3,4,4,88.07,83.23,HEAVY_CPU_LOAD,279.93,84.33,87.57,HEAVY_CPU_LOAD,281.77,84.85,86.47,HEAVY_CPU_LOAD,280.77,89.99,87.72,HEAVY_CPU_LOAD,289.07,87.82,85.46,HEAVY_CPU_LOAD,282.96,85.67,81.59,HEAVY_CPU_LOAD,274.47,88.65,82.45,HEAVY_CPU_LOAD,279.49,88.11,87.84,HEAVY_CPU_LOAD,286.9,88.92,86.19,HEAVY_CPU_LOAD,285.44,89.85,85.41,HEAVY_CPU_LOAD,285.43,28.99,50.0,259.7,0.3,22.0,COOLING,0.3,22.0,COOLING,0.3,22.0,COOLING,0.3,22.0,COOLING,23.602,22.451,22.658,22.718,22.857,23.602,22.451,1.151,1131.54,557.43,566.39,570.87,255.0,255.0,340.0,340.0,213.36,302.98,363.46,297.27,-237.65,153.15,-2.15,86.65,1050.0,1050.0,1050.0,1050.0,312.25,218.56,217.7,244.79,2826.23,1190.0,1177.07,4200.0,993.3,0.611,0.0,0.284,1.0,22.5,TARGETED_WEST_COMPUTE_COOL,3.3721
3,Distributed Heavy Compute,0,287,2870.0,14,3,3,4,4,84.46,88.0,HEAVY_CPU_LOAD,282.57,90.27,82.46,HEAVY_CPU_LOAD,281.53,83.62,87.37,HEAVY_CPU_LOAD,280.58,88.91,86.95,HEAVY_CPU_LOAD,286.56,88.27,82.2,HEAVY_CPU_LOAD,278.64,88.65,88.26,HEAVY_CPU_LOAD,288.2,84.49,81.97,HEAVY_CPU_LOAD,273.57,87.4,83.99,HEAVY_CPU_LOAD,280.24,87.79,83.34,HEAVY_CPU_LOAD,279.75,86.42,88.21,HEAVY_CPU_LOAD,285.34,29.0,50.0,259.9,0.3,22.0,COOLING,0.3,22.0,COOLING,0.3,22.0,COOLING,0.3,22.0,COOLING,23.608,22.456,22.662,22.723,22.862,23.608,22.456,1.152,1131.24,566.84,553.81,565.09,255.0,255.0,340.0,340.0,213.52,303.24,363.76,297.5,-238.01,153.39,-2.01,86.64,1050.0,1050.0,1050.0,1050.0,311.75,228.47,205.56,239.23,2816.98,1190.0,1178.02,4200.0,985.01,0.618,0.0,0.288,1.0,22.5,TARGETED_WEST_COMPUTE_COOL,3.384
3,Distributed Heavy Compute,0,288,2880.0,14,3,3,4,4,87.61,81.98,HEAVY_CPU_LOAD,277.48,90.01,87.82,HEAVY_CPU_LOAD,289.24,84.94,83.98,HEAVY_CPU_LOAD,277.14,87.03,85.04,HEAVY_CPU_LOAD,281.35,88.15,86.63,HEAVY_CPU_LOAD,285.13,84.52,83.73,HEAVY_CPU_LOAD,276.25,88.95,83.27,HEAVY_CPU_LOAD,281.09,84.74,87.26,HEAVY_CPU_LOAD,281.82,84.73,86.0,HEAVY_CPU_LOAD,279.91,86.97,84.01,HEAVY_CPU_LOAD,279.73,29.0,50.0,260.0,0.3,22.0,COOLING,0.3,22.0,COOLING,0.3,22.0,COOLING,0.3,22.0,COOLING,23.614,22.461,22.666,22.728,22.867,23.614,22.461,1.153,1125.21,561.38,562.91,559.64,255.0,255.0,340.0,340.0,213.43,303.2,363.77,297.46,-238.26,153.39,-1.76,86.64,1050.0,1050.0,1050.0,1050.0,305.38,222.97,214.92,233.74,2809.14,1190.0,1177.86,4200.0,977.01,0.623,0.0,0.293,1.0,22.5,TARGETED_WEST_COMPUTE_COOL,3.4007
3,Distributed Heavy Compute,0,289,2890.0,14,3,3,4,4,87.48,82.57,HEAVY_CPU_LOAD,278.2,83.69,87.79,HEAVY_CPU_LOAD,281.3,85.99,83.45,HEAVY_CPU_LOAD,277.66,84.01,85.32,HEAVY_CPU_LOAD,277.99,89.74,84.68,HEAVY_CPU_LOAD,284.2,89.35,88.02,HEAVY_CPU_LOAD,288.72,89.18,82.94,HEAVY_CPU_LOAD,280.89,88.95,86.63,HEAVY_CPU_LOAD,286.13,86.31,86.0,HEAVY_CPU_LOAD,281.89,89.2,88.09,HEAVY_CPU_LOAD,288.63,29.0,50.0,260.1,0.3,22.0,COOLING,0.3,22.0,COOLING,0.3,22.0,COOLING,0.3,22.0,COOLING,23.62,22.466,22.67,22.733,22.872,23.62,22.466,1.154,1115.15,572.92,567.02,570.52,255.0,255.0,340.0,340.0,213.34,303.15,363.77,297.41,-238.51,153.39,-1.51,86.63,1050.0,1050.0,1050.0,1050.0,294.98,234.46,219.28,244.56,2825.61,1190.0,1177.67,4200.0,993.28,0.629,0.0,0.299,1.0,22.5,TARGETED_WEST_COMPUTE_COOL,3.4064
3,Distributed Heavy Compute,0,290,2900.0,14,3,3,4,4,89.4,87.89,HEAVY_CPU_LOAD,288.59,87.7,82.72,HEAVY_CPU_LOAD,278.7,84.63,87.61,HEAVY_CPU_LOAD,282.2,86.86,85.09,HEAVY_CPU_LOAD,281.21,87.34,84.21,HEAVY_CPU_LOAD,280.49,87.51,82.13,HEAVY_CPU_LOAD,277.58,89.17,84.4,HEAVY_CPU_LOAD,283.06,84.29,85.33,HEAVY_CPU_LOAD,278.36,85.16,88.07,HEAVY_CPU_LOAD,283.55,87.52,85.31,HEAVY_CPU_LOAD,282.36,29.01,50.0,260.3,0.3,22.0,COOLING,0.3,22.0,COOLING,0.3,22.0,COOLING,0.3,22.0,COOLING,23.626,22.47,22.674,22.738,22.877,23.626,22.47,1.156,1130.7,558.07,561.42,565.91,255.0,255.0,340.0,340.0,213.5,303.39,364.07,297.65,-238.76,153.39,-1.26,86.64,1050.0,1050.0,1050.0,1050.0,310.44,219.85,214.23,240.2,2816.1,1190.0,1178.61,4200.0,984.72,0.634,0.0,0.303,1.0,22.5,TARGETED_WEST_COMPUTE_COOL,3.4469
3,Distributed Heavy Compute,0,291,2910.0,14,3,3,4,4,84.51,83.93,HEAVY_CPU_LOAD,276.53,88.25,83.71,HEAVY_CPU_LOAD,280.88,84.97,84.1,HEAVY_CPU_LOAD,277.36,85.61,83.57,HEAVY_CPU_LOAD,277.37,86.82,84.06,HEAVY_CPU_LOAD,279.62,90.19,86.55,HEAVY_CPU_LOAD,287.56,89.41,86.4,HEAVY_CPU_LOAD,286.36,87.07,82.44,HEAVY_CPU_LOAD,277.5,88.25,82.28,HEAVY_CPU_LOAD,278.73,87.07,81.99,HEAVY_CPU_LOAD,276.82,29.01,50.0,260.4,0.3,22.0,COOLING,0.3,22.0,COOLING,0.3,22.0,COOLING,0.3,22.0,COOLING,23.632,22.475,22.678,22.743,22.882,23.632,22.475,1.157,1112.14,567.18,563.86,555.55,255.0,255.0,340.0,340.0,213.41,303.36,364.07,297.6,-239.12,153.62,-1.12,86.62,1050.0,1050.0,1050.0,1050.0,291.43,229.16,216.81,229.77,2798.73,1190.0,1178.44,4200.0,967.17,0.64,0.0,0.308,1.0,22.5,TARGETED_WEST_COMPUTE_COOL,3.447
3,Distributed Heavy Compute,0,292,2920.0,14,3,3,4,4,87.67,82.07,HEAVY_CPU_LOAD,277.69,90.11,88.19,HEAVY_CPU_LOAD,289.92,84.53,88.01,HEAVY_CPU_LOAD,282.68,87.7,82.37,HEAVY_CPU_LOAD,278.18,89.23,87.44,HEAVY_CPU_LOAD,287.7,87.42,81.68,HEAVY_CPU_LOAD,276.79,87.01,86.23,HEAVY_CPU_LOAD,283.11,87.25,88.35,HEAVY_CPU_LOAD,286.59,87.69,81.72,HEAVY_CPU_LOAD,277.19,89.91,83.92,HEAVY_CPU_LOAD,283.27,29.01,50.0,260.6,0.3,22.0,COOLING,0.3,22.0,COOLING,0.3,22.0,COOLING,0.3,22.0,COOLING,23.638,22.48,22.683,22.748,22.887,23.638,22.48,1.158,1128.47,564.49,569.7,560.46,255.0,255.0,340.0,340.0,213.35,303.38,364.16,297.62,-239.37,153.62,-0.87,86.62,1050.0,1050.0,1050.0,1050.0,307.45,226.49,222.99,234.7,2823.12,1190.0,1178.51,4200.0,991.63,0.647,0.0,0.314,1.0,22.5,TARGETED_WEST_COMPUTE_COOL,3.4797
3,Distributed Heavy Compute,0,293,2930.0,14,3,3,4,4,89.49,81.63,HEAVY_CPU_LOAD,279.31,87.1,82.07,HEAVY_CPU_LOAD,276.98,85.35,87.0,HEAVY_CPU_LOAD,282.19,85.42,83.38,HEAVY_CPU_LOAD,276.85,86.74,87.86,HEAVY_CPU_LOAD,285.22,86.16,86.42,HEAVY_CPU_LOAD,282.33,87.86,87.4,HEAVY_CPU_LOAD,285.93,89.39,88.2,HEAVY_CPU_LOAD,289.04,88.06,82.9,HEAVY_CPU_LOAD,279.43,89.42,83.29,HEAVY_CPU_LOAD,281.71,29.02,50.0,260.7,0.3,22.0,COOLING,0.3,22.0,COOLING,0.3,22.0,COOLING,0.3,22.0,COOLING,23.644,22.485,22.688,22.753,22.892,23.644,22.485,1.159,1115.33,567.55,574.97,561.14,255.0,255.0,340.0,340.0,213.47,303.55,364.36,297.79,-239.61,153.73,-0.85,86.73,1050.0,1050.0,1050.0,1050.0,294.19,229.83,228.48,235.66,2818.99,1190.0,1179.17,4200.0,988.16,0.652,0.0,0.32,1.0,22.5,TARGETED_WEST_COMPUTE_COOL,3.4883
3,Distributed Heavy Compute,0,294,2940.0,14,3,3,4,4,88.94,86.92,HEAVY_CPU_LOAD,286.56,83.61,87.36,HEAVY_CPU_LOAD,280.55,86.7,83.74,HEAVY_CPU_LOAD,278.99,87.97,83.61,HEAVY_CPU_LOAD,280.38,85.98,87.58,HEAVY_CPU_LOAD,283.85,85.14,85.45,HEAVY_CPU_LOAD,279.6,87.98,83.7,HEAVY_CPU_LOAD,280.53,83.58,85.67,HEAVY_CPU_LOAD,277.98,83.92,84.62,HEAVY_CPU_LOAD,276.83,87.43,84.08,HEAVY_CPU_LOAD,280.41,29.02,50.0,260.8,0.3,22.0,COOLING,0.3,22.0,COOLING,0.3,22.0,COOLING,0.3,22.0,COOLING,23.65,22.49,22.692,22.758,22.898,23.65,22.49,1.16,1126.48,563.45,558.51,557.24,255.0,255.0,340.0,340.0,213.38,303.5,364.34,297.74,-239.84,153.84,-0.84,86.84,1050.0,1050.0,1050.0,1050.0,305.02,225.79,212.01,231.82,2805.68,1190.0,1178.96,4200.0,974.64,0.658,0.0,0.323,1.0,22.5,TARGETED_WEST_COMPUTE_COOL,3.5162
3,Distributed Heavy Compute,0,295,2950.0,14,3,3,4,4,90.18,86.62,HEAVY_CPU_LOAD,287.66,85.66,84.72,HEAVY_CPU_LOAD,279.15,83.65,88.22,HEAVY_CPU_LOAD,281.89,84.48,85.72,HEAVY_CPU_LOAD,279.18,86.17,86.21,HEAVY_CPU_LOAD,282.03,87.81,87.69,HEAVY_CPU_LOAD,286.3,87.4,87.93,HEAVY_CPU_LOAD,286.14,87.49,85.0,HEAVY_CPU_LOAD,281.86,88.94,87.66,HEAVY_CPU_LOAD,287.66,85.73,85.55,HEAVY_CPU_LOAD,280.49,29.02,50.0,261.0,0.3,22.0,COOLING,0.3,22.0,COOLING,0.3,22.0,COOLING,0.3,22.0,COOLING,23.656,22.495,22.697,22.763,22.903,23.656,22.495,1.161,1127.88,568.33,568.0,568.15,255.0,255.0,340.0,340.0,213.34,303.52,364.42,297.75,-240.09,153.84,-0.59,86.84,1050.0,1050.0,1050.0,1050.0,306.13,230.69,221.83,242.74,2832.36,1190.0,1179.03,4200.0,1001.39,0.665,0.0,0.33,1.0,22.5,TARGETED_WEST_COMPUTE_COOL,3.5354
3,Distributed Heavy Compute,0,296,2960.0,14,3,3,4,4,86.6,81.57,HEAVY_CPU_LOAD,275.61,88.94,82.87,HEAVY_CPU_LOAD,280.48,88.81,85.91,HEAVY_CPU_LOAD,284.88,89.14,83.02,HEAVY_CPU_LOAD,280.95,86.27,87.45,HEAVY_CPU_LOAD,284.01,84.93,83.74,HEAVY_CPU_LOAD,276.77,87.78,82.74,HEAVY_CPU_LOAD,278.84,85.28,87.91,HEAVY_CPU_LOAD,283.47,89.76,81.95,HEAVY_CPU_LOAD,280.12,87.58,86.59,HEAVY_CPU_LOAD,284.36,29.03,50.0,261.1,0.3,22.0,COOLING,0.3,22.0,COOLING,0.3,22.0,COOLING,0.3,22.0,COOLING,23.662,22.5,22.701,22.768,22.908,23.662,22.5,1.162,1121.92,560.78,562.31,564.48,255.0,255.0,340.0,340.0,213.45,303.69,364.62,297.93,-240.32,153.95,-0.57,86.95,1050.0,1050.0,1050.0,1050.0,300.05,223.42,216.36,239.36,2809.49,1190.0,1179.69,4200.0,979.19,0.67,0.0,0.335,1.0,22.5,TARGETED_WEST_COMPUTE_COOL,3.5535
3,Distributed Heavy Compute,0,297,2970.0,14,3,3,4,4,88.05,86.36,HEAVY_CPU_LOAD,284.6,88.62,87.66,HEAVY_CPU_LOAD,287.26,84.9,85.71,HEAVY_CPU_LOAD,279.69,90.5,85.98,HEAVY_CPU_LOAD,287.1,87.47,82.88,HEAVY_CPU_LOAD,278.66,84.94,82.1,HEAVY_CPU_LOAD,274.32,86.28,85.58,HEAVY_CPU_LOAD,281.22,89.39,83.01,HEAVY_CPU_LOAD,281.25,85.99,83.59,HEAVY_CPU_LOAD,277.87,90.11,88.38,HEAVY_CPU_LOAD,290.21,29.03,50.0,261.2,0.3,22.0,COOLING,0.3,22.0,COOLING,0.3,22.0,COOLING,0.3,22.0,COOLING,23.668,22.504,22.705,22.773,22.913,23.668,22.504,1.164,1138.65,552.98,562.47,568.08,255.0,255.0,340.0,340.0,213.36,303.65,364.62,297.88,-240.57,153.95,-0.33,86.95,1050.0,1050.0,1050.0,1050.0,316.44,215.58,216.76,242.91,2822.18,1190.0,1179.51,4200.0,991.69,0.676,0.0,0.34,1.0,22.5,TARGETED_WEST_COMPUTE_COOL,3.5932
3,Distributed Heavy Compute,0,298,2980.0,14,3,3,4,4,89.62,87.17,HEAVY_CPU_LOAD,287.78,85.59,87.3,HEAVY_CPU_LOAD,282.94,84.81,84.38,HEAVY_CPU_LOAD,277.58,85.3,85.8,HEAVY_CPU_LOAD,280.32,87.43,81.52,HEAVY_CPU_LOAD,276.57,87.14,85.33,HEAVY_CPU_LOAD,281.92,89.14,81.76,HEAVY_CPU_LOAD,279.07,86.6,83.07,HEAVY_CPU_LOAD,277.85,90.21,84.2,HEAVY_CPU_LOAD,284.06,87.48,82.8,HEAVY_CPU_LOAD,278.55,29.03,50.0,261.4,0.3,22.0,COOLING,0.3,22.0,COOLING,0.3,22.0,COOLING,0.3,22.0,COOLING,23.674,22.509,22.709,22.778,22.918,23.674,22.509,1.165,1128.62,558.49,556.92,562.61,255.0,255.0,340.0,340.0,213.3,303.69,364.71,297.91,-240.93,154.18,-0.18,86.93,1050.0,1050.0,1050.0,1050.0,305.99,221.36,211.45,237.45,2806.64,1190.0,1179.61,4200.0,976.25,0.681,0.0,0.344,1.0,22.5,TARGETED_WEST_COMPUTE_COOL,3.6019
3,Distributed Heavy Compute,0,299,2990.0,14,3,3,4,4,86.5,84.4,HEAVY_CPU_LOAD,279.73,88.68,86.94,HEAVY_CPU_LOAD,286.26,89.03,85.78,HEAVY_CPU_LOAD,284.96,85.68,86.93,HEAVY_CPU_LOAD,282.5,89.2,83.96,HEAVY_CPU_LOAD,282.44,89.69,84.18,HEAVY_CPU_LOAD,283.38,86.49,84.46,HEAVY_CPU_LOAD,279.8,89.89,85.71,HEAVY_CPU_LOAD,285.93,90.45,87.19,HEAVY_CPU_LOAD,288.85,85.99,87.24,HEAVY_CPU_LOAD,283.35,29.04,50.0,261.5,0.3,22.0,COOLING,0.3,22.0,COOLING,0.3,22.0,COOLING,0.3,22.0,COOLING,23.68,22.514,22.714,22.783,22.923,23.68,22.514,1.166,1133.45,565.82,565.73,572.2,255.0,255.0,340.0,340.0,213.43,303.86,364.93,298.07,-241.19,154.18,0.06,86.94,1050.0,1050.0,1050.0,1050.0,310.69,228.86,220.72,247.21,2837.2,1190.0,1180.29,4200.0,1007.48,0.688,0.0,0.351,1.0,22.5,TARGETED_WEST_COMPUTE_COOL,3.6232
3,Distributed Heavy Compute,0,300,3000.0,14,3,3,4,4,85.01,85.33,HEAVY_CPU_LOAD,279.26,89.96,88.01,HEAVY_CPU_LOAD,289.47,88.45,84.52,HEAVY_CPU_LOAD,282.34,89.35,86.44,HEAVY_CPU_LOAD,286.35,87.7,81.93,HEAVY_CPU_LOAD,277.52,83.87,81.85,HEAVY_CPU_LOAD,272.61,84.77,84.47,HEAVY_CPU_LOAD,277.67,85.58,84.88,HEAVY_CPU_LOAD,279.29,85.13,86.16,HEAVY_CPU_LOAD,280.65,85.14,83.26,HEAVY_CPU_LOAD,276.31,29.04,50.0,261.7,0.3,22.0,COOLING,0.3,22.0,COOLING,0.3,22.0,COOLING,0.3,22.0,COOLING,23.686,22.518,22.718,22.788,22.928,23.686,22.518,1.168,1137.42,550.13,556.96,556.96,255.0,255.0,340.0,340.0,213.38,303.87,365.0,298.09,-241.42,154.29,0.08,87.04,1050.0,1050.0,1050.0,1050.0,314.38,213.29,212.04,232.09,2801.47,1190.0,1180.34,4200.0,971.8,0.693,0.0,0.354,1.0,22.5,TARGETED_WEST_COMPUTE_COOL,3.6565
3,Distributed Heavy Compute,0,301,3010.0,14,3,3,4,4,85.51,81.8,HEAVY_CPU_LOAD,274.59,86.1,85.23,HEAVY_CPU_LOAD,280.47,84.37,84.21,HEAVY_CPU_LOAD,276.78,89.64,81.61,HEAVY_CPU_LOAD,279.47,88.2,86.79,HEAVY_CPU_LOAD,285.44,86.33,85.94,HEAVY_CPU_LOAD,281.82,89.29,85.03,HEAVY_CPU_LOAD,284.16,85.68,82.86,HEAVY_CPU_LOAD,276.39,88.33,87.64,HEAVY_CPU_LOAD,286.87,86.31,86.96,HEAVY_CPU_LOAD,283.33,29.05,50.0,261.8,0.3,22.0,COOLING,0.3,22.0,COOLING,0.3,22.0,COOLING,0.3,22.0,COOLING,23.692,22.523,22.722,22.793,22.933,23.692,22.523,1.169,1111.31,567.26,560.55,570.2,255.0,255.0,340.0,340.0,213.5,304.06,365.21,298.25,-241.78,154.53,0.22,87.03,1050.0,1050.0,1050.0,1050.0,288.03,230.85,215.98,245.48,2809.32,1190.0,1181.02,4200.0,980.34,0.698,0.0,0.36,1.0,22.5,TARGETED_WEST_COMPUTE_COOL,3.6495
3,Distributed Heavy Compute,0,302,3020.0,14,3,3,4,4,89.68,83.49,HEAVY_CPU_LOAD,282.34,89.91,87.88,HEAVY_CPU_LOAD,289.21,88.15,83.57,HEAVY_CPU_LOAD,280.54,85.12,83.58,HEAVY_CPU_LOAD,276.77,89.72,82.42,HEAVY_CPU_LOAD,280.78,84.92,81.56,HEAVY_CPU_LOAD,273.49,87.41,84.31,HEAVY_CPU_LOAD,280.73,84.2,82.78,HEAVY_CPU_LOAD,274.42,86.88,87.77,HEAVY_CPU_LOAD,285.25,85.63,85.99,HEAVY_CPU_LOAD,281.02,29.05,50.0,261.9,0.3,22.0,COOLING,0.3,22.0,COOLING,0.3,22.0,COOLING,0.3,22.0,COOLING,23.698,22.527,22.726,22.798,22.937,23.698,22.527,1.171,1128.86,554.27,555.15,566.27,255.0,255.0,340.0,340.0,213.41,304.02,365.21,298.22,-242.03,154.53,0.47,87.03,1050.0,1050.0,1050.0,1050.0,305.24,217.82,210.83,241.52,2804.55,1190.0,1180.86,4200.0,975.41,0.704,0.0,0.365,1.0,22.5,TARGETED_WEST_COMPUTE_COOL,3.6925
3,Distributed Heavy Compute,0,303,3030.0,14,3,3,4,4,87.37,84.43,HEAVY_CPU_LOAD,280.86,85.91,87.33,HEAVY_CPU_LOAD,283.38,86.31,82.39,HEAVY_CPU_LOAD,276.47,88.82,87.97,HEAVY_CPU_LOAD,287.98,90.29,83.48,HEAVY_CPU_LOAD,283.08,87.89,81.83,HEAVY_CPU_LOAD,277.61,87.52,87.61,HEAVY_CPU_LOAD,285.81,88.07,82.39,HEAVY_CPU_LOAD,278.67,88.15,82.93,HEAVY_CPU_LOAD,279.58,88.31,83.3,HEAVY_CPU_LOAD,280.34,29.05,50.0,262.1,0.3,22.0,COOLING,0.3,22.0,COOLING,0.3,22.0,COOLING,0.3,22.0,COOLING,23.704,22.532,22.73,22.803,22.942,23.704,22.532,1.172,1128.69,560.69,564.48,559.92,255.0,255.0,340.0,340.0,213.36,304.05,365.31,298.23,-242.39,154.76,0.61,87.02,1050.0,1050.0,1050.0,1050.0,304.66,224.5,220.4,235.17,2813.78,1190.0,1180.95,4200.0,984.73,0.71,0.0,0.37,1.0,22.5,TARGETED_WEST_COMPUTE_COOL,3.7098
3,Distributed Heavy Compute,0,304,3040.0,14,3,3,4,4,85.33,82.52,HEAVY_CPU_LOAD,275.44,86.59,86.53,HEAVY_CPU_LOAD,283.03,89.44,86.53,HEAVY_CPU_LOAD,286.6,84.66,84.65,HEAVY_CPU_LOAD,277.8,87.55,88.0,HEAVY_CPU_LOAD,286.44,86.75,87.86,HEAVY_CPU_LOAD,285.23,90.41,88.06,HEAVY_CPU_LOAD,290.1,89.25,85.65,HEAVY_CPU_LOAD,285.04,85.58,84.01,HEAVY_CPU_LOAD,277.99,84.99,85.61,HEAVY_CPU_LOAD,279.65,29.06,50.0,262.2,0.3,22.0,COOLING,0.3,22.0,COOLING,0.3,22.0,COOLING,0.3,22.0,COOLING,23.71,22.537,22.735,22.808,22.947,23.71,22.537,1.173,1122.87,571.67,575.14,557.64,255.0,255.0,340.0,340.0,213.48,304.23,365.51,298.41,-242.64,154.77,0.86,87.01,1050.0,1050.0,1050.0,1050.0,298.71,235.67,231.51,233.06,2827.32,1190.0,1181.63,4200.0,998.95,0.717,0.0,0.376,1.0,22.5,TARGETED_WEST_COMPUTE_COOL,3.7219
3,Distributed Heavy Compute,0,305,3050.0,14,3,3,4,4,85.03,82.02,HEAVY_CPU_LOAD,274.32,86.98,83.84,HEAVY_CPU_LOAD,279.49,86.48,83.59,HEAVY_CPU_LOAD,278.49,88.79,84.59,HEAVY_CPU_LOAD,282.87,85.8,86.07,HEAVY_CPU_LOAD,281.36,85.66,83.25,HEAVY_CPU_LOAD,276.95,88.85,84.92,HEAVY_CPU_LOAD,283.44,87.67,84.44,HEAVY_CPU_LOAD,281.25,88.08,87.09,HEAVY_CPU_LOAD,285.74,85.73,88.06,HEAVY_CPU_LOAD,284.25,29.06,50.0,262.4,0.3,22.0,COOLING,0.3,22.0,COOLING,0.3,22.0,COOLING,0.3,22.0,COOLING,23.716,22.542,22.74,22.813,22.953,23.716,22.542,1.174,1115.17,558.31,564.69,569.99,255.0,255.0,340.0,340.0,213.42,304.24,365.59,298.42,-242.88,154.88,0.88,87.13,1050.0,1050.0,1050.0,1050.0,290.71,222.43,221.16,245.54,2808.16,1190.0,1181.67,4200.0,979.84,0.721,0.0,0.382,1.0,22.5,TARGETED_WEST_COMPUTE_COOL,3.7437
3,Distributed Heavy Compute,0,306,3060.0,14,3,3,4,4,85.07,85.76,HEAVY_CPU_LOAD,279.98,89.94,86.96,HEAVY_CPU_LOAD,287.87,85.76,86.57,HEAVY_CPU_LOAD,282.05,83.98,85.86,HEAVY_CPU_LOAD,278.76,85.21,85.84,HEAVY_CPU_LOAD,280.27,86.21,86.76,HEAVY_CPU_LOAD,282.9,88.76,83.68,HEAVY_CPU_LOAD,281.47,85.32,83.97,HEAVY_CPU_LOAD,277.6,86.29,87.12,HEAVY_CPU_LOAD,283.54,84.23,84.55,HEAVY_CPU_LOAD,277.11,29.06,50.0,262.5,0.3,22.0,COOLING,0.3,22.0,COOLING,0.3,22.0,COOLING,0.3,22.0,COOLING,23.722,22.547,22.744,22.818,22.958,23.722,22.547,1.175,1128.66,563.17,559.07,560.65,255.0,255.0,340.0,340.0,213.34,304.2,365.57,298.37,-243.11,154.98,0.89,87.24,1050.0,1050.0,1050.0,1050.0,303.89,227.35,215.53,236.26,2811.55,1190.0,1181.48,4200.0,983.03,0.728,0.0,0.386,1.0,22.5,TARGETED_WEST_COMPUTE_COOL,3.7714
3,Distributed Heavy Compute,0,307,3070.0,14,3,3,4,4,89.47,81.89,HEAVY_CPU_LOAD,279.67,87.54,83.45,HEAVY_CPU_LOAD,279.6,85.37,85.11,HEAVY_CPU_LOAD,279.38,84.73,83.43,HEAVY_CPU_LOAD,276.06,83.9,88.27,HEAVY_CPU_LOAD,282.28,88.09,85.85,HEAVY_CPU_LOAD,283.89,90.35,84.17,HEAVY_CPU_LOAD,284.19,86.97,84.26,HEAVY_CPU_LOAD,280.1,87.85,87.02,HEAVY_CPU_LOAD,285.34,84.86,81.59,HEAVY_CPU_LOAD,273.46,29.07,50.0,262.6,0.3,22.0,COOLING,0.3,22.0,COOLING,0.3,22.0,COOLING,0.3,22.0,COOLING,23.728,22.552,22.749,22.823,22.963,23.728,22.552,1.176,1114.71,566.17,564.29,558.8,255.0,255.0,340.0,340.0,213.45,304.36,365.78,298.54,-243.36,154.99,1.14,87.23,1050.0,1050.0,1050.0,1050.0,289.8,230.52,221.21,234.57,2803.97,1190.0,1182.13,4200.0,976.1,0.734,0.0,0.391,1.0,22.5,TARGETED_WEST_COMPUTE_COOL,3.7814
3,Distributed Heavy Compute,0,308,3080.0,14,3,3,4,4,89.73,83.62,HEAVY_CPU_LOAD,282.59,88.58,88.18,HEAVY_CPU_LOAD,288.0,86.84,81.54,HEAVY_CPU_LOAD,275.86,84.53,86.25,HEAVY_CPU_LOAD,280.04,84.04,86.95,HEAVY_CPU_LOAD,280.48,88.96,84.16,HEAVY_CPU_LOAD,282.44,87.34,85.46,HEAVY_CPU_LOAD,282.37,84.24,84.59,HEAVY_CPU_LOAD,277.19,89.58,84.22,HEAVY_CPU_LOAD,283.31,89.74,85.68,HEAVY_CPU_LOAD,285.7,29.07,50.0,262.8,0.3,22.0,COOLING,0.3,22.0,COOLING,0.3,22.0,COOLING,0.3,22.0,COOLING,23.734,22.557,22.753,22.828,22.968,23.734,22.557,1.177,1126.49,562.92,559.56,569.01,255.0,255.0,340.0,340.0,213.4,304.39,365.85,298.56,-243.6,155.1,1.16,87.34,1050.0,1050.0,1050.0,1050.0,301.29,227.41,216.57,244.91,2817.98,1190.0,1182.2,4200.0,990.18,0.74,0.0,0.397,1.0,22.5,TARGETED_WEST_COMPUTE_COOL,3.8132
3,Distributed Heavy Compute,0,309,3090.0,14,3,3,4,4,88.29,82.99,HEAVY_CPU_LOAD,279.85,88.64,88.34,HEAVY_CPU_LOAD,288.31,84.31,82.55,HEAVY_CPU_LOAD,274.21,87.84,88.35,HEAVY_CPU_LOAD,287.33,85.33,84.05,HEAVY_CPU_LOAD,277.74,89.09,88.22,HEAVY_CPU_LOAD,288.69,85.71,82.74,HEAVY_CPU_LOAD,276.25,85.35,85.54,HEAVY_CPU_LOAD,280.0,87.7,88.48,HEAVY_CPU_LOAD,287.35,83.89,82.26,HEAVY_CPU_LOAD,273.25,29.07,50.0,262.9,0.3,22.0,COOLING,0.3,22.0,COOLING,0.3,22.0,COOLING,0.3,22.0,COOLING,23.74,22.562,22.757,22.833,22.973,23.74,22.562,1.178,1129.7,566.43,556.25,560.6,255.0,255.0,340.0,340.0,213.31,304.34,365.86,298.51,-243.85,155.1,1.4,87.35,1050.0,1050.0,1050.0,1050.0,304.16,230.87,213.51,236.46,2812.98,1190.0,1182.02,4200.0,985.0,0.746,0.0,0.401,1.0,22.5,TARGETED_WEST_COMPUTE_COOL,3.8346
3,Distributed Heavy Compute,0,310,3100.0,14,3,3,4,4,85.27,84.35,HEAVY_CPU_LOAD,278.11,86.01,87.48,HEAVY_CPU_LOAD,283.73,86.13,83.95,HEAVY_CPU_LOAD,278.59,86.71,85.68,HEAVY_CPU_LOAD,281.91,86.22,85.6,HEAVY_CPU_LOAD,281.17,83.88,88.29,HEAVY_CPU_LOAD,282.28,90.21,84.03,HEAVY_CPU_LOAD,283.81,87.13,88.48,HEAVY_CPU_LOAD,286.63,87.13,83.58,HEAVY_CPU_LOAD,279.28,85.04,83.59,HEAVY_CPU_LOAD,276.69,29.08,50.0,263.1,0.3,22.0,COOLING,0.3,22.0,COOLING,0.3,22.0,COOLING,0.3,22.0,COOLING,23.746,22.567,22.762,22.838,22.978,23.746,22.567,1.179,1122.34,563.45,570.44,555.97,255.0,255.0,340.0,340.0,213.47,304.58,366.15,298.75,-244.09,155.09,1.65,87.35,1050.0,1050.0,1050.0,1050.0,296.72,228.12,228.24,232.07,2812.2,1190.0,1182.95,4200.0,985.15,0.752,0.0,0.407,1.0,22.5,TARGETED_WEST_COMPUTE_COOL,3.8535
3,Distributed Heavy Compute,0,311,3110.0,14,3,3,4,4,87.07,84.1,HEAVY_CPU_LOAD,279.99,87.51,88.21,HEAVY_CPU_LOAD,286.7,84.0,85.09,HEAVY_CPU_LOAD,277.63,87.35,87.95,HEAVY_CPU_LOAD,286.11,89.46,86.43,HEAVY_CPU_LOAD,286.47,86.92,85.35,HEAVY_CPU_LOAD,281.67,86.16,86.33,HEAVY_CPU_LOAD,282.19,85.47,83.15,HEAVY_CPU_LOAD,276.56,89.91,83.21,HEAVY_CPU_LOAD,282.2,87.15,83.18,HEAVY_CPU_LOAD,278.71,29.08,50.0,263.2,0.3,22.0,COOLING,0.3,22.0,COOLING,0.3,22.0,COOLING,0.3,22.0,COOLING,23.752,22.572,22.766,22.843,22.983,23.752,22.572,1.18,1130.43,568.14,558.75,560.91,255.0,255.0,340.0,340.0,213.38,304.53,366.14,298.7,-244.33,155.2,1.67,87.45,1050.0,1050.0,1050.0,1050.0,304.48,232.87,216.56,237.06,2818.23,1190.0,1182.75,4200.0,990.97,0.758,0.0,0.412,1.0,22.5,TARGETED_WEST_COMPUTE_COOL,3.8784
3,Distributed Heavy Compute,0,312,3120.0,14,3,3,4,4,88.46,81.52,HEAVY_CPU_LOAD,277.85,84.55,86.84,HEAVY_CPU_LOAD,280.95,88.29,83.63,HEAVY_CPU_LOAD,280.81,88.01,87.13,HEAVY_CPU_LOAD,285.71,85.96,86.59,HEAVY_CPU_LOAD,282.33,87.42,88.29,HEAVY_CPU_LOAD,286.71,90.16,84.91,HEAVY_CPU_LOAD,285.06,83.94,82.9,HEAVY_CPU_LOAD,274.28,87.99,87.33,HEAVY_CPU_LOAD,285.98,86.09,83.98,HEAVY_CPU_LOAD,278.58,29.08,50.0,263.3,0.3,22.0,COOLING,0.3,22.0,COOLING,0.3,22.0,COOLING,0.3,22.0,COOLING,23.758,22.577,22.77,22.848,22.988,23.758,22.577,1.181,1125.32,569.04,559.34,564.56,255.0,255.0,340.0,340.0,213.29,304.48,366.14,298.66,-244.58,155.2,1.92,87.45,1050.0,1050.0,1050.0,1050.0,299.03,233.72,217.4,240.67,2818.26,1190.0,1182.57,4200.0,990.82,0.764,0.0,0.417,1.0,22.5,TARGETED_WEST_COMPUTE_COOL,3.8961
3,Distributed Heavy Compute,0,313,3130.0,14,3,3,4,4,86.38,85.13,HEAVY_CPU_LOAD,280.67,89.6,86.64,HEAVY_CPU_LOAD,286.96,86.96,81.89,HEAVY_CPU_LOAD,276.53,88.03,87.51,HEAVY_CPU_LOAD,286.3,88.45,85.2,HEAVY_CPU_LOAD,283.36,84.86,84.81,HEAVY_CPU_LOAD,278.29,87.16,84.28,HEAVY_CPU_LOAD,280.37,87.65,82.91,HEAVY_CPU_LOAD,278.93,85.74,84.05,HEAVY_CPU_LOAD,278.25,84.29,81.86,HEAVY_CPU_LOAD,273.15,29.09,50.0,263.5,0.3,22.0,COOLING,0.3,22.0,COOLING,0.3,22.0,COOLING,0.3,22.0,COOLING,23.764,22.582,22.774,22.853,22.993,23.764,22.582,1.182,1130.46,561.65,559.3,551.4,255.0,255.0,340.0,340.0,213.45,304.72,366.44,298.89,-244.83,155.2,2.17,87.46,1050.0,1050.0,1050.0,1050.0,304.08,226.57,217.91,227.75,2802.81,1190.0,1183.5,4200.0,976.31,0.77,0.0,0.421,1.0,22.5,TARGETED_WEST_COMPUTE_COOL,3.925
3,Distributed Heavy Compute,0,314,3140.0,14,3,3,4,4,83.98,84.65,HEAVY_CPU_LOAD,276.95,85.76,83.72,HEAVY_CPU_LOAD,277.78,85.75,82.71,HEAVY_CPU_LOAD,276.25,90.26,83.64,HEAVY_CPU_LOAD,283.28,84.56,81.85,HEAVY_CPU_LOAD,273.47,87.9,83.09,HEAVY_CPU_LOAD,279.51,83.66,81.89,HEAVY_CPU_LOAD,272.41,88.61,88.14,HEAVY_CPU_LOAD,287.97,85.59,88.13,HEAVY_CPU_LOAD,284.18,87.35,83.33,HEAVY_CPU_LOAD,279.18,29.09,50.0,263.6,0.3,22.0,COOLING,0.3,22.0,COOLING,0.3,22.0,COOLING,0.3,22.0,COOLING,23.77,22.586,22.778,22.858,22.998,23.77,22.586,1.184,1114.26,552.98,560.38,563.36,255.0,255.0,340.0,340.0,213.36,304.67,366.44,298.85,-245.08,155.2,2.42,87.45,1050.0,1050.0,1050.0,1050.0,287.54,217.85,219.24,239.66,2790.98,1190.0,1183.32,4200.0,964.29,0.774,0.0,0.427,1.0,22.5,TARGETED_WEST_COMPUTE_COOL,3.9437
3,Distributed Heavy Compute,0,315,3150.0,14,3,3,4,4,87.83,87.31,HEAVY_CPU_LOAD,285.75,89.08,84.25,HEAVY_CPU_LOAD,282.73,89.69,85.18,HEAVY_CPU_LOAD,284.88,84.65,86.25,HEAVY_CPU_LOAD,280.19,85.14,87.0,HEAVY_CPU_LOAD,281.93,90.15,85.54,HEAVY_CPU_LOAD,286.0,86.0,86.01,HEAVY_CPU_LOAD,281.51,85.01,87.87,HEAVY_CPU_LOAD,283.07,86.74,87.67,HEAVY_CPU_LOAD,284.93,87.83,81.96,HEAVY_CPU_LOAD,277.73,29.09,50.0,263.8,0.3,22.0,COOLING,0.3,22.0,COOLING,0.3,22.0,COOLING,0.3,22.0,COOLING,23.776,22.591,22.783,22.863,23.003,23.776,22.591,1.185,1133.55,567.93,564.58,562.66,255.0,255.0,340.0,340.0,213.3,304.72,366.53,298.87,-245.44,155.44,2.56,87.44,1050.0,1050.0,1050.0,1050.0,306.41,233.09,223.67,238.97,2828.72,1190.0,1183.42,4200.0,1002.14,0.782,0.0,0.433,1.0,22.5,TARGETED_WEST_COMPUTE_COOL,3.9742
3,Distributed Heavy Compute,0,316,3160.0,14,3,3,4,4,90.04,84.58,HEAVY_CPU_LOAD,284.42,87.17,83.14,HEAVY_CPU_LOAD,278.67,86.39,82.7,HEAVY_CPU_LOAD,277.04,88.62,84.59,HEAVY_CPU_LOAD,282.66,84.66,86.25,HEAVY_CPU_LOAD,280.2,88.92,83.12,HEAVY_CPU_LOAD,280.83,85.19,85.29,HEAVY_CPU_LOAD,279.42,84.09,83.71,HEAVY_CPU_LOAD,275.68,87.58,86.03,HEAVY_CPU_LOAD,283.52,84.98,86.42,HEAVY_CPU_LOAD,280.86,29.1,50.0,263.9,0.3,22.0,COOLING,0.3,22.0,COOLING,0.3,22.0,COOLING,0.3,22.0,COOLING,23.782,22.596,22.787,22.868,23.008,23.782,22.596,1.186,1122.79,561.03,555.1,564.38,255.0,255.0,340.0,340.0,213.43,304.88,366.73,299.04,-245.67,155.55,2.57,87.55,1050.0,1050.0,1050.0,1050.0,295.55,226.46,214.4,240.97,2803.3,1190.0,1184.08,4200.0,977.38,0.787,0.0,0.437,1.0,22.5,TARGETED_WEST_COMPUTE_COOL,3.9912
3,Distributed Heavy Compute,0,317,3170.0,14,3,3,4,4,90.39,86.54,HEAVY_CPU_LOAD,287.8,89.92,86.86,HEAVY_CPU_LOAD,287.69,90.36,88.25,HEAVY_CPU_LOAD,290.32,88.16,85.13,HEAVY_CPU_LOAD,282.89,87.28,84.2,HEAVY_CPU_LOAD,280.4,90.4,88.17,HEAVY_CPU_LOAD,290.25,89.82,84.36,HEAVY_CPU_LOAD,283.81,85.7,86.08,HEAVY_CPU_LOAD,281.25,89.65,83.66,HEAVY_CPU_LOAD,282.55,85.01,81.52,HEAVY_CPU_LOAD,273.54,29.1,50.0,264.0,0.3,22.0,COOLING,0.3,22.0,COOLING,0.3,22.0,COOLING,0.3,22.0,COOLING,23.789,22.601,22.792,22.873,23.014,23.789,22.601,1.188,1148.7,570.65,565.06,556.09,255.0,255.0,340.0,340.0,213.34,304.84,366.73,298.99,-245.93,155.55,2.83,87.55,1050.0,1050.0,1050.0,1050.0,321.11,236.04,224.62,232.63,2840.5,1190.0,1183.9,4200.0,1014.4,0.795,0.0,0.443,1.0,22.5,TARGETED_WEST_COMPUTE_COOL,4.0364
3,Distributed Heavy Compute,0,318,3180.0,14,3,3,4,4,88.08,85.51,HEAVY_CPU_LOAD,283.37,89.23,88.48,HEAVY_CPU_LOAD,289.26,88.82,81.79,HEAVY_CPU_LOAD,278.71,88.02,85.95,HEAVY_CPU_LOAD,283.95,86.62,87.07,HEAVY_CPU_LOAD,283.88,87.79,87.22,HEAVY_CPU_LOAD,285.57,89.34,85.06,HEAVY_CPU_LOAD,284.26,84.13,87.73,HEAVY_CPU_LOAD,281.76,83.83,82.2,HEAVY_CPU_LOAD,273.09,87.16,84.51,HEAVY_CPU_LOAD,280.72,29.1,50.0,264.2,0.3,22.0,COOLING,0.3,22.0,COOLING,0.3,22.0,COOLING,0.3,22.0,COOLING,23.795,22.606,22.797,22.878,23.019,23.795,22.606,1.189,1135.29,569.45,566.02,553.81,255.0,255.0,340.0,340.0,213.27,304.85,366.79,299.0,-246.4,155.77,2.85,87.77,1050.0,1050.0,1050.0,1050.0,307.16,235.07,225.66,230.58,2824.57,1190.0,1183.91,4200.0,998.47,0.8,0.0,0.449,1.0,22.5,TARGETED_WEST_COMPUTE_COOL,4.0498
3,Distributed Heavy Compute,0,319,3190.0,14,3,3,4,4,87.45,84.11,HEAVY_CPU_LOAD,280.48,87.63,85.68,HEAVY_CPU_LOAD,283.06,89.72,88.32,HEAVY_CPU_LOAD,289.63,89.19,87.03,HEAVY_CPU_LOAD,287.03,87.18,85.15,HEAVY_CPU_LOAD,281.7,87.72,86.99,HEAVY_CPU_LOAD,285.13,84.84,83.69,HEAVY_CPU_LOAD,276.59,89.54,87.47,HEAVY_CPU_LOAD,288.13,84.28,82.55,HEAVY_CPU_LOAD,274.18,85.56,83.41,HEAVY_CPU_LOAD,277.06,29.11,50.0,264.3,0.3,22.0,COOLING,0.3,22.0,COOLING,0.3,22.0,COOLING,0.3,22.0,COOLING,23.801,22.611,22.802,22.883,23.024,23.801,22.611,1.19,1140.2,566.83,564.72,551.24,255.0,255.0,340.0,340.0,213.38,305.03,366.99,299.18,-246.63,155.88,2.87,87.88,1050.0,1050.0,1050.0,1050.0,311.95,232.74,224.58,228.3,2822.99,1190.0,1184.58,4200.0,997.57,0.807,0.0,0.454,1.0,22.5,TARGETED_WEST_COMPUTE_COOL,4.0783
3,Distributed Heavy Compute,0,320,3200.0,14,3,3,4,4,83.94,85.83,HEAVY_CPU_LOAD,278.67,84.29,82.14,HEAVY_CPU_LOAD,273.57,89.2,85.19,HEAVY_CPU_LOAD,284.28,84.79,88.1,HEAVY_CPU_LOAD,283.14,87.4,87.58,HEAVY_CPU_LOAD,285.62,86.47,87.92,HEAVY_CPU_LOAD,284.97,85.68,85.21,HEAVY_CPU_LOAD,279.92,87.44,82.83,HEAVY_CPU_LOAD,278.55,83.94,82.31,HEAVY_CPU_LOAD,273.39,89.84,81.91,HEAVY_CPU_LOAD,280.17,29.11,50.0,264.4,0.3,22.0,COOLING,0.3,22.0,COOLING,0.3,22.0,COOLING,0.3,22.0,COOLING,23.807,22.616,22.806,22.888,23.029,23.807,22.616,1.191,1119.66,570.59,558.47,553.56,255.0,255.0,340.0,340.0,213.29,304.98,366.97,299.13,-246.86,155.99,2.89,87.99,1050.0,1050.0,1050.0,1050.0,291.09,236.56,218.33,230.68,2802.28,1190.0,1184.37,4200.0,976.66,0.811,0.0,0.459,1.0,22.5,TARGETED_WEST_COMPUTE_COOL,4.0833
3,Distributed Heavy Compute,0,321,3210.0,14,3,3,4,4,88.5,82.33,HEAVY_CPU_LOAD,279.12,85.83,81.75,HEAVY_CPU_LOAD,274.91,84.6,82.1,HEAVY_CPU_LOAD,273.9,88.71,87.82,HEAVY_CPU_LOAD,287.62,85.36,85.27,HEAVY_CPU_LOAD,279.61,88.25,83.4,HEAVY_CPU_LOAD,280.41,83.57,85.01,HEAVY_CPU_LOAD,276.98,88.28,82.67,HEAVY_CPU_LOAD,279.36,86.17,83.63,HEAVY_CPU_LOAD,278.16,84.24,84.41,HEAVY_CPU_LOAD,276.92,29.11,50.0,264.6,0.3,22.0,COOLING,0.3,22.0,COOLING,0.3,22.0,COOLING,0.3,22.0,COOLING,23.813,22.621,22.81,22.893,23.034,23.813,22.621,1.192,1115.55,560.02,556.34,555.08,255.0,255.0,340.0,340.0,213.23,305.0,367.06,299.15,-247.11,155.99,3.13,87.99,1050.0,1050.0,1050.0,1050.0,286.67,226.01,216.53,232.22,2786.99,1190.0,1184.44,4200.0,961.43,0.816,0.0,0.463,1.0,22.5,TARGETED_WEST_COMPUTE_COOL,4.1084
3,Distributed Heavy Compute,0,322,3220.0,14,3,3,4,4,87.16,83.85,HEAVY_CPU_LOAD,279.72,87.22,87.04,HEAVY_CPU_LOAD,284.58,88.19,83.66,HEAVY_CPU_LOAD,280.73,88.53,85.49,HEAVY_CPU_LOAD,283.9,87.74,88.41,HEAVY_CPU_LOAD,287.29,85.11,84.71,HEAVY_CPU_LOAD,278.45,88.27,82.08,HEAVY_CPU_LOAD,278.46,90.07,85.05,HEAVY_CPU_LOAD,285.16,83.57,86.49,HEAVY_CPU_LOAD,279.2,86.15,83.43,HEAVY_CPU_LOAD,277.83,29.12,50.0,264.7,0.3,22.0,COOLING,0.3,22.0,COOLING,0.3,22.0,COOLING,0.3,22.0,COOLING,23.819,22.626,22.815,22.898,23.04,23.819,22.626,1.193,1128.93,565.74,563.62,557.03,255.0,255.0,340.0,340.0,213.36,305.17,367.28,299.32,-247.36,155.99,3.39,87.99,1050.0,1050.0,1050.0,1050.0,299.93,231.9,224.29,234.34,2815.32,1190.0,1185.13,4200.0,990.46,0.824,0.0,0.47,1.0,22.5,TARGETED_WEST_COMPUTE_COOL,4.141
3,Distributed Heavy Compute,0,323,3230.0,14,3,3,4,4,90.33,83.55,HEAVY_CPU_LOAD,283.24,85.55,82.18,HEAVY_CPU_LOAD,275.21,83.76,83.5,HEAVY_CPU_LOAD,274.95,87.19,83.83,HEAVY_CPU_LOAD,279.73,83.79,84.02,HEAVY_CPU_LOAD,275.77,90.44,83.14,HEAVY_CPU_LOAD,282.76,84.81,83.36,HEAVY_CPU_LOAD,276.05,84.48,87.55,HEAVY_CPU_LOAD,281.92,87.19,82.72,HEAVY_CPU_LOAD,278.07,90.18,88.37,HEAVY_CPU_LOAD,290.28,29.12,50.0,264.9,0.3,22.0,COOLING,0.3,22.0,COOLING,0.3,22.0,COOLING,0.3,22.0,COOLING,23.825,22.631,22.819,22.903,23.044,23.825,22.631,1.194,1113.13,558.53,557.97,568.35,255.0,255.0,340.0,340.0,213.31,305.18,367.35,299.33,-247.6,156.1,3.4,88.1,1050.0,1050.0,1050.0,1050.0,283.84,224.81,218.72,245.78,2797.98,1190.0,1185.17,4200.0,973.15,0.828,0.0,0.475,1.0,22.5,TARGETED_WEST_COMPUTE_COOL,4.156
3,Distributed Heavy Compute,0,324,3240.0,14,3,3,4,4,90.23,85.09,HEAVY_CPU_LOAD,285.42,88.95,85.42,HEAVY_CPU_LOAD,284.32,88.33,85.18,HEAVY_CPU_LOAD,283.18,89.52,86.69,HEAVY_CPU_LOAD,286.94,88.91,85.85,HEAVY_CPU_LOAD,284.91,87.32,85.03,HEAVY_CPU_LOAD,281.69,86.99,88.36,HEAVY_CPU_LOAD,286.28,90.26,82.87,HEAVY_CPU_LOAD,282.13,89.76,82.53,HEAVY_CPU_LOAD,281.0,87.79,83.04,HEAVY_CPU_LOAD,279.3,29.12,50.0,265.0,0.3,22.0,COOLING,0.3,22.0,COOLING,0.3,22.0,COOLING,0.3,22.0,COOLING,23.831,22.636,22.824,22.908,23.05,23.831,22.636,1.195,1139.86,566.6,568.41,560.3,255.0,255.0,340.0,340.0,213.22,305.13,367.34,299.29,-247.85,156.1,3.65,88.1,1050.0,1050.0,1050.0,1050.0,310.23,232.83,229.4,237.69,2835.17,1190.0,1184.98,4200.0,1010.15,0.836,0.0,0.481,1.0,22.5,TARGETED_WEST_COMPUTE_COOL,4.1979
3,Distributed Heavy Compute,0,325,3250.0,14,3,3,4,4,83.94,82.62,HEAVY_CPU_LOAD,273.86,87.93,83.65,HEAVY_CPU_LOAD,280.39,90.08,86.9,HEAVY_CPU_LOAD,287.95,88.72,84.55,HEAVY_CPU_LOAD,282.73,86.05,82.73,HEAVY_CPU_LOAD,276.66,86.21,86.26,HEAVY_CPU_LOAD,282.15,84.84,87.42,HEAVY_CPU_LOAD,282.18,84.69,84.76,HEAVY_CPU_LOAD,278.0,87.91,82.54,HEAVY_CPU_LOAD,278.7,86.29,81.66,HEAVY_CPU_LOAD,275.35,29.13,50.0,265.1,0.3,22.0,COOLING,0.3,22.0,COOLING,0.3,22.0,COOLING,0.3,22.0,COOLING,23.837,22.641,22.829,22.913,23.055,23.837,22.641,1.196,1124.93,558.81,560.18,554.05,255.0,255.0,340.0,340.0,213.34,305.31,367.54,299.46,-248.08,156.21,3.66,88.21,1050.0,1050.0,1050.0,1050.0,295.19,225.33,221.38,231.72,2797.97,1190.0,1185.65,4200.0,973.62,0.841,0.0,0.485,1.0,22.5,TARGETED_WEST_COMPUTE_COOL,4.2135
3,Distributed Heavy Compute,0,326,3260.0,14,3,3,4,4,88.81,87.11,HEAVY_CPU_LOAD,286.68,88.84,86.21,HEAVY_CPU_LOAD,285.37,86.1,88.02,HEAVY_CPU_LOAD,284.65,90.15,87.05,HEAVY_CPU_LOAD,288.26,90.37,88.28,HEAVY_CPU_LOAD,290.38,88.1,87.11,HEAVY_CPU_LOAD,285.79,83.82,85.98,HEAVY_CPU_LOAD,278.75,89.39,84.71,HEAVY_CPU_LOAD,283.8,89.05,83.49,HEAVY_CPU_LOAD,281.55,86.34,88.08,HEAVY_CPU_LOAD,285.05,29.13,50.0,265.3,0.3,22.0,COOLING,0.3,22.0,COOLING,0.3,22.0,COOLING,0.3,22.0,COOLING,23.843,22.646,22.834,22.918,23.06,23.843,22.646,1.197,1144.96,576.17,562.55,566.6,255.0,255.0,340.0,340.0,213.29,305.32,367.61,299.48,-248.32,156.32,3.68,88.32,1050.0,1050.0,1050.0,1050.0,314.93,242.81,223.84,244.4,2850.28,1190.0,1185.7,4200.0,1025.98,0.849,0.0,0.492,1.0,22.5,TARGETED_WEST_COMPUTE_COOL,4.2468
3,Distributed Heavy Compute,0,327,3270.0,14,3,3,4,4,90.07,85.98,HEAVY_CPU_LOAD,286.56,88.53,83.1,HEAVY_CPU_LOAD,280.31,86.79,82.06,HEAVY_CPU_LOAD,276.58,83.5,87.46,HEAVY_CPU_LOAD,280.56,87.25,87.05,HEAVY_CPU_LOAD,284.64,89.87,85.54,HEAVY_CPU_LOAD,285.65,90.24,81.78,HEAVY_CPU_LOAD,280.47,89.91,84.7,HEAVY_CPU_LOAD,284.44,87.1,83.28,HEAVY_CPU_LOAD,278.8,85.56,86.14,HEAVY_CPU_LOAD,281.16,29.14,50.0,265.4,0.3,22.0,COOLING,0.3,22.0,COOLING,0.3,22.0,COOLING,0.3,22.0,COOLING,23.849,22.651,22.839,22.923,23.066,23.849,22.651,1.198,1124.01,570.29,564.91,559.96,255.0,255.0,340.0,340.0,213.41,305.5,367.8,299.65,-248.56,156.43,3.7,88.43,1050.0,1050.0,1050.0,1050.0,293.86,237.22,226.41,238.04,2819.17,1190.0,1186.36,4200.0,995.53,0.853,0.0,0.497,1.0,22.5,TARGETED_WEST_COMPUTE_COOL,4.258
3,Distributed Heavy Compute,0,328,3280.0,14,3,3,4,4,85.33,82.85,HEAVY_CPU_LOAD,275.94,88.76,85.8,HEAVY_CPU_LOAD,284.65,87.64,84.24,HEAVY_CPU_LOAD,280.91,86.52,85.19,HEAVY_CPU_LOAD,280.93,86.41,82.49,HEAVY_CPU_LOAD,276.75,88.67,82.58,HEAVY_CPU_LOAD,279.71,90.35,84.12,HEAVY_CPU_LOAD,284.12,84.56,83.38,HEAVY_CPU_LOAD,275.77,87.99,86.66,HEAVY_CPU_LOAD,284.98,89.01,82.23,HEAVY_CPU_LOAD,279.61,29.14,50.0,265.6,0.3,22.0,COOLING,0.3,22.0,COOLING,0.3,22.0,COOLING,0.3,22.0,COOLING,23.855,22.656,22.844,22.928,23.071,23.855,22.656,1.199,1122.43,556.46,559.89,564.59,255.0,255.0,340.0,340.0,213.36,305.51,367.87,299.67,-248.79,156.54,3.71,88.54,1050.0,1050.0,1050.0,1050.0,292.0,223.51,221.47,242.8,2803.37,1190.0,1186.41,4200.0,979.78,0.858,0.0,0.502,1.0,22.5,TARGETED_WEST_COMPUTE_COOL,4.2884
3,Distributed Heavy Compute,0,329,3290.0,14,3,3,4,4,84.19,81.85,HEAVY_CPU_LOAD,273.01,90.49,83.93,HEAVY_CPU_LOAD,284.01,85.59,81.62,HEAVY_CPU_LOAD,274.42,85.0,83.32,HEAVY_CPU_LOAD,276.23,89.89,83.26,HEAVY_CPU_LOAD,282.25,85.45,83.27,HEAVY_CPU_LOAD,276.72,89.52,84.41,HEAVY_CPU_LOAD,283.51,84.34,83.44,HEAVY_CPU_LOAD,275.59,87.07,88.36,HEAVY_CPU_LOAD,286.38,87.2,85.99,HEAVY_CPU_LOAD,282.99,29.14,50.0,265.7,0.3,22.0,COOLING,0.3,22.0,COOLING,0.3,22.0,COOLING,0.3,22.0,COOLING,23.861,22.661,22.849,22.933,23.076,23.861,22.661,1.2,1107.67,558.97,559.1,569.37,255.0,255.0,340.0,340.0,213.27,305.47,367.85,299.62,-249.03,156.65,3.72,88.65,1050.0,1050.0,1050.0,1050.0,276.91,226.09,220.67,247.64,2795.11,1190.0,1186.21,4200.0,971.31,0.864,0.0,0.508,1.0,22.5,TARGETED_WEST_COMPUTE_COOL,4.3011
3,Distributed Heavy Compute,0,330,3300.0,14,3,3,4,4,87.7,83.84,HEAVY_CPU_LOAD,280.38,90.29,84.6,HEAVY_CPU_LOAD,284.76,84.49,83.16,HEAVY_CPU_LOAD,275.35,83.56,84.49,HEAVY_CPU_LOAD,276.19,85.46,86.73,HEAVY_CPU_LOAD,281.92,85.6,84.79,HEAVY_CPU_LOAD,279.19,88.87,84.32,HEAVY_CPU_LOAD,282.57,88.2,81.5,HEAVY_CPU_LOAD,277.5,89.43,83.61,HEAVY_CPU_LOAD,282.2,85.37,84.54,HEAVY_CPU_LOAD,278.52,29.15,50.0,265.8,0.3,22.0,COOLING,0.3,22.0,COOLING,0.3,22.0,COOLING,0.3,22.0,COOLING,23.867,22.666,22.854,22.938,23.081,23.867,22.666,1.201,1116.68,561.11,560.07,560.72,255.0,255.0,340.0,340.0,213.38,305.63,368.04,299.79,-249.26,156.76,3.74,88.76,1050.0,1050.0,1050.0,1050.0,285.8,228.5,221.85,239.27,2798.58,1190.0,1186.84,4200.0,975.42,0.87,0.0,0.513,1.0,22.5,TARGETED_WEST_COMPUTE_COOL,4.3322
3,Distributed Heavy Compute,0,331,3310.0,14,3,3,4,4,83.91,82.22,HEAVY_CPU_LOAD,273.22,83.58,88.33,HEAVY_CPU_LOAD,281.97,88.58,85.06,HEAVY_CPU_LOAD,283.32,85.54,83.93,HEAVY_CPU_LOAD,277.82,89.2,85.89,HEAVY_CPU_LOAD,285.34,89.7,82.97,HEAVY_CPU_LOAD,281.58,85.1,81.97,HEAVY_CPU_LOAD,274.33,90.02,84.07,HEAVY_CPU_LOAD,283.63,83.59,85.37,HEAVY_CPU_LOAD,277.54,90.26,87.12,HEAVY_CPU_LOAD,288.5,29.15,50.0,266.0,0.3,22.0,COOLING,0.3,22.0,COOLING,0.3,22.0,COOLING,0.3,22.0,COOLING,23.873,22.671,22.858,22.943,23.086,23.873,22.671,1.202,1116.33,566.92,557.96,566.04,255.0,255.0,340.0,340.0,213.33,305.66,368.11,299.81,-249.5,156.87,3.76,88.87,1050.0,1050.0,1050.0,1050.0,285.16,234.45,219.83,244.72,2807.25,1190.0,1186.91,4200.0,984.16,0.877,0.0,0.518,1.0,22.5,TARGETED_WEST_COMPUTE_COOL,4.3542
3,Distributed Heavy Compute,0,332,3320.0,14,3,3,4,4,84.75,83.62,HEAVY_CPU_LOAD,276.37,90.06,86.23,HEAVY_CPU_LOAD,286.92,86.21,87.34,HEAVY_CPU_LOAD,283.77,90.12,85.77,HEAVY_CPU_LOAD,286.3,85.23,83.71,HEAVY_CPU_LOAD,277.1,83.94,88.44,HEAVY_CPU_LOAD,282.59,88.79,82.01,HEAVY_CPU_LOAD,279.0,89.82,88.01,HEAVY_CPU_LOAD,289.29,87.8,86.52,HEAVY_CPU_LOAD,284.53,85.33,87.29,HEAVY_CPU_LOAD,282.6,29.15,50.0,266.1,0.3,22.0,COOLING,0.3,22.0,COOLING,0.3,22.0,COOLING,0.3,22.0,COOLING,23.879,22.676,22.863,22.948,23.091,23.879,22.676,1.203,1133.36,559.69,568.29,567.13,255.0,255.0,340.0,340.0,213.25,305.61,368.12,299.76,-249.75,156.87,4.0,88.87,1050.0,1050.0,1050.0,1050.0,301.86,227.17,230.41,245.76,2828.47,1190.0,1186.74,4200.0,1005.2,0.883,0.0,0.525,1.0,22.5,TARGETED_WEST_COMPUTE_COOL,4.3981
3,Distributed Heavy Compute,0,333,3330.0,14,3,3,4,4,83.93,82.77,HEAVY_CPU_LOAD,274.07,87.41,85.54,HEAVY_CPU_LOAD,282.57,88.45,86.43,HEAVY_CPU_LOAD,285.21,86.16,85.77,HEAVY_CPU_LOAD,281.35,90.4,82.72,HEAVY_CPU_LOAD,282.08,87.25,81.66,HEAVY_CPU_LOAD,276.55,89.7,87.17,HEAVY_CPU_LOAD,287.88,86.86,85.66,HEAVY_CPU_LOAD,282.06,84.02,82.0,HEAVY_CPU_LOAD,273.02,89.05,86.42,HEAVY_CPU_LOAD,285.94,29.16,50.0,266.2,0.3,22.0,COOLING,0.3,22.0,COOLING,0.3,22.0,COOLING,0.3,22.0,COOLING,23.885,22.681,22.868,22.953,23.097,23.885,22.681,1.204,1123.2,558.63,569.94,558.96,255.0,255.0,340.0,340.0,213.37,305.79,368.31,299.94,-249.98,156.98,4.02,88.98,1050.0,1050.0,1050.0,1050.0,291.59,226.4,232.27,237.88,2810.73,1190.0,1187.41,4200.0,988.14,0.889,0.0,0.53,1.0,22.5,TARGETED_WEST_COMPUTE_COOL,4.4162
3,Distributed Heavy Compute,0,334,3340.0,14,3,3,4,4,83.52,82.95,HEAVY_CPU_LOAD,273.82,87.32,85.94,HEAVY_CPU_LOAD,283.06,85.73,86.94,HEAVY_CPU_LOAD,282.57,90.34,87.94,HEAVY_CPU_LOAD,289.84,86.51,82.64,HEAVY_CPU_LOAD,277.1,89.85,85.75,HEAVY_CPU_LOAD,285.94,86.61,81.72,HEAVY_CPU_LOAD,275.84,90.09,82.62,HEAVY_CPU_LOAD,281.54,86.12,87.64,HEAVY_CPU_LOAD,284.11,86.3,87.28,HEAVY_CPU_LOAD,283.8,29.16,50.0,266.4,0.3,22.0,COOLING,0.3,22.0,COOLING,0.3,22.0,COOLING,0.3,22.0,COOLING,23.891,22.686,22.872,22.958,23.102,23.891,22.686,1.205,1129.29,563.04,557.38,567.91,255.0,255.0,340.0,340.0,213.31,305.8,368.38,299.95,-250.22,157.09,4.04,89.09,1050.0,1050.0,1050.0,1050.0,297.38,230.93,219.8,246.95,2817.62,1190.0,1187.44,4200.0,995.06,0.895,0.0,0.535,1.0,22.5,TARGETED_WEST_COMPUTE_COOL,4.4439
3,Distributed Heavy Compute,0,335,3350.0,14,3,3,4,4,85.18,86.38,HEAVY_CPU_LOAD,281.05,89.12,84.1,HEAVY_CPU_LOAD,282.55,84.95,81.89,HEAVY_CPU_LOAD,274.02,84.23,85.94,HEAVY_CPU_LOAD,279.2,88.19,81.78,HEAVY_CPU_LOAD,277.91,83.74,88.38,HEAVY_CPU_LOAD,282.25,90.44,87.62,HEAVY_CPU_LOAD,289.48,86.46,87.67,HEAVY_CPU_LOAD,284.58,83.84,84.15,HEAVY_CPU_LOAD,276.03,86.58,82.78,HEAVY_CPU_LOAD,277.4,29.16,50.0,266.5,0.3,22.0,COOLING,0.3,22.0,COOLING,0.3,22.0,COOLING,0.3,22.0,COOLING,23.897,22.691,22.877,22.963,23.107,23.897,22.691,1.206,1116.82,560.16,574.06,553.43,255.0,255.0,340.0,340.0,213.22,305.75,368.38,299.9,-250.46,157.09,4.28,89.09,1050.0,1050.0,1050.0,1050.0,284.58,228.0,236.72,232.42,2804.47,1190.0,1187.25,4200.0,981.72,0.9,0.0,0.54,1.0,22.5,TARGETED_WEST_COMPUTE_COOL,4.4622
3,Distributed Heavy Compute,0,336,3360.0,14,3,3,4,4,83.52,84.05,HEAVY_CPU_LOAD,275.47,90.44,88.36,HEAVY_CPU_LOAD,290.59,90.22,87.57,HEAVY_CPU_LOAD,289.13,85.28,86.3,HEAVY_CPU_LOAD,281.05,86.26,87.91,HEAVY_CPU_LOAD,284.69,86.44,86.96,HEAVY_CPU_LOAD,283.49,84.86,81.76,HEAVY_CPU_LOAD,273.72,90.38,83.57,HEAVY_CPU_LOAD,283.33,85.27,84.37,HEAVY_CPU_LOAD,278.14,87.78,87.62,HEAVY_CPU_LOAD,286.16,29.17,50.0,266.7,0.3,22.0,COOLING,0.3,22.0,COOLING,0.3,22.0,COOLING,0.3,22.0,COOLING,23.903,22.696,22.881,22.968,23.112,23.903,22.696,1.207,1136.24,568.18,557.05,564.3,255.0,255.0,340.0,340.0,213.38,305.99,368.66,300.14,-250.7,157.2,4.3,89.2,1050.0,1050.0,1050.0,1050.0,303.92,236.37,220.01,243.64,2825.77,1190.0,1188.17,4200.0,1003.94,0.908,0.0,0.545,1.0,22.5,TARGETED_WEST_COMPUTE_COOL,4.4989
3,Distributed Heavy Compute,0,337,3370.0,14,3,3,4,4,85.98,83.26,HEAVY_CPU_LOAD,277.37,89.11,84.57,HEAVY_CPU_LOAD,283.24,88.93,82.18,HEAVY_CPU_LOAD,279.43,88.9,85.91,HEAVY_CPU_LOAD,284.99,89.03,85.85,HEAVY_CPU_LOAD,285.06,84.43,87.05,HEAVY_CPU_LOAD,281.11,84.84,85.88,HEAVY_CPU_LOAD,279.87,86.78,86.25,HEAVY_CPU_LOAD,282.85,83.51,82.52,HEAVY_CPU_LOAD,273.17,89.63,88.37,HEAVY_CPU_LOAD,289.59,29.17,50.0,266.8,0.3,22.0,COOLING,0.3,22.0,COOLING,0.3,22.0,COOLING,0.3,22.0,COOLING,23.909,22.701,22.886,22.973,23.117,23.909,22.701,1.208,1125.03,566.17,562.72,562.76,255.0,255.0,340.0,340.0,213.29,305.94,368.66,300.09,-250.95,157.2,4.55,89.2,1050.0,1050.0,1050.0,1050.0,292.37,234.31,225.93,242.05,2816.68,1190.0,1187.98,4200.0,994.66,0.913,0.0,0.551,1.0,22.5,TARGETED_WEST_COMPUTE_COOL,4.5181
3,Distributed Heavy Compute,0,338,3380.0,14,3,3,4,4,89.26,87.45,HEAVY_CPU_LOAD,287.75,86.01,84.78,HEAVY_CPU_LOAD,279.68,83.58,84.9,HEAVY_CPU_LOAD,276.82,89.4,82.87,HEAVY_CPU_LOAD,281.06,86.59,83.97,HEAVY_CPU_LOAD,279.19,87.02,86.41,HEAVY_CPU_LOAD,283.39,85.04,85.08,HEAVY_CPU_LOAD,278.92,85.03,82.49,HEAVY_CPU_LOAD,275.02,90.49,85.26,HEAVY_CPU_LOAD,286.0,89.09,82.04,HEAVY_CPU_LOAD,279.42,29.17,50.0,266.9,0.3,22.0,COOLING,0.3,22.0,COOLING,0.3,22.0,COOLING,0.3,22.0,COOLING,23.915,22.706,22.89,22.978,23.122,23.915,22.706,1.209,1125.31,562.58,553.94,565.42,255.0,255.0,340.0,340.0,213.2,305.89,368.65,300.05,-251.18,157.31,4.57,89.31,1050.0,1050.0,1050.0,1050.0,292.33,230.78,217.16,244.78,2807.25,1190.0,1187.79,4200.0,985.05,0.919,0.0,0.555,1.0,22.5,TARGETED_WEST_COMPUTE_COOL,4.5454
3,Distributed Heavy Compute,0,339,3390.0,14,3,3,4,4,86.86,83.17,HEAVY_CPU_LOAD,278.33,86.67,82.89,HEAVY_CPU_LOAD,277.67,90.24,86.34,HEAVY_CPU_LOAD,287.31,88.91,84.31,HEAVY_CPU_LOAD,282.6,85.38,82.98,HEAVY_CPU_LOAD,276.19,88.82,84.52,HEAVY_CPU_LOAD,282.8,86.8,84.56,HEAVY_CPU_LOAD,280.34,84.67,83.34,HEAVY_CPU_LOAD,275.85,86.31,82.62,HEAVY_CPU_LOAD,276.82,88.99,84.05,HEAVY_CPU_LOAD,282.31,29.18,50.0,267.1,0.3,22.0,COOLING,0.3,22.0,COOLING,0.3,22.0,COOLING,0.3,22.0,COOLING,23.921,22.711,22.894,22.983,23.127,23.921,22.711,1.21,1125.91,558.99,556.19,559.13,255.0,255.0,340.0,340.0,213.36,306.13,368.94,300.28,-251.43,157.31,4.81,89.31,1050.0,1050.0,1050.0,1050.0,292.84,227.43,219.94,238.72,2800.22,1190.0,1188.71,4200.0,978.93,0.924,0.0,0.56,1.0,22.5,TARGETED_WEST_COMPUTE_COOL,4.5737
3,Distributed Heavy Compute,0,340,3400.0,14,3,3,4,4,88.55,86.89,HEAVY_CPU_LOAD,286.02,89.13,84.7,HEAVY_CPU_LOAD,283.46,83.88,88.31,HEAVY_CPU_LOAD,282.31,84.71,81.62,HEAVY_CPU_LOAD,273.32,88.77,85.59,HEAVY_CPU_LOAD,284.35,86.38,83.88,HEAVY_CPU_LOAD,278.79,85.15,82.19,HEAVY_CPU_LOAD,274.72,90.01,81.87,HEAVY_CPU_LOAD,280.32,83.74,85.72,HEAVY_CPU_LOAD,278.25,89.64,82.79,HEAVY_CPU_LOAD,281.24,29.18,50.0,267.2,0.3,22.0,COOLING,0.3,22.0,COOLING,0.3,22.0,COOLING,0.3,22.0,COOLING,23.927,22.716,22.898,22.988,23.132,23.927,22.716,1.211,1125.11,563.14,555.04,559.49,255.0,255.0,340.0,340.0,213.27,306.08,368.95,300.24,-251.68,157.31,5.07,89.31,1050.0,1050.0,1050.0,1050.0,291.7,231.53,219.06,239.04,2802.78,1190.0,1188.54,4200.0,981.33,0.931,0.0,0.565,1.0,22.5,TARGETED_WEST_COMPUTE_COOL,4.5974
3,Distributed Heavy Compute,0,341,3410.0,14,3,3,4,4,89.28,83.8,HEAVY_CPU_LOAD,282.3,88.01,87.67,HEAVY_CPU_LOAD,286.52,86.4,85.71,HEAVY_CPU_LOAD,281.56,87.52,84.02,HEAVY_CPU_LOAD,280.43,84.49,87.4,HEAVY_CPU_LOAD,281.71,83.7,88.14,HEAVY_CPU_LOAD,281.84,88.11,84.23,HEAVY_CPU_LOAD,281.48,84.81,84.11,HEAVY_CPU_LOAD,277.18,86.22,82.02,HEAVY_CPU_LOAD,275.8,86.32,84.04,HEAVY_CPU_LOAD,278.96,29.18,50.0,267.4,0.3,22.0,COOLING,0.3,22.0,COOLING,0.3,22.0,COOLING,0.3,22.0,COOLING,23.933,22.721,22.903,22.993,23.137,23.933,22.721,1.212,1130.81,563.55,558.66,554.76,255.0,255.0,340.0,340.0,213.21,306.1,369.03,300.25,-251.93,157.31,5.32,89.31,1050.0,1050.0,1050.0,1050.0,297.09,231.96,223.01,234.32,2807.78,1190.0,1188.59,4200.0,986.38,0.937,0.0,0.571,1.0,22.5,TARGETED_WEST_COMPUTE_COOL,4.6293
3,Distributed Heavy Compute,0,342,3420.0,14,3,3,4,4,84.93,81.76,HEAVY_CPU_LOAD,273.8,84.15,84.92,HEAVY_CPU_LOAD,277.57,89.15,84.59,HEAVY_CPU_LOAD,283.32,85.38,83.55,HEAVY_CPU_LOAD,277.05,87.87,87.51,HEAVY_CPU_LOAD,286.1,87.62,88.31,HEAVY_CPU_LOAD,286.99,87.99,87.73,HEAVY_CPU_LOAD,286.58,88.51,84.19,HEAVY_CPU_LOAD,281.92,84.7,81.97,HEAVY_CPU_LOAD,273.83,86.54,88.12,HEAVY_CPU_LOAD,285.36,29.19,50.0,267.5,0.3,22.0,COOLING,0.3,22.0,COOLING,0.3,22.0,COOLING,0.3,22.0,COOLING,23.939,22.726,22.908,22.998,23.143,23.939,22.726,1.213,1111.74,573.09,568.5,559.19,255.0,255.0,340.0,340.0,213.34,306.27,369.23,300.43,-252.17,157.42,5.33,89.42,1050.0,1050.0,1050.0,1050.0,277.91,241.78,233.06,239.04,2812.52,1190.0,1189.27,4200.0,991.79,0.942,0.0,0.577,1.0,22.5,TARGETED_WEST_COMPUTE_COOL,4.6383
3,Distributed Heavy Compute,0,343,3430.0,14,3,3,4,4,87.08,88.02,HEAVY_CPU_LOAD,285.88,88.95,83.02,HEAVY_CPU_LOAD,280.72,90.09,86.46,HEAVY_CPU_LOAD,287.3,87.74,82.81,HEAVY_CPU_LOAD,278.89,84.5,86.75,HEAVY_CPU_LOAD,280.75,89.35,84.16,HEAVY_CPU_LOAD,282.93,88.23,82.65,HEAVY_CPU_LOAD,279.26,90.0,87.68,HEAVY_CPU_LOAD,289.02,84.47,84.19,HEAVY_CPU_LOAD,276.87,85.99,86.32,HEAVY_CPU_LOAD,281.97,29.19,50.0,267.6,0.3,22.0,COOLING,0.3,22.0,COOLING,0.3,22.0,COOLING,0.3,22.0,COOLING,23.945,22.731,22.913,23.003,23.148,23.945,22.731,1.214,1132.79,563.68,568.28,558.84,255.0,255.0,340.0,340.0,213.25,306.23,369.21,300.38,-252.4,157.53,5.34,89.53,1050.0,1050.0,1050.0,1050.0,298.64,232.44,232.83,238.75,2823.59,1190.0,1189.07,4200.0,1002.66,0.949,0.0,0.582,1.0,22.5,TARGETED_WEST_COMPUTE_COOL,4.6874
3,Distributed Heavy Compute,0,344,3440.0,14,3,3,4,4,84.07,88.46,HEAVY_CPU_LOAD,282.78,84.39,86.47,HEAVY_CPU_LOAD,280.19,88.92,83.06,HEAVY_CPU_LOAD,280.74,85.53,86.32,HEAVY_CPU_LOAD,281.39,89.93,88.4,HEAVY_CPU_LOAD,290.01,89.49,84.6,HEAVY_CPU_LOAD,283.76,88.27,83.46,HEAVY_CPU_LOAD,280.53,87.34,85.53,HEAVY_CPU_LOAD,282.47,85.88,87.65,HEAVY_CPU_LOAD,283.83,84.64,84.64,HEAVY_CPU_LOAD,277.76,29.19,50.0,267.8,0.3,22.0,COOLING,0.3,22.0,COOLING,0.3,22.0,COOLING,0.3,22.0,COOLING,23.951,22.736,22.918,23.008,23.153,23.951,22.736,1.215,1125.1,573.77,563.0,561.59,255.0,255.0,340.0,340.0,213.19,306.25,369.28,300.4,-252.64,157.64,5.36,89.64,1050.0,1050.0,1050.0,1050.0,290.65,242.66,227.64,241.63,2823.46,1190.0,1189.12,4200.0,1002.58,0.955,0.0,0.588,1.0,22.5,TARGETED_WEST_COMPUTE_COOL,4.704
3,Distributed Heavy Compute,0,345,3450.0,14,3,3,4,4,85.57,85.27,HEAVY_CPU_LOAD,279.87,85.63,88.41,HEAVY_CPU_LOAD,284.65,89.41,87.21,HEAVY_CPU_LOAD,287.58,86.33,85.22,HEAVY_CPU_LOAD,280.74,87.88,83.36,HEAVY_CPU_LOAD,279.89,83.63,84.48,HEAVY_CPU_LOAD,276.26,88.88,87.51,HEAVY_CPU_LOAD,287.37,83.67,83.25,HEAVY_CPU_LOAD,274.46,88.66,87.88,HEAVY_CPU_LOAD,287.64,87.69,85.13,HEAVY_CPU_LOAD,282.31,29.2,50.0,267.9,0.3,22.0,COOLING,0.3,22.0,COOLING,0.3,22.0,COOLING,0.3,22.0,COOLING,23.957,22.741,22.923,23.013,23.159,23.957,22.741,1.216,1132.84,556.15,561.83,569.95,255.0,255.0,340.0,340.0,213.31,306.42,369.47,300.57,-252.88,157.75,5.38,89.75,1050.0,1050.0,1050.0,1050.0,298.27,225.32,226.68,250.27,2820.77,1190.0,1189.77,4200.0,1000.54,0.961,0.0,0.594,1.0,22.5,TARGETED_WEST_COMPUTE_COOL,4.7474
3,Distributed Heavy Compute,0,346,3460.0,14,3,3,4,4,87.45,85.1,HEAVY_CPU_LOAD,281.96,90.34,85.09,HEAVY_CPU_LOAD,285.56,88.84,84.14,HEAVY_CPU_LOAD,282.26,83.5,84.84,HEAVY_CPU_LOAD,276.63,85.99,87.05,HEAVY_CPU_LOAD,283.06,90.18,83.04,HEAVY_CPU_LOAD,282.29,88.23,88.28,HEAVY_CPU_LOAD,287.71,87.0,81.62,HEAVY_CPU_LOAD,276.18,90.12,88.27,HEAVY_CPU_LOAD,290.06,85.22,83.04,HEAVY_CPU_LOAD,276.08,29.2,50.0,268.1,0.3,22.0,COOLING,0.3,22.0,COOLING,0.3,22.0,COOLING,0.3,22.0,COOLING,23.963,22.746,22.928,23.018,23.164,23.963,22.746,1.217,1126.41,565.35,563.89,566.14,255.0,255.0,340.0,340.0,213.26,306.43,369.55,300.58,-253.11,157.86,5.39,89.86,1050.0,1050.0,1050.0,1050.0,291.56,234.64,228.83,246.58,2821.79,1190.0,1189.82,4200.0,1001.61,0.967,0.0,0.599,1.0,22.5,TARGETED_WEST_COMPUTE_COOL,4.7659
3,Distributed Heavy Compute,0,347,3470.0,14,3,3,4,4,84.5,81.51,HEAVY_CPU_LOAD,272.89,87.01,83.41,HEAVY_CPU_LOAD,278.88,88.26,87.23,HEAVY_CPU_LOAD,286.17,88.69,83.27,HEAVY_CPU_LOAD,280.77,88.19,86.08,HEAVY_CPU_LOAD,284.36,83.67,84.41,HEAVY_CPU_LOAD,276.2,85.73,82.97,HEAVY_CPU_LOAD,276.62,86.2,86.87,HEAVY_CPU_LOAD,283.06,84.32,82.54,HEAVY_CPU_LOAD,274.21,83.74,83.69,HEAVY_CPU_LOAD,275.21,29.2,50.0,268.2,0.3,22.0,COOLING,0.3,22.0,COOLING,0.3,22.0,COOLING,0.3,22.0,COOLING,23.969,22.751,22.933,23.023,23.169,23.969,22.751,1.218,1118.71,560.56,559.68,549.42,255.0,255.0,340.0,340.0,213.18,306.38,369.52,300.53,-253.35,157.97,5.4,89.97,1050.0,1050.0,1050.0,1050.0,283.54,229.91,224.6,229.92,2788.37,1190.0,1189.61,4200.0,967.97,0.972,0.0,0.603,1.0,22.5,TARGETED_WEST_COMPUTE_COOL,4.7884
3,Distributed Heavy Compute,0,348,3480.0,14,3,3,4,4,89.19,83.78,HEAVY_CPU_LOAD,282.16,84.1,84.31,HEAVY_CPU_LOAD,276.59,89.03,82.63,HEAVY_CPU_LOAD,280.23,87.74,83.73,HEAVY_CPU_LOAD,280.27,86.94,87.98,HEAVY_CPU_LOAD,285.64,88.65,85.52,HEAVY_CPU_LOAD,284.09,90.4,82.18,HEAVY_CPU_LOAD,281.27,89.2,84.83,HEAVY_CPU_LOAD,283.75,85.86,81.69,HEAVY_CPU_LOAD,274.86,89.53,84.28,HEAVY_CPU_LOAD,283.33,29.21,50.0,268.3,0.3,22.0,COOLING,0.3,22.0,COOLING,0.3,22.0,COOLING,0.3,22.0,COOLING,23.975,22.756,22.938,23.028,23.174,23.975,22.756,1.219,1119.25,569.73,565.02,558.19,255.0,255.0,340.0,340.0,213.29,306.56,369.72,300.71,-253.58,158.08,5.42,90.08,1050.0,1050.0,1050.0,1050.0,283.96,239.37,230.16,238.98,2812.19,1190.0,1190.28,4200.0,992.47,0.978,0.0,0.61,1.0,22.5,TARGETED_WEST_COMPUTE_COOL,4.8145
3,Distributed Heavy Compute,0,349,3490.0,14,3,3,4,4,88.01,82.37,HEAVY_CPU_LOAD,278.57,84.05,85.24,HEAVY_CPU_LOAD,277.92,86.76,84.07,HEAVY_CPU_LOAD,279.55,87.12,86.1,HEAVY_CPU_LOAD,283.05,87.93,83.01,HEAVY_CPU_LOAD,279.43,85.44,85.29,HEAVY_CPU_LOAD,279.74,89.77,88.37,HEAVY_CPU_LOAD,289.77,89.16,87.27,HEAVY_CPU_LOAD,287.36,84.47,87.53,HEAVY_CPU_LOAD,281.88,84.15,81.56,HEAVY_CPU_LOAD,272.53,29.21,50.0,268.5,0.3,22.0,COOLING,0.3,22.0,COOLING,0.3,22.0,COOLING,0.3,22.0,COOLING,23.981,22.761,22.943,23.033,23.18,23.981,22.761,1.22,1119.09,559.17,577.13,554.41,255.0,255.0,340.0,340.0,213.24,306.57,369.79,300.72,-253.82,158.19,5.44,90.19,1050.0,1050.0,1050.0,1050.0,283.51,228.93,242.36,235.32,2809.8,1190.0,1190.32,4200.0,990.12,0.984,0.0,0.616,1.0,22.5,TARGETED_WEST_COMPUTE_COOL,4.849
3,Distributed Heavy Compute,0,350,3500.0,14,3,3,4,4,87.83,86.47,HEAVY_CPU_LOAD,284.49,90.39,83.61,HEAVY_CPU_LOAD,283.4,87.48,84.28,HEAVY_CPU_LOAD,280.77,85.68,85.45,HEAVY_CPU_LOAD,280.28,84.39,88.5,HEAVY_CPU_LOAD,283.24,84.83,83.24,HEAVY_CPU_LOAD,275.9,86.94,87.88,HEAVY_CPU_LOAD,285.5,89.59,86.07,HEAVY_CPU_LOAD,286.09,89.87,82.08,HEAVY_CPU_LOAD,280.46,89.41,84.67,HEAVY_CPU_LOAD,283.77,29.22,50.0,268.6,0.3,22.0,COOLING,0.3,22.0,COOLING,0.3,22.0,COOLING,0.3,22.0,COOLING,23.987,22.766,22.948,23.038,23.185,23.987,22.766,1.221,1128.94,559.14,571.59,564.23,255.0,255.0,340.0,340.0,213.36,306.75,369.98,300.9,-254.05,158.3,5.45,90.3,1050.0,1050.0,1050.0,1050.0,293.25,229.19,237.02,245.43,2823.9,1190.0,1190.99,4200.0,1004.89,0.99,0.0,0.622,1.0,22.5,TARGETED_WEST_COMPUTE_COOL,4.8865
3,Distributed Heavy Compute,0,351,3510.0,14,3,3,4,4,88.33,82.05,HEAVY_CPU_LOAD,278.49,88.93,86.38,HEAVY_CPU_LOAD,285.73,88.51,82.16,HEAVY_CPU_LOAD,278.88,84.95,87.47,HEAVY_CPU_LOAD,282.39,89.68,81.5,HEAVY_CPU_LOAD,279.35,87.53,87.33,HEAVY_CPU_LOAD,285.41,89.59,86.55,HEAVY_CPU_LOAD,286.81,86.58,83.82,HEAVY_CPU_LOAD,278.96,84.43,82.39,HEAVY_CPU_LOAD,274.12,85.68,84.79,HEAVY_CPU_LOAD,279.29,29.22,50.0,268.8,0.3,22.0,COOLING,0.3,22.0,COOLING,0.3,22.0,COOLING,0.3,22.0,COOLING,23.993,22.771,22.953,23.043,23.19,23.993,22.771,1.222,1125.49,564.76,565.77,553.41,255.0,255.0,340.0,340.0,213.31,306.76,370.05,300.91,-254.28,158.41,5.46,90.41,1050.0,1050.0,1050.0,1050.0,289.52,234.93,231.28,234.73,2809.43,1190.0,1191.03,4200.0,990.46,0.996,0.0,0.626,1.0,22.5,TARGETED_WEST_COMPUTE_COOL,4.9085
3,Distributed Heavy Compute,0,352,3520.0,14,3,3,4,4,85.47,83.58,HEAVY_CPU_LOAD,277.21,86.68,84.27,HEAVY_CPU_LOAD,279.75,84.48,85.3,HEAVY_CPU_LOAD,278.55,86.18,88.02,HEAVY_CPU_LOAD,284.75,89.46,82.81,HEAVY_CPU_LOAD,281.04,90.48,86.61,HEAVY_CPU_LOAD,288.01,89.1,87.84,HEAVY_CPU_LOAD,288.13,85.88,86.86,HEAVY_CPU_LOAD,282.64,89.03,81.7,HEAVY_CPU_LOAD,278.84,88.7,83.42,HEAVY_CPU_LOAD,281.0,29.22,50.0,268.9,0.3,22.0,COOLING,0.3,22.0,COOLING,0.3,22.0,COOLING,0.3,22.0,COOLING,23.999,22.776,22.958,23.048,23.195,23.999,22.776,1.223,1120.26,569.05,570.77,559.84,255.0,255.0,340.0,340.0,213.22,306.71,370.03,300.87,-254.52,158.52,5.48,90.52,1050.0,1050.0,1050.0,1050.0,283.96,239.28,236.28,241.23,2819.92,1190.0,1190.83,4200.0,1000.75,1.0,0.0,0.632,1.0,22.5,TARGETED_WEST_COMPUTE_COOL,4.9326
3,Distributed Heavy Compute,0,353,3530.0,14,3,3,4,4,86.22,86.8,HEAVY_CPU_LOAD,282.97,89.23,82.88,HEAVY_CPU_LOAD,280.86,90.13,84.48,HEAVY_CPU_LOAD,284.38,90.44,88.05,HEAVY_CPU_LOAD,290.12,87.99,85.09,HEAVY_CPU_LOAD,282.62,83.79,85.39,HEAVY_CPU_LOAD,277.82,84.95,84.11,HEAVY_CPU_LOAD,277.35,87.09,81.78,HEAVY_CPU_LOAD,276.53,88.45,86.45,HEAVY_CPU_LOAD,285.24,85.76,85.71,HEAVY_CPU_LOAD,280.76,29.23,50.0,269.0,0.3,22.0,COOLING,0.3,22.0,COOLING,0.3,22.0,COOLING,0.3,22.0,COOLING,24.005,22.781,22.962,23.053,23.2,24.005,22.781,1.224,1138.33,560.44,553.88,566.0,255.0,255.0,340.0,340.0,213.35,306.88,370.22,301.03,-254.75,158.63,5.5,90.63,1050.0,1050.0,1050.0,1050.0,301.93,230.95,219.6,247.66,2818.65,1190.0,1191.48,4200.0,1000.14,1.0,0.0,0.637,1.0,22.5,TARGETED_WEST_COMPUTE_COOL,4.9789
3,Distributed Heavy Compute,0,354,3540.0,14,3,3,4,4,89.12,83.68,HEAVY_CPU_LOAD,281.92,87.06,82.52,HEAVY_CPU_LOAD,277.6,89.84,83.55,HEAVY_CPU_LOAD,282.62,87.4,81.56,HEAVY_CPU_LOAD,276.59,85.01,85.85,HEAVY_CPU_LOAD,280.04,87.88,84.77,HEAVY_CPU_LOAD,282.0,83.78,82.13,HEAVY_CPU_LOAD,272.92,89.25,84.38,HEAVY_CPU_LOAD,283.13,87.39,86.51,HEAVY_CPU_LOAD,284.0,89.45,82.92,HEAVY_CPU_LOAD,281.19,29.23,50.0,269.2,0.3,22.0,COOLING,0.3,22.0,COOLING,0.3,22.0,COOLING,0.3,22.0,COOLING,24.011,22.786,22.967,23.058,23.206,24.011,22.786,1.225,1118.73,562.04,556.05,565.19,255.0,255.0,340.0,340.0,213.29,306.9,370.31,301.06,-255.0,158.63,5.75,90.63,1050.0,1050.0,1050.0,1050.0,282.02,232.57,222.11,246.88,2802.01,1190.0,1191.56,4200.0,983.58,1.0,0.0,0.643,1.0,22.5,TARGETED_WEST_COMPUTE_COOL,4.9918
3,Distributed Heavy Compute,0,355,3550.0,14,3,3,4,4,86.1,85.11,HEAVY_CPU_LOAD,280.29,84.94,86.85,HEAVY_CPU_LOAD,281.45,84.37,88.09,HEAVY_CPU_LOAD,282.6,86.82,84.24,HEAVY_CPU_LOAD,279.88,85.5,85.07,HEAVY_CPU_LOAD,279.48,88.07,88.32,HEAVY_CPU_LOAD,287.57,83.52,83.86,HEAVY_CPU_LOAD,275.19,85.07,82.22,HEAVY_CPU_LOAD,274.67,89.43,84.72,HEAVY_CPU_LOAD,283.87,83.6,83.29,HEAVY_CPU_LOAD,274.44,29.23,50.0,269.3,0.3,22.0,COOLING,0.3,22.0,COOLING,0.3,22.0,COOLING,0.3,22.0,COOLING,24.017,22.791,22.971,23.063,23.21,24.017,22.791,1.226,1124.22,567.05,549.86,558.31,255.0,255.0,340.0,340.0,213.2,306.86,370.29,301.01,-255.24,158.74,5.76,90.74,1050.0,1050.0,1050.0,1050.0,287.18,237.65,215.91,240.06,2799.44,1190.0,1191.36,4200.0,980.8,1.0,0.0,0.647,1.0,22.5,TARGETED_WEST_COMPUTE_COOL,5.0216
3,Distributed Heavy Compute,0,356,3560.0,14,3,3,4,4,88.32,82.21,HEAVY_CPU_LOAD,278.71,88.64,87.1,HEAVY_CPU_LOAD,286.45,85.8,82.44,HEAVY_CPU_LOAD,275.91,87.7,84.25,HEAVY_CPU_LOAD,281.0,83.72,82.78,HEAVY_CPU_LOAD,273.82,87.59,83.93,HEAVY_CPU_LOAD,280.38,87.75,82.17,HEAVY_CPU_LOAD,277.94,84.41,83.43,HEAVY_CPU_LOAD,275.66,86.38,82.69,HEAVY_CPU_LOAD,277.01,85.8,83.37,HEAVY_CPU_LOAD,277.31,29.24,50.0,269.4,0.3,22.0,COOLING,0.3,22.0,COOLING,0.3,22.0,COOLING,0.3,22.0,COOLING,24.023,22.796,22.975,23.068,23.215,24.023,22.796,1.227,1122.07,554.2,553.6,554.32,255.0,255.0,340.0,340.0,213.31,307.03,370.5,301.19,-255.49,158.74,6.01,90.74,1050.0,1050.0,1050.0,1050.0,284.89,224.97,220.11,236.25,2784.19,1190.0,1192.03,4200.0,966.22,1.0,0.0,0.652,1.0,22.5,TARGETED_WEST_COMPUTE_COOL,5.0551
3,Distributed Heavy Compute,0,357,3570.0,14,3,3,4,4,87.66,84.22,HEAVY_CPU_LOAD,280.9,90.25,88.33,HEAVY_CPU_LOAD,290.31,88.84,85.58,HEAVY_CPU_LOAD,284.42,86.34,86.56,HEAVY_CPU_LOAD,282.76,88.08,83.24,HEAVY_CPU_LOAD,279.96,90.43,82.58,HEAVY_CPU_LOAD,281.91,85.44,85.49,HEAVY_CPU_LOAD,280.03,84.19,84.7,HEAVY_CPU_LOAD,277.29,88.14,83.22,HEAVY_CPU_LOAD,280.0,84.0,85.71,HEAVY_CPU_LOAD,278.56,29.24,50.0,269.6,0.3,22.0,COOLING,0.3,22.0,COOLING,0.3,22.0,COOLING,0.3,22.0,COOLING,24.029,22.801,22.98,23.073,23.221,24.029,22.801,1.228,1138.39,561.87,557.32,558.56,255.0,255.0,340.0,340.0,213.27,307.05,370.6,301.2,-255.74,158.74,6.26,90.74,1050.0,1050.0,1050.0,1050.0,300.92,232.66,224.18,240.5,2816.14,1190.0,1192.12,4200.0,998.26,1.0,0.0,0.659,1.0,22.5,TARGETED_WEST_COMPUTE_COOL,5.0963
3,Distributed Heavy Compute,0,358,3580.0,14,3,3,4,4,88.07,87.3,HEAVY_CPU_LOAD,286.04,88.1,85.28,HEAVY_CPU_LOAD,283.05,84.98,86.29,HEAVY_CPU_LOAD,280.66,88.88,87.71,HEAVY_CPU_LOAD,287.66,90.49,86.21,HEAVY_CPU_LOAD,287.43,87.04,82.84,HEAVY_CPU_LOAD,278.06,89.57,83.95,HEAVY_CPU_LOAD,282.89,86.32,82.79,HEAVY_CPU_LOAD,277.08,89.98,84.92,HEAVY_CPU_LOAD,284.86,87.88,84.92,HEAVY_CPU_LOAD,282.23,29.24,50.0,269.7,0.3,22.0,COOLING,0.3,22.0,COOLING,0.3,22.0,COOLING,0.3,22.0,COOLING,24.035,22.806,22.985,23.078,23.226,24.035,22.806,1.229,1137.41,565.49,559.97,567.09,255.0,255.0,340.0,340.0,213.18,307.0,370.58,301.15,-255.98,158.85,6.27,90.85,1050.0,1050.0,1050.0,1050.0,299.61,236.34,226.82,249.09,2829.96,1190.0,1191.91,4200.0,1011.86,1.0,0.0,0.665,1.0,22.5,TARGETED_WEST_COMPUTE_COOL,5.1254
3,Distributed Heavy Compute,0,359,3590.0,14,3,3,4,4,83.63,83.94,HEAVY_CPU_LOAD,275.45,86.75,82.63,HEAVY_CPU_LOAD,277.38,85.56,83.53,HEAVY_CPU_LOAD,277.25,86.5,83.91,HEAVY_CPU_LOAD,278.99,89.7,87.96,HEAVY_CPU_LOAD,289.06,86.57,81.51,HEAVY_CPU_LOAD,275.48,87.03,82.68,HEAVY_CPU_LOAD,277.81,88.94,87.17,HEAVY_CPU_LOAD,286.93,83.84,84.54,HEAVY_CPU_LOAD,276.61,87.09,87.88,HEAVY_CPU_LOAD,285.68,29.25,50.0,269.9,0.3,22.0,COOLING,0.3,22.0,COOLING,0.3,22.0,COOLING,0.3,22.0,COOLING,24.041,22.811,22.99,23.083,23.231,24.041,22.811,1.23,1109.07,564.54,564.74,562.29,255.0,255.0,340.0,340.0,213.33,307.24,370.86,301.39,-256.21,158.96,6.29,90.96,1050.0,1050.0,1050.0,1050.0,271.19,235.74,231.89,244.64,2800.64,1190.0,1192.82,4200.0,983.46,1.0,0.0,0.671,1.0,22.5,TARGETED_WEST_COMPUTE_COOL,5.1329
3,Distributed Heavy Compute,0,360,3600.0,14,3,3,4,4,89.47,84.79,HEAVY_CPU_LOAD,284.02,83.67,88.46,HEAVY_CPU_LOAD,282.28,87.73,85.19,HEAVY_CPU_LOAD,282.45,84.22,83.36,HEAVY_CPU_LOAD,275.31,89.51,82.39,HEAVY_CPU_LOAD,280.47,88.15,83.63,HEAVY_CPU_LOAD,280.63,84.41,87.68,HEAVY_CPU_LOAD,282.03,86.03,85.24,HEAVY_CPU_LOAD,280.4,88.64,88.48,HEAVY_CPU_LOAD,288.52,89.15,88.36,HEAVY_CPU_LOAD,288.98,29.25,50.0,270.0,0.3,22.0,COOLING,0.3,22.0,COOLING,0.3,22.0,COOLING,0.3,22.0,COOLING,24.047,22.816,22.995,23.088,23.236,24.047,22.816,1.231,1124.06,561.1,562.43,577.5,255.0,255.0,340.0,340.0,213.24,307.19,370.84,301.34,-256.45,159.07,6.31,91.07,1050.0,1050.0,1050.0,1050.0,285.85,232.36,229.58,259.91,2825.09,1190.0,1192.61,4200.0,1007.7,1.0,0.0,0.677,1.0,22.5,TARGETED_WEST_COMPUTE_COOL,5.1792
3,Distributed Heavy Compute,0,361,3610.0,14,3,3,4,4,90.15,82.58,HEAVY_CPU_LOAD,281.56,85.9,86.9,HEAVY_CPU_LOAD,282.73,88.06,86.19,HEAVY_CPU_LOAD,284.36,89.27,88.4,HEAVY_CPU_LOAD,289.19,86.29,82.48,HEAVY_CPU_LOAD,276.58,86.81,87.73,HEAVY_CPU_LOAD,285.11,84.03,82.21,HEAVY_CPU_LOAD,273.35,88.96,85.99,HEAVY_CPU_LOAD,285.19,86.45,83.65,HEAVY_CPU_LOAD,278.54,89.65,82.45,HEAVY_CPU_LOAD,280.74,29.25,50.0,270.1,0.3,22.0,COOLING,0.3,22.0,COOLING,0.3,22.0,COOLING,0.3,22.0,COOLING,24.053,22.821,23.0,23.093,23.242,24.053,22.821,1.232,1137.84,561.69,558.54,559.28,255.0,255.0,340.0,340.0,213.15,307.14,370.82,301.29,-256.68,159.18,6.32,91.18,1050.0,1050.0,1050.0,1050.0,299.31,233.01,225.68,241.75,2817.35,1190.0,1192.4,4200.0,999.75,1.0,0.0,0.682,1.0,22.5,TARGETED_WEST_COMPUTE_COOL,5.2193
3,Distributed Heavy Compute,0,362,3620.0,14,3,3,4,4,88.16,81.84,HEAVY_CPU_LOAD,277.96,90.36,88.16,HEAVY_CPU_LOAD,290.19,86.53,86.82,HEAVY_CPU_LOAD,283.39,85.41,87.97,HEAVY_CPU_LOAD,283.72,90.4,81.65,HEAVY_CPU_LOAD,280.48,87.35,83.24,HEAVY_CPU_LOAD,279.05,83.54,88.34,HEAVY_CPU_LOAD,281.94,89.54,84.76,HEAVY_CPU_LOAD,284.06,86.23,83.83,HEAVY_CPU_LOAD,278.53,85.44,86.15,HEAVY_CPU_LOAD,281.02,29.26,50.0,270.3,0.3,22.0,COOLING,0.3,22.0,COOLING,0.3,22.0,COOLING,0.3,22.0,COOLING,24.059,22.826,23.005,23.098,23.247,24.059,22.826,1.233,1135.26,559.53,566.0,559.55,255.0,255.0,340.0,340.0,213.31,307.38,371.1,301.53,-256.92,159.29,6.34,91.29,1050.0,1050.0,1050.0,1050.0,296.65,231.2,233.44,242.37,2820.34,1190.0,1193.32,4200.0,1003.66,1.0,0.0,0.688,1.0,22.5,TARGETED_WEST_COMPUTE_COOL,5.2504
3,Distributed Heavy Compute,0,363,3630.0,14,3,3,4,4,87.56,87.89,HEAVY_CPU_LOAD,286.28,89.8,81.95,HEAVY_CPU_LOAD,280.18,84.2,83.3,HEAVY_CPU_LOAD,275.2,86.09,87.72,HEAVY_CPU_LOAD,284.19,84.09,86.69,HEAVY_CPU_LOAD,280.15,88.72,86.34,HEAVY_CPU_LOAD,285.41,87.11,81.7,HEAVY_CPU_LOAD,276.44,88.82,87.01,HEAVY_CPU_LOAD,286.54,87.96,86.29,HEAVY_CPU_LOAD,284.38,87.88,82.08,HEAVY_CPU_LOAD,277.97,29.26,50.0,270.4,0.3,22.0,COOLING,0.3,22.0,COOLING,0.3,22.0,COOLING,0.3,22.0,COOLING,24.065,22.831,23.01,23.103,23.252,24.065,22.831,1.234,1125.85,565.56,562.98,562.35,255.0,255.0,340.0,340.0,213.22,307.33,371.08,301.48,-257.15,159.4,6.35,91.4,1050.0,1050.0,1050.0,1050.0,286.92,237.29,230.41,245.23,2816.74,1190.0,1193.11,4200.0,999.85,1.0,0.0,0.694,1.0,22.5,TARGETED_WEST_COMPUTE_COOL,5.2711
3,Distributed Heavy Compute,0,364,3640.0,14,3,3,4,4,88.43,86.84,HEAVY_CPU_LOAD,285.8,90.31,81.81,HEAVY_CPU_LOAD,280.6,87.58,82.98,HEAVY_CPU_LOAD,278.95,88.61,84.48,HEAVY_CPU_LOAD,282.48,88.24,81.56,HEAVY_CPU_LOAD,277.64,87.34,84.92,HEAVY_CPU_LOAD,281.56,87.83,82.77,HEAVY_CPU_LOAD,278.94,90.18,86.08,HEAVY_CPU_LOAD,286.85,88.78,82.56,HEAVY_CPU_LOAD,279.82,86.75,83.67,HEAVY_CPU_LOAD,278.94,29.26,50.0,270.6,0.3,22.0,COOLING,0.3,22.0,COOLING,0.3,22.0,COOLING,0.3,22.0,COOLING,24.071,22.836,23.015,23.108,23.258,24.071,22.836,1.235,1127.83,559.2,565.79,558.76,255.0,255.0,340.0,340.0,213.16,307.34,371.15,301.5,-257.39,159.51,6.36,91.51,1050.0,1050.0,1050.0,1050.0,288.6,231.05,233.3,241.77,2811.58,1190.0,1193.15,4200.0,994.72,1.0,0.0,0.699,1.0,22.5,TARGETED_WEST_COMPUTE_COOL,5.3073
3,Distributed Heavy Compute,0,365,3650.0,14,3,3,4,4,87.47,82.47,HEAVY_CPU_LOAD,278.04,83.67,82.1,HEAVY_CPU_LOAD,272.74,83.56,85.68,HEAVY_CPU_LOAD,277.97,85.54,88.34,HEAVY_CPU_LOAD,284.44,86.3,82.33,HEAVY_CPU_LOAD,276.37,84.99,83.1,HEAVY_CPU_LOAD,275.89,83.5,82.51,HEAVY_CPU_LOAD,273.14,84.29,82.29,HEAVY_CPU_LOAD,273.8,87.03,87.24,HEAVY_CPU_LOAD,284.65,87.09,87.09,HEAVY_CPU_LOAD,284.5,29.27,50.0,270.7,0.3,22.0,COOLING,0.3,22.0,COOLING,0.3,22.0,COOLING,0.3,22.0,COOLING,24.077,22.841,23.019,23.113,23.262,24.077,22.841,1.236,1113.19,552.26,546.94,569.15,255.0,255.0,340.0,340.0,213.29,307.52,371.34,301.67,-257.62,159.62,6.38,91.62,1050.0,1050.0,1050.0,1050.0,273.86,224.4,214.66,252.44,2781.54,1190.0,1193.82,4200.0,965.36,1.0,0.0,0.704,1.0,22.5,TARGETED_WEST_COMPUTE_COOL,5.3278
3,Distributed Heavy Compute,0,366,3660.0,14,3,3,4,4,90.42,83.35,HEAVY_CPU_LOAD,283.05,89.69,84.79,HEAVY_CPU_LOAD,284.3,89.74,84.71,HEAVY_CPU_LOAD,284.24,85.79,85.58,HEAVY_CPU_LOAD,280.61,85.94,82.39,HEAVY_CPU_LOAD,276.01,86.21,86.77,HEAVY_CPU_LOAD,282.92,84.64,85.71,HEAVY_CPU_LOAD,279.37,90.12,83.78,HEAVY_CPU_LOAD,283.32,86.39,88.21,HEAVY_CPU_LOAD,285.3,86.35,84.71,HEAVY_CPU_LOAD,280.0,29.27,50.0,270.8,0.3,22.0,COOLING,0.3,22.0,COOLING,0.3,22.0,COOLING,0.3,22.0,COOLING,24.083,22.846,23.024,23.118,23.268,24.083,22.846,1.237,1132.2,558.93,562.69,565.3,255.0,255.0,340.0,340.0,213.2,307.47,371.35,301.63,-257.87,159.62,6.63,91.62,1050.0,1050.0,1050.0,1050.0,292.53,231.02,230.67,248.55,2819.12,1190.0,1193.65,4200.0,1002.77,1.0,0.0,0.711,1.0,22.5,TARGETED_WEST_COMPUTE_COOL,5.3745
3,Distributed Heavy Compute,0,367,3670.0,14,3,3,4,4,85.89,82.76,HEAVY_CPU_LOAD,276.5,85.65,87.35,HEAVY_CPU_LOAD,283.09,84.34,83.2,HEAVY_CPU_LOAD,275.23,84.95,86.27,HEAVY_CPU_LOAD,280.59,88.9,88.31,HEAVY_CPU_LOAD,288.59,88.57,83.7,HEAVY_CPU_LOAD,281.26,85.94,83.38,HEAVY_CPU_LOAD,277.5,87.1,82.51,HEAVY_CPU_LOAD,277.64,85.44,87.71,HEAVY_CPU_LOAD,283.37,89.1,84.24,HEAVY_CPU_LOAD,282.74,29.27,50.0,271.0,0.3,22.0,COOLING,0.3,22.0,COOLING,0.3,22.0,COOLING,0.3,22.0,COOLING,24.089,22.851,23.029,23.123,23.273,24.089,22.851,1.238,1115.41,569.85,555.14,566.11,255.0,255.0,340.0,340.0,213.14,307.5,371.41,301.65,-258.1,159.73,6.64,91.73,1050.0,1050.0,1050.0,1050.0,275.45,242.08,223.19,249.49,2806.51,1190.0,1193.7,4200.0,990.21,1.0,0.0,0.716,1.0,22.5,TARGETED_WEST_COMPUTE_COOL,5.3866
3,Distributed Heavy Compute,0,368,3680.0,14,3,3,4,4,86.32,86.82,HEAVY_CPU_LOAD,283.13,88.42,82.27,HEAVY_CPU_LOAD,278.93,84.14,83.49,HEAVY_CPU_LOAD,275.41,88.66,85.79,HEAVY_CPU_LOAD,284.51,86.27,85.44,HEAVY_CPU_LOAD,281.0,88.96,82.23,HEAVY_CPU_LOAD,279.54,87.67,87.01,HEAVY_CPU_LOAD,285.1,85.26,83.09,HEAVY_CPU_LOAD,276.21,87.76,85.4,HEAVY_CPU_LOAD,282.8,90.03,83.32,HEAVY_CPU_LOAD,282.52,29.28,50.0,271.1,0.3,22.0,COOLING,0.3,22.0,COOLING,0.3,22.0,COOLING,0.3,22.0,COOLING,24.095,22.856,23.034,23.128,23.278,24.095,22.856,1.239,1121.98,560.54,561.31,565.32,255.0,255.0,340.0,340.0,213.27,307.66,371.61,301.82,-258.34,159.84,6.66,91.84,1050.0,1050.0,1050.0,1050.0,281.91,233.04,229.58,248.98,2809.15,1190.0,1194.36,4200.0,993.51,1.0,0.0,0.722,1.0,22.5,TARGETED_WEST_COMPUTE_COOL,5.4297
3,Distributed Heavy Compute,0,369,3690.0,14,3,3,4,4,84.86,84.3,HEAVY_CPU_LOAD,277.52,85.29,85.23,HEAVY_CPU_LOAD,279.46,88.48,82.85,HEAVY_CPU_LOAD,279.88,83.83,84.0,HEAVY_CPU_LOAD,275.79,84.59,86.41,HEAVY_CPU_LOAD,280.35,89.14,85.7,HEAVY_CPU_LOAD,284.98,89.53,82.06,HEAVY_CPU_LOAD,280.0,86.49,88.01,HEAVY_CPU_LOAD,285.13,88.54,88.1,HEAVY_CPU_LOAD,287.82,90.41,86.28,HEAVY_CPU_LOAD,287.43,29.28,50.0,271.2,0.3,22.0,COOLING,0.3,22.0,COOLING,0.3,22.0,COOLING,0.3,22.0,COOLING,24.101,22.861,23.039,23.133,23.284,24.101,22.861,1.24,1112.65,565.33,565.13,575.25,255.0,255.0,340.0,340.0,213.18,307.62,371.59,301.77,-258.57,159.95,6.68,91.95,1050.0,1050.0,1050.0,1050.0,272.26,237.9,233.4,258.97,2818.36,1190.0,1194.16,4200.0,1002.53,1.0,0.0,0.729,1.0,22.5,TARGETED_WEST_COMPUTE_COOL,5.4537
3,Distributed Heavy Compute,0,370,3700.0,14,3,3,4,4,88.5,84.86,HEAVY_CPU_LOAD,282.92,87.71,88.06,HEAVY_CPU_LOAD,286.73,87.46,87.88,HEAVY_CPU_LOAD,286.14,84.75,83.17,HEAVY_CPU_LOAD,275.69,84.77,86.38,HEAVY_CPU_LOAD,280.53,84.79,85.87,HEAVY_CPU_LOAD,279.79,89.22,82.53,HEAVY_CPU_LOAD,280.32,83.76,84.1,HEAVY_CPU_LOAD,275.85,87.86,85.36,HEAVY_CPU_LOAD,282.87,86.81,81.83,HEAVY_CPU_LOAD,276.26,29.28,50.0,271.4,0.3,22.0,COOLING,0.3,22.0,COOLING,0.3,22.0,COOLING,0.3,22.0,COOLING,24.107,22.866,23.044,23.138,23.289,24.107,22.866,1.241,1131.48,560.32,556.17,559.13,255.0,255.0,340.0,340.0,213.12,307.63,371.65,301.78,-258.81,160.06,6.69,92.06,1050.0,1050.0,1050.0,1050.0,290.79,233.01,224.51,242.97,2807.1,1190.0,1194.18,4200.0,991.28,1.0,0.0,0.733,1.0,22.5,TARGETED_WEST_COMPUTE_COOL,5.5021
3,Distributed Heavy Compute,0,371,3710.0,14,3,3,4,4,89.2,85.27,HEAVY_CPU_LOAD,284.4,85.06,83.74,HEAVY_CPU_LOAD,276.93,87.93,82.79,HEAVY_CPU_LOAD,279.1,87.06,83.99,HEAVY_CPU_LOAD,279.81,87.44,84.28,HEAVY_CPU_LOAD,280.72,85.77,83.35,HEAVY_CPU_LOAD,277.24,89.47,86.43,HEAVY_CPU_LOAD,286.48,89.99,83.05,HEAVY_CPU_LOAD,282.06,86.39,85.42,HEAVY_CPU_LOAD,281.12,87.89,83.47,HEAVY_CPU_LOAD,280.07,29.29,50.0,271.5,0.3,22.0,COOLING,0.3,22.0,COOLING,0.3,22.0,COOLING,0.3,22.0,COOLING,24.113,22.871,23.049,23.143,23.294,24.113,22.871,1.242,1120.24,557.96,568.54,561.19,255.0,255.0,340.0,340.0,213.24,307.81,371.85,301.96,-259.04,160.17,6.71,92.17,1050.0,1050.0,1050.0,1050.0,279.44,230.94,237.1,245.32,2807.93,1190.0,1194.86,4200.0,992.8,1.0,0.0,0.74,1.0,22.5,TARGETED_WEST_COMPUTE_COOL,5.5285
3,Distributed Heavy Compute,0,372,3720.0,14,3,3,4,4,85.82,84.5,HEAVY_CPU_LOAD,279.02,85.58,85.31,HEAVY_CPU_LOAD,279.94,83.71,84.78,HEAVY_CPU_LOAD,276.81,88.69,86.48,HEAVY_CPU_LOAD,285.58,85.78,87.56,HEAVY_CPU_LOAD,283.56,89.98,87.42,HEAVY_CPU_LOAD,288.61,86.19,86.36,HEAVY_CPU_LOAD,282.28,83.68,86.26,HEAVY_CPU_LOAD,278.99,88.95,84.45,HEAVY_CPU_LOAD,282.86,89.26,81.59,HEAVY_CPU_LOAD,278.96,29.29,50.0,271.7,0.3,22.0,COOLING,0.3,22.0,COOLING,0.3,22.0,COOLING,0.3,22.0,COOLING,24.119,22.876,23.054,23.148,23.299,24.119,22.876,1.243,1121.35,572.17,561.27,561.82,255.0,255.0,340.0,340.0,213.2,307.82,371.92,301.97,-259.28,160.28,6.72,92.28,1050.0,1050.0,1050.0,1050.0,280.27,245.27,229.91,246.07,2816.61,1190.0,1194.91,4200.0,1001.52,1.0,0.0,0.745,1.0,22.5,TARGETED_WEST_COMPUTE_COOL,5.5554
3,Distributed Heavy Compute,0,373,3730.0,14,3,3,4,4,90.34,81.71,HEAVY_CPU_LOAD,280.49,89.82,84.68,HEAVY_CPU_LOAD,284.29,85.7,84.66,HEAVY_CPU_LOAD,279.12,87.02,85.85,HEAVY_CPU_LOAD,282.55,90.27,84.16,HEAVY_CPU_LOAD,284.08,88.25,85.71,HEAVY_CPU_LOAD,283.88,89.02,88.31,HEAVY_CPU_LOAD,288.74,85.46,87.1,HEAVY_CPU_LOAD,282.48,90.35,83.16,HEAVY_CPU_LOAD,282.68,87.9,81.68,HEAVY_CPU_LOAD,277.39,29.3,50.0,271.8,0.3,22.0,COOLING,0.3,22.0,COOLING,0.3,22.0,COOLING,0.3,22.0,COOLING,24.125,22.881,23.059,23.153,23.305,24.125,22.881,1.244,1126.45,567.96,571.22,560.07,255.0,255.0,340.0,340.0,213.31,308.0,372.11,302.15,-259.51,160.39,6.74,92.39,1050.0,1050.0,1050.0,1050.0,285.25,241.35,240.07,244.61,2825.7,1190.0,1195.57,4200.0,1011.28,1.0,0.0,0.752,1.0,22.5,TARGETED_WEST_COMPUTE_COOL,5.5964
3,Distributed Heavy Compute,0,374,3740.0,14,3,3,4,4,85.79,85.55,HEAVY_CPU_LOAD,280.56,87.69,84.36,HEAVY_CPU_LOAD,281.15,89.97,85.51,HEAVY_CPU_LOAD,285.73,89.98,84.13,HEAVY_CPU_LOAD,283.67,84.14,82.74,HEAVY_CPU_LOAD,274.28,84.67,82.0,HEAVY_CPU_LOAD,273.84,86.59,82.89,HEAVY_CPU_LOAD,277.57,86.73,82.01,HEAVY_CPU_LOAD,276.43,90.04,84.03,HEAVY_CPU_LOAD,283.6,86.53,87.33,HEAVY_CPU_LOAD,284.16,29.3,50.0,271.9,0.3,22.0,COOLING,0.3,22.0,COOLING,0.3,22.0,COOLING,0.3,22.0,COOLING,24.131,22.886,23.064,23.158,23.31,24.131,22.886,1.245,1131.11,548.12,554.0,567.76,255.0,255.0,340.0,340.0,213.22,307.95,372.09,302.1,-259.75,160.5,6.75,92.5,1050.0,1050.0,1050.0,1050.0,289.58,221.57,222.84,252.36,2800.99,1190.0,1195.36,4200.0,986.35,1.0,0.0,0.757,1.0,22.5,TARGETED_WEST_COMPUTE_COOL,5.6417
3,Distributed Heavy Compute,0,375,3750.0,14,3,3,4,4,86.63,84.22,HEAVY_CPU_LOAD,279.62,85.23,83.29,HEAVY_CPU_LOAD,276.47,85.3,85.68,HEAVY_CPU_LOAD,280.14,89.78,81.7,HEAVY_CPU_LOAD,279.78,87.98,83.46,HEAVY_CPU_LOAD,280.17,90.19,84.43,HEAVY_CPU_LOAD,284.38,85.42,84.51,HEAVY_CPU_LOAD,278.54,88.39,87.34,HEAVY_CPU_LOAD,286.5,85.39,83.53,HEAVY_CPU_LOAD,277.03,88.68,81.55,HEAVY_CPU_LOAD,278.18,29.3,50.0,272.1,0.3,22.0,COOLING,0.3,22.0,COOLING,0.3,22.0,COOLING,0.3,22.0,COOLING,24.137,22.891,23.069,23.163,23.315,24.137,22.891,1.246,1116.01,564.55,565.04,555.21,255.0,255.0,340.0,340.0,213.17,307.96,372.16,302.11,-259.99,160.61,6.77,92.61,1050.0,1050.0,1050.0,1050.0,274.19,238.12,233.97,239.93,2800.81,1190.0,1195.4,4200.0,986.21,1.0,0.0,0.762,1.0,22.5,TARGETED_WEST_COMPUTE_COOL,5.655
3,Distributed Heavy Compute,0,376,3760.0,14,3,3,4,4,88.33,86.87,HEAVY_CPU_LOAD,285.72,88.75,84.59,HEAVY_CPU_LOAD,282.82,87.12,88.09,HEAVY_CPU_LOAD,286.03,88.82,85.99,HEAVY_CPU_LOAD,285.01,83.61,86.85,HEAVY_CPU_LOAD,279.79,83.95,83.62,HEAVY_CPU_LOAD,275.37,86.66,88.22,HEAVY_CPU_LOAD,285.65,88.23,83.14,HEAVY_CPU_LOAD,280.0,87.63,83.23,HEAVY_CPU_LOAD,279.38,88.7,84.87,HEAVY_CPU_LOAD,283.18,29.31,50.0,272.2,0.3,22.0,COOLING,0.3,22.0,COOLING,0.3,22.0,COOLING,0.3,22.0,COOLING,24.143,22.896,23.074,23.168,23.32,24.143,22.896,1.247,1139.58,555.16,565.65,562.56,255.0,255.0,340.0,340.0,213.3,308.13,372.35,302.28,-260.22,160.72,6.78,92.72,1050.0,1050.0,1050.0,1050.0,297.66,229.01,234.78,247.56,2822.95,1190.0,1196.06,4200.0,1009.01,1.0,0.0,0.769,1.0,22.5,TARGETED_WEST_COMPUTE_COOL,5.7149
3,Distributed Heavy Compute,0,377,3770.0,14,3,3,4,4,86.79,82.73,HEAVY_CPU_LOAD,277.58,89.04,86.61,HEAVY_CPU_LOAD,286.22,89.61,87.12,HEAVY_CPU_LOAD,287.69,87.04,86.03,HEAVY_CPU_LOAD,282.85,89.49,88.04,HEAVY_CPU_LOAD,288.92,89.34,81.56,HEAVY_CPU_LOAD,279.01,90.35,83.28,HEAVY_CPU_LOAD,282.86,87.91,83.24,HEAVY_CPU_LOAD,279.75,84.99,84.94,HEAVY_CPU_LOAD,278.65,85.8,82.97,HEAVY_CPU_LOAD,276.7,29.31,50.0,272.4,0.3,22.0,COOLING,0.3,22.0,COOLING,0.3,22.0,COOLING,0.3,22.0,COOLING,24.149,22.901,23.079,23.173,23.325,24.149,22.901,1.248,1134.34,567.93,562.61,555.35,255.0,255.0,340.0,340.0,213.24,308.15,372.42,302.3,-260.46,160.83,6.79,92.83,1050.0,1050.0,1050.0,1050.0,292.12,241.91,231.82,240.48,2820.23,1190.0,1196.11,4200.0,1006.33,1.0,0.0,0.774,1.0,22.5,TARGETED_WEST_COMPUTE_COOL,5.7376
3,Distributed Heavy Compute,0,378,3780.0,14,3,3,4,4,90.47,82.93,HEAVY_CPU_LOAD,282.48,84.85,86.62,HEAVY_CPU_LOAD,280.99,83.88,83.77,HEAVY_CPU_LOAD,275.5,83.55,83.53,HEAVY_CPU_LOAD,274.73,86.55,84.04,HEAVY_CPU_LOAD,279.25,89.03,88.24,HEAVY_CPU_LOAD,288.65,88.31,87.67,HEAVY_CPU_LOAD,286.89,84.32,88.44,HEAVY_CPU_LOAD,283.06,84.05,85.53,HEAVY_CPU_LOAD,278.36,83.64,81.97,HEAVY_CPU_LOAD,272.5,29.31,50.0,272.5,0.3,22.0,COOLING,0.3,22.0,COOLING,0.3,22.0,COOLING,0.3,22.0,COOLING,24.155,22.906,23.084,23.178,23.331,24.155,22.906,1.249,1113.7,567.9,569.95,550.86,255.0,255.0,340.0,340.0,213.15,308.1,372.41,302.26,-260.69,160.94,6.81,92.94,1050.0,1050.0,1050.0,1050.0,271.16,241.94,239.17,236.06,2802.41,1190.0,1195.92,4200.0,988.33,1.0,0.0,0.78,1.0,22.5,TARGETED_WEST_COMPUTE_COOL,5.7544
3,Distributed Heavy Compute,0,379,3790.0,14,3,3,4,4,86.07,86.15,HEAVY_CPU_LOAD,281.81,90.14,85.85,HEAVY_CPU_LOAD,286.45,89.88,87.29,HEAVY_CPU_LOAD,288.28,85.65,85.33,HEAVY_CPU_LOAD,280.06,84.73,85.73,HEAVY_CPU_LOAD,279.51,90.2,85.52,HEAVY_CPU_LOAD,286.03,88.54,84.93,HEAVY_CPU_LOAD,283.07,87.65,84.63,HEAVY_CPU_LOAD,281.51,87.02,87.1,HEAVY_CPU_LOAD,284.42,87.17,83.5,HEAVY_CPU_LOAD,279.21,29.32,50.0,272.6,0.3,22.0,COOLING,0.3,22.0,COOLING,0.3,22.0,COOLING,0.3,22.0,COOLING,24.161,22.911,23.089,23.183,23.336,24.161,22.911,1.25,1136.6,565.54,564.58,563.63,255.0,255.0,340.0,340.0,213.27,308.28,372.59,302.43,-260.93,161.05,6.83,93.05,1050.0,1050.0,1050.0,1050.0,293.94,239.87,234.0,249.11,2830.35,1190.0,1196.57,4200.0,1016.92,1.0,0.0,0.786,1.0,22.5,TARGETED_WEST_COMPUTE_COOL,5.8111
3,Distributed Heavy Compute,0,380,3800.0,14,3,3,4,4,84.6,85.83,HEAVY_CPU_LOAD,279.5,83.69,81.82,HEAVY_CPU_LOAD,272.34,83.95,84.1,HEAVY_CPU_LOAD,276.09,85.96,86.47,HEAVY_CPU_LOAD,282.15,88.95,85.93,HEAVY_CPU_LOAD,285.08,84.84,86.66,HEAVY_CPU_LOAD,281.04,83.86,83.07,HEAVY_CPU_LOAD,274.43,89.91,82.71,HEAVY_CPU_LOAD,281.45,89.37,86.41,HEAVY_CPU_LOAD,286.33,84.29,87.34,HEAVY_CPU_LOAD,281.37,29.32,50.0,272.8,0.3,22.0,COOLING,0.3,22.0,COOLING,0.3,22.0,COOLING,0.3,22.0,COOLING,24.166,22.916,23.094,23.188,23.341,24.166,22.916,1.25,1110.08,566.12,555.88,567.7,255.0,255.0,340.0,340.0,213.22,308.29,372.67,302.45,-261.16,161.16,6.84,93.16,1050.0,1050.0,1050.0,1050.0,267.14,240.57,225.39,253.31,2799.78,1190.0,1196.63,4200.0,986.41,1.0,0.0,0.792,1.0,22.5,TARGETED_WEST_COMPUTE_COOL,5.8145
3,Distributed Heavy Compute,0,381,3810.0,14,3,3,4,4,84.87,85.99,HEAVY_CPU_LOAD,280.07,85.75,87.86,HEAVY_CPU_LOAD,283.98,87.6,82.46,HEAVY_CPU_LOAD,278.19,88.12,84.03,HEAVY_CPU_LOAD,281.19,86.45,81.75,HEAVY_CPU_LOAD,275.69,83.58,86.32,HEAVY_CPU_LOAD,278.95,86.18,84.72,HEAVY_CPU_LOAD,279.81,87.48,83.16,HEAVY_CPU_LOAD,279.09,84.51,87.78,HEAVY_CPU_LOAD,282.31,90.04,85.77,HEAVY_CPU_LOAD,286.2,29.32,50.0,272.9,0.3,22.0,COOLING,0.3,22.0,COOLING,0.3,22.0,COOLING,0.3,22.0,COOLING,24.172,22.921,23.099,23.193,23.346,24.172,22.921,1.251,1123.43,554.64,558.9,568.51,255.0,255.0,340.0,340.0,213.15,308.25,372.65,302.4,-261.16,161.16,6.84,93.16,1050.0,1050.0,1050.0,1050.0,280.42,229.05,228.39,254.07,2805.48,1190.0,1196.45,4200.0,991.93,1.0,0.0,0.798,1.0,22.5,TARGETED_WEST_COMPUTE_COOL,5.8672
3,Distributed Heavy Compute,0,382,3820.0,14,3,3,4,4,89.7,87.76,HEAVY_CPU_LOAD,288.76,85.39,84.32,HEAVY_CPU_LOAD,278.22,89.78,82.55,HEAVY_CPU_LOAD,281.05,83.96,84.86,HEAVY_CPU_LOAD,277.24,87.6,81.58,HEAVY_CPU_LOAD,276.87,88.45,82.89,HEAVY_CPU_LOAD,279.9,88.38,85.66,HEAVY_CPU_LOAD,283.96,83.98,86.92,HEAVY_CPU_LOAD,280.36,88.08,85.06,HEAVY_CPU_LOAD,282.69,84.53,85.91,HEAVY_CPU_LOAD,279.53,29.33,50.0,273.1,0.3,22.0,COOLING,0.3,22.0,COOLING,0.3,22.0,COOLING,0.3,22.0,COOLING,24.178,22.926,23.104,23.198,23.352,24.178,22.926,1.252,1125.27,556.77,564.32,562.22,255.0,255.0,340.0,340.0,213.31,308.48,372.93,302.64,-261.4,161.27,6.86,93.27,1050.0,1050.0,1050.0,1050.0,282.18,231.52,234.11,248.13,2808.58,1190.0,1197.36,4200.0,995.94,1.0,0.0,0.803,1.0,22.5,TARGETED_WEST_COMPUTE_COOL,5.9032
3,Distributed Heavy Compute,0,383,3830.0,14,3,3,4,4,85.06,81.75,HEAVY_CPU_LOAD,273.95,88.24,85.51,HEAVY_CPU_LOAD,283.57,84.08,87.86,HEAVY_CPU_LOAD,281.89,89.68,86.86,HEAVY_CPU_LOAD,287.39,87.59,81.76,HEAVY_CPU_LOAD,277.13,86.42,83.48,HEAVY_CPU_LOAD,278.25,89.47,83.39,HEAVY_CPU_LOAD,281.92,83.63,86.2,HEAVY_CPU_LOAD,278.84,88.95,82.31,HEAVY_CPU_LOAD,279.65,89.33,87.7,HEAVY_CPU_LOAD,288.21,29.33,50.0,273.2,0.3,22.0,COOLING,0.3,22.0,COOLING,0.3,22.0,COOLING,0.3,22.0,COOLING,24.184,22.931,23.109,23.203,23.357,24.184,22.931,1.253,1126.8,555.38,560.76,567.86,255.0,255.0,340.0,340.0,213.22,308.44,372.91,302.59,-261.63,161.38,6.87,93.38,1050.0,1050.0,1050.0,1050.0,283.39,230.2,230.54,253.83,2810.8,1190.0,1197.16,4200.0,997.96,1.0,0.0,0.809,1.0,22.5,TARGETED_WEST_COMPUTE_COOL,5.9408
3,Distributed Heavy Compute,0,384,3840.0,14,3,3,4,4,85.43,82.8,HEAVY_CPU_LOAD,275.99,90.04,82.43,HEAVY_CPU_LOAD,281.2,84.17,81.51,HEAVY_CPU_LOAD,272.48,90.31,82.05,HEAVY_CPU_LOAD,280.96,84.71,83.56,HEAVY_CPU_LOAD,276.23,88.67,85.32,HEAVY_CPU_LOAD,283.82,83.53,85.35,HEAVY_CPU_LOAD,277.44,87.62,88.49,HEAVY_CPU_LOAD,287.26,88.58,87.86,HEAVY_CPU_LOAD,287.52,86.64,83.04,HEAVY_CPU_LOAD,277.86,29.33,50.0,273.3,0.3,22.0,COOLING,0.3,22.0,COOLING,0.3,22.0,COOLING,0.3,22.0,COOLING,24.189,22.936,23.114,23.208,23.362,24.189,22.936,1.253,1110.63,560.05,564.7,565.38,255.0,255.0,340.0,340.0,213.13,308.39,372.89,302.54,-261.87,161.49,6.88,93.49,1050.0,1050.0,1050.0,1050.0,266.89,234.93,234.47,251.41,2800.76,1190.0,1196.95,4200.0,987.7,1.0,0.0,0.815,1.0,22.5,TARGETED_WEST_COMPUTE_COOL,5.953
3,Distributed Heavy Compute,0,385,3850.0,14,3,3,4,4,84.63,83.41,HEAVY_CPU_LOAD,275.9,83.6,81.88,HEAVY_CPU_LOAD,272.32,89.5,87.81,HEAVY_CPU_LOAD,288.59,85.01,87.59,HEAVY_CPU_LOAD,282.65,88.66,84.14,HEAVY_CPU_LOAD,282.03,84.67,85.24,HEAVY_CPU_LOAD,278.7,90.0,86.26,HEAVY_CPU_LOAD,286.89,86.03,88.26,HEAVY_CPU_LOAD,284.93,86.16,83.48,HEAVY_CPU_LOAD,277.92,89.6,82.84,HEAVY_CPU_LOAD,281.26,29.34,50.0,273.5,0.3,22.0,COOLING,0.3,22.0,COOLING,0.3,22.0,COOLING,0.3,22.0,COOLING,24.195,22.941,23.119,23.213,23.367,24.195,22.941,1.254,1119.46,560.73,571.82,559.18,255.0,255.0,340.0,340.0,213.31,308.63,373.17,302.78,-261.87,161.49,6.88,93.49,1050.0,1050.0,1050.0,1050.0,275.9,235.85,241.87,245.45,2811.19,1190.0,1197.89,4200.0,999.07,1.0,0.0,0.821,1.0,22.5,TARGETED_WEST_COMPUTE_COOL,5.997
3,Distributed Heavy Compute,0,386,3860.0,14,3,3,4,4,88.05,82.71,HEAVY_CPU_LOAD,279.13,86.5,86.56,HEAVY_CPU_LOAD,282.97,85.04,85.05,HEAVY_CPU_LOAD,278.88,84.03,85.48,HEAVY_CPU_LOAD,278.26,83.8,86.24,HEAVY_CPU_LOAD,279.11,84.45,86.56,HEAVY_CPU_LOAD,280.4,84.52,86.59,HEAVY_CPU_LOAD,280.53,90.07,82.24,HEAVY_CPU_LOAD,280.95,87.26,85.02,HEAVY_CPU_LOAD,281.6,89.71,83.77,HEAVY_CPU_LOAD,282.79,29.34,50.0,273.6,0.3,22.0,COOLING,0.3,22.0,COOLING,0.3,22.0,COOLING,0.3,22.0,COOLING,24.201,22.946,23.124,23.218,23.372,24.201,22.946,1.255,1119.24,559.51,561.48,564.39,255.0,255.0,340.0,340.0,213.22,308.58,373.15,302.73,-262.1,161.6,6.9,93.6,1050.0,1050.0,1050.0,1050.0,275.36,234.69,231.53,250.72,2804.62,1190.0,1197.68,4200.0,992.3,1.0,0.0,0.826,1.0,22.5,TARGETED_WEST_COMPUTE_COOL,6.0326
3,Distributed Heavy Compute,0,387,3870.0,14,3,3,4,4,90.24,87.31,HEAVY_CPU_LOAD,288.76,86.76,87.59,HEAVY_CPU_LOAD,284.83,90.01,87.14,HEAVY_CPU_LOAD,288.22,84.14,85.22,HEAVY_CPU_LOAD,278.0,90.05,88.21,HEAVY_CPU_LOAD,289.88,85.78,82.44,HEAVY_CPU_LOAD,275.88,83.83,83.0,HEAVY_CPU_LOAD,274.29,87.0,85.36,HEAVY_CPU_LOAD,281.79,89.55,85.01,HEAVY_CPU_LOAD,284.45,88.46,85.23,HEAVY_CPU_LOAD,283.42,29.34,50.0,273.8,0.3,22.0,COOLING,0.3,22.0,COOLING,0.3,22.0,COOLING,0.3,22.0,COOLING,24.207,22.951,23.129,23.223,23.378,24.207,22.951,1.256,1139.81,565.76,556.08,567.87,255.0,255.0,340.0,340.0,213.16,308.59,373.21,302.74,-262.33,161.71,6.92,93.71,1050.0,1050.0,1050.0,1050.0,295.64,241.06,226.21,254.32,2829.52,1190.0,1197.7,4200.0,1017.23,1.0,0.0,0.832,1.0,22.5,TARGETED_WEST_COMPUTE_COOL,6.0841
3,Distributed Heavy Compute,0,388,3880.0,14,3,3,4,4,85.44,86.18,HEAVY_CPU_LOAD,281.07,84.69,86.75,HEAVY_CPU_LOAD,280.99,88.2,86.78,HEAVY_CPU_LOAD,285.42,83.82,83.08,HEAVY_CPU_LOAD,274.39,84.47,88.45,HEAVY_CPU_LOAD,283.26,83.82,87.08,HEAVY_CPU_LOAD,280.39,88.34,84.05,HEAVY_CPU_LOAD,281.5,86.54,87.07,HEAVY_CPU_LOAD,283.78,84.45,85.59,HEAVY_CPU_LOAD,278.95,90.21,84.87,HEAVY_CPU_LOAD,285.07,29.35,50.0,273.9,0.3,22.0,COOLING,0.3,22.0,COOLING,0.3,22.0,COOLING,0.3,22.0,COOLING,24.213,22.956,23.134,23.228,23.383,24.213,22.956,1.257,1121.87,563.65,565.28,564.02,255.0,255.0,340.0,340.0,213.28,308.77,373.41,302.92,-262.57,161.82,6.93,93.82,1050.0,1050.0,1050.0,1050.0,277.58,239.24,235.62,250.76,2814.82,1190.0,1198.38,4200.0,1003.2,1.0,0.0,0.838,1.0,22.5,TARGETED_WEST_COMPUTE_COOL,6.1064
3,Distributed Heavy Compute,0,389,3890.0,14,3,3,4,4,88.2,87.69,HEAVY_CPU_LOAD,286.78,85.88,83.05,HEAVY_CPU_LOAD,276.93,89.49,87.82,HEAVY_CPU_LOAD,288.59,89.17,84.53,HEAVY_CPU_LOAD,283.26,89.5,81.71,HEAVY_CPU_LOAD,279.44,85.93,83.04,HEAVY_CPU_LOAD,276.97,84.26,88.39,HEAVY_CPU_LOAD,282.91,90.19,88.37,HEAVY_CPU_LOAD,290.29,85.87,87.27,HEAVY_CPU_LOAD,283.24,85.62,85.43,HEAVY_CPU_LOAD,280.17,29.35,50.0,274.0,0.3,22.0,COOLING,0.3,22.0,COOLING,0.3,22.0,COOLING,0.3,22.0,COOLING,24.219,22.961,23.139,23.233,23.388,24.219,22.961,1.258,1135.56,556.41,573.2,563.41,255.0,255.0,340.0,340.0,213.2,308.72,373.39,302.87,-262.81,161.93,6.95,93.93,1050.0,1050.0,1050.0,1050.0,290.95,232.06,243.54,250.21,2828.58,1190.0,1198.18,4200.0,1016.76,1.0,0.0,0.845,1.0,22.5,TARGETED_WEST_COMPUTE_COOL,6.1595
3,Distributed Heavy Compute,0,390,3900.0,14,3,3,4,4,85.75,85.85,HEAVY_CPU_LOAD,280.96,86.56,82.4,HEAVY_CPU_LOAD,276.8,88.0,83.39,HEAVY_CPU_LOAD,280.08,86.04,85.87,HEAVY_CPU_LOAD,281.36,86.4,85.83,HEAVY_CPU_LOAD,281.75,89.86,82.78,HEAVY_CPU_LOAD,281.5,89.51,86.12,HEAVY_CPU_LOAD,286.07,87.3,86.19,HEAVY_CPU_LOAD,283.41,88.9,81.63,HEAVY_CPU_LOAD,278.57,83.77,84.9,HEAVY_CPU_LOAD,277.06,29.35,50.0,274.2,0.3,22.0,COOLING,0.3,22.0,COOLING,0.3,22.0,COOLING,0.3,22.0,COOLING,24.225,22.966,23.144,23.238,23.393,24.225,22.966,1.259,1119.2,563.25,569.48,555.63,255.0,255.0,340.0,340.0,213.15,308.74,373.46,302.9,-263.04,162.04,6.96,94.04,1050.0,1050.0,1050.0,1050.0,274.31,239.03,239.9,242.57,2807.56,1190.0,1198.25,4200.0,995.81,1.0,0.0,0.85,1.0,22.5,TARGETED_WEST_COMPUTE_COOL,6.1771
3,Distributed Heavy Compute,0,391,3910.0,14,3,3,4,4,87.53,83.89,HEAVY_CPU_LOAD,280.25,87.99,85.25,HEAVY_CPU_LOAD,282.86,90.07,85.85,HEAVY_CPU_LOAD,286.36,89.12,83.3,HEAVY_CPU_LOAD,281.35,84.06,84.43,HEAVY_CPU_LOAD,276.72,88.31,87.84,HEAVY_CPU_LOAD,287.15,90.01,83.27,HEAVY_CPU_LOAD,282.42,88.06,84.11,HEAVY_CPU_LOAD,281.24,88.88,83.67,HEAVY_CPU_LOAD,281.61,86.56,85.21,HEAVY_CPU_LOAD,281.01,29.36,50.0,274.3,0.3,22.0,COOLING,0.3,22.0,COOLING,0.3,22.0,COOLING,0.3,22.0,COOLING,24.231,22.971,23.149,23.243,23.398,24.231,22.971,1.26,1130.82,563.87,563.66,562.62,255.0,255.0,340.0,340.0,213.26,308.91,373.65,303.06,-263.28,162.15,6.98,94.15,1050.0,1050.0,1050.0,1050.0,285.8,239.93,234.29,249.83,2820.97,1190.0,1198.88,4200.0,1009.85,1.0,0.0,0.856,1.0,22.5,TARGETED_WEST_COMPUTE_COOL,6.2245
3,Distributed Heavy Compute,0,392,3920.0,14,3,3,4,4,89.8,86.12,HEAVY_CPU_LOAD,286.43,86.78,86.31,HEAVY_CPU_LOAD,282.94,90.15,86.69,HEAVY_CPU_LOAD,287.72,85.07,87.63,HEAVY_CPU_LOAD,282.78,87.78,87.98,HEAVY_CPU_LOAD,286.7,84.73,83.11,HEAVY_CPU_LOAD,275.58,84.46,81.56,HEAVY_CPU_LOAD,272.91,85.95,86.63,HEAVY_CPU_LOAD,282.38,85.16,87.16,HEAVY_CPU_LOAD,282.19,86.89,83.67,HEAVY_CPU_LOAD,279.12,29.36,50.0,274.4,0.3,22.0,COOLING,0.3,22.0,COOLING,0.3,22.0,COOLING,0.3,22.0,COOLING,24.237,22.976,23.154,23.248,23.404,24.237,22.976,1.261,1139.87,562.28,555.29,561.31,255.0,255.0,340.0,340.0,213.17,308.86,373.64,303.02,-263.51,162.26,6.99,94.26,1050.0,1050.0,1050.0,1050.0,294.53,238.4,225.92,248.59,2818.75,1190.0,1198.69,4200.0,1007.44,1.0,0.0,0.861,1.0,22.5,TARGETED_WEST_COMPUTE_COOL,6.2692
3,Distributed Heavy Compute,0,393,3930.0,14,3,3,4,4,90.07,87.89,HEAVY_CPU_LOAD,289.42,84.33,82.04,HEAVY_CPU_LOAD,273.47,86.04,87.34,HEAVY_CPU_LOAD,283.56,85.83,82.13,HEAVY_CPU_LOAD,275.48,89.75,82.55,HEAVY_CPU_LOAD,281.01,90.43,84.57,HEAVY_CPU_LOAD,284.89,89.22,85.29,HEAVY_CPU_LOAD,284.46,88.2,81.64,HEAVY_CPU_LOAD,277.71,87.69,85.94,HEAVY_CPU_LOAD,283.52,85.83,81.88,HEAVY_CPU_LOAD,275.11,29.36,50.0,274.6,0.3,22.0,COOLING,0.3,22.0,COOLING,0.3,22.0,COOLING,0.3,22.0,COOLING,24.243,22.981,23.159,23.253,23.409,24.243,22.981,1.262,1121.93,565.9,562.17,558.63,255.0,255.0,340.0,340.0,213.11,308.88,373.7,303.03,-263.74,162.37,7.01,94.37,1050.0,1050.0,1050.0,1050.0,276.3,242.15,232.88,246.03,2808.63,1190.0,1198.72,4200.0,997.36,1.0,0.0,0.867,1.0,22.5,TARGETED_WEST_COMPUTE_COOL,6.2895
3,Distributed Heavy Compute,0,394,3940.0,14,3,3,4,4,89.63,85.5,HEAVY_CPU_LOAD,285.29,86.56,87.76,HEAVY_CPU_LOAD,284.84,84.24,83.59,HEAVY_CPU_LOAD,275.69,87.53,82.93,HEAVY_CPU_LOAD,278.81,89.25,81.8,HEAVY_CPU_LOAD,279.26,87.18,86.16,HEAVY_CPU_LOAD,283.22,90.21,84.89,HEAVY_CPU_LOAD,285.1,85.49,85.96,HEAVY_CPU_LOAD,280.8,85.7,82.91,HEAVY_CPU_LOAD,276.49,88.13,83.16,HEAVY_CPU_LOAD,279.9,29.37,50.0,274.7,0.3,22.0,COOLING,0.3,22.0,COOLING,0.3,22.0,COOLING,0.3,22.0,COOLING,24.249,22.986,23.164,23.258,23.414,24.249,22.986,1.263,1124.63,562.48,565.9,556.39,255.0,255.0,340.0,340.0,213.24,309.05,373.9,303.21,-263.98,162.48,7.02,94.48,1050.0,1050.0,1050.0,1050.0,278.89,239.01,236.82,244.08,2809.4,1190.0,1199.4,4200.0,998.8,1.0,0.0,0.873,1.0,22.5,TARGETED_WEST_COMPUTE_COOL,6.3315
3,Distributed Heavy Compute,0,395,3950.0,14,3,3,4,4,88.99,82.57,HEAVY_CPU_LOAD,280.09,85.06,87.58,HEAVY_CPU_LOAD,282.69,86.31,83.41,HEAVY_CPU_LOAD,278.0,85.15,83.33,HEAVY_CPU_LOAD,276.43,89.6,82.42,HEAVY_CPU_LOAD,280.63,86.07,88.12,HEAVY_CPU_LOAD,284.77,87.57,86.29,HEAVY_CPU_LOAD,283.9,84.51,81.53,HEAVY_CPU_LOAD,272.93,86.61,86.44,HEAVY_CPU_LOAD,282.92,86.07,86.51,HEAVY_CPU_LOAD,282.35,29.37,50.0,274.9,0.3,22.0,COOLING,0.3,22.0,COOLING,0.3,22.0,COOLING,0.3,22.0,COOLING,24.255,22.991,23.169,23.263,23.419,24.255,22.991,1.264,1117.21,565.4,556.83,565.27,255.0,255.0,340.0,340.0,213.19,309.07,373.97,303.22,-264.21,162.59,7.03,94.59,1050.0,1050.0,1050.0,1050.0,271.19,242.06,227.83,253.08,2804.71,1190.0,1199.45,4200.0,994.16,1.0,0.0,0.878,1.0,22.5,TARGETED_WEST_COMPUTE_COOL,6.3612
3,Distributed Heavy Compute,0,396,3960.0,14,3,3,4,4,83.69,84.36,HEAVY_CPU_LOAD,276.15,89.97,88.36,HEAVY_CPU_LOAD,290.0,88.81,81.58,HEAVY_CPU_LOAD,278.38,89.29,85.33,HEAVY_CPU_LOAD,284.61,88.36,84.98,HEAVY_CPU_LOAD,282.92,89.48,87.29,HEAVY_CPU_LOAD,287.79,86.96,88.37,HEAVY_CPU_LOAD,286.25,84.26,87.49,HEAVY_CPU_LOAD,281.56,87.76,84.17,HEAVY_CPU_LOAD,280.95,90.18,81.86,HEAVY_CPU_LOAD,280.51,29.38,50.0,275.0,0.3,22.0,COOLING,0.3,22.0,COOLING,0.3,22.0,COOLING,0.3,22.0,COOLING,24.261,22.996,23.174,23.268,23.425,24.261,22.996,1.265,1129.14,570.71,567.81,561.46,255.0,255.0,340.0,340.0,213.31,309.24,374.16,303.4,-264.45,162.7,7.05,94.7,1050.0,1050.0,1050.0,1050.0,283.0,247.65,239.02,249.56,2829.12,1190.0,1200.11,4200.0,1019.23,1.0,0.0,0.885,1.0,22.5,TARGETED_WEST_COMPUTE_COOL,6.409
3,Distributed Heavy Compute,0,397,3970.0,14,3,3,4,4,86.14,84.26,HEAVY_CPU_LOAD,279.06,86.99,84.87,HEAVY_CPU_LOAD,281.04,85.55,86.15,HEAVY_CPU_LOAD,281.16,86.01,84.36,HEAVY_CPU_LOAD,279.05,87.99,84.37,HEAVY_CPU_LOAD,281.54,85.66,85.81,HEAVY_CPU_LOAD,280.79,85.72,81.56,HEAVY_CPU_LOAD,274.49,89.32,84.23,HEAVY_CPU_LOAD,283.0,85.48,83.21,HEAVY_CPU_LOAD,276.66,86.88,82.92,HEAVY_CPU_LOAD,277.98,29.38,50.0,275.1,0.3,22.0,COOLING,0.3,22.0,COOLING,0.3,22.0,COOLING,0.3,22.0,COOLING,24.267,23.001,23.179,23.273,23.43,24.267,23.001,1.266,1120.31,562.33,557.49,554.64,255.0,255.0,340.0,340.0,213.22,309.2,374.14,303.35,-264.68,162.81,7.07,94.81,1050.0,1050.0,1050.0,1050.0,273.85,239.34,228.7,242.8,2794.77,1190.0,1199.91,4200.0,984.69,1.0,0.0,0.889,1.0,22.5,TARGETED_WEST_COMPUTE_COOL,6.4403
3,Distributed Heavy Compute,0,398,3980.0,14,3,3,4,4,89.14,83.03,HEAVY_CPU_LOAD,280.97,84.78,88.1,HEAVY_CPU_LOAD,283.12,90.39,86.41,HEAVY_CPU_LOAD,287.6,86.31,85.01,HEAVY_CPU_LOAD,280.4,87.04,85.43,HEAVY_CPU_LOAD,281.95,89.34,81.54,HEAVY_CPU_LOAD,278.99,86.76,87.19,HEAVY_CPU_LOAD,284.24,89.43,85.75,HEAVY_CPU_LOAD,285.41,85.47,86.44,HEAVY_CPU_LOAD,281.5,87.3,84.61,HEAVY_CPU_LOAD,281.04,29.38,50.0,275.3,0.3,22.0,COOLING,0.3,22.0,COOLING,0.3,22.0,COOLING,0.3,22.0,COOLING,24.273,23.006,23.184,23.278,23.435,24.273,23.006,1.267,1132.09,560.94,569.65,562.54,255.0,255.0,340.0,340.0,213.17,309.21,374.21,303.36,-264.92,162.92,7.08,94.92,1050.0,1050.0,1050.0,1050.0,285.34,238.07,240.94,250.82,2825.22,1190.0,1199.95,4200.0,1015.17,1.0,0.0,0.896,1.0,22.5,TARGETED_WEST_COMPUTE_COOL,6.4931
3,Distributed Heavy Compute,0,399,3990.0,14,3,3,4,4,86.72,86.46,HEAVY_CPU_LOAD,283.09,89.27,82.17,HEAVY_CPU_LOAD,279.84,88.76,87.33,HEAVY_CPU_LOAD,286.94,89.83,82.52,HEAVY_CPU_LOAD,281.07,90.18,84.05,HEAVY_CPU_LOAD,283.8,87.63,88.44,HEAVY_CPU_LOAD,287.2,86.75,83.85,HEAVY_CPU_LOAD,279.21,89.88,84.44,HEAVY_CPU_LOAD,284.01,84.48,82.4,HEAVY_CPU_LOAD,274.2,87.5,82.84,HEAVY_CPU_LOAD,278.63,29.39,50.0,275.4,0.3,22.0,COOLING,0.3,22.0,COOLING,0.3,22.0,COOLING,0.3,22.0,COOLING,24.279,23.011,23.189,23.283,23.441,24.279,23.011,1.268,1130.94,571.0,563.22,552.83,255.0,255.0,340.0,340.0,213.29,309.38,374.4,303.53,-265.16,163.03,7.09,95.03,1050.0,1050.0,1050.0,1050.0,284.07,248.41,234.71,241.39,2817.99,1190.0,1200.6,4200.0,1008.58,1.0,0.0,0.901,1.0,22.5,TARGETED_WEST_COMPUTE_COOL,6.5241
3,Distributed Heavy Compute,0,400,4000.0,14,3,3,4,4,86.66,81.64,HEAVY_CPU_LOAD,275.78,85.14,82.06,HEAVY_CPU_LOAD,274.51,86.66,87.54,HEAVY_CPU_LOAD,284.63,89.49,86.23,HEAVY_CPU_LOAD,286.21,88.69,82.75,HEAVY_CPU_LOAD,279.99,87.1,85.68,HEAVY_CPU_LOAD,282.39,85.53,81.88,HEAVY_CPU_LOAD,274.73,84.71,83.54,HEAVY_CPU_LOAD,276.2,85.97,86.95,HEAVY_CPU_LOAD,282.89,90.27,84.04,HEAVY_CPU_LOAD,283.9,29.39,50.0,275.6,0.3,22.0,COOLING,0.3,22.0,COOLING,0.3,22.0,COOLING,0.3,22.0,COOLING,24.285,23.016,23.194,23.288,23.446,24.285,23.016,1.269,1121.13,562.38,550.93,566.79,255.0,255.0,340.0,340.0,213.24,309.4,374.47,303.55,-265.39,163.14,7.11,95.14,1050.0,1050.0,1050.0,1050.0,273.98,239.92,222.51,255.48,2801.23,1190.0,1200.66,4200.0,991.89,1.0,0.0,0.907,1.0,22.5,TARGETED_WEST_COMPUTE_COOL,6.5577
3,Distributed Heavy Compute,0,401,4010.0,14,3,3,4,4,84.09,86.04,HEAVY_CPU_LOAD,279.17,84.59,81.87,HEAVY_CPU_LOAD,273.54,87.12,87.09,HEAVY_CPU_LOAD,284.53,84.24,83.5,HEAVY_CPU_LOAD,275.55,85.23,87.97,HEAVY_CPU_LOAD,283.49,86.08,84.49,HEAVY_CPU_LOAD,279.33,87.69,84.89,HEAVY_CPU_LOAD,281.95,84.49,84.77,HEAVY_CPU_LOAD,277.77,87.47,83.93,HEAVY_CPU_LOAD,280.23,85.36,84.84,HEAVY_CPU_LOAD,278.96,29.39,50.0,275.7,0.3,22.0,COOLING,0.3,22.0,COOLING,0.3,22.0,COOLING,0.3,22.0,COOLING,24.29,23.021,23.199,23.293,23.451,24.29,23.021,1.269,1112.79,562.82,559.72,559.19,255.0,255.0,340.0,340.0,213.15,309.35,374.45,303.5,-265.63,163.25,7.13,95.25,1050.0,1050.0,1050.0,1050.0,265.31,240.42,231.3,247.94,2794.52,1190.0,1200.45,4200.0,984.97,1.0,0.0,0.913,1.0,22.5,TARGETED_WEST_COMPUTE_COOL,6.5817
3,Distributed Heavy Compute,0,402,4020.0,14,3,3,4,4,86.09,86.85,HEAVY_CPU_LOAD,282.89,85.37,84.42,HEAVY_CPU_LOAD,278.34,88.43,84.9,HEAVY_CPU_LOAD,282.89,85.76,81.61,HEAVY_CPU_LOAD,274.62,84.09,83.82,HEAVY_CPU_LOAD,275.84,88.85,81.98,HEAVY_CPU_LOAD,279.03,87.63,86.08,HEAVY_CPU_LOAD,283.66,89.62,83.08,HEAVY_CPU_LOAD,281.64,85.1,81.62,HEAVY_CPU_LOAD,273.81,89.96,87.39,HEAVY_CPU_LOAD,288.53,29.4,50.0,275.8,0.3,22.0,COOLING,0.3,22.0,COOLING,0.3,22.0,COOLING,0.3,22.0,COOLING,24.296,23.026,23.204,23.298,23.456,24.296,23.026,1.27,1118.74,554.87,565.3,562.34,255.0,255.0,340.0,340.0,213.28,309.53,374.64,303.68,-265.62,163.25,7.12,95.25,1050.0,1050.0,1050.0,1050.0,271.4,232.65,237.06,251.27,2801.25,1190.0,1201.13,4200.0,992.38,1.0,0.0,0.919,1.0,22.5,TARGETED_WEST_COMPUTE_COOL,6.6315
3,Distributed Heavy Compute,0,403,4030.0,14,3,3,4,4,88.23,87.66,HEAVY_CPU_LOAD,286.78,88.85,82.45,HEAVY_CPU_LOAD,279.74,90.18,88.45,HEAVY_CPU_LOAD,290.4,90.0,87.81,HEAVY_CPU_LOAD,289.22,88.18,88.01,HEAVY_CPU_LOAD,287.24,88.7,87.64,HEAVY_CPU_LOAD,287.33,86.64,84.93,HEAVY_CPU_LOAD,280.7,87.65,82.44,HEAVY_CPU_LOAD,278.22,85.98,87.96,HEAVY_CPU_LOAD,284.41,85.04,83.69,HEAVY_CPU_LOAD,276.84,29.4,50.0,276.0,0.3,22.0,COOLING,0.3,22.0,COOLING,0.3,22.0,COOLING,0.3,22.0,COOLING,24.302,23.031,23.209,23.303,23.461,24.302,23.031,1.271,1146.14,574.57,558.92,561.25,255.0,255.0,340.0,340.0,213.24,309.54,374.71,303.69,-265.86,163.36,7.14,95.36,1050.0,1050.0,1050.0,1050.0,298.52,252.47,230.77,250.3,2840.88,1190.0,1201.18,4200.0,1032.06,1.0,0.0,0.925,1.0,22.5,TARGETED_WEST_COMPUTE_COOL,6.6866
3,Distributed Heavy Compute,0,404,4040.0,14,3,3,4,4,87.91,83.08,HEAVY_CPU_LOAD,279.51,86.99,81.58,HEAVY_CPU_LOAD,276.11,86.85,86.41,HEAVY_CPU_LOAD,283.18,86.32,82.81,HEAVY_CPU_LOAD,277.12,87.88,87.99,HEAVY_CPU_LOAD,286.83,86.3,88.22,HEAVY_CPU_LOAD,285.2,86.56,82.02,HEAVY_CPU_LOAD,276.23,86.03,82.73,HEAVY_CPU_LOAD,276.63,87.48,82.87,HEAVY_CPU_LOAD,278.66,85.75,85.19,HEAVY_CPU_LOAD,279.97,29.4,50.0,276.1,0.3,22.0,COOLING,0.3,22.0,COOLING,0.3,22.0,COOLING,0.3,22.0,COOLING,24.307,23.036,23.214,23.308,23.466,24.307,23.036,1.271,1115.92,572.03,552.86,558.63,255.0,255.0,340.0,340.0,213.15,309.49,374.7,303.65,-266.09,163.47,7.16,95.47,1050.0,1050.0,1050.0,1050.0,267.98,249.99,224.72,247.75,2799.44,1190.0,1200.99,4200.0,990.44,1.0,0.0,0.93,1.0,22.5,TARGETED_WEST_COMPUTE_COOL,6.6905
3,Distributed Heavy Compute,0,405,4050.0,14,3,3,4,4,89.61,88.31,HEAVY_CPU_LOAD,289.48,88.94,82.59,HEAVY_CPU_LOAD,280.06,86.45,85.1,HEAVY_CPU_LOAD,280.71,83.94,83.22,HEAVY_CPU_LOAD,274.75,83.71,86.07,HEAVY_CPU_LOAD,278.74,89.71,85.27,HEAVY_CPU_LOAD,285.04,90.12,88.43,HEAVY_CPU_LOAD,290.3,85.34,83.04,HEAVY_CPU_LOAD,276.24,89.63,83.84,HEAVY_CPU_LOAD,282.8,86.76,84.98,HEAVY_CPU_LOAD,280.92,29.41,50.0,276.2,0.3,22.0,COOLING,0.3,22.0,COOLING,0.3,22.0,COOLING,0.3,22.0,COOLING,24.313,23.041,23.219,23.313,23.471,24.313,23.041,1.272,1125.0,563.78,566.54,563.72,255.0,255.0,340.0,340.0,213.29,309.66,374.88,303.81,-266.09,163.47,7.16,95.47,1050.0,1050.0,1050.0,1050.0,277.2,241.91,238.58,253.0,2819.04,1190.0,1201.64,4200.0,1010.69,1.0,0.0,0.937,1.0,22.5,TARGETED_WEST_COMPUTE_COOL,6.7456
3,Distributed Heavy Compute,0,406,4060.0,14,3,3,4,4,89.94,82.63,HEAVY_CPU_LOAD,281.37,85.73,83.67,HEAVY_CPU_LOAD,277.67,87.82,81.66,HEAVY_CPU_LOAD,277.26,87.66,87.65,HEAVY_CPU_LOAD,286.05,88.56,83.04,HEAVY_CPU_LOAD,280.26,85.98,87.7,HEAVY_CPU_LOAD,284.02,85.74,84.88,HEAVY_CPU_LOAD,279.5,86.93,84.86,HEAVY_CPU_LOAD,280.95,89.19,84.07,HEAVY_CPU_LOAD,282.59,84.57,82.24,HEAVY_CPU_LOAD,274.07,29.41,50.0,276.4,0.3,22.0,COOLING,0.3,22.0,COOLING,0.3,22.0,COOLING,0.3,22.0,COOLING,24.319,23.046,23.224,23.318,23.477,24.319,23.046,1.273,1122.35,564.28,560.45,556.66,255.0,255.0,340.0,340.0,213.24,309.68,374.96,303.84,-266.33,163.58,7.17,95.58,1050.0,1050.0,1050.0,1050.0,274.26,242.54,232.58,246.08,2803.74,1190.0,1201.72,4200.0,995.46,1.0,0.0,0.942,1.0,22.5,TARGETED_WEST_COMPUTE_COOL,6.7809
3,Distributed Heavy Compute,0,407,4070.0,14,3,3,4,4,83.61,87.71,HEAVY_CPU_LOAD,281.08,87.37,86.68,HEAVY_CPU_LOAD,284.23,84.67,81.82,HEAVY_CPU_LOAD,273.57,90.21,83.09,HEAVY_CPU_LOAD,282.4,89.36,82.63,HEAVY_CPU_LOAD,280.64,85.87,85.29,HEAVY_CPU_LOAD,280.27,84.14,88.06,HEAVY_CPU_LOAD,282.26,88.62,85.63,HEAVY_CPU_LOAD,284.22,85.6,87.36,HEAVY_CPU_LOAD,283.04,89.66,82.33,HEAVY_CPU_LOAD,280.57,29.41,50.0,276.5,0.3,22.0,COOLING,0.3,22.0,COOLING,0.3,22.0,COOLING,0.3,22.0,COOLING,24.325,23.051,23.229,23.323,23.482,24.325,23.051,1.274,1121.28,560.91,566.48,563.61,255.0,255.0,340.0,340.0,213.15,309.64,374.94,303.79,-266.56,163.69,7.19,95.69,1050.0,1050.0,1050.0,1050.0,272.87,239.24,238.61,253.09,2812.28,1190.0,1201.52,4200.0,1003.81,1.0,0.0,0.948,1.0,22.5,TARGETED_WEST_COMPUTE_COOL,6.8235
3,Distributed Heavy Compute,0,408,4080.0,14,3,3,4,4,90.15,81.95,HEAVY_CPU_LOAD,280.61,85.82,84.87,HEAVY_CPU_LOAD,279.58,85.36,83.47,HEAVY_CPU_LOAD,276.9,89.1,82.31,HEAVY_CPU_LOAD,279.84,86.14,86.54,HEAVY_CPU_LOAD,282.49,87.63,83.52,HEAVY_CPU_LOAD,279.82,87.87,85.26,HEAVY_CPU_LOAD,282.73,89.87,87.62,HEAVY_CPU_LOAD,288.77,84.19,83.98,HEAVY_CPU_LOAD,276.21,87.28,84.31,HEAVY_CPU_LOAD,280.57,29.42,50.0,276.7,0.3,22.0,COOLING,0.3,22.0,COOLING,0.3,22.0,COOLING,0.3,22.0,COOLING,24.33,23.056,23.234,23.328,23.487,24.33,23.056,1.274,1116.93,562.31,571.5,556.78,255.0,255.0,340.0,340.0,213.3,309.87,375.22,304.03,-266.8,163.8,7.2,95.8,1050.0,1050.0,1050.0,1050.0,268.43,240.98,243.92,246.61,2807.52,1190.0,1202.42,4200.0,999.94,1.0,0.0,0.954,1.0,22.5,TARGETED_WEST_COMPUTE_COOL,6.8517
3,Distributed Heavy Compute,0,409,4090.0,14,3,3,4,4,84.76,83.5,HEAVY_CPU_LOAD,276.2,85.53,83.36,HEAVY_CPU_LOAD,276.95,84.28,81.63,HEAVY_CPU_LOAD,272.79,90.16,88.02,HEAVY_CPU_LOAD,289.73,84.69,86.45,HEAVY_CPU_LOAD,280.54,83.72,85.2,HEAVY_CPU_LOAD,277.45,86.11,83.02,HEAVY_CPU_LOAD,277.17,86.91,82.09,HEAVY_CPU_LOAD,276.77,84.73,88.17,HEAVY_CPU_LOAD,283.17,89.46,86.63,HEAVY_CPU_LOAD,286.77,29.42,50.0,276.8,0.3,22.0,COOLING,0.3,22.0,COOLING,0.3,22.0,COOLING,0.3,22.0,COOLING,24.335,23.061,23.239,23.333,23.492,24.335,23.061,1.274,1115.67,557.99,553.94,569.94,255.0,255.0,340.0,340.0,213.24,309.83,375.2,303.98,-266.8,163.8,7.2,95.8,1050.0,1050.0,1050.0,1050.0,267.11,236.62,226.34,259.72,2797.54,1190.0,1202.25,4200.0,989.79,1.0,0.0,0.959,1.0,22.5,TARGETED_WEST_COMPUTE_COOL,6.8846
3,Distributed Heavy Compute,0,410,4100.0,14,3,3,4,4,84.46,85.12,HEAVY_CPU_LOAD,278.25,86.15,86.74,HEAVY_CPU_LOAD,282.8,85.95,88.03,HEAVY_CPU_LOAD,284.48,83.98,82.71,HEAVY_CPU_LOAD,274.04,88.42,85.92,HEAVY_CPU_LOAD,284.4,87.06,83.96,HEAVY_CPU_LOAD,279.76,85.6,85.91,HEAVY_CPU_LOAD,280.87,89.89,81.95,HEAVY_CPU_LOAD,280.29,89.02,85.84,HEAVY_CPU_LOAD,285.04,87.64,83.91,HEAVY_CPU_LOAD,280.42,29.42,50.0,276.9,0.3,22.0,COOLING,0.3,22.0,COOLING,0.3,22.0,COOLING,0.3,22.0,COOLING,24.341,23.066,23.244,23.338,23.497,24.341,23.066,1.275,1119.57,564.16,561.16,565.46,255.0,255.0,340.0,340.0,213.17,309.78,375.18,303.93,-266.8,163.8,7.2,95.8,1050.0,1050.0,1050.0,1050.0,270.94,242.74,233.54,255.19,2810.35,1190.0,1202.06,4200.0,1002.41,1.0,0.0,0.965,1.0,22.5,TARGETED_WEST_COMPUTE_COOL,6.9272
3,Distributed Heavy Compute,0,411,4110.0,14,3,3,4,4,88.71,82.86,HEAVY_CPU_LOAD,280.18,88.51,87.59,HEAVY_CPU_LOAD,287.02,86.06,82.43,HEAVY_CPU_LOAD,276.22,88.75,82.47,HEAVY_CPU_LOAD,279.64,88.06,85.3,HEAVY_CPU_LOAD,283.02,89.77,85.72,HEAVY_CPU_LOAD,285.79,88.49,83.54,HEAVY_CPU_LOAD,280.92,88.92,87.91,HEAVY_CPU_LOAD,288.01,84.63,83.9,HEAVY_CPU_LOAD,276.64,84.43,84.08,HEAVY_CPU_LOAD,276.66,29.43,50.0,277.1,0.3,22.0,COOLING,0.3,22.0,COOLING,0.3,22.0,COOLING,0.3,22.0,COOLING,24.347,23.071,23.249,23.343,23.503,24.347,23.071,1.276,1123.06,568.81,568.93,553.3,255.0,255.0,340.0,340.0,213.32,310.02,375.46,304.17,-267.04,163.91,7.22,95.91,1050.0,1050.0,1050.0,1050.0,274.34,247.74,241.61,243.38,2814.1,1190.0,1202.97,4200.0,1007.07,1.0,0.0,0.971,1.0,22.5,TARGETED_WEST_COMPUTE_COOL,6.9691
3,Distributed Heavy Compute,0,412,4120.0,14,3,3,4,4,86.49,83.71,HEAVY_CPU_LOAD,278.68,83.76,84.31,HEAVY_CPU_LOAD,276.17,85.21,86.72,HEAVY_CPU_LOAD,281.59,88.67,88.43,HEAVY_CPU_LOAD,288.48,88.98,87.98,HEAVY_CPU_LOAD,288.2,83.62,85.51,HEAVY_CPU_LOAD,277.79,90.13,84.95,HEAVY_CPU_LOAD,285.09,88.59,83.24,HEAVY_CPU_LOAD,280.6,88.64,81.93,HEAVY_CPU_LOAD,278.7,87.51,86.26,HEAVY_CPU_LOAD,283.78,29.43,50.0,277.2,0.3,22.0,COOLING,0.3,22.0,COOLING,0.3,22.0,COOLING,0.3,22.0,COOLING,24.353,23.076,23.254,23.348,23.508,24.353,23.076,1.277,1124.92,565.99,565.69,562.48,255.0,255.0,340.0,340.0,213.23,309.97,375.44,304.12,-267.27,164.02,7.23,96.02,1050.0,1050.0,1050.0,1050.0,275.88,244.98,238.36,252.62,2819.08,1190.0,1202.76,4200.0,1011.84,1.0,0.0,0.977,1.0,22.5,TARGETED_WEST_COMPUTE_COOL,7.014
3,Distributed Heavy Compute,0,413,4130.0,14,3,3,4,4,90.03,86.03,HEAVY_CPU_LOAD,286.58,88.17,86.31,HEAVY_CPU_LOAD,284.68,86.79,84.0,HEAVY_CPU_LOAD,279.49,88.98,84.69,HEAVY_CPU_LOAD,283.26,88.12,82.23,HEAVY_CPU_LOAD,278.5,83.55,87.55,HEAVY_CPU_LOAD,280.76,90.35,88.36,HEAVY_CPU_LOAD,290.48,88.33,86.66,HEAVY_CPU_LOAD,285.4,90.4,83.61,HEAVY_CPU_LOAD,283.41,88.57,85.38,HEAVY_CPU_LOAD,283.78,29.43,50.0,277.4,0.3,22.0,COOLING,0.3,22.0,COOLING,0.3,22.0,COOLING,0.3,22.0,COOLING,24.359,23.081,23.259,23.353,23.513,24.359,23.081,1.278,1134.01,559.26,575.88,567.19,255.0,255.0,340.0,340.0,213.18,309.99,375.5,304.14,-267.51,164.13,7.24,96.13,1050.0,1050.0,1050.0,1050.0,284.68,238.38,248.62,257.46,2836.34,1190.0,1202.81,4200.0,1029.14,1.0,0.0,0.984,1.0,22.5,TARGETED_WEST_COMPUTE_COOL,7.0692
3,Distributed Heavy Compute,0,414,4140.0,14,3,3,4,4,85.53,82.97,HEAVY_CPU_LOAD,276.37,88.97,83.22,HEAVY_CPU_LOAD,281.04,89.48,85.77,HEAVY_CPU_LOAD,285.5,84.59,87.76,HEAVY_CPU_LOAD,282.38,88.76,87.17,HEAVY_CPU_LOAD,286.7,88.75,85.67,HEAVY_CPU_LOAD,284.44,89.87,85.8,HEAVY_CPU_LOAD,286.04,86.29,84.4,HEAVY_CPU_LOAD,279.46,86.23,82.85,HEAVY_CPU_LOAD,277.06,90.33,83.31,HEAVY_CPU_LOAD,282.88,29.44,50.0,277.5,0.3,22.0,COOLING,0.3,22.0,COOLING,0.3,22.0,COOLING,0.3,22.0,COOLING,24.365,23.086,23.264,23.358,23.518,24.365,23.086,1.279,1125.29,571.14,565.5,559.94,255.0,255.0,340.0,340.0,213.3,310.16,375.7,304.31,-267.74,164.24,7.26,96.24,1050.0,1050.0,1050.0,1050.0,275.85,250.54,238.46,250.49,2821.87,1190.0,1203.47,4200.0,1015.34,1.0,0.0,0.988,1.0,22.5,TARGETED_WEST_COMPUTE_COOL,7.095
3,Distributed Heavy Compute,0,415,4150.0,14,3,3,4,4,86.92,83.44,HEAVY_CPU_LOAD,278.81,87.88,85.77,HEAVY_CPU_LOAD,283.5,85.73,87.15,HEAVY_CPU_LOAD,282.89,86.96,84.34,HEAVY_CPU_LOAD,280.21,84.7,82.98,HEAVY_CPU_LOAD,275.35,85.48,86.19,HEAVY_CPU_LOAD,281.13,87.42,82.6,HEAVY_CPU_LOAD,278.17,83.52,86.53,HEAVY_CPU_LOAD,279.19,84.55,82.21,HEAVY_CPU_LOAD,274.0,90.2,88.24,HEAVY_CPU_LOAD,290.11,29.44,50.0,277.6,0.3,22.0,COOLING,0.3,22.0,COOLING,0.3,22.0,COOLING,0.3,22.0,COOLING,24.371,23.091,23.269,23.363,23.523,24.371,23.091,1.28,1125.41,556.48,557.36,564.11,255.0,255.0,340.0,340.0,213.21,310.11,375.68,304.26,-267.97,164.35,7.28,96.35,1050.0,1050.0,1050.0,1050.0,275.65,235.94,230.32,254.72,2803.36,1190.0,1203.26,4200.0,996.63,1.0,0.0,0.994,1.0,22.5,TARGETED_WEST_COMPUTE_COOL,7.1422
3,Distributed Heavy Compute,0,416,4160.0,14,3,3,4,4,89.31,82.91,HEAVY_CPU_LOAD,281.0,89.0,87.95,HEAVY_CPU_LOAD,288.18,87.82,87.22,HEAVY_CPU_LOAD,285.6,84.21,86.11,HEAVY_CPU_LOAD,279.43,86.23,85.57,HEAVY_CPU_LOAD,281.14,89.9,82.92,HEAVY_CPU_LOAD,281.75,86.28,87.01,HEAVY_CPU_LOAD,283.37,84.48,85.29,HEAVY_CPU_LOAD,278.54,88.28,86.96,HEAVY_CPU_LOAD,285.79,89.31,87.12,HEAVY_CPU_LOAD,287.32,29.44,50.0,277.8,0.3,22.0,COOLING,0.3,22.0,COOLING,0.3,22.0,COOLING,0.3,22.0,COOLING,24.377,23.096,23.274,23.368,23.529,24.377,23.096,1.281,1134.21,562.89,561.91,573.11,255.0,255.0,340.0,340.0,213.15,310.12,375.75,304.28,-268.21,164.46,7.29,96.46,1050.0,1050.0,1050.0,1050.0,284.15,242.47,234.95,263.85,2832.12,1190.0,1203.3,4200.0,1025.42,1.0,0.0,1.0,1.0,22.5,TARGETED_WEST_COMPUTE_COOL,7.192
3,Distributed Heavy Compute,0,417,4170.0,14,3,3,4,4,85.83,86.05,HEAVY_CPU_LOAD,281.36,86.86,85.56,HEAVY_CPU_LOAD,281.91,88.64,86.92,HEAVY_CPU_LOAD,286.18,87.65,86.1,HEAVY_CPU_LOAD,283.71,88.71,87.92,HEAVY_CPU_LOAD,287.77,88.97,84.63,HEAVY_CPU_LOAD,283.16,84.14,83.09,HEAVY_CPU_LOAD,274.81,87.62,85.34,HEAVY_CPU_LOAD,282.54,86.0,84.28,HEAVY_CPU_LOAD,278.92,84.51,86.23,HEAVY_CPU_LOAD,279.98,29.45,50.0,277.9,0.3,22.0,COOLING,0.3,22.0,COOLING,0.3,22.0,COOLING,0.3,22.0,COOLING,24.383,23.101,23.279,23.373,23.534,24.383,23.101,1.282,1133.16,570.93,557.35,558.9,255.0,255.0,340.0,340.0,213.28,310.3,375.94,304.45,-268.44,164.57,7.3,96.57,1050.0,1050.0,1050.0,1050.0,283.0,250.8,230.59,249.92,2820.34,1190.0,1203.97,4200.0,1014.31,1.0,0.0,1.0,1.0,22.5,TARGETED_WEST_COMPUTE_COOL,7.2271
3,Distributed Heavy Compute,0,418,4180.0,14,3,3,4,4,85.21,87.42,HEAVY_CPU_LOAD,282.64,87.74,86.1,HEAVY_CPU_LOAD,283.83,90.3,86.63,HEAVY_CPU_LOAD,287.82,85.05,82.43,HEAVY_CPU_LOAD,274.96,88.88,83.33,HEAVY_CPU_LOAD,281.09,84.33,85.41,HEAVY_CPU_LOAD,278.53,84.55,82.72,HEAVY_CPU_LOAD,274.77,86.32,83.19,HEAVY_CPU_LOAD,277.68,86.82,86.77,HEAVY_CPU_LOAD,283.68,84.66,83.99,HEAVY_CPU_LOAD,276.81,29.45,50.0,278.1,0.3,22.0,COOLING,0.3,22.0,COOLING,0.3,22.0,COOLING,0.3,22.0,COOLING,24.389,23.106,23.284,23.378,23.539,24.389,23.106,1.283,1129.25,559.62,552.45,560.49,255.0,255.0,340.0,340.0,213.23,310.31,376.02,304.47,-268.68,164.68,7.32,96.68,1050.0,1050.0,1050.0,1050.0,278.8,239.61,225.79,251.64,2801.81,1190.0,1204.03,4200.0,995.84,1.0,0.0,1.0,1.0,22.5,TARGETED_WEST_COMPUTE_COOL,7.2699
3,Distributed Heavy Compute,0,419,4190.0,14,3,3,4,4,85.08,81.67,HEAVY_CPU_LOAD,273.86,83.74,81.75,HEAVY_CPU_LOAD,272.3,86.36,85.98,HEAVY_CPU_LOAD,281.92,83.51,86.92,HEAVY_CPU_LOAD,279.77,87.65,84.68,HEAVY_CPU_LOAD,281.58,84.96,84.61,HEAVY_CPU_LOAD,278.12,88.05,81.51,HEAVY_CPU_LOAD,277.33,87.44,82.82,HEAVY_CPU_LOAD,278.53,84.31,83.25,HEAVY_CPU_LOAD,275.26,88.0,87.65,HEAVY_CPU_LOAD,286.48,29.45,50.0,278.2,0.3,22.0,COOLING,0.3,22.0,COOLING,0.3,22.0,COOLING,0.3,22.0,COOLING,24.394,23.111,23.289,23.383,23.544,24.394,23.111,1.283,1107.85,559.7,555.86,561.74,255.0,255.0,340.0,340.0,213.14,310.28,375.99,304.43,-268.91,164.79,7.34,96.79,1050.0,1050.0,1050.0,1050.0,257.08,239.77,229.19,252.96,2785.15,1190.0,1203.84,4200.0,979.0,1.0,0.0,1.0,1.0,22.5,TARGETED_WEST_COMPUTE_COOL,7.2852
3,Distributed Heavy Compute,0,420,4200.0,14,3,3,4,4,86.14,88.17,HEAVY_CPU_LOAD,284.93,86.41,82.8,HEAVY_CPU_LOAD,277.21,85.19,85.49,HEAVY_CPU_LOAD,279.72,84.92,82.84,HEAVY_CPU_LOAD,275.41,85.14,81.73,HEAVY_CPU_LOAD,274.02,90.17,87.11,HEAVY_CPU_LOAD,288.38,85.84,81.54,HEAVY_CPU_LOAD,274.61,88.85,83.06,HEAVY_CPU_LOAD,280.65,88.37,81.6,HEAVY_CPU_LOAD,277.86,88.55,81.72,HEAVY_CPU_LOAD,278.27,29.46,50.0,278.3,0.3,22.0,COOLING,0.3,22.0,COOLING,0.3,22.0,COOLING,0.3,22.0,COOLING,24.399,23.116,23.294,23.388,23.549,24.399,23.116,1.283,1117.27,562.4,555.26,556.13,255.0,255.0,340.0,340.0,213.28,310.44,376.19,304.6,-268.91,164.79,7.33,96.79,1050.0,1050.0,1050.0,1050.0,266.64,242.63,228.78,247.52,2791.06,1190.0,1204.51,4200.0,985.57,1.0,0.0,1.0,1.0,22.5,TARGETED_WEST_COMPUTE_COOL,7.3275
3,Distributed Heavy Compute,0,421,4210.0,14,3,3,4,4,86.33,83.89,HEAVY_CPU_LOAD,278.75,84.36,84.77,HEAVY_CPU_LOAD,277.61,85.08,85.98,HEAVY_CPU_LOAD,280.32,87.13,86.57,HEAVY_CPU_LOAD,283.77,84.92,82.92,HEAVY_CPU_LOAD,275.53,90.32,87.58,HEAVY_CPU_LOAD,289.27,89.65,83.27,HEAVY_CPU_LOAD,281.97,89.53,87.41,HEAVY_CPU_LOAD,288.03,90.42,85.03,HEAVY_CPU_LOAD,285.57,90.08,88.34,HEAVY_CPU_LOAD,290.11,29.46,50.0,278.5,0.3,22.0,COOLING,0.3,22.0,COOLING,0.3,22.0,COOLING,0.3,22.0,COOLING,24.405,23.121,23.299,23.393,23.555,24.405,23.121,1.284,1120.45,564.8,570.0,575.68,255.0,255.0,340.0,340.0,213.25,310.46,376.26,304.61,-268.92,164.79,7.34,96.79,1050.0,1050.0,1050.0,1050.0,269.78,245.05,243.6,267.08,2830.93,1190.0,1204.58,4200.0,1025.51,1.0,0.0,1.0,1.0,22.5,TARGETED_WEST_COMPUTE_COOL,7.3786
3,Distributed Heavy Compute,0,422,4220.0,14,3,3,4,4,84.28,86.71,HEAVY_CPU_LOAD,280.41,83.63,82.47,HEAVY_CPU_LOAD,273.24,89.28,84.84,HEAVY_CPU_LOAD,283.86,88.16,83.02,HEAVY_CPU_LOAD,279.73,88.14,87.41,HEAVY_CPU_LOAD,286.29,87.7,82.32,HEAVY_CPU_LOAD,278.11,88.23,81.67,HEAVY_CPU_LOAD,277.79,89.49,85.22,HEAVY_CPU_LOAD,284.69,90.25,85.12,HEAVY_CPU_LOAD,285.49,88.99,83.34,HEAVY_CPU_LOAD,281.25,29.47,50.0,278.6,0.3,22.0,COOLING,0.3,22.0,COOLING,0.3,22.0,COOLING,0.3,22.0,COOLING,24.41,23.126,23.304,23.398,23.559,24.41,23.126,1.284,1117.24,564.4,562.48,566.74,255.0,255.0,340.0,340.0,213.37,310.62,376.45,304.78,-269.15,164.9,7.35,96.9,1050.0,1050.0,1050.0,1050.0,266.46,244.92,236.28,258.42,2810.86,1190.0,1205.22,4200.0,1006.08,1.0,0.0,1.0,1.0,22.5,TARGETED_WEST_COMPUTE_COOL,7.4086
3,Distributed Heavy Compute,0,423,4230.0,14,3,3,4,4,90.11,84.35,HEAVY_CPU_LOAD,284.16,89.62,83.21,HEAVY_CPU_LOAD,281.84,88.54,86.15,HEAVY_CPU_LOAD,284.9,85.8,86.19,HEAVY_CPU_LOAD,281.53,86.76,88.02,HEAVY_CPU_LOAD,285.48,85.0,87.06,HEAVY_CPU_LOAD,281.84,88.22,83.0,HEAVY_CPU_LOAD,279.77,84.78,83.88,HEAVY_CPU_LOAD,276.79,84.4,88.02,HEAVY_CPU_LOAD,282.53,84.9,85.29,HEAVY_CPU_LOAD,279.06,29.47,50.0,278.8,0.3,22.0,COOLING,0.3,22.0,COOLING,0.3,22.0,COOLING,0.3,22.0,COOLING,24.416,23.131,23.309,23.403,23.565,24.416,23.131,1.285,1132.43,567.32,556.56,561.59,255.0,255.0,340.0,340.0,213.34,310.65,376.52,304.8,-269.15,164.9,7.35,96.9,1050.0,1050.0,1050.0,1050.0,281.62,247.87,230.43,253.29,2817.9,1190.0,1205.31,4200.0,1013.21,1.0,0.0,1.0,1.0,22.5,TARGETED_WEST_COMPUTE_COOL,7.4638
3,Distributed Heavy Compute,0,424,4240.0,14,3,3,4,4,83.67,83.71,HEAVY_CPU_LOAD,275.15,88.46,82.46,HEAVY_CPU_LOAD,279.26,88.56,84.25,HEAVY_CPU_LOAD,282.07,84.39,84.6,HEAVY_CPU_LOAD,277.39,89.38,83.44,HEAVY_CPU_LOAD,281.88,85.42,84.65,HEAVY_CPU_LOAD,278.75,86.9,85.06,HEAVY_CPU_LOAD,281.22,85.94,88.39,HEAVY_CPU_LOAD,285.01,90.34,82.89,HEAVY_CPU_LOAD,282.26,88.91,87.57,HEAVY_CPU_LOAD,287.49,29.47,50.0,278.9,0.3,22.0,COOLING,0.3,22.0,COOLING,0.3,22.0,COOLING,0.3,22.0,COOLING,24.421,23.136,23.314,23.408,23.57,24.421,23.136,1.285,1113.87,560.63,566.23,569.75,255.0,255.0,340.0,340.0,213.25,310.6,376.5,304.75,-269.39,165.01,7.36,97.01,1050.0,1050.0,1050.0,1050.0,262.73,241.24,240.09,261.51,2810.48,1190.0,1205.1,4200.0,1005.57,1.0,0.0,1.0,1.0,22.5,TARGETED_WEST_COMPUTE_COOL,7.4877
3,Distributed Heavy Compute,0,425,4250.0,14,3,3,4,4,89.9,83.23,HEAVY_CPU_LOAD,282.22,87.05,87.48,HEAVY_CPU_LOAD,285.03,85.96,84.0,HEAVY_CPU_LOAD,278.45,89.65,84.6,HEAVY_CPU_LOAD,283.96,89.04,87.35,HEAVY_CPU_LOAD,287.32,88.94,83.24,HEAVY_CPU_LOAD,281.03,85.21,85.04,HEAVY_CPU_LOAD,279.07,89.76,85.63,HEAVY_CPU_LOAD,285.64,87.84,83.49,HEAVY_CPU_LOAD,280.04,89.13,82.43,HEAVY_CPU_LOAD,280.06,29.48,50.0,279.0,0.3,22.0,COOLING,0.3,22.0,COOLING,0.3,22.0,COOLING,0.3,22.0,COOLING,24.427,23.141,23.319,23.413,23.575,24.427,23.141,1.286,1129.66,568.35,564.71,560.1,255.0,255.0,340.0,340.0,213.39,310.78,376.69,304.93,-269.38,165.01,7.37,97.01,1050.0,1050.0,1050.0,1050.0,278.67,249.14,238.77,252.04,2822.82,1190.0,1205.79,4200.0,1018.62,1.0,0.0,1.0,1.0,22.5,TARGETED_WEST_COMPUTE_COOL,7.5423
3,Distributed Heavy Compute,0,426,4260.0,14,3,3,4,4,86.33,82.96,HEAVY_CPU_LOAD,277.35,85.88,85.68,HEAVY_CPU_LOAD,280.87,85.85,87.4,HEAVY_CPU_LOAD,283.41,85.42,87.93,HEAVY_CPU_LOAD,283.67,87.7,82.16,HEAVY_CPU_LOAD,277.87,90.01,87.4,HEAVY_CPU_LOAD,288.61,88.34,85.33,HEAVY_CPU_LOAD,283.42,87.46,84.16,HEAVY_CPU_LOAD,280.56,89.7,87.02,HEAVY_CPU_LOAD,287.65,89.48,82.29,HEAVY_CPU_LOAD,280.29,29.48,50.0,279.2,0.3,22.0,COOLING,0.3,22.0,COOLING,0.3,22.0,COOLING,0.3,22.0,COOLING,24.433,23.146,23.324,23.418,23.58,24.433,23.146,1.287,1125.3,566.48,563.98,567.94,255.0,255.0,340.0,340.0,213.34,310.79,376.76,304.94,-269.62,165.12,7.38,97.12,1050.0,1050.0,1050.0,1050.0,274.02,247.39,238.12,260.0,2823.7,1190.0,1205.83,4200.0,1019.53,1.0,0.0,1.0,1.0,22.5,TARGETED_WEST_COMPUTE_COOL,7.5842
3,Distributed Heavy Compute,0,427,4270.0,14,3,3,4,4,86.92,83.39,HEAVY_CPU_LOAD,278.73,89.76,83.94,HEAVY_CPU_LOAD,283.11,84.1,88.42,HEAVY_CPU_LOAD,282.75,84.21,85.78,HEAVY_CPU_LOAD,278.93,88.48,83.64,HEAVY_CPU_LOAD,281.06,90.5,86.96,HEAVY_CPU_LOAD,288.56,87.94,83.07,HEAVY_CPU_LOAD,279.53,87.67,87.06,HEAVY_CPU_LOAD,285.18,89.43,84.5,HEAVY_CPU_LOAD,283.54,87.62,85.28,HEAVY_CPU_LOAD,282.44,29.48,50.0,279.3,0.3,22.0,COOLING,0.3,22.0,COOLING,0.3,22.0,COOLING,0.3,22.0,COOLING,24.439,23.151,23.329,23.423,23.585,24.439,23.151,1.288,1123.52,569.62,564.71,565.98,255.0,255.0,340.0,340.0,213.25,310.74,376.74,304.89,-269.85,165.23,7.39,97.23,1050.0,1050.0,1050.0,1050.0,271.92,250.59,238.84,258.1,2823.83,1190.0,1205.62,4200.0,1019.45,1.0,0.0,1.0,1.0,22.5,TARGETED_WEST_COMPUTE_COOL,7.6254
3,Distributed Heavy Compute,0,428,4280.0,14,3,3,4,4,86.26,86.25,HEAVY_CPU_LOAD,282.2,88.14,87.84,HEAVY_CPU_LOAD,286.94,88.97,87.37,HEAVY_CPU_LOAD,287.27,84.86,88.2,HEAVY_CPU_LOAD,283.38,86.47,83.01,HEAVY_CPU_LOAD,277.6,85.81,84.52,HEAVY_CPU_LOAD,279.04,87.51,82.25,HEAVY_CPU_LOAD,277.76,84.42,85.0,HEAVY_CPU_LOAD,278.02,88.5,85.55,HEAVY_CPU_LOAD,283.95,88.45,83.24,HEAVY_CPU_LOAD,280.42,29.49,50.0,279.4,0.3,22.0,COOLING,0.3,22.0,COOLING,0.3,22.0,COOLING,0.3,22.0,COOLING,24.445,23.156,23.334,23.428,23.591,24.445,23.156,1.289,1139.79,556.64,555.78,564.37,255.0,255.0,340.0,340.0,213.37,310.91,376.93,305.06,-270.09,165.34,7.41,97.34,1050.0,1050.0,1050.0,1050.0,288.07,237.89,230.12,256.77,2816.58,1190.0,1206.27,4200.0,1012.85,1.0,0.0,1.0,1.0,22.5,TARGETED_WEST_COMPUTE_COOL,7.6892
3,Distributed Heavy Compute,0,429,4290.0,14,3,3,4,4,84.08,81.9,HEAVY_CPU_LOAD,272.95,87.55,83.0,HEAVY_CPU_LOAD,278.94,88.1,88.07,HEAVY_CPU_LOAD,287.23,85.65,83.14,HEAVY_CPU_LOAD,276.77,86.75,81.79,HEAVY_CPU_LOAD,276.12,87.71,83.74,HEAVY_CPU_LOAD,280.25,85.15,88.45,HEAVY_CPU_LOAD,284.11,87.82,84.78,HEAVY_CPU_LOAD,281.94,89.07,83.21,HEAVY_CPU_LOAD,281.15,83.59,86.41,HEAVY_CPU_LOAD,279.1,29.49,50.0,279.6,0.3,22.0,COOLING,0.3,22.0,COOLING,0.3,22.0,COOLING,0.3,22.0,COOLING,24.45,23.161,23.339,23.433,23.596,24.45,23.161,1.289,1115.89,556.37,566.05,560.25,255.0,255.0,340.0,340.0,213.32,310.93,377.0,305.08,-270.33,165.45,7.43,97.45,1050.0,1050.0,1050.0,1050.0,263.88,237.75,240.48,252.78,2798.56,1190.0,1206.33,4200.0,994.89,1.0,0.0,1.0,1.0,22.5,TARGETED_WEST_COMPUTE_COOL,7.7044
3,Distributed Heavy Compute,0,430,4300.0,14,3,3,4,4,88.64,88.34,HEAVY_CPU_LOAD,288.31,85.88,82.31,HEAVY_CPU_LOAD,275.81,89.91,88.48,HEAVY_CPU_LOAD,290.11,87.62,84.34,HEAVY_CPU_LOAD,281.04,89.02,86.74,HEAVY_CPU_LOAD,286.38,84.25,82.71,HEAVY_CPU_LOAD,274.38,88.14,84.77,HEAVY_CPU_LOAD,282.33,85.63,82.51,HEAVY_CPU_LOAD,275.8,88.0,83.1,HEAVY_CPU_LOAD,279.65,85.0,86.23,HEAVY_CPU_LOAD,280.6,29.49,50.0,279.7,0.3,22.0,COOLING,0.3,22.0,COOLING,0.3,22.0,COOLING,0.3,22.0,COOLING,24.456,23.166,23.344,23.438,23.601,24.456,23.166,1.29,1135.27,560.76,558.13,560.25,255.0,255.0,340.0,340.0,213.25,310.88,376.99,305.04,-270.32,165.45,7.43,97.45,1050.0,1050.0,1050.0,1050.0,283.2,242.09,232.55,252.74,2814.41,1190.0,1206.16,4200.0,1010.58,1.0,0.0,1.0,1.0,22.5,TARGETED_WEST_COMPUTE_COOL,7.7652
3,Distributed Heavy Compute,0,431,4310.0,14,3,3,4,4,85.0,86.49,HEAVY_CPU_LOAD,280.99,89.11,85.85,HEAVY_CPU_LOAD,285.16,83.8,84.07,HEAVY_CPU_LOAD,275.86,86.6,84.72,HEAVY_CPU_LOAD,280.33,88.26,82.02,HEAVY_CPU_LOAD,278.35,90.17,88.44,HEAVY_CPU_LOAD,290.37,89.37,84.59,HEAVY_CPU_LOAD,283.6,85.59,82.77,HEAVY_CPU_LOAD,276.14,87.94,87.14,HEAVY_CPU_LOAD,285.63,87.21,82.81,HEAVY_CPU_LOAD,278.23,29.5,50.0,279.9,0.3,22.0,COOLING,0.3,22.0,COOLING,0.3,22.0,COOLING,0.3,22.0,COOLING,24.462,23.171,23.349,23.443,23.606,24.462,23.171,1.291,1122.34,568.72,559.74,563.86,255.0,255.0,340.0,340.0,213.41,311.12,377.26,305.27,-270.56,165.56,7.44,97.56,1050.0,1050.0,1050.0,1050.0,270.19,250.4,234.44,256.69,2814.66,1190.0,1207.06,4200.0,1011.72,1.0,0.0,1.0,1.0,22.5,TARGETED_WEST_COMPUTE_COOL,7.7959
3,Distributed Heavy Compute,0,432,4320.0,14,3,3,4,4,87.21,86.88,HEAVY_CPU_LOAD,284.33,85.97,83.09,HEAVY_CPU_LOAD,277.1,88.39,87.61,HEAVY_CPU_LOAD,286.9,85.01,84.3,HEAVY_CPU_LOAD,277.71,84.52,85.96,HEAVY_CPU_LOAD,279.59,86.38,82.89,HEAVY_CPU_LOAD,277.31,88.99,85.67,HEAVY_CPU_LOAD,284.74,90.27,86.62,HEAVY_CPU_LOAD,287.77,89.4,88.29,HEAVY_CPU_LOAD,289.19,84.04,82.59,HEAVY_CPU_LOAD,273.94,29.5,50.0,280.0,0.3,22.0,COOLING,0.3,22.0,COOLING,0.3,22.0,COOLING,0.3,22.0,COOLING,24.468,23.176,23.354,23.448,23.611,24.468,23.176,1.292,1126.04,556.9,572.51,563.13,255.0,255.0,340.0,340.0,213.32,311.07,377.25,305.23,-270.79,165.67,7.46,97.67,1050.0,1050.0,1050.0,1050.0,273.57,238.64,247.22,256.03,2818.58,1190.0,1206.87,4200.0,1015.46,1.0,0.0,1.0,1.0,22.5,TARGETED_WEST_COMPUTE_COOL,7.852
3,Distributed Heavy Compute,0,433,4330.0,14,3,3,4,4,88.71,85.63,HEAVY_CPU_LOAD,284.33,87.03,87.98,HEAVY_CPU_LOAD,285.76,89.61,81.54,HEAVY_CPU_LOAD,279.32,90.32,84.82,HEAVY_CPU_LOAD,285.13,88.45,88.48,HEAVY_CPU_LOAD,288.28,88.59,81.6,HEAVY_CPU_LOAD,278.14,85.76,82.89,HEAVY_CPU_LOAD,276.53,86.38,86.78,HEAVY_CPU_LOAD,283.14,84.54,84.28,HEAVY_CPU_LOAD,277.1,85.49,84.66,HEAVY_CPU_LOAD,278.85,29.5,50.0,280.1,0.3,22.0,COOLING,0.3,22.0,COOLING,0.3,22.0,COOLING,0.3,22.0,COOLING,24.474,23.181,23.359,23.453,23.617,24.474,23.181,1.293,1134.54,566.42,559.67,555.95,255.0,255.0,340.0,340.0,213.23,311.03,377.23,305.18,-271.03,165.78,7.47,97.78,1050.0,1050.0,1050.0,1050.0,281.74,248.23,234.37,248.91,2816.58,1190.0,1206.67,4200.0,1013.25,1.0,0.0,1.0,1.0,22.5,TARGETED_WEST_COMPUTE_COOL,7.8985
3,Distributed Heavy Compute,0,434,4340.0,14,3,3,4,4,85.16,84.31,HEAVY_CPU_LOAD,277.92,89.48,87.56,HEAVY_CPU_LOAD,288.19,84.52,87.7,HEAVY_CPU_LOAD,282.2,86.87,86.19,HEAVY_CPU_LOAD,282.87,86.4,87.42,HEAVY_CPU_LOAD,284.13,86.01,87.77,HEAVY_CPU_LOAD,284.17,89.71,81.62,HEAVY_CPU_LOAD,279.57,87.5,84.45,HEAVY_CPU_LOAD,281.05,88.59,84.89,HEAVY_CPU_LOAD,283.07,89.77,86.13,HEAVY_CPU_LOAD,286.41,29.51,50.0,280.3,0.3,22.0,COOLING,0.3,22.0,COOLING,0.3,22.0,COOLING,0.3,22.0,COOLING,24.48,23.186,23.364,23.458,23.622,24.48,23.186,1.294,1131.18,568.3,560.62,569.48,255.0,255.0,340.0,340.0,213.38,311.26,377.51,305.42,-271.26,165.89,7.48,97.89,1050.0,1050.0,1050.0,1050.0,278.3,250.45,235.61,262.79,2829.58,1190.0,1207.57,4200.0,1027.15,1.0,0.0,1.0,1.0,22.5,TARGETED_WEST_COMPUTE_COOL,7.9431
3,Distributed Heavy Compute,0,435,4350.0,14,3,3,4,4,90.05,83.35,HEAVY_CPU_LOAD,282.59,85.29,81.88,HEAVY_CPU_LOAD,274.43,89.34,84.66,HEAVY_CPU_LOAD,283.67,85.39,83.9,HEAVY_CPU_LOAD,277.59,88.92,83.57,HEAVY_CPU_LOAD,281.5,85.68,82.13,HEAVY_CPU_LOAD,275.3,88.91,82.89,HEAVY_CPU_LOAD,280.47,85.69,87.72,HEAVY_CPU_LOAD,283.69,85.78,86.9,HEAVY_CPU_LOAD,282.58,86.45,83.81,HEAVY_CPU_LOAD,278.78,29.51,50.0,280.4,0.3,22.0,COOLING,0.3,22.0,COOLING,0.3,22.0,COOLING,0.3,22.0,COOLING,24.485,23.191,23.369,23.463,23.627,24.485,23.191,1.294,1118.28,556.8,564.16,561.36,255.0,255.0,340.0,340.0,213.3,311.22,377.49,305.37,-271.5,166.0,7.5,98.0,1050.0,1050.0,1050.0,1050.0,265.08,239.02,239.15,254.73,2800.6,1190.0,1207.38,4200.0,997.98,1.0,0.0,1.0,1.0,22.5,TARGETED_WEST_COMPUTE_COOL,7.9726
3,Distributed Heavy Compute,0,436,4360.0,14,3,3,4,4,83.65,82.8,HEAVY_CPU_LOAD,273.76,87.16,81.86,HEAVY_CPU_LOAD,276.74,86.43,84.23,HEAVY_CPU_LOAD,279.38,83.56,82.24,HEAVY_CPU_LOAD,272.81,89.63,83.27,HEAVY_CPU_LOAD,281.94,85.72,87.13,HEAVY_CPU_LOAD,282.84,90.15,85.31,HEAVY_CPU_LOAD,285.65,89.65,86.39,HEAVY_CPU_LOAD,286.65,88.49,85.72,HEAVY_CPU_LOAD,284.19,85.12,82.0,HEAVY_CPU_LOAD,274.4,29.51,50.0,280.6,0.3,22.0,COOLING,0.3,22.0,COOLING,0.3,22.0,COOLING,0.3,22.0,COOLING,24.49,23.196,23.374,23.468,23.632,24.49,23.196,1.294,1102.69,564.78,572.3,558.59,255.0,255.0,340.0,340.0,213.26,311.24,377.55,305.39,-271.5,166.0,7.5,98.0,1050.0,1050.0,1050.0,1050.0,249.45,247.02,247.35,251.98,2798.36,1190.0,1207.44,4200.0,995.8,1.0,0.0,1.0,1.0,22.5,TARGETED_WEST_COMPUTE_COOL,7.9939
3,Distributed Heavy Compute,0,437,4370.0,14,3,3,4,4,89.26,86.24,HEAVY_CPU_LOAD,285.93,87.77,81.89,HEAVY_CPU_LOAD,277.55,85.53,86.43,HEAVY_CPU_LOAD,281.56,89.9,87.62,HEAVY_CPU_LOAD,288.81,87.79,87.97,HEAVY_CPU_LOAD,286.69,86.54,88.1,HEAVY_CPU_LOAD,285.32,85.43,84.21,HEAVY_CPU_LOAD,278.1,87.79,85.43,HEAVY_CPU_LOAD,282.88,84.35,85.91,HEAVY_CPU_LOAD,279.3,88.56,86.01,HEAVY_CPU_LOAD,284.72,29.52,50.0,280.7,0.3,22.0,COOLING,0.3,22.0,COOLING,0.3,22.0,COOLING,0.3,22.0,COOLING,24.496,23.201,23.379,23.473,23.637,24.496,23.201,1.295,1133.85,572.01,560.98,564.02,255.0,255.0,340.0,340.0,213.41,311.41,377.75,305.56,-271.5,166.0,7.5,98.0,1050.0,1050.0,1050.0,1050.0,280.76,254.42,236.23,257.58,2830.86,1190.0,1208.13,4200.0,1028.99,1.0,0.0,1.0,1.0,22.5,TARGETED_WEST_COMPUTE_COOL,8.0674
3,Distributed Heavy Compute,0,438,4380.0,14,3,3,4,4,86.59,83.3,HEAVY_CPU_LOAD,278.19,85.8,86.05,HEAVY_CPU_LOAD,281.32,87.67,81.59,HEAVY_CPU_LOAD,276.97,90.01,84.8,HEAVY_CPU_LOAD,284.71,84.04,87.36,HEAVY_CPU_LOAD,281.09,90.1,85.75,HEAVY_CPU_LOAD,286.25,88.45,88.03,HEAVY_CPU_LOAD,287.61,88.41,87.5,HEAVY_CPU_LOAD,286.76,86.25,88.18,HEAVY_CPU_LOAD,285.08,86.25,87.22,HEAVY_CPU_LOAD,283.64,29.52,50.0,280.8,0.3,22.0,COOLING,0.3,22.0,COOLING,0.3,22.0,COOLING,0.3,22.0,COOLING,24.501,23.206,23.384,23.478,23.642,24.501,23.206,1.295,1121.19,567.34,574.37,568.72,255.0,255.0,340.0,340.0,213.32,311.36,377.73,305.51,-271.73,166.11,7.51,98.11,1050.0,1050.0,1050.0,1050.0,267.78,249.81,249.61,262.34,2831.62,1190.0,1207.92,4200.0,1029.54,1.0,0.0,1.0,1.0,22.5,TARGETED_WEST_COMPUTE_COOL,8.0991
3,Distributed Heavy Compute,0,439,4390.0,14,3,3,4,4,88.89,85.74,HEAVY_CPU_LOAD,284.72,88.69,85.81,HEAVY_CPU_LOAD,284.58,90.31,85.73,HEAVY_CPU_LOAD,286.48,90.41,82.51,HEAVY_CPU_LOAD,281.78,85.04,82.93,HEAVY_CPU_LOAD,275.7,85.16,85.93,HEAVY_CPU_LOAD,280.35,88.88,81.86,HEAVY_CPU_LOAD,278.89,90.32,84.8,HEAVY_CPU_LOAD,285.1,84.1,82.6,HEAVY_CPU_LOAD,274.02,84.97,81.64,HEAVY_CPU_LOAD,273.67,29.52,50.0,281.0,0.3,22.0,COOLING,0.3,22.0,COOLING,0.3,22.0,COOLING,0.3,22.0,COOLING,24.507,23.211,23.389,23.483,23.648,24.507,23.211,1.296,1137.56,556.05,563.99,547.69,255.0,255.0,340.0,340.0,213.29,311.37,377.79,305.52,-271.74,166.11,7.52,98.11,1050.0,1050.0,1050.0,1050.0,284.11,238.53,239.3,241.32,2805.29,1190.0,1207.97,4200.0,1003.26,1.0,0.0,1.0,1.0,22.5,TARGETED_WEST_COMPUTE_COOL,8.1612
3,Distributed Heavy Compute,0,440,4400.0,14,3,3,4,4,87.22,84.79,HEAVY_CPU_LOAD,281.21,87.12,84.18,HEAVY_CPU_LOAD,280.17,88.53,83.84,HEAVY_CPU_LOAD,281.42,89.85,82.22,HEAVY_CPU_LOAD,280.64,89.27,83.48,HEAVY_CPU_LOAD,281.81,85.91,82.73,HEAVY_CPU_LOAD,276.48,88.1,83.77,HEAVY_CPU_LOAD,280.78,88.56,83.44,HEAVY_CPU_LOAD,280.86,83.83,86.94,HEAVY_CPU_LOAD,280.2,85.48,84.25,HEAVY_CPU_LOAD,278.23,29.53,50.0,281.1,0.3,22.0,COOLING,0.3,22.0,COOLING,0.3,22.0,COOLING,0.3,22.0,COOLING,24.513,23.216,23.394,23.488,23.653,24.513,23.216,1.297,1123.44,558.29,561.64,558.43,255.0,255.0,340.0,340.0,213.4,311.55,377.99,305.7,-271.97,166.22,7.53,98.22,1050.0,1050.0,1050.0,1050.0,269.87,241.06,237.16,252.35,2801.8,1190.0,1208.64,4200.0,1000.44,1.0,0.0,1.0,1.0,22.5,TARGETED_WEST_COMPUTE_COOL,8.1953
3,Distributed Heavy Compute,0,441,4410.0,14,3,3,4,4,85.06,83.2,HEAVY_CPU_LOAD,276.12,84.44,82.56,HEAVY_CPU_LOAD,274.39,89.93,86.12,HEAVY_CPU_LOAD,286.59,85.55,87.61,HEAVY_CPU_LOAD,283.35,87.7,84.17,HEAVY_CPU_LOAD,280.88,90.42,88.17,HEAVY_CPU_LOAD,290.28,89.88,85.81,HEAVY_CPU_LOAD,286.06,87.39,83.34,HEAVY_CPU_LOAD,279.25,86.72,84.21,HEAVY_CPU_LOAD,279.71,86.1,85.44,HEAVY_CPU_LOAD,280.78,29.53,50.0,281.2,0.3,22.0,COOLING,0.3,22.0,COOLING,0.3,22.0,COOLING,0.3,22.0,COOLING,24.518,23.221,23.399,23.493,23.658,24.518,23.221,1.297,1120.45,571.16,565.31,560.49,255.0,255.0,340.0,340.0,213.32,311.5,377.97,305.65,-272.21,166.33,7.55,98.33,1050.0,1050.0,1050.0,1050.0,266.56,253.99,240.83,254.47,2817.41,1190.0,1208.44,4200.0,1015.85,1.0,0.0,1.0,1.0,22.5,TARGETED_WEST_COMPUTE_COOL,8.2277
3,Distributed Heavy Compute,0,442,4420.0,14,3,3,4,4,87.52,82.46,HEAVY_CPU_LOAD,278.09,87.11,85.57,HEAVY_CPU_LOAD,282.24,85.06,86.51,HEAVY_CPU_LOAD,281.09,87.14,85.14,HEAVY_CPU_LOAD,281.63,85.29,82.61,HEAVY_CPU_LOAD,275.53,86.09,85.15,HEAVY_CPU_LOAD,280.34,84.81,84.47,HEAVY_CPU_LOAD,277.72,89.85,86.4,HEAVY_CPU_LOAD,286.91,84.8,85.5,HEAVY_CPU_LOAD,279.25,83.68,84.3,HEAVY_CPU_LOAD,276.05,29.53,50.0,281.4,0.3,22.0,COOLING,0.3,22.0,COOLING,0.3,22.0,COOLING,0.3,22.0,COOLING,24.523,23.226,23.404,23.498,23.663,24.523,23.226,1.297,1123.05,555.87,564.63,555.3,255.0,255.0,340.0,340.0,213.28,311.52,378.04,305.68,-272.21,166.33,7.54,98.33,1050.0,1050.0,1050.0,1050.0,269.12,238.72,240.21,249.31,2798.85,1190.0,1208.52,4200.0,997.36,1.0,0.0,1.0,1.0,22.5,TARGETED_WEST_COMPUTE_COOL,8.2751
3,Distributed Heavy Compute,0,443,4430.0,14,3,3,4,4,83.81,81.69,HEAVY_CPU_LOAD,272.3,84.37,85.18,HEAVY_CPU_LOAD,278.23,85.54,86.03,HEAVY_CPU_LOAD,280.97,90.31,86.83,HEAVY_CPU_LOAD,288.13,89.0,82.02,HEAVY_CPU_LOAD,279.28,84.15,87.03,HEAVY_CPU_LOAD,280.73,84.79,86.99,HEAVY_CPU_LOAD,281.47,86.02,88.39,HEAVY_CPU_LOAD,285.11,86.38,84.87,HEAVY_CPU_LOAD,280.28,86.09,85.86,HEAVY_CPU_LOAD,281.4,29.54,50.0,281.5,0.3,22.0,COOLING,0.3,22.0,COOLING,0.3,22.0,COOLING,0.3,22.0,COOLING,24.528,23.231,23.409,23.503,23.668,24.528,23.231,1.297,1119.63,560.01,566.58,561.68,255.0,255.0,340.0,340.0,213.43,311.69,378.23,305.84,-272.2,166.33,7.55,98.33,1050.0,1050.0,1050.0,1050.0,265.86,243.03,242.36,255.85,2807.9,1190.0,1209.19,4200.0,1007.1,1.0,0.0,1.0,1.0,22.5,TARGETED_WEST_COMPUTE_COOL,8.312
3,Distributed Heavy Compute,0,444,4440.0,14,3,3,4,4,85.63,84.33,HEAVY_CPU_LOAD,278.53,88.32,81.87,HEAVY_CPU_LOAD,278.2,86.17,81.54,HEAVY_CPU_LOAD,275.02,89.53,84.72,HEAVY_CPU_LOAD,283.99,84.53,87.27,HEAVY_CPU_LOAD,281.57,86.49,88.46,HEAVY_CPU_LOAD,285.8,84.32,84.71,HEAVY_CPU_LOAD,277.46,89.97,83.37,HEAVY_CPU_LOAD,282.52,89.74,87.39,HEAVY_CPU_LOAD,288.26,85.28,81.83,HEAVY_CPU_LOAD,274.35,29.54,50.0,281.7,0.3,22.0,COOLING,0.3,22.0,COOLING,0.3,22.0,COOLING,0.3,22.0,COOLING,24.533,23.236,23.414,23.508,23.673,24.533,23.236,1.297,1115.74,567.37,559.98,562.61,255.0,255.0,340.0,340.0,213.4,311.7,378.31,305.86,-272.2,166.33,7.55,98.33,1050.0,1050.0,1050.0,1050.0,261.94,250.4,235.84,256.8,2805.7,1190.0,1209.27,4200.0,1004.98,1.0,0.0,1.0,1.0,22.5,TARGETED_WEST_COMPUTE_COOL,8.3444
3,Distributed Heavy Compute,0,445,4450.0,14,3,3,4,4,86.96,83.08,HEAVY_CPU_LOAD,278.32,85.65,87.37,HEAVY_CPU_LOAD,283.12,90.06,85.14,HEAVY_CPU_LOAD,285.28,85.21,87.96,HEAVY_CPU_LOAD,283.45,84.7,88.01,HEAVY_CPU_LOAD,282.89,89.09,83.19,HEAVY_CPU_LOAD,281.15,88.88,83.48,HEAVY_CPU_LOAD,281.32,86.97,88.27,HEAVY_CPU_LOAD,286.12,84.24,87.16,HEAVY_CPU_LOAD,281.04,83.78,86.52,HEAVY_CPU_LOAD,279.5,29.55,50.0,281.8,0.3,22.0,COOLING,0.3,22.0,COOLING,0.3,22.0,COOLING,0.3,22.0,COOLING,24.539,23.241,23.419,23.513,23.678,24.539,23.241,1.298,1130.17,564.04,567.44,560.54,255.0,255.0,340.0,340.0,213.54,311.87,378.49,306.02,-272.21,166.33,7.54,98.33,1050.0,1050.0,1050.0,1050.0,276.5,247.24,243.47,254.89,2822.19,1190.0,1209.92,4200.0,1022.1,1.0,0.0,1.0,1.0,22.5,TARGETED_WEST_COMPUTE_COOL,8.4099
3,Distributed Heavy Compute,0,446,4460.0,14,3,3,4,4,85.87,84.44,HEAVY_CPU_LOAD,279.0,86.33,84.1,HEAVY_CPU_LOAD,279.06,90.0,86.97,HEAVY_CPU_LOAD,287.96,84.21,82.87,HEAVY_CPU_LOAD,274.57,88.12,81.99,HEAVY_CPU_LOAD,278.13,86.9,85.92,HEAVY_CPU_LOAD,282.5,86.96,86.79,HEAVY_CPU_LOAD,283.88,89.65,84.7,HEAVY_CPU_LOAD,284.11,84.31,85.73,HEAVY_CPU_LOAD,278.98,87.22,86.61,HEAVY_CPU_LOAD,283.94,29.55,50.0,281.9,0.3,22.0,COOLING,0.3,22.0,COOLING,0.3,22.0,COOLING,0.3,22.0,COOLING,24.544,23.246,23.424,23.518,23.683,24.544,23.246,1.298,1120.59,560.63,567.99,562.92,255.0,255.0,340.0,340.0,213.45,311.83,378.48,305.99,-272.44,166.44,7.56,98.44,1050.0,1050.0,1050.0,1050.0,266.6,243.9,244.03,257.35,2812.13,1190.0,1209.75,4200.0,1011.88,1.0,0.0,1.0,1.0,22.5,TARGETED_WEST_COMPUTE_COOL,8.4427
3,Distributed Heavy Compute,0,447,4470.0,14,3,3,4,4,89.48,85.66,HEAVY_CPU_LOAD,285.34,90.26,86.73,HEAVY_CPU_LOAD,287.92,87.32,87.02,HEAVY_CPU_LOAD,284.68,84.23,85.13,HEAVY_CPU_LOAD,277.98,87.82,84.47,HEAVY_CPU_LOAD,281.48,88.0,85.83,HEAVY_CPU_LOAD,283.75,85.25,87.82,HEAVY_CPU_LOAD,283.29,87.13,86.25,HEAVY_CPU_LOAD,283.29,83.84,86.38,HEAVY_CPU_LOAD,279.37,88.34,87.55,HEAVY_CPU_LOAD,286.75,29.55,50.0,282.1,0.3,22.0,COOLING,0.3,22.0,COOLING,0.3,22.0,COOLING,0.3,22.0,COOLING,24.55,23.251,23.429,23.523,23.688,24.55,23.251,1.299,1135.92,565.23,566.58,566.12,255.0,255.0,340.0,340.0,213.42,311.85,378.55,306.0,-272.44,166.44,7.56,98.44,1050.0,1050.0,1050.0,1050.0,281.9,248.52,242.69,260.56,2833.85,1190.0,1209.82,4200.0,1033.67,1.0,0.0,1.0,1.0,22.5,TARGETED_WEST_COMPUTE_COOL,8.5056
3,Distributed Heavy Compute,0,448,4480.0,14,3,3,4,4,89.4,83.79,HEAVY_CPU_LOAD,282.44,84.18,88.04,HEAVY_CPU_LOAD,282.29,85.12,86.17,HEAVY_CPU_LOAD,280.65,86.19,82.75,HEAVY_CPU_LOAD,276.86,85.79,88.05,HEAVY_CPU_LOAD,284.31,83.93,86.68,HEAVY_CPU_LOAD,279.93,85.16,86.04,HEAVY_CPU_LOAD,280.51,89.37,82.16,HEAVY_CPU_LOAD,279.95,88.66,84.57,HEAVY_CPU_LOAD,282.68,83.79,81.76,HEAVY_CPU_LOAD,272.38,29.56,50.0,282.2,0.3,22.0,COOLING,0.3,22.0,COOLING,0.3,22.0,COOLING,0.3,22.0,COOLING,24.555,23.256,23.434,23.528,23.693,24.555,23.256,1.299,1122.24,564.24,560.46,555.06,255.0,255.0,340.0,340.0,213.54,312.02,378.74,306.18,-272.68,166.55,7.58,98.55,1050.0,1050.0,1050.0,1050.0,268.1,247.81,236.78,249.79,2802.0,1190.0,1210.48,4200.0,1002.48,1.0,0.0,1.0,1.0,22.5,TARGETED_WEST_COMPUTE_COOL,8.53
3,Distributed Heavy Compute,0,449,4490.0,14,3,3,4,4,90.09,82.03,HEAVY_CPU_LOAD,280.66,89.69,86.71,HEAVY_CPU_LOAD,287.18,87.38,82.55,HEAVY_CPU_LOAD,278.05,88.55,87.06,HEAVY_CPU_LOAD,286.28,87.78,84.55,HEAVY_CPU_LOAD,281.55,88.98,82.25,HEAVY_CPU_LOAD,279.6,83.71,83.59,HEAVY_CPU_LOAD,275.02,85.83,82.03,HEAVY_CPU_LOAD,275.33,89.22,83.87,HEAVY_CPU_LOAD,282.33,87.59,82.24,HEAVY_CPU_LOAD,277.85,29.56,50.0,282.4,0.3,22.0,COOLING,0.3,22.0,COOLING,0.3,22.0,COOLING,0.3,22.0,COOLING,24.561,23.261,23.439,23.533,23.698,24.561,23.261,1.3,1132.17,561.15,550.35,560.18,255.0,255.0,340.0,340.0,213.51,312.04,378.81,306.19,-272.68,166.55,7.57,98.55,1050.0,1050.0,1050.0,1050.0,278.0,244.74,226.73,254.92,2803.85,1190.0,1210.55,4200.0,1004.39,1.0,0.0,1.0,1.0,22.5,TARGETED_WEST_COMPUTE_COOL,8.5894
3,Distributed Heavy Compute,0,450,4500.0,14,3,3,4,4,86.19,82.73,HEAVY_CPU_LOAD,276.83,89.24,85.16,HEAVY_CPU_LOAD,284.29,84.7,87.66,HEAVY_CPU_LOAD,282.37,87.33,83.04,HEAVY_CPU_LOAD,278.72,85.8,82.1,HEAVY_CPU_LOAD,275.4,84.93,83.92,HEAVY_CPU_LOAD,277.04,89.58,84.19,HEAVY_CPU_LOAD,283.26,83.68,84.76,HEAVY_CPU_LOAD,276.74,88.82,84.66,HEAVY_CPU_LOAD,283.01,85.94,87.33,HEAVY_CPU_LOAD,283.42,29.56,50.0,282.5,0.3,22.0,COOLING,0.3,22.0,COOLING,0.3,22.0,COOLING,0.3,22.0,COOLING,24.566,23.266,23.444,23.538,23.703,24.566,23.266,1.3,1122.21,552.44,560.0,566.43,255.0,255.0,340.0,340.0,213.42,311.99,378.79,306.14,-272.91,166.66,7.59,98.66,1050.0,1050.0,1050.0,1050.0,267.72,236.09,236.38,261.23,2801.08,1190.0,1210.34,4200.0,1001.42,1.0,0.0,1.0,1.0,22.5,TARGETED_WEST_COMPUTE_COOL,8.6273
3,Distributed Heavy Compute,0,451,4510.0,14,3,3,4,4,85.4,81.79,HEAVY_CPU_LOAD,274.44,86.26,81.99,HEAVY_CPU_LOAD,275.81,85.96,83.17,HEAVY_CPU_LOAD,277.2,90.3,86.11,HEAVY_CPU_LOAD,287.04,84.99,86.5,HEAVY_CPU_LOAD,280.99,84.72,85.4,HEAVY_CPU_LOAD,279.0,88.84,82.62,HEAVY_CPU_LOAD,279.98,89.61,83.37,HEAVY_CPU_LOAD,282.07,87.52,82.91,HEAVY_CPU_LOAD,278.76,83.96,85.12,HEAVY_CPU_LOAD,277.63,29.57,50.0,282.6,0.3,22.0,COOLING,0.3,22.0,COOLING,0.3,22.0,COOLING,0.3,22.0,COOLING,24.571,23.271,23.449,23.543,23.709,24.571,23.271,1.3,1114.49,559.99,562.05,556.39,255.0,255.0,340.0,340.0,213.56,312.16,378.98,306.31,-272.91,166.66,7.59,98.66,1050.0,1050.0,1050.0,1050.0,260.14,243.81,238.62,251.36,2792.92,1190.0,1211.01,4200.0,993.93,1.0,0.0,1.0,1.0,22.5,TARGETED_WEST_COMPUTE_COOL,8.657
3,Distributed Heavy Compute,0,452,4520.0,14,3,3,4,4,86.19,85.6,HEAVY_CPU_LOAD,281.14,89.75,85.21,HEAVY_CPU_LOAD,285.0,85.36,83.65,HEAVY_CPU_LOAD,277.18,83.73,86.37,HEAVY_CPU_LOAD,279.22,88.25,83.79,HEAVY_CPU_LOAD,281.0,83.97,82.97,HEAVY_CPU_LOAD,274.42,86.53,82.06,HEAVY_CPU_LOAD,276.25,86.66,82.23,HEAVY_CPU_LOAD,276.67,88.73,86.61,HEAVY_CPU_LOAD,285.83,85.27,87.98,HEAVY_CPU_LOAD,283.56,29.57,50.0,282.8,0.3,22.0,COOLING,0.3,22.0,COOLING,0.3,22.0,COOLING,0.3,22.0,COOLING,24.576,23.276,23.454,23.548,23.713,24.576,23.276,1.3,1122.54,555.42,552.92,569.39,255.0,255.0,340.0,340.0,213.53,312.18,379.05,306.33,-272.91,166.66,7.59,98.66,1050.0,1050.0,1050.0,1050.0,268.16,239.26,229.56,264.38,2800.27,1190.0,1211.09,4200.0,1001.36,1.0,0.0,1.0,1.0,22.5,TARGETED_WEST_COMPUTE_COOL,8.7094
3,Distributed Heavy Compute,0,453,4530.0,14,3,3,4,4,88.06,81.67,HEAVY_CPU_LOAD,277.58,90.22,86.79,HEAVY_CPU_LOAD,287.96,84.02,88.13,HEAVY_CPU_LOAD,282.22,85.68,82.37,HEAVY_CPU_LOAD,275.66,88.93,87.12,HEAVY_CPU_LOAD,286.84,85.46,83.26,HEAVY_CPU_LOAD,276.71,83.91,86.59,HEAVY_CPU_LOAD,279.77,86.06,84.54,HEAVY_CPU_LOAD,279.38,89.45,85.4,HEAVY_CPU_LOAD,284.91,85.81,83.73,HEAVY_CPU_LOAD,277.86,29.57,50.0,282.9,0.3,22.0,COOLING,0.3,22.0,COOLING,0.3,22.0,COOLING,0.3,22.0,COOLING,24.581,23.281,23.459,23.553,23.718,24.581,23.281,1.3,1123.42,563.55,559.15,562.77,255.0,255.0,340.0,340.0,213.46,312.13,379.03,306.28,-272.91,166.66,7.59,98.66,1050.0,1050.0,1050.0,1050.0,268.97,247.34,235.77,257.71,2808.89,1190.0,1210.9,4200.0,1009.79,1.0,0.0,1.0,1.0,22.5,TARGETED_WEST_COMPUTE_COOL,8.7493
3,Distributed Heavy Compute,0,454,4540.0,14,3,3,4,4,87.45,84.66,HEAVY_CPU_LOAD,281.3,88.26,87.9,HEAVY_CPU_LOAD,287.17,84.45,85.33,HEAVY_CPU_LOAD,278.56,83.95,84.86,HEAVY_CPU_LOAD,277.23,86.47,85.78,HEAVY_CPU_LOAD,281.76,88.28,83.66,HEAVY_CPU_LOAD,280.84,88.92,82.05,HEAVY_CPU_LOAD,279.23,84.03,88.16,HEAVY_CPU_LOAD,282.28,87.88,81.5,HEAVY_CPU_LOAD,277.1,84.61,85.53,HEAVY_CPU_LOAD,279.06,29.58,50.0,283.1,0.3,22.0,COOLING,0.3,22.0,COOLING,0.3,22.0,COOLING,0.3,22.0,COOLING,24.587,23.286,23.464,23.558,23.724,24.587,23.286,1.301,1124.26,562.6,561.51,556.16,255.0,255.0,340.0,340.0,213.64,312.37,379.31,306.52,-272.91,166.66,7.59,98.66,1050.0,1050.0,1050.0,1050.0,269.99,246.63,238.41,251.34,2804.53,1190.0,1211.84,4200.0,1006.37,1.0,0.0,1.0,1.0,22.5,TARGETED_WEST_COMPUTE_COOL,8.8004
3,Distributed Heavy Compute,0,455,4550.0,14,3,3,4,4,86.47,88.41,HEAVY_CPU_LOAD,285.7,86.08,84.9,HEAVY_CPU_LOAD,279.95,87.93,87.07,HEAVY_CPU_LOAD,285.52,87.86,85.93,HEAVY_CPU_LOAD,283.72,84.58,82.02,HEAVY_CPU_LOAD,273.75,87.73,84.24,HEAVY_CPU_LOAD,281.02,88.93,87.81,HEAVY_CPU_LOAD,287.88,84.03,84.35,HEAVY_CPU_LOAD,276.56,85.14,85.68,HEAVY_CPU_LOAD,279.95,86.62,88.2,HEAVY_CPU_LOAD,285.58,29.58,50.0,283.2,0.3,22.0,COOLING,0.3,22.0,COOLING,0.3,22.0,COOLING,0.3,22.0,COOLING,24.593,23.291,23.469,23.563,23.729,24.593,23.291,1.302,1134.89,554.77,564.44,565.53,255.0,255.0,340.0,340.0,213.55,312.32,379.29,306.47,-273.14,166.77,7.61,98.77,1050.0,1050.0,1050.0,1050.0,280.3,238.86,241.34,260.77,2819.63,1190.0,1211.63,4200.0,1021.27,1.0,0.0,1.0,1.0,22.5,TARGETED_WEST_COMPUTE_COOL,8.8671
3,Distributed Heavy Compute,0,456,4560.0,14,3,3,4,4,87.61,84.64,HEAVY_CPU_LOAD,281.47,83.76,86.32,HEAVY_CPU_LOAD,279.18,90.02,82.14,HEAVY_CPU_LOAD,280.74,84.46,87.53,HEAVY_CPU_LOAD,281.87,87.71,87.25,HEAVY_CPU_LOAD,285.51,85.46,84.64,HEAVY_CPU_LOAD,278.78,86.47,82.4,HEAVY_CPU_LOAD,276.69,84.88,84.51,HEAVY_CPU_LOAD,277.87,90.1,84.92,HEAVY_CPU_LOAD,285.0,86.92,82.49,HEAVY_CPU_LOAD,277.38,29.58,50.0,283.3,0.3,22.0,COOLING,0.3,22.0,COOLING,0.3,22.0,COOLING,0.3,22.0,COOLING,24.598,23.296,23.474,23.568,23.734,24.598,23.296,1.302,1123.26,564.29,554.56,562.38,255.0,255.0,340.0,340.0,213.46,312.27,379.28,306.43,-273.38,166.88,7.62,98.88,1050.0,1050.0,1050.0,1050.0,268.34,248.44,231.46,257.69,2804.49,1190.0,1211.44,4200.0,1005.93,1.0,0.0,1.0,1.0,22.5,TARGETED_WEST_COMPUTE_COOL,8.8914
3,Distributed Heavy Compute,0,457,4570.0,14,3,3,4,4,89.82,85.72,HEAVY_CPU_LOAD,285.85,88.72,83.26,HEAVY_CPU_LOAD,280.79,85.45,83.3,HEAVY_CPU_LOAD,276.76,90.27,87.79,HEAVY_CPU_LOAD,289.52,84.82,84.13,HEAVY_CPU_LOAD,277.22,87.51,83.74,HEAVY_CPU_LOAD,280.0,84.86,83.57,HEAVY_CPU_LOAD,276.43,84.54,83.53,HEAVY_CPU_LOAD,275.97,88.08,84.56,HEAVY_CPU_LOAD,281.94,84.21,86.89,HEAVY_CPU_LOAD,280.6,29.59,50.0,283.5,0.3,22.0,COOLING,0.3,22.0,COOLING,0.3,22.0,COOLING,0.3,22.0,COOLING,24.604,23.301,23.479,23.573,23.739,24.604,23.301,1.303,1132.92,557.22,552.4,562.54,255.0,255.0,340.0,340.0,213.64,312.51,379.55,306.66,-273.38,166.88,7.62,98.88,1050.0,1050.0,1050.0,1050.0,278.18,241.61,229.57,258.08,2805.08,1190.0,1212.36,4200.0,1007.44,1.0,0.0,1.0,1.0,22.5,TARGETED_WEST_COMPUTE_COOL,8.9548
3,Distributed Heavy Compute,0,458,4580.0,14,3,3,4,4,89.57,82.5,HEAVY_CPU_LOAD,280.71,83.64,85.28,HEAVY_CPU_LOAD,277.47,85.67,84.69,HEAVY_CPU_LOAD,279.12,86.84,82.23,HEAVY_CPU_LOAD,276.89,84.44,84.0,HEAVY_CPU_LOAD,276.55,89.89,82.41,HEAVY_CPU_LOAD,280.98,84.99,85.08,HEAVY_CPU_LOAD,278.86,90.21,86.97,HEAVY_CPU_LOAD,288.22,87.07,85.45,HEAVY_CPU_LOAD,282.01,83.84,83.96,HEAVY_CPU_LOAD,275.74,29.59,50.0,283.6,0.3,22.0,COOLING,0.3,22.0,COOLING,0.3,22.0,COOLING,0.3,22.0,COOLING,24.609,23.306,23.484,23.578,23.744,24.609,23.306,1.303,1114.19,557.53,567.08,557.75,255.0,255.0,340.0,340.0,213.55,312.46,379.54,306.62,-273.61,166.99,7.64,98.99,1050.0,1050.0,1050.0,1050.0,259.13,241.98,244.26,253.36,2796.55,1190.0,1212.17,4200.0,998.73,1.0,0.0,1.0,1.0,22.5,TARGETED_WEST_COMPUTE_COOL,8.9809
3,Distributed Heavy Compute,0,459,4590.0,14,3,3,4,4,85.96,84.15,HEAVY_CPU_LOAD,278.68,83.56,81.67,HEAVY_CPU_LOAD,271.95,90.16,87.33,HEAVY_CPU_LOAD,288.69,87.14,84.06,HEAVY_CPU_LOAD,280.01,87.55,82.55,HEAVY_CPU_LOAD,278.26,85.52,83.22,HEAVY_CPU_LOAD,276.73,85.44,84.49,HEAVY_CPU_LOAD,278.54,84.45,88.33,HEAVY_CPU_LOAD,283.06,86.87,88.19,HEAVY_CPU_LOAD,285.87,84.37,82.62,HEAVY_CPU_LOAD,274.39,29.59,50.0,283.8,0.3,22.0,COOLING,0.3,22.0,COOLING,0.3,22.0,COOLING,0.3,22.0,COOLING,24.614,23.311,23.489,23.583,23.749,24.614,23.311,1.303,1119.33,554.99,561.6,560.26,255.0,255.0,340.0,340.0,213.51,312.49,379.6,306.64,-273.62,166.99,7.63,98.99,1050.0,1050.0,1050.0,1050.0,264.22,239.47,238.83,255.89,2796.18,1190.0,1212.24,4200.0,998.41,1.0,0.0,1.0,1.0,22.5,TARGETED_WEST_COMPUTE_COOL,9.0297
3,Distributed Heavy Compute,0,460,4600.0,14,3,3,4,4,87.68,84.18,HEAVY_CPU_LOAD,280.87,85.7,86.0,HEAVY_CPU_LOAD,281.12,83.64,81.97,HEAVY_CPU_LOAD,272.5,89.6,86.76,HEAVY_CPU_LOAD,287.14,89.46,88.43,HEAVY_CPU_LOAD,289.47,86.55,83.99,HEAVY_CPU_LOAD,279.17,85.56,84.91,HEAVY_CPU_LOAD,279.31,89.15,81.68,HEAVY_CPU_LOAD,278.96,89.32,83.71,HEAVY_CPU_LOAD,282.21,85.97,88.27,HEAVY_CPU_LOAD,284.87,29.6,50.0,283.9,0.3,22.0,COOLING,0.3,22.0,COOLING,0.3,22.0,COOLING,0.3,22.0,COOLING,24.619,23.316,23.494,23.588,23.754,24.619,23.316,1.303,1121.63,568.64,558.27,567.08,255.0,255.0,340.0,340.0,213.66,312.65,379.8,306.81,-273.62,166.99,7.63,98.99,1050.0,1050.0,1050.0,1050.0,266.67,253.28,235.7,262.88,2815.62,1190.0,1212.92,4200.0,1018.53,1.0,0.0,1.0,1.0,22.5,TARGETED_WEST_COMPUTE_COOL,9.0713
3,Distributed Heavy Compute,0,461,4610.0,14,3,3,4,4,85.71,86.51,HEAVY_CPU_LOAD,281.9,83.71,86.59,HEAVY_CPU_LOAD,279.52,84.56,86.58,HEAVY_CPU_LOAD,280.57,87.23,87.4,HEAVY_CPU_LOAD,285.14,90.04,87.45,HEAVY_CPU_LOAD,288.73,88.79,86.16,HEAVY_CPU_LOAD,285.23,86.46,86.35,HEAVY_CPU_LOAD,282.6,85.01,83.11,HEAVY_CPU_LOAD,275.93,85.6,85.52,HEAVY_CPU_LOAD,280.28,89.13,85.25,HEAVY_CPU_LOAD,284.29,29.6,50.0,284.0,0.3,22.0,COOLING,0.3,22.0,COOLING,0.3,22.0,COOLING,0.3,22.0,COOLING,24.625,23.321,23.499,23.593,23.759,24.625,23.321,1.304,1127.13,573.96,558.53,564.57,255.0,255.0,340.0,340.0,213.59,312.61,379.78,306.76,-273.61,166.99,7.64,98.99,1050.0,1050.0,1050.0,1050.0,272.11,258.56,235.95,260.32,2824.19,1190.0,1212.74,4200.0,1026.94,1.0,0.0,1.0,1.0,22.5,TARGETED_WEST_COMPUTE_COOL,9.1265
3,Distributed Heavy Compute,0,462,4620.0,14,3,3,4,4,89.94,85.06,HEAVY_CPU_LOAD,285.01,83.97,88.0,HEAVY_CPU_LOAD,281.96,83.8,85.85,HEAVY_CPU_LOAD,278.52,86.26,86.41,HEAVY_CPU_LOAD,282.44,89.1,82.85,HEAVY_CPU_LOAD,280.65,88.16,88.39,HEAVY_CPU_LOAD,287.78,87.88,83.51,HEAVY_CPU_LOAD,280.12,88.69,85.22,HEAVY_CPU_LOAD,283.69,85.25,85.19,HEAVY_CPU_LOAD,279.35,88.85,83.66,HEAVY_CPU_LOAD,281.55,29.6,50.0,284.2,0.3,22.0,COOLING,0.3,22.0,COOLING,0.3,22.0,COOLING,0.3,22.0,COOLING,24.631,23.326,23.504,23.598,23.765,24.631,23.326,1.305,1127.93,568.43,563.81,560.9,255.0,255.0,340.0,340.0,213.54,312.62,379.84,306.77,-273.85,167.1,7.65,99.1,1050.0,1050.0,1050.0,1050.0,272.62,253.15,241.3,256.77,2821.07,1190.0,1212.77,4200.0,1023.84,1.0,0.0,1.0,1.0,22.5,TARGETED_WEST_COMPUTE_COOL,9.1818
3,Distributed Heavy Compute,0,463,4630.0,14,3,3,4,4,86.1,85.5,HEAVY_CPU_LOAD,280.88,88.15,83.92,HEAVY_CPU_LOAD,281.07,90.4,87.41,HEAVY_CPU_LOAD,289.12,84.68,82.03,HEAVY_CPU_LOAD,273.9,84.04,83.42,HEAVY_CPU_LOAD,275.18,86.63,84.31,HEAVY_CPU_LOAD,279.75,87.68,83.49,HEAVY_CPU_LOAD,279.84,90.42,82.38,HEAVY_CPU_LOAD,281.6,90.42,84.12,HEAVY_CPU_LOAD,284.21,88.34,87.33,HEAVY_CPU_LOAD,286.42,29.61,50.0,284.3,0.3,22.0,COOLING,0.3,22.0,COOLING,0.3,22.0,COOLING,0.3,22.0,COOLING,24.637,23.331,23.509,23.603,23.77,24.637,23.331,1.306,1124.97,554.93,561.44,570.63,255.0,255.0,340.0,340.0,213.66,312.8,380.04,306.95,-274.09,167.21,7.66,99.21,1050.0,1050.0,1050.0,1050.0,269.54,239.94,239.14,266.79,2811.97,1190.0,1213.45,4200.0,1015.41,1.0,0.0,1.0,1.0,22.5,TARGETED_WEST_COMPUTE_COOL,9.2378
3,Distributed Heavy Compute,0,464,4640.0,14,3,3,4,4,83.61,81.82,HEAVY_CPU_LOAD,272.24,87.58,85.07,HEAVY_CPU_LOAD,282.08,85.92,87.65,HEAVY_CPU_LOAD,283.88,86.09,81.79,HEAVY_CPU_LOAD,275.3,84.56,84.58,HEAVY_CPU_LOAD,277.57,85.99,84.67,HEAVY_CPU_LOAD,279.49,87.57,84.61,HEAVY_CPU_LOAD,281.38,83.55,87.24,HEAVY_CPU_LOAD,280.3,89.78,82.93,HEAVY_CPU_LOAD,281.62,86.23,82.39,HEAVY_CPU_LOAD,276.37,29.61,50.0,284.4,0.3,22.0,COOLING,0.3,22.0,COOLING,0.3,22.0,COOLING,0.3,22.0,COOLING,24.642,23.336,23.514,23.608,23.775,24.642,23.336,1.306,1113.5,557.06,561.68,557.99,255.0,255.0,340.0,340.0,213.57,312.75,380.02,306.9,-274.32,167.32,7.68,99.32,1050.0,1050.0,1050.0,1050.0,257.75,242.13,239.38,254.21,2790.23,1190.0,1213.24,4200.0,993.47,1.0,0.0,1.0,1.0,22.5,TARGETED_WEST_COMPUTE_COOL,9.2668
3,Distributed Heavy Compute,0,465,4650.0,14,3,3,4,4,88.06,86.11,HEAVY_CPU_LOAD,284.24,83.73,88.5,HEAVY_CPU_LOAD,282.41,89.79,81.52,HEAVY_CPU_LOAD,279.52,84.7,81.71,HEAVY_CPU_LOAD,273.44,86.22,87.67,HEAVY_CPU_LOAD,284.28,89.74,83.76,HEAVY_CPU_LOAD,282.81,89.41,87.98,HEAVY_CPU_LOAD,288.73,85.03,84.31,HEAVY_CPU_LOAD,277.75,90.02,83.82,HEAVY_CPU_LOAD,283.25,90.23,87.87,HEAVY_CPU_LOAD,289.59,29.61,50.0,284.6,0.3,22.0,COOLING,0.3,22.0,COOLING,0.3,22.0,COOLING,0.3,22.0,COOLING,24.647,23.341,23.519,23.613,23.78,24.647,23.341,1.306,1119.61,567.09,566.48,572.84,255.0,255.0,340.0,340.0,213.53,312.77,380.08,306.92,-274.32,167.32,7.68,99.32,1050.0,1050.0,1050.0,1050.0,263.82,252.18,244.24,269.08,2826.02,1190.0,1213.3,4200.0,1029.32,1.0,0.0,1.0,1.0,22.5,TARGETED_WEST_COMPUTE_COOL,9.3181
3,Distributed Heavy Compute,0,466,4660.0,14,3,3,4,4,87.61,87.34,HEAVY_CPU_LOAD,285.52,87.79,84.48,HEAVY_CPU_LOAD,281.46,86.47,87.16,HEAVY_CPU_LOAD,283.83,84.18,83.2,HEAVY_CPU_LOAD,275.03,86.38,84.74,HEAVY_CPU_LOAD,280.08,86.25,82.57,HEAVY_CPU_LOAD,276.67,84.47,84.12,HEAVY_CPU_LOAD,276.77,86.14,83.6,HEAVY_CPU_LOAD,278.07,85.89,81.64,HEAVY_CPU_LOAD,274.82,84.18,87.68,HEAVY_CPU_LOAD,281.75,29.62,50.0,284.7,0.3,22.0,COOLING,0.3,22.0,COOLING,0.3,22.0,COOLING,0.3,22.0,COOLING,24.653,23.346,23.524,23.618,23.785,24.653,23.346,1.307,1125.84,556.75,554.84,556.57,255.0,255.0,340.0,340.0,213.68,312.94,380.28,307.09,-274.32,167.32,7.68,99.32,1050.0,1050.0,1050.0,1050.0,270.2,242.01,232.8,252.98,2794.0,1190.0,1213.99,4200.0,997.99,1.0,0.0,1.0,1.0,22.5,TARGETED_WEST_COMPUTE_COOL,9.3755
3,Distributed Heavy Compute,0,467,4670.0,14,3,3,4,4,89.59,83.85,HEAVY_CPU_LOAD,282.76,84.59,86.94,HEAVY_CPU_LOAD,281.15,87.84,86.26,HEAVY_CPU_LOAD,284.19,89.91,83.41,HEAVY_CPU_LOAD,282.5,85.95,81.99,HEAVY_CPU_LOAD,275.42,85.73,85.26,HEAVY_CPU_LOAD,280.05,86.76,84.65,HEAVY_CPU_LOAD,280.43,89.17,84.5,HEAVY_CPU_LOAD,283.21,87.48,86.64,HEAVY_CPU_LOAD,284.31,87.33,86.77,HEAVY_CPU_LOAD,284.32,29.62,50.0,284.9,0.3,22.0,COOLING,0.3,22.0,COOLING,0.3,22.0,COOLING,0.3,22.0,COOLING,24.659,23.351,23.529,23.623,23.791,24.659,23.351,1.308,1130.6,555.47,563.64,568.63,255.0,255.0,340.0,340.0,213.63,312.95,380.35,307.1,-274.55,167.43,7.69,99.43,1050.0,1050.0,1050.0,1050.0,274.68,240.85,241.68,265.16,2818.34,1190.0,1214.03,4200.0,1022.37,1.0,0.003,1.0,1.0,22.5,TARGETED_WEST_COMPUTE_COOL,9.4386
3,Distributed Heavy Compute,0,468,4680.0,14,3,3,4,4,83.52,84.06,HEAVY_CPU_LOAD,275.49,85.44,86.49,HEAVY_CPU_LOAD,281.54,89.65,85.36,HEAVY_CPU_LOAD,285.1,90.35,82.84,HEAVY_CPU_LOAD,282.2,85.9,84.74,HEAVY_CPU_LOAD,279.49,88.77,83.2,HEAVY_CPU_LOAD,280.76,85.41,84.22,HEAVY_CPU_LOAD,278.09,90.33,87.8,HEAVY_CPU_LOAD,289.61,88.26,85.42,HEAVY_CPU_LOAD,283.46,86.52,83.78,HEAVY_CPU_LOAD,278.82,29.62,50.0,285.0,0.3,22.0,COOLING,0.3,22.0,COOLING,0.3,22.0,COOLING,0.3,22.0,COOLING,24.664,23.356,23.534,23.628,23.796,24.664,23.356,1.308,1124.33,560.25,567.7,562.28,255.0,255.0,340.0,340.0,213.54,312.9,380.33,307.06,-274.79,167.54,7.71,99.54,1050.0,1050.0,1050.0,1050.0,268.08,245.69,245.74,258.88,2814.56,1190.0,1213.83,4200.0,1018.39,1.0,0.01,1.0,1.0,22.5,TARGETED_WEST_COMPUTE_COOL,9.4749
3,Distributed Heavy Compute,0,469,4690.0,14,3,3,4,4,89.51,87.4,HEAVY_CPU_LOAD,287.99,87.97,83.59,HEAVY_CPU_LOAD,280.35,88.1,86.6,HEAVY_CPU_LOAD,285.02,85.41,85.32,HEAVY_CPU_LOAD,279.74,89.3,87.37,HEAVY_CPU_LOAD,287.68,86.53,84.56,HEAVY_CPU_LOAD,280.0,87.93,82.43,HEAVY_CPU_LOAD,278.56,84.87,87.12,HEAVY_CPU_LOAD,281.77,89.37,83.18,HEAVY_CPU_LOAD,281.48,89.05,85.37,HEAVY_CPU_LOAD,284.37,29.63,50.0,285.1,0.3,22.0,COOLING,0.3,22.0,COOLING,0.3,22.0,COOLING,0.3,22.0,COOLING,24.67,23.361,23.539,23.633,23.801,24.67,23.361,1.309,1133.1,567.68,560.33,565.85,255.0,255.0,340.0,340.0,213.68,313.08,380.52,307.23,-274.79,167.54,7.71,99.54,1050.0,1050.0,1050.0,1050.0,276.99,253.3,238.56,262.62,2826.96,1190.0,1214.51,4200.0,1031.47,1.0,0.014,1.0,1.0,22.5,TARGETED_WEST_COMPUTE_COOL,9.5342
3,Distributed Heavy Compute,0,470,4700.0,14,3,3,4,4,88.85,83.49,HEAVY_CPU_LOAD,281.3,83.91,87.65,HEAVY_CPU_LOAD,281.36,85.91,82.04,HEAVY_CPU_LOAD,275.45,86.68,87.65,HEAVY_CPU_LOAD,284.83,88.17,83.06,HEAVY_CPU_LOAD,279.8,88.19,83.73,HEAVY_CPU_LOAD,280.83,84.77,82.88,HEAVY_CPU_LOAD,275.28,88.41,84.89,HEAVY_CPU_LOAD,282.85,85.69,87.58,HEAVY_CPU_LOAD,283.48,88.45,82.28,HEAVY_CPU_LOAD,278.98,29.63,50.0,285.3,0.3,22.0,COOLING,0.3,22.0,COOLING,0.3,22.0,COOLING,0.3,22.0,COOLING,24.675,23.366,23.544,23.638,23.806,24.675,23.366,1.309,1122.94,560.63,558.13,562.46,255.0,255.0,340.0,340.0,213.63,313.09,380.6,307.25,-275.03,167.65,7.72,99.65,1050.0,1050.0,1050.0,1050.0,266.54,246.37,236.45,259.36,2804.16,1190.0,1214.57,4200.0,1008.72,1.0,0.018,1.0,1.0,22.5,TARGETED_WEST_COMPUTE_COOL,9.5704
3,Distributed Heavy Compute,0,471,4710.0,14,3,3,4,4,85.44,84.88,HEAVY_CPU_LOAD,279.12,87.91,87.99,HEAVY_CPU_LOAD,286.87,87.67,84.24,HEAVY_CPU_LOAD,280.95,89.53,87.69,HEAVY_CPU_LOAD,288.45,86.72,83.23,HEAVY_CPU_LOAD,278.25,87.61,81.51,HEAVY_CPU_LOAD,276.78,88.85,87.66,HEAVY_CPU_LOAD,287.55,85.15,82.36,HEAVY_CPU_LOAD,274.98,87.22,88.12,HEAVY_CPU_LOAD,286.2,84.12,86.51,HEAVY_CPU_LOAD,279.92,29.64,50.0,285.4,0.3,22.0,COOLING,0.3,22.0,COOLING,0.3,22.0,COOLING,0.3,22.0,COOLING,24.681,23.371,23.549,23.643,23.811,24.681,23.371,1.31,1135.39,555.03,562.53,566.12,255.0,255.0,340.0,340.0,213.77,313.27,380.78,307.42,-275.02,167.65,7.73,99.65,1050.0,1050.0,1050.0,1050.0,279.14,240.95,241.04,263.19,2819.07,1190.0,1215.24,4200.0,1024.32,1.0,0.021,1.0,1.0,22.5,TARGETED_WEST_COMPUTE_COOL,9.6416
3,Distributed Heavy Compute,0,472,4720.0,14,3,3,4,4,85.07,83.74,HEAVY_CPU_LOAD,276.95,87.99,82.48,HEAVY_CPU_LOAD,278.71,89.82,82.56,HEAVY_CPU_LOAD,281.12,89.89,85.85,HEAVY_CPU_LOAD,286.14,86.62,85.73,HEAVY_CPU_LOAD,281.87,89.59,85.07,HEAVY_CPU_LOAD,284.59,86.16,82.5,HEAVY_CPU_LOAD,276.45,89.01,87.36,HEAVY_CPU_LOAD,287.3,84.97,83.24,HEAVY_CPU_LOAD,276.07,90.28,87.33,HEAVY_CPU_LOAD,288.85,29.64,50.0,285.6,0.3,22.0,COOLING,0.3,22.0,COOLING,0.3,22.0,COOLING,0.3,22.0,COOLING,24.686,23.376,23.554,23.648,23.816,24.686,23.376,1.31,1122.92,566.46,563.75,564.92,255.0,255.0,340.0,340.0,213.72,313.28,380.86,307.44,-275.26,167.76,7.74,99.76,1050.0,1050.0,1050.0,1050.0,266.38,252.5,242.35,262.12,2818.05,1190.0,1215.3,4200.0,1023.35,1.0,0.029,1.0,1.0,22.5,TARGETED_WEST_COMPUTE_COOL,9.6701
3,Distributed Heavy Compute,0,473,4730.0,14,3,3,4,4,83.5,82.65,HEAVY_CPU_LOAD,273.35,89.48,85.72,HEAVY_CPU_LOAD,285.43,90.14,86.32,HEAVY_CPU_LOAD,287.15,87.94,83.78,HEAVY_CPU_LOAD,280.6,83.69,81.86,HEAVY_CPU_LOAD,272.4,85.43,87.19,HEAVY_CPU_LOAD,282.57,87.63,84.56,HEAVY_CPU_LOAD,281.38,85.44,81.81,HEAVY_CPU_LOAD,274.51,84.13,85.61,HEAVY_CPU_LOAD,278.58,84.33,85.28,HEAVY_CPU_LOAD,278.33,29.64,50.0,285.7,0.3,22.0,COOLING,0.3,22.0,COOLING,0.3,22.0,COOLING,0.3,22.0,COOLING,24.692,23.381,23.559,23.653,23.821,24.692,23.381,1.311,1126.53,554.97,555.89,556.91,255.0,255.0,340.0,340.0,213.65,313.24,380.84,307.39,-275.26,167.76,7.74,99.76,1050.0,1050.0,1050.0,1050.0,269.92,240.97,234.47,254.06,2794.3,1190.0,1215.12,4200.0,999.42,1.0,0.03,1.0,1.0,22.5,TARGETED_WEST_COMPUTE_COOL,9.729
3,Distributed Heavy Compute,0,474,4740.0,14,3,3,4,4,84.07,88.48,HEAVY_CPU_LOAD,282.81,86.58,88.05,HEAVY_CPU_LOAD,285.3,87.58,85.16,HEAVY_CPU_LOAD,282.22,86.85,87.49,HEAVY_CPU_LOAD,284.8,84.22,82.52,HEAVY_CPU_LOAD,274.05,85.65,87.1,HEAVY_CPU_LOAD,282.71,83.99,82.67,HEAVY_CPU_LOAD,273.99,88.72,82.3,HEAVY_CPU_LOAD,279.35,84.49,86.26,HEAVY_CPU_LOAD,280.0,86.64,82.63,HEAVY_CPU_LOAD,277.25,29.65,50.0,285.8,0.3,22.0,COOLING,0.3,22.0,COOLING,0.3,22.0,COOLING,0.3,22.0,COOLING,24.698,23.386,23.564,23.658,23.826,24.698,23.386,1.312,1135.13,556.76,553.34,557.25,255.0,255.0,340.0,340.0,213.77,313.4,381.03,307.56,-275.5,167.87,7.75,99.87,1050.0,1050.0,1050.0,1050.0,278.4,243.03,232.12,254.68,2802.48,1190.0,1215.76,4200.0,1008.23,1.0,0.034,1.0,1.0,22.5,TARGETED_WEST_COMPUTE_COOL,9.7915
3,Distributed Heavy Compute,0,475,4750.0,14,3,3,4,4,86.41,86.46,HEAVY_CPU_LOAD,282.7,87.69,85.62,HEAVY_CPU_LOAD,283.04,88.38,85.54,HEAVY_CPU_LOAD,283.78,86.42,85.34,HEAVY_CPU_LOAD,281.03,88.44,83.16,HEAVY_CPU_LOAD,280.29,89.8,87.75,HEAVY_CPU_LOAD,288.88,88.75,87.1,HEAVY_CPU_LOAD,286.59,89.66,84.61,HEAVY_CPU_LOAD,283.99,88.17,82.81,HEAVY_CPU_LOAD,279.43,88.25,83.5,HEAVY_CPU_LOAD,280.56,29.65,50.0,286.0,0.3,22.0,COOLING,0.3,22.0,COOLING,0.3,22.0,COOLING,0.3,22.0,COOLING,24.704,23.391,23.569,23.663,23.832,24.704,23.391,1.313,1130.55,569.17,570.58,559.99,255.0,255.0,340.0,340.0,213.72,313.43,381.1,307.58,-275.73,167.98,7.77,99.98,1050.0,1050.0,1050.0,1050.0,273.54,255.58,249.45,257.55,2830.29,1190.0,1215.83,4200.0,1036.12,1.0,0.042,1.0,1.0,22.5,TARGETED_WEST_COMPUTE_COOL,9.8417
3,Distributed Heavy Compute,0,476,4760.0,14,3,3,4,4,86.99,83.91,HEAVY_CPU_LOAD,279.6,85.18,85.31,HEAVY_CPU_LOAD,279.44,84.49,87.35,HEAVY_CPU_LOAD,281.64,86.62,86.32,HEAVY_CPU_LOAD,282.75,87.32,82.84,HEAVY_CPU_LOAD,278.41,87.18,87.2,HEAVY_CPU_LOAD,284.78,88.9,86.83,HEAVY_CPU_LOAD,286.37,88.9,84.19,HEAVY_CPU_LOAD,282.41,88.56,82.41,HEAVY_CPU_LOAD,279.31,88.94,86.64,HEAVY_CPU_LOAD,286.13,29.65,50.0,286.1,0.3,22.0,COOLING,0.3,22.0,COOLING,0.3,22.0,COOLING,0.3,22.0,COOLING,24.709,23.396,23.574,23.668,23.837,24.709,23.396,1.313,1123.43,563.19,568.78,565.44,255.0,255.0,340.0,340.0,213.63,313.38,381.08,307.53,-275.97,168.09,7.79,100.09,1050.0,1050.0,1050.0,1050.0,266.09,249.66,247.65,263.06,2820.84,1190.0,1215.62,4200.0,1026.46,1.0,0.046,1.0,1.0,22.5,TARGETED_WEST_COMPUTE_COOL,9.8836
3,Distributed Heavy Compute,0,477,4770.0,14,3,3,4,4,89.37,87.08,HEAVY_CPU_LOAD,287.33,83.65,85.35,HEAVY_CPU_LOAD,277.59,86.48,84.98,HEAVY_CPU_LOAD,280.57,86.88,85.98,HEAVY_CPU_LOAD,282.57,89.72,87.16,HEAVY_CPU_LOAD,287.89,88.76,83.03,HEAVY_CPU_LOAD,280.5,87.78,83.15,HEAVY_CPU_LOAD,279.45,86.89,81.65,HEAVY_CPU_LOAD,276.09,87.3,88.36,HEAVY_CPU_LOAD,286.66,89.34,88.29,HEAVY_CPU_LOAD,289.11,29.66,50.0,286.2,0.3,22.0,COOLING,0.3,22.0,COOLING,0.3,22.0,COOLING,0.3,22.0,COOLING,24.715,23.401,23.579,23.674,23.842,24.715,23.401,1.314,1128.06,568.39,555.54,575.77,255.0,255.0,340.0,340.0,213.78,313.56,381.27,307.71,-275.96,168.09,7.78,100.09,1050.0,1050.0,1050.0,1050.0,270.88,255.04,234.59,273.57,2827.76,1190.0,1216.32,4200.0,1034.08,1.0,0.05,1.0,1.0,22.5,TARGETED_WEST_COMPUTE_COOL,9.9432
3,Distributed Heavy Compute,0,478,4780.0,14,3,3,4,4,84.62,84.4,HEAVY_CPU_LOAD,277.38,84.45,88.25,HEAVY_CPU_LOAD,282.94,84.73,88.11,HEAVY_CPU_LOAD,283.08,84.1,82.81,HEAVY_CPU_LOAD,274.34,90.46,82.07,HEAVY_CPU_LOAD,281.18,88.34,85.12,HEAVY_CPU_LOAD,283.11,87.43,83.53,HEAVY_CPU_LOAD,279.58,86.18,85.25,HEAVY_CPU_LOAD,280.6,89.22,87.12,HEAVY_CPU_LOAD,287.21,89.72,85.84,HEAVY_CPU_LOAD,285.91,29.66,50.0,286.4,0.3,22.0,COOLING,0.3,22.0,COOLING,0.3,22.0,COOLING,0.3,22.0,COOLING,24.72,23.406,23.584,23.68,23.848,24.72,23.406,1.314,1117.74,564.29,560.18,573.12,255.0,255.0,340.0,340.0,213.72,313.57,381.34,307.7,-276.09,168.22,7.91,99.97,1050.0,1050.0,1050.0,1050.0,260.37,251.08,239.43,270.79,2815.33,1190.0,1216.33,4200.0,1021.67,1.0,0.056,1.0,1.0,22.5,TARGETED_WEST_COMPUTE_COOL,9.9831
3,Distributed Heavy Compute,0,479,4790.0,14,3,3,4,4,88.23,84.52,HEAVY_CPU_LOAD,282.07,87.92,82.28,HEAVY_CPU_LOAD,278.32,86.1,85.43,HEAVY_CPU_LOAD,280.77,87.14,87.58,HEAVY_CPU_LOAD,285.3,86.45,85.43,HEAVY_CPU_LOAD,281.21,86.17,88.07,HEAVY_CPU_LOAD,284.82,88.49,87.76,HEAVY_CPU_LOAD,287.25,85.9,83.84,HEAVY_CPU_LOAD,278.13,85.47,88.1,HEAVY_CPU_LOAD,283.99,85.59,82.88,HEAVY_CPU_LOAD,276.31,29.66,50.0,286.5,0.3,22.0,COOLING,0.3,22.0,COOLING,0.3,22.0,COOLING,0.3,22.0,COOLING,24.725,23.411,23.589,23.685,23.852,24.725,23.411,1.314,1126.46,566.03,565.38,560.3,255.0,255.0,340.0,340.0,213.65,313.52,381.32,307.63,-275.98,168.23,8.02,99.73,1050.0,1050.0,1050.0,1050.0,269.13,252.78,244.72,257.66,2818.17,1190.0,1216.12,4200.0,1024.29,1.0,0.06,1.0,1.0,22.5,TARGETED_WEST_COMPUTE_COOL,10.0373
3,Distributed Heavy Compute,0,480,4800.0,14,3,3,4,4,89.49,86.19,HEAVY_CPU_LOAD,286.15,87.19,83.27,HEAVY_CPU_LOAD,278.89,88.99,83.21,HEAVY_CPU_LOAD,281.05,88.52,85.09,HEAVY_CPU_LOAD,283.28,87.19,81.83,HEAVY_CPU_LOAD,276.73,88.31,87.67,HEAVY_CPU_LOAD,286.89,84.84,86.5,HEAVY_CPU_LOAD,280.8,83.62,84.83,HEAVY_CPU_LOAD,276.77,86.54,88.01,HEAVY_CPU_LOAD,285.19,85.06,86.25,HEAVY_CPU_LOAD,280.7,29.67,50.0,286.7,0.3,22.0,COOLING,0.3,22.0,COOLING,0.3,22.0,COOLING,0.3,22.0,COOLING,24.731,23.416,23.594,23.69,23.858,24.731,23.416,1.315,1129.37,563.62,557.57,565.89,255.0,255.0,340.0,340.0,213.83,313.76,381.6,307.87,-275.98,168.23,8.02,99.73,1050.0,1050.0,1050.0,1050.0,272.22,250.61,237.19,263.49,2816.45,1190.0,1217.06,4200.0,1023.51,1.0,0.064,1.0,1.0,22.5,TARGETED_WEST_COMPUTE_COOL,10.0969
3,Distributed Heavy Compute,0,481,4810.0,14,3,3,4,4,85.39,86.06,HEAVY_CPU_LOAD,280.83,87.91,83.8,HEAVY_CPU_LOAD,280.59,88.1,85.15,HEAVY_CPU_LOAD,282.85,86.25,82.52,HEAVY_CPU_LOAD,276.59,85.99,86.26,HEAVY_CPU_LOAD,281.88,86.95,83.36,HEAVY_CPU_LOAD,278.73,85.99,87.78,HEAVY_CPU_LOAD,284.16,83.77,85.08,HEAVY_CPU_LOAD,277.33,86.55,83.97,HEAVY_CPU_LOAD,279.14,84.73,87.58,HEAVY_CPU_LOAD,282.28,29.67,50.0,286.8,0.3,22.0,COOLING,0.3,22.0,COOLING,0.3,22.0,COOLING,0.3,22.0,COOLING,24.736,23.421,23.599,23.695,23.863,24.736,23.421,1.315,1120.86,560.61,561.49,561.42,255.0,255.0,340.0,340.0,213.74,313.71,381.58,307.82,-276.22,168.34,8.03,99.84,1050.0,1050.0,1050.0,1050.0,263.38,247.66,241.1,259.08,2804.38,1190.0,1216.85,4200.0,1011.22,1.0,0.069,1.0,1.0,22.5,TARGETED_WEST_COMPUTE_COOL,10.1362
3,Distributed Heavy Compute,0,482,4820.0,14,3,3,4,4,89.49,87.68,HEAVY_CPU_LOAD,288.38,87.23,82.12,HEAVY_CPU_LOAD,277.22,89.46,84.49,HEAVY_CPU_LOAD,283.56,86.4,87.26,HEAVY_CPU_LOAD,283.89,85.47,87.67,HEAVY_CPU_LOAD,283.34,89.61,85.1,HEAVY_CPU_LOAD,284.66,85.95,85.42,HEAVY_CPU_LOAD,280.57,88.0,87.73,HEAVY_CPU_LOAD,286.6,89.86,84.74,HEAVY_CPU_LOAD,284.43,86.18,83.53,HEAVY_CPU_LOAD,278.02,29.67,50.0,286.9,0.3,22.0,COOLING,0.3,22.0,COOLING,0.3,22.0,COOLING,0.3,22.0,COOLING,24.742,23.426,23.604,23.7,23.868,24.742,23.426,1.316,1133.05,568.0,567.17,562.45,255.0,255.0,340.0,340.0,213.67,313.66,381.57,307.77,-276.22,168.34,8.03,99.84,1050.0,1050.0,1050.0,1050.0,275.5,255.0,246.77,260.06,2830.67,1190.0,1216.67,4200.0,1037.33,1.0,0.074,1.0,1.0,22.5,TARGETED_WEST_COMPUTE_COOL,10.2044
3,Distributed Heavy Compute,0,483,4830.0,14,3,3,4,4,88.83,82.34,HEAVY_CPU_LOAD,279.55,88.85,88.14,HEAVY_CPU_LOAD,288.27,86.57,82.08,HEAVY_CPU_LOAD,276.33,86.63,83.79,HEAVY_CPU_LOAD,278.97,84.89,84.39,HEAVY_CPU_LOAD,277.7,86.52,82.18,HEAVY_CPU_LOAD,276.42,83.93,84.95,HEAVY_CPU_LOAD,277.34,84.6,85.16,HEAVY_CPU_LOAD,278.49,85.22,84.17,HEAVY_CPU_LOAD,277.78,85.64,87.32,HEAVY_CPU_LOAD,283.03,29.68,50.0,287.1,0.3,22.0,COOLING,0.3,22.0,COOLING,0.3,22.0,COOLING,0.3,22.0,COOLING,24.747,23.431,23.609,23.705,23.873,24.747,23.431,1.316,1123.12,554.12,555.83,560.81,255.0,255.0,340.0,340.0,213.83,313.9,381.84,308.01,-276.45,168.45,8.05,99.95,1050.0,1050.0,1050.0,1050.0,265.5,241.47,235.72,258.77,2793.88,1190.0,1217.58,4200.0,1001.46,1.0,0.077,1.0,1.0,22.5,TARGETED_WEST_COMPUTE_COOL,10.2438
3,Distributed Heavy Compute,0,484,4840.0,14,3,3,4,4,88.74,83.43,HEAVY_CPU_LOAD,281.07,85.87,87.16,HEAVY_CPU_LOAD,283.08,84.11,83.28,HEAVY_CPU_LOAD,275.06,90.48,82.85,HEAVY_CPU_LOAD,282.38,89.57,85.35,HEAVY_CPU_LOAD,284.99,84.24,86.52,HEAVY_CPU_LOAD,280.08,84.42,88.04,HEAVY_CPU_LOAD,282.59,89.75,84.71,HEAVY_CPU_LOAD,284.25,88.29,86.85,HEAVY_CPU_LOAD,285.64,87.61,81.9,HEAVY_CPU_LOAD,277.36,29.68,50.0,287.2,0.3,22.0,COOLING,0.3,22.0,COOLING,0.3,22.0,COOLING,0.3,22.0,COOLING,24.752,23.436,23.614,23.71,23.878,24.752,23.436,1.316,1121.59,565.07,566.84,563.0,255.0,255.0,340.0,340.0,213.76,313.85,381.83,307.96,-276.45,168.45,8.05,99.95,1050.0,1050.0,1050.0,1050.0,263.9,252.37,246.72,260.91,2816.5,1190.0,1217.4,4200.0,1023.9,1.0,0.084,1.0,1.0,22.5,TARGETED_WEST_COMPUTE_COOL,10.2896
3,Distributed Heavy Compute,0,485,4850.0,14,3,3,4,4,88.11,82.52,HEAVY_CPU_LOAD,278.92,89.93,84.88,HEAVY_CPU_LOAD,284.73,87.83,88.2,HEAVY_CPU_LOAD,287.09,86.53,83.16,HEAVY_CPU_LOAD,277.9,88.88,84.85,HEAVY_CPU_LOAD,283.38,83.96,83.4,HEAVY_CPU_LOAD,275.05,90.13,86.92,HEAVY_CPU_LOAD,288.04,89.62,83.59,HEAVY_CPU_LOAD,282.41,89.78,85.68,HEAVY_CPU_LOAD,285.75,84.32,82.44,HEAVY_CPU_LOAD,274.06,29.68,50.0,287.4,0.3,22.0,COOLING,0.3,22.0,COOLING,0.3,22.0,COOLING,0.3,22.0,COOLING,24.758,23.441,23.619,23.715,23.883,24.758,23.441,1.317,1128.64,558.43,570.45,559.81,255.0,255.0,340.0,340.0,213.72,313.87,381.89,307.97,-276.45,168.45,8.05,99.95,1050.0,1050.0,1050.0,1050.0,270.91,245.75,250.39,257.73,2817.33,1190.0,1217.45,4200.0,1024.78,1.0,0.087,1.0,1.0,22.5,TARGETED_WEST_COMPUTE_COOL,10.3566
3,Distributed Heavy Compute,0,486,4860.0,14,3,3,4,4,88.21,86.12,HEAVY_CPU_LOAD,284.44,90.35,87.62,HEAVY_CPU_LOAD,289.37,83.95,83.89,HEAVY_CPU_LOAD,275.77,89.6,81.88,HEAVY_CPU_LOAD,279.82,89.31,84.39,HEAVY_CPU_LOAD,283.22,86.92,85.86,HEAVY_CPU_LOAD,282.44,88.21,85.81,HEAVY_CPU_LOAD,283.98,86.56,87.66,HEAVY_CPU_LOAD,284.69,86.97,85.32,HEAVY_CPU_LOAD,281.69,89.32,85.68,HEAVY_CPU_LOAD,285.17,29.69,50.0,287.5,0.3,22.0,COOLING,0.3,22.0,COOLING,0.3,22.0,COOLING,0.3,22.0,COOLING,24.764,23.446,23.624,23.72,23.889,24.764,23.446,1.318,1129.4,565.66,568.67,566.86,255.0,255.0,340.0,340.0,213.85,314.04,382.09,308.15,-276.68,168.56,8.06,100.06,1050.0,1050.0,1050.0,1050.0,271.57,253.26,248.82,265.07,2830.59,1190.0,1218.13,4200.0,1038.72,1.0,0.092,1.0,1.0,22.5,TARGETED_WEST_COMPUTE_COOL,10.4133
3,Distributed Heavy Compute,0,487,4870.0,14,3,3,4,4,87.34,86.54,HEAVY_CPU_LOAD,283.99,86.94,83.68,HEAVY_CPU_LOAD,279.2,83.74,86.45,HEAVY_CPU_LOAD,279.35,87.05,83.25,HEAVY_CPU_LOAD,278.69,87.57,82.51,HEAVY_CPU_LOAD,278.23,87.81,82.44,HEAVY_CPU_LOAD,278.42,84.96,86.09,HEAVY_CPU_LOAD,280.33,90.14,84.69,HEAVY_CPU_LOAD,284.71,87.48,82.31,HEAVY_CPU_LOAD,277.82,84.34,87.93,HEAVY_CPU_LOAD,282.32,29.69,50.0,287.6,0.3,22.0,COOLING,0.3,22.0,COOLING,0.3,22.0,COOLING,0.3,22.0,COOLING,24.769,23.451,23.629,23.725,23.893,24.769,23.451,1.318,1121.23,556.65,565.04,560.14,255.0,255.0,340.0,340.0,213.76,314.0,382.07,308.11,-276.92,168.67,8.08,100.17,1050.0,1050.0,1050.0,1050.0,263.07,244.32,245.19,258.42,2803.06,1190.0,1217.94,4200.0,1011.0,1.0,0.096,1.0,1.0,22.5,TARGETED_WEST_COMPUTE_COOL,10.4537
3,Distributed Heavy Compute,0,488,4880.0,14,3,3,4,4,88.82,81.92,HEAVY_CPU_LOAD,278.9,83.55,86.83,HEAVY_CPU_LOAD,279.68,90.38,85.75,HEAVY_CPU_LOAD,286.6,84.22,86.19,HEAVY_CPU_LOAD,279.56,86.53,83.18,HEAVY_CPU_LOAD,277.93,89.8,87.0,HEAVY_CPU_LOAD,287.75,88.06,85.74,HEAVY_CPU_LOAD,283.68,87.57,86.17,HEAVY_CPU_LOAD,283.72,87.73,87.28,HEAVY_CPU_LOAD,285.58,86.67,82.36,HEAVY_CPU_LOAD,276.88,29.69,50.0,287.8,0.3,22.0,COOLING,0.3,22.0,COOLING,0.3,22.0,COOLING,0.3,22.0,COOLING,24.774,23.456,23.634,23.73,23.898,24.774,23.456,1.318,1124.74,565.68,567.4,562.46,255.0,255.0,340.0,340.0,213.72,314.02,382.13,308.13,-276.92,168.67,8.08,100.17,1050.0,1050.0,1050.0,1050.0,266.54,253.37,247.61,260.76,2820.28,1190.0,1218.0,4200.0,1028.28,1.0,0.102,1.0,1.0,22.5,TARGETED_WEST_COMPUTE_COOL,10.5043
3,Distributed Heavy Compute,0,489,4890.0,14,3,3,4,4,86.2,87.62,HEAVY_CPU_LOAD,284.18,84.5,86.32,HEAVY_CPU_LOAD,280.11,90.4,82.75,HEAVY_CPU_LOAD,282.12,83.59,85.79,HEAVY_CPU_LOAD,278.17,85.57,85.22,HEAVY_CPU_LOAD,279.79,89.86,83.56,HEAVY_CPU_LOAD,282.66,90.28,85.49,HEAVY_CPU_LOAD,286.09,86.41,85.52,HEAVY_CPU_LOAD,281.29,84.08,85.16,HEAVY_CPU_LOAD,277.84,87.67,84.71,HEAVY_CPU_LOAD,281.65,29.7,50.0,287.9,0.3,22.0,COOLING,0.3,22.0,COOLING,0.3,22.0,COOLING,0.3,22.0,COOLING,24.779,23.461,23.639,23.735,23.904,24.779,23.461,1.318,1124.58,562.45,567.38,559.49,255.0,255.0,340.0,340.0,213.87,314.19,382.33,308.29,-276.92,168.67,8.08,100.17,1050.0,1050.0,1050.0,1050.0,266.53,250.31,247.79,257.95,2813.9,1190.0,1218.68,4200.0,1022.58,1.0,0.107,1.0,1.0,22.5,TARGETED_WEST_COMPUTE_COOL,10.5539
3,Distributed Heavy Compute,0,490,4900.0,14,3,3,4,4,89.68,88.03,HEAVY_CPU_LOAD,289.14,85.47,82.88,HEAVY_CPU_LOAD,276.16,86.39,84.14,HEAVY_CPU_LOAD,279.2,83.99,81.52,HEAVY_CPU_LOAD,272.27,88.4,86.98,HEAVY_CPU_LOAD,285.97,88.52,86.06,HEAVY_CPU_LOAD,284.74,88.94,84.48,HEAVY_CPU_LOAD,282.89,90.43,85.55,HEAVY_CPU_LOAD,286.36,83.59,85.63,HEAVY_CPU_LOAD,277.93,86.03,82.7,HEAVY_CPU_LOAD,276.59,29.7,50.0,288.1,0.3,22.0,COOLING,0.3,22.0,COOLING,0.3,22.0,COOLING,0.3,22.0,COOLING,24.784,23.466,23.644,23.74,23.909,24.784,23.466,1.318,1116.77,570.71,569.25,554.52,255.0,255.0,340.0,340.0,213.84,314.2,382.4,308.31,-276.92,168.67,8.08,100.17,1050.0,1050.0,1050.0,1050.0,258.69,258.58,249.73,253.0,2811.25,1190.0,1218.75,4200.0,1020.0,1.0,0.114,1.0,1.0,22.5,TARGETED_WEST_COMPUTE_COOL,10.5911
3,Distributed Heavy Compute,0,491,4910.0,14,3,3,4,4,88.73,85.87,HEAVY_CPU_LOAD,284.72,84.2,83.82,HEAVY_CPU_LOAD,275.98,87.92,82.64,HEAVY_CPU_LOAD,278.86,84.43,83.77,HEAVY_CPU_LOAD,276.19,84.26,82.32,HEAVY_CPU_LOAD,273.8,86.25,82.24,HEAVY_CPU_LOAD,276.17,84.41,86.35,HEAVY_CPU_LOAD,280.04,87.57,82.47,HEAVY_CPU_LOAD,278.17,87.83,87.26,HEAVY_CPU_LOAD,285.68,88.33,82.87,HEAVY_CPU_LOAD,279.72,29.7,50.0,288.2,0.3,22.0,COOLING,0.3,22.0,COOLING,0.3,22.0,COOLING,0.3,22.0,COOLING,24.789,23.471,23.649,23.745,23.913,24.789,23.471,1.318,1115.75,549.97,558.21,565.4,255.0,255.0,340.0,340.0,213.77,314.15,382.37,308.26,-276.92,168.67,8.08,100.17,1050.0,1050.0,1050.0,1050.0,257.6,237.79,238.66,263.83,2789.33,1190.0,1218.55,4200.0,997.88,1.0,0.115,1.0,1.0,22.5,TARGETED_WEST_COMPUTE_COOL,10.6467
3,Distributed Heavy Compute,0,492,4920.0,14,3,3,4,4,83.93,84.02,HEAVY_CPU_LOAD,275.94,88.32,84.7,HEAVY_CPU_LOAD,282.45,86.24,82.09,HEAVY_CPU_LOAD,275.94,87.41,87.06,HEAVY_CPU_LOAD,284.85,85.21,81.79,HEAVY_CPU_LOAD,274.2,89.6,85.97,HEAVY_CPU_LOAD,285.96,89.73,83.39,HEAVY_CPU_LOAD,282.25,84.76,82.58,HEAVY_CPU_LOAD,274.82,90.35,81.83,HEAVY_CPU_LOAD,280.68,87.92,87.98,HEAVY_CPU_LOAD,286.87,29.71,50.0,288.3,0.3,22.0,COOLING,0.3,22.0,COOLING,0.3,22.0,COOLING,0.3,22.0,COOLING,24.794,23.476,23.654,23.75,23.919,24.794,23.476,1.318,1119.18,560.16,557.07,567.55,255.0,255.0,340.0,340.0,213.91,314.33,382.57,308.44,-276.92,168.67,8.08,100.17,1050.0,1050.0,1050.0,1050.0,261.17,248.16,237.72,266.16,2803.96,1190.0,1219.25,4200.0,1013.21,1.0,0.121,1.0,1.0,22.5,TARGETED_WEST_COMPUTE_COOL,10.6968
3,Distributed Heavy Compute,0,493,4930.0,14,3,3,4,4,90.4,87.81,HEAVY_CPU_LOAD,289.72,89.49,83.73,HEAVY_CPU_LOAD,282.46,89.55,81.67,HEAVY_CPU_LOAD,279.44,88.97,82.83,HEAVY_CPU_LOAD,280.46,87.27,82.33,HEAVY_CPU_LOAD,277.58,86.77,87.27,HEAVY_CPU_LOAD,284.37,90.08,86.53,HEAVY_CPU_LOAD,287.39,84.46,83.82,HEAVY_CPU_LOAD,276.3,88.46,84.37,HEAVY_CPU_LOAD,282.13,88.98,84.9,HEAVY_CPU_LOAD,283.58,29.71,50.0,288.5,0.3,22.0,COOLING,0.3,22.0,COOLING,0.3,22.0,COOLING,0.3,22.0,COOLING,24.8,23.481,23.659,23.755,23.924,24.8,23.481,1.319,1132.08,561.95,563.69,565.71,255.0,255.0,340.0,340.0,213.88,314.34,382.64,308.45,-276.92,168.67,8.08,100.17,1050.0,1050.0,1050.0,1050.0,274.04,249.96,244.41,264.33,2823.43,1190.0,1219.31,4200.0,1032.74,1.0,0.125,1.0,1.0,22.5,TARGETED_WEST_COMPUTE_COOL,10.7699
3,Distributed Heavy Compute,0,494,4940.0,14,3,3,4,4,86.06,83.04,HEAVY_CPU_LOAD,277.13,87.01,83.97,HEAVY_CPU_LOAD,279.72,84.23,83.48,HEAVY_CPU_LOAD,275.51,85.88,83.31,HEAVY_CPU_LOAD,277.31,84.0,88.41,HEAVY_CPU_LOAD,282.62,89.58,81.68,HEAVY_CPU_LOAD,279.5,89.51,88.27,HEAVY_CPU_LOAD,289.29,88.76,82.6,HEAVY_CPU_LOAD,279.85,89.7,82.8,HEAVY_CPU_LOAD,281.32,88.4,88.4,HEAVY_CPU_LOAD,288.1,29.72,50.0,288.6,0.3,22.0,COOLING,0.3,22.0,COOLING,0.3,22.0,COOLING,0.3,22.0,COOLING,24.805,23.486,23.664,23.76,23.929,24.805,23.486,1.319,1109.67,562.12,569.14,569.42,255.0,255.0,340.0,340.0,214.0,314.52,382.83,308.63,-277.16,168.78,8.1,100.28,1050.0,1050.0,1050.0,1050.0,251.51,250.42,250.07,268.33,2810.35,1190.0,1219.98,4200.0,1020.33,1.0,0.132,1.0,1.0,22.5,TARGETED_WEST_COMPUTE_COOL,10.7979
3,Distributed Heavy Compute,0,495,4950.0,14,3,3,4,4,90.45,86.1,HEAVY_CPU_LOAD,287.21,89.1,82.06,HEAVY_CPU_LOAD,279.47,87.13,86.68,HEAVY_CPU_LOAD,283.93,87.06,87.6,HEAVY_CPU_LOAD,285.22,86.51,88.12,HEAVY_CPU_LOAD,285.32,83.76,85.67,HEAVY_CPU_LOAD,278.2,83.88,82.37,HEAVY_CPU_LOAD,273.41,88.67,83.5,HEAVY_CPU_LOAD,281.09,85.64,85.09,HEAVY_CPU_LOAD,279.69,89.41,82.95,HEAVY_CPU_LOAD,281.19,29.72,50.0,288.8,0.3,22.0,COOLING,0.3,22.0,COOLING,0.3,22.0,COOLING,0.3,22.0,COOLING,24.811,23.491,23.669,23.765,23.934,24.811,23.491,1.32,1135.83,563.52,554.5,560.88,255.0,255.0,340.0,340.0,213.97,314.53,382.9,308.64,-277.15,168.78,8.09,100.28,1050.0,1050.0,1050.0,1050.0,277.65,251.83,235.49,259.8,2814.73,1190.0,1220.04,4200.0,1024.77,1.0,0.134,1.0,1.0,22.5,TARGETED_WEST_COMPUTE_COOL,10.8788
3,Distributed Heavy Compute,0,496,4960.0,14,3,3,4,4,84.98,82.61,HEAVY_CPU_LOAD,275.14,84.83,81.62,HEAVY_CPU_LOAD,273.47,86.08,82.07,HEAVY_CPU_LOAD,275.7,88.7,85.78,HEAVY_CPU_LOAD,284.54,85.43,84.69,HEAVY_CPU_LOAD,278.82,83.93,87.59,HEAVY_CPU_LOAD,281.3,88.76,86.53,HEAVY_CPU_LOAD,285.75,89.66,85.17,HEAVY_CPU_LOAD,284.83,84.61,85.66,HEAVY_CPU_LOAD,279.25,88.2,85.34,HEAVY_CPU_LOAD,283.26,29.72,50.0,288.9,0.3,22.0,COOLING,0.3,22.0,COOLING,0.3,22.0,COOLING,0.3,22.0,COOLING,24.816,23.496,23.674,23.77,23.939,24.816,23.496,1.32,1108.85,560.12,570.58,562.51,255.0,255.0,340.0,340.0,213.88,314.48,382.89,308.59,-277.39,168.89,8.11,100.39,1050.0,1050.0,1050.0,1050.0,250.34,248.49,251.58,261.49,2802.06,1190.0,1219.84,4200.0,1011.9,1.0,0.141,1.0,1.0,22.5,TARGETED_WEST_COMPUTE_COOL,10.9055
3,Distributed Heavy Compute,0,497,4970.0,14,3,3,4,4,85.9,82.21,HEAVY_CPU_LOAD,275.69,88.71,84.82,HEAVY_CPU_LOAD,283.12,89.14,83.03,HEAVY_CPU_LOAD,280.97,83.66,87.98,HEAVY_CPU_LOAD,281.54,87.25,85.02,HEAVY_CPU_LOAD,281.59,85.41,85.96,HEAVY_CPU_LOAD,280.7,88.03,88.35,HEAVY_CPU_LOAD,287.56,88.69,85.57,HEAVY_CPU_LOAD,284.22,87.64,81.65,HEAVY_CPU_LOAD,277.02,86.93,85.46,HEAVY_CPU_LOAD,281.85,29.73,50.0,289.0,0.3,22.0,COOLING,0.3,22.0,COOLING,0.3,22.0,COOLING,0.3,22.0,COOLING,24.821,23.501,23.679,23.775,23.944,24.821,23.501,1.32,1121.32,562.29,571.78,558.87,255.0,255.0,340.0,340.0,214.03,314.65,383.07,308.76,-277.39,168.89,8.11,100.39,1050.0,1050.0,1050.0,1050.0,262.96,250.83,252.96,258.02,2814.26,1190.0,1220.51,4200.0,1024.77,1.0,0.146,1.0,1.0,22.5,TARGETED_WEST_COMPUTE_COOL,10.9684
3,Distributed Heavy Compute,0,498,4980.0,14,3,3,4,4,84.79,87.94,HEAVY_CPU_LOAD,282.9,86.27,87.35,HEAVY_CPU_LOAD,283.86,88.41,85.09,HEAVY_CPU_LOAD,283.15,85.52,87.97,HEAVY_CPU_LOAD,283.86,87.04,83.38,HEAVY_CPU_LOAD,278.87,85.81,82.24,HEAVY_CPU_LOAD,275.62,86.14,86.21,HEAVY_CPU_LOAD,281.99,89.29,87.62,HEAVY_CPU_LOAD,288.04,85.73,85.8,HEAVY_CPU_LOAD,280.86,84.97,84.46,HEAVY_CPU_LOAD,277.9,29.73,50.0,289.2,0.3,22.0,COOLING,0.3,22.0,COOLING,0.3,22.0,COOLING,0.3,22.0,COOLING,24.827,23.506,23.684,23.78,23.949,24.827,23.506,1.321,1133.77,554.49,570.03,558.76,255.0,255.0,340.0,340.0,213.99,314.67,383.15,308.78,-277.39,168.89,8.11,100.39,1050.0,1050.0,1050.0,1050.0,275.37,243.05,251.29,257.93,2817.05,1190.0,1220.59,4200.0,1027.64,1.0,0.147,1.0,1.0,22.5,TARGETED_WEST_COMPUTE_COOL,11.0438
3,Distributed Heavy Compute,0,499,4990.0,14,3,3,4,4,85.09,82.29,HEAVY_CPU_LOAD,274.8,87.95,88.23,HEAVY_CPU_LOAD,287.28,84.3,82.57,HEAVY_CPU_LOAD,274.23,88.73,86.33,HEAVY_CPU_LOAD,285.41,86.24,81.68,HEAVY_CPU_LOAD,275.32,83.64,88.35,HEAVY_CPU_LOAD,282.08,88.29,81.88,HEAVY_CPU_LOAD,278.18,83.81,85.17,HEAVY_CPU_LOAD,277.52,89.7,82.84,HEAVY_CPU_LOAD,281.38,88.47,88.02,HEAVY_CPU_LOAD,287.62,29.73,50.0,289.3,0.3,22.0,COOLING,0.3,22.0,COOLING,0.3,22.0,COOLING,0.3,22.0,COOLING,24.832,23.511,23.689,23.785,23.954,24.832,23.511,1.321,1121.72,557.4,555.7,569.0,255.0,255.0,340.0,340.0,213.9,314.63,383.13,308.73,-277.63,169.0,8.12,100.5,1050.0,1050.0,1050.0,1050.0,262.99,246.03,236.95,268.23,2803.82,1190.0,1220.39,4200.0,1014.2,1.0,0.153,1.0,1.0,22.5,TARGETED_WEST_COMPUTE_COOL,11.079
3,Distributed Heavy Compute,0,500,5000.0,14,3,3,4,4,87.81,86.38,HEAVY_CPU_LOAD,284.33,89.86,82.66,HEAVY_CPU_LOAD,281.31,87.39,88.19,HEAVY_CPU_LOAD,286.52,83.57,84.26,HEAVY_CPU_LOAD,275.85,85.95,83.98,HEAVY_CPU_LOAD,278.41,90.01,83.15,HEAVY_CPU_LOAD,282.24,90.2,82.17,HEAVY_CPU_LOAD,281.0,83.52,86.51,HEAVY_CPU_LOAD,279.16,88.58,84.28,HEAVY_CPU_LOAD,282.15,87.45,84.42,HEAVY_CPU_LOAD,280.94,29.74,50.0,289.4,0.3,22.0,COOLING,0.3,22.0,COOLING,0.3,22.0,COOLING,0.3,22.0,COOLING,24.837,23.516,23.694,23.79,23.959,24.837,23.516,1.321,1128.01,560.65,560.16,563.09,255.0,255.0,340.0,340.0,214.04,314.8,383.32,308.91,-277.63,169.0,8.12,100.5,1050.0,1050.0,1050.0,1050.0,269.42,249.45,241.6,262.5,2811.91,1190.0,1221.07,4200.0,1022.97,1.0,0.158,1.0,1.0,22.5,TARGETED_WEST_COMPUTE_COOL,11.1357
3,Distributed Heavy Compute,0,501,5010.0,14,3,3,4,4,87.27,84.99,HEAVY_CPU_LOAD,281.57,88.08,82.35,HEAVY_CPU_LOAD,278.62,88.37,84.99,HEAVY_CPU_LOAD,282.95,86.55,85.61,HEAVY_CPU_LOAD,281.6,90.38,83.84,HEAVY_CPU_LOAD,283.74,85.18,88.2,HEAVY_CPU_LOAD,283.78,85.45,82.57,HEAVY_CPU_LOAD,275.67,88.51,83.13,HEAVY_CPU_LOAD,280.33,87.49,87.39,HEAVY_CPU_LOAD,285.45,85.4,81.76,HEAVY_CPU_LOAD,274.39,29.74,50.0,289.6,0.3,22.0,COOLING,0.3,22.0,COOLING,0.3,22.0,COOLING,0.3,22.0,COOLING,24.842,23.521,23.699,23.795,23.964,24.842,23.521,1.321,1124.74,567.52,556.0,559.84,255.0,255.0,340.0,340.0,214.01,314.82,383.39,308.92,-277.63,169.0,8.12,100.5,1050.0,1050.0,1050.0,1050.0,266.12,256.34,237.51,259.26,2808.1,1190.0,1221.14,4200.0,1019.23,1.0,0.164,1.0,1.0,22.5,TARGETED_WEST_COMPUTE_COOL,11.1791
3,Distributed Heavy Compute,0,502,5020.0,14,3,3,4,4,83.56,83.18,HEAVY_CPU_LOAD,274.22,89.7,85.0,HEAVY_CPU_LOAD,284.62,83.96,84.2,HEAVY_CPU_LOAD,276.25,87.36,82.87,HEAVY_CPU_LOAD,278.5,85.61,84.55,HEAVY_CPU_LOAD,278.84,87.49,82.51,HEAVY_CPU_LOAD,278.13,86.63,84.15,HEAVY_CPU_LOAD,279.51,84.12,84.17,HEAVY_CPU_LOAD,276.4,88.68,83.73,HEAVY_CPU_LOAD,281.45,86.45,87.54,HEAVY_CPU_LOAD,284.37,29.74,50.0,289.7,0.3,22.0,COOLING,0.3,22.0,COOLING,0.3,22.0,COOLING,0.3,22.0,COOLING,24.847,23.526,23.704,23.8,23.969,24.847,23.526,1.321,1113.59,556.97,555.91,565.82,255.0,255.0,340.0,340.0,213.95,314.77,383.37,308.88,-277.62,169.0,8.12,100.5,1050.0,1050.0,1050.0,1050.0,254.92,245.74,237.4,265.2,2792.29,1190.0,1220.97,4200.0,1003.26,1.0,0.169,1.0,1.0,22.5,TARGETED_WEST_COMPUTE_COOL,11.2236
3,Distributed Heavy Compute,0,503,5030.0,14,3,3,4,4,83.93,86.54,HEAVY_CPU_LOAD,279.72,83.86,83.87,HEAVY_CPU_LOAD,275.63,86.85,83.87,HEAVY_CPU_LOAD,279.37,88.33,85.3,HEAVY_CPU_LOAD,283.36,84.53,83.33,HEAVY_CPU_LOAD,275.66,88.05,86.88,HEAVY_CPU_LOAD,285.38,88.03,81.61,HEAVY_CPU_LOAD,277.45,87.42,86.1,HEAVY_CPU_LOAD,283.42,86.87,82.1,HEAVY_CPU_LOAD,276.74,88.52,86.09,HEAVY_CPU_LOAD,284.78,29.75,50.0,289.9,0.3,22.0,COOLING,0.3,22.0,COOLING,0.3,22.0,COOLING,0.3,22.0,COOLING,24.852,23.531,23.709,23.805,23.974,24.852,23.531,1.321,1118.08,561.04,560.87,561.52,255.0,255.0,340.0,340.0,214.12,315.01,383.65,309.11,-277.63,169.0,8.12,100.5,1050.0,1050.0,1050.0,1050.0,259.57,250.05,242.64,261.13,2801.51,1190.0,1221.89,4200.0,1013.39,1.0,0.174,1.0,1.0,22.5,TARGETED_WEST_COMPUTE_COOL,11.2792
3,Distributed Heavy Compute,0,504,5040.0,14,3,3,4,4,86.75,84.38,HEAVY_CPU_LOAD,280.01,86.51,83.17,HEAVY_CPU_LOAD,277.89,85.75,88.25,HEAVY_CPU_LOAD,284.56,86.08,88.21,HEAVY_CPU_LOAD,284.91,84.61,85.4,HEAVY_CPU_LOAD,278.86,89.64,87.92,HEAVY_CPU_LOAD,288.93,90.14,84.45,HEAVY_CPU_LOAD,284.35,87.89,85.58,HEAVY_CPU_LOAD,283.23,86.47,84.85,HEAVY_CPU_LOAD,280.36,85.4,86.22,HEAVY_CPU_LOAD,281.08,29.75,50.0,290.0,0.3,22.0,COOLING,0.3,22.0,COOLING,0.3,22.0,COOLING,0.3,22.0,COOLING,24.857,23.536,23.714,23.81,23.979,24.857,23.536,1.321,1127.37,567.79,567.58,561.44,255.0,255.0,340.0,340.0,214.06,314.96,383.63,309.07,-277.63,169.0,8.12,100.5,1050.0,1050.0,1050.0,1050.0,268.8,256.75,249.33,261.01,2824.18,1190.0,1221.72,4200.0,1035.89,1.0,0.18,1.0,1.0,22.5,TARGETED_WEST_COMPUTE_COOL,11.3405
3,Distributed Heavy Compute,0,505,5050.0,14,3,3,4,4,87.53,84.16,HEAVY_CPU_LOAD,280.65,89.57,83.03,HEAVY_CPU_LOAD,281.51,87.45,88.49,HEAVY_CPU_LOAD,287.05,87.67,83.21,HEAVY_CPU_LOAD,279.4,87.03,86.37,HEAVY_CPU_LOAD,283.34,84.43,85.0,HEAVY_CPU_LOAD,278.04,85.9,82.02,HEAVY_CPU_LOAD,275.4,88.47,88.04,HEAVY_CPU_LOAD,287.65,83.69,86.52,HEAVY_CPU_LOAD,279.39,87.58,85.89,HEAVY_CPU_LOAD,283.31,29.75,50.0,290.1,0.3,22.0,COOLING,0.3,22.0,COOLING,0.3,22.0,COOLING,0.3,22.0,COOLING,24.863,23.541,23.719,23.815,23.985,24.863,23.541,1.322,1128.61,561.38,563.05,562.7,255.0,255.0,340.0,340.0,213.99,314.91,383.61,309.02,-277.62,169.0,8.13,100.5,1050.0,1050.0,1050.0,1050.0,269.98,250.29,244.79,262.22,2815.74,1190.0,1221.53,4200.0,1027.28,1.0,0.182,1.0,1.0,22.5,TARGETED_WEST_COMPUTE_COOL,11.4042
3,Distributed Heavy Compute,0,506,5060.0,14,3,3,4,4,89.83,82.79,HEAVY_CPU_LOAD,281.47,88.85,85.74,HEAVY_CPU_LOAD,284.67,87.85,84.16,HEAVY_CPU_LOAD,281.05,87.95,84.62,HEAVY_CPU_LOAD,281.87,86.93,82.22,HEAVY_CPU_LOAD,276.99,84.28,85.15,HEAVY_CPU_LOAD,278.07,85.44,83.82,HEAVY_CPU_LOAD,277.53,89.27,83.71,HEAVY_CPU_LOAD,282.15,84.75,88.28,HEAVY_CPU_LOAD,283.36,86.84,88.3,HEAVY_CPU_LOAD,286.0,29.76,50.0,290.3,0.3,22.0,COOLING,0.3,22.0,COOLING,0.3,22.0,COOLING,0.3,22.0,COOLING,24.869,23.546,23.724,23.82,23.99,24.869,23.546,1.323,1129.06,555.06,559.68,569.36,255.0,255.0,340.0,340.0,214.15,315.15,383.89,309.26,-277.86,169.11,8.14,100.61,1050.0,1050.0,1050.0,1050.0,270.35,244.32,241.71,269.23,2813.16,1190.0,1222.45,4200.0,1025.61,1.0,0.186,1.0,1.0,22.5,TARGETED_WEST_COMPUTE_COOL,11.4689
3,Distributed Heavy Compute,0,507,5070.0,14,3,3,4,4,86.09,85.4,HEAVY_CPU_LOAD,280.71,86.25,86.04,HEAVY_CPU_LOAD,281.87,84.25,84.17,HEAVY_CPU_LOAD,276.57,84.95,87.98,HEAVY_CPU_LOAD,283.16,88.57,83.99,HEAVY_CPU_LOAD,281.7,85.68,82.18,HEAVY_CPU_LOAD,275.37,85.52,87.0,HEAVY_CPU_LOAD,282.4,87.27,88.4,HEAVY_CPU_LOAD,286.69,90.29,84.62,HEAVY_CPU_LOAD,284.79,88.63,87.34,HEAVY_CPU_LOAD,286.8,29.76,50.0,290.4,0.3,22.0,COOLING,0.3,22.0,COOLING,0.3,22.0,COOLING,0.3,22.0,COOLING,24.874,23.551,23.729,23.826,23.995,24.874,23.551,1.323,1122.31,557.07,569.09,571.59,255.0,255.0,340.0,340.0,214.06,315.1,383.87,309.21,-278.09,169.22,8.15,100.72,1050.0,1050.0,1050.0,1050.0,263.28,246.39,251.11,271.52,2820.06,1190.0,1222.24,4200.0,1032.3,1.0,0.192,1.0,1.0,22.5,TARGETED_WEST_COMPUTE_COOL,11.5181
3,Distributed Heavy Compute,0,508,5080.0,14,3,3,4,4,84.36,83.72,HEAVY_CPU_LOAD,276.03,88.09,83.86,HEAVY_CPU_LOAD,280.9,89.29,81.71,HEAVY_CPU_LOAD,279.18,85.43,82.2,HEAVY_CPU_LOAD,275.09,86.61,86.28,HEAVY_CPU_LOAD,282.68,89.88,82.58,HEAVY_CPU_LOAD,281.22,85.69,83.13,HEAVY_CPU_LOAD,276.81,90.08,84.27,HEAVY_CPU_LOAD,284.0,85.81,82.13,HEAVY_CPU_LOAD,275.46,84.25,82.15,HEAVY_CPU_LOAD,273.54,29.76,50.0,290.6,0.3,22.0,COOLING,0.3,22.0,COOLING,0.3,22.0,COOLING,0.3,22.0,COOLING,24.879,23.556,23.734,23.831,24.0,24.879,23.556,1.323,1111.2,563.9,560.81,549.0,255.0,255.0,340.0,340.0,214.02,315.11,383.94,309.2,-277.98,169.24,8.27,100.48,1050.0,1050.0,1050.0,1050.0,252.24,253.25,243.02,248.68,2784.91,1190.0,1222.27,4200.0,997.19,1.0,0.198,1.0,1.0,22.5,TARGETED_WEST_COMPUTE_COOL,11.5479
3,Distributed Heavy Compute,0,509,5090.0,14,3,3,4,4,88.02,85.95,HEAVY_CPU_LOAD,283.95,84.15,87.41,HEAVY_CPU_LOAD,281.3,89.24,88.02,HEAVY_CPU_LOAD,288.58,85.05,85.72,HEAVY_CPU_LOAD,279.89,87.86,86.81,HEAVY_CPU_LOAD,285.04,87.2,81.99,HEAVY_CPU_LOAD,276.99,90.25,86.03,HEAVY_CPU_LOAD,286.86,85.15,82.36,HEAVY_CPU_LOAD,274.98,86.93,84.27,HEAVY_CPU_LOAD,280.07,89.21,87.83,HEAVY_CPU_LOAD,288.26,29.77,50.0,290.7,0.3,22.0,COOLING,0.3,22.0,COOLING,0.3,22.0,COOLING,0.3,22.0,COOLING,24.885,23.561,23.739,23.836,24.005,24.885,23.561,1.324,1133.72,562.03,561.84,568.33,255.0,255.0,340.0,340.0,214.17,315.29,384.13,309.38,-277.99,169.24,8.26,100.49,1050.0,1050.0,1050.0,1050.0,274.9,251.56,244.23,268.2,2825.92,1190.0,1222.97,4200.0,1038.89,1.0,0.2,1.0,1.0,22.5,TARGETED_WEST_COMPUTE_COOL,11.6408
3,Distributed Heavy Compute,0,510,5100.0,14,3,3,4,4,88.71,81.87,HEAVY_CPU_LOAD,278.69,90.09,84.61,HEAVY_CPU_LOAD,284.53,90.33,83.32,HEAVY_CPU_LOAD,282.89,86.35,82.11,HEAVY_CPU_LOAD,276.1,86.13,85.44,HEAVY_CPU_LOAD,280.82,83.95,82.15,HEAVY_CPU_LOAD,273.16,87.9,81.63,HEAVY_CPU_LOAD,277.32,89.64,81.79,HEAVY_CPU_LOAD,279.74,89.68,82.77,HEAVY_CPU_LOAD,281.25,89.23,81.84,HEAVY_CPU_LOAD,279.3,29.77,50.0,290.8,0.3,22.0,COOLING,0.3,22.0,COOLING,0.3,22.0,COOLING,0.3,22.0,COOLING,24.89,23.566,23.744,23.841,24.01,24.89,23.566,1.324,1122.21,553.98,557.06,560.55,255.0,255.0,340.0,340.0,214.08,315.24,384.12,309.33,-278.22,169.35,8.28,100.6,1050.0,1050.0,1050.0,1050.0,263.07,243.57,239.46,260.48,2793.8,1190.0,1222.77,4200.0,1006.58,1.0,0.205,1.0,1.0,22.5,TARGETED_WEST_COMPUTE_COOL,11.6802
3,Distributed Heavy Compute,0,511,5110.0,14,3,3,4,4,90.42,86.11,HEAVY_CPU_LOAD,287.19,90.17,87.54,HEAVY_CPU_LOAD,289.02,83.72,87.03,HEAVY_CPU_LOAD,280.19,86.66,81.86,HEAVY_CPU_LOAD,276.12,90.48,85.49,HEAVY_CPU_LOAD,286.34,88.4,86.14,HEAVY_CPU_LOAD,284.71,85.77,82.4,HEAVY_CPU_LOAD,275.81,89.27,85.5,HEAVY_CPU_LOAD,284.84,86.29,82.16,HEAVY_CPU_LOAD,276.1,84.16,82.63,HEAVY_CPU_LOAD,274.14,29.77,50.0,291.0,0.3,22.0,COOLING,0.3,22.0,COOLING,0.3,22.0,COOLING,0.3,22.0,COOLING,24.896,23.571,23.749,23.846,24.015,24.896,23.571,1.325,1132.52,571.05,560.65,550.24,255.0,255.0,340.0,340.0,214.04,315.27,384.18,309.35,-278.22,169.35,8.28,100.59,1050.0,1050.0,1050.0,1050.0,273.34,260.67,243.11,250.18,2814.46,1190.0,1222.84,4200.0,1027.3,1.0,0.211,1.0,1.0,22.5,TARGETED_WEST_COMPUTE_COOL,11.746
3,Distributed Heavy Compute,0,512,5120.0,14,3,3,4,4,88.94,84.86,HEAVY_CPU_LOAD,283.47,85.41,87.58,HEAVY_CPU_LOAD,283.13,86.86,84.19,HEAVY_CPU_LOAD,279.86,90.24,86.88,HEAVY_CPU_LOAD,288.12,84.89,84.11,HEAVY_CPU_LOAD,277.28,89.67,81.85,HEAVY_CPU_LOAD,279.86,85.89,81.62,HEAVY_CPU_LOAD,274.79,84.25,86.49,HEAVY_CPU_LOAD,280.05,86.72,82.6,HEAVY_CPU_LOAD,277.3,86.76,86.63,HEAVY_CPU_LOAD,283.39,29.78,50.0,291.1,0.3,22.0,COOLING,0.3,22.0,COOLING,0.3,22.0,COOLING,0.3,22.0,COOLING,24.902,23.576,23.754,23.851,24.021,24.902,23.576,1.326,1134.58,557.14,554.84,560.69,255.0,255.0,340.0,340.0,214.17,315.43,384.38,309.52,-278.46,169.45,8.3,100.7,1050.0,1050.0,1050.0,1050.0,275.29,247.02,237.52,260.91,2807.25,1190.0,1223.5,4200.0,1020.74,1.0,0.213,1.0,1.0,22.5,TARGETED_WEST_COMPUTE_COOL,11.8167
3,Distributed Heavy Compute,0,513,5130.0,14,3,3,4,4,87.25,83.41,HEAVY_CPU_LOAD,279.18,88.14,88.1,HEAVY_CPU_LOAD,287.32,85.75,81.89,HEAVY_CPU_LOAD,275.02,89.58,87.77,HEAVY_CPU_LOAD,288.63,86.38,84.06,HEAVY_CPU_LOAD,279.06,90.49,88.35,HEAVY_CPU_LOAD,290.64,88.14,83.52,HEAVY_CPU_LOAD,280.45,87.65,88.28,HEAVY_CPU_LOAD,286.98,84.92,85.42,HEAVY_CPU_LOAD,279.28,85.93,88.02,HEAVY_CPU_LOAD,284.44,29.78,50.0,291.2,0.3,22.0,COOLING,0.3,22.0,COOLING,0.3,22.0,COOLING,0.3,22.0,COOLING,24.908,23.581,23.759,23.856,24.026,24.908,23.581,1.327,1130.15,569.7,567.43,563.72,255.0,255.0,340.0,340.0,214.08,315.39,384.36,309.47,-278.69,169.57,8.31,100.82,1050.0,1050.0,1050.0,1050.0,270.54,259.66,250.1,264.01,2831.0,1190.0,1223.3,4200.0,1044.31,1.0,0.22,1.0,1.0,22.5,TARGETED_WEST_COMPUTE_COOL,11.874
3,Distributed Heavy Compute,0,514,5140.0,14,3,3,4,4,86.42,87.11,HEAVY_CPU_LOAD,283.69,85.58,87.61,HEAVY_CPU_LOAD,283.39,84.09,84.88,HEAVY_CPU_LOAD,277.43,86.45,87.3,HEAVY_CPU_LOAD,284.01,85.82,85.15,HEAVY_CPU_LOAD,280.0,89.66,85.65,HEAVY_CPU_LOAD,285.55,87.77,83.68,HEAVY_CPU_LOAD,280.23,84.54,83.75,HEAVY_CPU_LOAD,276.3,87.7,88.02,HEAVY_CPU_LOAD,286.65,84.92,84.64,HEAVY_CPU_LOAD,278.11,29.78,50.0,291.4,0.3,22.0,COOLING,0.3,22.0,COOLING,0.3,22.0,COOLING,0.3,22.0,COOLING,24.913,23.586,23.764,23.861,24.031,24.913,23.586,1.327,1128.52,565.55,556.53,564.76,255.0,255.0,340.0,340.0,214.02,315.4,384.42,309.49,-278.93,169.68,8.33,100.92,1050.0,1050.0,1050.0,1050.0,268.61,255.63,239.28,265.17,2815.36,1190.0,1223.33,4200.0,1028.69,1.0,0.224,1.0,1.0,22.5,TARGETED_WEST_COMPUTE_COOL,11.9243
3,Distributed Heavy Compute,0,515,5150.0,14,3,3,4,4,85.58,87.82,HEAVY_CPU_LOAD,283.7,89.25,84.5,HEAVY_CPU_LOAD,283.31,83.67,86.98,HEAVY_CPU_LOAD,280.06,84.62,85.58,HEAVY_CPU_LOAD,279.14,84.64,88.3,HEAVY_CPU_LOAD,283.25,86.87,83.44,HEAVY_CPU_LOAD,278.75,87.15,82.47,HEAVY_CPU_LOAD,277.64,85.85,83.67,HEAVY_CPU_LOAD,277.82,84.52,85.34,HEAVY_CPU_LOAD,278.66,85.74,88.0,HEAVY_CPU_LOAD,284.18,29.79,50.0,291.5,0.3,22.0,COOLING,0.3,22.0,COOLING,0.3,22.0,COOLING,0.3,22.0,COOLING,24.918,23.591,23.769,23.866,24.036,24.918,23.591,1.327,1126.21,562.0,555.46,562.84,255.0,255.0,340.0,340.0,214.17,315.58,384.62,309.66,-278.93,169.68,8.33,100.92,1050.0,1050.0,1050.0,1050.0,266.45,252.26,238.41,263.42,2806.51,1190.0,1224.03,4200.0,1020.54,1.0,0.228,1.0,1.0,22.5,TARGETED_WEST_COMPUTE_COOL,11.9762
3,Distributed Heavy Compute,0,516,5160.0,14,3,3,4,4,85.36,84.35,HEAVY_CPU_LOAD,278.22,84.33,86.14,HEAVY_CPU_LOAD,279.62,84.04,84.94,HEAVY_CPU_LOAD,277.46,84.9,85.68,HEAVY_CPU_LOAD,279.64,89.01,82.56,HEAVY_CPU_LOAD,280.1,89.85,86.78,HEAVY_CPU_LOAD,287.48,85.27,82.27,HEAVY_CPU_LOAD,274.99,89.34,82.79,HEAVY_CPU_LOAD,280.86,85.41,84.15,HEAVY_CPU_LOAD,277.99,85.32,83.8,HEAVY_CPU_LOAD,277.35,29.79,50.0,291.7,0.3,22.0,COOLING,0.3,22.0,COOLING,0.3,22.0,COOLING,0.3,22.0,COOLING,24.923,23.596,23.774,23.871,24.041,24.923,23.596,1.327,1114.94,567.58,555.85,555.34,255.0,255.0,340.0,340.0,214.14,315.59,384.69,309.68,-278.92,169.67,8.33,100.92,1050.0,1050.0,1050.0,1050.0,255.16,257.84,238.87,255.94,2793.71,1190.0,1224.1,4200.0,1007.81,1.0,0.235,1.0,1.0,22.5,TARGETED_WEST_COMPUTE_COOL,12.0138
3,Distributed Heavy Compute,0,517,5170.0,14,3,3,4,4,85.7,83.52,HEAVY_CPU_LOAD,277.4,84.52,82.56,HEAVY_CPU_LOAD,274.49,85.02,86.43,HEAVY_CPU_LOAD,280.92,87.08,86.15,HEAVY_CPU_LOAD,283.08,85.37,86.54,HEAVY_CPU_LOAD,281.52,83.67,82.29,HEAVY_CPU_LOAD,273.02,86.21,85.44,HEAVY_CPU_LOAD,280.92,83.74,85.56,HEAVY_CPU_LOAD,278.01,89.56,86.69,HEAVY_CPU_LOAD,286.99,86.6,82.72,HEAVY_CPU_LOAD,277.33,29.8,50.0,291.8,0.3,22.0,COOLING,0.3,22.0,COOLING,0.3,22.0,COOLING,0.3,22.0,COOLING,24.928,23.601,23.779,23.876,24.046,24.928,23.601,1.327,1115.89,554.54,558.93,564.32,255.0,255.0,340.0,340.0,214.28,315.77,384.88,309.85,-278.92,169.67,8.32,100.93,1050.0,1050.0,1050.0,1050.0,256.25,244.98,242.13,265.1,2793.68,1190.0,1224.78,4200.0,1008.46,1.0,0.238,1.0,1.0,22.5,TARGETED_WEST_COMPUTE_COOL,12.0772
3,Distributed Heavy Compute,0,518,5180.0,14,3,3,4,4,87.94,82.51,HEAVY_CPU_LOAD,278.69,87.18,86.4,HEAVY_CPU_LOAD,283.58,87.55,85.48,HEAVY_CPU_LOAD,282.66,84.07,83.4,HEAVY_CPU_LOAD,275.19,88.85,85.51,HEAVY_CPU_LOAD,284.33,85.74,85.08,HEAVY_CPU_LOAD,279.8,84.1,83.48,HEAVY_CPU_LOAD,275.35,85.19,83.43,HEAVY_CPU_LOAD,276.63,85.96,82.0,HEAVY_CPU_LOAD,275.45,88.65,83.79,HEAVY_CPU_LOAD,281.5,29.8,50.0,291.9,0.3,22.0,COOLING,0.3,22.0,COOLING,0.3,22.0,COOLING,0.3,22.0,COOLING,24.933,23.606,23.784,23.881,24.051,24.933,23.606,1.327,1120.12,564.13,551.98,556.95,255.0,255.0,340.0,340.0,214.21,315.72,384.86,309.81,-278.93,169.68,8.33,100.92,1050.0,1050.0,1050.0,1050.0,260.4,254.53,235.17,257.68,2793.18,1190.0,1224.6,4200.0,1007.78,1.0,0.244,1.0,1.0,22.5,TARGETED_WEST_COMPUTE_COOL,12.129
3,Distributed Heavy Compute,0,519,5190.0,14,3,3,4,4,89.35,87.21,HEAVY_CPU_LOAD,287.5,85.2,85.12,HEAVY_CPU_LOAD,279.18,88.73,85.26,HEAVY_CPU_LOAD,283.8,83.88,87.76,HEAVY_CPU_LOAD,281.49,84.13,87.94,HEAVY_CPU_LOAD,282.07,83.71,82.24,HEAVY_CPU_LOAD,273.0,87.3,84.53,HEAVY_CPU_LOAD,280.92,89.48,85.5,HEAVY_CPU_LOAD,285.1,83.54,86.66,HEAVY_CPU_LOAD,279.41,88.97,86.94,HEAVY_CPU_LOAD,286.62,29.8,50.0,292.1,0.3,22.0,COOLING,0.3,22.0,COOLING,0.3,22.0,COOLING,0.3,22.0,COOLING,24.939,23.611,23.789,23.886,24.056,24.939,23.611,1.328,1131.97,555.07,566.02,566.03,255.0,255.0,340.0,340.0,214.18,315.73,384.93,309.82,-278.92,169.67,8.33,100.92,1050.0,1050.0,1050.0,1050.0,272.23,245.47,249.28,266.77,2819.09,1190.0,1224.66,4200.0,1033.75,1.0,0.246,1.0,1.0,22.5,TARGETED_WEST_COMPUTE_COOL,12.2157
3,Distributed Heavy Compute,0,520,5200.0,14,3,3,4,4,85.06,83.18,HEAVY_CPU_LOAD,276.1,84.37,81.56,HEAVY_CPU_LOAD,272.8,89.62,83.95,HEAVY_CPU_LOAD,282.95,90.3,84.0,HEAVY_CPU_LOAD,283.88,84.55,86.32,HEAVY_CPU_LOAD,280.17,86.74,82.66,HEAVY_CPU_LOAD,277.42,85.89,87.82,HEAVY_CPU_LOAD,284.09,83.86,82.86,HEAVY_CPU_LOAD,274.12,87.38,88.11,HEAVY_CPU_LOAD,286.39,90.06,84.9,HEAVY_CPU_LOAD,284.93,29.81,50.0,292.2,0.3,22.0,COOLING,0.3,22.0,COOLING,0.3,22.0,COOLING,0.3,22.0,COOLING,24.944,23.616,23.794,23.892,24.061,24.944,23.616,1.328,1115.73,557.59,558.21,571.32,255.0,255.0,340.0,340.0,214.31,315.9,385.12,309.99,-279.16,169.78,8.34,101.04,1050.0,1050.0,1050.0,1050.0,255.88,248.27,241.67,272.35,2802.85,1190.0,1225.32,4200.0,1018.17,1.0,0.253,1.0,1.0,22.5,TARGETED_WEST_COMPUTE_COOL,12.2528
3,Distributed Heavy Compute,0,521,5210.0,14,3,3,4,4,89.76,83.39,HEAVY_CPU_LOAD,282.28,89.28,86.01,HEAVY_CPU_LOAD,285.62,89.61,83.2,HEAVY_CPU_LOAD,281.81,90.3,81.66,HEAVY_CPU_LOAD,280.37,84.22,82.54,HEAVY_CPU_LOAD,274.08,90.02,84.53,HEAVY_CPU_LOAD,284.32,83.6,85.01,HEAVY_CPU_LOAD,277.01,90.43,86.91,HEAVY_CPU_LOAD,288.4,84.17,84.73,HEAVY_CPU_LOAD,277.31,89.0,84.43,HEAVY_CPU_LOAD,282.89,29.81,50.0,292.4,0.3,22.0,COOLING,0.3,22.0,COOLING,0.3,22.0,COOLING,0.3,22.0,COOLING,24.95,23.621,23.799,23.897,24.067,24.95,23.621,1.329,1130.08,558.4,565.41,560.2,255.0,255.0,340.0,340.0,214.27,315.92,385.19,309.99,-279.05,169.8,8.45,100.8,1050.0,1050.0,1050.0,1050.0,270.3,249.12,249.05,260.99,2814.09,1190.0,1225.37,4200.0,1029.46,1.0,0.256,1.0,1.0,22.5,TARGETED_WEST_COMPUTE_COOL,12.3319
3,Distributed Heavy Compute,0,522,5220.0,14,3,3,4,4,83.54,83.2,HEAVY_CPU_LOAD,274.23,88.84,83.37,HEAVY_CPU_LOAD,281.11,87.35,86.23,HEAVY_CPU_LOAD,283.53,85.44,82.92,HEAVY_CPU_LOAD,276.18,87.33,83.08,HEAVY_CPU_LOAD,278.78,87.05,82.28,HEAVY_CPU_LOAD,277.23,89.93,85.83,HEAVY_CPU_LOAD,286.16,84.41,82.4,HEAVY_CPU_LOAD,274.11,84.65,86.9,HEAVY_CPU_LOAD,281.16,90.43,82.66,HEAVY_CPU_LOAD,282.03,29.81,50.0,292.5,0.3,22.0,COOLING,0.3,22.0,COOLING,0.3,22.0,COOLING,0.3,22.0,COOLING,24.955,23.626,23.804,23.902,24.072,24.955,23.626,1.329,1115.05,556.01,560.27,563.19,255.0,255.0,340.0,340.0,214.18,315.87,385.18,309.94,-279.29,169.91,8.46,100.91,1050.0,1050.0,1050.0,1050.0,254.94,246.79,243.91,264.04,2794.52,1190.0,1225.17,4200.0,1009.68,1.0,0.262,1.0,1.0,22.5,TARGETED_WEST_COMPUTE_COOL,12.37
3,Distributed Heavy Compute,0,523,5230.0,14,3,3,4,4,84.98,81.68,HEAVY_CPU_LOAD,273.75,89.22,82.29,HEAVY_CPU_LOAD,279.96,87.87,83.38,HEAVY_CPU_LOAD,279.91,86.4,83.8,HEAVY_CPU_LOAD,278.7,87.46,81.99,HEAVY_CPU_LOAD,277.31,87.75,83.03,HEAVY_CPU_LOAD,279.23,87.27,85.75,HEAVY_CPU_LOAD,282.71,87.44,83.39,HEAVY_CPU_LOAD,279.38,83.95,86.01,HEAVY_CPU_LOAD,278.95,85.03,85.82,HEAVY_CPU_LOAD,280.02,29.82,50.0,292.6,0.3,22.0,COOLING,0.3,22.0,COOLING,0.3,22.0,COOLING,0.3,22.0,COOLING,24.96,23.631,23.809,23.907,24.077,24.96,23.631,1.329,1112.32,556.54,562.09,558.97,255.0,255.0,340.0,340.0,214.32,316.05,385.36,310.12,-279.28,169.91,8.47,100.91,1050.0,1050.0,1050.0,1050.0,252.36,247.5,245.92,260.0,2789.92,1190.0,1225.85,4200.0,1005.78,1.0,0.267,1.0,1.0,22.5,TARGETED_WEST_COMPUTE_COOL,12.4216
3,Distributed Heavy Compute,0,524,5240.0,14,3,3,4,4,85.51,84.93,HEAVY_CPU_LOAD,279.28,85.74,82.22,HEAVY_CPU_LOAD,275.5,87.48,86.28,HEAVY_CPU_LOAD,283.77,83.64,87.93,HEAVY_CPU_LOAD,281.45,85.29,86.21,HEAVY_CPU_LOAD,280.93,88.71,82.96,HEAVY_CPU_LOAD,280.33,89.97,81.75,HEAVY_CPU_LOAD,280.09,85.56,81.89,HEAVY_CPU_LOAD,274.78,83.54,83.22,HEAVY_CPU_LOAD,274.25,83.76,83.17,HEAVY_CPU_LOAD,274.45,29.82,50.0,292.8,0.3,22.0,COOLING,0.3,22.0,COOLING,0.3,22.0,COOLING,0.3,22.0,COOLING,24.965,23.636,23.814,23.912,24.082,24.965,23.636,1.329,1120.0,561.26,554.87,548.7,255.0,255.0,340.0,340.0,214.29,316.06,385.44,310.13,-279.29,169.91,8.46,100.91,1050.0,1050.0,1050.0,1050.0,260.0,252.23,238.77,249.74,2784.83,1190.0,1225.92,4200.0,1000.74,1.0,0.272,1.0,1.0,22.5,TARGETED_WEST_COMPUTE_COOL,12.4792
3,Distributed Heavy Compute,0,525,5250.0,14,3,3,4,4,83.75,87.01,HEAVY_CPU_LOAD,280.2,89.64,82.22,HEAVY_CPU_LOAD,280.38,87.1,86.53,HEAVY_CPU_LOAD,283.67,88.32,86.39,HEAVY_CPU_LOAD,284.99,89.85,82.04,HEAVY_CPU_LOAD,280.37,87.17,82.27,HEAVY_CPU_LOAD,277.37,86.89,85.02,HEAVY_CPU_LOAD,281.14,88.55,85.29,HEAVY_CPU_LOAD,283.62,85.71,82.63,HEAVY_CPU_LOAD,276.08,85.08,85.92,HEAVY_CPU_LOAD,280.23,29.82,50.0,292.9,0.3,22.0,COOLING,0.3,22.0,COOLING,0.3,22.0,COOLING,0.3,22.0,COOLING,24.97,23.641,23.819,23.917,24.087,24.97,23.641,1.329,1129.24,557.74,564.76,556.31,255.0,255.0,340.0,340.0,214.22,316.02,385.42,310.08,-279.29,169.91,8.46,100.91,1050.0,1050.0,1050.0,1050.0,269.17,248.67,248.64,257.3,2808.05,1190.0,1225.74,4200.0,1023.78,1.0,0.276,1.0,1.0,22.5,TARGETED_WEST_COMPUTE_COOL,12.5515
3,Distributed Heavy Compute,0,526,5260.0,14,3,3,4,4,88.48,84.66,HEAVY_CPU_LOAD,282.59,86.44,84.95,HEAVY_CPU_LOAD,280.48,84.66,86.88,HEAVY_CPU_LOAD,281.14,89.04,82.02,HEAVY_CPU_LOAD,279.33,89.88,81.72,HEAVY_CPU_LOAD,279.93,89.25,86.69,HEAVY_CPU_LOAD,286.6,88.17,87.68,HEAVY_CPU_LOAD,286.73,88.36,83.43,HEAVY_CPU_LOAD,280.6,88.37,82.65,HEAVY_CPU_LOAD,279.44,86.63,84.08,HEAVY_CPU_LOAD,279.41,29.83,50.0,293.1,0.3,22.0,COOLING,0.3,22.0,COOLING,0.3,22.0,COOLING,0.3,22.0,COOLING,24.975,23.646,23.824,23.922,24.092,24.975,23.646,1.329,1123.54,566.53,567.33,558.85,255.0,255.0,340.0,340.0,214.4,316.25,385.7,310.32,-279.28,169.91,8.47,100.91,1050.0,1050.0,1050.0,1050.0,263.66,257.69,251.5,260.08,2816.25,1190.0,1226.67,4200.0,1032.93,1.0,0.283,1.0,1.0,22.5,TARGETED_WEST_COMPUTE_COOL,12.5997
3,Distributed Heavy Compute,0,527,5270.0,14,3,3,4,4,84.38,83.11,HEAVY_CPU_LOAD,275.14,84.88,86.87,HEAVY_CPU_LOAD,281.4,87.35,87.45,HEAVY_CPU_LOAD,285.36,88.11,85.63,HEAVY_CPU_LOAD,283.58,85.04,86.17,HEAVY_CPU_LOAD,280.56,89.81,88.33,HEAVY_CPU_LOAD,289.76,86.31,83.39,HEAVY_CPU_LOAD,277.97,85.77,84.53,HEAVY_CPU_LOAD,279.01,86.26,85.85,HEAVY_CPU_LOAD,281.6,88.74,84.53,HEAVY_CPU_LOAD,282.72,29.83,50.0,293.2,0.3,22.0,COOLING,0.3,22.0,COOLING,0.3,22.0,COOLING,0.3,22.0,COOLING,24.98,23.651,23.829,23.927,24.097,24.98,23.651,1.329,1125.48,570.32,556.98,564.32,255.0,255.0,340.0,340.0,214.33,316.21,385.68,310.27,-279.29,169.91,8.46,100.91,1050.0,1050.0,1050.0,1050.0,265.52,261.44,241.12,265.5,2817.1,1190.0,1226.49,4200.0,1033.58,1.0,0.288,1.0,1.0,22.5,TARGETED_WEST_COMPUTE_COOL,12.6552
3,Distributed Heavy Compute,0,528,5280.0,14,3,3,4,4,84.44,87.96,HEAVY_CPU_LOAD,282.49,89.63,86.2,HEAVY_CPU_LOAD,286.34,87.01,81.62,HEAVY_CPU_LOAD,276.19,85.62,85.34,HEAVY_CPU_LOAD,280.04,85.46,81.55,HEAVY_CPU_LOAD,274.15,87.58,88.3,HEAVY_CPU_LOAD,286.93,84.52,87.66,HEAVY_CPU_LOAD,282.14,85.21,86.82,HEAVY_CPU_LOAD,281.74,86.18,85.46,HEAVY_CPU_LOAD,280.92,90.25,82.28,HEAVY_CPU_LOAD,281.23,29.83,50.0,293.3,0.3,22.0,COOLING,0.3,22.0,COOLING,0.3,22.0,COOLING,0.3,22.0,COOLING,24.985,23.656,23.834,23.932,24.102,24.985,23.656,1.329,1125.06,561.08,563.88,562.15,255.0,255.0,340.0,340.0,214.26,316.16,385.66,310.22,-279.29,169.91,8.46,100.91,1050.0,1050.0,1050.0,1050.0,265.03,252.15,248.0,263.28,2812.17,1190.0,1226.3,4200.0,1028.46,1.0,0.292,1.0,1.0,22.5,TARGETED_WEST_COMPUTE_COOL,12.7155
3,Distributed Heavy Compute,0,529,5290.0,14,3,3,4,4,88.27,83.42,HEAVY_CPU_LOAD,280.47,84.94,87.08,HEAVY_CPU_LOAD,281.8,83.55,82.82,HEAVY_CPU_LOAD,273.67,89.57,88.45,HEAVY_CPU_LOAD,289.64,86.8,88.07,HEAVY_CPU_LOAD,285.61,84.08,88.5,HEAVY_CPU_LOAD,282.85,90.4,85.81,HEAVY_CPU_LOAD,286.72,89.05,85.31,HEAVY_CPU_LOAD,284.28,85.74,83.08,HEAVY_CPU_LOAD,276.8,87.57,85.96,HEAVY_CPU_LOAD,283.4,29.84,50.0,293.5,0.3,22.0,COOLING,0.3,22.0,COOLING,0.3,22.0,COOLING,0.3,22.0,COOLING,24.99,23.661,23.839,23.937,24.107,24.99,23.661,1.329,1125.58,568.46,571.0,560.2,255.0,255.0,340.0,340.0,214.44,316.4,385.94,310.46,-279.29,169.91,8.46,100.91,1050.0,1050.0,1050.0,1050.0,265.73,259.77,255.4,261.57,2825.24,1190.0,1227.24,4200.0,1042.47,1.0,0.298,1.0,1.0,22.5,TARGETED_WEST_COMPUTE_COOL,12.7718
3,Distributed Heavy Compute,0,530,5300.0,14,3,3,4,4,90.42,83.57,HEAVY_CPU_LOAD,283.38,84.25,84.52,HEAVY_CPU_LOAD,277.09,87.68,87.09,HEAVY_CPU_LOAD,285.24,89.85,85.79,HEAVY_CPU_LOAD,286.0,89.8,82.15,HEAVY_CPU_LOAD,280.48,89.53,83.87,HEAVY_CPU_LOAD,282.72,84.65,83.82,HEAVY_CPU_LOAD,276.54,87.49,86.73,HEAVY_CPU_LOAD,284.46,88.05,83.72,HEAVY_CPU_LOAD,280.64,84.71,84.99,HEAVY_CPU_LOAD,278.37,29.84,50.0,293.6,0.3,22.0,COOLING,0.3,22.0,COOLING,0.3,22.0,COOLING,0.3,22.0,COOLING,24.996,23.666,23.844,23.942,24.112,24.996,23.666,1.33,1131.71,563.2,561.0,559.01,255.0,255.0,340.0,340.0,214.38,316.35,385.92,310.41,-279.28,169.91,8.47,100.91,1050.0,1050.0,1050.0,1050.0,271.81,254.46,245.39,260.33,2814.92,1190.0,1227.06,4200.0,1031.99,1.0,0.3,1.0,1.0,22.5,TARGETED_WEST_COMPUTE_COOL,12.8432
3,Distributed Heavy Compute,0,531,5310.0,14,3,3,4,4,84.74,87.21,HEAVY_CPU_LOAD,281.74,84.35,82.22,HEAVY_CPU_LOAD,273.77,88.08,86.55,HEAVY_CPU_LOAD,284.93,84.04,83.35,HEAVY_CPU_LOAD,275.07,83.88,85.06,HEAVY_CPU_LOAD,277.44,86.58,87.32,HEAVY_CPU_LOAD,284.21,89.81,87.5,HEAVY_CPU_LOAD,288.51,85.42,88.08,HEAVY_CPU_LOAD,283.89,85.26,85.07,HEAVY_CPU_LOAD,279.18,90.38,82.64,HEAVY_CPU_LOAD,281.94,29.84,50.0,293.8,0.3,22.0,COOLING,0.3,22.0,COOLING,0.3,22.0,COOLING,0.3,22.0,COOLING,25.001,23.671,23.849,23.947,24.117,25.001,23.671,1.33,1115.51,561.65,572.4,561.12,255.0,255.0,340.0,340.0,214.32,316.36,385.98,310.43,-279.52,170.02,8.48,101.02,1050.0,1050.0,1050.0,1050.0,255.31,253.03,256.86,262.57,2810.68,1190.0,1227.09,4200.0,1027.77,1.0,0.307,1.0,1.0,22.5,TARGETED_WEST_COMPUTE_COOL,12.8857
3,Distributed Heavy Compute,0,532,5320.0,14,3,3,4,4,86.0,87.2,HEAVY_CPU_LOAD,283.3,85.65,82.86,HEAVY_CPU_LOAD,276.35,85.44,84.8,HEAVY_CPU_LOAD,279.0,87.81,87.09,HEAVY_CPU_LOAD,285.4,86.39,82.05,HEAVY_CPU_LOAD,276.06,86.25,86.98,HEAVY_CPU_LOAD,283.28,85.48,83.01,HEAVY_CPU_LOAD,276.37,86.73,84.73,HEAVY_CPU_LOAD,280.51,86.75,88.0,HEAVY_CPU_LOAD,285.44,89.9,82.9,HEAVY_CPU_LOAD,281.73,29.85,50.0,293.9,0.3,22.0,COOLING,0.3,22.0,COOLING,0.3,22.0,COOLING,0.3,22.0,COOLING,25.006,23.676,23.854,23.952,24.122,25.006,23.676,1.33,1124.05,559.34,556.88,567.17,255.0,255.0,340.0,340.0,214.46,316.54,386.18,310.6,-279.52,170.02,8.48,101.02,1050.0,1050.0,1050.0,1050.0,263.99,250.9,241.54,268.79,2807.44,1190.0,1227.78,4200.0,1025.22,1.0,0.31,1.0,1.0,22.5,TARGETED_WEST_COMPUTE_COOL,12.9506
3,Distributed Heavy Compute,0,533,5330.0,14,3,3,4,4,85.8,86.69,HEAVY_CPU_LOAD,282.28,90.41,85.79,HEAVY_CPU_LOAD,286.7,85.84,84.3,HEAVY_CPU_LOAD,278.75,88.38,88.23,HEAVY_CPU_LOAD,287.82,88.68,84.78,HEAVY_CPU_LOAD,283.02,87.53,81.61,HEAVY_CPU_LOAD,276.83,88.55,85.54,HEAVY_CPU_LOAD,284.0,87.99,86.03,HEAVY_CPU_LOAD,284.03,83.71,86.96,HEAVY_CPU_LOAD,280.08,84.5,82.43,HEAVY_CPU_LOAD,274.27,29.85,50.0,294.0,0.3,22.0,COOLING,0.3,22.0,COOLING,0.3,22.0,COOLING,0.3,22.0,COOLING,25.012,23.681,23.859,23.957,24.127,25.012,23.681,1.331,1135.55,559.85,568.03,554.35,255.0,255.0,340.0,340.0,214.4,316.49,386.16,310.56,-279.52,170.02,8.48,101.02,1050.0,1050.0,1050.0,1050.0,275.43,251.36,252.67,255.93,2817.78,1190.0,1227.61,4200.0,1035.39,1.0,0.314,1.0,1.0,22.5,TARGETED_WEST_COMPUTE_COOL,13.0297
3,Distributed Heavy Compute,0,534,5340.0,14,3,3,4,4,87.24,84.47,HEAVY_CPU_LOAD,280.75,85.88,83.7,HEAVY_CPU_LOAD,277.9,89.99,83.61,HEAVY_CPU_LOAD,282.9,88.94,85.07,HEAVY_CPU_LOAD,283.78,87.97,82.91,HEAVY_CPU_LOAD,279.33,88.13,87.25,HEAVY_CPU_LOAD,286.04,86.25,86.02,HEAVY_CPU_LOAD,281.84,85.67,81.89,HEAVY_CPU_LOAD,274.92,86.49,86.41,HEAVY_CPU_LOAD,282.73,86.49,85.22,HEAVY_CPU_LOAD,280.94,29.85,50.0,294.2,0.3,22.0,COOLING,0.3,22.0,COOLING,0.3,22.0,COOLING,0.3,22.0,COOLING,25.017,23.686,23.864,23.962,24.132,25.017,23.686,1.331,1125.33,565.37,556.76,563.67,255.0,255.0,340.0,340.0,214.35,316.51,386.24,310.58,-279.75,170.13,8.49,101.13,1050.0,1050.0,1050.0,1050.0,264.93,257.01,241.49,265.38,2811.13,1190.0,1227.68,4200.0,1028.81,1.0,0.32,1.0,1.0,22.5,TARGETED_WEST_COMPUTE_COOL,13.0726
3,Distributed Heavy Compute,0,535,5350.0,14,3,3,4,4,87.92,84.22,HEAVY_CPU_LOAD,281.23,88.06,85.05,HEAVY_CPU_LOAD,282.65,84.72,84.11,HEAVY_CPU_LOAD,277.06,88.3,82.65,HEAVY_CPU_LOAD,279.35,89.15,87.93,HEAVY_CPU_LOAD,288.33,83.77,82.13,HEAVY_CPU_LOAD,272.91,88.04,87.58,HEAVY_CPU_LOAD,286.42,86.74,81.95,HEAVY_CPU_LOAD,276.35,84.67,83.86,HEAVY_CPU_LOAD,276.63,83.95,81.96,HEAVY_CPU_LOAD,272.88,29.86,50.0,294.3,0.3,22.0,COOLING,0.3,22.0,COOLING,0.3,22.0,COOLING,0.3,22.0,COOLING,25.022,23.691,23.869,23.967,24.137,25.022,23.691,1.331,1120.29,561.24,562.77,549.51,255.0,255.0,340.0,340.0,214.48,316.68,386.42,310.75,-279.75,170.13,8.49,101.13,1050.0,1050.0,1050.0,1050.0,260.02,253.05,247.68,251.39,2793.81,1190.0,1228.33,4200.0,1012.14,1.0,0.325,1.0,1.0,22.5,TARGETED_WEST_COMPUTE_COOL,13.1235
3,Distributed Heavy Compute,0,536,5360.0,14,3,3,4,4,88.95,87.52,HEAVY_CPU_LOAD,287.47,89.05,86.07,HEAVY_CPU_LOAD,285.42,84.66,84.35,HEAVY_CPU_LOAD,277.35,83.67,82.66,HEAVY_CPU_LOAD,273.58,88.88,82.73,HEAVY_CPU_LOAD,280.19,87.19,87.91,HEAVY_CPU_LOAD,285.85,85.69,87.95,HEAVY_CPU_LOAD,284.04,84.74,86.64,HEAVY_CPU_LOAD,280.88,88.46,81.89,HEAVY_CPU_LOAD,278.41,86.72,83.18,HEAVY_CPU_LOAD,278.17,29.86,50.0,294.4,0.3,22.0,COOLING,0.3,22.0,COOLING,0.3,22.0,COOLING,0.3,22.0,COOLING,25.027,23.696,23.874,23.972,24.142,25.027,23.696,1.331,1123.82,566.04,564.92,556.58,255.0,255.0,340.0,340.0,214.42,316.63,386.41,310.7,-279.75,170.13,8.49,101.13,1050.0,1050.0,1050.0,1050.0,263.49,257.8,249.82,258.41,2811.36,1190.0,1228.16,4200.0,1029.52,1.0,0.331,1.0,1.0,22.5,TARGETED_WEST_COMPUTE_COOL,13.1864
3,Distributed Heavy Compute,0,537,5370.0,14,3,3,4,4,84.73,83.14,HEAVY_CPU_LOAD,275.62,86.44,82.71,HEAVY_CPU_LOAD,277.12,84.16,83.4,HEAVY_CPU_LOAD,275.3,86.6,86.98,HEAVY_CPU_LOAD,283.72,89.09,86.67,HEAVY_CPU_LOAD,286.37,90.36,83.26,HEAVY_CPU_LOAD,282.84,88.54,82.58,HEAVY_CPU_LOAD,279.55,87.5,81.98,HEAVY_CPU_LOAD,277.35,83.79,86.58,HEAVY_CPU_LOAD,279.61,86.16,85.8,HEAVY_CPU_LOAD,281.4,29.86,50.0,294.6,0.3,22.0,COOLING,0.3,22.0,COOLING,0.3,22.0,COOLING,0.3,22.0,COOLING,25.032,23.701,23.879,23.977,24.147,25.032,23.701,1.331,1111.76,569.21,556.9,561.01,255.0,255.0,340.0,340.0,214.38,316.65,386.47,310.71,-279.75,170.13,8.5,101.13,1050.0,1050.0,1050.0,1050.0,251.39,260.99,241.87,262.85,2798.88,1190.0,1228.21,4200.0,1017.1,1.0,0.337,1.0,1.0,22.5,TARGETED_WEST_COMPUTE_COOL,13.2282
3,Distributed Heavy Compute,0,538,5380.0,14,3,3,4,4,89.8,81.85,HEAVY_CPU_LOAD,280.02,86.48,85.17,HEAVY_CPU_LOAD,280.86,89.92,86.31,HEAVY_CPU_LOAD,286.87,87.42,87.73,HEAVY_CPU_LOAD,285.87,90.31,86.96,HEAVY_CPU_LOAD,288.33,87.06,82.75,HEAVY_CPU_LOAD,277.95,87.37,88.44,HEAVY_CPU_LOAD,286.87,90.11,85.53,HEAVY_CPU_LOAD,285.93,87.22,83.07,HEAVY_CPU_LOAD,278.63,83.89,82.25,HEAVY_CPU_LOAD,273.24,29.87,50.0,294.7,0.3,22.0,COOLING,0.3,22.0,COOLING,0.3,22.0,COOLING,0.3,22.0,COOLING,25.038,23.706,23.884,23.982,24.152,25.038,23.706,1.332,1133.62,566.28,572.8,551.87,255.0,255.0,340.0,340.0,214.53,316.82,386.67,310.89,-279.75,170.13,8.49,101.13,1050.0,1050.0,1050.0,1050.0,273.4,258.23,257.96,253.89,2824.57,1190.0,1228.91,4200.0,1043.48,1.0,0.34,1.0,1.0,22.5,TARGETED_WEST_COMPUTE_COOL,13.3242
3,Distributed Heavy Compute,0,539,5390.0,14,3,3,4,4,86.35,85.38,HEAVY_CPU_LOAD,281.01,88.75,84.26,HEAVY_CPU_LOAD,282.33,86.19,81.74,HEAVY_CPU_LOAD,275.35,85.22,87.65,HEAVY_CPU_LOAD,283.0,87.16,85.52,HEAVY_CPU_LOAD,282.23,87.41,83.54,HEAVY_CPU_LOAD,279.57,87.8,84.51,HEAVY_CPU_LOAD,281.51,89.43,87.51,HEAVY_CPU_LOAD,288.05,83.77,84.99,HEAVY_CPU_LOAD,277.2,85.82,83.16,HEAVY_CPU_LOAD,277.01,29.87,50.0,294.9,0.3,22.0,COOLING,0.3,22.0,COOLING,0.3,22.0,COOLING,0.3,22.0,COOLING,25.043,23.711,23.889,23.987,24.157,25.043,23.711,1.332,1121.69,561.8,569.56,554.21,255.0,255.0,340.0,340.0,214.48,316.84,386.74,310.9,-279.99,170.24,8.51,101.24,1050.0,1050.0,1050.0,1050.0,261.18,253.88,254.81,256.35,2807.26,1190.0,1228.96,4200.0,1026.22,1.0,0.345,1.0,1.0,22.5,TARGETED_WEST_COMPUTE_COOL,13.3696
3,Distributed Heavy Compute,0,540,5400.0,14,3,3,4,4,83.89,84.31,HEAVY_CPU_LOAD,276.33,89.65,87.69,HEAVY_CPU_LOAD,288.6,88.11,86.51,HEAVY_CPU_LOAD,284.9,89.08,88.3,HEAVY_CPU_LOAD,288.8,88.84,85.46,HEAVY_CPU_LOAD,284.24,86.92,85.21,HEAVY_CPU_LOAD,281.46,83.86,81.73,HEAVY_CPU_LOAD,272.42,89.84,82.46,HEAVY_CPU_LOAD,280.99,90.15,85.29,HEAVY_CPU_LOAD,285.62,84.17,83.33,HEAVY_CPU_LOAD,275.21,29.88,50.0,295.0,0.3,22.0,COOLING,0.3,22.0,COOLING,0.3,22.0,COOLING,0.3,22.0,COOLING,25.049,23.716,23.894,23.992,24.163,25.049,23.716,1.333,1138.63,565.7,553.41,560.83,255.0,255.0,340.0,340.0,214.62,317.01,386.93,311.08,-279.99,170.24,8.51,101.24,1050.0,1050.0,1050.0,1050.0,278.26,257.95,238.85,263.15,2818.57,1190.0,1229.64,4200.0,1038.21,1.0,0.347,1.0,1.0,22.5,TARGETED_WEST_COMPUTE_COOL,13.4532
3,Distributed Heavy Compute,0,541,5410.0,14,3,3,4,4,83.85,85.64,HEAVY_CPU_LOAD,278.27,90.45,81.92,HEAVY_CPU_LOAD,280.94,86.77,87.15,HEAVY_CPU_LOAD,284.19,89.75,88.38,HEAVY_CPU_LOAD,289.76,89.72,86.47,HEAVY_CPU_LOAD,286.86,86.61,82.46,HEAVY_CPU_LOAD,276.95,89.96,81.95,HEAVY_CPU_LOAD,280.38,89.9,84.9,HEAVY_CPU_LOAD,284.73,85.64,86.95,HEAVY_CPU_LOAD,282.48,86.04,84.63,HEAVY_CPU_LOAD,279.5,29.88,50.0,295.1,0.3,22.0,COOLING,0.3,22.0,COOLING,0.3,22.0,COOLING,0.3,22.0,COOLING,25.055,23.721,23.899,23.997,24.168,25.055,23.721,1.334,1133.16,563.81,565.11,561.98,255.0,255.0,340.0,340.0,214.53,316.97,386.91,311.03,-280.22,170.35,8.53,101.35,1050.0,1050.0,1050.0,1050.0,272.47,256.13,250.55,264.36,2824.06,1190.0,1229.44,4200.0,1043.51,1.0,0.352,1.0,1.0,22.5,TARGETED_WEST_COMPUTE_COOL,13.5192
3,Distributed Heavy Compute,0,542,5420.0,14,3,3,4,4,87.29,82.95,HEAVY_CPU_LOAD,278.54,89.7,87.34,HEAVY_CPU_LOAD,288.13,85.39,82.98,HEAVY_CPU_LOAD,276.21,88.2,86.28,HEAVY_CPU_LOAD,284.67,85.58,82.51,HEAVY_CPU_LOAD,275.74,88.66,86.21,HEAVY_CPU_LOAD,285.14,84.3,84.82,HEAVY_CPU_LOAD,277.61,87.2,85.7,HEAVY_CPU_LOAD,282.55,86.43,88.37,HEAVY_CPU_LOAD,285.59,87.35,81.66,HEAVY_CPU_LOAD,276.68,29.88,50.0,295.3,0.3,22.0,COOLING,0.3,22.0,COOLING,0.3,22.0,COOLING,0.3,22.0,COOLING,25.06,23.726,23.904,24.002,24.173,25.06,23.726,1.334,1127.55,560.88,560.16,562.27,255.0,255.0,340.0,340.0,214.48,316.98,386.98,311.04,-280.46,170.46,8.54,101.46,1050.0,1050.0,1050.0,1050.0,266.57,253.32,245.68,264.77,2810.86,1190.0,1229.48,4200.0,1030.34,1.0,0.357,1.0,1.0,22.5,TARGETED_WEST_COMPUTE_COOL,13.5708
3,Distributed Heavy Compute,0,543,5430.0,14,3,3,4,4,86.58,83.51,HEAVY_CPU_LOAD,278.49,85.81,82.88,HEAVY_CPU_LOAD,276.58,83.76,86.74,HEAVY_CPU_LOAD,279.81,86.63,87.12,HEAVY_CPU_LOAD,283.97,85.81,83.55,HEAVY_CPU_LOAD,277.59,89.42,87.95,HEAVY_CPU_LOAD,288.7,88.55,85.0,HEAVY_CPU_LOAD,283.19,85.73,84.3,HEAVY_CPU_LOAD,278.61,87.2,84.45,HEAVY_CPU_LOAD,280.68,86.51,84.76,HEAVY_CPU_LOAD,280.28,29.89,50.0,295.4,0.3,22.0,COOLING,0.3,22.0,COOLING,0.3,22.0,COOLING,0.3,22.0,COOLING,25.065,23.731,23.909,24.007,24.178,25.065,23.731,1.334,1118.85,566.29,561.8,560.96,255.0,255.0,340.0,340.0,214.62,317.15,387.17,311.21,-280.46,170.46,8.54,101.46,1050.0,1050.0,1050.0,1050.0,258.01,258.9,247.51,263.63,2807.9,1190.0,1230.15,4200.0,1028.05,1.0,0.364,1.0,1.0,22.5,TARGETED_WEST_COMPUTE_COOL,13.6182
3,Distributed Heavy Compute,0,544,5440.0,14,3,3,4,4,86.68,83.0,HEAVY_CPU_LOAD,277.85,86.42,87.61,HEAVY_CPU_LOAD,284.44,84.78,85.15,HEAVY_CPU_LOAD,278.7,85.59,86.64,HEAVY_CPU_LOAD,281.95,84.91,86.7,HEAVY_CPU_LOAD,281.19,90.12,82.87,HEAVY_CPU_LOAD,281.95,85.12,87.08,HEAVY_CPU_LOAD,282.02,85.72,84.57,HEAVY_CPU_LOAD,279.0,84.91,86.85,HEAVY_CPU_LOAD,281.41,83.75,85.28,HEAVY_CPU_LOAD,277.61,29.89,50.0,295.6,0.3,22.0,COOLING,0.3,22.0,COOLING,0.3,22.0,COOLING,0.3,22.0,COOLING,25.07,23.736,23.914,24.012,24.183,25.07,23.736,1.334,1122.94,563.14,561.02,559.02,255.0,255.0,340.0,340.0,214.59,317.17,387.24,311.23,-280.46,170.46,8.54,101.46,1050.0,1050.0,1050.0,1050.0,262.07,255.77,246.8,261.71,2806.12,1190.0,1230.23,4200.0,1026.35,1.0,0.368,1.0,1.0,22.5,TARGETED_WEST_COMPUTE_COOL,13.6823
3,Distributed Heavy Compute,0,545,5450.0,14,3,3,4,4,89.18,83.44,HEAVY_CPU_LOAD,281.64,85.83,84.94,HEAVY_CPU_LOAD,279.7,85.75,88.29,HEAVY_CPU_LOAD,284.62,87.94,87.48,HEAVY_CPU_LOAD,286.14,88.96,87.89,HEAVY_CPU_LOAD,288.03,86.47,84.37,HEAVY_CPU_LOAD,279.64,86.19,86.4,HEAVY_CPU_LOAD,282.34,85.77,87.98,HEAVY_CPU_LOAD,284.18,86.35,84.64,HEAVY_CPU_LOAD,279.9,88.84,88.0,HEAVY_CPU_LOAD,288.05,29.89,50.0,295.7,0.3,22.0,COOLING,0.3,22.0,COOLING,0.3,22.0,COOLING,0.3,22.0,COOLING,25.076,23.741,23.919,24.018,24.189,25.076,23.741,1.335,1132.1,567.67,566.52,567.95,255.0,255.0,340.0,340.0,214.52,317.12,387.22,311.19,-280.46,170.46,8.54,101.46,1050.0,1050.0,1050.0,1050.0,271.16,260.25,252.28,270.6,2834.24,1190.0,1230.05,4200.0,1054.29,1.0,0.372,1.0,1.0,22.5,TARGETED_WEST_COMPUTE_COOL,13.7674
3,Distributed Heavy Compute,0,546,5460.0,14,3,3,4,4,88.71,86.46,HEAVY_CPU_LOAD,285.58,85.11,85.51,HEAVY_CPU_LOAD,279.65,83.63,86.92,HEAVY_CPU_LOAD,279.92,83.97,82.33,HEAVY_CPU_LOAD,273.46,85.1,87.1,HEAVY_CPU_LOAD,282.02,83.8,87.59,HEAVY_CPU_LOAD,281.13,87.87,85.47,HEAVY_CPU_LOAD,283.04,88.89,84.36,HEAVY_CPU_LOAD,282.65,90.47,85.68,HEAVY_CPU_LOAD,286.61,89.19,82.83,HEAVY_CPU_LOAD,280.73,29.9,50.0,295.8,0.3,22.0,COOLING,0.3,22.0,COOLING,0.3,22.0,COOLING,0.3,22.0,COOLING,25.081,23.746,23.924,24.024,24.194,25.081,23.746,1.335,1118.61,563.15,565.69,567.34,255.0,255.0,340.0,340.0,214.64,317.3,387.41,311.34,-280.59,170.59,8.66,101.33,1050.0,1050.0,1050.0,1050.0,257.66,256.04,251.76,270.01,2814.79,1190.0,1230.69,4200.0,1035.47,1.0,0.378,1.0,1.0,22.5,TARGETED_WEST_COMPUTE_COOL,13.8148
3,Distributed Heavy Compute,0,547,5470.0,14,3,3,4,4,90.09,85.34,HEAVY_CPU_LOAD,285.62,87.6,88.21,HEAVY_CPU_LOAD,286.81,84.32,86.28,HEAVY_CPU_LOAD,279.82,87.29,83.95,HEAVY_CPU_LOAD,280.04,85.72,83.71,HEAVY_CPU_LOAD,277.71,87.14,83.34,HEAVY_CPU_LOAD,278.94,87.79,88.19,HEAVY_CPU_LOAD,287.02,89.11,87.67,HEAVY_CPU_LOAD,287.89,89.11,83.71,HEAVY_CPU_LOAD,281.95,87.51,88.13,HEAVY_CPU_LOAD,286.58,29.9,50.0,296.0,0.3,22.0,COOLING,0.3,22.0,COOLING,0.3,22.0,COOLING,0.3,22.0,COOLING,25.087,23.751,23.929,24.03,24.199,25.087,23.751,1.336,1132.29,556.65,574.91,568.53,255.0,255.0,340.0,340.0,214.61,317.31,387.48,311.33,-280.47,170.6,8.78,101.1,1050.0,1050.0,1050.0,1050.0,271.43,249.56,261.17,270.96,2832.38,1190.0,1230.73,4200.0,1053.12,1.0,0.38,1.0,1.0,22.5,TARGETED_WEST_COMPUTE_COOL,13.9082
3,Distributed Heavy Compute,0,548,5480.0,14,3,3,4,4,86.21,85.88,HEAVY_CPU_LOAD,281.58,85.63,83.62,HEAVY_CPU_LOAD,277.47,90.07,86.62,HEAVY_CPU_LOAD,287.52,87.05,83.8,HEAVY_CPU_LOAD,279.51,88.39,87.87,HEAVY_CPU_LOAD,287.29,87.4,83.36,HEAVY_CPU_LOAD,279.29,83.76,85.32,HEAVY_CPU_LOAD,277.68,84.1,85.55,HEAVY_CPU_LOAD,278.45,89.72,87.09,HEAVY_CPU_LOAD,287.78,85.69,81.87,HEAVY_CPU_LOAD,274.92,29.9,50.0,296.1,0.3,22.0,COOLING,0.3,22.0,COOLING,0.3,22.0,COOLING,0.3,22.0,COOLING,25.092,23.756,23.934,24.035,24.204,25.092,23.756,1.336,1126.08,566.58,556.13,562.7,255.0,255.0,340.0,340.0,214.52,317.26,387.47,311.26,-280.6,170.72,8.9,100.97,1050.0,1050.0,1050.0,1050.0,265.0,259.56,242.5,264.93,2811.49,1190.0,1230.51,4200.0,1031.99,1.0,0.386,1.0,1.0,22.5,TARGETED_WEST_COMPUTE_COOL,13.9496
3,Distributed Heavy Compute,0,549,5490.0,14,3,3,4,4,87.2,87.4,HEAVY_CPU_LOAD,285.1,85.56,85.06,HEAVY_CPU_LOAD,279.54,85.54,83.95,HEAVY_CPU_LOAD,277.85,86.55,88.42,HEAVY_CPU_LOAD,285.82,84.44,86.83,HEAVY_CPU_LOAD,280.8,86.43,81.63,HEAVY_CPU_LOAD,275.48,86.31,83.47,HEAVY_CPU_LOAD,278.09,85.47,85.11,HEAVY_CPU_LOAD,279.5,85.74,84.12,HEAVY_CPU_LOAD,278.36,85.54,86.17,HEAVY_CPU_LOAD,281.18,29.91,50.0,296.2,0.3,22.0,COOLING,0.3,22.0,COOLING,0.3,22.0,COOLING,0.3,22.0,COOLING,25.097,23.761,23.939,24.04,24.209,25.097,23.761,1.336,1128.31,556.28,557.59,559.54,255.0,255.0,340.0,340.0,214.67,317.43,387.66,311.43,-280.6,170.72,8.9,100.97,1050.0,1050.0,1050.0,1050.0,267.38,249.43,244.15,261.94,2801.72,1190.0,1231.19,4200.0,1022.9,1.0,0.39,1.0,1.0,22.5,TARGETED_WEST_COMPUTE_COOL,14.0155
3,Distributed Heavy Compute,0,550,5500.0,14,3,3,4,4,90.48,82.48,HEAVY_CPU_LOAD,281.82,87.99,81.73,HEAVY_CPU_LOAD,277.58,88.94,86.62,HEAVY_CPU_LOAD,286.11,85.94,85.54,HEAVY_CPU_LOAD,280.74,84.02,84.3,HEAVY_CPU_LOAD,276.47,89.45,87.43,HEAVY_CPU_LOAD,287.96,88.34,87.2,HEAVY_CPU_LOAD,286.23,85.83,88.3,HEAVY_CPU_LOAD,284.74,87.48,87.77,HEAVY_CPU_LOAD,286.0,86.52,81.78,HEAVY_CPU_LOAD,275.82,29.91,50.0,296.4,0.3,22.0,COOLING,0.3,22.0,COOLING,0.3,22.0,COOLING,0.3,22.0,COOLING,25.102,23.766,23.944,24.045,24.214,25.102,23.766,1.336,1126.25,564.43,570.97,561.82,255.0,255.0,340.0,340.0,214.63,317.45,387.73,311.46,-280.6,170.73,8.9,100.98,1050.0,1050.0,1050.0,1050.0,265.28,257.61,257.6,264.26,2823.47,1190.0,1231.27,4200.0,1044.75,1.0,0.397,1.0,1.0,22.5,TARGETED_WEST_COMPUTE_COOL,14.0756
3,Distributed Heavy Compute,0,551,5510.0,14,3,3,4,4,88.15,87.31,HEAVY_CPU_LOAD,286.15,89.95,83.52,HEAVY_CPU_LOAD,282.72,89.0,82.58,HEAVY_CPU_LOAD,280.12,85.36,82.61,HEAVY_CPU_LOAD,275.62,84.28,81.5,HEAVY_CPU_LOAD,272.6,88.31,85.85,HEAVY_CPU_LOAD,284.16,88.24,82.51,HEAVY_CPU_LOAD,279.07,89.28,86.65,HEAVY_CPU_LOAD,286.58,85.12,82.76,HEAVY_CPU_LOAD,275.54,89.86,86.74,HEAVY_CPU_LOAD,287.43,29.91,50.0,296.5,0.3,22.0,COOLING,0.3,22.0,COOLING,0.3,22.0,COOLING,0.3,22.0,COOLING,25.107,23.771,23.949,24.05,24.219,25.107,23.771,1.336,1124.61,556.76,565.65,562.97,255.0,255.0,340.0,340.0,214.56,317.41,387.71,311.41,-280.6,170.73,8.9,100.97,1050.0,1050.0,1050.0,1050.0,263.57,249.9,252.26,265.35,2809.99,1190.0,1231.09,4200.0,1031.08,1.0,0.4,1.0,1.0,22.5,TARGETED_WEST_COMPUTE_COOL,14.1353
3,Distributed Heavy Compute,0,552,5520.0,14,3,3,4,4,85.04,84.59,HEAVY_CPU_LOAD,278.19,87.1,86.97,HEAVY_CPU_LOAD,284.33,89.14,82.59,HEAVY_CPU_LOAD,280.31,89.88,87.13,HEAVY_CPU_LOAD,288.04,85.49,81.56,HEAVY_CPU_LOAD,274.2,84.12,88.1,HEAVY_CPU_LOAD,282.3,87.45,83.78,HEAVY_CPU_LOAD,279.98,89.8,84.21,HEAVY_CPU_LOAD,283.56,83.72,87.26,HEAVY_CPU_LOAD,280.54,86.54,84.71,HEAVY_CPU_LOAD,280.24,29.92,50.0,296.7,0.3,22.0,COOLING,0.3,22.0,COOLING,0.3,22.0,COOLING,0.3,22.0,COOLING,25.113,23.776,23.954,24.055,24.224,25.113,23.776,1.337,1130.87,556.5,563.54,560.78,255.0,255.0,340.0,340.0,214.74,317.64,387.99,311.65,-280.6,170.72,8.9,100.97,1050.0,1050.0,1050.0,1050.0,270.01,249.86,250.43,263.4,2811.69,1190.0,1232.02,4200.0,1033.7,1.0,0.404,1.0,1.0,22.5,TARGETED_WEST_COMPUTE_COOL,14.2121
3,Distributed Heavy Compute,0,553,5530.0,14,3,3,4,4,87.13,85.54,HEAVY_CPU_LOAD,282.22,88.73,83.99,HEAVY_CPU_LOAD,281.9,88.65,83.52,HEAVY_CPU_LOAD,281.09,86.73,82.82,HEAVY_CPU_LOAD,277.64,85.84,81.76,HEAVY_CPU_LOAD,274.94,88.74,85.66,HEAVY_CPU_LOAD,284.41,86.55,88.08,HEAVY_CPU_LOAD,285.31,90.35,85.86,HEAVY_CPU_LOAD,286.73,87.04,85.74,HEAVY_CPU_LOAD,282.41,86.71,87.51,HEAVY_CPU_LOAD,284.65,29.92,50.0,296.8,0.3,22.0,COOLING,0.3,22.0,COOLING,0.3,22.0,COOLING,0.3,22.0,COOLING,25.118,23.781,23.959,24.061,24.23,25.118,23.781,1.337,1122.85,559.35,572.04,567.06,255.0,255.0,340.0,340.0,214.65,317.6,387.97,311.6,-280.83,170.84,8.91,101.09,1050.0,1050.0,1050.0,1050.0,261.67,252.79,258.92,269.75,2821.3,1190.0,1231.82,4200.0,1043.13,1.0,0.41,1.0,1.0,22.5,TARGETED_WEST_COMPUTE_COOL,14.2695
3,Distributed Heavy Compute,0,554,5540.0,14,3,3,4,4,85.31,86.37,HEAVY_CPU_LOAD,281.19,88.11,88.34,HEAVY_CPU_LOAD,287.65,85.36,87.89,HEAVY_CPU_LOAD,283.53,85.24,82.16,HEAVY_CPU_LOAD,274.79,84.12,82.98,HEAVY_CPU_LOAD,274.62,83.68,87.3,HEAVY_CPU_LOAD,280.55,84.94,86.93,HEAVY_CPU_LOAD,281.57,88.44,81.93,HEAVY_CPU_LOAD,278.45,87.52,85.34,HEAVY_CPU_LOAD,282.41,90.48,83.38,HEAVY_CPU_LOAD,283.17,29.92,50.0,296.9,0.3,22.0,COOLING,0.3,22.0,COOLING,0.3,22.0,COOLING,0.3,22.0,COOLING,25.123,23.786,23.964,24.066,24.235,25.123,23.786,1.337,1127.16,555.17,560.02,565.58,255.0,255.0,340.0,340.0,214.58,317.55,387.95,311.53,-280.72,170.85,9.02,100.85,1050.0,1050.0,1050.0,1050.0,266.02,248.57,246.99,267.96,2807.93,1190.0,1231.61,4200.0,1029.54,1.0,0.414,1.0,1.0,22.5,TARGETED_WEST_COMPUTE_COOL,14.3328
3,Distributed Heavy Compute,0,555,5550.0,14,3,3,4,4,85.17,87.13,HEAVY_CPU_LOAD,282.16,88.34,83.01,HEAVY_CPU_LOAD,279.94,87.55,85.81,HEAVY_CPU_LOAD,283.15,89.4,81.63,HEAVY_CPU_LOAD,279.19,89.69,83.3,HEAVY_CPU_LOAD,282.06,87.96,86.52,HEAVY_CPU_LOAD,284.73,87.85,85.28,HEAVY_CPU_LOAD,282.73,88.92,86.86,HEAVY_CPU_LOAD,286.44,87.58,86.45,HEAVY_CPU_LOAD,284.15,85.01,86.33,HEAVY_CPU_LOAD,280.76,29.93,50.0,297.1,0.3,22.0,COOLING,0.3,22.0,COOLING,0.3,22.0,COOLING,0.3,22.0,COOLING,25.128,23.791,23.969,24.071,24.24,25.128,23.791,1.337,1124.44,566.79,569.17,564.91,255.0,255.0,340.0,340.0,214.76,317.79,388.23,311.77,-280.73,170.85,9.03,100.85,1050.0,1050.0,1050.0,1050.0,263.47,260.43,256.43,267.53,2825.31,1190.0,1232.55,4200.0,1047.86,1.0,0.421,1.0,1.0,22.5,TARGETED_WEST_COMPUTE_COOL,14.39
3,Distributed Heavy Compute,0,556,5560.0,14,3,3,4,4,88.57,85.74,HEAVY_CPU_LOAD,284.32,85.46,87.09,HEAVY_CPU_LOAD,282.46,84.69,82.6,HEAVY_CPU_LOAD,274.76,87.19,86.65,HEAVY_CPU_LOAD,283.96,88.2,86.01,HEAVY_CPU_LOAD,284.26,84.25,82.68,HEAVY_CPU_LOAD,274.33,87.01,87.82,HEAVY_CPU_LOAD,285.49,89.6,84.53,HEAVY_CPU_LOAD,283.8,84.03,81.57,HEAVY_CPU_LOAD,272.39,89.36,83.49,HEAVY_CPU_LOAD,281.94,29.93,50.0,297.2,0.3,22.0,COOLING,0.3,22.0,COOLING,0.3,22.0,COOLING,0.3,22.0,COOLING,25.133,23.796,23.974,24.076,24.245,25.133,23.796,1.337,1125.5,558.59,569.29,554.33,255.0,255.0,340.0,340.0,214.69,317.74,388.21,311.72,-280.72,170.85,9.02,100.85,1050.0,1050.0,1050.0,1050.0,264.47,252.18,256.52,256.9,2807.71,1190.0,1232.36,4200.0,1030.07,1.0,0.425,1.0,1.0,22.5,TARGETED_WEST_COMPUTE_COOL,14.4519
3,Distributed Heavy Compute,0,557,5570.0,14,3,3,4,4,89.6,85.61,HEAVY_CPU_LOAD,285.41,89.18,87.57,HEAVY_CPU_LOAD,287.83,86.46,83.14,HEAVY_CPU_LOAD,277.78,84.01,82.86,HEAVY_CPU_LOAD,274.3,84.26,83.93,HEAVY_CPU_LOAD,276.22,87.17,85.55,HEAVY_CPU_LOAD,282.29,86.27,84.14,HEAVY_CPU_LOAD,279.05,89.99,82.98,HEAVY_CPU_LOAD,281.96,89.01,83.29,HEAVY_CPU_LOAD,281.2,89.93,82.43,HEAVY_CPU_LOAD,281.06,29.93,50.0,297.4,0.3,22.0,COOLING,0.3,22.0,COOLING,0.3,22.0,COOLING,0.3,22.0,COOLING,25.138,23.801,23.979,24.081,24.25,25.138,23.801,1.337,1125.32,558.51,561.01,562.26,255.0,255.0,340.0,340.0,214.66,317.76,388.27,311.74,-280.72,170.85,9.02,100.85,1050.0,1050.0,1050.0,1050.0,264.26,252.12,248.3,264.85,2807.1,1190.0,1232.43,4200.0,1029.53,1.0,0.429,1.0,1.0,22.5,TARGETED_WEST_COMPUTE_COOL,14.5132
3,Distributed Heavy Compute,0,558,5580.0,14,3,3,4,4,85.78,86.23,HEAVY_CPU_LOAD,281.57,86.62,84.21,HEAVY_CPU_LOAD,279.59,87.6,86.4,HEAVY_CPU_LOAD,284.1,89.27,87.71,HEAVY_CPU_LOAD,288.15,86.73,84.78,HEAVY_CPU_LOAD,280.58,86.68,85.25,HEAVY_CPU_LOAD,281.23,86.34,85.68,HEAVY_CPU_LOAD,281.45,88.4,85.94,HEAVY_CPU_LOAD,284.41,83.95,86.11,HEAVY_CPU_LOAD,279.1,87.89,83.49,HEAVY_CPU_LOAD,280.1,29.94,50.0,297.5,0.3,22.0,COOLING,0.3,22.0,COOLING,0.3,22.0,COOLING,0.3,22.0,COOLING,25.144,23.806,23.984,24.086,24.255,25.144,23.806,1.338,1133.41,561.81,565.86,559.2,255.0,255.0,340.0,340.0,214.8,317.93,388.47,311.91,-280.73,170.85,9.02,100.85,1050.0,1050.0,1050.0,1050.0,272.48,255.59,253.35,261.96,2820.28,1190.0,1233.11,4200.0,1043.38,1.0,0.434,1.0,1.0,22.5,TARGETED_WEST_COMPUTE_COOL,14.5941
3,Distributed Heavy Compute,0,559,5590.0,14,3,3,4,4,84.7,82.32,HEAVY_CPU_LOAD,274.36,87.46,84.07,HEAVY_CPU_LOAD,280.43,83.62,83.83,HEAVY_CPU_LOAD,275.27,85.63,84.64,HEAVY_CPU_LOAD,279.0,87.96,84.9,HEAVY_CPU_LOAD,282.3,84.44,85.55,HEAVY_CPU_LOAD,278.88,88.11,85.04,HEAVY_CPU_LOAD,282.7,88.79,86.04,HEAVY_CPU_LOAD,285.05,88.78,85.28,HEAVY_CPU_LOAD,283.9,90.03,86.28,HEAVY_CPU_LOAD,286.96,29.94,50.0,297.6,0.3,22.0,COOLING,0.3,22.0,COOLING,0.3,22.0,COOLING,0.3,22.0,COOLING,25.149,23.811,23.989,24.092,24.26,25.149,23.811,1.338,1109.06,561.18,567.75,570.86,255.0,255.0,340.0,340.0,214.71,317.88,388.45,311.86,-280.96,170.96,9.04,100.96,1050.0,1050.0,1050.0,1050.0,247.81,255.02,255.24,273.68,2808.85,1190.0,1232.9,4200.0,1031.75,1.0,0.441,1.0,1.0,22.5,TARGETED_WEST_COMPUTE_COOL,14.6339
3,Distributed Heavy Compute,0,560,5600.0,14,3,3,4,4,86.92,86.43,HEAVY_CPU_LOAD,283.29,89.55,84.03,HEAVY_CPU_LOAD,282.98,88.64,85.57,HEAVY_CPU_LOAD,284.15,86.98,88.49,HEAVY_CPU_LOAD,286.46,83.7,83.12,HEAVY_CPU_LOAD,274.31,88.44,84.96,HEAVY_CPU_LOAD,282.99,84.93,84.77,HEAVY_CPU_LOAD,278.32,88.83,83.02,HEAVY_CPU_LOAD,280.57,88.39,84.82,HEAVY_CPU_LOAD,282.72,88.02,83.82,HEAVY_CPU_LOAD,280.75,29.94,50.0,297.8,0.3,22.0,COOLING,0.3,22.0,COOLING,0.3,22.0,COOLING,0.3,22.0,COOLING,25.155,23.816,23.994,24.097,24.265,25.155,23.816,1.339,1136.88,557.3,558.89,563.47,255.0,255.0,340.0,340.0,214.68,317.89,388.52,311.85,-280.85,170.98,9.15,100.73,1050.0,1050.0,1050.0,1050.0,275.71,251.17,246.56,266.05,2816.54,1190.0,1232.94,4200.0,1039.49,1.0,0.441,1.0,1.0,22.5,TARGETED_WEST_COMPUTE_COOL,14.7352
3,Distributed Heavy Compute,0,561,5610.0,14,3,3,4,4,83.94,84.44,HEAVY_CPU_LOAD,276.58,88.99,87.44,HEAVY_CPU_LOAD,287.4,87.97,88.33,HEAVY_CPU_LOAD,287.46,86.81,87.92,HEAVY_CPU_LOAD,285.39,84.08,84.73,HEAVY_CPU_LOAD,277.19,88.77,83.31,HEAVY_CPU_LOAD,280.93,86.66,85.37,HEAVY_CPU_LOAD,281.38,89.45,87.88,HEAVY_CPU_LOAD,288.63,84.46,87.59,HEAVY_CPU_LOAD,281.96,87.93,85.79,HEAVY_CPU_LOAD,283.6,29.95,50.0,297.9,0.3,22.0,COOLING,0.3,22.0,COOLING,0.3,22.0,COOLING,0.3,22.0,COOLING,25.161,23.821,23.999,24.102,24.271,25.161,23.821,1.34,1136.83,558.12,570.01,565.56,255.0,255.0,340.0,340.0,214.8,318.07,388.71,312.03,-281.09,171.09,9.17,100.83,1050.0,1050.0,1050.0,1050.0,275.54,252.28,257.89,268.42,2830.52,1190.0,1233.61,4200.0,1054.13,1.0,0.446,1.0,1.0,22.5,TARGETED_WEST_COMPUTE_COOL,14.8113
3,Distributed Heavy Compute,0,562,5620.0,14,3,3,4,4,90.32,87.12,HEAVY_CPU_LOAD,288.58,83.82,86.35,HEAVY_CPU_LOAD,279.3,89.0,85.87,HEAVY_CPU_LOAD,285.06,84.73,86.23,HEAVY_CPU_LOAD,280.26,88.24,84.64,HEAVY_CPU_LOAD,282.26,89.87,87.2,HEAVY_CPU_LOAD,288.14,88.92,87.81,HEAVY_CPU_LOAD,287.87,87.6,83.09,HEAVY_CPU_LOAD,279.13,83.67,82.06,HEAVY_CPU_LOAD,272.68,85.61,85.81,HEAVY_CPU_LOAD,280.73,29.95,50.0,298.1,0.3,22.0,COOLING,0.3,22.0,COOLING,0.3,22.0,COOLING,0.3,22.0,COOLING,25.167,23.826,24.004,24.107,24.276,25.167,23.826,1.341,1133.2,570.4,567.0,553.41,255.0,255.0,340.0,340.0,214.75,318.08,388.79,312.04,-281.32,171.19,9.18,100.94,1050.0,1050.0,1050.0,1050.0,271.63,264.67,254.97,256.39,2824.01,1190.0,1233.66,4200.0,1047.66,1.0,0.453,1.0,1.0,22.5,TARGETED_WEST_COMPUTE_COOL,14.87
3,Distributed Heavy Compute,0,563,5630.0,14,3,3,4,4,89.72,88.27,HEAVY_CPU_LOAD,289.56,87.2,84.6,HEAVY_CPU_LOAD,280.9,89.28,84.31,HEAVY_CPU_LOAD,283.07,87.89,82.31,HEAVY_CPU_LOAD,278.33,90.31,86.31,HEAVY_CPU_LOAD,287.35,89.54,85.24,HEAVY_CPU_LOAD,284.78,88.62,83.08,HEAVY_CPU_LOAD,280.39,89.32,87.06,HEAVY_CPU_LOAD,287.24,83.82,84.7,HEAVY_CPU_LOAD,276.82,83.5,85.38,HEAVY_CPU_LOAD,277.44,29.95,50.0,298.2,0.3,22.0,COOLING,0.3,22.0,COOLING,0.3,22.0,COOLING,0.3,22.0,COOLING,25.173,23.831,24.009,24.112,24.281,25.173,23.831,1.342,1131.86,572.13,567.63,554.26,255.0,255.0,340.0,340.0,214.66,318.05,388.77,312.0,-281.56,171.31,9.19,101.06,1050.0,1050.0,1050.0,1050.0,269.96,266.49,255.59,257.32,2825.88,1190.0,1233.48,4200.0,1049.36,1.0,0.457,1.0,1.0,22.5,TARGETED_WEST_COMPUTE_COOL,14.9405
3,Distributed Heavy Compute,0,564,5640.0,14,3,3,4,4,89.43,83.29,HEAVY_CPU_LOAD,281.72,88.6,83.65,HEAVY_CPU_LOAD,281.23,88.35,84.03,HEAVY_CPU_LOAD,281.48,87.99,83.39,HEAVY_CPU_LOAD,280.07,85.66,83.46,HEAVY_CPU_LOAD,277.26,85.83,83.66,HEAVY_CPU_LOAD,277.78,89.3,87.23,HEAVY_CPU_LOAD,287.47,87.58,82.48,HEAVY_CPU_LOAD,278.2,85.96,84.14,HEAVY_CPU_LOAD,278.66,85.58,88.09,HEAVY_CPU_LOAD,284.11,29.96,50.0,298.3,0.3,22.0,COOLING,0.3,22.0,COOLING,0.3,22.0,COOLING,0.3,22.0,COOLING,25.178,23.836,24.014,24.117,24.286,25.178,23.836,1.342,1124.5,555.04,565.67,562.77,255.0,255.0,340.0,340.0,214.78,318.21,388.96,312.17,-281.79,171.41,9.21,101.17,1050.0,1050.0,1050.0,1050.0,262.49,249.66,253.84,266.11,2807.98,1190.0,1234.12,4200.0,1032.1,1.0,0.46,1.0,1.0,22.5,TARGETED_WEST_COMPUTE_COOL,15.0023
3,Distributed Heavy Compute,0,565,5650.0,14,3,3,4,4,87.97,83.54,HEAVY_CPU_LOAD,280.27,83.91,81.87,HEAVY_CPU_LOAD,272.69,84.83,88.33,HEAVY_CPU_LOAD,283.53,88.43,86.55,HEAVY_CPU_LOAD,285.36,85.38,84.81,HEAVY_CPU_LOAD,278.94,90.39,84.47,HEAVY_CPU_LOAD,284.69,86.91,84.93,HEAVY_CPU_LOAD,281.03,86.34,87.85,HEAVY_CPU_LOAD,284.7,86.32,85.05,HEAVY_CPU_LOAD,280.47,85.42,84.14,HEAVY_CPU_LOAD,277.99,29.96,50.0,298.5,0.3,22.0,COOLING,0.3,22.0,COOLING,0.3,22.0,COOLING,0.3,22.0,COOLING,25.183,23.841,24.019,24.122,24.291,25.183,23.841,1.342,1121.85,563.63,565.73,558.46,255.0,255.0,340.0,340.0,214.75,318.23,389.03,312.18,-281.79,171.42,9.21,101.16,1050.0,1050.0,1050.0,1050.0,259.81,258.28,253.97,261.8,2809.67,1190.0,1234.19,4200.0,1033.86,1.0,0.467,1.0,1.0,22.5,TARGETED_WEST_COMPUTE_COOL,15.058
3,Distributed Heavy Compute,0,566,5660.0,14,3,3,4,4,88.4,87.87,HEAVY_CPU_LOAD,287.31,84.35,83.41,HEAVY_CPU_LOAD,275.55,88.43,84.35,HEAVY_CPU_LOAD,282.06,85.96,83.69,HEAVY_CPU_LOAD,277.99,84.84,84.75,HEAVY_CPU_LOAD,278.18,83.78,83.82,HEAVY_CPU_LOAD,275.45,89.13,86.84,HEAVY_CPU_LOAD,286.67,88.81,88.33,HEAVY_CPU_LOAD,288.51,88.44,84.61,HEAVY_CPU_LOAD,282.47,88.44,87.09,HEAVY_CPU_LOAD,286.19,29.97,50.0,298.6,0.3,22.0,COOLING,0.3,22.0,COOLING,0.3,22.0,COOLING,0.3,22.0,COOLING,25.188,23.846,24.024,24.128,24.297,25.188,23.846,1.342,1122.91,553.63,575.18,568.66,255.0,255.0,340.0,340.0,214.89,318.39,389.22,312.35,-281.79,171.41,9.21,101.16,1050.0,1050.0,1050.0,1050.0,261.01,248.43,263.61,272.17,2820.38,1190.0,1234.85,4200.0,1045.22,1.0,0.471,1.0,1.0,22.5,TARGETED_WEST_COMPUTE_COOL,15.1353
3,Distributed Heavy Compute,0,567,5670.0,14,3,3,4,4,84.15,85.5,HEAVY_CPU_LOAD,278.44,84.61,83.8,HEAVY_CPU_LOAD,276.46,87.67,83.79,HEAVY_CPU_LOAD,280.27,89.48,82.95,HEAVY_CPU_LOAD,281.28,87.9,83.55,HEAVY_CPU_LOAD,280.2,85.02,87.54,HEAVY_CPU_LOAD,282.58,87.71,88.25,HEAVY_CPU_LOAD,287.01,84.46,87.07,HEAVY_CPU_LOAD,281.18,83.78,84.17,HEAVY_CPU_LOAD,275.98,90.43,83.75,HEAVY_CPU_LOAD,283.66,29.97,50.0,298.8,0.3,22.0,COOLING,0.3,22.0,COOLING,0.3,22.0,COOLING,0.3,22.0,COOLING,25.193,23.851,24.029,24.133,24.302,25.193,23.851,1.342,1116.45,562.78,568.19,559.64,255.0,255.0,340.0,340.0,214.86,318.42,389.29,312.35,-281.68,171.43,9.32,100.93,1050.0,1050.0,1050.0,1050.0,254.63,257.63,256.8,262.92,2807.06,1190.0,1234.92,4200.0,1031.98,1.0,0.477,1.0,1.0,22.5,TARGETED_WEST_COMPUTE_COOL,15.1827
3,Distributed Heavy Compute,0,568,5680.0,14,3,3,4,4,87.14,87.68,HEAVY_CPU_LOAD,285.45,87.16,86.33,HEAVY_CPU_LOAD,283.44,85.36,87.12,HEAVY_CPU_LOAD,282.38,89.66,87.64,HEAVY_CPU_LOAD,288.53,86.98,83.29,HEAVY_CPU_LOAD,278.66,86.67,85.45,HEAVY_CPU_LOAD,281.51,87.59,83.72,HEAVY_CPU_LOAD,280.07,87.37,82.82,HEAVY_CPU_LOAD,278.44,83.62,86.97,HEAVY_CPU_LOAD,279.98,83.89,86.22,HEAVY_CPU_LOAD,279.19,29.97,50.0,298.9,0.3,22.0,COOLING,0.3,22.0,COOLING,0.3,22.0,COOLING,0.3,22.0,COOLING,25.199,23.856,24.034,24.138,24.307,25.199,23.856,1.343,1139.8,560.17,558.51,559.17,255.0,255.0,340.0,340.0,214.8,318.37,389.27,312.31,-281.68,171.43,9.32,100.93,1050.0,1050.0,1050.0,1050.0,277.92,254.97,247.1,262.41,2817.65,1190.0,1234.75,4200.0,1042.4,1.0,0.478,1.0,1.0,22.5,TARGETED_WEST_COMPUTE_COOL,15.282
3,Distributed Heavy Compute,0,569,5690.0,14,3,3,4,4,88.3,85.35,HEAVY_CPU_LOAD,283.4,86.79,86.88,HEAVY_CPU_LOAD,283.81,85.53,85.47,HEAVY_CPU_LOAD,280.12,88.36,85.57,HEAVY_CPU_LOAD,283.8,86.38,83.82,HEAVY_CPU_LOAD,278.7,83.81,82.22,HEAVY_CPU_LOAD,273.09,83.74,86.71,HEAVY_CPU_LOAD,279.74,85.58,87.21,HEAVY_CPU_LOAD,282.79,84.17,87.28,HEAVY_CPU_LOAD,281.13,88.0,84.25,HEAVY_CPU_LOAD,281.38,29.98,50.0,299.0,0.3,22.0,COOLING,0.3,22.0,COOLING,0.3,22.0,COOLING,0.3,22.0,COOLING,25.204,23.861,24.039,24.143,24.312,25.204,23.861,1.343,1131.13,551.79,562.53,562.51,255.0,255.0,340.0,340.0,214.91,318.55,389.46,312.48,-281.92,171.54,9.34,101.04,1050.0,1050.0,1050.0,1050.0,269.12,246.88,251.33,266.03,2807.96,1190.0,1235.4,4200.0,1033.36,1.0,0.483,1.0,1.0,22.5,TARGETED_WEST_COMPUTE_COOL,15.3404
3,Distributed Heavy Compute,0,570,5700.0,14,3,3,4,4,88.0,83.9,HEAVY_CPU_LOAD,280.85,85.18,86.49,HEAVY_CPU_LOAD,281.21,84.52,87.92,HEAVY_CPU_LOAD,282.53,87.31,88.24,HEAVY_CPU_LOAD,286.5,87.1,84.82,HEAVY_CPU_LOAD,281.11,89.0,83.65,HEAVY_CPU_LOAD,281.73,86.97,82.65,HEAVY_CPU_LOAD,277.69,88.23,83.47,HEAVY_CPU_LOAD,280.49,85.0,86.15,HEAVY_CPU_LOAD,280.48,84.0,88.13,HEAVY_CPU_LOAD,282.19,29.98,50.0,299.2,0.3,22.0,COOLING,0.3,22.0,COOLING,0.3,22.0,COOLING,0.3,22.0,COOLING,25.209,23.866,24.044,24.148,24.317,25.209,23.866,1.343,1131.09,562.84,558.18,562.67,255.0,255.0,340.0,340.0,214.88,318.56,389.53,312.5,-281.91,171.54,9.33,101.04,1050.0,1050.0,1050.0,1050.0,269.06,257.94,247.04,266.21,2814.78,1190.0,1235.47,4200.0,1040.25,1.0,0.489,1.0,1.0,22.5,TARGETED_WEST_COMPUTE_COOL,15.3994
3,Distributed Heavy Compute,0,571,5710.0,14,3,3,4,4,84.86,83.68,HEAVY_CPU_LOAD,276.6,90.31,88.05,HEAVY_CPU_LOAD,289.96,85.7,83.07,HEAVY_CPU_LOAD,276.73,90.17,88.09,HEAVY_CPU_LOAD,289.85,84.65,85.57,HEAVY_CPU_LOAD,279.17,85.44,84.48,HEAVY_CPU_LOAD,278.52,86.37,82.61,HEAVY_CPU_LOAD,276.88,89.73,86.47,HEAVY_CPU_LOAD,286.87,87.57,85.96,HEAVY_CPU_LOAD,283.4,86.59,84.06,HEAVY_CPU_LOAD,279.33,29.98,50.0,299.3,0.3,22.0,COOLING,0.3,22.0,COOLING,0.3,22.0,COOLING,0.3,22.0,COOLING,25.215,23.871,24.049,24.153,24.322,25.215,23.871,1.344,1133.14,557.69,563.75,562.73,255.0,255.0,340.0,340.0,214.82,318.51,389.51,312.45,-281.91,171.54,9.33,101.04,1050.0,1050.0,1050.0,1050.0,271.05,252.74,252.59,266.22,2817.31,1190.0,1235.29,4200.0,1042.6,1.0,0.493,1.0,1.0,22.5,TARGETED_WEST_COMPUTE_COOL,15.4796
3,Distributed Heavy Compute,0,572,5720.0,14,3,3,4,4,84.68,87.44,HEAVY_CPU_LOAD,282.01,86.6,83.61,HEAVY_CPU_LOAD,278.66,84.55,86.37,HEAVY_CPU_LOAD,280.24,85.89,85.81,HEAVY_CPU_LOAD,281.08,85.36,84.99,HEAVY_CPU_LOAD,279.19,83.98,83.3,HEAVY_CPU_LOAD,274.92,84.14,86.95,HEAVY_CPU_LOAD,280.6,84.35,82.01,HEAVY_CPU_LOAD,273.45,89.84,85.05,HEAVY_CPU_LOAD,284.88,86.37,84.49,HEAVY_CPU_LOAD,279.7,29.99,50.0,299.4,0.3,22.0,COOLING,0.3,22.0,COOLING,0.3,22.0,COOLING,0.3,22.0,COOLING,25.22,23.876,24.054,24.158,24.327,25.22,23.876,1.344,1121.99,554.11,554.05,564.58,255.0,255.0,340.0,340.0,214.93,318.68,389.7,312.62,-282.15,171.65,9.35,101.15,1050.0,1050.0,1050.0,1050.0,259.77,249.44,243.1,268.35,2794.73,1190.0,1235.93,4200.0,1020.66,1.0,0.498,1.0,1.0,22.5,TARGETED_WEST_COMPUTE_COOL,15.5288
3,Distributed Heavy Compute,0,573,5730.0,14,3,3,4,4,83.55,83.99,HEAVY_CPU_LOAD,275.42,90.25,85.93,HEAVY_CPU_LOAD,286.71,85.19,84.64,HEAVY_CPU_LOAD,278.45,87.25,85.86,HEAVY_CPU_LOAD,282.85,89.1,88.08,HEAVY_CPU_LOAD,288.5,88.73,87.51,HEAVY_CPU_LOAD,287.18,86.28,84.88,HEAVY_CPU_LOAD,280.17,85.62,87.06,HEAVY_CPU_LOAD,282.62,83.71,87.57,HEAVY_CPU_LOAD,280.99,84.48,87.48,HEAVY_CPU_LOAD,281.82,29.99,50.0,299.6,0.3,22.0,COOLING,0.3,22.0,COOLING,0.3,22.0,COOLING,0.3,22.0,COOLING,25.225,23.882,24.059,24.163,24.332,25.225,23.882,1.343,1123.43,575.68,562.79,562.81,255.0,255.0,340.0,340.0,214.9,318.7,389.77,312.64,-282.15,171.65,9.35,101.15,1050.0,1050.0,1050.0,1050.0,261.18,271.03,251.91,266.6,2824.71,1190.0,1236.01,4200.0,1050.72,1.0,0.508,1.0,1.0,22.5,TARGETED_WEST_COMPUTE_COOL,15.588
3,Distributed Heavy Compute,0,574,5740.0,14,3,3,4,4,83.75,83.48,HEAVY_CPU_LOAD,274.91,89.95,83.23,HEAVY_CPU_LOAD,282.28,89.81,85.91,HEAVY_CPU_LOAD,286.13,89.55,87.84,HEAVY_CPU_LOAD,288.7,84.25,83.59,HEAVY_CPU_LOAD,275.7,85.16,83.32,HEAVY_CPU_LOAD,276.43,89.81,86.12,HEAVY_CPU_LOAD,286.44,87.46,86.92,HEAVY_CPU_LOAD,284.7,90.1,84.89,HEAVY_CPU_LOAD,284.96,87.05,84.7,HEAVY_CPU_LOAD,280.86,29.99,50.0,299.7,0.3,22.0,COOLING,0.3,22.0,COOLING,0.3,22.0,COOLING,0.3,22.0,COOLING,25.231,23.887,24.064,24.169,24.338,25.231,23.887,1.344,1132.02,552.13,571.14,565.82,255.0,255.0,340.0,340.0,214.84,318.63,389.76,312.59,-282.04,171.41,9.46,101.17,1050.0,1050.0,1050.0,1050.0,269.82,247.17,260.36,269.58,2821.11,1190.0,1235.82,4200.0,1046.93,1.0,0.508,1.0,1.0,22.5,TARGETED_WEST_COMPUTE_COOL,15.6877
3,Distributed Heavy Compute,0,575,5750.0,14,3,3,4,4,86.17,84.9,HEAVY_CPU_LOAD,280.06,89.71,86.64,HEAVY_CPU_LOAD,287.1,83.92,86.23,HEAVY_CPU_LOAD,279.25,87.32,82.38,HEAVY_CPU_LOAD,277.72,90.44,82.66,HEAVY_CPU_LOAD,282.04,90.05,88.33,HEAVY_CPU_LOAD,290.06,86.74,88.39,HEAVY_CPU_LOAD,286.01,86.39,86.22,HEAVY_CPU_LOAD,282.32,87.77,84.24,HEAVY_CPU_LOAD,281.07,86.54,84.38,HEAVY_CPU_LOAD,279.75,30.0,50.0,299.9,0.3,22.0,COOLING,0.3,22.0,COOLING,0.3,22.0,COOLING,0.3,22.0,COOLING,25.236,23.892,24.069,24.174,24.343,25.236,23.892,1.344,1124.13,572.1,568.33,560.82,255.0,255.0,340.0,340.0,214.99,318.87,390.03,312.81,-282.17,171.54,9.59,101.04,1050.0,1050.0,1050.0,1050.0,261.95,267.51,257.95,264.67,2825.38,1190.0,1236.7,4200.0,1052.08,1.0,0.517,1.0,1.0,22.5,TARGETED_WEST_COMPUTE_COOL,15.734
3,Distributed Heavy Compute,0,576,5760.0,14,3,3,4,4,88.59,83.61,HEAVY_CPU_LOAD,281.15,84.33,85.36,HEAVY_CPU_LOAD,278.45,84.63,85.63,HEAVY_CPU_LOAD,279.23,85.68,87.63,HEAVY_CPU_LOAD,283.55,84.29,82.12,HEAVY_CPU_LOAD,273.54,88.05,83.92,HEAVY_CPU_LOAD,280.94,86.54,81.93,HEAVY_CPU_LOAD,276.07,86.54,81.61,HEAVY_CPU_LOAD,275.59,89.54,82.37,HEAVY_CPU_LOAD,280.48,84.47,87.3,HEAVY_CPU_LOAD,281.54,30.0,50.0,300.0,0.3,22.0,COOLING,0.3,22.0,COOLING,0.3,22.0,COOLING,0.3,22.0,COOLING,25.241,23.897,24.074,24.179,24.348,25.241,23.897,1.344,1122.38,554.48,551.66,562.02,255.0,255.0,340.0,340.0,214.93,318.82,390.02,312.76,-282.17,171.54,9.59,101.04,1050.0,1050.0,1050.0,1050.0,260.14,249.84,241.27,265.82,2790.54,1190.0,1236.53,4200.0,1017.07,1.0,0.518,1.0,1.0,22.5,TARGETED_WEST_COMPUTE_COOL,15.7973
3,Distributed Heavy Compute,0,577,5770.0,14,3,3,4,4,87.0,86.06,HEAVY_CPU_LOAD,282.84,89.85,86.94,HEAVY_CPU_LOAD,287.72,85.29,81.78,HEAVY_CPU_LOAD,274.28,87.07,85.76,HEAVY_CPU_LOAD,282.48,86.64,83.31,HEAVY_CPU_LOAD,278.26,87.41,87.28,HEAVY_CPU_LOAD,285.18,83.87,85.4,HEAVY_CPU_LOAD,277.94,89.02,88.13,HEAVY_CPU_LOAD,288.47,87.16,81.88,HEAVY_CPU_LOAD,276.77,83.93,84.01,HEAVY_CPU_LOAD,275.93,30.0,50.0,300.1,0.3,22.0,COOLING,0.3,22.0,COOLING,0.3,22.0,COOLING,0.3,22.0,COOLING,25.246,23.902,24.079,24.184,24.353,25.246,23.902,1.344,1127.32,563.44,566.41,552.7,255.0,255.0,340.0,340.0,214.86,318.77,390.0,312.71,-282.17,171.54,9.58,101.04,1050.0,1050.0,1050.0,1050.0,265.01,258.75,255.99,256.45,2809.87,1190.0,1236.34,4200.0,1036.2,1.0,0.525,1.0,1.0,22.5,TARGETED_WEST_COMPUTE_COOL,15.8675
3,Distributed Heavy Compute,0,578,5780.0,14,3,3,4,4,88.16,87.98,HEAVY_CPU_LOAD,287.17,86.81,84.95,HEAVY_CPU_LOAD,280.94,86.33,84.39,HEAVY_CPU_LOAD,279.5,88.96,84.38,HEAVY_CPU_LOAD,282.77,86.32,85.15,HEAVY_CPU_LOAD,280.62,88.22,87.47,HEAVY_CPU_LOAD,286.48,83.51,87.94,HEAVY_CPU_LOAD,281.3,87.42,88.3,HEAVY_CPU_LOAD,286.72,84.99,82.94,HEAVY_CPU_LOAD,275.65,85.87,82.43,HEAVY_CPU_LOAD,275.98,30.01,50.0,300.3,0.3,22.0,COOLING,0.3,22.0,COOLING,0.3,22.0,COOLING,0.3,22.0,COOLING,25.251,23.907,24.084,24.189,24.358,25.251,23.907,1.344,1130.38,567.1,568.02,551.63,255.0,255.0,340.0,340.0,215.04,319.01,390.28,312.95,-282.16,171.54,9.59,101.04,1050.0,1050.0,1050.0,1050.0,268.26,262.65,257.89,255.62,2817.13,1190.0,1237.28,4200.0,1044.42,1.0,0.53,1.0,1.0,22.5,TARGETED_WEST_COMPUTE_COOL,15.9361
3,Distributed Heavy Compute,0,579,5790.0,14,3,3,4,4,88.78,87.12,HEAVY_CPU_LOAD,286.66,89.55,82.91,HEAVY_CPU_LOAD,281.3,87.66,86.95,HEAVY_CPU_LOAD,285.0,88.16,85.56,HEAVY_CPU_LOAD,283.54,84.61,84.92,HEAVY_CPU_LOAD,278.14,83.95,86.11,HEAVY_CPU_LOAD,279.1,84.04,83.41,HEAVY_CPU_LOAD,275.17,86.67,87.42,HEAVY_CPU_LOAD,284.47,88.88,82.68,HEAVY_CPU_LOAD,280.12,86.91,83.24,HEAVY_CPU_LOAD,278.5,30.01,50.0,300.4,0.3,22.0,COOLING,0.3,22.0,COOLING,0.3,22.0,COOLING,0.3,22.0,COOLING,25.257,23.912,24.089,24.194,24.363,25.257,23.912,1.345,1136.5,557.24,559.64,558.62,255.0,255.0,340.0,340.0,214.97,318.96,390.26,312.9,-282.17,171.54,9.59,101.04,1050.0,1050.0,1050.0,1050.0,274.3,252.74,249.49,262.56,2812.0,1190.0,1237.09,4200.0,1039.09,1.0,0.532,1.0,1.0,22.5,TARGETED_WEST_COMPUTE_COOL,16.022
3,Distributed Heavy Compute,0,580,5800.0,14,3,3,4,4,87.59,84.45,HEAVY_CPU_LOAD,281.16,85.35,85.41,HEAVY_CPU_LOAD,279.8,83.51,83.7,HEAVY_CPU_LOAD,274.94,87.24,84.98,HEAVY_CPU_LOAD,281.52,84.37,86.02,HEAVY_CPU_LOAD,279.49,88.26,83.5,HEAVY_CPU_LOAD,280.57,89.71,86.45,HEAVY_CPU_LOAD,286.81,88.75,82.01,HEAVY_CPU_LOAD,278.95,89.53,85.01,HEAVY_CPU_LOAD,284.43,86.95,82.36,HEAVY_CPU_LOAD,277.23,30.01,50.0,300.6,0.3,22.0,COOLING,0.3,22.0,COOLING,0.3,22.0,COOLING,0.3,22.0,COOLING,25.262,23.917,24.094,24.199,24.368,25.262,23.917,1.345,1117.42,560.06,565.76,561.66,255.0,255.0,340.0,340.0,214.91,318.99,390.32,312.92,-282.4,171.65,9.6,101.15,1050.0,1050.0,1050.0,1050.0,254.93,255.7,255.68,265.73,2804.9,1190.0,1237.14,4200.0,1032.04,1.0,0.541,1.0,1.0,22.5,TARGETED_WEST_COMPUTE_COOL,16.0664
3,Distributed Heavy Compute,0,581,5810.0,14,3,3,4,4,85.93,87.11,HEAVY_CPU_LOAD,283.08,89.52,86.84,HEAVY_CPU_LOAD,287.16,85.22,83.69,HEAVY_CPU_LOAD,277.06,84.05,87.14,HEAVY_CPU_LOAD,280.77,90.34,87.53,HEAVY_CPU_LOAD,289.22,83.77,85.15,HEAVY_CPU_LOAD,277.44,89.79,82.44,HEAVY_CPU_LOAD,280.9,85.58,84.96,HEAVY_CPU_LOAD,279.41,88.95,82.11,HEAVY_CPU_LOAD,279.35,87.64,87.47,HEAVY_CPU_LOAD,285.75,30.02,50.0,300.7,0.3,22.0,COOLING,0.3,22.0,COOLING,0.3,22.0,COOLING,0.3,22.0,COOLING,25.267,23.922,24.099,24.204,24.373,25.267,23.922,1.345,1128.07,566.66,560.31,565.1,255.0,255.0,340.0,340.0,215.06,319.15,390.52,313.09,-282.4,171.65,9.6,101.15,1050.0,1050.0,1050.0,1050.0,265.73,262.46,250.43,269.34,2820.14,1190.0,1237.82,4200.0,1047.96,1.0,0.549,1.0,1.0,22.5,TARGETED_WEST_COMPUTE_COOL,16.1439
3,Distributed Heavy Compute,0,582,5820.0,14,3,3,4,4,90.07,82.75,HEAVY_CPU_LOAD,281.71,86.74,86.61,HEAVY_CPU_LOAD,283.34,84.38,82.72,HEAVY_CPU_LOAD,274.55,90.4,87.96,HEAVY_CPU_LOAD,289.94,83.7,86.66,HEAVY_CPU_LOAD,279.62,84.98,87.59,HEAVY_CPU_LOAD,282.61,89.25,87.91,HEAVY_CPU_LOAD,288.43,84.76,82.24,HEAVY_CPU_LOAD,274.31,87.41,82.57,HEAVY_CPU_LOAD,278.12,87.34,87.16,HEAVY_CPU_LOAD,284.91,30.02,50.0,300.8,0.3,22.0,COOLING,0.3,22.0,COOLING,0.3,22.0,COOLING,0.3,22.0,COOLING,25.272,23.927,24.104,24.209,24.378,25.272,23.927,1.345,1129.54,562.23,562.74,563.03,255.0,255.0,340.0,340.0,214.99,319.11,390.5,313.04,-282.4,171.65,9.6,101.15,1050.0,1050.0,1050.0,1050.0,267.13,257.99,252.84,267.22,2817.54,1190.0,1237.64,4200.0,1045.18,1.0,0.555,1.0,1.0,22.5,TARGETED_WEST_COMPUTE_COOL,16.2146
3,Distributed Heavy Compute,0,583,5830.0,14,3,3,4,4,85.88,85.89,HEAVY_CPU_LOAD,281.19,89.63,88.3,HEAVY_CPU_LOAD,289.49,87.5,88.28,HEAVY_CPU_LOAD,286.8,88.07,84.01,HEAVY_CPU_LOAD,281.1,88.77,86.93,HEAVY_CPU_LOAD,286.36,86.72,87.02,HEAVY_CPU_LOAD,283.93,89.54,84.56,HEAVY_CPU_LOAD,283.76,88.32,86.84,HEAVY_CPU_LOAD,285.66,85.73,84.78,HEAVY_CPU_LOAD,279.33,85.79,88.39,HEAVY_CPU_LOAD,284.82,30.02,50.0,301.0,0.3,22.0,COOLING,0.3,22.0,COOLING,0.3,22.0,COOLING,0.3,22.0,COOLING,25.278,23.932,24.109,24.214,24.383,25.278,23.932,1.346,1138.58,570.29,569.42,564.15,255.0,255.0,340.0,340.0,214.96,319.12,390.57,313.06,-282.4,171.65,9.6,101.15,1050.0,1050.0,1050.0,1050.0,276.14,266.06,259.59,268.36,2842.44,1190.0,1237.71,4200.0,1070.15,1.0,0.564,1.0,1.0,22.5,TARGETED_WEST_COMPUTE_COOL,16.305
3,Distributed Heavy Compute,0,584,5840.0,14,3,3,4,4,90.2,88.2,HEAVY_CPU_LOAD,290.05,87.73,85.87,HEAVY_CPU_LOAD,283.47,87.1,82.34,HEAVY_CPU_LOAD,277.38,86.71,85.13,HEAVY_CPU_LOAD,281.08,90.18,83.62,HEAVY_CPU_LOAD,283.16,83.92,87.45,HEAVY_CPU_LOAD,281.08,86.42,87.2,HEAVY_CPU_LOAD,283.82,84.05,87.2,HEAVY_CPU_LOAD,280.86,88.59,88.0,HEAVY_CPU_LOAD,287.74,84.89,83.46,HEAVY_CPU_LOAD,276.3,30.03,50.0,301.1,0.3,22.0,COOLING,0.3,22.0,COOLING,0.3,22.0,COOLING,0.3,22.0,COOLING,25.283,23.937,24.114,24.219,24.388,25.283,23.937,1.346,1131.98,564.24,564.68,564.04,255.0,255.0,340.0,340.0,215.08,319.3,390.76,313.23,-282.63,171.76,9.61,101.26,1050.0,1050.0,1050.0,1050.0,269.43,260.3,255.05,268.53,2824.94,1190.0,1238.37,4200.0,1053.31,1.0,0.57,1.0,1.0,22.5,TARGETED_WEST_COMPUTE_COOL,16.3655
3,Distributed Heavy Compute,0,585,5850.0,14,3,3,4,4,85.29,82.92,HEAVY_CPU_LOAD,275.99,84.42,87.68,HEAVY_CPU_LOAD,282.05,84.77,82.11,HEAVY_CPU_LOAD,274.13,88.22,88.45,HEAVY_CPU_LOAD,287.95,90.19,84.84,HEAVY_CPU_LOAD,285.0,85.34,84.09,HEAVY_CPU_LOAD,277.81,89.77,86.49,HEAVY_CPU_LOAD,286.95,89.75,83.72,HEAVY_CPU_LOAD,282.77,87.98,82.39,HEAVY_CPU_LOAD,278.56,87.74,85.95,HEAVY_CPU_LOAD,283.6,30.03,50.0,301.2,0.3,22.0,COOLING,0.3,22.0,COOLING,0.3,22.0,COOLING,0.3,22.0,COOLING,25.288,23.942,24.119,24.224,24.393,25.288,23.942,1.346,1120.12,562.81,569.72,562.16,255.0,255.0,340.0,340.0,215.01,319.25,390.74,313.19,-282.64,171.76,9.62,101.26,1050.0,1050.0,1050.0,1050.0,257.49,258.82,260.08,266.61,2814.81,1190.0,1238.19,4200.0,1043.0,1.0,0.578,1.0,1.0,22.5,TARGETED_WEST_COMPUTE_COOL,16.4208
3,Distributed Heavy Compute,0,586,5860.0,14,3,3,4,4,90.46,86.01,HEAVY_CPU_LOAD,287.09,85.79,86.74,HEAVY_CPU_LOAD,282.35,88.42,87.06,HEAVY_CPU_LOAD,286.12,87.93,87.8,HEAVY_CPU_LOAD,286.61,85.16,86.36,HEAVY_CPU_LOAD,280.99,89.0,83.53,HEAVY_CPU_LOAD,281.55,89.79,86.61,HEAVY_CPU_LOAD,287.15,87.8,81.78,HEAVY_CPU_LOAD,277.42,83.71,85.57,HEAVY_CPU_LOAD,277.99,85.43,86.85,HEAVY_CPU_LOAD,282.06,30.03,50.0,301.4,0.3,22.0,COOLING,0.3,22.0,COOLING,0.3,22.0,COOLING,0.3,22.0,COOLING,25.294,23.947,24.124,24.229,24.398,25.294,23.947,1.347,1142.17,562.54,564.57,560.05,255.0,255.0,340.0,340.0,214.97,319.27,390.81,313.21,-282.64,171.76,9.62,101.26,1050.0,1050.0,1050.0,1050.0,279.5,258.57,255.0,264.52,2829.33,1190.0,1238.26,4200.0,1057.59,1.0,0.584,1.0,1.0,22.5,TARGETED_WEST_COMPUTE_COOL,16.5286
3,Distributed Heavy Compute,0,587,5870.0,14,3,3,4,4,86.09,84.73,HEAVY_CPU_LOAD,279.71,84.87,85.65,HEAVY_CPU_LOAD,279.56,84.16,88.09,HEAVY_CPU_LOAD,282.33,89.71,82.25,HEAVY_CPU_LOAD,280.51,89.94,82.66,HEAVY_CPU_LOAD,281.42,85.23,87.62,HEAVY_CPU_LOAD,282.97,86.12,87.16,HEAVY_CPU_LOAD,283.39,88.87,88.08,HEAVY_CPU_LOAD,288.21,85.29,86.76,HEAVY_CPU_LOAD,281.75,85.16,84.53,HEAVY_CPU_LOAD,278.25,30.04,50.0,301.5,0.3,22.0,COOLING,0.3,22.0,COOLING,0.3,22.0,COOLING,0.3,22.0,COOLING,25.299,23.952,24.129,24.234,24.404,25.299,23.952,1.347,1122.11,564.39,571.6,560.0,255.0,255.0,340.0,340.0,215.1,319.44,391.0,313.38,-282.87,171.87,9.63,101.37,1050.0,1050.0,1050.0,1050.0,259.34,260.7,262.23,264.75,2818.1,1190.0,1238.92,4200.0,1047.02,1.0,0.593,1.0,1.0,22.5,TARGETED_WEST_COMPUTE_COOL,16.5744
3,Distributed Heavy Compute,0,588,5880.0,14,3,3,4,4,84.53,81.95,HEAVY_CPU_LOAD,273.59,84.74,85.65,HEAVY_CPU_LOAD,279.4,89.57,86.41,HEAVY_CPU_LOAD,286.58,83.59,86.04,HEAVY_CPU_LOAD,278.55,84.09,87.23,HEAVY_CPU_LOAD,280.96,88.52,86.3,HEAVY_CPU_LOAD,285.1,85.12,83.94,HEAVY_CPU_LOAD,277.31,90.08,84.66,HEAVY_CPU_LOAD,284.59,87.47,83.94,HEAVY_CPU_LOAD,280.25,86.63,83.66,HEAVY_CPU_LOAD,278.78,30.04,50.0,301.7,0.3,22.0,COOLING,0.3,22.0,COOLING,0.3,22.0,COOLING,0.3,22.0,COOLING,25.304,23.957,24.134,24.239,24.409,25.304,23.957,1.347,1118.12,566.06,561.9,559.03,255.0,255.0,340.0,340.0,215.07,319.45,391.08,313.39,-282.87,171.87,9.63,101.37,1050.0,1050.0,1050.0,1050.0,255.32,262.38,252.61,263.79,2805.11,1190.0,1238.99,4200.0,1034.1,1.0,0.6,1.0,1.0,22.5,TARGETED_WEST_COMPUTE_COOL,16.6361
3,Distributed Heavy Compute,0,589,5890.0,14,3,3,4,4,90.21,82.82,HEAVY_CPU_LOAD,281.99,87.33,82.57,HEAVY_CPU_LOAD,278.02,85.02,84.46,HEAVY_CPU_LOAD,277.96,88.8,85.53,HEAVY_CPU_LOAD,284.3,84.2,83.51,HEAVY_CPU_LOAD,275.51,90.35,85.01,HEAVY_CPU_LOAD,285.45,89.32,81.78,HEAVY_CPU_LOAD,279.32,86.61,83.39,HEAVY_CPU_LOAD,278.35,87.76,88.42,HEAVY_CPU_LOAD,287.33,83.78,81.64,HEAVY_CPU_LOAD,272.19,30.05,50.0,301.8,0.3,22.0,COOLING,0.3,22.0,COOLING,0.3,22.0,COOLING,0.3,22.0,COOLING,25.309,23.962,24.139,24.244,24.413,25.309,23.962,1.347,1122.27,560.96,557.67,559.52,255.0,255.0,340.0,340.0,215.21,319.62,391.26,313.56,-282.87,171.87,9.63,101.37,1050.0,1050.0,1050.0,1050.0,259.61,257.45,248.56,264.45,2800.42,1190.0,1239.65,4200.0,1030.07,1.0,0.606,1.0,1.0,22.5,TARGETED_WEST_COMPUTE_COOL,16.7144
3,Distributed Heavy Compute,0,590,5900.0,14,3,3,4,4,89.77,87.91,HEAVY_CPU_LOAD,289.08,86.03,83.08,HEAVY_CPU_LOAD,277.16,83.92,87.16,HEAVY_CPU_LOAD,280.64,87.64,82.48,HEAVY_CPU_LOAD,278.27,87.81,87.99,HEAVY_CPU_LOAD,286.75,87.66,83.47,HEAVY_CPU_LOAD,279.78,85.88,87.72,HEAVY_CPU_LOAD,283.93,87.42,86.43,HEAVY_CPU_LOAD,283.92,86.46,84.64,HEAVY_CPU_LOAD,280.03,85.03,83.97,HEAVY_CPU_LOAD,277.24,30.05,50.0,301.9,0.3,22.0,COOLING,0.3,22.0,COOLING,0.3,22.0,COOLING,0.3,22.0,COOLING,25.314,23.967,24.144,24.249,24.418,25.314,23.967,1.347,1125.15,566.53,567.85,557.27,255.0,255.0,340.0,340.0,215.14,319.58,391.25,313.52,-282.87,171.87,9.63,101.37,1050.0,1050.0,1050.0,1050.0,262.42,262.98,258.73,262.16,2816.8,1190.0,1239.49,4200.0,1046.29,1.0,0.615,1.0,1.0,22.5,TARGETED_WEST_COMPUTE_COOL,16.7921
3,Distributed Heavy Compute,0,591,5910.0,14,3,3,4,4,90.18,82.13,HEAVY_CPU_LOAD,280.92,88.06,86.83,HEAVY_CPU_LOAD,285.32,84.15,88.3,HEAVY_CPU_LOAD,282.64,89.28,83.58,HEAVY_CPU_LOAD,281.97,88.47,83.68,HEAVY_CPU_LOAD,281.11,86.01,86.29,HEAVY_CPU_LOAD,281.95,88.8,85.8,HEAVY_CPU_LOAD,284.7,88.54,86.38,HEAVY_CPU_LOAD,285.25,90.39,84.8,HEAVY_CPU_LOAD,285.19,89.34,83.78,HEAVY_CPU_LOAD,282.35,30.05,50.0,302.1,0.3,22.0,COOLING,0.3,22.0,COOLING,0.3,22.0,COOLING,0.3,22.0,COOLING,25.319,23.972,24.149,24.255,24.424,25.319,23.972,1.347,1130.85,563.06,569.95,567.54,255.0,255.0,340.0,340.0,215.11,319.59,391.32,313.53,-282.87,171.87,9.63,101.37,1050.0,1050.0,1050.0,1050.0,268.09,259.52,260.9,272.44,2831.4,1190.0,1239.55,4200.0,1060.95,1.0,0.622,1.0,1.0,22.5,TARGETED_WEST_COMPUTE_COOL,16.8821
3,Distributed Heavy Compute,0,592,5920.0,14,3,3,4,4,85.85,88.0,HEAVY_CPU_LOAD,284.31,87.11,83.01,HEAVY_CPU_LOAD,278.4,88.83,86.67,HEAVY_CPU_LOAD,286.04,84.17,84.33,HEAVY_CPU_LOAD,276.71,84.74,83.18,HEAVY_CPU_LOAD,275.7,90.13,87.65,HEAVY_CPU_LOAD,289.14,85.3,84.84,HEAVY_CPU_LOAD,278.88,89.46,83.46,HEAVY_CPU_LOAD,282.01,84.52,84.61,HEAVY_CPU_LOAD,277.56,86.91,82.26,HEAVY_CPU_LOAD,277.03,30.06,50.0,302.2,0.3,22.0,COOLING,0.3,22.0,COOLING,0.3,22.0,COOLING,0.3,22.0,COOLING,25.324,23.977,24.154,24.26,24.429,25.324,23.977,1.347,1125.46,564.84,560.89,554.59,255.0,255.0,340.0,340.0,215.26,319.77,391.52,313.69,-282.76,171.88,9.74,101.14,1050.0,1050.0,1050.0,1050.0,262.96,261.49,252.15,259.42,2805.78,1190.0,1240.24,4200.0,1036.02,1.0,0.629,1.0,1.0,22.5,TARGETED_WEST_COMPUTE_COOL,16.9405
3,Distributed Heavy Compute,0,593,5930.0,14,3,3,4,4,85.15,87.75,HEAVY_CPU_LOAD,283.06,87.07,87.23,HEAVY_CPU_LOAD,284.68,86.06,84.61,HEAVY_CPU_LOAD,279.49,85.19,88.26,HEAVY_CPU_LOAD,283.88,90.07,86.92,HEAVY_CPU_LOAD,287.97,83.83,83.98,HEAVY_CPU_LOAD,275.76,89.19,83.35,HEAVY_CPU_LOAD,281.51,88.99,84.46,HEAVY_CPU_LOAD,282.93,88.43,83.49,HEAVY_CPU_LOAD,280.77,86.39,84.77,HEAVY_CPU_LOAD,280.14,30.06,50.0,302.4,0.3,22.0,COOLING,0.3,22.0,COOLING,0.3,22.0,COOLING,0.3,22.0,COOLING,25.329,23.982,24.159,24.265,24.434,25.329,23.982,1.347,1131.11,563.73,564.44,560.91,255.0,255.0,340.0,340.0,215.22,319.78,391.58,313.7,-282.76,171.89,9.74,101.13,1050.0,1050.0,1050.0,1050.0,268.57,260.4,255.76,265.74,2820.19,1190.0,1240.28,4200.0,1050.47,1.0,0.636,1.0,1.0,22.5,TARGETED_WEST_COMPUTE_COOL,17.0272
3,Distributed Heavy Compute,0,594,5940.0,14,3,3,4,4,85.88,85.73,HEAVY_CPU_LOAD,280.94,86.97,84.37,HEAVY_CPU_LOAD,280.27,87.76,81.69,HEAVY_CPU_LOAD,277.24,88.19,87.98,HEAVY_CPU_LOAD,287.21,89.79,83.9,HEAVY_CPU_LOAD,283.09,86.4,85.36,HEAVY_CPU_LOAD,281.04,84.49,82.43,HEAVY_CPU_LOAD,274.26,86.69,85.9,HEAVY_CPU_LOAD,282.21,88.95,85.1,HEAVY_CPU_LOAD,283.84,87.03,84.6,HEAVY_CPU_LOAD,280.69,30.06,50.0,302.5,0.3,22.0,COOLING,0.3,22.0,COOLING,0.3,22.0,COOLING,0.3,22.0,COOLING,25.334,23.987,24.164,24.27,24.439,25.334,23.987,1.347,1125.66,564.13,556.47,564.53,255.0,255.0,340.0,340.0,215.16,319.74,391.56,313.65,-282.76,171.89,9.74,101.13,1050.0,1050.0,1050.0,1050.0,263.06,260.76,247.77,269.31,2810.79,1190.0,1240.11,4200.0,1040.9,1.0,0.643,1.0,1.0,22.5,TARGETED_WEST_COMPUTE_COOL,17.0931
3,Distributed Heavy Compute,0,595,5950.0,14,3,3,4,4,84.99,87.87,HEAVY_CPU_LOAD,283.04,87.9,86.0,HEAVY_CPU_LOAD,283.88,87.85,87.73,HEAVY_CPU_LOAD,286.41,85.42,83.36,HEAVY_CPU_LOAD,276.81,89.77,87.08,HEAVY_CPU_LOAD,287.83,86.17,86.31,HEAVY_CPU_LOAD,282.18,89.33,84.66,HEAVY_CPU_LOAD,283.65,88.92,81.86,HEAVY_CPU_LOAD,278.94,87.46,81.91,HEAVY_CPU_LOAD,277.19,86.55,85.64,HEAVY_CPU_LOAD,281.65,30.07,50.0,302.6,0.3,22.0,COOLING,0.3,22.0,COOLING,0.3,22.0,COOLING,0.3,22.0,COOLING,25.339,23.992,24.169,24.275,24.444,25.339,23.992,1.347,1130.14,570.01,562.59,558.84,255.0,255.0,340.0,340.0,215.29,319.9,391.75,313.82,-282.76,171.89,9.74,101.14,1050.0,1050.0,1050.0,1050.0,267.67,266.8,254.08,263.8,2821.58,1190.0,1240.76,4200.0,1052.35,1.0,0.652,1.0,1.0,22.5,OPPOSING_ZONE_COMPENSATE,17.1742
3,Distributed Heavy Compute,0,596,5960.0,14,3,3,4,4,88.88,82.59,HEAVY_CPU_LOAD,279.99,84.94,86.51,HEAVY_CPU_LOAD,280.94,83.75,87.5,HEAVY_CPU_LOAD,280.94,88.22,85.65,HEAVY_CPU_LOAD,283.75,87.37,86.22,HEAVY_CPU_LOAD,283.54,89.42,84.75,HEAVY_CPU_LOAD,283.9,83.73,87.28,HEAVY_CPU_LOAD,280.58,85.1,86.56,HEAVY_CPU_LOAD,281.22,85.2,84.41,HEAVY_CPU_LOAD,278.12,85.09,86.85,HEAVY_CPU_LOAD,281.64,30.07,50.0,302.8,0.3,22.0,COOLING,0.3,22.0,COOLING,0.3,22.0,COOLING,0.3,22.0,COOLING,25.344,23.997,24.174,24.28,24.449,25.344,23.997,1.347,1125.62,567.44,561.8,559.76,255.0,255.0,340.0,340.0,215.27,319.93,391.82,313.84,-282.76,171.88,9.74,101.14,1050.0,1050.0,1050.0,1050.0,263.13,264.25,253.36,264.74,2814.62,1190.0,1240.86,4200.0,1045.48,1.0,0.659,1.0,1.0,22.5,MAX_UNIFORM_COOL,17.2452
3,Distributed Heavy Compute,0,597,5970.0,14,3,3,4,4,87.35,86.86,HEAVY_CPU_LOAD,284.48,89.91,88.43,HEAVY_CPU_LOAD,290.03,88.81,86.5,HEAVY_CPU_LOAD,285.76,88.09,86.09,HEAVY_CPU_LOAD,284.25,90.44,87.55,HEAVY_CPU_LOAD,289.38,88.16,84.43,HEAVY_CPU_LOAD,281.85,88.84,81.93,HEAVY_CPU_LOAD,278.95,87.8,88.36,HEAVY_CPU_LOAD,287.29,87.87,84.52,HEAVY_CPU_LOAD,281.62,89.89,88.32,HEAVY_CPU_LOAD,289.84,30.07,50.0,302.9,0.3,22.0,COOLING,0.3,22.0,COOLING,0.3,22.0,COOLING,0.3,22.0,COOLING,25.35,24.002,24.179,24.286,24.454,25.35,24.002,1.348,1144.52,571.23,566.24,571.46,255.0,255.0,340.0,340.0,215.2,319.88,391.8,313.79,-282.76,171.89,9.74,101.13,1050.0,1050.0,1050.0,1050.0,281.96,268.0,257.78,276.38,2853.45,1190.0,1240.67,4200.0,1084.12,1.0,0.666,1.0,1.0,22.5,MAX_UNIFORM_COOL,17.3706
3,Distributed Heavy Compute,0,598,5980.0,14,3,3,4,4,86.26,85.0,HEAVY_CPU_LOAD,280.32,85.05,83.58,HEAVY_CPU_LOAD,276.68,86.14,87.68,HEAVY_CPU_LOAD,284.2,86.38,83.63,HEAVY_CPU_LOAD,278.42,89.56,85.94,HEAVY_CPU_LOAD,285.86,85.17,85.75,HEAVY_CPU_LOAD,280.09,87.61,82.69,HEAVY_CPU_LOAD,278.55,84.3,88.24,HEAVY_CPU_LOAD,282.74,85.89,84.0,HEAVY_CPU_LOAD,278.36,89.18,87.23,HEAVY_CPU_LOAD,287.32,30.08,50.0,303.1,0.3,22.0,COOLING,0.3,22.0,COOLING,0.3,22.0,COOLING,0.3,22.0,COOLING,25.355,24.007,24.184,24.292,24.46,25.355,24.007,1.348,1119.62,565.95,561.29,565.68,255.0,255.0,340.0,340.0,215.35,320.12,392.08,314.01,-282.89,172.01,9.87,101.01,1050.0,1050.0,1050.0,1050.0,257.08,263.08,253.24,270.7,2812.54,1190.0,1241.56,4200.0,1044.1,1.0,0.673,1.0,1.0,22.5,MAX_UNIFORM_COOL,17.4125
3,Distributed Heavy Compute,0,599,5990.0,14,3,3,4,4,85.33,81.76,HEAVY_CPU_LOAD,274.3,87.83,87.96,HEAVY_CPU_LOAD,286.73,84.58,85.73,HEAVY_CPU_LOAD,279.32,84.66,86.69,HEAVY_CPU_LOAD,280.86,87.87,87.06,HEAVY_CPU_LOAD,285.43,85.33,85.68,HEAVY_CPU_LOAD,280.18,86.9,85.9,HEAVY_CPU_LOAD,282.48,90.01,87.56,HEAVY_CPU_LOAD,288.85,83.6,85.5,HEAVY_CPU_LOAD,277.75,83.59,86.77,HEAVY_CPU_LOAD,279.64,30.08,50.0,303.2,0.3,22.0,COOLING,0.3,22.0,COOLING,0.3,22.0,COOLING,0.3,22.0,COOLING,25.36,24.012,24.189,24.297,24.465,25.36,24.012,1.348,1121.21,565.61,571.33,557.39,255.0,255.0,340.0,340.0,215.29,320.07,392.06,313.94,-282.77,172.02,9.98,100.77,1050.0,1050.0,1050.0,1050.0,258.73,262.7,263.37,262.1,2815.54,1190.0,1241.36,4200.0,1046.9,1.0,0.681,1.0,1.0,22.5,MAX_UNIFORM_COOL,17.4943
3,Distributed Heavy Compute,0,600,6000.0,14,3,3,4,4,87.45,83.43,HEAVY_CPU_LOAD,279.46,89.3,82.1,HEAVY_CPU_LOAD,279.77,89.74,84.17,HEAVY_CPU_LOAD,283.43,84.57,83.07,HEAVY_CPU_LOAD,275.32,89.98,88.37,HEAVY_CPU_LOAD,290.03,88.77,85.77,HEAVY_CPU_LOAD,284.62,89.98,85.69,HEAVY_CPU_LOAD,286.01,87.25,83.78,HEAVY_CPU_LOAD,279.73,85.39,85.76,HEAVY_CPU_LOAD,280.38,87.32,86.04,HEAVY_CPU_LOAD,283.21,30.08,50.0,303.3,0.3,22.0,COOLING,0.3,22.0,COOLING,0.3,22.0,COOLING,0.3,22.0,COOLING,25.365,24.018,24.194,24.302,24.47,25.365,24.018,1.347,1117.98,574.65,565.74,563.59,255.0,255.0,340.0,340.0,215.22,320.02,392.05,313.89,-282.77,172.02,9.98,100.77,1050.0,1050.0,1050.0,1050.0,255.43,271.69,257.77,268.25,2821.96,1190.0,1241.18,4200.0,1053.14,1.0,0.691,1.0,1.0,22.5,MAX_UNIFORM_COOL,17.5636
3,Distributed Heavy Compute,0,601,6010.0,14,3,3,4,4,86.03,87.22,HEAVY_CPU_LOAD,283.37,83.73,81.69,HEAVY_CPU_LOAD,272.2,84.82,87.12,HEAVY_CPU_LOAD,281.7,89.83,85.24,HEAVY_CPU_LOAD,285.15,85.25,81.78,HEAVY_CPU_LOAD,274.23,86.15,82.0,HEAVY_CPU_LOAD,275.69,88.52,86.17,HEAVY_CPU_LOAD,284.9,88.18,86.57,HEAVY_CPU_LOAD,285.08,87.12,83.08,HEAVY_CPU_LOAD,278.52,87.22,86.48,HEAVY_CPU_LOAD,283.75,30.09,50.0,303.5,0.3,22.0,COOLING,0.3,22.0,COOLING,0.3,22.0,COOLING,0.3,22.0,COOLING,25.37,24.023,24.199,24.307,24.475,25.37,24.023,1.347,1122.42,549.92,569.98,562.27,255.0,255.0,340.0,340.0,215.4,320.24,392.32,314.13,-282.66,171.79,10.09,100.79,1050.0,1050.0,1050.0,1050.0,260.16,246.95,262.39,267.19,2804.59,1190.0,1242.09,4200.0,1036.69,1.0,0.694,1.0,1.0,22.5,MAX_UNIFORM_COOL,17.6599
3,Distributed Heavy Compute,0,602,6020.0,14,3,3,4,4,84.17,85.16,HEAVY_CPU_LOAD,277.95,86.66,87.86,HEAVY_CPU_LOAD,285.12,83.78,86.25,HEAVY_CPU_LOAD,279.1,90.07,81.85,HEAVY_CPU_LOAD,280.36,90.42,87.83,HEAVY_CPU_LOAD,289.77,89.48,84.81,HEAVY_CPU_LOAD,284.07,88.2,87.75,HEAVY_CPU_LOAD,286.88,85.76,85.98,HEAVY_CPU_LOAD,281.17,88.84,84.91,HEAVY_CPU_LOAD,283.42,89.61,81.93,HEAVY_CPU_LOAD,279.91,30.09,50.0,303.6,0.3,22.0,COOLING,0.3,22.0,COOLING,0.3,22.0,COOLING,0.3,22.0,COOLING,25.375,24.029,24.204,24.312,24.48,25.375,24.029,1.346,1122.53,573.84,568.05,563.33,255.0,255.0,340.0,340.0,215.33,320.19,392.31,314.08,-282.67,171.79,10.08,100.79,1050.0,1050.0,1050.0,1050.0,260.19,270.82,260.44,268.2,2827.75,1190.0,1241.91,4200.0,1059.65,1.0,0.706,1.0,1.0,22.5,MAX_UNIFORM_COOL,17.7304
3,Distributed Heavy Compute,0,603,6030.0,14,3,3,4,4,90.07,87.76,HEAVY_CPU_LOAD,289.23,89.17,82.64,HEAVY_CPU_LOAD,280.42,88.99,86.76,HEAVY_CPU_LOAD,286.38,88.57,83.52,HEAVY_CPU_LOAD,280.99,85.76,81.66,HEAVY_CPU_LOAD,274.69,88.92,85.14,HEAVY_CPU_LOAD,283.86,88.18,83.82,HEAVY_CPU_LOAD,280.96,88.58,83.77,HEAVY_CPU_LOAD,281.38,84.45,83.55,HEAVY_CPU_LOAD,275.89,89.84,88.05,HEAVY_CPU_LOAD,289.38,30.09,50.0,303.8,0.3,22.0,COOLING,0.3,22.0,COOLING,0.3,22.0,COOLING,0.3,22.0,COOLING,25.381,24.034,24.209,24.318,24.486,25.381,24.034,1.347,1137.02,558.55,562.34,565.27,255.0,255.0,340.0,340.0,215.29,320.19,392.37,314.11,-282.55,171.56,10.19,100.8,1050.0,1050.0,1050.0,1050.0,274.76,255.3,254.9,270.18,2823.18,1190.0,1241.96,4200.0,1055.14,1.0,0.71,1.0,1.0,22.5,MAX_UNIFORM_COOL,17.8541
3,Distributed Heavy Compute,0,604,6040.0,14,3,3,4,4,85.35,87.12,HEAVY_CPU_LOAD,282.37,86.64,87.33,HEAVY_CPU_LOAD,284.3,87.8,86.29,HEAVY_CPU_LOAD,284.19,83.74,82.03,HEAVY_CPU_LOAD,272.72,89.79,82.13,HEAVY_CPU_LOAD,280.43,89.78,88.34,HEAVY_CPU_LOAD,289.74,86.85,87.82,HEAVY_CPU_LOAD,285.29,88.35,86.06,HEAVY_CPU_LOAD,284.53,90.45,87.97,HEAVY_CPU_LOAD,290.02,90.25,82.85,HEAVY_CPU_LOAD,282.09,30.1,50.0,303.9,0.3,22.0,COOLING,0.3,22.0,COOLING,0.3,22.0,COOLING,0.3,22.0,COOLING,25.386,24.039,24.214,24.324,24.491,25.386,24.039,1.347,1123.58,570.17,569.82,572.11,255.0,255.0,340.0,340.0,215.42,320.36,392.57,314.25,-282.68,171.68,10.32,100.68,1050.0,1050.0,1050.0,1050.0,261.32,267.21,262.71,277.04,2835.68,1190.0,1242.6,4200.0,1068.28,1.0,0.72,1.0,1.0,22.5,MAX_UNIFORM_COOL,17.9201
3,Distributed Heavy Compute,0,605,6050.0,14,3,3,4,4,89.0,87.84,HEAVY_CPU_LOAD,288.01,83.55,83.61,HEAVY_CPU_LOAD,274.85,89.0,88.49,HEAVY_CPU_LOAD,288.99,84.5,85.53,HEAVY_CPU_LOAD,278.92,87.79,88.36,HEAVY_CPU_LOAD,287.28,86.41,84.97,HEAVY_CPU_LOAD,280.47,88.27,82.81,HEAVY_CPU_LOAD,279.55,88.11,84.68,HEAVY_CPU_LOAD,282.16,83.6,81.58,HEAVY_CPU_LOAD,271.87,88.71,84.27,HEAVY_CPU_LOAD,282.29,30.1,50.0,304.0,0.3,22.0,COOLING,0.3,22.0,COOLING,0.3,22.0,COOLING,0.3,22.0,COOLING,25.391,24.044,24.219,24.329,24.496,25.391,24.044,1.347,1130.77,567.75,561.71,554.16,255.0,255.0,340.0,340.0,215.35,320.31,392.55,314.18,-282.57,171.69,10.43,100.44,1050.0,1050.0,1050.0,1050.0,268.55,264.75,254.69,258.78,2814.39,1190.0,1242.39,4200.0,1046.77,1.0,0.727,1.0,1.0,22.5,MAX_UNIFORM_COOL,18.0053
3,Distributed Heavy Compute,0,606,6060.0,14,3,3,4,4,90.32,85.84,HEAVY_CPU_LOAD,286.66,88.96,85.41,HEAVY_CPU_LOAD,284.31,87.95,83.38,HEAVY_CPU_LOAD,280.01,87.21,88.18,HEAVY_CPU_LOAD,286.28,88.29,86.96,HEAVY_CPU_LOAD,285.8,89.98,85.82,HEAVY_CPU_LOAD,286.21,84.51,86.45,HEAVY_CPU_LOAD,280.31,85.58,82.6,HEAVY_CPU_LOAD,275.88,90.44,85.84,HEAVY_CPU_LOAD,286.81,87.37,86.08,HEAVY_CPU_LOAD,283.33,30.1,50.0,304.2,0.3,22.0,COOLING,0.3,22.0,COOLING,0.3,22.0,COOLING,0.3,22.0,COOLING,25.397,24.049,24.224,24.335,24.501,25.397,24.049,1.348,1137.26,572.01,556.19,570.14,255.0,255.0,340.0,340.0,215.32,320.32,392.62,314.2,-282.57,171.69,10.43,100.44,1050.0,1050.0,1050.0,1050.0,275.01,269.02,249.24,274.78,2835.6,1190.0,1242.46,4200.0,1068.05,1.0,0.734,1.0,1.0,22.5,MAX_UNIFORM_COOL,18.1185
3,Distributed Heavy Compute,0,607,6070.0,14,3,3,4,4,86.91,86.19,HEAVY_CPU_LOAD,282.92,85.83,83.35,HEAVY_CPU_LOAD,277.31,88.02,84.92,HEAVY_CPU_LOAD,282.4,90.28,87.3,HEAVY_CPU_LOAD,288.8,88.87,87.59,HEAVY_CPU_LOAD,287.47,87.86,85.17,HEAVY_CPU_LOAD,282.58,88.88,82.35,HEAVY_CPU_LOAD,279.62,89.14,82.35,HEAVY_CPU_LOAD,279.95,83.82,85.58,HEAVY_CPU_LOAD,278.14,86.25,87.23,HEAVY_CPU_LOAD,283.66,30.11,50.0,304.3,0.3,22.0,COOLING,0.3,22.0,COOLING,0.3,22.0,COOLING,0.3,22.0,COOLING,25.402,24.054,24.229,24.34,24.506,25.402,24.054,1.348,1131.43,570.05,559.57,561.8,255.0,255.0,340.0,340.0,215.44,320.5,392.81,314.35,-282.69,171.82,10.55,100.32,1050.0,1050.0,1050.0,1050.0,269.18,267.37,252.93,266.47,2822.85,1190.0,1243.1,4200.0,1055.95,1.0,0.741,1.0,1.0,22.5,MAX_UNIFORM_COOL,18.1921
3,Distributed Heavy Compute,0,608,6080.0,14,3,3,4,4,89.45,85.25,HEAVY_CPU_LOAD,284.69,86.6,87.16,HEAVY_CPU_LOAD,283.99,86.22,87.79,HEAVY_CPU_LOAD,284.46,84.05,85.15,HEAVY_CPU_LOAD,277.79,88.48,83.28,HEAVY_CPU_LOAD,280.52,84.44,83.93,HEAVY_CPU_LOAD,276.45,85.89,85.71,HEAVY_CPU_LOAD,280.93,88.8,83.54,HEAVY_CPU_LOAD,281.31,89.79,88.36,HEAVY_CPU_LOAD,289.78,85.63,87.69,HEAVY_CPU_LOAD,283.57,30.11,50.0,304.4,0.3,22.0,COOLING,0.3,22.0,COOLING,0.3,22.0,COOLING,0.3,22.0,COOLING,25.407,24.059,24.234,24.346,24.512,25.407,24.059,1.348,1130.93,556.97,562.24,573.35,255.0,255.0,340.0,340.0,215.37,320.45,392.79,314.3,-282.7,171.82,10.56,100.32,1050.0,1050.0,1050.0,1050.0,268.6,254.24,255.59,277.97,2823.49,1190.0,1242.91,4200.0,1056.4,1.0,0.747,1.0,1.0,22.5,MAX_UNIFORM_COOL,18.2889
3,Distributed Heavy Compute,0,609,6090.0,14,3,3,4,4,88.76,86.54,HEAVY_CPU_LOAD,285.76,90.37,87.44,HEAVY_CPU_LOAD,289.12,86.96,83.03,HEAVY_CPU_LOAD,278.25,86.43,85.07,HEAVY_CPU_LOAD,280.64,89.76,83.78,HEAVY_CPU_LOAD,282.87,84.64,87.88,HEAVY_CPU_LOAD,282.62,90.36,85.46,HEAVY_CPU_LOAD,286.14,85.09,84.1,HEAVY_CPU_LOAD,277.51,85.66,85.24,HEAVY_CPU_LOAD,279.93,87.38,82.01,HEAVY_CPU_LOAD,277.24,30.11,50.0,304.6,0.3,22.0,COOLING,0.3,22.0,COOLING,0.3,22.0,COOLING,0.3,22.0,COOLING,25.413,24.064,24.239,24.351,24.517,25.413,24.064,1.349,1133.77,565.49,563.65,557.17,255.0,255.0,340.0,340.0,215.33,320.48,392.85,314.31,-282.58,171.83,10.66,100.09,1050.0,1050.0,1050.0,1050.0,271.52,262.8,257.16,261.57,2820.08,1190.0,1242.97,4200.0,1053.05,1.0,0.755,1.0,1.0,22.5,MAX_UNIFORM_COOL,18.3845
3,Distributed Heavy Compute,0,610,6100.0,14,3,3,4,4,84.49,84.4,HEAVY_CPU_LOAD,277.21,89.57,85.44,HEAVY_CPU_LOAD,285.12,87.41,81.84,HEAVY_CPU_LOAD,277.02,87.07,83.76,HEAVY_CPU_LOAD,279.48,84.07,82.95,HEAVY_CPU_LOAD,274.51,85.43,86.23,HEAVY_CPU_LOAD,281.13,87.75,86.27,HEAVY_CPU_LOAD,284.09,86.77,81.57,HEAVY_CPU_LOAD,275.82,89.75,84.22,HEAVY_CPU_LOAD,283.52,83.66,82.18,HEAVY_CPU_LOAD,272.85,30.12,50.0,304.7,0.3,22.0,COOLING,0.3,22.0,COOLING,0.3,22.0,COOLING,0.3,22.0,COOLING,25.418,24.069,24.244,24.356,24.522,25.418,24.069,1.349,1118.83,555.64,559.91,556.37,255.0,255.0,340.0,340.0,215.46,320.64,393.05,314.47,-282.82,171.95,10.68,100.2,1050.0,1050.0,1050.0,1050.0,256.47,253.23,253.64,261.04,2790.75,1190.0,1243.62,4200.0,1024.38,1.0,0.761,1.0,1.0,22.5,MAX_UNIFORM_COOL,18.4473
3,Distributed Heavy Compute,0,611,6110.0,14,3,3,4,4,86.93,84.33,HEAVY_CPU_LOAD,280.16,89.67,86.86,HEAVY_CPU_LOAD,287.38,89.53,86.51,HEAVY_CPU_LOAD,286.68,88.96,82.61,HEAVY_CPU_LOAD,280.12,84.75,87.4,HEAVY_CPU_LOAD,282.04,86.71,86.66,HEAVY_CPU_LOAD,283.38,84.58,84.61,HEAVY_CPU_LOAD,277.64,84.88,85.84,HEAVY_CPU_LOAD,279.86,89.79,85.47,HEAVY_CPU_LOAD,285.44,88.45,85.97,HEAVY_CPU_LOAD,284.52,30.12,50.0,304.9,0.3,22.0,COOLING,0.3,22.0,COOLING,0.3,22.0,COOLING,0.3,22.0,COOLING,25.424,24.074,24.249,24.362,24.527,25.424,24.074,1.35,1134.34,565.42,557.5,569.96,255.0,255.0,340.0,340.0,215.43,320.66,393.12,314.49,-282.82,171.95,10.68,100.19,1050.0,1050.0,1050.0,1050.0,271.95,263.03,251.3,274.64,2827.22,1190.0,1243.7,4200.0,1060.92,1.0,0.77,1.0,1.0,22.5,MAX_UNIFORM_COOL,18.5788
3,Distributed Heavy Compute,0,612,6120.0,14,3,3,4,4,84.61,86.12,HEAVY_CPU_LOAD,279.94,87.16,86.5,HEAVY_CPU_LOAD,283.7,86.12,85.05,HEAVY_CPU_LOAD,280.23,85.9,85.39,HEAVY_CPU_LOAD,280.46,88.45,82.54,HEAVY_CPU_LOAD,279.37,87.83,83.25,HEAVY_CPU_LOAD,279.66,88.73,86.76,HEAVY_CPU_LOAD,286.05,88.7,85.59,HEAVY_CPU_LOAD,284.26,89.6,83.35,HEAVY_CPU_LOAD,282.02,89.3,88.01,HEAVY_CPU_LOAD,288.64,30.12,50.0,305.0,0.3,22.0,COOLING,0.3,22.0,COOLING,0.3,22.0,COOLING,0.3,22.0,COOLING,25.429,24.079,24.254,24.368,24.532,25.429,24.079,1.35,1124.33,559.03,570.31,570.66,255.0,255.0,340.0,340.0,215.34,320.61,393.11,314.42,-282.94,172.07,10.81,100.07,1050.0,1050.0,1050.0,1050.0,261.73,256.71,264.23,275.15,2824.33,1190.0,1243.48,4200.0,1057.82,1.0,0.777,1.0,1.0,22.5,MAX_UNIFORM_COOL,18.6595
3,Distributed Heavy Compute,0,613,6130.0,14,3,3,4,4,85.48,84.28,HEAVY_CPU_LOAD,278.27,85.54,86.43,HEAVY_CPU_LOAD,281.57,90.02,86.54,HEAVY_CPU_LOAD,287.34,89.85,87.6,HEAVY_CPU_LOAD,288.71,86.67,88.37,HEAVY_CPU_LOAD,285.89,83.62,87.48,HEAVY_CPU_LOAD,280.75,87.34,86.93,HEAVY_CPU_LOAD,284.57,88.04,86.43,HEAVY_CPU_LOAD,284.7,86.92,86.44,HEAVY_CPU_LOAD,283.31,86.56,82.18,HEAVY_CPU_LOAD,276.47,30.13,50.0,305.1,0.3,22.0,COOLING,0.3,22.0,COOLING,0.3,22.0,COOLING,0.3,22.0,COOLING,25.435,24.084,24.259,24.373,24.538,25.435,24.084,1.351,1135.89,566.64,569.27,559.78,255.0,255.0,340.0,340.0,215.48,320.79,393.29,314.57,-282.83,172.08,10.91,99.84,1050.0,1050.0,1050.0,1050.0,273.54,264.51,263.47,264.19,2831.58,1190.0,1244.13,4200.0,1065.71,1.0,0.785,1.0,1.0,22.5,MAX_UNIFORM_COOL,18.7753
3,Distributed Heavy Compute,0,614,6140.0,14,3,3,4,4,88.15,81.63,HEAVY_CPU_LOAD,277.63,85.77,88.26,HEAVY_CPU_LOAD,284.6,89.7,83.52,HEAVY_CPU_LOAD,282.4,87.47,87.91,HEAVY_CPU_LOAD,286.2,83.94,86.22,HEAVY_CPU_LOAD,279.25,88.79,83.26,HEAVY_CPU_LOAD,280.88,90.09,88.19,HEAVY_CPU_LOAD,289.9,85.04,87.02,HEAVY_CPU_LOAD,281.83,85.46,83.71,HEAVY_CPU_LOAD,277.39,87.51,86.2,HEAVY_CPU_LOAD,283.69,30.13,50.0,305.3,0.3,22.0,COOLING,0.3,22.0,COOLING,0.3,22.0,COOLING,0.3,22.0,COOLING,25.44,24.089,24.264,24.378,24.543,25.44,24.089,1.351,1130.83,560.13,571.73,561.08,255.0,255.0,340.0,340.0,215.43,320.8,393.37,314.59,-283.07,172.19,10.93,99.94,1050.0,1050.0,1050.0,1050.0,268.19,258.12,266.03,265.61,2823.77,1190.0,1244.19,4200.0,1057.95,1.0,0.791,1.0,1.0,22.5,MAX_UNIFORM_COOL,18.8589
3,Distributed Heavy Compute,0,615,6150.0,14,3,3,4,4,90.3,82.84,HEAVY_CPU_LOAD,282.13,88.82,86.95,HEAVY_CPU_LOAD,286.45,85.97,88.2,HEAVY_CPU_LOAD,284.76,85.11,85.03,HEAVY_CPU_LOAD,278.93,86.32,87.03,HEAVY_CPU_LOAD,283.44,85.39,82.46,HEAVY_CPU_LOAD,275.43,84.25,87.74,HEAVY_CPU_LOAD,281.92,87.07,86.1,HEAVY_CPU_LOAD,282.99,86.03,87.55,HEAVY_CPU_LOAD,283.86,83.58,86.13,HEAVY_CPU_LOAD,278.67,30.14,50.0,305.4,0.3,22.0,COOLING,0.3,22.0,COOLING,0.3,22.0,COOLING,0.3,22.0,COOLING,25.446,24.094,24.269,24.383,24.548,25.446,24.094,1.352,1132.27,558.87,564.91,562.53,255.0,255.0,340.0,340.0,215.57,320.98,393.55,314.76,-283.07,172.2,10.93,99.95,1050.0,1050.0,1050.0,1050.0,269.77,257.05,259.39,267.24,2818.58,1190.0,1244.86,4200.0,1053.45,1.0,0.798,1.0,1.0,22.5,MAX_UNIFORM_COOL,18.9644
3,Distributed Heavy Compute,0,616,6160.0,14,3,3,4,4,89.62,86.95,HEAVY_CPU_LOAD,287.45,83.72,87.59,HEAVY_CPU_LOAD,281.03,88.23,82.39,HEAVY_CPU_LOAD,278.87,84.48,84.21,HEAVY_CPU_LOAD,276.91,86.91,81.53,HEAVY_CPU_LOAD,275.93,89.0,88.24,HEAVY_CPU_LOAD,288.61,86.15,86.56,HEAVY_CPU_LOAD,282.53,89.43,85.57,HEAVY_CPU_LOAD,285.14,84.52,86.06,HEAVY_CPU_LOAD,279.74,86.03,84.04,HEAVY_CPU_LOAD,278.6,30.14,50.0,305.6,0.3,22.0,COOLING,0.3,22.0,COOLING,0.3,22.0,COOLING,0.3,22.0,COOLING,25.451,24.099,24.274,24.388,24.553,25.451,24.099,1.352,1124.26,564.54,567.67,558.34,255.0,255.0,340.0,340.0,215.52,320.99,393.63,314.78,-283.31,172.3,10.95,100.06,1050.0,1050.0,1050.0,1050.0,261.47,262.83,262.25,263.18,2814.81,1190.0,1244.92,4200.0,1049.73,1.0,0.807,1.0,1.0,22.5,MAX_UNIFORM_COOL,19.0381
3,Distributed Heavy Compute,0,617,6170.0,14,3,3,4,4,90.4,87.88,HEAVY_CPU_LOAD,289.82,86.39,87.38,HEAVY_CPU_LOAD,284.06,88.52,81.98,HEAVY_CPU_LOAD,278.62,85.02,87.7,HEAVY_CPU_LOAD,282.82,86.92,84.94,HEAVY_CPU_LOAD,281.06,85.26,85.01,HEAVY_CPU_LOAD,279.09,88.94,82.18,HEAVY_CPU_LOAD,279.45,87.35,87.64,HEAVY_CPU_LOAD,285.65,84.77,88.41,HEAVY_CPU_LOAD,283.58,83.58,82.02,HEAVY_CPU_LOAD,272.5,30.14,50.0,305.7,0.3,22.0,COOLING,0.3,22.0,COOLING,0.3,22.0,COOLING,0.3,22.0,COOLING,25.457,24.104,24.279,24.393,24.558,25.457,24.104,1.353,1135.32,560.15,565.1,556.08,255.0,255.0,340.0,340.0,215.45,320.94,393.61,314.73,-283.3,172.31,10.95,100.05,1050.0,1050.0,1050.0,1050.0,272.47,258.4,259.66,260.86,2816.65,1190.0,1244.73,4200.0,1051.39,1.0,0.812,1.0,1.0,22.5,MAX_UNIFORM_COOL,19.163
3,Distributed Heavy Compute,0,618,6180.0,14,3,3,4,4,89.67,86.46,HEAVY_CPU_LOAD,286.78,84.56,85.5,HEAVY_CPU_LOAD,278.95,87.16,87.66,HEAVY_CPU_LOAD,285.44,85.59,81.94,HEAVY_CPU_LOAD,274.9,86.74,81.76,HEAVY_CPU_LOAD,276.07,89.22,84.7,HEAVY_CPU_LOAD,283.57,85.57,81.65,HEAVY_CPU_LOAD,274.44,84.21,81.57,HEAVY_CPU_LOAD,272.62,87.4,83.17,HEAVY_CPU_LOAD,279.0,84.8,83.83,HEAVY_CPU_LOAD,276.75,30.15,50.0,305.8,0.3,22.0,COOLING,0.3,22.0,COOLING,0.3,22.0,COOLING,0.3,22.0,COOLING,25.462,24.109,24.284,24.398,24.563,25.462,24.109,1.353,1126.07,559.64,547.06,555.75,255.0,255.0,340.0,340.0,215.57,321.11,393.8,314.9,-283.54,172.42,10.96,100.16,1050.0,1050.0,1050.0,1050.0,263.1,258.17,241.82,260.81,2788.52,1190.0,1245.38,4200.0,1023.9,1.0,0.819,1.0,1.0,22.5,MAX_UNIFORM_COOL,19.2317
3,Distributed Heavy Compute,0,619,6190.0,14,3,3,4,4,83.67,87.21,HEAVY_CPU_LOAD,280.4,88.04,84.44,HEAVY_CPU_LOAD,281.71,84.38,82.33,HEAVY_CPU_LOAD,273.97,88.91,84.53,HEAVY_CPU_LOAD,282.93,84.72,82.55,HEAVY_CPU_LOAD,274.72,86.85,82.16,HEAVY_CPU_LOAD,276.8,84.25,87.89,HEAVY_CPU_LOAD,282.15,87.45,82.87,HEAVY_CPU_LOAD,278.62,87.18,85.57,HEAVY_CPU_LOAD,282.33,87.04,86.11,HEAVY_CPU_LOAD,282.97,30.15,50.0,306.0,0.3,22.0,COOLING,0.3,22.0,COOLING,0.3,22.0,COOLING,0.3,22.0,COOLING,25.467,24.114,24.289,24.404,24.569,25.467,24.114,1.353,1119.01,551.52,560.77,565.3,255.0,255.0,340.0,340.0,215.54,321.13,393.87,314.92,-283.54,172.41,10.96,100.16,1050.0,1050.0,1050.0,1050.0,256.01,250.06,255.6,270.38,2796.6,1190.0,1245.46,4200.0,1032.05,1.0,0.826,1.0,1.0,22.5,MAX_UNIFORM_COOL,19.3264
3,Distributed Heavy Compute,0,620,6200.0,14,3,3,4,4,86.71,85.64,HEAVY_CPU_LOAD,281.85,86.24,87.67,HEAVY_CPU_LOAD,284.31,87.32,83.26,HEAVY_CPU_LOAD,279.04,87.04,81.6,HEAVY_CPU_LOAD,276.2,88.61,83.89,HEAVY_CPU_LOAD,281.6,84.16,84.9,HEAVY_CPU_LOAD,277.55,86.26,87.37,HEAVY_CPU_LOAD,283.88,87.09,83.58,HEAVY_CPU_LOAD,279.23,87.28,87.25,HEAVY_CPU_LOAD,284.98,84.87,87.43,HEAVY_CPU_LOAD,282.23,30.15,50.0,306.1,0.3,22.0,COOLING,0.3,22.0,COOLING,0.3,22.0,COOLING,0.3,22.0,COOLING,25.472,24.119,24.294,24.41,24.574,25.472,24.119,1.353,1121.4,559.15,563.11,567.21,255.0,255.0,340.0,340.0,215.47,321.08,393.85,314.85,-283.43,172.43,11.07,99.93,1050.0,1050.0,1050.0,1050.0,258.44,257.66,258.03,271.99,2810.87,1190.0,1245.25,4200.0,1046.12,1.0,0.835,1.0,1.0,22.5,MAX_UNIFORM_COOL,19.4267
3,Distributed Heavy Compute,0,621,6210.0,14,3,3,4,4,87.0,82.95,HEAVY_CPU_LOAD,278.18,88.02,87.48,HEAVY_CPU_LOAD,286.25,90.11,87.61,HEAVY_CPU_LOAD,289.05,85.84,86.21,HEAVY_CPU_LOAD,281.62,90.47,85.97,HEAVY_CPU_LOAD,287.04,88.4,86.26,HEAVY_CPU_LOAD,284.89,89.67,87.11,HEAVY_CPU_LOAD,287.75,90.47,85.68,HEAVY_CPU_LOAD,286.61,87.76,81.78,HEAVY_CPU_LOAD,277.37,87.66,87.39,HEAVY_CPU_LOAD,285.66,30.16,50.0,306.2,0.3,22.0,COOLING,0.3,22.0,COOLING,0.3,22.0,COOLING,0.3,22.0,COOLING,25.478,24.125,24.3,24.415,24.579,25.478,24.125,1.353,1135.1,571.93,574.36,563.03,255.0,255.0,340.0,340.0,215.62,321.26,394.05,315.0,-283.32,172.45,11.18,99.7,1050.0,1050.0,1050.0,1050.0,272.4,270.64,269.59,267.73,2844.42,1190.0,1245.93,4200.0,1080.36,1.0,0.846,1.0,1.0,22.5,MAX_UNIFORM_COOL,19.5605
3,Distributed Heavy Compute,0,622,6220.0,14,3,3,4,4,87.13,86.4,HEAVY_CPU_LOAD,283.51,86.64,85.88,HEAVY_CPU_LOAD,282.12,84.53,87.26,HEAVY_CPU_LOAD,281.55,86.48,85.26,HEAVY_CPU_LOAD,280.99,85.83,83.52,HEAVY_CPU_LOAD,277.57,83.64,82.64,HEAVY_CPU_LOAD,273.51,84.07,84.58,HEAVY_CPU_LOAD,276.96,88.15,84.47,HEAVY_CPU_LOAD,281.89,88.4,84.46,HEAVY_CPU_LOAD,282.19,86.9,83.08,HEAVY_CPU_LOAD,278.25,30.16,50.0,306.4,0.3,22.0,COOLING,0.3,22.0,COOLING,0.3,22.0,COOLING,0.3,22.0,COOLING,25.483,24.13,24.305,24.42,24.584,25.483,24.13,1.353,1128.17,551.08,558.85,560.44,255.0,255.0,340.0,340.0,215.56,321.25,394.09,315.02,-283.43,172.43,11.07,99.93,1050.0,1050.0,1050.0,1050.0,265.3,249.76,254.01,265.39,2798.54,1190.0,1245.92,4200.0,1034.46,1.0,0.849,1.0,1.0,22.5,MAX_UNIFORM_COOL,19.6419
3,Distributed Heavy Compute,0,623,6230.0,14,3,3,4,4,85.54,87.49,HEAVY_CPU_LOAD,283.16,86.27,81.63,HEAVY_CPU_LOAD,275.28,89.6,82.45,HEAVY_CPU_LOAD,280.68,86.16,85.41,HEAVY_CPU_LOAD,280.81,90.05,85.06,HEAVY_CPU_LOAD,285.15,87.04,83.05,HEAVY_CPU_LOAD,278.38,87.26,84.92,HEAVY_CPU_LOAD,281.45,86.7,81.78,HEAVY_CPU_LOAD,276.05,85.89,88.21,HEAVY_CPU_LOAD,284.68,86.11,84.13,HEAVY_CPU_LOAD,278.83,30.16,50.0,306.5,0.3,22.0,COOLING,0.3,22.0,COOLING,0.3,22.0,COOLING,0.3,22.0,COOLING,25.488,24.135,24.31,24.425,24.59,25.488,24.135,1.353,1119.93,563.53,557.5,563.51,255.0,255.0,340.0,340.0,215.5,321.21,394.07,314.97,-283.43,172.43,11.07,99.93,1050.0,1050.0,1050.0,1050.0,257.0,262.17,252.64,268.41,2804.47,1190.0,1245.75,4200.0,1040.22,1.0,0.859,1.0,1.0,22.5,MAX_UNIFORM_COOL,19.7188
3,Distributed Heavy Compute,0,624,6240.0,14,3,3,4,4,85.23,84.75,HEAVY_CPU_LOAD,278.66,88.84,87.51,HEAVY_CPU_LOAD,287.32,84.97,86.07,HEAVY_CPU_LOAD,280.32,88.4,84.53,HEAVY_CPU_LOAD,282.3,84.67,88.25,HEAVY_CPU_LOAD,283.21,85.95,84.44,HEAVY_CPU_LOAD,279.1,86.92,83.19,HEAVY_CPU_LOAD,278.43,88.48,85.1,HEAVY_CPU_LOAD,283.25,87.27,83.7,HEAVY_CPU_LOAD,279.64,84.93,83.96,HEAVY_CPU_LOAD,277.1,30.17,50.0,306.7,0.3,22.0,COOLING,0.3,22.0,COOLING,0.3,22.0,COOLING,0.3,22.0,COOLING,25.493,24.14,24.315,24.43,24.595,25.493,24.14,1.353,1128.6,562.31,561.68,556.74,255.0,255.0,340.0,340.0,215.67,321.44,394.35,315.21,-283.43,172.43,11.07,99.93,1050.0,1050.0,1050.0,1050.0,265.84,261.18,257.1,261.88,2809.33,1190.0,1246.67,4200.0,1046.0,1.0,0.866,1.0,1.0,22.5,MAX_UNIFORM_COOL,19.8308
3,Distributed Heavy Compute,0,625,6250.0,14,3,3,4,4,87.14,82.26,HEAVY_CPU_LOAD,277.31,87.01,83.37,HEAVY_CPU_LOAD,278.82,84.59,87.4,HEAVY_CPU_LOAD,281.84,86.66,85.54,HEAVY_CPU_LOAD,281.63,85.5,86.08,HEAVY_CPU_LOAD,281.0,90.37,86.86,HEAVY_CPU_LOAD,288.25,84.38,81.66,HEAVY_CPU_LOAD,272.96,85.19,82.23,HEAVY_CPU_LOAD,274.83,89.3,88.14,HEAVY_CPU_LOAD,288.84,85.35,83.72,HEAVY_CPU_LOAD,277.27,30.17,50.0,306.8,0.3,22.0,COOLING,0.3,22.0,COOLING,0.3,22.0,COOLING,0.3,22.0,COOLING,25.498,24.145,24.32,24.436,24.6,25.498,24.145,1.353,1119.6,569.25,547.79,566.11,255.0,255.0,340.0,340.0,215.61,321.4,394.33,315.16,-283.43,172.43,11.07,99.93,1050.0,1050.0,1050.0,1050.0,256.78,268.08,243.19,271.2,2802.75,1190.0,1246.5,4200.0,1039.25,1.0,0.874,1.0,1.0,22.5,MAX_UNIFORM_COOL,19.9101
3,Distributed Heavy Compute,0,626,6260.0,14,3,3,4,4,87.87,83.85,HEAVY_CPU_LOAD,280.61,88.44,84.92,HEAVY_CPU_LOAD,282.93,88.64,82.67,HEAVY_CPU_LOAD,279.81,86.84,84.98,HEAVY_CPU_LOAD,281.02,85.37,88.38,HEAVY_CPU_LOAD,284.28,83.52,83.94,HEAVY_CPU_LOAD,275.31,90.46,86.3,HEAVY_CPU_LOAD,287.52,88.96,85.84,HEAVY_CPU_LOAD,284.96,88.54,87.09,HEAVY_CPU_LOAD,286.31,88.49,85.63,HEAVY_CPU_LOAD,284.06,30.17,50.0,306.9,0.3,22.0,COOLING,0.3,22.0,COOLING,0.3,22.0,COOLING,0.3,22.0,COOLING,25.503,24.15,24.325,24.442,24.605,25.503,24.15,1.353,1124.37,559.59,572.48,570.37,255.0,255.0,340.0,340.0,215.54,321.35,394.32,315.09,-283.32,172.45,11.18,99.7,1050.0,1050.0,1050.0,1050.0,261.59,258.39,267.98,275.16,2826.81,1190.0,1246.3,4200.0,1063.12,1.0,0.881,1.0,1.0,22.5,MAX_UNIFORM_COOL,20.0342
3,Distributed Heavy Compute,0,627,6270.0,14,3,3,4,4,89.41,82.14,HEAVY_CPU_LOAD,279.97,83.95,88.17,HEAVY_CPU_LOAD,282.19,88.61,85.08,HEAVY_CPU_LOAD,283.38,87.16,85.15,HEAVY_CPU_LOAD,281.68,85.99,82.05,HEAVY_CPU_LOAD,275.56,89.97,86.99,HEAVY_CPU_LOAD,287.95,89.4,87.65,HEAVY_CPU_LOAD,288.23,86.18,86.3,HEAVY_CPU_LOAD,282.18,90.08,82.51,HEAVY_CPU_LOAD,281.37,83.93,83.8,HEAVY_CPU_LOAD,275.61,30.18,50.0,307.1,0.3,22.0,COOLING,0.3,22.0,COOLING,0.3,22.0,COOLING,0.3,22.0,COOLING,25.508,24.155,24.33,24.447,24.61,25.508,24.155,1.353,1127.22,563.51,570.41,556.98,255.0,255.0,340.0,340.0,215.72,321.59,394.59,315.31,-283.21,172.46,11.29,99.46,1050.0,1050.0,1050.0,1050.0,264.73,262.56,266.29,261.75,2818.12,1190.0,1247.21,4200.0,1055.33,1.0,0.889,1.0,1.0,22.5,MAX_UNIFORM_COOL,20.1308
3,Distributed Heavy Compute,0,628,6280.0,14,3,3,4,4,87.85,87.99,HEAVY_CPU_LOAD,286.8,88.21,83.95,HEAVY_CPU_LOAD,281.19,89.26,85.78,HEAVY_CPU_LOAD,285.25,86.49,82.49,HEAVY_CPU_LOAD,276.85,87.62,82.99,HEAVY_CPU_LOAD,279.01,87.3,87.17,HEAVY_CPU_LOAD,284.88,89.89,81.95,HEAVY_CPU_LOAD,280.29,89.17,83.65,HEAVY_CPU_LOAD,281.94,88.19,81.97,HEAVY_CPU_LOAD,278.19,88.09,87.53,HEAVY_CPU_LOAD,286.41,30.18,50.0,307.2,0.3,22.0,COOLING,0.3,22.0,COOLING,0.3,22.0,COOLING,0.3,22.0,COOLING,25.513,24.16,24.335,24.452,24.615,25.513,24.16,1.353,1130.09,563.89,562.23,564.6,255.0,255.0,340.0,340.0,215.65,321.54,394.58,315.26,-283.21,172.46,11.29,99.46,1050.0,1050.0,1050.0,1050.0,267.53,262.89,258.1,269.32,2820.81,1190.0,1247.03,4200.0,1057.84,1.0,0.895,1.0,1.0,22.5,MAX_UNIFORM_COOL,20.2349
3,Distributed Heavy Compute,0,629,6290.0,14,3,3,4,4,88.62,83.21,HEAVY_CPU_LOAD,280.59,84.42,84.54,HEAVY_CPU_LOAD,277.34,88.51,81.52,HEAVY_CPU_LOAD,277.92,85.48,86.54,HEAVY_CPU_LOAD,281.66,86.73,84.28,HEAVY_CPU_LOAD,279.83,83.91,84.21,HEAVY_CPU_LOAD,276.2,90.43,87.81,HEAVY_CPU_LOAD,289.75,89.65,86.95,HEAVY_CPU_LOAD,287.49,83.64,82.36,HEAVY_CPU_LOAD,273.09,83.51,85.79,HEAVY_CPU_LOAD,278.07,30.18,50.0,307.4,0.3,22.0,COOLING,0.3,22.0,COOLING,0.3,22.0,COOLING,0.3,22.0,COOLING,25.518,24.165,24.341,24.457,24.62,25.518,24.165,1.353,1117.51,556.03,577.24,551.16,255.0,255.0,340.0,340.0,215.61,321.55,394.64,315.27,-283.21,172.46,11.29,99.46,1050.0,1050.0,1050.0,1050.0,254.91,255.04,273.17,255.89,2801.94,1190.0,1247.07,4200.0,1039.01,1.0,0.903,1.0,1.0,22.5,MAX_UNIFORM_COOL,20.3157
3,Distributed Heavy Compute,0,630,6300.0,14,3,3,4,4,87.54,86.84,HEAVY_CPU_LOAD,284.69,87.1,85.13,HEAVY_CPU_LOAD,281.57,83.55,87.98,HEAVY_CPU_LOAD,281.41,90.34,85.47,HEAVY_CPU_LOAD,286.13,90.47,86.45,HEAVY_CPU_LOAD,287.76,89.95,84.62,HEAVY_CPU_LOAD,284.37,83.89,83.17,HEAVY_CPU_LOAD,274.62,86.6,84.92,HEAVY_CPU_LOAD,280.63,89.35,84.72,HEAVY_CPU_LOAD,283.77,86.95,86.49,HEAVY_CPU_LOAD,283.42,30.19,50.0,307.5,0.3,22.0,COOLING,0.3,22.0,COOLING,0.3,22.0,COOLING,0.3,22.0,COOLING,25.524,24.171,24.346,24.463,24.626,25.524,24.171,1.353,1133.8,572.13,555.25,567.19,255.0,255.0,340.0,340.0,215.76,321.73,394.81,315.45,-283.2,172.57,11.05,99.57,1050.0,1050.0,1050.0,1050.0,271.36,271.43,251.11,272.21,2828.37,1190.0,1247.75,4200.0,1066.11,1.0,0.912,1.0,1.0,22.5,MAX_UNIFORM_COOL,20.458
3,Distributed Heavy Compute,0,631,6310.0,14,3,3,4,4,89.06,88.19,HEAVY_CPU_LOAD,288.61,89.92,85.42,HEAVY_CPU_LOAD,285.53,88.57,81.7,HEAVY_CPU_LOAD,278.26,90.32,85.42,HEAVY_CPU_LOAD,286.03,88.64,84.06,HEAVY_CPU_LOAD,281.89,88.09,82.13,HEAVY_CPU_LOAD,278.31,86.22,87.5,HEAVY_CPU_LOAD,284.02,88.74,81.62,HEAVY_CPU_LOAD,278.36,86.66,87.12,HEAVY_CPU_LOAD,284.0,85.95,83.65,HEAVY_CPU_LOAD,277.91,30.19,50.0,307.6,0.3,22.0,COOLING,0.3,22.0,COOLING,0.3,22.0,COOLING,0.3,22.0,COOLING,25.53,24.176,24.351,24.468,24.631,25.53,24.176,1.354,1138.43,560.2,562.38,561.91,255.0,255.0,340.0,340.0,215.67,321.66,394.8,315.38,-283.21,172.46,11.29,99.46,1050.0,1050.0,1050.0,1050.0,275.89,259.32,258.47,266.75,2822.92,1190.0,1247.51,4200.0,1060.43,1.0,0.918,1.0,1.0,22.5,MAX_UNIFORM_COOL,20.5884
3,Distributed Heavy Compute,0,632,6320.0,14,3,3,4,4,87.25,88.35,HEAVY_CPU_LOAD,286.59,90.4,88.1,HEAVY_CPU_LOAD,290.15,89.95,85.2,HEAVY_CPU_LOAD,285.24,87.1,82.69,HEAVY_CPU_LOAD,277.91,84.03,81.78,HEAVY_CPU_LOAD,272.71,88.61,87.41,HEAVY_CPU_LOAD,286.88,83.75,83.91,HEAVY_CPU_LOAD,275.55,87.49,86.79,HEAVY_CPU_LOAD,284.55,83.93,85.28,HEAVY_CPU_LOAD,277.83,87.55,88.21,HEAVY_CPU_LOAD,286.75,30.19,50.0,307.8,0.3,22.0,COOLING,0.3,22.0,COOLING,0.3,22.0,COOLING,0.3,22.0,COOLING,25.536,24.181,24.356,24.474,24.637,25.536,24.181,1.355,1139.89,559.59,560.1,564.58,255.0,255.0,340.0,340.0,215.61,321.68,394.86,315.4,-283.45,172.57,11.31,99.57,1050.0,1050.0,1050.0,1050.0,277.05,258.84,256.27,269.55,2824.16,1190.0,1247.55,4200.0,1061.71,1.0,0.925,1.0,1.0,22.5,MAX_UNIFORM_COOL,20.7127
3,Distributed Heavy Compute,0,633,6330.0,14,3,3,4,4,88.65,81.96,HEAVY_CPU_LOAD,278.75,88.82,84.72,HEAVY_CPU_LOAD,283.1,86.63,83.14,HEAVY_CPU_LOAD,278.0,88.72,83.78,HEAVY_CPU_LOAD,281.57,84.59,82.77,HEAVY_CPU_LOAD,274.89,83.83,86.32,HEAVY_CPU_LOAD,279.27,83.97,87.08,HEAVY_CPU_LOAD,280.58,86.75,86.73,HEAVY_CPU_LOAD,283.53,90.45,82.88,HEAVY_CPU_LOAD,282.38,84.54,87.01,HEAVY_CPU_LOAD,281.19,30.2,50.0,307.9,0.3,22.0,COOLING,0.3,22.0,COOLING,0.3,22.0,COOLING,0.3,22.0,COOLING,25.541,24.186,24.361,24.479,24.642,25.541,24.186,1.355,1121.42,554.16,564.11,563.57,255.0,255.0,340.0,340.0,215.74,321.85,395.06,315.55,-283.57,172.7,11.43,99.45,1050.0,1050.0,1050.0,1050.0,258.59,253.71,260.6,268.57,2803.26,1190.0,1248.2,4200.0,1041.47,1.0,0.932,1.0,1.0,22.5,MAX_UNIFORM_COOL,20.781
3,Distributed Heavy Compute,0,634,6340.0,14,3,3,4,4,83.57,87.74,HEAVY_CPU_LOAD,281.07,85.85,82.02,HEAVY_CPU_LOAD,275.34,89.74,85.43,HEAVY_CPU_LOAD,285.32,88.02,87.12,HEAVY_CPU_LOAD,285.7,85.69,84.06,HEAVY_CPU_LOAD,278.2,84.21,83.91,HEAVY_CPU_LOAD,276.13,89.03,82.31,HEAVY_CPU_LOAD,279.75,86.97,82.85,HEAVY_CPU_LOAD,277.99,89.48,84.54,HEAVY_CPU_LOAD,283.66,85.21,84.37,HEAVY_CPU_LOAD,278.07,30.2,50.0,308.1,0.3,22.0,COOLING,0.3,22.0,COOLING,0.3,22.0,COOLING,0.3,22.0,COOLING,25.546,24.191,24.366,24.484,24.647,25.546,24.191,1.355,1127.43,554.33,557.74,561.73,255.0,255.0,340.0,340.0,215.71,321.86,395.13,315.56,-283.57,172.7,11.43,99.45,1050.0,1050.0,1050.0,1050.0,264.57,253.89,254.3,266.74,2801.23,1190.0,1248.26,4200.0,1039.5,1.0,0.939,1.0,1.0,22.5,MAX_UNIFORM_COOL,20.8928
3,Distributed Heavy Compute,0,635,6350.0,14,3,3,4,4,87.7,85.65,HEAVY_CPU_LOAD,283.1,84.92,82.5,HEAVY_CPU_LOAD,274.9,89.48,87.81,HEAVY_CPU_LOAD,288.57,84.43,82.18,HEAVY_CPU_LOAD,273.81,89.09,82.42,HEAVY_CPU_LOAD,279.99,84.84,81.84,HEAVY_CPU_LOAD,273.81,89.25,83.36,HEAVY_CPU_LOAD,281.6,90.18,83.31,HEAVY_CPU_LOAD,282.69,87.59,84.29,HEAVY_CPU_LOAD,280.92,88.61,82.54,HEAVY_CPU_LOAD,279.57,30.2,50.0,308.2,0.3,22.0,COOLING,0.3,22.0,COOLING,0.3,22.0,COOLING,0.3,22.0,COOLING,25.551,24.196,24.371,24.489,24.652,25.551,24.196,1.355,1120.38,553.8,564.29,560.49,255.0,255.0,340.0,340.0,215.63,321.81,395.1,315.51,-283.57,172.7,11.43,99.44,1050.0,1050.0,1050.0,1050.0,257.44,253.31,260.82,265.44,2798.96,1190.0,1248.05,4200.0,1037.01,1.0,0.947,1.0,1.0,22.5,MAX_UNIFORM_COOL,20.9842
3,Distributed Heavy Compute,0,636,6360.0,14,3,3,4,4,88.69,81.51,HEAVY_CPU_LOAD,278.13,88.26,83.53,HEAVY_CPU_LOAD,280.62,83.93,82.7,HEAVY_CPU_LOAD,273.96,84.24,83.16,HEAVY_CPU_LOAD,275.04,83.7,84.34,HEAVY_CPU_LOAD,276.13,86.73,87.04,HEAVY_CPU_LOAD,283.97,85.61,82.25,HEAVY_CPU_LOAD,275.39,84.35,86.12,HEAVY_CPU_LOAD,279.62,88.06,83.69,HEAVY_CPU_LOAD,280.61,90.09,88.14,HEAVY_CPU_LOAD,289.82,30.21,50.0,308.3,0.3,22.0,COOLING,0.3,22.0,COOLING,0.3,22.0,COOLING,0.3,22.0,COOLING,25.556,24.201,24.376,24.495,24.657,25.556,24.201,1.355,1107.75,560.1,555.01,570.43,255.0,255.0,340.0,340.0,215.78,321.99,395.3,315.69,-283.57,172.69,11.43,99.44,1050.0,1050.0,1050.0,1050.0,244.96,259.78,251.74,275.56,2793.29,1190.0,1248.76,4200.0,1032.04,1.0,0.955,1.0,1.0,22.5,MAX_UNIFORM_COOL,21.0651
3,Distributed Heavy Compute,0,637,6370.0,14,3,3,4,4,90.32,83.3,HEAVY_CPU_LOAD,282.85,89.52,88.19,HEAVY_CPU_LOAD,289.19,89.51,84.34,HEAVY_CPU_LOAD,283.4,85.39,83.16,HEAVY_CPU_LOAD,276.48,89.09,85.03,HEAVY_CPU_LOAD,283.91,83.74,83.94,HEAVY_CPU_LOAD,275.58,83.57,82.24,HEAVY_CPU_LOAD,272.82,88.49,86.51,HEAVY_CPU_LOAD,285.38,84.56,81.8,HEAVY_CPU_LOAD,273.4,88.47,83.61,HEAVY_CPU_LOAD,281.0,30.21,50.0,308.5,0.3,22.0,COOLING,0.3,22.0,COOLING,0.3,22.0,COOLING,0.3,22.0,COOLING,25.561,24.206,24.381,24.5,24.662,25.561,24.206,1.355,1131.92,559.49,558.2,554.4,255.0,255.0,340.0,340.0,215.75,322.0,395.37,315.68,-283.46,172.71,11.54,99.21,1050.0,1050.0,1050.0,1050.0,269.21,259.2,255.11,259.29,2804.01,1190.0,1248.8,4200.0,1042.81,1.0,0.962,1.0,1.0,22.5,MAX_UNIFORM_COOL,21.2145
3,Distributed Heavy Compute,0,638,6380.0,14,3,3,4,4,89.48,82.62,HEAVY_CPU_LOAD,280.78,86.08,81.89,HEAVY_CPU_LOAD,275.44,85.23,86.6,HEAVY_CPU_LOAD,281.44,90.13,82.2,HEAVY_CPU_LOAD,280.96,86.66,85.82,HEAVY_CPU_LOAD,282.05,84.14,84.25,HEAVY_CPU_LOAD,276.55,90.03,86.56,HEAVY_CPU_LOAD,287.38,84.52,86.77,HEAVY_CPU_LOAD,280.8,85.49,87.96,HEAVY_CPU_LOAD,283.8,85.92,87.53,HEAVY_CPU_LOAD,283.69,30.22,50.0,308.6,0.3,22.0,COOLING,0.3,22.0,COOLING,0.3,22.0,COOLING,0.3,22.0,COOLING,25.566,24.211,24.386,24.506,24.667,25.566,24.211,1.355,1118.62,558.6,568.18,567.49,255.0,255.0,340.0,340.0,215.89,322.18,395.56,315.86,-283.46,172.71,11.54,99.21,1050.0,1050.0,1050.0,1050.0,256.05,258.49,265.28,272.56,2812.89,1190.0,1249.49,4200.0,1052.38,1.0,0.97,1.0,1.0,22.5,MAX_UNIFORM_COOL,21.3062
3,Distributed Heavy Compute,0,639,6390.0,14,3,3,4,4,84.23,87.6,HEAVY_CPU_LOAD,281.69,88.38,87.85,HEAVY_CPU_LOAD,287.25,84.68,86.96,HEAVY_CPU_LOAD,281.29,83.8,86.7,HEAVY_CPU_LOAD,279.8,85.58,88.49,HEAVY_CPU_LOAD,284.71,84.04,84.35,HEAVY_CPU_LOAD,276.57,86.72,85.84,HEAVY_CPU_LOAD,282.16,90.23,86.06,HEAVY_CPU_LOAD,286.88,84.05,83.88,HEAVY_CPU_LOAD,275.88,87.89,87.79,HEAVY_CPU_LOAD,286.55,30.22,50.0,308.8,0.3,22.0,COOLING,0.3,22.0,COOLING,0.3,22.0,COOLING,0.3,22.0,COOLING,25.571,24.216,24.391,24.511,24.672,25.571,24.216,1.355,1130.03,561.28,569.04,562.43,255.0,255.0,340.0,340.0,215.86,322.19,395.63,315.85,-283.35,172.73,11.65,98.97,1050.0,1050.0,1050.0,1050.0,267.54,261.2,266.32,267.25,2822.78,1190.0,1249.53,4200.0,1062.31,1.0,0.989,1.0,1.0,22.5,MAX_UNIFORM_COOL,21.4339
3,Distributed Heavy Compute,0,640,6400.0,14,3,3,4,4,83.84,82.87,HEAVY_CPU_LOAD,274.11,88.27,84.25,HEAVY_CPU_LOAD,281.71,85.73,87.68,HEAVY_CPU_LOAD,283.68,90.05,87.42,HEAVY_CPU_LOAD,288.69,83.52,87.66,HEAVY_CPU_LOAD,280.89,90.01,85.6,HEAVY_CPU_LOAD,285.91,90.07,85.69,HEAVY_CPU_LOAD,286.12,86.9,82.23,HEAVY_CPU_LOAD,276.97,89.44,88.19,HEAVY_CPU_LOAD,289.09,86.85,83.93,HEAVY_CPU_LOAD,279.46,30.22,50.0,308.9,0.3,22.0,COOLING,0.3,22.0,COOLING,0.3,22.0,COOLING,0.3,22.0,COOLING,25.576,24.221,24.396,24.517,24.678,25.576,24.221,1.355,1128.19,566.8,563.09,568.55,255.0,255.0,340.0,340.0,215.79,322.15,395.61,315.8,-283.35,172.72,11.65,98.98,1050.0,1050.0,1050.0,1050.0,265.63,266.67,260.35,273.33,2826.63,1190.0,1249.35,4200.0,1065.98,1.0,0.993,1.0,1.0,22.5,MAX_UNIFORM_COOL,21.5389
3,Distributed Heavy Compute,0,641,6410.0,14,3,3,4,4,87.52,87.05,HEAVY_CPU_LOAD,284.97,88.54,82.08,HEAVY_CPU_LOAD,278.8,84.96,82.21,HEAVY_CPU_LOAD,274.51,89.5,85.36,HEAVY_CPU_LOAD,284.91,85.75,85.82,HEAVY_CPU_LOAD,280.92,85.81,87.49,HEAVY_CPU_LOAD,283.5,88.21,84.04,HEAVY_CPU_LOAD,281.32,88.32,82.72,HEAVY_CPU_LOAD,279.48,83.67,84.82,HEAVY_CPU_LOAD,276.82,86.8,84.15,HEAVY_CPU_LOAD,279.73,30.23,50.0,309.0,0.3,22.0,COOLING,0.3,22.0,COOLING,0.3,22.0,COOLING,0.3,22.0,COOLING,25.581,24.226,24.401,24.522,24.682,25.581,24.226,1.355,1123.19,564.42,560.8,556.55,255.0,255.0,340.0,340.0,215.94,322.31,395.81,315.95,-283.24,172.74,11.76,98.74,1050.0,1050.0,1050.0,1050.0,260.89,264.47,258.37,261.24,2804.96,1190.0,1250.01,4200.0,1044.97,1.0,0.996,1.0,1.0,22.5,MAX_UNIFORM_COOL,21.6312
3,Distributed Heavy Compute,0,642,6420.0,14,3,3,4,4,90.31,81.97,HEAVY_CPU_LOAD,280.84,88.78,88.14,HEAVY_CPU_LOAD,288.19,84.28,86.62,HEAVY_CPU_LOAD,280.28,83.68,86.24,HEAVY_CPU_LOAD,278.96,89.52,85.17,HEAVY_CPU_LOAD,284.65,88.06,83.53,HEAVY_CPU_LOAD,280.37,88.32,81.73,HEAVY_CPU_LOAD,278.0,85.7,82.0,HEAVY_CPU_LOAD,275.12,88.88,88.13,HEAVY_CPU_LOAD,288.29,88.45,86.65,HEAVY_CPU_LOAD,285.54,30.23,50.0,309.2,0.3,22.0,COOLING,0.3,22.0,COOLING,0.3,22.0,COOLING,0.3,22.0,COOLING,25.586,24.231,24.406,24.528,24.688,25.586,24.231,1.355,1128.27,565.02,553.12,573.83,255.0,255.0,340.0,340.0,215.9,322.34,395.87,315.97,-283.24,172.74,11.76,98.74,1050.0,1050.0,1050.0,1050.0,265.93,265.1,250.75,278.54,2820.24,1190.0,1250.08,4200.0,1060.32,1.0,1.0,1.0,1.0,22.5,MAX_UNIFORM_COOL,21.7579
3,Distributed Heavy Compute,0,643,6430.0,14,3,3,4,4,89.46,84.4,HEAVY_CPU_LOAD,283.43,86.77,81.77,HEAVY_CPU_LOAD,276.12,87.02,88.3,HEAVY_CPU_LOAD,286.22,85.98,83.37,HEAVY_CPU_LOAD,277.53,86.06,85.01,HEAVY_CPU_LOAD,280.09,89.57,84.21,HEAVY_CPU_LOAD,283.28,86.41,84.31,HEAVY_CPU_LOAD,279.48,87.81,82.66,HEAVY_CPU_LOAD,278.75,89.46,83.64,HEAVY_CPU_LOAD,282.28,87.96,86.79,HEAVY_CPU_LOAD,285.13,30.23,50.0,309.3,0.3,22.0,COOLING,0.3,22.0,COOLING,0.3,22.0,COOLING,0.3,22.0,COOLING,25.591,24.236,24.411,24.534,24.693,25.591,24.236,1.355,1123.3,563.37,558.23,567.41,255.0,255.0,340.0,340.0,215.84,322.29,395.86,315.9,-283.13,172.75,11.87,98.51,1050.0,1050.0,1050.0,1050.0,261.01,263.41,255.96,271.82,2812.31,1190.0,1249.89,4200.0,1052.2,1.0,1.0,1.0,1.0,22.5,MAX_UNIFORM_COOL,21.8596
3,Distributed Heavy Compute,0,644,6440.0,14,3,3,4,4,88.13,82.05,HEAVY_CPU_LOAD,278.24,88.87,88.32,HEAVY_CPU_LOAD,288.57,90.06,84.52,HEAVY_CPU_LOAD,284.35,85.86,86.44,HEAVY_CPU_LOAD,281.99,87.51,83.98,HEAVY_CPU_LOAD,280.36,88.58,82.29,HEAVY_CPU_LOAD,279.16,90.1,86.39,HEAVY_CPU_LOAD,287.21,86.21,81.98,HEAVY_CPU_LOAD,275.73,84.89,87.16,HEAVY_CPU_LOAD,281.85,88.53,85.86,HEAVY_CPU_LOAD,284.45,30.24,50.0,309.4,0.3,22.0,COOLING,0.3,22.0,COOLING,0.3,22.0,COOLING,0.3,22.0,COOLING,25.597,24.241,24.416,24.54,24.698,25.597,24.241,1.356,1133.15,559.52,562.94,566.3,255.0,255.0,340.0,340.0,215.97,322.47,396.04,316.06,-283.02,172.77,11.98,98.27,1050.0,1050.0,1050.0,1050.0,271.1,259.76,260.96,270.63,2821.91,1190.0,1250.54,4200.0,1062.45,1.0,1.0,1.0,1.0,22.5,MAX_UNIFORM_COOL,22.0149
3,Distributed Heavy Compute,0,645,6450.0,14,3,3,4,4,89.85,84.0,HEAVY_CPU_LOAD,283.31,86.98,87.08,HEAVY_CPU_LOAD,284.35,87.46,88.22,HEAVY_CPU_LOAD,286.65,83.58,85.39,HEAVY_CPU_LOAD,277.56,83.78,87.19,HEAVY_CPU_LOAD,280.51,84.62,82.71,HEAVY_CPU_LOAD,274.84,88.39,81.62,HEAVY_CPU_LOAD,277.92,86.81,84.67,HEAVY_CPU_LOAD,280.52,87.04,87.61,HEAVY_CPU_LOAD,285.22,87.2,88.32,HEAVY_CPU_LOAD,286.48,30.24,50.0,309.6,0.3,22.0,COOLING,0.3,22.0,COOLING,0.3,22.0,COOLING,0.3,22.0,COOLING,25.603,24.246,24.421,24.546,24.704,25.603,24.246,1.357,1131.87,555.35,558.44,571.7,255.0,255.0,340.0,340.0,215.92,322.48,396.12,316.05,-283.15,172.9,12.1,98.15,1050.0,1050.0,1050.0,1050.0,269.64,255.73,256.66,275.9,2817.36,1190.0,1250.57,4200.0,1057.93,1.0,1.0,1.0,1.0,22.5,MAX_UNIFORM_COOL,22.1455
3,Distributed Heavy Compute,0,646,6460.0,14,3,3,4,4,85.66,84.87,HEAVY_CPU_LOAD,279.38,88.48,81.75,HEAVY_CPU_LOAD,278.23,88.15,85.38,HEAVY_CPU_LOAD,283.26,83.99,87.98,HEAVY_CPU_LOAD,281.96,87.81,83.87,HEAVY_CPU_LOAD,280.57,88.04,81.61,HEAVY_CPU_LOAD,277.47,85.51,83.99,HEAVY_CPU_LOAD,277.87,84.99,85.96,HEAVY_CPU_LOAD,280.18,86.01,82.04,HEAVY_CPU_LOAD,275.57,84.83,86.23,HEAVY_CPU_LOAD,280.38,30.24,50.0,309.7,0.3,22.0,COOLING,0.3,22.0,COOLING,0.3,22.0,COOLING,0.3,22.0,COOLING,25.608,24.251,24.426,24.551,24.709,25.608,24.251,1.357,1122.83,558.04,558.05,555.95,255.0,255.0,340.0,340.0,215.84,322.43,396.1,315.98,-283.27,173.02,12.23,98.02,1050.0,1050.0,1050.0,1050.0,260.4,258.49,256.38,259.95,2794.87,1190.0,1250.35,4200.0,1035.22,1.0,1.0,1.0,1.0,22.5,MAX_UNIFORM_COOL,22.2287
3,Distributed Heavy Compute,0,647,6470.0,14,3,3,4,4,84.15,85.53,HEAVY_CPU_LOAD,278.48,84.83,83.42,HEAVY_CPU_LOAD,276.17,84.86,83.33,HEAVY_CPU_LOAD,276.07,89.33,87.57,HEAVY_CPU_LOAD,288.02,85.72,84.92,HEAVY_CPU_LOAD,279.53,90.49,84.34,HEAVY_CPU_LOAD,284.62,89.51,85.02,HEAVY_CPU_LOAD,284.42,84.76,88.33,HEAVY_CPU_LOAD,283.44,85.07,87.34,HEAVY_CPU_LOAD,282.35,84.82,85.21,HEAVY_CPU_LOAD,278.84,30.25,50.0,309.9,0.3,22.0,COOLING,0.3,22.0,COOLING,0.3,22.0,COOLING,0.3,22.0,COOLING,25.613,24.256,24.431,24.556,24.714,25.613,24.256,1.357,1118.74,564.15,567.86,561.19,255.0,255.0,340.0,340.0,216.01,322.67,396.38,316.22,-283.27,173.02,12.23,98.02,1050.0,1050.0,1050.0,1050.0,256.48,264.84,266.47,265.43,2811.94,1190.0,1251.28,4200.0,1053.22,1.0,1.0,1.0,1.0,22.5,MAX_UNIFORM_COOL,22.3367
3,Distributed Heavy Compute,0,648,6480.0,14,3,3,4,4,90.1,81.59,HEAVY_CPU_LOAD,280.01,87.28,85.85,HEAVY_CPU_LOAD,282.88,84.37,82.66,HEAVY_CPU_LOAD,274.45,88.58,88.29,HEAVY_CPU_LOAD,288.16,89.53,82.34,HEAVY_CPU_LOAD,280.42,85.05,86.61,HEAVY_CPU_LOAD,281.23,89.8,88.08,HEAVY_CPU_LOAD,289.37,88.04,84.67,HEAVY_CPU_LOAD,282.06,89.5,86.97,HEAVY_CPU_LOAD,287.33,84.35,81.56,HEAVY_CPU_LOAD,272.78,30.25,50.0,310.0,0.3,22.0,COOLING,0.3,22.0,COOLING,0.3,22.0,COOLING,0.3,22.0,COOLING,25.618,24.261,24.437,24.561,24.719,25.618,24.261,1.357,1125.5,561.65,571.43,560.11,255.0,255.0,340.0,340.0,215.95,322.62,396.36,316.17,-283.27,173.02,12.23,98.02,1050.0,1050.0,1050.0,1050.0,263.18,262.29,270.02,264.3,2818.69,1190.0,1251.1,4200.0,1059.79,1.0,1.0,1.0,1.0,22.5,MAX_UNIFORM_COOL,22.4692
3,Distributed Heavy Compute,0,649,6490.0,14,3,3,4,4,83.52,86.07,HEAVY_CPU_LOAD,278.5,87.63,84.85,HEAVY_CPU_LOAD,281.81,89.52,85.29,HEAVY_CPU_LOAD,284.84,84.63,85.79,HEAVY_CPU_LOAD,279.47,88.54,85.26,HEAVY_CPU_LOAD,283.56,86.03,82.08,HEAVY_CPU_LOAD,275.66,89.7,87.57,HEAVY_CPU_LOAD,288.48,86.64,86.65,HEAVY_CPU_LOAD,283.27,89.25,84.89,HEAVY_CPU_LOAD,283.9,86.44,84.01,HEAVY_CPU_LOAD,279.07,30.25,50.0,310.1,0.3,22.0,COOLING,0.3,22.0,COOLING,0.3,22.0,COOLING,0.3,22.0,COOLING,25.623,24.266,24.443,24.566,24.724,25.623,24.266,1.357,1124.62,559.22,571.75,562.97,255.0,255.0,340.0,340.0,215.88,322.57,396.32,316.12,-283.25,173.13,11.99,98.13,1050.0,1050.0,1050.0,1050.0,262.25,259.92,270.06,267.22,2818.56,1190.0,1250.89,4200.0,1059.45,1.0,1.0,1.0,1.0,22.5,MAX_UNIFORM_COOL,22.586
3,Distributed Heavy Compute,0,650,6500.0,14,3,3,4,4,88.51,87.5,HEAVY_CPU_LOAD,286.89,87.93,85.39,HEAVY_CPU_LOAD,283.0,84.43,85.56,HEAVY_CPU_LOAD,278.88,84.7,86.23,HEAVY_CPU_LOAD,280.22,87.97,83.87,HEAVY_CPU_LOAD,280.77,89.52,83.54,HEAVY_CPU_LOAD,282.21,89.11,84.14,HEAVY_CPU_LOAD,282.6,85.83,88.38,HEAVY_CPU_LOAD,284.86,84.56,87.67,HEAVY_CPU_LOAD,282.2,89.04,85.77,HEAVY_CPU_LOAD,284.95,30.26,50.0,310.3,0.3,22.0,COOLING,0.3,22.0,COOLING,0.3,22.0,COOLING,0.3,22.0,COOLING,25.628,24.271,24.448,24.572,24.73,25.628,24.271,1.357,1128.99,562.98,567.46,567.15,255.0,255.0,340.0,340.0,216.06,322.81,396.58,316.36,-283.24,173.24,11.76,98.24,1050.0,1050.0,1050.0,1050.0,266.81,264.03,265.8,271.75,2826.58,1190.0,1251.81,4200.0,1068.39,1.0,1.0,1.0,1.0,22.5,MAX_UNIFORM_COOL,22.713
3,Distributed Heavy Compute,0,651,6510.0,14,3,3,4,4,88.12,81.78,HEAVY_CPU_LOAD,277.82,86.11,83.89,HEAVY_CPU_LOAD,278.47,88.76,81.68,HEAVY_CPU_LOAD,278.47,85.65,87.78,HEAVY_CPU_LOAD,283.73,87.8,87.83,HEAVY_CPU_LOAD,286.5,88.54,88.24,HEAVY_CPU_LOAD,288.03,89.14,85.94,HEAVY_CPU_LOAD,285.34,86.48,83.58,HEAVY_CPU_LOAD,278.47,87.66,86.64,HEAVY_CPU_LOAD,284.53,85.96,81.81,HEAVY_CPU_LOAD,275.16,30.26,50.0,310.4,0.3,22.0,COOLING,0.3,22.0,COOLING,0.3,22.0,COOLING,0.3,22.0,COOLING,25.633,24.277,24.453,24.577,24.735,25.633,24.277,1.356,1118.49,574.53,563.81,559.69,255.0,255.0,340.0,340.0,215.99,322.76,396.56,316.29,-283.13,173.25,11.87,98.01,1050.0,1050.0,1050.0,1050.0,256.35,275.54,262.24,263.99,2816.52,1190.0,1251.6,4200.0,1058.12,1.0,1.0,1.0,1.0,22.5,MAX_UNIFORM_COOL,22.7936
3,Distributed Heavy Compute,0,652,6520.0,14,3,3,4,4,84.15,83.4,HEAVY_CPU_LOAD,275.29,89.71,83.58,HEAVY_CPU_LOAD,282.51,86.34,87.83,HEAVY_CPU_LOAD,284.67,88.43,86.01,HEAVY_CPU_LOAD,284.55,86.89,83.2,HEAVY_CPU_LOAD,278.41,90.31,84.48,HEAVY_CPU_LOAD,284.61,85.08,86.48,HEAVY_CPU_LOAD,281.07,88.2,84.67,HEAVY_CPU_LOAD,282.25,85.81,86.34,HEAVY_CPU_LOAD,281.77,89.59,84.15,HEAVY_CPU_LOAD,283.21,30.26,50.0,310.6,0.3,22.0,COOLING,0.3,22.0,COOLING,0.3,22.0,COOLING,0.3,22.0,COOLING,25.638,24.282,24.458,24.582,24.74,25.638,24.282,1.356,1127.02,563.02,563.32,564.98,255.0,255.0,340.0,340.0,215.95,322.75,396.62,316.3,-283.02,173.02,11.98,98.02,1050.0,1050.0,1050.0,1050.0,264.95,263.79,261.92,269.3,2818.34,1190.0,1251.62,4200.0,1059.96,1.0,1.0,1.0,1.0,22.5,MAX_UNIFORM_COOL,22.9343
3,Distributed Heavy Compute,0,653,6530.0,14,3,3,4,4,83.77,86.0,HEAVY_CPU_LOAD,278.71,87.57,85.61,HEAVY_CPU_LOAD,282.88,86.95,81.65,HEAVY_CPU_LOAD,276.16,86.45,83.14,HEAVY_CPU_LOAD,277.77,90.21,84.79,HEAVY_CPU_LOAD,284.95,86.0,82.73,HEAVY_CPU_LOAD,276.6,89.18,83.4,HEAVY_CPU_LOAD,281.58,89.24,87.04,HEAVY_CPU_LOAD,287.11,90.29,86.11,HEAVY_CPU_LOAD,287.03,85.97,85.93,HEAVY_CPU_LOAD,281.36,30.27,50.0,310.7,0.3,22.0,COOLING,0.3,22.0,COOLING,0.3,22.0,COOLING,0.3,22.0,COOLING,25.643,24.287,24.463,24.588,24.745,25.643,24.287,1.356,1115.52,561.55,568.69,568.39,255.0,255.0,340.0,340.0,216.1,322.93,396.82,316.48,-283.02,173.02,11.98,98.02,1050.0,1050.0,1050.0,1050.0,253.6,262.5,267.49,272.89,2814.15,1190.0,1252.33,4200.0,1056.48,1.0,1.0,1.0,1.0,22.5,MAX_UNIFORM_COOL,23.0326
3,Distributed Heavy Compute,0,654,6540.0,14,3,3,4,4,87.63,85.45,HEAVY_CPU_LOAD,282.71,86.02,84.87,HEAVY_CPU_LOAD,279.83,87.91,87.84,HEAVY_CPU_LOAD,286.65,86.27,83.17,HEAVY_CPU_LOAD,277.59,90.12,86.81,HEAVY_CPU_LOAD,287.87,86.3,81.59,HEAVY_CPU_LOAD,275.26,89.45,86.7,HEAVY_CPU_LOAD,286.86,86.71,81.72,HEAVY_CPU_LOAD,275.97,84.32,84.52,HEAVY_CPU_LOAD,277.18,84.27,85.03,HEAVY_CPU_LOAD,277.88,30.27,50.0,310.8,0.3,22.0,COOLING,0.3,22.0,COOLING,0.3,22.0,COOLING,0.3,22.0,COOLING,25.648,24.292,24.468,24.593,24.75,25.648,24.292,1.356,1126.78,563.13,562.83,555.06,255.0,255.0,340.0,340.0,216.03,322.88,396.8,316.41,-282.91,173.04,12.09,97.78,1050.0,1050.0,1050.0,1050.0,264.9,264.05,261.72,259.25,2807.8,1190.0,1252.12,4200.0,1049.92,1.0,1.0,1.0,1.0,22.5,MAX_UNIFORM_COOL,23.1665
3,Distributed Heavy Compute,0,655,6550.0,14,3,3,4,4,83.81,84.36,HEAVY_CPU_LOAD,276.3,86.18,87.62,HEAVY_CPU_LOAD,284.16,87.25,87.15,HEAVY_CPU_LOAD,284.79,88.11,82.61,HEAVY_CPU_LOAD,279.05,83.99,84.5,HEAVY_CPU_LOAD,276.74,83.53,87.17,HEAVY_CPU_LOAD,280.17,85.36,82.18,HEAVY_CPU_LOAD,274.97,90.41,85.22,HEAVY_CPU_LOAD,285.84,89.29,85.61,HEAVY_CPU_LOAD,285.03,84.15,83.69,HEAVY_CPU_LOAD,275.72,30.27,50.0,311.0,0.3,22.0,COOLING,0.3,22.0,COOLING,0.3,22.0,COOLING,0.3,22.0,COOLING,25.653,24.297,24.473,24.598,24.755,25.653,24.297,1.356,1124.3,556.91,560.81,560.75,255.0,255.0,340.0,340.0,215.99,322.91,396.86,316.44,-282.91,173.03,12.09,97.78,1050.0,1050.0,1050.0,1050.0,262.38,257.85,259.76,264.97,2802.77,1190.0,1252.2,4200.0,1044.96,1.0,1.0,1.0,1.0,22.5,MAX_UNIFORM_COOL,23.2819
3,Distributed Heavy Compute,0,656,6560.0,14,3,3,4,4,85.77,86.06,HEAVY_CPU_LOAD,281.3,89.92,82.18,HEAVY_CPU_LOAD,280.67,87.82,85.8,HEAVY_CPU_LOAD,283.47,87.63,83.76,HEAVY_CPU_LOAD,280.18,83.51,86.83,HEAVY_CPU_LOAD,279.63,86.49,86.08,HEAVY_CPU_LOAD,282.23,87.86,85.54,HEAVY_CPU_LOAD,283.13,85.94,86.68,HEAVY_CPU_LOAD,282.45,88.31,86.35,HEAVY_CPU_LOAD,284.91,90.42,84.8,HEAVY_CPU_LOAD,285.23,30.28,50.0,311.1,0.3,22.0,COOLING,0.3,22.0,COOLING,0.3,22.0,COOLING,0.3,22.0,COOLING,25.658,24.302,24.478,24.604,24.761,25.658,24.302,1.356,1125.62,561.86,565.58,570.14,255.0,255.0,340.0,340.0,216.14,323.07,397.06,316.6,-282.91,173.03,12.09,97.78,1050.0,1050.0,1050.0,1050.0,263.85,262.96,264.73,274.52,2823.2,1190.0,1252.87,4200.0,1066.06,1.0,1.0,1.0,1.0,22.5,MAX_UNIFORM_COOL,23.4122
3,Distributed Heavy Compute,0,657,6570.0,14,3,3,4,4,87.19,84.99,HEAVY_CPU_LOAD,281.47,83.87,85.24,HEAVY_CPU_LOAD,277.7,90.1,84.08,HEAVY_CPU_LOAD,283.75,88.28,85.68,HEAVY_CPU_LOAD,283.87,89.31,84.49,HEAVY_CPU_LOAD,283.37,87.03,85.66,HEAVY_CPU_LOAD,282.28,87.3,82.8,HEAVY_CPU_LOAD,278.32,83.64,87.61,HEAVY_CPU_LOAD,280.97,83.68,84.99,HEAVY_CPU_LOAD,277.09,87.86,81.66,HEAVY_CPU_LOAD,277.31,30.28,50.0,311.2,0.3,22.0,COOLING,0.3,22.0,COOLING,0.3,22.0,COOLING,0.3,22.0,COOLING,25.663,24.307,24.483,24.609,24.765,25.663,24.307,1.356,1126.79,565.65,559.29,554.4,255.0,255.0,340.0,340.0,216.07,323.03,397.04,316.53,-282.8,173.05,12.2,97.55,1050.0,1050.0,1050.0,1050.0,265.06,266.73,258.53,258.48,2806.13,1190.0,1252.67,4200.0,1048.8,1.0,1.0,1.0,1.0,22.5,MAX_UNIFORM_COOL,23.5232
3,Distributed Heavy Compute,0,658,6580.0,14,3,3,4,4,87.27,84.26,HEAVY_CPU_LOAD,280.48,86.28,82.12,HEAVY_CPU_LOAD,276.03,87.88,88.39,HEAVY_CPU_LOAD,287.44,84.85,81.77,HEAVY_CPU_LOAD,273.72,88.62,86.47,HEAVY_CPU_LOAD,285.48,85.74,87.06,HEAVY_CPU_LOAD,282.76,87.91,83.11,HEAVY_CPU_LOAD,279.55,86.92,87.5,HEAVY_CPU_LOAD,284.9,90.26,85.25,HEAVY_CPU_LOAD,285.7,89.01,84.41,HEAVY_CPU_LOAD,282.88,30.28,50.0,311.4,0.3,22.0,COOLING,0.3,22.0,COOLING,0.3,22.0,COOLING,0.3,22.0,COOLING,25.668,24.312,24.488,24.615,24.771,25.668,24.312,1.356,1117.67,568.24,564.45,568.58,255.0,255.0,340.0,340.0,216.04,323.04,397.11,316.55,-282.8,173.05,12.2,97.55,1050.0,1050.0,1050.0,1050.0,255.91,269.33,263.76,272.68,2818.94,1190.0,1252.74,4200.0,1061.68,1.0,1.0,1.0,1.0,22.5,MAX_UNIFORM_COOL,23.6331
3,Distributed Heavy Compute,0,659,6590.0,14,3,3,4,4,83.83,88.02,HEAVY_CPU_LOAD,281.82,88.61,86.25,HEAVY_CPU_LOAD,285.14,84.2,87.64,HEAVY_CPU_LOAD,281.71,83.8,82.91,HEAVY_CPU_LOAD,274.12,88.78,83.96,HEAVY_CPU_LOAD,281.92,83.6,88.21,HEAVY_CPU_LOAD,281.81,90.26,86.38,HEAVY_CPU_LOAD,287.39,89.85,86.99,HEAVY_CPU_LOAD,287.8,88.78,81.69,HEAVY_CPU_LOAD,278.51,85.78,87.36,HEAVY_CPU_LOAD,283.26,30.29,50.0,311.5,0.3,22.0,COOLING,0.3,22.0,COOLING,0.3,22.0,COOLING,0.3,22.0,COOLING,25.673,24.317,24.494,24.62,24.776,25.673,24.317,1.356,1122.79,563.73,575.19,561.77,255.0,255.0,340.0,340.0,216.18,323.22,397.3,316.7,-282.69,173.06,12.31,97.32,1050.0,1050.0,1050.0,1050.0,261.28,265.01,274.8,265.79,2823.48,1190.0,1253.4,4200.0,1066.88,1.0,1.0,1.0,1.0,22.5,MAX_UNIFORM_COOL,23.7724
3,Distributed Heavy Compute,0,660,6600.0,14,3,3,4,4,90.33,82.45,HEAVY_CPU_LOAD,281.59,84.5,84.32,HEAVY_CPU_LOAD,277.11,85.35,85.83,HEAVY_CPU_LOAD,280.43,83.57,81.86,HEAVY_CPU_LOAD,272.25,86.16,84.92,HEAVY_CPU_LOAD,280.08,86.26,88.05,HEAVY_CPU_LOAD,284.9,88.78,82.59,HEAVY_CPU_LOAD,279.86,89.4,83.08,HEAVY_CPU_LOAD,281.37,86.28,87.47,HEAVY_CPU_LOAD,284.06,83.98,88.0,HEAVY_CPU_LOAD,281.98,30.29,50.0,311.7,0.3,22.0,COOLING,0.3,22.0,COOLING,0.3,22.0,COOLING,0.3,22.0,COOLING,25.678,24.322,24.499,24.626,24.781,25.678,24.322,1.356,1111.38,564.98,561.23,566.04,255.0,255.0,340.0,340.0,216.16,323.23,397.35,316.71,-282.67,173.17,12.08,97.42,1050.0,1050.0,1050.0,1050.0,249.87,266.38,260.66,270.17,2803.63,1190.0,1253.45,4200.0,1047.08,1.0,1.0,1.0,1.0,22.5,MAX_UNIFORM_COOL,23.8658
3,Distributed Heavy Compute,0,661,6610.0,14,3,3,4,4,90.05,88.39,HEAVY_CPU_LOAD,290.15,89.31,85.61,HEAVY_CPU_LOAD,285.05,87.83,84.77,HEAVY_CPU_LOAD,281.94,85.87,87.47,HEAVY_CPU_LOAD,283.54,89.98,84.87,HEAVY_CPU_LOAD,284.78,87.59,83.73,HEAVY_CPU_LOAD,280.08,84.98,85.7,HEAVY_CPU_LOAD,279.77,89.24,88.49,HEAVY_CPU_LOAD,289.28,85.73,83.83,HEAVY_CPU_LOAD,277.91,89.58,85.33,HEAVY_CPU_LOAD,284.97,30.3,50.0,311.8,0.3,22.0,COOLING,0.3,22.0,COOLING,0.3,22.0,COOLING,0.3,22.0,COOLING,25.684,24.327,24.504,24.631,24.787,25.684,24.327,1.357,1140.68,564.86,569.05,562.88,255.0,255.0,340.0,340.0,216.29,323.41,397.54,316.87,-282.57,173.19,12.19,97.19,1050.0,1050.0,1050.0,1050.0,279.4,266.46,268.78,266.94,2837.47,1190.0,1254.11,4200.0,1081.58,1.0,1.0,1.0,1.0,22.5,MAX_UNIFORM_COOL,24.0799
3,Distributed Heavy Compute,0,662,6620.0,14,3,3,4,4,84.61,83.23,HEAVY_CPU_LOAD,275.61,89.4,86.65,HEAVY_CPU_LOAD,286.73,88.23,88.26,HEAVY_CPU_LOAD,287.68,89.92,88.22,HEAVY_CPU_LOAD,289.73,89.09,82.41,HEAVY_CPU_LOAD,279.98,87.72,81.57,HEAVY_CPU_LOAD,277.0,86.43,85.38,HEAVY_CPU_LOAD,281.11,86.33,85.34,HEAVY_CPU_LOAD,280.92,84.08,82.18,HEAVY_CPU_LOAD,273.37,86.61,85.33,HEAVY_CPU_LOAD,281.26,30.3,50.0,311.9,0.3,22.0,COOLING,0.3,22.0,COOLING,0.3,22.0,COOLING,0.3,22.0,COOLING,25.69,24.332,24.509,24.636,24.792,25.69,24.332,1.358,1139.75,556.98,562.03,554.63,255.0,255.0,340.0,340.0,216.2,323.36,397.52,316.82,-282.8,173.3,12.2,97.3,1050.0,1050.0,1050.0,1050.0,278.15,258.64,261.75,258.75,2813.39,1190.0,1253.9,4200.0,1057.29,1.0,1.0,1.0,1.0,22.5,MAX_UNIFORM_COOL,24.215
3,Distributed Heavy Compute,0,663,6630.0,14,3,3,4,4,90.22,85.92,HEAVY_CPU_LOAD,286.65,90.0,84.78,HEAVY_CPU_LOAD,284.67,87.52,84.94,HEAVY_CPU_LOAD,281.81,85.91,83.72,HEAVY_CPU_LOAD,277.97,87.66,82.35,HEAVY_CPU_LOAD,278.1,90.29,86.73,HEAVY_CPU_LOAD,287.96,88.24,86.09,HEAVY_CPU_LOAD,284.44,84.82,86.38,HEAVY_CPU_LOAD,280.59,90.31,83.77,HEAVY_CPU_LOAD,283.54,88.5,87.16,HEAVY_CPU_LOAD,286.37,30.3,50.0,312.1,0.3,22.0,COOLING,0.3,22.0,COOLING,0.3,22.0,COOLING,0.3,22.0,COOLING,25.695,24.337,24.514,24.642,24.797,25.695,24.337,1.358,1131.1,566.06,565.03,569.91,255.0,255.0,340.0,340.0,216.15,323.37,397.6,316.84,-283.04,173.41,12.21,97.41,1050.0,1050.0,1050.0,1050.0,269.21,267.84,264.84,274.16,2832.1,1190.0,1253.96,4200.0,1076.05,1.0,1.0,1.0,1.0,22.5,MAX_UNIFORM_COOL,24.3266
3,Distributed Heavy Compute,0,664,6640.0,14,3,3,4,4,88.74,85.73,HEAVY_CPU_LOAD,284.52,84.47,85.38,HEAVY_CPU_LOAD,278.66,88.2,86.29,HEAVY_CPU_LOAD,284.69,88.36,84.65,HEAVY_CPU_LOAD,282.43,89.49,83.42,HEAVY_CPU_LOAD,281.99,89.05,86.95,HEAVY_CPU_LOAD,286.74,87.86,83.5,HEAVY_CPU_LOAD,280.07,86.69,86.96,HEAVY_CPU_LOAD,283.8,88.0,86.93,HEAVY_CPU_LOAD,285.39,86.1,81.88,HEAVY_CPU_LOAD,275.44,30.31,50.0,312.2,0.3,22.0,COOLING,0.3,22.0,COOLING,0.3,22.0,COOLING,0.3,22.0,COOLING,25.7,24.343,24.519,24.647,24.802,25.7,24.343,1.357,1130.3,568.73,563.87,560.83,255.0,255.0,340.0,340.0,216.29,323.54,397.78,316.98,-282.93,173.43,12.33,97.18,1050.0,1050.0,1050.0,1050.0,268.66,270.7,263.98,264.99,2823.73,1190.0,1254.59,4200.0,1068.33,1.0,1.0,1.0,1.0,22.5,MAX_UNIFORM_COOL,24.4419
3,Distributed Heavy Compute,0,665,6650.0,14,3,3,4,4,84.95,85.75,HEAVY_CPU_LOAD,279.81,89.71,86.67,HEAVY_CPU_LOAD,287.14,90.27,81.66,HEAVY_CPU_LOAD,280.33,85.58,81.56,HEAVY_CPU_LOAD,274.31,84.52,86.65,HEAVY_CPU_LOAD,280.62,88.24,85.62,HEAVY_CPU_LOAD,283.73,88.37,85.13,HEAVY_CPU_LOAD,283.16,85.17,84.49,HEAVY_CPU_LOAD,278.2,84.95,82.84,HEAVY_CPU_LOAD,275.45,86.8,88.47,HEAVY_CPU_LOAD,286.21,30.31,50.0,312.4,0.3,22.0,COOLING,0.3,22.0,COOLING,0.3,22.0,COOLING,0.3,22.0,COOLING,25.705,24.348,24.524,24.652,24.807,25.705,24.348,1.357,1121.59,564.35,561.36,561.66,255.0,255.0,340.0,340.0,216.26,323.54,397.86,317.0,-282.82,173.19,12.44,97.19,1050.0,1050.0,1050.0,1050.0,260.03,266.08,261.66,265.85,2808.96,1190.0,1254.66,4200.0,1053.62,1.0,1.0,1.0,1.0,22.5,MAX_UNIFORM_COOL,24.5465
3,Distributed Heavy Compute,0,666,6660.0,14,3,3,4,4,87.96,81.85,HEAVY_CPU_LOAD,277.72,86.74,86.57,HEAVY_CPU_LOAD,283.28,88.35,86.16,HEAVY_CPU_LOAD,284.68,88.93,85.13,HEAVY_CPU_LOAD,283.86,87.22,83.68,HEAVY_CPU_LOAD,279.54,85.63,85.91,HEAVY_CPU_LOAD,280.9,84.94,87.82,HEAVY_CPU_LOAD,282.9,88.92,86.59,HEAVY_CPU_LOAD,286.03,85.27,86.53,HEAVY_CPU_LOAD,281.38,89.72,87.62,HEAVY_CPU_LOAD,288.58,30.31,50.0,312.5,0.3,22.0,COOLING,0.3,22.0,COOLING,0.3,22.0,COOLING,0.3,22.0,COOLING,25.71,24.353,24.529,24.658,24.812,25.71,24.353,1.357,1129.54,560.44,568.93,569.96,255.0,255.0,340.0,340.0,216.2,323.49,397.84,316.96,-282.81,173.19,12.43,97.19,1050.0,1050.0,1050.0,1050.0,267.93,262.12,269.2,274.11,2828.87,1190.0,1254.49,4200.0,1073.36,1.0,1.0,1.0,1.0,22.5,MAX_UNIFORM_COOL,24.7035
3,Distributed Heavy Compute,0,667,6670.0,14,3,3,4,4,89.85,86.96,HEAVY_CPU_LOAD,287.75,83.97,86.69,HEAVY_CPU_LOAD,280.0,85.7,81.67,HEAVY_CPU_LOAD,274.63,86.9,84.45,HEAVY_CPU_LOAD,280.3,86.3,82.34,HEAVY_CPU_LOAD,276.38,86.12,81.51,HEAVY_CPU_LOAD,274.92,86.84,85.81,HEAVY_CPU_LOAD,282.26,85.11,87.24,HEAVY_CPU_LOAD,282.25,84.04,87.07,HEAVY_CPU_LOAD,280.65,86.9,84.34,HEAVY_CPU_LOAD,280.13,30.32,50.0,312.6,0.3,22.0,COOLING,0.3,22.0,COOLING,0.3,22.0,COOLING,0.3,22.0,COOLING,25.715,24.358,24.534,24.663,24.817,25.715,24.358,1.357,1122.68,551.3,564.51,560.78,255.0,255.0,340.0,340.0,216.33,323.67,398.03,317.11,-282.7,173.2,12.55,96.95,1050.0,1050.0,1050.0,1050.0,261.31,253.17,265.09,264.84,2799.27,1190.0,1255.14,4200.0,1044.41,1.0,1.0,1.0,1.0,22.5,MAX_UNIFORM_COOL,24.8099
3,Distributed Heavy Compute,0,668,6680.0,14,3,3,4,4,86.29,86.64,HEAVY_CPU_LOAD,282.82,90.41,82.25,HEAVY_CPU_LOAD,281.39,87.91,86.54,HEAVY_CPU_LOAD,284.7,86.41,85.98,HEAVY_CPU_LOAD,281.98,89.27,81.57,HEAVY_CPU_LOAD,278.94,89.58,84.44,HEAVY_CPU_LOAD,283.63,89.19,82.33,HEAVY_CPU_LOAD,279.98,88.38,82.46,HEAVY_CPU_LOAD,279.16,84.39,84.76,HEAVY_CPU_LOAD,277.63,89.42,87.99,HEAVY_CPU_LOAD,288.76,30.32,50.0,312.8,0.3,22.0,COOLING,0.3,22.0,COOLING,0.3,22.0,COOLING,0.3,22.0,COOLING,25.72,24.363,24.539,24.669,24.823,25.72,24.363,1.357,1130.89,562.57,559.14,566.39,255.0,255.0,340.0,340.0,216.31,323.68,398.1,317.13,-282.7,173.2,12.55,96.95,1050.0,1050.0,1050.0,1050.0,269.5,264.45,259.79,270.47,2818.99,1190.0,1255.22,4200.0,1064.21,1.0,1.0,1.0,1.0,22.5,MAX_UNIFORM_COOL,24.9584
3,Distributed Heavy Compute,0,669,6690.0,14,3,3,4,4,86.91,88.27,HEAVY_CPU_LOAD,286.04,87.67,84.55,HEAVY_CPU_LOAD,281.41,85.58,88.38,HEAVY_CPU_LOAD,284.54,84.69,83.32,HEAVY_CPU_LOAD,275.84,86.03,86.15,HEAVY_CPU_LOAD,281.76,87.24,85.63,HEAVY_CPU_LOAD,282.5,89.26,86.05,HEAVY_CPU_LOAD,285.65,86.32,83.64,HEAVY_CPU_LOAD,278.36,83.61,88.4,HEAVY_CPU_LOAD,282.11,85.51,86.35,HEAVY_CPU_LOAD,281.41,30.32,50.0,312.9,0.3,22.0,COOLING,0.3,22.0,COOLING,0.3,22.0,COOLING,0.3,22.0,COOLING,25.725,24.368,24.544,24.674,24.828,25.725,24.368,1.357,1127.83,564.26,564.01,563.52,255.0,255.0,340.0,340.0,216.24,323.64,398.08,317.06,-282.59,173.22,12.65,96.72,1050.0,1050.0,1050.0,1050.0,266.48,266.12,264.74,267.3,2819.62,1190.0,1255.02,4200.0,1064.64,1.0,1.0,1.0,1.0,22.5,MAX_UNIFORM_COOL,25.0789
3,Distributed Heavy Compute,0,670,6700.0,14,3,3,4,4,90.15,82.0,HEAVY_CPU_LOAD,280.69,89.72,84.87,HEAVY_CPU_LOAD,284.46,83.51,86.06,HEAVY_CPU_LOAD,278.48,86.02,83.96,HEAVY_CPU_LOAD,278.46,84.15,81.77,HEAVY_CPU_LOAD,272.84,85.04,87.65,HEAVY_CPU_LOAD,282.78,87.14,83.34,HEAVY_CPU_LOAD,278.94,83.5,84.52,HEAVY_CPU_LOAD,276.15,86.99,83.48,HEAVY_CPU_LOAD,278.96,86.85,82.86,HEAVY_CPU_LOAD,277.85,30.33,50.0,313.1,0.3,22.0,COOLING,0.3,22.0,COOLING,0.3,22.0,COOLING,0.3,22.0,COOLING,25.73,24.373,24.549,24.679,24.833,25.73,24.373,1.357,1122.09,555.62,555.09,556.81,255.0,255.0,340.0,340.0,216.42,323.87,398.36,317.29,-282.6,173.22,12.65,96.72,1050.0,1050.0,1050.0,1050.0,260.91,257.71,256.1,260.82,2789.61,1190.0,1255.94,4200.0,1035.54,1.0,1.0,1.0,1.0,22.5,MAX_UNIFORM_COOL,25.1889
3,Distributed Heavy Compute,0,671,6710.0,14,3,3,4,4,85.37,81.61,HEAVY_CPU_LOAD,274.13,87.78,82.18,HEAVY_CPU_LOAD,278.0,86.37,88.09,HEAVY_CPU_LOAD,285.1,83.68,87.72,HEAVY_CPU_LOAD,281.18,87.0,85.83,HEAVY_CPU_LOAD,282.5,85.95,87.98,HEAVY_CPU_LOAD,284.41,84.92,86.89,HEAVY_CPU_LOAD,281.49,90.12,83.05,HEAVY_CPU_LOAD,282.23,86.85,84.47,HEAVY_CPU_LOAD,280.27,83.61,82.07,HEAVY_CPU_LOAD,272.62,30.33,50.0,313.2,0.3,22.0,COOLING,0.3,22.0,COOLING,0.3,22.0,COOLING,0.3,22.0,COOLING,25.735,24.378,24.554,24.684,24.838,25.735,24.378,1.357,1118.41,566.91,563.72,552.89,255.0,255.0,340.0,340.0,216.35,323.83,398.34,317.25,-282.6,173.22,12.66,96.72,1050.0,1050.0,1050.0,1050.0,257.16,268.96,264.72,256.86,2801.93,1190.0,1255.77,4200.0,1047.7,1.0,1.0,1.0,1.0,22.5,MAX_UNIFORM_COOL,25.3074
3,Distributed Heavy Compute,0,672,6720.0,14,3,3,4,4,87.95,87.98,HEAVY_CPU_LOAD,286.91,90.05,84.03,HEAVY_CPU_LOAD,283.61,89.14,88.27,HEAVY_CPU_LOAD,288.83,85.55,82.01,HEAVY_CPU_LOAD,274.95,88.32,84.29,HEAVY_CPU_LOAD,281.83,88.65,82.96,HEAVY_CPU_LOAD,280.25,89.26,82.1,HEAVY_CPU_LOAD,279.72,88.01,83.79,HEAVY_CPU_LOAD,280.7,86.29,88.33,HEAVY_CPU_LOAD,285.36,85.73,82.2,HEAVY_CPU_LOAD,275.46,30.33,50.0,313.3,0.3,22.0,COOLING,0.3,22.0,COOLING,0.3,22.0,COOLING,0.3,22.0,COOLING,25.741,24.383,24.559,24.689,24.843,25.741,24.383,1.358,1134.3,562.08,560.42,560.82,255.0,255.0,340.0,340.0,216.28,323.78,398.32,317.2,-282.59,173.22,12.66,96.72,1050.0,1050.0,1050.0,1050.0,272.99,264.08,261.4,264.74,2817.62,1190.0,1255.58,4200.0,1063.21,1.0,1.0,1.0,1.0,22.5,MAX_UNIFORM_COOL,25.502
3,Distributed Heavy Compute,0,673,6730.0,14,3,3,4,4,89.02,84.69,HEAVY_CPU_LOAD,283.31,87.13,83.88,HEAVY_CPU_LOAD,279.73,85.55,87.04,HEAVY_CPU_LOAD,282.5,85.13,83.86,HEAVY_CPU_LOAD,277.2,88.25,88.24,HEAVY_CPU_LOAD,287.67,83.54,84.07,HEAVY_CPU_LOAD,275.53,85.69,87.34,HEAVY_CPU_LOAD,283.12,86.04,83.31,HEAVY_CPU_LOAD,277.51,90.19,83.61,HEAVY_CPU_LOAD,283.15,84.93,87.38,HEAVY_CPU_LOAD,282.23,30.34,50.0,313.5,0.3,22.0,COOLING,0.3,22.0,COOLING,0.3,22.0,COOLING,0.3,22.0,COOLING,25.746,24.388,24.564,24.695,24.848,25.746,24.388,1.358,1122.74,563.2,560.63,565.38,255.0,255.0,340.0,340.0,216.44,324.02,398.6,317.44,-282.83,173.33,12.67,96.83,1050.0,1050.0,1050.0,1050.0,261.35,265.55,261.9,269.65,2811.95,1190.0,1256.5,4200.0,1058.45,1.0,1.0,1.0,1.0,22.5,MAX_UNIFORM_COOL,25.6089
3,Distributed Heavy Compute,0,674,6740.0,14,3,3,4,4,85.17,84.44,HEAVY_CPU_LOAD,278.12,90.27,87.12,HEAVY_CPU_LOAD,288.52,86.62,82.4,HEAVY_CPU_LOAD,276.88,84.86,85.78,HEAVY_CPU_LOAD,279.75,84.23,87.41,HEAVY_CPU_LOAD,281.4,84.26,88.05,HEAVY_CPU_LOAD,282.4,87.53,87.29,HEAVY_CPU_LOAD,285.35,87.68,87.91,HEAVY_CPU_LOAD,286.47,83.57,86.0,HEAVY_CPU_LOAD,278.46,85.93,82.12,HEAVY_CPU_LOAD,275.59,30.34,50.0,313.6,0.3,22.0,COOLING,0.3,22.0,COOLING,0.3,22.0,COOLING,0.3,22.0,COOLING,25.751,24.393,24.57,24.7,24.854,25.751,24.393,1.358,1123.27,563.8,571.82,554.05,255.0,255.0,340.0,340.0,216.37,323.97,398.58,317.37,-282.72,173.34,12.78,96.59,1050.0,1050.0,1050.0,1050.0,261.92,266.11,273.18,258.01,2812.94,1190.0,1256.29,4200.0,1059.22,1.0,1.0,1.0,1.0,22.5,MAX_UNIFORM_COOL,25.7447
3,Distributed Heavy Compute,0,675,6750.0,14,3,3,4,4,87.98,83.32,HEAVY_CPU_LOAD,279.96,90.26,86.97,HEAVY_CPU_LOAD,288.28,87.28,86.29,HEAVY_CPU_LOAD,283.54,84.2,84.76,HEAVY_CPU_LOAD,277.39,90.4,81.71,HEAVY_CPU_LOAD,280.56,89.39,87.92,HEAVY_CPU_LOAD,288.62,89.53,83.58,HEAVY_CPU_LOAD,282.28,89.86,81.91,HEAVY_CPU_LOAD,280.19,86.98,87.59,HEAVY_CPU_LOAD,285.11,85.48,83.43,HEAVY_CPU_LOAD,277.0,30.34,50.0,313.8,0.3,22.0,COOLING,0.3,22.0,COOLING,0.3,22.0,COOLING,0.3,22.0,COOLING,25.756,24.399,24.575,24.705,24.859,25.756,24.399,1.357,1129.17,569.18,562.47,562.11,255.0,255.0,340.0,340.0,216.33,323.98,398.62,317.38,-282.71,173.46,12.54,96.71,1050.0,1050.0,1050.0,1050.0,267.79,271.62,263.63,266.2,2822.93,1190.0,1256.31,4200.0,1069.24,1.0,1.0,1.0,1.0,22.5,MAX_UNIFORM_COOL,25.888
3,Distributed Heavy Compute,0,676,6760.0,14,3,3,4,4,83.62,82.84,HEAVY_CPU_LOAD,273.79,88.4,84.62,HEAVY_CPU_LOAD,282.43,84.28,88.27,HEAVY_CPU_LOAD,282.75,83.79,82.11,HEAVY_CPU_LOAD,272.9,86.11,82.38,HEAVY_CPU_LOAD,276.21,86.45,87.77,HEAVY_CPU_LOAD,284.72,85.72,82.91,HEAVY_CPU_LOAD,276.51,87.81,83.72,HEAVY_CPU_LOAD,280.34,84.56,84.49,HEAVY_CPU_LOAD,277.44,90.09,85.21,HEAVY_CPU_LOAD,285.43,30.35,50.0,313.9,0.3,22.0,COOLING,0.3,22.0,COOLING,0.3,22.0,COOLING,0.3,22.0,COOLING,25.761,24.404,24.58,24.71,24.864,25.761,24.404,1.357,1111.87,560.93,556.85,562.87,255.0,255.0,340.0,340.0,216.48,324.14,398.82,317.56,-282.6,173.22,12.66,96.72,1050.0,1050.0,1050.0,1050.0,250.75,263.29,258.33,267.15,2792.52,1190.0,1257.0,4200.0,1039.52,1.0,1.0,1.0,1.0,22.5,MAX_UNIFORM_COOL,25.9769
3,Distributed Heavy Compute,0,677,6770.0,14,3,3,4,4,84.83,83.08,HEAVY_CPU_LOAD,275.66,86.37,85.76,HEAVY_CPU_LOAD,281.6,89.87,83.14,HEAVY_CPU_LOAD,282.05,89.97,84.65,HEAVY_CPU_LOAD,284.44,87.37,82.64,HEAVY_CPU_LOAD,278.17,83.9,83.36,HEAVY_CPU_LOAD,274.92,86.74,87.38,HEAVY_CPU_LOAD,284.5,86.26,87.02,HEAVY_CPU_LOAD,283.36,89.46,84.63,HEAVY_CPU_LOAD,283.77,83.7,84.37,HEAVY_CPU_LOAD,276.18,30.35,50.0,314.0,0.3,22.0,COOLING,0.3,22.0,COOLING,0.3,22.0,COOLING,0.3,22.0,COOLING,25.766,24.409,24.585,24.715,24.869,25.766,24.409,1.357,1123.75,553.09,567.86,559.95,255.0,255.0,340.0,340.0,216.41,324.09,398.81,317.51,-282.59,173.22,12.66,96.72,1050.0,1050.0,1050.0,1050.0,262.57,255.4,269.33,264.18,2804.65,1190.0,1256.82,4200.0,1051.48,1.0,1.0,1.0,1.0,22.5,MAX_UNIFORM_COOL,26.1467
3,Distributed Heavy Compute,0,678,6780.0,14,3,3,4,4,89.67,83.42,HEAVY_CPU_LOAD,282.22,86.45,83.9,HEAVY_CPU_LOAD,278.91,86.55,83.94,HEAVY_CPU_LOAD,279.1,88.26,88.49,HEAVY_CPU_LOAD,288.06,86.25,85.41,HEAVY_CPU_LOAD,280.93,84.79,85.54,HEAVY_CPU_LOAD,279.3,88.67,87.34,HEAVY_CPU_LOAD,286.85,85.7,88.4,HEAVY_CPU_LOAD,284.73,89.0,87.81,HEAVY_CPU_LOAD,287.97,84.64,84.18,HEAVY_CPU_LOAD,277.07,30.35,50.0,314.2,0.3,22.0,COOLING,0.3,22.0,COOLING,0.3,22.0,COOLING,0.3,22.0,COOLING,25.771,24.414,24.591,24.72,24.874,25.771,24.414,1.357,1128.29,560.23,571.58,565.04,255.0,255.0,340.0,340.0,216.38,324.11,398.87,317.53,-282.59,173.22,12.65,96.72,1050.0,1050.0,1050.0,1050.0,267.08,262.56,273.1,269.29,2825.14,1190.0,1256.89,4200.0,1072.03,1.0,1.0,1.0,1.0,22.5,MAX_UNIFORM_COOL,26.2987
3,Distributed Heavy Compute,0,679,6790.0,14,3,3,4,4,85.41,88.33,HEAVY_CPU_LOAD,284.26,89.08,86.17,HEAVY_CPU_LOAD,285.61,88.16,83.07,HEAVY_CPU_LOAD,279.8,88.05,84.67,HEAVY_CPU_LOAD,282.07,85.34,83.05,HEAVY_CPU_LOAD,276.25,83.59,82.72,HEAVY_CPU_LOAD,273.57,88.16,83.29,HEAVY_CPU_LOAD,280.13,85.11,87.69,HEAVY_CPU_LOAD,282.92,85.87,86.54,HEAVY_CPU_LOAD,282.15,87.27,87.02,HEAVY_CPU_LOAD,284.62,30.36,50.0,314.3,0.3,22.0,COOLING,0.3,22.0,COOLING,0.3,22.0,COOLING,0.3,22.0,COOLING,25.777,24.419,24.596,24.726,24.88,25.777,24.419,1.358,1131.74,549.82,563.05,566.77,255.0,255.0,340.0,340.0,216.52,324.28,399.04,317.7,-282.58,173.33,12.42,96.83,1050.0,1050.0,1050.0,1050.0,270.68,252.43,264.51,271.3,2811.38,1190.0,1257.54,4200.0,1058.92,1.0,1.0,1.0,1.0,22.5,MAX_UNIFORM_COOL,26.4685
3,Distributed Heavy Compute,0,680,6800.0,14,3,3,4,4,85.07,86.66,HEAVY_CPU_LOAD,281.33,83.87,83.94,HEAVY_CPU_LOAD,275.75,84.49,82.55,HEAVY_CPU_LOAD,274.44,86.34,82.18,HEAVY_CPU_LOAD,276.2,88.07,83.24,HEAVY_CPU_LOAD,279.95,85.94,87.08,HEAVY_CPU_LOAD,283.05,89.45,86.6,HEAVY_CPU_LOAD,286.71,89.68,82.91,HEAVY_CPU_LOAD,281.47,89.47,85.62,HEAVY_CPU_LOAD,285.27,88.04,85.73,HEAVY_CPU_LOAD,283.64,30.36,50.0,314.4,0.3,22.0,COOLING,0.3,22.0,COOLING,0.3,22.0,COOLING,0.3,22.0,COOLING,25.782,24.424,24.602,24.732,24.885,25.782,24.424,1.358,1107.72,563.0,568.18,568.91,255.0,255.0,340.0,340.0,216.43,324.23,399.03,317.63,-282.71,173.46,12.54,96.71,1050.0,1050.0,1050.0,1050.0,246.44,265.69,269.75,273.25,2807.81,1190.0,1257.32,4200.0,1055.13,1.0,1.0,1.0,1.0,22.5,MAX_UNIFORM_COOL,26.5473
3,Distributed Heavy Compute,0,681,6810.0,14,3,3,4,4,85.35,85.35,HEAVY_CPU_LOAD,279.71,86.86,87.26,HEAVY_CPU_LOAD,284.47,90.48,84.98,HEAVY_CPU_LOAD,285.57,89.34,85.13,HEAVY_CPU_LOAD,284.37,88.43,81.92,HEAVY_CPU_LOAD,278.42,87.91,86.77,HEAVY_CPU_LOAD,285.04,84.49,82.44,HEAVY_CPU_LOAD,274.27,85.5,85.8,HEAVY_CPU_LOAD,280.57,86.96,87.21,HEAVY_CPU_LOAD,284.51,88.79,87.43,HEAVY_CPU_LOAD,287.13,30.36,50.0,314.6,0.3,22.0,COOLING,0.3,22.0,COOLING,0.3,22.0,COOLING,0.3,22.0,COOLING,25.788,24.429,24.607,24.738,24.89,25.788,24.429,1.359,1134.12,563.46,554.84,571.64,255.0,255.0,340.0,340.0,216.4,324.24,399.07,317.62,-282.58,173.58,12.42,96.58,1050.0,1050.0,1050.0,1050.0,272.94,266.28,256.33,275.84,2824.06,1190.0,1257.33,4200.0,1071.39,1.0,1.0,1.0,1.0,22.5,MAX_UNIFORM_COOL,26.7754
3,Distributed Heavy Compute,0,682,6820.0,14,3,3,4,4,89.41,82.19,HEAVY_CPU_LOAD,280.05,88.56,81.53,HEAVY_CPU_LOAD,278.0,86.79,83.04,HEAVY_CPU_LOAD,278.05,88.45,85.78,HEAVY_CPU_LOAD,284.23,83.59,82.99,HEAVY_CPU_LOAD,273.97,84.91,81.74,HEAVY_CPU_LOAD,273.75,90.13,87.8,HEAVY_CPU_LOAD,289.36,87.5,83.23,HEAVY_CPU_LOAD,279.22,85.86,87.09,HEAVY_CPU_LOAD,282.96,84.71,82.24,HEAVY_CPU_LOAD,274.25,30.37,50.0,314.7,0.3,22.0,COOLING,0.3,22.0,COOLING,0.3,22.0,COOLING,0.3,22.0,COOLING,25.793,24.434,24.613,24.743,24.896,25.793,24.434,1.359,1120.33,547.72,568.58,557.21,255.0,255.0,340.0,340.0,216.52,324.42,399.26,317.78,-282.71,173.71,12.54,96.46,1050.0,1050.0,1050.0,1050.0,259.14,250.85,270.38,261.45,2793.84,1190.0,1257.98,4200.0,1041.82,1.0,1.0,1.0,1.0,22.5,MAX_UNIFORM_COOL,26.8827
3,Distributed Heavy Compute,0,683,6830.0,14,3,3,4,4,87.76,81.71,HEAVY_CPU_LOAD,277.26,88.82,87.57,HEAVY_CPU_LOAD,287.38,87.94,87.98,HEAVY_CPU_LOAD,286.89,85.23,81.73,HEAVY_CPU_LOAD,274.13,88.55,85.93,HEAVY_CPU_LOAD,284.58,86.93,85.68,HEAVY_CPU_LOAD,282.18,86.72,81.58,HEAVY_CPU_LOAD,275.77,86.61,84.85,HEAVY_CPU_LOAD,280.54,86.11,81.64,HEAVY_CPU_LOAD,275.1,87.01,87.1,HEAVY_CPU_LOAD,284.41,30.37,50.0,314.9,0.3,22.0,COOLING,0.3,22.0,COOLING,0.3,22.0,COOLING,0.3,22.0,COOLING,25.798,24.44,24.618,24.748,24.901,25.798,24.44,1.358,1125.66,566.76,556.31,559.51,255.0,255.0,340.0,340.0,216.5,324.43,399.32,317.79,-282.69,173.81,12.31,96.57,1050.0,1050.0,1050.0,1050.0,264.47,270.0,257.94,263.87,2808.24,1190.0,1258.04,4200.0,1056.28,1.0,1.0,1.0,1.0,22.5,MAX_UNIFORM_COOL,27.0236
3,Distributed Heavy Compute,0,684,6840.0,14,3,3,4,4,88.51,85.44,HEAVY_CPU_LOAD,283.8,84.73,84.02,HEAVY_CPU_LOAD,276.94,90.15,83.5,HEAVY_CPU_LOAD,282.94,88.55,88.27,HEAVY_CPU_LOAD,288.09,90.33,88.22,HEAVY_CPU_LOAD,290.24,88.7,86.84,HEAVY_CPU_LOAD,286.13,90.04,87.28,HEAVY_CPU_LOAD,288.47,84.96,81.94,HEAVY_CPU_LOAD,274.11,89.22,85.18,HEAVY_CPU_LOAD,284.3,87.88,84.56,HEAVY_CPU_LOAD,281.69,30.38,50.0,315.0,0.3,22.0,COOLING,0.3,22.0,COOLING,0.3,22.0,COOLING,0.3,22.0,COOLING,25.804,24.446,24.623,24.754,24.907,25.804,24.446,1.358,1131.77,576.37,562.58,565.99,255.0,255.0,340.0,340.0,216.63,324.59,399.5,317.97,-282.58,173.58,12.42,96.58,1050.0,1050.0,1050.0,1050.0,270.82,279.54,264.5,270.54,2836.71,1190.0,1258.69,4200.0,1085.4,1.0,1.0,1.0,1.0,22.5,MAX_UNIFORM_COOL,27.2075
3,Distributed Heavy Compute,0,685,6850.0,14,3,3,4,4,83.94,86.88,HEAVY_CPU_LOAD,280.25,84.15,83.75,HEAVY_CPU_LOAD,275.81,84.3,83.93,HEAVY_CPU_LOAD,276.27,83.91,87.68,HEAVY_CPU_LOAD,281.41,88.65,87.28,HEAVY_CPU_LOAD,286.73,89.6,85.08,HEAVY_CPU_LOAD,284.62,85.96,86.6,HEAVY_CPU_LOAD,282.35,89.85,84.99,HEAVY_CPU_LOAD,284.8,83.56,84.72,HEAVY_CPU_LOAD,276.53,84.5,83.57,HEAVY_CPU_LOAD,275.98,30.38,50.0,315.1,0.3,22.0,COOLING,0.3,22.0,COOLING,0.3,22.0,COOLING,0.3,22.0,COOLING,25.809,24.452,24.628,24.759,24.912,25.809,24.452,1.357,1113.74,571.35,567.15,552.51,255.0,255.0,340.0,340.0,216.54,324.52,399.49,317.9,-282.59,173.47,12.66,96.47,1050.0,1050.0,1050.0,1050.0,252.69,274.34,269.3,256.88,2804.75,1190.0,1258.45,4200.0,1053.21,1.0,1.0,1.0,1.0,22.5,MAX_UNIFORM_COOL,27.2924
3,Distributed Heavy Compute,0,686,6860.0,14,3,3,4,4,86.26,81.57,HEAVY_CPU_LOAD,275.18,84.15,83.07,HEAVY_CPU_LOAD,274.79,89.5,82.06,HEAVY_CPU_LOAD,279.97,89.99,85.68,HEAVY_CPU_LOAD,286.01,88.14,84.01,HEAVY_CPU_LOAD,281.19,85.26,81.78,HEAVY_CPU_LOAD,274.25,85.91,88.49,HEAVY_CPU_LOAD,285.12,88.85,84.36,HEAVY_CPU_LOAD,282.6,88.41,85.17,HEAVY_CPU_LOAD,283.27,89.63,87.45,HEAVY_CPU_LOAD,288.21,30.38,50.0,315.3,0.3,22.0,COOLING,0.3,22.0,COOLING,0.3,22.0,COOLING,0.3,22.0,COOLING,25.814,24.457,24.634,24.765,24.918,25.814,24.457,1.357,1115.95,555.44,567.72,571.48,255.0,255.0,340.0,340.0,216.52,324.51,399.56,317.91,-282.49,173.23,12.77,96.49,1050.0,1050.0,1050.0,1050.0,254.98,258.18,270.05,275.88,2810.59,1190.0,1258.5,4200.0,1059.09,1.0,1.0,1.0,1.0,22.5,MAX_UNIFORM_COOL,27.4602
3,Distributed Heavy Compute,0,687,6870.0,14,3,3,4,4,86.49,83.32,HEAVY_CPU_LOAD,278.09,89.6,86.62,HEAVY_CPU_LOAD,286.93,86.11,81.65,HEAVY_CPU_LOAD,275.11,86.37,84.48,HEAVY_CPU_LOAD,279.68,86.78,87.77,HEAVY_CPU_LOAD,285.13,84.05,85.68,HEAVY_CPU_LOAD,278.58,88.53,84.71,HEAVY_CPU_LOAD,282.73,88.41,88.12,HEAVY_CPU_LOAD,287.69,85.38,81.55,HEAVY_CPU_LOAD,274.05,88.67,82.82,HEAVY_CPU_LOAD,280.07,30.39,50.0,315.4,0.3,22.0,COOLING,0.3,22.0,COOLING,0.3,22.0,COOLING,0.3,22.0,COOLING,25.819,24.462,24.64,24.77,24.923,25.819,24.462,1.357,1119.81,563.71,570.42,554.12,255.0,255.0,340.0,340.0,216.65,324.68,399.72,318.06,-282.36,173.36,12.64,96.36,1050.0,1050.0,1050.0,1050.0,259.1,266.75,272.78,258.54,2808.06,1190.0,1259.11,4200.0,1057.17,1.0,1.0,1.0,1.0,22.5,MAX_UNIFORM_COOL,27.6068
3,Distributed Heavy Compute,0,688,6880.0,14,3,3,4,4,84.43,86.73,HEAVY_CPU_LOAD,280.63,87.05,85.08,HEAVY_CPU_LOAD,281.43,87.42,87.23,HEAVY_CPU_LOAD,285.12,87.33,84.27,HEAVY_CPU_LOAD,280.57,85.41,81.98,HEAVY_CPU_LOAD,274.73,88.01,82.91,HEAVY_CPU_LOAD,279.38,88.93,87.21,HEAVY_CPU_LOAD,286.98,86.41,85.97,HEAVY_CPU_LOAD,281.97,87.36,82.63,HEAVY_CPU_LOAD,278.14,84.45,82.3,HEAVY_CPU_LOAD,274.01,30.39,50.0,315.6,0.3,22.0,COOLING,0.3,22.0,COOLING,0.3,22.0,COOLING,0.3,22.0,COOLING,25.824,24.467,24.646,24.775,24.928,25.824,24.467,1.357,1127.75,554.11,568.95,552.15,255.0,255.0,340.0,340.0,216.63,324.7,399.77,318.08,-282.34,173.47,12.4,96.47,1050.0,1050.0,1050.0,1050.0,267.04,257.28,271.12,256.7,2802.96,1190.0,1259.18,4200.0,1052.14,1.0,1.0,1.0,1.0,22.5,MAX_UNIFORM_COOL,27.7749
3,Distributed Heavy Compute,0,689,6890.0,14,3,3,4,4,85.14,87.82,HEAVY_CPU_LOAD,283.15,89.36,85.03,HEAVY_CPU_LOAD,284.25,84.95,86.88,HEAVY_CPU_LOAD,281.51,89.05,88.3,HEAVY_CPU_LOAD,288.76,84.61,82.23,HEAVY_CPU_LOAD,274.11,85.8,87.74,HEAVY_CPU_LOAD,283.86,87.56,83.16,HEAVY_CPU_LOAD,279.19,83.67,82.98,HEAVY_CPU_LOAD,274.06,86.97,85.25,HEAVY_CPU_LOAD,281.59,87.25,84.75,HEAVY_CPU_LOAD,281.19,30.39,50.0,315.7,0.3,22.0,COOLING,0.3,22.0,COOLING,0.3,22.0,COOLING,0.3,22.0,COOLING,25.83,24.472,24.651,24.78,24.933,25.83,24.472,1.358,1137.67,557.97,553.25,562.78,255.0,255.0,340.0,340.0,216.56,324.65,399.74,318.03,-282.33,173.58,12.17,96.58,1050.0,1050.0,1050.0,1050.0,276.9,261.2,255.16,267.39,2811.67,1190.0,1258.98,4200.0,1060.65,1.0,1.0,1.0,1.0,22.5,MAX_UNIFORM_COOL,27.9646
3,Distributed Heavy Compute,0,690,6900.0,14,3,3,4,4,84.87,83.37,HEAVY_CPU_LOAD,276.14,86.56,88.07,HEAVY_CPU_LOAD,285.3,85.68,86.69,HEAVY_CPU_LOAD,282.13,85.0,84.86,HEAVY_CPU_LOAD,278.54,85.21,86.29,HEAVY_CPU_LOAD,280.95,86.97,87.56,HEAVY_CPU_LOAD,285.05,84.03,85.05,HEAVY_CPU_LOAD,277.61,85.3,83.52,HEAVY_CPU_LOAD,276.9,87.65,85.21,HEAVY_CPU_LOAD,282.38,87.88,83.95,HEAVY_CPU_LOAD,280.77,30.4,50.0,315.8,0.3,22.0,COOLING,0.3,22.0,COOLING,0.3,22.0,COOLING,0.3,22.0,COOLING,25.835,24.477,24.656,24.785,24.938,25.835,24.477,1.358,1122.11,566.0,554.51,563.15,255.0,255.0,340.0,340.0,216.68,324.83,399.92,318.21,-282.56,173.69,12.19,96.69,1050.0,1050.0,1050.0,1050.0,261.23,269.52,256.62,268.05,2805.77,1190.0,1259.64,4200.0,1055.42,1.0,1.0,1.0,1.0,22.5,MAX_UNIFORM_COOL,28.063
3,Distributed Heavy Compute,0,691,6910.0,14,3,3,4,4,85.39,83.77,HEAVY_CPU_LOAD,277.39,86.48,87.38,HEAVY_CPU_LOAD,284.17,85.36,81.71,HEAVY_CPU_LOAD,274.26,88.46,86.7,HEAVY_CPU_LOAD,285.62,89.99,81.97,HEAVY_CPU_LOAD,280.44,83.71,86.99,HEAVY_CPU_LOAD,280.12,89.68,82.01,HEAVY_CPU_LOAD,280.12,88.67,87.34,HEAVY_CPU_LOAD,286.85,89.92,88.31,HEAVY_CPU_LOAD,289.87,83.54,85.93,HEAVY_CPU_LOAD,278.32,30.4,50.0,316.0,0.3,22.0,COOLING,0.3,22.0,COOLING,0.3,22.0,COOLING,0.3,22.0,COOLING,25.84,24.482,24.661,24.791,24.944,25.84,24.482,1.358,1121.44,560.56,566.97,568.19,255.0,255.0,340.0,340.0,216.65,324.84,400.0,318.22,-282.57,173.69,12.19,96.69,1050.0,1050.0,1050.0,1050.0,260.52,264.09,269.16,273.1,2817.16,1190.0,1259.71,4200.0,1066.87,1.0,1.0,1.0,1.0,22.5,MAX_UNIFORM_COOL,28.2185
3,Distributed Heavy Compute,0,692,6920.0,14,3,3,4,4,84.57,81.82,HEAVY_CPU_LOAD,273.44,88.1,88.06,HEAVY_CPU_LOAD,287.22,88.58,87.93,HEAVY_CPU_LOAD,287.62,86.49,88.42,HEAVY_CPU_LOAD,285.74,86.02,85.19,HEAVY_CPU_LOAD,280.31,89.49,83.11,HEAVY_CPU_LOAD,281.53,86.94,85.22,HEAVY_CPU_LOAD,281.5,87.25,83.62,HEAVY_CPU_LOAD,279.49,84.04,87.49,HEAVY_CPU_LOAD,281.28,87.19,84.73,HEAVY_CPU_LOAD,281.08,30.4,50.0,316.1,0.3,22.0,COOLING,0.3,22.0,COOLING,0.3,22.0,COOLING,0.3,22.0,COOLING,25.846,24.487,24.666,24.796,24.949,25.846,24.487,1.359,1134.02,561.84,560.99,562.36,255.0,255.0,340.0,340.0,216.58,324.8,399.98,318.15,-282.45,173.71,12.29,96.46,1050.0,1050.0,1050.0,1050.0,273.15,265.35,263.26,266.97,2819.21,1190.0,1259.51,4200.0,1068.73,1.0,1.0,1.0,1.0,22.5,MAX_UNIFORM_COOL,28.416
3,Distributed Heavy Compute,0,693,6930.0,14,3,3,4,4,87.48,84.15,HEAVY_CPU_LOAD,280.58,90.41,87.63,HEAVY_CPU_LOAD,289.46,85.24,88.42,HEAVY_CPU_LOAD,284.18,87.02,85.8,HEAVY_CPU_LOAD,282.47,86.78,83.69,HEAVY_CPU_LOAD,279.01,84.72,88.37,HEAVY_CPU_LOAD,283.45,87.13,83.61,HEAVY_CPU_LOAD,279.33,86.4,84.92,HEAVY_CPU_LOAD,280.38,89.79,86.02,HEAVY_CPU_LOAD,286.27,90.37,84.04,HEAVY_CPU_LOAD,284.02,30.41,50.0,316.2,0.3,22.0,COOLING,0.3,22.0,COOLING,0.3,22.0,COOLING,0.3,22.0,COOLING,25.852,24.492,24.671,24.802,24.954,25.852,24.492,1.36,1136.69,562.46,559.71,570.29,255.0,255.0,340.0,340.0,216.7,324.96,400.17,318.32,-282.69,173.82,12.31,96.57,1050.0,1050.0,1050.0,1050.0,275.7,266.24,262.19,275.18,2829.15,1190.0,1260.15,4200.0,1079.31,1.0,1.0,1.0,1.0,22.5,MAX_UNIFORM_COOL,28.5996
3,Distributed Heavy Compute,0,694,6940.0,14,3,3,4,4,84.69,83.94,HEAVY_CPU_LOAD,276.77,90.18,84.79,HEAVY_CPU_LOAD,284.91,84.98,83.99,HEAVY_CPU_LOAD,277.21,88.93,82.4,HEAVY_CPU_LOAD,279.76,85.87,87.1,HEAVY_CPU_LOAD,282.99,87.87,87.11,HEAVY_CPU_LOAD,285.5,85.01,84.39,HEAVY_CPU_LOAD,277.85,85.95,83.8,HEAVY_CPU_LOAD,278.14,83.55,84.37,HEAVY_CPU_LOAD,275.99,85.88,84.89,HEAVY_CPU_LOAD,279.69,30.41,50.0,316.4,0.3,22.0,COOLING,0.3,22.0,COOLING,0.3,22.0,COOLING,0.3,22.0,COOLING,25.857,24.498,24.676,24.807,24.959,25.857,24.498,1.359,1118.65,568.49,555.99,555.68,255.0,255.0,340.0,340.0,216.65,324.99,400.24,318.32,-282.82,173.94,12.44,96.44,1050.0,1050.0,1050.0,1050.0,257.48,272.42,258.67,260.44,2798.81,1190.0,1260.2,4200.0,1049.01,1.0,1.0,1.0,1.0,22.5,MAX_UNIFORM_COOL,28.6813
3,Distributed Heavy Compute,0,695,6950.0,14,3,3,4,4,89.05,85.2,HEAVY_CPU_LOAD,284.11,84.43,82.87,HEAVY_CPU_LOAD,274.84,89.07,85.19,HEAVY_CPU_LOAD,284.12,85.09,85.54,HEAVY_CPU_LOAD,279.67,84.09,86.55,HEAVY_CPU_LOAD,279.94,90.18,84.19,HEAVY_CPU_LOAD,284.01,89.85,85.33,HEAVY_CPU_LOAD,285.31,85.28,85.25,HEAVY_CPU_LOAD,279.48,90.09,83.44,HEAVY_CPU_LOAD,282.77,88.94,86.51,HEAVY_CPU_LOAD,285.94,30.41,50.0,316.5,0.3,22.0,COOLING,0.3,22.0,COOLING,0.3,22.0,COOLING,0.3,22.0,COOLING,25.862,24.503,24.681,24.813,24.965,25.862,24.503,1.359,1122.74,563.95,564.79,568.71,255.0,255.0,340.0,340.0,216.58,324.92,400.22,318.27,-282.7,173.7,12.55,96.46,1050.0,1050.0,1050.0,1050.0,261.62,267.57,267.56,273.44,2820.19,1190.0,1259.99,4200.0,1070.19,1.0,1.0,1.0,1.0,22.5,MAX_UNIFORM_COOL,28.856
3,Distributed Heavy Compute,0,696,6960.0,14,3,3,4,4,85.87,82.67,HEAVY_CPU_LOAD,276.34,88.83,84.19,HEAVY_CPU_LOAD,282.32,87.4,83.2,HEAVY_CPU_LOAD,279.05,83.98,82.52,HEAVY_CPU_LOAD,273.75,83.7,82.26,HEAVY_CPU_LOAD,273.01,90.22,85.03,HEAVY_CPU_LOAD,285.32,89.68,87.85,HEAVY_CPU_LOAD,288.88,86.18,86.41,HEAVY_CPU_LOAD,282.34,84.41,83.48,HEAVY_CPU_LOAD,275.73,88.63,84.07,HEAVY_CPU_LOAD,281.89,30.42,50.0,316.7,0.3,22.0,COOLING,0.3,22.0,COOLING,0.3,22.0,COOLING,0.3,22.0,COOLING,25.867,24.508,24.687,24.818,24.97,25.867,24.508,1.359,1111.46,558.33,571.22,557.62,255.0,255.0,340.0,340.0,216.76,325.16,400.5,318.49,-282.59,173.72,12.65,96.22,1050.0,1050.0,1050.0,1050.0,250.63,262.21,274.37,262.33,2798.63,1190.0,1260.91,4200.0,1049.54,1.0,1.0,1.0,1.0,22.5,MAX_UNIFORM_COOL,28.9747
3,Distributed Heavy Compute,0,697,6970.0,14,3,3,4,4,86.13,87.16,HEAVY_CPU_LOAD,283.4,85.29,83.23,HEAVY_CPU_LOAD,276.46,84.29,86.24,HEAVY_CPU_LOAD,279.72,85.79,85.82,HEAVY_CPU_LOAD,280.97,89.3,88.38,HEAVY_CPU_LOAD,289.19,88.24,84.57,HEAVY_CPU_LOAD,282.15,84.36,86.33,HEAVY_CPU_LOAD,279.94,87.33,83.9,HEAVY_CPU_LOAD,280.01,85.15,87.85,HEAVY_CPU_LOAD,283.21,90.36,87.49,HEAVY_CPU_LOAD,289.18,30.42,50.0,316.8,0.3,22.0,COOLING,0.3,22.0,COOLING,0.3,22.0,COOLING,0.3,22.0,COOLING,25.872,24.514,24.692,24.824,24.976,25.872,24.514,1.358,1120.55,571.34,559.95,572.39,255.0,255.0,340.0,340.0,216.69,325.11,400.46,318.44,-282.58,173.83,12.42,96.33,1050.0,1050.0,1050.0,1050.0,259.66,275.28,262.83,277.16,2824.23,1190.0,1260.7,4200.0,1074.93,1.0,1.0,1.0,1.0,22.5,MAX_UNIFORM_COOL,29.1502
3,Distributed Heavy Compute,0,698,6980.0,14,3,3,4,4,84.3,84.63,HEAVY_CPU_LOAD,277.32,86.85,86.31,HEAVY_CPU_LOAD,283.03,83.73,87.19,HEAVY_CPU_LOAD,280.45,85.22,81.82,HEAVY_CPU_LOAD,274.25,87.65,87.44,HEAVY_CPU_LOAD,285.72,84.11,87.02,HEAVY_CPU_LOAD,280.67,83.6,88.5,HEAVY_CPU_LOAD,282.25,84.13,87.55,HEAVY_CPU_LOAD,281.49,86.81,84.24,HEAVY_CPU_LOAD,279.87,89.88,84.77,HEAVY_CPU_LOAD,284.5,30.42,50.0,316.9,0.3,22.0,COOLING,0.3,22.0,COOLING,0.3,22.0,COOLING,0.3,22.0,COOLING,25.877,24.52,24.697,24.829,24.981,25.877,24.52,1.357,1115.05,566.39,563.74,564.37,255.0,255.0,340.0,340.0,216.62,325.04,400.44,318.37,-282.36,173.61,12.64,96.11,1050.0,1050.0,1050.0,1050.0,254.31,270.04,266.82,268.85,2809.55,1190.0,1260.47,4200.0,1060.02,1.0,1.0,1.0,1.0,22.5,MAX_UNIFORM_COOL,29.2807
3,Distributed Heavy Compute,0,699,6990.0,14,3,3,4,4,86.31,85.08,HEAVY_CPU_LOAD,280.51,86.28,85.8,HEAVY_CPU_LOAD,281.55,87.68,88.23,HEAVY_CPU_LOAD,286.95,85.91,83.77,HEAVY_CPU_LOAD,278.04,86.6,86.92,HEAVY_CPU_LOAD,283.63,87.82,82.07,HEAVY_CPU_LOAD,277.88,84.8,85.14,HEAVY_CPU_LOAD,278.71,89.49,87.76,HEAVY_CPU_LOAD,288.5,89.99,86.87,HEAVY_CPU_LOAD,287.79,83.87,81.91,HEAVY_CPU_LOAD,272.7,30.43,50.0,317.1,0.3,22.0,COOLING,0.3,22.0,COOLING,0.3,22.0,COOLING,0.3,22.0,COOLING,25.882,24.525,24.703,24.834,24.986,25.882,24.525,1.357,1127.05,561.51,567.21,560.49,255.0,255.0,340.0,340.0,216.8,325.25,400.72,318.61,-282.25,173.37,12.75,96.12,1050.0,1050.0,1050.0,1050.0,266.6,265.13,270.68,265.22,2816.26,1190.0,1261.38,4200.0,1067.63,1.0,1.0,1.0,1.0,22.5,MAX_UNIFORM_COOL,29.4714
3,Distributed Heavy Compute,0,700,7000.0,14,3,3,4,4,84.27,85.04,HEAVY_CPU_LOAD,277.9,89.46,85.88,HEAVY_CPU_LOAD,285.64,89.16,81.5,HEAVY_CPU_LOAD,278.7,88.08,83.68,HEAVY_CPU_LOAD,280.62,86.59,87.9,HEAVY_CPU_LOAD,285.09,86.32,82.27,HEAVY_CPU_LOAD,276.3,84.14,87.76,HEAVY_CPU_LOAD,281.82,89.58,86.29,HEAVY_CPU_LOAD,286.41,85.94,81.63,HEAVY_CPU_LOAD,274.87,87.79,81.61,HEAVY_CPU_LOAD,277.15,30.43,50.0,317.2,0.3,22.0,COOLING,0.3,22.0,COOLING,0.3,22.0,COOLING,0.3,22.0,COOLING,25.887,24.53,24.709,24.839,24.991,25.887,24.53,1.357,1122.86,561.39,568.23,552.02,255.0,255.0,340.0,340.0,216.73,325.21,400.68,318.56,-282.24,173.49,12.51,96.24,1050.0,1050.0,1050.0,1050.0,262.35,265.09,271.42,256.82,2804.5,1190.0,1261.18,4200.0,1055.68,1.0,1.0,1.0,1.0,22.5,MAX_UNIFORM_COOL,29.6094
3,Distributed Heavy Compute,0,701,7010.0,14,3,3,4,4,88.71,88.43,HEAVY_CPU_LOAD,288.53,86.83,84.45,HEAVY_CPU_LOAD,280.21,84.88,83.87,HEAVY_CPU_LOAD,276.9,85.51,86.62,HEAVY_CPU_LOAD,281.82,85.41,81.9,HEAVY_CPU_LOAD,274.61,86.74,82.13,HEAVY_CPU_LOAD,276.62,84.23,88.11,HEAVY_CPU_LOAD,282.45,86.78,85.94,HEAVY_CPU_LOAD,282.38,88.39,86.67,HEAVY_CPU_LOAD,285.49,87.23,88.35,HEAVY_CPU_LOAD,286.56,30.43,50.0,317.4,0.3,22.0,COOLING,0.3,22.0,COOLING,0.3,22.0,COOLING,0.3,22.0,COOLING,25.892,24.535,24.714,24.845,24.996,25.892,24.535,1.357,1127.46,551.23,564.83,572.05,255.0,255.0,340.0,340.0,216.69,325.23,400.72,318.59,-282.22,173.59,12.28,96.35,1050.0,1050.0,1050.0,1050.0,266.93,255.05,267.83,276.99,2815.57,1190.0,1261.23,4200.0,1066.8,1.0,1.0,1.0,1.0,22.5,MAX_UNIFORM_COOL,29.7892
3,Distributed Heavy Compute,0,702,7020.0,14,3,3,4,4,88.52,86.08,HEAVY_CPU_LOAD,284.77,89.29,86.85,HEAVY_CPU_LOAD,286.89,84.56,86.26,HEAVY_CPU_LOAD,280.09,86.52,88.5,HEAVY_CPU_LOAD,285.9,89.78,87.44,HEAVY_CPU_LOAD,288.38,86.13,87.87,HEAVY_CPU_LOAD,284.47,85.63,87.05,HEAVY_CPU_LOAD,282.61,84.25,83.54,HEAVY_CPU_LOAD,275.62,88.99,83.09,HEAVY_CPU_LOAD,280.87,88.56,84.64,HEAVY_CPU_LOAD,282.66,30.44,50.0,317.5,0.3,22.0,COOLING,0.3,22.0,COOLING,0.3,22.0,COOLING,0.3,22.0,COOLING,25.898,24.541,24.719,24.85,25.002,25.898,24.541,1.357,1137.65,572.85,558.23,563.53,255.0,255.0,340.0,340.0,216.84,325.4,400.92,318.73,-282.11,173.61,12.39,96.11,1050.0,1050.0,1050.0,1050.0,277.38,276.86,261.54,268.37,2832.26,1190.0,1261.89,4200.0,1084.15,1.0,1.0,1.0,1.0,22.5,MAX_UNIFORM_COOL,29.9823
3,Distributed Heavy Compute,0,703,7030.0,14,3,3,4,4,87.92,85.46,HEAVY_CPU_LOAD,283.09,89.16,88.18,HEAVY_CPU_LOAD,288.72,89.37,82.09,HEAVY_CPU_LOAD,279.85,89.32,85.98,HEAVY_CPU_LOAD,285.62,89.14,84.59,HEAVY_CPU_LOAD,283.31,85.49,88.18,HEAVY_CPU_LOAD,284.13,88.5,82.6,HEAVY_CPU_LOAD,279.52,84.57,82.33,HEAVY_CPU_LOAD,274.21,87.29,87.82,HEAVY_CPU_LOAD,285.84,85.61,81.58,HEAVY_CPU_LOAD,274.38,30.44,50.0,317.6,0.3,22.0,COOLING,0.3,22.0,COOLING,0.3,22.0,COOLING,0.3,22.0,COOLING,25.904,24.547,24.724,24.855,25.008,25.904,24.547,1.357,1137.28,567.44,553.73,560.22,255.0,255.0,340.0,340.0,216.75,325.33,400.9,318.69,-282.23,173.49,12.51,96.23,1050.0,1050.0,1050.0,1050.0,276.8,271.26,257.14,265.14,2818.67,1190.0,1261.67,4200.0,1070.34,1.0,1.0,1.0,1.0,22.5,MAX_UNIFORM_COOL,30.1536
3,Distributed Heavy Compute,0,704,7040.0,14,3,3,4,4,84.77,83.7,HEAVY_CPU_LOAD,276.51,88.79,88.38,HEAVY_CPU_LOAD,288.56,83.96,82.41,HEAVY_CPU_LOAD,273.56,85.9,82.35,HEAVY_CPU_LOAD,275.9,86.4,86.93,HEAVY_CPU_LOAD,283.39,85.6,85.16,HEAVY_CPU_LOAD,279.74,86.75,82.46,HEAVY_CPU_LOAD,277.13,88.73,83.3,HEAVY_CPU_LOAD,280.86,87.78,84.48,HEAVY_CPU_LOAD,281.45,84.86,84.15,HEAVY_CPU_LOAD,277.3,30.44,50.0,317.8,0.3,22.0,COOLING,0.3,22.0,COOLING,0.3,22.0,COOLING,0.3,22.0,COOLING,25.909,24.552,24.729,24.86,25.012,25.909,24.552,1.357,1114.53,563.13,557.99,558.75,255.0,255.0,340.0,340.0,216.69,325.32,400.96,318.7,-282.36,173.36,12.64,96.36,1050.0,1050.0,1050.0,1050.0,253.86,266.81,261.59,263.81,2794.4,1190.0,1261.67,4200.0,1046.07,1.0,1.0,1.0,1.0,22.5,MAX_UNIFORM_COOL,30.2409
3,Distributed Heavy Compute,0,705,7050.0,14,3,3,4,4,85.9,87.14,HEAVY_CPU_LOAD,283.08,89.13,85.89,HEAVY_CPU_LOAD,285.25,87.89,81.72,HEAVY_CPU_LOAD,277.44,90.11,86.93,HEAVY_CPU_LOAD,288.03,85.74,85.95,HEAVY_CPU_LOAD,281.1,86.6,86.49,HEAVY_CPU_LOAD,282.99,84.78,88.17,HEAVY_CPU_LOAD,283.23,87.22,87.84,HEAVY_CPU_LOAD,285.78,86.53,85.0,HEAVY_CPU_LOAD,280.66,89.98,83.26,HEAVY_CPU_LOAD,282.37,30.45,50.0,317.9,0.3,22.0,COOLING,0.3,22.0,COOLING,0.3,22.0,COOLING,0.3,22.0,COOLING,25.915,24.557,24.735,24.865,25.018,25.915,24.557,1.358,1133.8,564.09,569.01,563.03,255.0,255.0,340.0,340.0,216.84,325.5,401.16,318.88,-282.36,173.36,12.64,96.36,1050.0,1050.0,1050.0,1050.0,273.28,267.95,272.81,268.27,2829.93,1190.0,1262.38,4200.0,1082.31,1.0,1.0,1.0,1.0,22.5,MAX_UNIFORM_COOL,30.4897
3,Distributed Heavy Compute,0,706,7060.0,14,3,3,4,4,87.09,81.54,HEAVY_CPU_LOAD,276.17,90.45,85.07,HEAVY_CPU_LOAD,285.67,84.18,87.21,HEAVY_CPU_LOAD,281.04,85.42,82.14,HEAVY_CPU_LOAD,274.99,85.82,82.38,HEAVY_CPU_LOAD,275.84,84.87,82.99,HEAVY_CPU_LOAD,275.57,89.19,81.52,HEAVY_CPU_LOAD,278.77,87.49,86.1,HEAVY_CPU_LOAD,283.51,86.13,87.06,HEAVY_CPU_LOAD,283.25,89.98,86.97,HEAVY_CPU_LOAD,287.93,30.45,50.0,318.1,0.3,22.0,COOLING,0.3,22.0,COOLING,0.3,22.0,COOLING,0.3,22.0,COOLING,25.92,24.562,24.74,24.871,25.023,25.92,24.562,1.358,1117.87,551.41,562.28,571.18,255.0,255.0,340.0,340.0,216.79,325.51,401.21,318.89,-282.58,173.58,12.42,96.58,1050.0,1050.0,1050.0,1050.0,257.08,255.5,265.91,276.65,2802.74,1190.0,1262.4,4200.0,1055.14,1.0,1.0,1.0,1.0,22.5,MAX_UNIFORM_COOL,30.6038
3,Distributed Heavy Compute,0,707,7070.0,14,3,3,4,4,86.52,86.29,HEAVY_CPU_LOAD,282.59,86.25,83.21,HEAVY_CPU_LOAD,277.63,88.38,88.32,HEAVY_CPU_LOAD,287.95,89.51,84.05,HEAVY_CPU_LOAD,282.96,85.37,81.72,HEAVY_CPU_LOAD,274.29,88.63,87.71,HEAVY_CPU_LOAD,287.35,88.75,83.1,HEAVY_CPU_LOAD,280.59,83.73,83.42,HEAVY_CPU_LOAD,274.79,90.12,86.53,HEAVY_CPU_LOAD,287.44,86.79,86.86,HEAVY_CPU_LOAD,283.78,30.45,50.0,318.2,0.3,22.0,COOLING,0.3,22.0,COOLING,0.3,22.0,COOLING,0.3,22.0,COOLING,25.926,24.567,24.745,24.877,25.029,25.926,24.567,1.359,1131.13,561.64,555.38,571.22,255.0,255.0,340.0,340.0,216.71,325.47,401.19,318.83,-282.47,173.59,12.53,96.35,1050.0,1050.0,1050.0,1050.0,270.37,265.7,259.1,276.4,2819.37,1190.0,1262.2,4200.0,1071.57,1.0,1.0,1.0,1.0,22.5,MAX_UNIFORM_COOL,30.8235
3,Distributed Heavy Compute,0,708,7080.0,14,3,3,4,4,87.97,83.04,HEAVY_CPU_LOAD,279.52,88.26,84.32,HEAVY_CPU_LOAD,281.8,85.65,86.64,HEAVY_CPU_LOAD,282.02,84.31,82.7,HEAVY_CPU_LOAD,274.44,84.34,82.98,HEAVY_CPU_LOAD,274.9,86.64,85.26,HEAVY_CPU_LOAD,281.19,84.21,85.92,HEAVY_CPU_LOAD,279.14,88.99,81.77,HEAVY_CPU_LOAD,278.89,84.48,87.93,HEAVY_CPU_LOAD,282.5,88.73,82.41,HEAVY_CPU_LOAD,279.53,30.46,50.0,318.3,0.3,22.0,COOLING,0.3,22.0,COOLING,0.3,22.0,COOLING,0.3,22.0,COOLING,25.931,24.572,24.75,24.882,25.034,25.931,24.572,1.359,1117.78,556.09,558.03,562.03,255.0,255.0,340.0,340.0,216.84,325.64,401.38,318.97,-282.59,173.72,12.65,96.22,1050.0,1050.0,1050.0,1050.0,257.03,260.45,262.06,267.22,2793.93,1190.0,1262.83,4200.0,1046.76,1.0,1.0,1.0,1.0,22.5,MAX_UNIFORM_COOL,30.9372
3,Distributed Heavy Compute,0,709,7090.0,14,3,3,4,4,85.57,81.7,HEAVY_CPU_LOAD,274.51,88.43,81.97,HEAVY_CPU_LOAD,278.49,85.84,87.32,HEAVY_CPU_LOAD,283.28,87.83,82.02,HEAVY_CPU_LOAD,277.82,86.39,86.78,HEAVY_CPU_LOAD,283.16,84.15,83.32,HEAVY_CPU_LOAD,275.17,85.46,81.59,HEAVY_CPU_LOAD,274.21,88.65,86.33,HEAVY_CPU_LOAD,285.31,88.32,85.39,HEAVY_CPU_LOAD,283.49,83.54,88.06,HEAVY_CPU_LOAD,281.51,30.46,50.0,318.5,0.3,22.0,COOLING,0.3,22.0,COOLING,0.3,22.0,COOLING,0.3,22.0,COOLING,25.936,24.577,24.755,24.888,25.039,25.936,24.577,1.359,1114.1,558.33,559.52,565.0,255.0,255.0,340.0,340.0,216.81,325.65,401.46,318.99,-282.6,173.72,12.66,96.22,1050.0,1050.0,1050.0,1050.0,253.31,262.7,263.64,270.21,2796.95,1190.0,1262.91,4200.0,1049.86,1.0,1.0,1.0,1.0,22.5,MAX_UNIFORM_COOL,31.089
3,Distributed Heavy Compute,0,710,7100.0,14,3,3,4,4,85.32,86.77,HEAVY_CPU_LOAD,281.8,87.42,81.62,HEAVY_CPU_LOAD,276.7,84.43,83.0,HEAVY_CPU_LOAD,275.04,85.93,82.95,HEAVY_CPU_LOAD,276.84,85.27,87.07,HEAVY_CPU_LOAD,282.19,89.57,85.4,HEAVY_CPU_LOAD,285.06,88.46,87.06,HEAVY_CPU_LOAD,286.16,84.3,85.99,HEAVY_CPU_LOAD,279.36,85.02,88.47,HEAVY_CPU_LOAD,283.98,84.48,84.46,HEAVY_CPU_LOAD,277.29,30.47,50.0,318.6,0.3,22.0,COOLING,0.3,22.0,COOLING,0.3,22.0,COOLING,0.3,22.0,COOLING,25.941,24.583,24.761,24.893,25.044,25.941,24.583,1.358,1110.38,567.25,565.52,561.27,255.0,255.0,340.0,340.0,216.95,325.82,401.64,319.13,-282.48,173.73,12.77,95.98,1050.0,1050.0,1050.0,1050.0,249.85,271.8,269.93,266.38,2804.42,1190.0,1263.54,4200.0,1057.96,1.0,1.0,1.0,1.0,22.5,MAX_UNIFORM_COOL,31.2375
3,Distributed Heavy Compute,0,711,7110.0,14,3,3,4,4,87.81,84.76,HEAVY_CPU_LOAD,281.9,87.66,83.39,HEAVY_CPU_LOAD,279.66,90.06,82.55,HEAVY_CPU_LOAD,281.4,85.02,83.36,HEAVY_CPU_LOAD,276.31,84.13,84.83,HEAVY_CPU_LOAD,277.41,83.66,85.33,HEAVY_CPU_LOAD,277.57,84.92,85.53,HEAVY_CPU_LOAD,279.45,83.55,87.58,HEAVY_CPU_LOAD,280.81,87.46,85.8,HEAVY_CPU_LOAD,283.02,85.62,86.37,HEAVY_CPU_LOAD,281.58,30.47,50.0,318.8,0.3,22.0,COOLING,0.3,22.0,COOLING,0.3,22.0,COOLING,0.3,22.0,COOLING,25.946,24.588,24.766,24.899,25.05,25.946,24.588,1.358,1119.27,554.98,560.26,564.6,255.0,255.0,340.0,340.0,216.92,325.82,401.69,319.16,-282.36,173.61,12.64,96.11,1050.0,1050.0,1050.0,1050.0,258.83,259.41,264.59,269.87,2799.11,1190.0,1263.59,4200.0,1052.7,1.0,1.0,1.0,1.0,22.5,MAX_UNIFORM_COOL,31.4301
3,Distributed Heavy Compute,0,712,7120.0,14,3,3,4,4,89.26,85.32,HEAVY_CPU_LOAD,284.55,88.03,82.96,HEAVY_CPU_LOAD,279.48,88.24,81.57,HEAVY_CPU_LOAD,277.66,83.95,88.33,HEAVY_CPU_LOAD,282.43,86.61,85.34,HEAVY_CPU_LOAD,281.27,87.05,85.73,HEAVY_CPU_LOAD,282.41,89.27,85.11,HEAVY_CPU_LOAD,284.25,89.88,84.56,HEAVY_CPU_LOAD,284.19,86.48,82.57,HEAVY_CPU_LOAD,276.95,84.52,85.82,HEAVY_CPU_LOAD,279.38,30.47,50.0,318.9,0.3,22.0,COOLING,0.3,22.0,COOLING,0.3,22.0,COOLING,0.3,22.0,COOLING,25.951,24.593,24.772,24.904,25.055,25.951,24.593,1.358,1124.12,563.68,568.44,556.33,255.0,255.0,340.0,340.0,216.86,325.77,401.68,319.09,-282.25,173.62,12.75,95.87,1050.0,1050.0,1050.0,1050.0,263.73,268.07,272.87,261.29,2812.57,1190.0,1263.4,4200.0,1065.96,1.0,1.0,1.0,1.0,22.5,MAX_UNIFORM_COOL,31.6065
3,Distributed Heavy Compute,0,713,7130.0,14,3,3,4,4,89.72,87.52,HEAVY_CPU_LOAD,288.43,88.83,84.07,HEAVY_CPU_LOAD,282.14,87.67,83.71,HEAVY_CPU_LOAD,280.15,86.02,85.52,HEAVY_CPU_LOAD,280.8,86.34,87.22,HEAVY_CPU_LOAD,283.75,86.6,87.94,HEAVY_CPU_LOAD,285.16,86.37,83.92,HEAVY_CPU_LOAD,278.84,87.81,82.16,HEAVY_CPU_LOAD,278.0,84.72,85.61,HEAVY_CPU_LOAD,279.31,88.37,85.59,HEAVY_CPU_LOAD,283.85,30.48,50.0,319.0,0.3,22.0,COOLING,0.3,22.0,COOLING,0.3,22.0,COOLING,0.3,22.0,COOLING,25.957,24.599,24.777,24.909,25.061,25.957,24.599,1.358,1131.52,568.91,556.84,563.16,255.0,255.0,340.0,340.0,216.99,325.95,401.84,319.26,-282.24,173.73,12.52,95.98,1050.0,1050.0,1050.0,1050.0,271.27,273.59,261.2,268.4,2820.43,1190.0,1264.04,4200.0,1074.46,1.0,1.0,1.0,1.0,22.5,MAX_UNIFORM_COOL,31.8109
3,Distributed Heavy Compute,0,714,7140.0,14,3,3,4,4,87.14,84.6,HEAVY_CPU_LOAD,280.82,84.41,81.96,HEAVY_CPU_LOAD,273.45,89.43,82.17,HEAVY_CPU_LOAD,280.04,88.32,81.88,HEAVY_CPU_LOAD,278.22,84.06,82.79,HEAVY_CPU_LOAD,274.26,83.83,82.09,HEAVY_CPU_LOAD,272.92,84.32,85.18,HEAVY_CPU_LOAD,278.17,90.31,83.63,HEAVY_CPU_LOAD,283.33,88.62,86.34,HEAVY_CPU_LOAD,285.29,88.12,85.58,HEAVY_CPU_LOAD,283.52,30.48,50.0,319.2,0.3,22.0,COOLING,0.3,22.0,COOLING,0.3,22.0,COOLING,0.3,22.0,COOLING,25.962,24.604,24.782,24.915,25.066,25.962,24.604,1.358,1112.53,547.18,561.5,568.81,255.0,255.0,340.0,340.0,216.94,325.94,401.91,319.28,-282.36,173.61,12.64,96.11,1050.0,1050.0,1050.0,1050.0,252.11,251.73,266.05,274.2,2790.02,1190.0,1264.07,4200.0,1044.09,1.0,1.0,1.0,1.0,22.5,MAX_UNIFORM_COOL,31.9262
3,Distributed Heavy Compute,0,715,7150.0,14,3,3,4,4,86.3,83.41,HEAVY_CPU_LOAD,277.99,84.7,88.1,HEAVY_CPU_LOAD,283.02,87.3,82.18,HEAVY_CPU_LOAD,277.39,86.95,87.92,HEAVY_CPU_LOAD,285.57,84.42,87.23,HEAVY_CPU_LOAD,281.37,84.29,86.61,HEAVY_CPU_LOAD,280.28,87.46,83.17,HEAVY_CPU_LOAD,279.08,83.93,84.37,HEAVY_CPU_LOAD,276.47,84.48,88.2,HEAVY_CPU_LOAD,282.9,87.99,84.03,HEAVY_CPU_LOAD,281.03,30.48,50.0,319.3,0.3,22.0,COOLING,0.3,22.0,COOLING,0.3,22.0,COOLING,0.3,22.0,COOLING,25.967,24.609,24.787,24.92,25.071,25.967,24.609,1.358,1123.97,561.65,555.55,563.93,255.0,255.0,340.0,340.0,216.88,325.89,401.9,319.21,-282.25,173.63,12.75,95.88,1050.0,1050.0,1050.0,1050.0,263.6,266.17,260.2,269.02,2805.1,1190.0,1263.88,4200.0,1058.99,1.0,1.0,1.0,1.0,22.5,MAX_UNIFORM_COOL,32.1153
3,Distributed Heavy Compute,0,716,7160.0,14,3,3,4,4,87.49,82.01,HEAVY_CPU_LOAD,277.38,85.52,81.54,HEAVY_CPU_LOAD,274.21,87.91,82.91,HEAVY_CPU_LOAD,279.25,88.2,83.44,HEAVY_CPU_LOAD,280.41,87.46,83.38,HEAVY_CPU_LOAD,279.39,90.13,83.43,HEAVY_CPU_LOAD,282.81,85.48,83.92,HEAVY_CPU_LOAD,277.73,84.3,84.66,HEAVY_CPU_LOAD,277.37,90.32,87.04,HEAVY_CPU_LOAD,288.46,86.64,81.76,HEAVY_CPU_LOAD,275.94,30.49,50.0,319.4,0.3,22.0,COOLING,0.3,22.0,COOLING,0.3,22.0,COOLING,0.3,22.0,COOLING,25.972,24.614,24.792,24.926,25.076,25.972,24.614,1.358,1111.25,562.2,555.1,564.4,255.0,255.0,340.0,340.0,217.01,326.06,402.08,319.37,-282.25,173.62,12.75,95.87,1050.0,1050.0,1050.0,1050.0,251.01,266.88,259.93,269.64,2792.95,1190.0,1264.52,4200.0,1047.46,1.0,1.0,1.0,1.0,22.5,MAX_UNIFORM_COOL,32.2422
3,Distributed Heavy Compute,0,717,7170.0,14,3,3,4,4,85.17,84.77,HEAVY_CPU_LOAD,278.62,85.17,81.8,HEAVY_CPU_LOAD,274.16,88.0,82.82,HEAVY_CPU_LOAD,279.23,90.02,84.63,HEAVY_CPU_LOAD,284.47,89.56,83.42,HEAVY_CPU_LOAD,282.08,86.75,84.03,HEAVY_CPU_LOAD,279.48,84.56,84.78,HEAVY_CPU_LOAD,277.87,89.47,86.04,HEAVY_CPU_LOAD,285.9,89.43,87.58,HEAVY_CPU_LOAD,288.16,87.13,87.06,HEAVY_CPU_LOAD,284.5,30.49,50.0,319.6,0.3,22.0,COOLING,0.3,22.0,COOLING,0.3,22.0,COOLING,0.3,22.0,COOLING,25.977,24.619,24.797,24.932,25.081,25.977,24.619,1.358,1116.48,561.56,563.77,572.66,255.0,255.0,340.0,340.0,216.99,326.08,402.16,319.38,-282.14,173.64,12.86,95.64,1050.0,1050.0,1050.0,1050.0,256.33,266.28,268.79,277.68,2814.47,1190.0,1264.61,4200.0,1069.08,1.0,1.0,1.0,1.0,22.5,MAX_UNIFORM_COOL,32.4352
3,Distributed Heavy Compute,0,718,7180.0,14,3,3,4,4,84.09,83.84,HEAVY_CPU_LOAD,275.87,84.23,84.08,HEAVY_CPU_LOAD,276.41,85.55,87.0,HEAVY_CPU_LOAD,282.44,86.84,81.66,HEAVY_CPU_LOAD,276.04,86.03,88.33,HEAVY_CPU_LOAD,285.03,90.37,85.41,HEAVY_CPU_LOAD,286.08,85.99,83.87,HEAVY_CPU_LOAD,278.29,85.08,81.63,HEAVY_CPU_LOAD,273.79,85.95,85.96,HEAVY_CPU_LOAD,281.38,86.31,86.21,HEAVY_CPU_LOAD,282.2,30.49,50.0,319.7,0.3,22.0,COOLING,0.3,22.0,COOLING,0.3,22.0,COOLING,0.3,22.0,COOLING,25.982,24.625,24.802,24.937,25.087,25.982,24.625,1.357,1110.76,571.11,552.08,563.58,255.0,255.0,340.0,340.0,216.92,326.04,402.14,319.31,-282.03,173.66,12.97,95.41,1050.0,1050.0,1050.0,1050.0,250.65,275.81,257.19,268.3,2797.53,1190.0,1264.41,4200.0,1051.95,1.0,1.0,1.0,1.0,22.5,MAX_UNIFORM_COOL,32.5663
3,Distributed Heavy Compute,0,719,7190.0,14,3,3,4,4,83.94,83.17,HEAVY_CPU_LOAD,274.68,88.65,84.59,HEAVY_CPU_LOAD,282.7,84.13,84.21,HEAVY_CPU_LOAD,276.48,89.9,85.19,HEAVY_CPU_LOAD,285.16,84.42,85.84,HEAVY_CPU_LOAD,279.29,88.73,84.21,HEAVY_CPU_LOAD,282.23,85.19,87.75,HEAVY_CPU_LOAD,283.11,85.46,84.27,HEAVY_CPU_LOAD,278.23,84.24,84.9,HEAVY_CPU_LOAD,277.65,84.01,88.5,HEAVY_CPU_LOAD,282.76,30.5,50.0,319.9,0.3,22.0,COOLING,0.3,22.0,COOLING,0.3,22.0,COOLING,0.3,22.0,COOLING,25.987,24.63,24.807,24.942,25.091,25.987,24.63,1.357,1119.02,561.52,561.34,560.41,255.0,255.0,340.0,340.0,217.1,326.25,402.42,319.54,-281.92,173.42,13.08,95.42,1050.0,1050.0,1050.0,1050.0,259.2,266.19,266.84,265.37,2802.29,1190.0,1265.31,4200.0,1057.6,1.0,1.0,1.0,1.0,22.5,MAX_UNIFORM_COOL,32.7634
