scenario_id,scenario_name,run_id,timestep_index,timestamp_seconds,total_occupancy,occupancy_zone_1,occupancy_zone_2,occupancy_zone_3,occupancy_zone_4,cpu_util_comp_1,gpu_util_comp_1,workload_cat_comp_1,heat_w_comp_1,thermal_contrib_comp_1,status_comp_1,cpu_util_comp_2,gpu_util_comp_2,workload_cat_comp_2,heat_w_comp_2,thermal_contrib_comp_2,status_comp_2,cpu_util_comp_3,gpu_util_comp_3,workload_cat_comp_3,heat_w_comp_3,thermal_contrib_comp_3,status_comp_3,cpu_util_comp_4,gpu_util_comp_4,workload_cat_comp_4,heat_w_comp_4,thermal_contrib_comp_4,status_comp_4,cpu_util_comp_5,gpu_util_comp_5,workload_cat_comp_5,heat_w_comp_5,thermal_contrib_comp_5,status_comp_5,cpu_util_comp_6,gpu_util_comp_6,workload_cat_comp_6,heat_w_comp_6,thermal_contrib_comp_6,status_comp_6,cpu_util_comp_7,gpu_util_comp_7,workload_cat_comp_7,heat_w_comp_7,thermal_contrib_comp_7,status_comp_7,cpu_util_comp_8,gpu_util_comp_8,workload_cat_comp_8,heat_w_comp_8,thermal_contrib_comp_8,status_comp_8,cpu_util_comp_9,gpu_util_comp_9,workload_cat_comp_9,heat_w_comp_9,thermal_contrib_comp_9,status_comp_9,cpu_util_comp_10,gpu_util_comp_10,workload_cat_comp_10,heat_w_comp_10,thermal_contrib_comp_10,status_comp_10,outdoor_temperature_c,relative_humidity_percent,solar_irradiance_w_m2,cooling_level_ac1,setpoint_ac1,state_ac1,cooling_level_ac2,setpoint_ac2,state_ac2,cooling_level_ac3,setpoint_ac3,state_ac3,cooling_level_ac4,setpoint_ac4,state_ac4,zone_1_temperature_c,zone_2_temperature_c,zone_3_temperature_c,zone_4_temperature_c,room_average_temperature_c,max_zone_temperature_c,min_zone_temperature_c,temperature_gradient_c,comp_heat_zone_1_w,comp_heat_zone_2_w,comp_heat_zone_3_w,comp_heat_zone_4_w,occ_heat_zone_1_w,occ_heat_zone_2_w,occ_heat_zone_3_w,occ_heat_zone_4_w,env_heat_zone_1_w,env_heat_zone_2_w,env_heat_zone_3_w,env_heat_zone_4_w,interzone_heat_zone_1_w,interzone_heat_zone_2_w,interzone_heat_zone_3_w,interzone_heat_zone_4_w,hvac_cooling_zone_1_w,hvac_cooling_zone_2_w,hvac_cooling_zone_3_w,hvac_cooling_zone_4_w,net_heat_zone_1_w,net_heat_zone_2_w,net_heat_zone_3_w,net_heat_zone_4_w,total_computational_heat_w,total_occupancy_heat_w,total_envelope_heat_w,total_hvac_cooling_w,total_net_heat_w,optimal_cooling_ac1,optimal_cooling_ac2,optimal_cooling_ac3,optimal_cooling_ac4,optimal_temperature_c,optimal_hvac_action,target_objective_cost
1,Localized Heavy Compute,0,0,0.0,14,3,4,3,4,20.67,10.55,LIGHT,86.66,LOW,RUNNING,18.73,8.08,LIGHT,80.53,LOW,RUNNING,22.11,11.55,LIGHT,89.96,LOW,RUNNING,20.39,10.42,LIGHT,86.12,LOW,RUNNING,15.92,4.72,LIGHT,71.98,LOW,RUNNING,17.83,5.59,LIGHT,75.67,LOW,RUNNING,15.39,4.38,LIGHT,70.81,LOW,RUNNING,19.59,6.82,LIGHT,79.72,LOW,RUNNING,17.75,4.47,LIGHT,73.89,LOW,RUNNING,15.67,3.45,LIGHT,69.76,LOW,RUNNING,27.5,52.0,200.0,0.25,22.0,COOLING,0.25,22.0,COOLING,0.25,22.0,COOLING,0.25,22.0,COOLING,22.297,22.296,22.295,22.296,22.296,22.297,22.295,0.002,343.27,147.65,150.53,143.65,255.0,340.0,255.0,340.0,186.82,236.82,286.82,236.82,0.0,0.0,0.0,0.0,875.0,875.0,875.0,875.0,-89.91,-150.53,-182.65,-154.53,785.1,1190.0,947.28,3500.0,-577.62,0.0,0.0,0.0,0.0,22.5,ECO_MAINTAIN,0.0529
1,Localized Heavy Compute,0,1,10.0,14,3,4,3,4,21.28,11.01,LIGHT,88.11,LOW,RUNNING,19.15,8.47,LIGHT,81.64,LOW,RUNNING,22.43,11.98,LIGHT,91.01,LOW,RUNNING,20.79,10.98,LIGHT,87.46,LOW,RUNNING,15.98,4.79,LIGHT,72.16,LOW,RUNNING,17.96,5.67,LIGHT,75.95,LOW,RUNNING,15.48,4.4,LIGHT,70.95,LOW,RUNNING,19.56,6.76,LIGHT,79.59,LOW,RUNNING,17.62,4.38,LIGHT,73.59,LOW,RUNNING,15.57,3.41,LIGHT,69.58,LOW,RUNNING,27.5,52.0,200.2,0.25,22.0,COOLING,0.25,22.0,COOLING,0.25,22.0,COOLING,0.25,22.0,COOLING,22.295,22.293,22.291,22.293,22.293,22.295,22.291,0.004,348.22,148.11,150.54,143.17,255.0,340.0,255.0,340.0,186.94,237.01,287.08,237.01,-0.25,0.0,0.25,0.0,875.0,875.0,875.0,875.0,-85.09,-149.88,-182.13,-154.82,790.04,1190.0,948.04,3500.0,-571.92,0.0,0.0,0.0,0.0,22.5,ECO_MAINTAIN,0.0557
1,Localized Heavy Compute,0,2,20.0,14,3,4,3,4,22.82,12.46,LIGHT,92.22,LOW,RUNNING,20.48,9.81,LIGHT,85.31,LOW,RUNNING,23.69,13.39,LIGHT,94.7,LOW,RUNNING,22.15,12.52,LIGHT,91.47,LOW,RUNNING,16.06,4.87,LIGHT,72.38,LOW,RUNNING,18.1,5.75,LIGHT,76.25,LOW,RUNNING,15.55,4.4,LIGHT,71.04,LOW,RUNNING,19.5,6.68,LIGHT,79.39,LOW,RUNNING,17.49,4.3,LIGHT,73.31,LOW,RUNNING,15.49,3.4,LIGHT,69.46,LOW,RUNNING,27.51,52.0,200.4,0.25,22.0,COOLING,0.25,22.0,COOLING,0.25,22.0,COOLING,0.25,22.0,COOLING,22.294,22.29,22.287,22.29,22.29,22.294,22.287,0.007,363.7,148.63,150.43,142.77,255.0,340.0,255.0,340.0,187.27,237.42,287.56,237.42,-0.5,0.0,0.5,0.0,875.0,875.0,875.0,875.0,-69.53,-148.95,-181.51,-154.81,805.53,1190.0,949.67,3500.0,-554.8,0.0,0.0,0.0,0.0,22.5,ECO_MAINTAIN,0.0583
1,Localized Heavy Compute,0,3,30.0,14,3,4,3,4,25.19,14.77,LIGHT,98.64,LOW,RUNNING,22.64,12.02,LIGHT,91.33,LOW,RUNNING,25.79,15.68,LIGHT,100.76,MODERATE,RUNNING,24.38,14.91,LIGHT,97.84,LOW,RUNNING,16.16,4.96,LIGHT,72.64,LOW,RUNNING,18.23,5.81,LIGHT,76.5,LOW,RUNNING,15.59,4.38,LIGHT,71.06,LOW,RUNNING,19.41,6.6,LIGHT,79.16,LOW,RUNNING,17.35,4.23,LIGHT,73.03,LOW,RUNNING,15.43,3.41,LIGHT,69.4,LOW,RUNNING,27.51,52.0,200.6,0.25,22.0,COOLING,0.25,22.0,COOLING,0.25,22.0,COOLING,0.25,22.0,COOLING,22.293,22.287,22.283,22.287,22.288,22.293,22.283,0.01,388.57,149.14,150.22,142.43,255.0,340.0,255.0,340.0,187.36,237.61,287.81,237.61,-0.99,0.11,0.77,0.11,875.0,875.0,875.0,875.0,-45.06,-148.14,-181.2,-154.85,830.36,1190.0,950.39,3500.0,-529.25,0.0,0.0,0.0,0.0,22.5,ECO_MAINTAIN,0.0609
1,Localized Heavy Compute,0,4,40.0,14,3,4,3,4,28.29,17.85,LIGHT,107.14,MODERATE,RUNNING,25.53,14.99,LIGHT,99.4,LOW,RUNNING,28.63,18.74,LIGHT,108.9,MODERATE,RUNNING,27.37,18.05,LIGHT,106.29,MODERATE,RUNNING,16.27,5.05,LIGHT,72.91,LOW,RUNNING,18.35,5.86,LIGHT,76.73,LOW,RUNNING,15.6,4.34,LIGHT,71.01,LOW,RUNNING,19.3,6.51,LIGHT,78.89,LOW,RUNNING,17.23,4.17,LIGHT,72.79,LOW,RUNNING,15.4,3.43,LIGHT,69.39,LOW,RUNNING,27.52,52.0,200.8,0.25,22.0,COOLING,0.25,22.0,COOLING,0.25,22.0,COOLING,0.25,22.0,COOLING,22.293,22.284,22.279,22.284,22.285,22.293,22.279,0.014,421.73,149.64,149.9,142.18,255.0,340.0,255.0,340.0,187.68,238.01,288.3,238.01,-1.47,0.22,1.03,0.22,875.0,875.0,875.0,875.0,-12.06,-147.13,-180.77,-154.59,863.45,1190.0,952.0,3500.0,-494.55,0.0,0.0,0.0,0.0,22.5,ECO_MAINTAIN,0.0636
1,Localized Heavy Compute,0,5,50.0,14,3,4,3,4,31.99,21.59,GENERAL,117.37,MODERATE,RUNNING,29.03,18.63,LIGHT,109.23,MODERATE,RUNNING,32.12,22.47,GENERAL,118.86,MODERATE,RUNNING,31.02,21.84,GENERAL,116.54,MODERATE,RUNNING,16.4,5.13,LIGHT,73.19,LOW,RUNNING,18.45,5.89,LIGHT,76.9,LOW,RUNNING,15.58,4.29,LIGHT,70.91,LOW,RUNNING,19.18,6.42,LIGHT,78.6,LOW,RUNNING,17.11,4.13,LIGHT,72.58,LOW,RUNNING,15.4,3.48,LIGHT,69.47,LOW,RUNNING,27.52,52.0,201.0,0.25,22.0,COOLING,0.25,22.0,COOLING,0.25,22.0,COOLING,0.25,22.0,COOLING,22.294,22.281,22.275,22.281,22.283,22.294,22.275,0.019,462.0,150.09,149.51,142.05,255.0,340.0,255.0,340.0,187.76,238.19,288.56,238.19,-2.19,0.44,1.31,0.44,875.0,875.0,875.0,875.0,27.57,-146.28,-180.62,-154.32,903.65,1190.0,952.7,3500.0,-453.65,0.0,0.0,0.0,0.0,22.5,ECO_MAINTAIN,0.0666
1,Localized Heavy Compute,0,6,60.0,14,3,4,3,4,36.21,25.88,GENERAL,129.08,MODERATE,RUNNING,33.07,22.82,GENERAL,120.57,MODERATE,RUNNING,36.16,26.74,GENERAL,130.31,MODERATE,RUNNING,35.22,26.16,GENERAL,128.27,MODERATE,RUNNING,16.54,5.21,LIGHT,73.49,LOW,RUNNING,18.52,5.9,LIGHT,77.0,LOW,RUNNING,15.53,4.22,LIGHT,70.74,LOW,RUNNING,19.05,6.34,LIGHT,78.32,LOW,RUNNING,17.02,4.1,LIGHT,72.43,LOW,RUNNING,15.44,3.54,LIGHT,69.61,LOW,RUNNING,27.52,52.0,201.2,0.25,22.0,COOLING,0.25,22.0,COOLING,0.25,22.0,COOLING,0.25,22.0,COOLING,22.295,22.278,22.271,22.278,22.28,22.295,22.271,0.024,508.23,150.49,149.06,142.04,255.0,340.0,255.0,340.0,187.81,238.39,288.82,238.39,-3.15,0.77,1.61,0.77,875.0,875.0,875.0,875.0,72.89,-145.35,-180.51,-153.8,949.82,1190.0,953.41,3500.0,-406.77,0.0,0.0,0.0,0.0,22.5,ECO_MAINTAIN,0.0702
1,Localized Heavy Compute,0,7,70.0,14,3,4,3,4,40.83,30.63,GENERAL,141.98,MODERATE,RUNNING,37.53,27.47,GENERAL,133.12,MODERATE,RUNNING,40.65,31.47,GENERAL,143.02,MODERATE,RUNNING,39.86,30.89,GENERAL,141.16,MODERATE,RUNNING,16.67,5.28,LIGHT,73.76,LOW,RUNNING,18.58,5.89,LIGHT,77.06,LOW,RUNNING,15.45,4.14,LIGHT,70.52,LOW,RUNNING,18.91,6.26,LIGHT,78.03,LOW,RUNNING,16.95,4.1,LIGHT,72.34,LOW,RUNNING,15.5,3.61,LIGHT,69.79,LOW,RUNNING,27.53,52.0,201.5,0.25,22.0,COOLING,0.25,22.0,COOLING,0.25,22.0,COOLING,0.25,22.0,COOLING,22.298,22.275,22.267,22.275,22.279,22.298,22.267,0.031,559.28,150.82,148.55,142.13,255.0,340.0,255.0,340.0,188.11,238.86,289.38,238.86,-4.1,1.1,1.9,1.1,875.0,875.0,875.0,875.0,123.29,-144.22,-180.17,-152.91,1000.78,1190.0,955.21,3500.0,-354.01,0.0,0.0,0.0,0.0,22.5,ECO_MAINTAIN,0.0746
1,Localized Heavy Compute,0,8,80.0,14,3,4,3,4,45.76,35.72,GENERAL,155.78,MODERATE,RUNNING,42.33,32.46,GENERAL,146.6,MODERATE,RUNNING,45.49,36.53,GENERAL,156.66,MODERATE,RUNNING,44.84,35.93,GENERAL,154.95,MODERATE,RUNNING,16.79,5.34,LIGHT,74.0,LOW,RUNNING,18.6,5.86,LIGHT,77.04,LOW,RUNNING,15.35,4.05,LIGHT,70.26,LOW,RUNNING,18.78,6.19,LIGHT,77.76,LOW,RUNNING,16.91,4.12,LIGHT,72.32,LOW,RUNNING,15.58,3.69,LIGHT,70.01,LOW,RUNNING,27.53,52.0,201.7,0.25,22.0,COOLING,0.25,22.0,COOLING,0.25,22.0,COOLING,0.25,22.0,COOLING,22.302,22.272,22.263,22.272,22.277,22.302,22.263,0.039,613.99,151.04,148.02,142.33,255.0,340.0,255.0,340.0,188.13,239.04,289.64,239.04,-5.52,1.65,2.22,1.65,875.0,875.0,875.0,875.0,176.6,-143.27,-180.12,-151.98,1055.38,1190.0,955.85,3500.0,-298.77,0.0,0.0,0.0,0.0,22.5,ECO_MAINTAIN,0.0802
1,Localized Heavy Compute,0,9,90.0,14,3,4,3,4,50.89,41.05,GENERAL,170.19,HIGH,RUNNING,47.36,37.71,GENERAL,160.76,MODERATE,RUNNING,50.58,41.82,GENERAL,170.95,HIGH,RUNNING,50.05,41.17,GENERAL,169.32,MODERATE,RUNNING,16.9,5.38,LIGHT,74.19,LOW,RUNNING,18.59,5.81,LIGHT,76.95,LOW,RUNNING,15.24,3.96,LIGHT,69.99,LOW,RUNNING,18.66,6.14,LIGHT,77.53,LOW,RUNNING,16.9,4.15,LIGHT,72.35,LOW,RUNNING,15.69,3.78,LIGHT,70.28,LOW,RUNNING,27.54,52.0,201.9,0.25,22.0,COOLING,0.25,22.0,COOLING,0.25,22.0,COOLING,0.25,22.0,COOLING,22.307,22.269,22.259,22.269,22.276,22.307,22.259,0.048,671.22,151.14,147.52,142.63,255.0,340.0,255.0,340.0,188.33,239.45,290.12,239.45,-7.19,2.31,2.56,2.31,875.0,875.0,875.0,875.0,232.36,-142.1,-179.8,-150.61,1112.51,1190.0,957.35,3500.0,-240.15,0.0,0.0,0.0,0.0,22.5,ECO_MAINTAIN,0.0872
1,Localized Heavy Compute,0,10,100.0,14,3,4,3,4,56.12,46.51,GENERAL,184.91,HIGH,RUNNING,52.54,43.08,GENERAL,175.29,HIGH,RUNNING,55.81,47.23,GENERAL,185.61,HIGH,RUNNING,55.37,46.49,GENERAL,183.95,HIGH,RUNNING,16.99,5.4,LIGHT,74.34,LOW,RUNNING,18.55,5.75,LIGHT,76.81,LOW,RUNNING,15.11,3.87,LIGHT,69.69,LOW,RUNNING,18.56,6.11,LIGHT,77.37,LOW,RUNNING,16.92,4.21,LIGHT,72.47,LOW,RUNNING,15.81,3.87,LIGHT,70.57,LOW,RUNNING,27.54,52.0,202.1,0.25,22.0,COOLING,0.25,22.0,COOLING,0.25,22.0,COOLING,0.25,22.0,COOLING,22.313,22.266,22.255,22.266,22.275,22.313,22.255,0.058,729.76,151.15,147.06,143.04,255.0,340.0,255.0,340.0,188.3,239.64,290.38,239.64,-9.08,3.08,2.92,3.08,875.0,875.0,875.0,875.0,288.98,-141.13,-179.64,-149.24,1171.01,1190.0,957.96,3500.0,-181.03,0.0,0.0,0.0,0.0,22.5,ECO_MAINTAIN,0.096
1,Localized Heavy Compute,0,11,110.0,14,3,4,3,4,61.36,52.01,GENERAL,199.72,HIGH,RUNNING,57.74,48.49,GENERAL,189.91,HIGH,RUNNING,61.08,52.63,GENERAL,200.29,HIGH,RUNNING,60.69,51.79,GENERAL,198.55,HIGH,RUNNING,17.06,5.4,LIGHT,74.42,LOW,RUNNING,18.49,5.68,LIGHT,76.63,LOW,RUNNING,14.97,3.79,LIGHT,69.4,LOW,RUNNING,18.48,6.1,LIGHT,77.25,LOW,RUNNING,16.97,4.27,LIGHT,72.62,LOW,RUNNING,15.94,3.96,LIGHT,70.86,LOW,RUNNING,27.55,52.0,202.3,0.25,22.0,COOLING,0.25,22.0,COOLING,0.25,22.0,COOLING,0.25,22.0,COOLING,22.32,22.263,22.251,22.263,22.274,22.32,22.251,0.069,788.47,151.05,146.65,143.48,255.0,340.0,255.0,340.0,188.46,240.05,290.85,240.05,-11.21,3.96,3.29,3.96,875.0,875.0,875.0,875.0,345.72,-139.94,-179.21,-147.51,1229.65,1190.0,959.41,3500.0,-120.94,0.009,0.0,0.0,0.008,22.5,ECO_MAINTAIN,0.1067
1,Localized Heavy Compute,0,12,120.0,14,3,4,3,4,66.5,57.42,GENERAL,214.25,HIGH,RUNNING,62.88,53.8,GENERAL,204.3,HIGH,RUNNING,66.27,57.92,GENERAL,214.72,HIGH,RUNNING,65.9,56.95,GENERAL,212.8,HIGH,RUNNING,17.09,5.38,LIGHT,74.43,LOW,RUNNING,18.4,5.59,LIGHT,76.39,LOW,RUNNING,14.84,3.72,LIGHT,69.13,LOW,RUNNING,18.43,6.11,LIGHT,77.2,LOW,RUNNING,17.04,4.35,LIGHT,72.83,LOW,RUNNING,16.08,4.03,LIGHT,71.14,LOW,RUNNING,27.55,52.0,202.5,0.25,22.0,COOLING,0.25,22.0,COOLING,0.25,22.0,COOLING,0.25,22.0,COOLING,22.328,22.26,22.247,22.26,22.274,22.328,22.247,0.081,846.07,150.82,146.33,143.97,255.0,340.0,255.0,340.0,188.39,240.23,291.12,240.23,-13.57,4.95,3.68,4.95,875.0,875.0,875.0,875.0,400.89,-139.0,-178.87,-145.85,1287.19,1190.0,959.97,3500.0,-62.83,0.025,0.0,0.0,0.024,22.5,ECO_MAINTAIN,0.1191
1,Localized Heavy Compute,0,13,130.0,14,3,4,3,4,71.44,62.63,GPU_INTENSIVE,228.25,HIGH,HEAVY LOAD,67.85,58.92,GENERAL,218.19,HIGH,RUNNING,71.27,62.99,GPU_INTENSIVE,228.57,HIGH,HEAVY LOAD,70.89,61.88,GPU_INTENSIVE,226.43,HIGH,HEAVY LOAD,17.1,5.34,LIGHT,74.39,LOW,RUNNING,18.29,5.5,LIGHT,76.11,LOW,RUNNING,14.72,3.67,LIGHT,68.91,LOW,RUNNING,18.4,6.14,LIGHT,77.21,LOW,RUNNING,17.14,4.44,LIGHT,73.08,LOW,RUNNING,16.21,4.1,LIGHT,71.41,LOW,RUNNING,27.55,52.0,202.7,0.25,22.0,COOLING,0.25,22.0,COOLING,0.25,22.0,COOLING,0.25,22.0,COOLING,22.337,22.257,22.243,22.257,22.273,22.337,22.243,0.094,901.44,150.5,146.12,144.49,255.0,340.0,255.0,340.0,188.28,240.42,291.37,240.42,-16.17,6.05,4.08,6.05,875.0,875.0,875.0,875.0,453.55,-138.03,-178.43,-144.04,1342.55,1190.0,960.49,3500.0,-6.95,0.041,0.0,0.0,0.041,22.5,ECO_MAINTAIN,0.1333
1,Localized Heavy Compute,0,14,140.0,14,3,4,3,4,76.09,67.55,HEAVY,241.44,VERY HIGH,HEAVY LOAD,72.54,63.74,GPU_INTENSIVE,231.29,HIGH,HEAVY LOAD,75.98,67.73,HEAVY,241.57,VERY HIGH,HEAVY LOAD,75.54,66.46,HEAVY,239.12,HIGH,HEAVY LOAD,17.08,5.28,LIGHT,74.27,LOW,RUNNING,18.17,5.41,LIGHT,75.83,LOW,RUNNING,14.61,3.62,LIGHT,68.69,LOW,RUNNING,18.41,6.18,LIGHT,77.28,LOW,RUNNING,17.25,4.53,LIGHT,73.36,LOW,RUNNING,16.33,4.15,LIGHT,71.64,LOW,RUNNING,27.56,52.0,202.9,0.25,22.0,COOLING,0.25,22.0,COOLING,0.25,22.0,COOLING,0.25,22.0,COOLING,22.347,22.254,22.239,22.254,22.274,22.347,22.239,0.108,953.42,150.1,145.97,145.0,255.0,340.0,255.0,340.0,188.38,240.82,291.86,240.82,-19.01,7.26,4.49,7.26,875.0,875.0,875.0,875.0,502.79,-136.82,-177.68,-141.92,1394.49,1190.0,961.88,3500.0,46.37,0.059,0.0,0.0,0.058,22.5,ECO_MAINTAIN,0.1493
1,Localized Heavy Compute,0,15,150.0,14,3,4,3,4,80.34,72.05,HEAVY,253.5,VERY HIGH,HEAVY LOAD,76.85,68.12,HEAVY,243.24,VERY HIGH,HEAVY LOAD,80.28,72.01,HEAVY,253.37,VERY HIGH,HEAVY LOAD,79.76,70.59,HEAVY,250.59,VERY HIGH,HEAVY LOAD,17.02,5.21,LIGHT,74.09,LOW,RUNNING,18.04,5.33,LIGHT,75.55,LOW,RUNNING,14.52,3.6,LIGHT,68.55,LOW,RUNNING,18.44,6.24,LIGHT,77.41,LOW,RUNNING,17.38,4.62,LIGHT,73.66,LOW,RUNNING,16.43,4.19,LIGHT,71.82,LOW,RUNNING,27.56,52.0,203.1,0.25,22.0,COOLING,0.25,22.0,COOLING,0.25,22.0,COOLING,0.25,22.0,COOLING,22.358,22.251,22.235,22.251,22.274,22.358,22.235,0.123,1000.7,149.64,145.96,145.48,255.0,340.0,255.0,340.0,188.24,241.02,292.11,241.02,-22.08,8.58,4.92,8.58,875.0,875.0,875.0,875.0,546.86,-135.76,-177.01,-139.92,1441.78,1190.0,962.39,3500.0,94.17,0.076,0.0,0.0,0.076,22.5,ECO_MAINTAIN,0.167
1,Localized Heavy Compute,0,16,160.0,14,3,4,3,4,84.08,76.01,HEAVY,264.12,VERY HIGH,HEAVY LOAD,80.66,71.98,HEAVY,253.79,VERY HIGH,HEAVY LOAD,84.07,75.75,HEAVY,263.71,VERY HIGH,HEAVY LOAD,83.42,74.16,HEAVY,260.51,VERY HIGH,HEAVY LOAD,16.94,5.13,LIGHT,73.87,LOW,RUNNING,17.9,5.25,LIGHT,75.25,LOW,RUNNING,14.45,3.6,LIGHT,68.46,LOW,RUNNING,18.5,6.32,LIGHT,77.61,LOW,RUNNING,17.51,4.7,LIGHT,73.94,LOW,RUNNING,16.51,4.2,LIGHT,71.94,LOW,RUNNING,27.57,52.0,203.3,0.25,22.0,COOLING,0.25,22.0,COOLING,0.25,22.0,COOLING,0.25,22.0,COOLING,22.37,22.248,22.231,22.248,22.274,22.37,22.231,0.139,1042.13,149.12,146.07,145.88,255.0,340.0,255.0,340.0,188.3,241.42,292.59,241.42,-25.38,10.01,5.37,10.01,875.0,875.0,875.0,875.0,585.05,-134.45,-175.97,-137.69,1483.2,1190.0,963.73,3500.0,136.94,0.094,0.0,0.0,0.094,22.5,ECO_MAINTAIN,0.1866
1,Localized Heavy Compute,0,17,170.0,14,3,4,3,4,87.21,79.33,HEAVY,273.01,VERY HIGH,HEAVY LOAD,83.86,75.18,HEAVY,262.6,VERY HIGH,HEAVY LOAD,87.21,78.82,HEAVY,272.24,VERY HIGH,HEAVY LOAD,86.42,77.09,HEAVY,268.66,VERY HIGH,HEAVY LOAD,16.84,5.04,LIGHT,73.61,LOW,RUNNING,17.77,5.19,LIGHT,75.0,LOW,RUNNING,14.41,3.62,LIGHT,68.44,LOW,RUNNING,18.59,6.4,LIGHT,77.84,LOW,RUNNING,17.65,4.77,LIGHT,74.22,LOW,RUNNING,16.57,4.19,LIGHT,72.0,LOW,RUNNING,27.57,52.0,203.5,0.25,22.0,COOLING,0.25,22.0,COOLING,0.25,22.0,COOLING,0.25,22.0,COOLING,22.383,22.245,22.227,22.245,22.275,22.383,22.227,0.156,1076.51,148.61,146.28,146.22,255.0,340.0,255.0,340.0,188.11,241.61,292.85,241.61,-28.92,11.55,5.82,11.55,875.0,875.0,875.0,875.0,615.7,-133.23,-175.05,-135.62,1517.62,1190.0,964.18,3500.0,171.8,0.112,0.0,0.0,0.111,22.5,ECO_MAINTAIN,0.2078
1,Localized Heavy Compute,0,18,180.0,14,3,4,3,4,89.62,81.88,HEAVY,279.85,VERY HIGH,HEAVY LOAD,86.33,77.62,HEAVY,269.34,VERY HIGH,HEAVY LOAD,89.62,81.12,HEAVY,278.71,VERY HIGH,HEAVY LOAD,88.66,79.27,HEAVY,274.73,VERY HIGH,HEAVY LOAD,16.73,4.95,LIGHT,73.34,LOW,RUNNING,17.65,5.14,LIGHT,74.77,LOW,RUNNING,14.4,3.66,LIGHT,68.49,LOW,RUNNING,18.7,6.49,LIGHT,78.11,LOW,RUNNING,17.77,4.83,LIGHT,74.46,LOW,RUNNING,16.6,4.17,LIGHT,72.0,LOW,RUNNING,27.57,52.0,203.8,0.25,22.0,COOLING,0.25,22.0,COOLING,0.25,22.0,COOLING,0.25,22.0,COOLING,22.396,22.242,22.223,22.242,22.276,22.396,22.223,0.173,1102.63,148.11,146.6,146.46,255.0,340.0,255.0,340.0,187.94,241.87,293.19,241.87,-32.7,13.2,6.3,13.2,875.0,875.0,875.0,875.0,637.87,-131.82,-173.91,-133.47,1543.8,1190.0,964.87,3500.0,198.67,0.138,0.0,0.0,0.126,22.5,MODERATE_UNIFORM_COOL,0.2297
1,Localized Heavy Compute,0,19,190.0,14,3,4,3,4,91.19,83.55,HEAVY,284.31,VERY HIGH,HEAVY LOAD,87.97,79.18,HEAVY,273.73,VERY HIGH,HEAVY LOAD,91.16,82.54,HEAVY,282.76,VERY HIGH,HEAVY LOAD,90.04,80.59,HEAVY,278.44,VERY HIGH,HEAVY LOAD,16.6,4.87,LIGHT,73.06,LOW,RUNNING,17.55,5.11,LIGHT,74.6,LOW,RUNNING,14.42,3.71,LIGHT,68.59,LOW,RUNNING,18.82,6.58,LIGHT,78.4,LOW,RUNNING,17.89,4.87,LIGHT,74.67,LOW,RUNNING,16.6,4.12,LIGHT,71.93,LOW,RUNNING,27.58,52.0,204.0,0.25,22.0,COOLING,0.25,22.0,COOLING,0.25,22.0,COOLING,0.25,22.0,COOLING,22.409,22.239,22.219,22.239,22.276,22.409,22.219,0.19,1119.24,147.66,146.99,146.6,255.0,340.0,255.0,340.0,187.96,242.27,293.68,242.27,-36.48,14.85,6.78,14.85,875.0,875.0,875.0,875.0,650.72,-130.22,-172.55,-131.28,1560.49,1190.0,966.18,3500.0,216.67,0.145,0.0,0.0,0.144,22.5,MODERATE_UNIFORM_COOL,0.2517
1,Localized Heavy Compute,0,20,200.0,14,3,4,3,4,91.83,84.22,HEAVY,286.12,VERY HIGH,HEAVY LOAD,88.66,79.76,HEAVY,275.47,VERY HIGH,HEAVY LOAD,91.75,82.98,HEAVY,284.16,VERY HIGH,HEAVY LOAD,90.44,80.96,HEAVY,279.49,VERY HIGH,HEAVY LOAD,16.46,4.79,LIGHT,72.76,LOW,RUNNING,17.48,5.1,LIGHT,74.5,LOW,RUNNING,14.47,3.78,LIGHT,68.76,LOW,RUNNING,18.95,6.66,LIGHT,78.68,LOW,RUNNING,17.98,4.9,LIGHT,74.82,LOW,RUNNING,16.56,4.06,LIGHT,71.79,LOW,RUNNING,27.58,52.0,204.2,0.25,22.0,COOLING,0.25,22.0,COOLING,0.25,22.0,COOLING,0.25,22.0,COOLING,22.422,22.236,22.216,22.236,22.277,22.422,22.216,0.206,1125.24,147.26,147.44,146.61,255.0,340.0,255.0,340.0,187.76,242.45,293.93,242.45,-40.25,16.5,7.25,16.5,875.0,875.0,875.0,875.0,652.75,-128.79,-171.38,-129.44,1566.55,1190.0,966.59,3500.0,223.14,0.145,0.0,0.0,0.147,22.5,MODERATE_UNIFORM_COOL,0.2724
1,Localized Heavy Compute,0,21,210.0,14,3,4,3,4,91.97,84.35,HEAVY,286.49,VERY HIGH,HEAVY LOAD,88.83,79.79,HEAVY,275.72,VERY HIGH,HEAVY LOAD,91.79,82.89,HEAVY,284.07,VERY HIGH,HEAVY LOAD,90.32,80.83,HEAVY,279.14,VERY HIGH,HEAVY LOAD,16.33,4.72,LIGHT,72.49,LOW,RUNNING,17.42,5.11,LIGHT,74.44,LOW,RUNNING,14.55,3.86,LIGHT,68.98,LOW,RUNNING,19.09,6.74,LIGHT,78.97,LOW,RUNNING,18.05,4.9,LIGHT,74.91,LOW,RUNNING,16.5,3.99,LIGHT,71.61,LOW,RUNNING,27.59,52.0,204.4,0.25,22.0,COOLING,0.25,22.0,COOLING,0.25,22.0,COOLING,0.25,22.0,COOLING,22.435,22.233,22.213,22.233,22.279,22.435,22.213,0.222,1125.42,146.93,147.95,146.52,255.0,340.0,255.0,340.0,187.76,242.86,294.39,242.86,-44.01,18.26,7.49,18.26,875.0,875.0,875.0,875.0,649.17,-126.95,-170.17,-127.36,1566.82,1190.0,967.87,3500.0,224.69,0.145,0.0,0.0,0.147,22.5,MODERATE_UNIFORM_COOL,0.2936
1,Localized Heavy Compute,0,22,220.0,14,3,4,3,4,92.13,84.46,HEAVY,286.85,VERY HIGH,HEAVY LOAD,88.99,79.8,HEAVY,275.94,VERY HIGH,HEAVY LOAD,91.8,82.78,HEAVY,283.92,VERY HIGH,HEAVY LOAD,90.18,80.71,HEAVY,278.79,VERY HIGH,HEAVY LOAD,16.21,4.66,LIGHT,72.25,LOW,RUNNING,17.4,5.14,LIGHT,74.46,LOW,RUNNING,14.65,3.95,LIGHT,69.24,LOW,RUNNING,19.22,6.81,LIGHT,79.24,LOW,RUNNING,18.09,4.88,LIGHT,74.93,LOW,RUNNING,16.42,3.91,LIGHT,71.39,LOW,RUNNING,27.59,52.0,204.6,0.25,22.0,COOLING,0.25,22.0,COOLING,0.25,22.0,COOLING,0.25,22.0,COOLING,22.448,22.23,22.21,22.23,22.279,22.448,22.21,0.238,1125.5,146.71,148.48,146.32,255.0,340.0,255.0,340.0,187.55,243.06,294.63,243.06,-47.77,20.02,7.73,20.02,875.0,875.0,875.0,875.0,645.28,-125.21,-169.16,-125.6,1567.01,1190.0,968.3,3500.0,225.31,0.145,0.0,0.0,0.148,22.5,MODERATE_UNIFORM_COOL,0.3161
1,Localized Heavy Compute,0,23,230.0,14,3,4,3,4,92.3,84.56,HEAVY,287.22,VERY HIGH,HEAVY LOAD,89.12,79.77,HEAVY,276.06,VERY HIGH,HEAVY LOAD,91.76,82.66,HEAVY,283.69,VERY HIGH,HEAVY LOAD,90.01,80.6,HEAVY,278.41,VERY HIGH,HEAVY LOAD,16.1,4.62,LIGHT,72.06,LOW,RUNNING,17.41,5.19,LIGHT,74.55,LOW,RUNNING,14.76,4.04,LIGHT,69.51,LOW,RUNNING,19.34,6.86,LIGHT,79.47,LOW,RUNNING,18.1,4.85,LIGHT,74.9,LOW,RUNNING,16.31,3.82,LIGHT,71.12,LOW,RUNNING,27.6,52.0,204.8,0.25,22.0,COOLING,0.25,22.0,COOLING,0.25,22.0,COOLING,0.25,22.0,COOLING,22.461,22.227,22.207,22.227,22.28,22.461,22.207,0.254,1125.38,146.61,148.98,146.02,255.0,340.0,255.0,340.0,187.57,243.46,295.09,243.46,-51.53,21.78,7.97,21.78,875.0,875.0,875.0,875.0,641.42,-123.15,-167.96,-123.74,1566.99,1190.0,969.58,3500.0,226.57,0.149,0.0,0.0,0.148,22.5,MODERATE_UNIFORM_COOL,0.3397
1,Localized Heavy Compute,0,24,240.0,14,3,4,3,4,92.48,84.64,HEAVY,287.56,VERY HIGH,HEAVY LOAD,89.21,79.72,HEAVY,276.09,VERY HIGH,HEAVY LOAD,91.69,82.52,HEAVY,283.39,VERY HIGH,HEAVY LOAD,89.83,80.51,HEAVY,278.05,VERY HIGH,HEAVY LOAD,16.01,4.6,LIGHT,71.91,LOW,RUNNING,17.45,5.25,LIGHT,74.69,LOW,RUNNING,14.89,4.13,LIGHT,69.81,LOW,RUNNING,19.44,6.89,LIGHT,79.63,LOW,RUNNING,18.08,4.79,LIGHT,74.78,LOW,RUNNING,16.19,3.73,LIGHT,70.83,LOW,RUNNING,27.6,52.0,205.0,0.25,22.0,COOLING,0.25,22.0,COOLING,0.25,22.0,COOLING,0.25,22.0,COOLING,22.474,22.225,22.204,22.225,22.282,22.474,22.204,0.27,1125.09,146.6,149.44,145.61,255.0,340.0,255.0,340.0,187.37,243.64,295.33,243.64,-55.29,23.54,8.21,23.54,875.0,875.0,875.0,875.0,637.17,-121.22,-167.02,-122.21,1566.74,1190.0,969.98,3500.0,226.72,0.149,0.0,0.0,0.155,22.5,MODERATE_UNIFORM_COOL,0.3635
1,Localized Heavy Compute,0,25,250.0,14,3,4,3,4,92.66,84.68,HEAVY,287.85,VERY HIGH,HEAVY LOAD,89.28,79.64,HEAVY,276.06,VERY HIGH,HEAVY LOAD,91.58,82.39,HEAVY,283.06,VERY HIGH,HEAVY LOAD,89.65,80.44,HEAVY,277.72,VERY HIGH,HEAVY LOAD,15.94,4.6,LIGHT,71.83,LOW,RUNNING,17.51,5.32,LIGHT,74.87,LOW,RUNNING,15.03,4.21,LIGHT,70.1,LOW,RUNNING,19.52,6.9,LIGHT,79.75,LOW,RUNNING,18.03,4.73,LIGHT,74.63,LOW,RUNNING,16.06,3.64,LIGHT,70.53,LOW,RUNNING,27.6,52.0,205.2,0.25,22.0,COOLING,0.25,22.0,COOLING,0.25,22.0,COOLING,0.25,22.0,COOLING,22.487,22.223,22.201,22.223,22.284,22.487,22.201,0.286,1124.69,146.7,149.85,145.16,255.0,340.0,255.0,340.0,187.16,243.81,295.56,243.81,-58.83,25.08,8.67,25.08,875.0,875.0,875.0,875.0,633.02,-119.41,-165.92,-120.95,1566.4,1190.0,970.34,3500.0,226.74,0.162,0.0,0.0,0.16,22.5,MODERATE_UNIFORM_COOL,0.3875
1,Localized Heavy Compute,0,26,260.0,14,3,4,3,4,92.82,84.7,HEAVY,288.07,VERY HIGH,HEAVY LOAD,89.3,79.53,HEAVY,275.92,VERY HIGH,HEAVY LOAD,91.45,82.26,HEAVY,282.7,VERY HIGH,HEAVY LOAD,89.48,80.41,HEAVY,277.47,VERY HIGH,HEAVY LOAD,15.91,4.62,LIGHT,71.82,LOW,RUNNING,17.6,5.41,LIGHT,75.11,LOW,RUNNING,15.16,4.28,LIGHT,70.37,LOW,RUNNING,19.57,6.89,LIGHT,79.8,LOW,RUNNING,17.96,4.65,LIGHT,74.43,LOW,RUNNING,15.92,3.57,LIGHT,70.26,LOW,RUNNING,27.61,52.0,205.4,0.25,22.0,COOLING,0.25,22.0,COOLING,0.25,22.0,COOLING,0.25,22.0,COOLING,22.5,22.221,22.198,22.221,22.285,22.5,22.198,0.302,1124.16,146.93,150.17,144.69,255.0,340.0,255.0,340.0,187.16,244.2,296.01,244.2,-62.37,26.62,9.13,26.62,875.0,875.0,875.0,875.0,628.95,-117.25,-164.69,-119.49,1565.95,1190.0,971.57,3500.0,227.52,0.168,0.0,0.0,0.166,22.5,MODERATE_UNIFORM_COOL,0.4129
1,Localized Heavy Compute,0,27,270.0,14,3,4,3,4,92.96,84.69,HEAVY,288.24,VERY HIGH,HEAVY LOAD,89.28,79.41,HEAVY,275.72,VERY HIGH,HEAVY LOAD,91.29,82.14,HEAVY,282.32,VERY HIGH,HEAVY LOAD,89.33,80.4,HEAVY,277.26,VERY HIGH,HEAVY LOAD,15.9,4.66,LIGHT,71.86,LOW,RUNNING,17.71,5.5,LIGHT,75.39,LOW,RUNNING,15.28,4.33,LIGHT,70.59,LOW,RUNNING,19.6,6.86,LIGHT,79.79,LOW,RUNNING,17.86,4.56,LIGHT,74.17,LOW,RUNNING,15.79,3.5,LIGHT,69.99,LOW,RUNNING,27.61,52.0,205.6,0.25,22.0,COOLING,0.25,22.0,COOLING,0.25,22.0,COOLING,0.25,22.0,COOLING,22.513,22.219,22.195,22.219,22.287,22.513,22.195,0.318,1123.54,147.25,150.38,144.16,255.0,340.0,255.0,340.0,186.96,244.36,296.26,244.36,-65.91,28.16,9.59,28.16,875.0,875.0,875.0,875.0,624.59,-115.23,-163.77,-118.32,1565.33,1190.0,971.94,3500.0,227.27,0.175,0.0,0.0,0.173,22.5,MODERATE_UNIFORM_COOL,0.4393
1,Localized Heavy Compute,0,28,280.0,14,3,4,3,4,93.07,84.65,HEAVY,288.31,VERY HIGH,HEAVY LOAD,89.23,79.28,HEAVY,275.46,VERY HIGH,HEAVY LOAD,91.11,82.05,HEAVY,281.96,VERY HIGH,HEAVY LOAD,89.19,80.42,HEAVY,277.12,VERY HIGH,HEAVY LOAD,15.92,4.72,LIGHT,71.98,LOW,RUNNING,17.83,5.59,LIGHT,75.67,LOW,RUNNING,15.39,4.38,LIGHT,70.81,LOW,RUNNING,19.59,6.82,LIGHT,79.72,LOW,RUNNING,17.75,4.47,LIGHT,73.89,LOW,RUNNING,15.67,3.45,LIGHT,69.76,LOW,RUNNING,27.62,52.0,205.8,0.25,22.0,COOLING,0.25,22.0,COOLING,0.25,22.0,COOLING,0.25,22.0,COOLING,22.526,22.217,22.192,22.217,22.288,22.526,22.192,0.334,1122.85,147.65,150.53,143.65,255.0,340.0,255.0,340.0,186.97,244.74,296.71,244.74,-69.45,29.7,10.05,29.7,875.0,875.0,875.0,875.0,620.37,-112.91,-162.71,-116.91,1564.68,1190.0,973.16,3500.0,227.84,0.183,0.0,0.0,0.18,22.5,MODERATE_UNIFORM_COOL,0.4668
1,Localized Heavy Compute,0,29,290.0,14,3,4,3,4,93.15,84.58,HEAVY,288.31,VERY HIGH,HEAVY LOAD,89.14,79.15,HEAVY,275.15,VERY HIGH,HEAVY LOAD,90.93,81.97,HEAVY,281.62,VERY HIGH,HEAVY LOAD,89.09,80.48,HEAVY,277.08,VERY HIGH,HEAVY LOAD,15.98,4.79,LIGHT,72.16,LOW,RUNNING,17.96,5.67,LIGHT,75.95,LOW,RUNNING,15.48,4.4,LIGHT,70.95,LOW,RUNNING,19.56,6.76,LIGHT,79.59,LOW,RUNNING,17.62,4.38,LIGHT,73.59,LOW,RUNNING,15.57,3.41,LIGHT,69.58,LOW,RUNNING,27.62,52.0,206.0,0.25,22.0,COOLING,0.25,22.0,COOLING,0.25,22.0,COOLING,0.25,22.0,COOLING,22.539,22.215,22.189,22.215,22.29,22.539,22.189,0.35,1122.16,148.11,150.54,143.17,255.0,340.0,255.0,340.0,186.77,244.91,296.95,244.91,-72.99,31.24,10.51,31.24,875.0,875.0,875.0,875.0,615.94,-110.74,-162.0,-115.68,1563.98,1190.0,973.54,3500.0,227.52,0.188,0.0,0.0,0.184,22.5,MODERATE_UNIFORM_COOL,0.4951
1,Localized Heavy Compute,0,30,300.0,14,3,4,3,4,93.19,84.48,HEAVY,288.21,VERY HIGH,HEAVY LOAD,89.01,79.02,HEAVY,274.79,VERY HIGH,HEAVY LOAD,90.76,81.92,HEAVY,281.33,VERY HIGH,HEAVY LOAD,89.03,80.56,HEAVY,277.13,VERY HIGH,HEAVY LOAD,16.06,4.87,LIGHT,72.38,LOW,RUNNING,18.1,5.75,LIGHT,76.25,LOW,RUNNING,15.55,4.4,LIGHT,71.04,LOW,RUNNING,19.5,6.68,LIGHT,79.39,LOW,RUNNING,17.49,4.3,LIGHT,73.31,LOW,RUNNING,15.49,3.4,LIGHT,69.46,LOW,RUNNING,27.62,52.0,206.2,0.25,22.0,COOLING,0.25,22.0,COOLING,0.25,22.0,COOLING,0.25,22.0,COOLING,22.551,22.213,22.186,22.213,22.291,22.551,22.186,0.365,1121.46,148.63,150.43,142.77,255.0,340.0,255.0,340.0,186.57,245.09,297.19,245.09,-76.53,32.78,10.97,32.78,875.0,875.0,875.0,875.0,611.5,-108.5,-161.41,-114.36,1563.29,1190.0,973.94,3500.0,227.23,0.199,0.0,0.0,0.194,22.5,MODERATE_UNIFORM_COOL,0.5228
1,Localized Heavy Compute,0,31,310.0,14,3,4,3,4,93.2,84.37,HEAVY,288.06,VERY HIGH,HEAVY LOAD,88.86,78.9,HEAVY,274.43,VERY HIGH,HEAVY LOAD,90.59,81.9,HEAVY,281.09,VERY HIGH,HEAVY LOAD,89.0,80.66,HEAVY,277.24,VERY HIGH,HEAVY LOAD,16.16,4.96,LIGHT,72.64,LOW,RUNNING,18.23,5.81,LIGHT,76.5,LOW,RUNNING,15.59,4.38,LIGHT,71.06,LOW,RUNNING,19.41,6.6,LIGHT,79.16,LOW,RUNNING,17.35,4.23,LIGHT,73.03,LOW,RUNNING,15.43,3.41,LIGHT,69.4,LOW,RUNNING,27.63,52.0,206.5,0.25,22.0,COOLING,0.25,22.0,COOLING,0.25,22.0,COOLING,0.25,22.0,COOLING,22.563,22.211,22.183,22.211,22.292,22.563,22.183,0.38,1120.82,149.14,150.22,142.43,255.0,340.0,255.0,340.0,186.64,245.53,297.74,245.53,-79.83,34.21,11.42,34.21,875.0,875.0,875.0,875.0,607.63,-106.12,-160.62,-112.83,1562.61,1190.0,975.44,3500.0,228.06,0.206,0.0,0.0,0.201,22.5,MODERATE_UNIFORM_COOL,0.5512
1,Localized Heavy Compute,0,32,320.0,14,3,4,3,4,93.16,84.24,HEAVY,287.81,VERY HIGH,HEAVY LOAD,88.69,78.79,HEAVY,274.05,VERY HIGH,HEAVY LOAD,90.45,81.91,HEAVY,280.93,VERY HIGH,HEAVY LOAD,89.01,80.77,HEAVY,277.42,VERY HIGH,HEAVY LOAD,16.27,5.05,LIGHT,72.91,LOW,RUNNING,18.35,5.86,LIGHT,76.73,LOW,RUNNING,15.6,4.34,LIGHT,71.01,LOW,RUNNING,19.3,6.51,LIGHT,78.89,LOW,RUNNING,17.23,4.17,LIGHT,72.79,LOW,RUNNING,15.4,3.43,LIGHT,69.39,LOW,RUNNING,27.63,52.0,206.7,0.25,22.0,COOLING,0.25,22.0,COOLING,0.25,22.0,COOLING,0.25,22.0,COOLING,22.575,22.209,22.18,22.209,22.293,22.575,22.18,0.395,1120.21,149.64,149.9,142.18,255.0,340.0,255.0,340.0,186.45,245.7,297.97,245.7,-83.14,35.64,11.86,35.64,875.0,875.0,875.0,875.0,603.52,-104.02,-160.27,-111.48,1561.93,1190.0,975.82,3500.0,227.75,0.214,0.0,0.0,0.209,22.5,MODERATE_UNIFORM_COOL,0.5807
1,Localized Heavy Compute,0,33,330.0,14,3,4,3,4,93.08,84.11,HEAVY,287.51,VERY HIGH,HEAVY LOAD,88.52,78.7,HEAVY,273.7,VERY HIGH,HEAVY LOAD,90.34,81.95,HEAVY,280.85,VERY HIGH,HEAVY LOAD,89.07,80.9,HEAVY,277.69,VERY HIGH,HEAVY LOAD,16.4,5.13,LIGHT,73.19,LOW,RUNNING,18.45,5.89,LIGHT,76.9,LOW,RUNNING,15.58,4.29,LIGHT,70.91,LOW,RUNNING,19.18,6.42,LIGHT,78.6,LOW,RUNNING,17.11,4.13,LIGHT,72.58,LOW,RUNNING,15.4,3.48,LIGHT,69.47,LOW,RUNNING,27.64,52.0,206.9,0.25,22.0,COOLING,0.25,22.0,COOLING,0.25,22.0,COOLING,0.25,22.0,COOLING,22.587,22.207,22.177,22.207,22.294,22.587,22.177,0.41,1119.75,150.09,149.51,142.05,255.0,340.0,255.0,340.0,186.49,246.08,298.43,246.08,-86.44,37.07,12.3,37.07,875.0,875.0,875.0,875.0,599.8,-101.76,-159.76,-109.8,1561.4,1190.0,977.08,3500.0,228.48,0.216,0.0,0.0,0.211,22.5,MODERATE_UNIFORM_COOL,0.6106
1,Localized Heavy Compute,0,34,340.0,14,3,4,3,4,92.97,83.98,HEAVY,287.18,VERY HIGH,HEAVY LOAD,88.34,78.64,HEAVY,273.38,VERY HIGH,HEAVY LOAD,90.25,82.02,HEAVY,280.84,VERY HIGH,HEAVY LOAD,89.16,81.04,HEAVY,278.01,VERY HIGH,HEAVY LOAD,16.54,5.21,LIGHT,73.49,LOW,RUNNING,18.52,5.9,LIGHT,77.0,LOW,RUNNING,15.53,4.22,LIGHT,70.74,LOW,RUNNING,19.05,6.34,LIGHT,78.32,LOW,RUNNING,17.02,4.1,LIGHT,72.43,LOW,RUNNING,15.44,3.54,LIGHT,69.61,LOW,RUNNING,27.64,52.0,207.1,0.25,22.0,COOLING,0.25,22.0,COOLING,0.25,22.0,COOLING,0.25,22.0,COOLING,22.599,22.205,22.174,22.205,22.296,22.599,22.174,0.425,1119.41,150.49,149.06,142.04,255.0,340.0,255.0,340.0,186.3,246.25,298.66,246.25,-89.75,38.5,12.75,38.5,875.0,875.0,875.0,875.0,595.96,-99.76,-159.53,-108.21,1561.0,1190.0,977.46,3500.0,228.46,0.223,0.0,0.0,0.218,22.5,MODERATE_UNIFORM_COOL,0.6418
1,Localized Heavy Compute,0,35,350.0,14,3,4,3,4,92.83,83.85,HEAVY,286.81,VERY HIGH,HEAVY LOAD,88.17,78.61,HEAVY,273.13,VERY HIGH,HEAVY LOAD,90.21,82.11,HEAVY,280.93,VERY HIGH,HEAVY LOAD,89.28,81.17,HEAVY,278.36,VERY HIGH,HEAVY LOAD,16.67,5.28,LIGHT,73.76,LOW,RUNNING,18.58,5.89,LIGHT,77.06,LOW,RUNNING,15.45,4.14,LIGHT,70.52,LOW,RUNNING,18.91,6.26,LIGHT,78.03,LOW,RUNNING,16.95,4.1,LIGHT,72.34,LOW,RUNNING,15.5,3.61,LIGHT,69.79,LOW,RUNNING,27.65,52.0,207.3,0.25,22.0,COOLING,0.25,22.0,COOLING,0.25,22.0,COOLING,0.25,22.0,COOLING,22.611,22.203,22.171,22.203,22.297,22.611,22.171,0.44,1119.23,150.82,148.55,142.13,255.0,340.0,255.0,340.0,186.34,246.63,299.12,246.63,-93.06,39.93,13.19,39.93,875.0,875.0,875.0,875.0,592.51,-97.62,-159.14,-106.31,1560.73,1190.0,978.72,3500.0,229.44,0.231,0.0,0.0,0.224,22.5,MODERATE_UNIFORM_COOL,0.6737
1,Localized Heavy Compute,0,36,360.0,14,3,4,3,4,92.67,83.74,HEAVY,286.45,VERY HIGH,HEAVY LOAD,88.01,78.6,HEAVY,272.91,VERY HIGH,HEAVY LOAD,90.2,82.22,HEAVY,281.08,VERY HIGH,HEAVY LOAD,89.42,81.29,HEAVY,278.71,VERY HIGH,HEAVY LOAD,16.79,5.34,LIGHT,74.0,LOW,RUNNING,18.6,5.86,LIGHT,77.04,LOW,RUNNING,15.35,4.05,LIGHT,70.26,LOW,RUNNING,18.78,6.19,LIGHT,77.76,LOW,RUNNING,16.91,4.12,LIGHT,72.32,LOW,RUNNING,15.58,3.69,LIGHT,70.01,LOW,RUNNING,27.65,52.0,207.5,0.25,22.0,COOLING,0.25,22.0,COOLING,0.25,22.0,COOLING,0.25,22.0,COOLING,22.623,22.201,22.168,22.201,22.298,22.623,22.168,0.455,1119.15,151.04,148.02,142.33,255.0,340.0,255.0,340.0,186.15,246.8,299.36,246.8,-96.36,41.36,13.64,41.36,875.0,875.0,875.0,875.0,588.94,-95.8,-158.98,-104.51,1560.54,1190.0,979.11,3500.0,229.65,0.238,0.0,0.0,0.232,22.5,MODERATE_UNIFORM_COOL,0.7066
1,Localized Heavy Compute,0,37,370.0,14,3,4,3,4,92.5,83.64,HEAVY,286.09,VERY HIGH,HEAVY LOAD,87.88,78.63,HEAVY,272.79,VERY HIGH,HEAVY LOAD,90.24,82.34,HEAVY,281.31,VERY HIGH,HEAVY LOAD,89.59,81.4,HEAVY,279.09,VERY HIGH,HEAVY LOAD,16.9,5.38,LIGHT,74.19,LOW,RUNNING,18.59,5.81,LIGHT,76.95,LOW,RUNNING,15.24,3.96,LIGHT,69.99,LOW,RUNNING,18.66,6.14,LIGHT,77.53,LOW,RUNNING,16.9,4.15,LIGHT,72.35,LOW,RUNNING,15.69,3.78,LIGHT,70.28,LOW,RUNNING,27.65,52.0,207.7,0.25,22.0,COOLING,0.25,22.0,COOLING,0.25,22.0,COOLING,0.25,22.0,COOLING,22.635,22.199,22.165,22.199,22.3,22.635,22.165,0.47,1119.28,151.14,147.52,142.63,255.0,340.0,255.0,340.0,185.97,246.96,299.6,246.96,-99.67,42.79,14.09,42.79,875.0,875.0,875.0,875.0,585.58,-94.11,-158.79,-102.62,1560.57,1190.0,979.49,3500.0,230.06,0.245,0.0,0.0,0.239,22.5,MODERATE_UNIFORM_COOL,0.7405
1,Localized Heavy Compute,0,38,380.0,14,3,4,3,4,92.32,83.56,HEAVY,285.74,VERY HIGH,HEAVY LOAD,87.79,78.68,HEAVY,272.76,VERY HIGH,HEAVY LOAD,90.31,82.48,HEAVY,281.61,VERY HIGH,HEAVY LOAD,89.77,81.49,HEAVY,279.45,VERY HIGH,HEAVY LOAD,16.99,5.4,LIGHT,74.34,LOW,RUNNING,18.55,5.75,LIGHT,76.81,LOW,RUNNING,15.11,3.87,LIGHT,69.69,LOW,RUNNING,18.56,6.11,LIGHT,77.37,LOW,RUNNING,16.92,4.21,LIGHT,72.47,LOW,RUNNING,15.81,3.87,LIGHT,70.57,LOW,RUNNING,27.66,52.0,207.9,0.25,22.0,COOLING,0.25,22.0,COOLING,0.25,22.0,COOLING,0.25,22.0,COOLING,22.647,22.197,22.162,22.197,22.301,22.647,22.162,0.485,1119.56,151.15,147.06,143.04,255.0,340.0,255.0,340.0,186.0,247.35,300.05,247.35,-102.97,44.22,14.53,44.22,875.0,875.0,875.0,875.0,582.59,-92.28,-158.36,-100.39,1560.81,1190.0,980.75,3500.0,231.56,0.251,0.0,0.0,0.246,22.5,MODERATE_UNIFORM_COOL,0.7752
1,Localized Heavy Compute,0,39,390.0,14,3,4,3,4,92.14,83.52,HEAVY,285.45,VERY HIGH,HEAVY LOAD,87.72,78.76,HEAVY,272.79,VERY HIGH,HEAVY LOAD,90.42,82.61,HEAVY,281.94,VERY HIGH,HEAVY LOAD,89.95,81.56,HEAVY,279.78,VERY HIGH,HEAVY LOAD,17.06,5.4,LIGHT,74.42,LOW,RUNNING,18.49,5.68,LIGHT,76.63,LOW,RUNNING,14.97,3.79,LIGHT,69.4,LOW,RUNNING,18.48,6.1,LIGHT,77.25,LOW,RUNNING,16.97,4.27,LIGHT,72.62,LOW,RUNNING,15.94,3.96,LIGHT,70.86,LOW,RUNNING,27.66,52.0,208.1,0.25,22.0,COOLING,0.25,22.0,COOLING,0.25,22.0,COOLING,0.25,22.0,COOLING,22.659,22.195,22.159,22.195,22.302,22.659,22.159,0.5,1119.96,151.05,146.65,143.48,255.0,340.0,255.0,340.0,185.82,247.51,300.3,247.51,-106.27,45.65,14.98,45.65,875.0,875.0,875.0,875.0,579.51,-90.79,-158.07,-98.36,1561.14,1190.0,981.14,3500.0,232.29,0.258,0.0,0.0,0.253,22.5,MODERATE_UNIFORM_COOL,0.8109
1,Localized Heavy Compute,0,40,400.0,14,3,4,3,4,91.98,83.5,HEAVY,285.23,VERY HIGH,HEAVY LOAD,87.7,78.87,HEAVY,272.93,VERY HIGH,HEAVY LOAD,90.55,82.74,HEAVY,282.3,VERY HIGH,HEAVY LOAD,90.12,81.59,HEAVY,280.04,VERY HIGH,HEAVY LOAD,17.09,5.38,LIGHT,74.43,LOW,RUNNING,18.4,5.59,LIGHT,76.39,LOW,RUNNING,14.84,3.72,LIGHT,69.13,LOW,RUNNING,18.43,6.11,LIGHT,77.2,LOW,RUNNING,17.04,4.35,LIGHT,72.83,LOW,RUNNING,16.08,4.03,LIGHT,71.14,LOW,RUNNING,27.67,52.0,208.3,0.25,22.0,COOLING,0.25,22.0,COOLING,0.25,22.0,COOLING,0.25,22.0,COOLING,22.671,22.193,22.156,22.193,22.303,22.671,22.156,0.515,1120.5,150.82,146.33,143.97,255.0,340.0,255.0,340.0,185.85,247.9,300.75,247.9,-109.58,47.08,15.42,47.08,875.0,875.0,875.0,875.0,576.77,-89.2,-157.5,-96.05,1561.62,1190.0,982.4,3500.0,234.02,0.265,0.0,0.0,0.26,22.5,MODERATE_UNIFORM_COOL,0.8475
1,Localized Heavy Compute,0,41,410.0,14,3,4,3,4,91.84,83.51,HEAVY,285.07,VERY HIGH,HEAVY LOAD,87.72,78.99,HEAVY,273.13,VERY HIGH,HEAVY LOAD,90.71,82.86,HEAVY,282.68,VERY HIGH,HEAVY LOAD,90.27,81.6,HEAVY,280.24,VERY HIGH,HEAVY LOAD,17.1,5.34,LIGHT,74.39,LOW,RUNNING,18.29,5.5,LIGHT,76.11,LOW,RUNNING,14.72,3.67,LIGHT,68.91,LOW,RUNNING,18.4,6.14,LIGHT,77.21,LOW,RUNNING,17.14,4.44,LIGHT,73.08,LOW,RUNNING,16.21,4.1,LIGHT,71.41,LOW,RUNNING,27.67,52.0,208.5,0.25,22.0,COOLING,0.25,22.0,COOLING,0.25,22.0,COOLING,0.25,22.0,COOLING,22.683,22.191,22.153,22.191,22.304,22.683,22.153,0.53,1121.12,150.5,146.12,144.49,255.0,340.0,255.0,340.0,185.67,248.07,300.99,248.07,-112.88,48.51,15.87,48.51,875.0,875.0,875.0,875.0,573.91,-87.92,-157.02,-93.93,1562.23,1190.0,982.8,3500.0,235.04,0.282,0.0,0.0,0.277,22.5,MODERATE_UNIFORM_COOL,0.8854
1,Localized Heavy Compute,0,42,420.0,14,3,4,3,4,91.73,83.55,HEAVY,284.99,VERY HIGH,HEAVY LOAD,87.77,79.12,HEAVY,273.39,VERY HIGH,HEAVY LOAD,90.89,82.95,HEAVY,283.04,VERY HIGH,HEAVY LOAD,90.41,81.58,HEAVY,280.38,VERY HIGH,HEAVY LOAD,17.08,5.28,LIGHT,74.27,LOW,RUNNING,18.17,5.41,LIGHT,75.83,LOW,RUNNING,14.61,3.62,LIGHT,68.69,LOW,RUNNING,18.41,6.18,LIGHT,77.28,LOW,RUNNING,17.25,4.53,LIGHT,73.36,LOW,RUNNING,16.33,4.15,LIGHT,71.64,LOW,RUNNING,27.68,52.0,208.8,0.25,22.0,COOLING,0.25,22.0,COOLING,0.25,22.0,COOLING,0.25,22.0,COOLING,22.695,22.189,22.15,22.189,22.306,22.695,22.15,0.545,1121.8,150.1,145.97,145.0,255.0,340.0,255.0,340.0,185.74,248.51,301.53,248.51,-116.19,49.94,16.31,49.94,875.0,875.0,875.0,875.0,571.35,-86.45,-156.19,-91.55,1562.87,1190.0,984.29,3500.0,237.16,0.277,0.0,0.0,0.274,22.5,MODERATE_UNIFORM_COOL,0.9235
1,Localized Heavy Compute,0,43,430.0,14,3,4,3,4,91.65,83.62,HEAVY,284.99,VERY HIGH,HEAVY LOAD,87.86,79.25,HEAVY,273.7,VERY HIGH,HEAVY LOAD,91.07,83.03,HEAVY,283.38,VERY HIGH,HEAVY LOAD,90.51,81.52,HEAVY,280.42,VERY HIGH,HEAVY LOAD,17.02,5.21,LIGHT,74.09,LOW,RUNNING,18.04,5.33,LIGHT,75.55,LOW,RUNNING,14.52,3.6,LIGHT,68.55,LOW,RUNNING,18.44,6.24,LIGHT,77.41,LOW,RUNNING,17.38,4.62,LIGHT,73.66,LOW,RUNNING,16.43,4.19,LIGHT,71.82,LOW,RUNNING,27.68,52.0,209.0,0.25,22.0,COOLING,0.25,22.0,COOLING,0.25,22.0,COOLING,0.25,22.0,COOLING,22.707,22.187,22.147,22.187,22.307,22.707,22.147,0.56,1122.49,149.64,145.96,145.48,255.0,340.0,255.0,340.0,185.56,248.68,301.78,248.68,-119.5,51.37,16.76,51.37,875.0,875.0,875.0,875.0,568.55,-85.31,-155.5,-89.47,1563.57,1190.0,984.7,3500.0,238.27,0.283,0.0,0.0,0.28,22.5,MODERATE_UNIFORM_COOL,0.9629
1,Localized Heavy Compute,0,44,440.0,14,3,4,3,4,91.61,83.72,HEAVY,285.09,VERY HIGH,HEAVY LOAD,87.99,79.38,HEAVY,274.06,VERY HIGH,HEAVY LOAD,91.24,83.08,HEAVY,283.67,VERY HIGH,HEAVY LOAD,90.57,81.44,HEAVY,280.37,VERY HIGH,HEAVY LOAD,16.94,5.13,LIGHT,73.87,LOW,RUNNING,17.9,5.25,LIGHT,75.25,LOW,RUNNING,14.45,3.6,LIGHT,68.46,LOW,RUNNING,18.5,6.32,LIGHT,77.61,LOW,RUNNING,17.51,4.7,LIGHT,73.94,LOW,RUNNING,16.51,4.2,LIGHT,71.94,LOW,RUNNING,27.68,52.0,209.2,0.25,22.0,COOLING,0.25,22.0,COOLING,0.25,22.0,COOLING,0.25,22.0,COOLING,22.719,22.185,22.144,22.185,22.308,22.719,22.144,0.575,1123.19,149.12,146.07,145.88,255.0,340.0,255.0,340.0,185.37,248.85,302.01,248.85,-122.8,52.8,17.2,52.8,875.0,875.0,875.0,875.0,565.76,-84.23,-154.72,-87.47,1564.26,1190.0,985.08,3500.0,239.34,0.29,0.0,0.0,0.287,22.5,MODERATE_UNIFORM_COOL,1.0031
1,Localized Heavy Compute,0,45,450.0,14,3,4,3,4,91.6,83.83,HEAVY,285.25,VERY HIGH,HEAVY LOAD,88.14,79.5,HEAVY,274.43,VERY HIGH,HEAVY LOAD,91.41,83.1,HEAVY,283.91,VERY HIGH,HEAVY LOAD,90.6,81.34,HEAVY,280.26,VERY HIGH,HEAVY LOAD,16.84,5.04,LIGHT,73.61,LOW,RUNNING,17.77,5.19,LIGHT,75.0,LOW,RUNNING,14.41,3.62,LIGHT,68.44,LOW,RUNNING,18.59,6.4,LIGHT,77.84,LOW,RUNNING,17.65,4.77,LIGHT,74.22,LOW,RUNNING,16.57,4.19,LIGHT,72.0,LOW,RUNNING,27.69,52.0,209.4,0.25,22.0,COOLING,0.25,22.0,COOLING,0.25,22.0,COOLING,0.25,22.0,COOLING,22.73,22.183,22.141,22.183,22.309,22.73,22.141,0.589,1123.85,148.61,146.28,146.22,255.0,340.0,255.0,340.0,185.4,249.24,302.46,249.24,-126.11,54.23,17.65,54.23,875.0,875.0,875.0,875.0,563.14,-82.92,-153.61,-85.31,1564.96,1190.0,986.34,3500.0,241.3,0.315,0.0,0.0,0.313,22.5,TARGETED_WEST_COMPUTE_COOL,1.0417
1,Localized Heavy Compute,0,46,460.0,14,3,4,3,4,91.64,83.96,HEAVY,285.49,VERY HIGH,HEAVY LOAD,88.31,79.61,HEAVY,274.8,VERY HIGH,HEAVY LOAD,91.55,83.09,HEAVY,284.07,VERY HIGH,HEAVY LOAD,90.59,81.23,HEAVY,280.08,VERY HIGH,HEAVY LOAD,16.73,4.95,LIGHT,73.34,LOW,RUNNING,17.65,5.14,LIGHT,74.77,LOW,RUNNING,14.4,3.66,LIGHT,68.49,LOW,RUNNING,18.7,6.49,LIGHT,78.11,LOW,RUNNING,17.77,4.83,LIGHT,74.46,LOW,RUNNING,16.6,4.17,LIGHT,72.0,LOW,RUNNING,27.69,52.0,209.6,0.25,22.0,COOLING,0.25,22.0,COOLING,0.25,22.0,COOLING,0.25,22.0,COOLING,22.741,22.181,22.138,22.181,22.31,22.741,22.138,0.603,1124.44,148.11,146.6,146.46,255.0,340.0,255.0,340.0,185.24,249.4,302.7,249.4,-129.18,55.55,18.08,55.55,875.0,875.0,875.0,875.0,560.5,-81.94,-152.62,-83.59,1565.61,1190.0,986.74,3500.0,242.35,0.301,0.0,0.0,0.3,22.5,TARGETED_WEST_COMPUTE_COOL,1.0805
1,Localized Heavy Compute,0,47,470.0,14,3,4,3,4,91.72,84.09,HEAVY,285.78,VERY HIGH,HEAVY LOAD,88.48,79.7,HEAVY,275.15,VERY HIGH,HEAVY LOAD,91.66,83.05,HEAVY,284.15,VERY HIGH,HEAVY LOAD,90.53,81.1,HEAVY,279.81,VERY HIGH,HEAVY LOAD,16.6,4.87,LIGHT,73.06,LOW,RUNNING,17.55,5.11,LIGHT,74.6,LOW,RUNNING,14.42,3.71,LIGHT,68.59,LOW,RUNNING,18.82,6.58,LIGHT,78.4,LOW,RUNNING,17.89,4.87,LIGHT,74.67,LOW,RUNNING,16.6,4.12,LIGHT,71.93,LOW,RUNNING,27.7,52.0,209.8,0.25,22.0,COOLING,0.25,22.0,COOLING,0.25,22.0,COOLING,0.25,22.0,COOLING,22.752,22.179,22.135,22.179,22.311,22.752,22.135,0.617,1124.89,147.66,146.99,146.6,255.0,340.0,255.0,340.0,185.29,249.78,303.15,249.78,-132.24,56.87,18.5,56.87,875.0,875.0,875.0,875.0,557.94,-80.69,-151.36,-81.75,1566.14,1190.0,988.0,3500.0,244.14,0.331,0.0,0.0,0.33,22.5,TARGETED_WEST_COMPUTE_COOL,1.1207
1,Localized Heavy Compute,0,48,480.0,14,3,4,3,4,91.83,84.22,HEAVY,286.12,VERY HIGH,HEAVY LOAD,88.66,79.76,HEAVY,275.47,VERY HIGH,HEAVY LOAD,91.75,82.98,HEAVY,284.16,VERY HIGH,HEAVY LOAD,90.44,80.96,HEAVY,279.49,VERY HIGH,HEAVY LOAD,16.46,4.79,LIGHT,72.76,LOW,RUNNING,17.48,5.1,LIGHT,74.5,LOW,RUNNING,14.47,3.78,LIGHT,68.76,LOW,RUNNING,18.95,6.66,LIGHT,78.68,LOW,RUNNING,17.98,4.9,LIGHT,74.82,LOW,RUNNING,16.56,4.06,LIGHT,71.79,LOW,RUNNING,27.7,52.0,210.0,0.25,22.0,COOLING,0.25,22.0,COOLING,0.25,22.0,COOLING,0.25,22.0,COOLING,22.763,22.177,22.132,22.177,22.312,22.763,22.132,0.631,1125.24,147.26,147.44,146.61,255.0,340.0,255.0,340.0,185.13,249.95,303.4,249.95,-135.32,58.19,18.93,58.19,875.0,875.0,875.0,875.0,555.05,-79.6,-150.23,-80.25,1566.55,1190.0,988.43,3500.0,244.97,0.339,0.0,0.0,0.338,22.5,TARGETED_WEST_COMPUTE_COOL,1.1613
1,Localized Heavy Compute,0,49,490.0,14,3,4,3,4,91.97,84.35,HEAVY,286.49,VERY HIGH,HEAVY LOAD,88.83,79.79,HEAVY,275.72,VERY HIGH,HEAVY LOAD,91.79,82.89,HEAVY,284.07,VERY HIGH,HEAVY LOAD,90.32,80.83,HEAVY,279.14,VERY HIGH,HEAVY LOAD,16.33,4.72,LIGHT,72.49,LOW,RUNNING,17.42,5.11,LIGHT,74.44,LOW,RUNNING,14.55,3.86,LIGHT,68.98,LOW,RUNNING,19.09,6.74,LIGHT,78.97,LOW,RUNNING,18.05,4.9,LIGHT,74.91,LOW,RUNNING,16.5,3.99,LIGHT,71.61,LOW,RUNNING,27.7,52.0,210.2,0.25,22.0,COOLING,0.25,22.0,COOLING,0.25,22.0,COOLING,0.25,22.0,COOLING,22.774,22.175,22.129,22.175,22.313,22.774,22.129,0.645,1125.42,146.93,147.95,146.52,255.0,340.0,255.0,340.0,184.98,250.12,303.63,250.12,-138.39,59.51,19.36,59.51,875.0,875.0,875.0,875.0,552.01,-78.44,-149.06,-78.85,1566.82,1190.0,988.85,3500.0,245.66,0.325,0.0,0.0,0.325,22.5,TARGETED_WEST_COMPUTE_COOL,1.2022
1,Localized Heavy Compute,0,50,500.0,14,3,4,3,4,92.13,84.46,HEAVY,286.85,VERY HIGH,HEAVY LOAD,88.99,79.8,HEAVY,275.94,VERY HIGH,HEAVY LOAD,91.8,82.78,HEAVY,283.92,VERY HIGH,HEAVY LOAD,90.18,80.71,HEAVY,278.79,VERY HIGH,HEAVY LOAD,16.21,4.66,LIGHT,72.25,LOW,RUNNING,17.4,5.14,LIGHT,74.46,LOW,RUNNING,14.65,3.95,LIGHT,69.24,LOW,RUNNING,19.22,6.81,LIGHT,79.24,LOW,RUNNING,18.09,4.88,LIGHT,74.93,LOW,RUNNING,16.42,3.91,LIGHT,71.39,LOW,RUNNING,27.71,52.0,210.4,0.25,22.0,COOLING,0.25,22.0,COOLING,0.25,22.0,COOLING,0.25,22.0,COOLING,22.785,22.173,22.126,22.173,22.314,22.785,22.126,0.659,1125.5,146.71,148.48,146.32,255.0,340.0,255.0,340.0,185.02,250.5,304.09,250.5,-141.46,60.83,19.79,60.83,875.0,875.0,875.0,875.0,549.06,-76.96,-147.64,-77.35,1567.01,1190.0,990.11,3500.0,247.11,0.334,0.0,0.0,0.333,22.5,TARGETED_WEST_COMPUTE_COOL,1.2442
1,Localized Heavy Compute,0,51,510.0,14,3,4,3,4,92.3,84.56,HEAVY,287.22,VERY HIGH,HEAVY LOAD,89.12,79.77,HEAVY,276.06,VERY HIGH,HEAVY LOAD,91.76,82.66,HEAVY,283.69,VERY HIGH,HEAVY LOAD,90.01,80.6,HEAVY,278.41,VERY HIGH,HEAVY LOAD,16.1,4.62,LIGHT,72.06,LOW,RUNNING,17.41,5.19,LIGHT,74.55,LOW,RUNNING,14.76,4.04,LIGHT,69.51,LOW,RUNNING,19.34,6.86,LIGHT,79.47,LOW,RUNNING,18.1,4.85,LIGHT,74.9,LOW,RUNNING,16.31,3.82,LIGHT,71.12,LOW,RUNNING,27.71,52.0,210.6,0.25,22.0,COOLING,0.25,22.0,COOLING,0.25,22.0,COOLING,0.25,22.0,COOLING,22.796,22.171,22.123,22.171,22.315,22.796,22.123,0.673,1125.38,146.61,148.98,146.02,255.0,340.0,255.0,340.0,184.86,250.67,304.33,250.67,-144.53,62.15,20.22,62.15,875.0,875.0,875.0,875.0,545.71,-75.57,-146.47,-76.16,1566.99,1190.0,990.53,3500.0,247.51,0.364,0.0,0.0,0.363,22.5,TARGETED_WEST_COMPUTE_COOL,1.2872
1,Localized Heavy Compute,0,52,520.0,14,3,4,3,4,92.48,84.64,HEAVY,287.56,VERY HIGH,HEAVY LOAD,89.21,79.72,HEAVY,276.09,VERY HIGH,HEAVY LOAD,91.69,82.52,HEAVY,283.39,VERY HIGH,HEAVY LOAD,89.83,80.51,HEAVY,278.05,VERY HIGH,HEAVY LOAD,16.01,4.6,LIGHT,71.91,LOW,RUNNING,17.45,5.25,LIGHT,74.69,LOW,RUNNING,14.89,4.13,LIGHT,69.81,LOW,RUNNING,19.44,6.89,LIGHT,79.63,LOW,RUNNING,18.08,4.79,LIGHT,74.78,LOW,RUNNING,16.19,3.73,LIGHT,70.83,LOW,RUNNING,27.72,52.0,210.8,0.25,22.0,COOLING,0.25,22.0,COOLING,0.25,22.0,COOLING,0.25,22.0,COOLING,22.807,22.169,22.12,22.169,22.316,22.807,22.12,0.687,1125.09,146.6,149.44,145.61,255.0,340.0,255.0,340.0,184.92,251.05,304.79,251.05,-147.59,63.47,20.65,63.47,875.0,875.0,875.0,875.0,542.42,-73.88,-145.12,-74.87,1566.74,1190.0,991.81,3500.0,248.55,0.351,0.0,0.0,0.35,22.5,TARGETED_WEST_COMPUTE_COOL,1.3302
1,Localized Heavy Compute,0,53,530.0,14,3,4,3,4,92.66,84.68,HEAVY,287.85,VERY HIGH,HEAVY LOAD,89.28,79.64,HEAVY,276.06,VERY HIGH,HEAVY LOAD,91.58,82.39,HEAVY,283.06,VERY HIGH,HEAVY LOAD,89.65,80.44,HEAVY,277.72,VERY HIGH,HEAVY LOAD,15.94,4.6,LIGHT,71.83,LOW,RUNNING,17.51,5.32,LIGHT,74.87,LOW,RUNNING,15.03,4.21,LIGHT,70.1,LOW,RUNNING,19.52,6.9,LIGHT,79.75,LOW,RUNNING,18.03,4.73,LIGHT,74.63,LOW,RUNNING,16.06,3.64,LIGHT,70.53,LOW,RUNNING,27.72,52.0,211.0,0.25,22.0,COOLING,0.25,22.0,COOLING,0.25,22.0,COOLING,0.25,22.0,COOLING,22.818,22.168,22.117,22.167,22.318,22.818,22.117,0.701,1124.69,146.7,149.85,145.16,255.0,340.0,255.0,340.0,184.75,251.23,305.02,251.23,-150.66,64.79,21.08,64.79,875.0,875.0,875.0,875.0,538.78,-72.28,-144.05,-73.82,1566.4,1190.0,992.23,3500.0,248.63,0.384,0.0,0.0,0.377,22.5,TARGETED_WEST_COMPUTE_COOL,1.3726
1,Localized Heavy Compute,0,54,540.0,14,3,4,3,4,92.82,84.7,HEAVY,288.07,VERY HIGH,HEAVY LOAD,89.3,79.53,HEAVY,275.92,VERY HIGH,HEAVY LOAD,91.45,82.26,HEAVY,282.7,VERY HIGH,HEAVY LOAD,89.48,80.41,HEAVY,277.47,VERY HIGH,HEAVY LOAD,15.91,4.62,LIGHT,71.82,LOW,RUNNING,17.6,5.41,LIGHT,75.11,LOW,RUNNING,15.16,4.28,LIGHT,70.37,LOW,RUNNING,19.57,6.89,LIGHT,79.8,LOW,RUNNING,17.96,4.65,LIGHT,74.43,LOW,RUNNING,15.92,3.57,LIGHT,70.26,LOW,RUNNING,27.73,52.0,211.2,0.25,22.0,COOLING,0.25,22.0,COOLING,0.25,22.0,COOLING,0.25,22.0,COOLING,22.829,22.167,22.114,22.166,22.319,22.829,22.114,0.715,1124.16,146.93,150.17,144.69,255.0,340.0,255.0,340.0,184.81,251.58,305.48,251.6,-153.63,65.88,21.62,66.12,875.0,875.0,875.0,875.0,535.34,-70.61,-142.73,-72.59,1565.95,1190.0,993.47,3500.0,249.41,0.392,0.0,0.0,0.385,22.5,TARGETED_WEST_COMPUTE_COOL,1.4134
1,Localized Heavy Compute,0,55,550.0,14,3,4,3,4,92.96,84.69,HEAVY,288.24,VERY HIGH,HEAVY LOAD,89.28,79.41,HEAVY,275.72,VERY HIGH,HEAVY LOAD,91.29,82.14,HEAVY,282.32,VERY HIGH,HEAVY LOAD,89.33,80.4,HEAVY,277.26,VERY HIGH,HEAVY LOAD,15.9,4.66,LIGHT,71.86,LOW,RUNNING,17.71,5.5,LIGHT,75.39,LOW,RUNNING,15.28,4.33,LIGHT,70.59,LOW,RUNNING,19.6,6.86,LIGHT,79.79,LOW,RUNNING,17.86,4.56,LIGHT,74.17,LOW,RUNNING,15.79,3.5,LIGHT,69.99,LOW,RUNNING,27.73,52.0,211.5,0.25,22.0,COOLING,0.25,22.0,COOLING,0.25,22.0,COOLING,0.25,22.0,COOLING,22.84,22.166,22.111,22.165,22.32,22.84,22.111,0.729,1123.54,147.25,150.38,144.16,255.0,340.0,255.0,340.0,184.68,251.79,305.8,251.82,-156.47,66.97,22.28,67.23,875.0,875.0,875.0,875.0,531.75,-68.99,-141.54,-71.79,1565.33,1190.0,994.09,3500.0,249.43,0.378,0.0,0.0,0.37,22.5,TARGETED_WEST_COMPUTE_COOL,1.4546
1,Localized Heavy Compute,0,56,560.0,14,3,4,3,4,93.07,84.65,HEAVY,288.31,VERY HIGH,HEAVY LOAD,89.23,79.28,HEAVY,275.46,VERY HIGH,HEAVY LOAD,91.11,82.05,HEAVY,281.96,VERY HIGH,HEAVY LOAD,89.19,80.42,HEAVY,277.12,VERY HIGH,HEAVY LOAD,15.92,4.72,LIGHT,71.98,LOW,RUNNING,17.83,5.59,LIGHT,75.67,LOW,RUNNING,15.39,4.38,LIGHT,70.81,LOW,RUNNING,19.59,6.82,LIGHT,79.72,LOW,RUNNING,17.75,4.47,LIGHT,73.89,LOW,RUNNING,15.67,3.45,LIGHT,69.76,LOW,RUNNING,27.73,52.0,211.7,0.25,22.0,COOLING,0.25,22.0,COOLING,0.25,22.0,COOLING,0.25,22.0,COOLING,22.851,22.165,22.108,22.164,22.322,22.851,22.108,0.743,1122.85,147.65,150.53,143.65,255.0,340.0,255.0,340.0,184.53,251.94,306.05,251.96,-159.33,68.07,22.92,68.33,875.0,875.0,875.0,875.0,528.05,-67.34,-140.5,-71.06,1564.68,1190.0,994.48,3500.0,249.15,0.409,0.0,0.0,0.4,22.5,TARGETED_WEST_COMPUTE_COOL,1.4971
1,Localized Heavy Compute,0,57,570.0,14,3,4,3,4,93.15,84.58,HEAVY,288.31,VERY HIGH,HEAVY LOAD,89.14,79.15,HEAVY,275.15,VERY HIGH,HEAVY LOAD,90.93,81.97,HEAVY,281.62,VERY HIGH,HEAVY LOAD,89.09,80.48,HEAVY,277.08,VERY HIGH,HEAVY LOAD,15.98,4.79,LIGHT,72.16,LOW,RUNNING,17.96,5.67,LIGHT,75.95,LOW,RUNNING,15.48,4.4,LIGHT,70.95,LOW,RUNNING,19.56,6.76,LIGHT,79.59,LOW,RUNNING,17.62,4.38,LIGHT,73.59,LOW,RUNNING,15.57,3.41,LIGHT,69.58,LOW,RUNNING,27.74,52.0,211.9,0.25,22.0,COOLING,0.25,22.0,COOLING,0.25,22.0,COOLING,0.25,22.0,COOLING,22.862,22.164,22.105,22.163,22.323,22.862,22.105,0.757,1122.16,148.11,150.54,143.17,255.0,340.0,255.0,340.0,184.57,252.3,306.5,252.32,-162.17,69.18,23.57,69.42,875.0,875.0,875.0,875.0,524.56,-65.41,-139.39,-70.09,1563.98,1190.0,995.69,3500.0,249.67,0.4,0.0,0.0,0.391,22.5,TARGETED_WEST_COMPUTE_COOL,1.5394
1,Localized Heavy Compute,0,58,580.0,14,3,4,3,4,93.19,84.48,HEAVY,288.21,VERY HIGH,HEAVY LOAD,89.01,79.02,HEAVY,274.79,VERY HIGH,HEAVY LOAD,90.76,81.92,HEAVY,281.33,VERY HIGH,HEAVY LOAD,89.03,80.56,HEAVY,277.13,VERY HIGH,HEAVY LOAD,16.06,4.87,LIGHT,72.38,LOW,RUNNING,18.1,5.75,LIGHT,76.25,LOW,RUNNING,15.55,4.4,LIGHT,71.04,LOW,RUNNING,19.5,6.68,LIGHT,79.39,LOW,RUNNING,17.49,4.3,LIGHT,73.31,LOW,RUNNING,15.49,3.4,LIGHT,69.46,LOW,RUNNING,27.74,52.0,212.1,0.25,22.0,COOLING,0.25,22.0,COOLING,0.25,22.0,COOLING,0.25,22.0,COOLING,22.873,22.163,22.102,22.162,22.325,22.873,22.102,0.771,1121.46,148.63,150.43,142.77,255.0,340.0,255.0,340.0,184.42,252.44,306.74,252.47,-165.02,70.27,24.23,70.52,875.0,875.0,875.0,875.0,520.86,-63.66,-138.6,-69.24,1563.29,1190.0,996.07,3500.0,249.36,0.426,0.0,0.0,0.416,22.5,TARGETED_WEST_COMPUTE_COOL,1.5831
1,Localized Heavy Compute,0,59,590.0,14,3,4,3,4,93.2,84.37,HEAVY,288.06,VERY HIGH,HEAVY LOAD,88.86,78.9,HEAVY,274.43,VERY HIGH,HEAVY LOAD,90.59,81.9,HEAVY,281.09,VERY HIGH,HEAVY LOAD,89.0,80.66,HEAVY,277.24,VERY HIGH,HEAVY LOAD,16.16,4.96,LIGHT,72.64,LOW,RUNNING,18.23,5.81,LIGHT,76.5,LOW,RUNNING,15.59,4.38,LIGHT,71.06,LOW,RUNNING,19.41,6.6,LIGHT,79.16,LOW,RUNNING,17.35,4.23,LIGHT,73.03,LOW,RUNNING,15.43,3.41,LIGHT,69.4,LOW,RUNNING,27.75,52.0,212.3,0.25,22.0,COOLING,0.25,22.0,COOLING,0.25,22.0,COOLING,0.25,22.0,COOLING,22.884,22.162,22.099,22.161,22.326,22.884,22.099,0.785,1120.82,149.14,150.22,142.43,255.0,340.0,255.0,340.0,184.47,252.81,307.19,252.83,-167.88,71.38,24.87,71.63,875.0,875.0,875.0,875.0,517.41,-61.67,-137.72,-68.11,1562.61,1190.0,997.3,3500.0,249.91,0.434,0.0,0.0,0.424,22.5,TARGETED_WEST_COMPUTE_COOL,1.6271
1,Localized Heavy Compute,0,60,600.0,14,3,4,3,4,93.16,84.24,HEAVY,287.81,VERY HIGH,HEAVY LOAD,88.69,78.79,HEAVY,274.05,VERY HIGH,HEAVY LOAD,90.45,81.91,HEAVY,280.93,VERY HIGH,HEAVY LOAD,89.01,80.77,HEAVY,277.42,VERY HIGH,HEAVY LOAD,16.27,5.05,LIGHT,72.91,LOW,RUNNING,18.35,5.86,LIGHT,76.73,LOW,RUNNING,15.6,4.34,LIGHT,71.01,LOW,RUNNING,19.3,6.51,LIGHT,78.89,LOW,RUNNING,17.23,4.17,LIGHT,72.79,LOW,RUNNING,15.4,3.43,LIGHT,69.39,LOW,RUNNING,27.75,52.0,212.5,0.25,22.0,COOLING,0.25,22.0,COOLING,0.25,22.0,COOLING,0.25,22.0,COOLING,22.894,22.161,22.096,22.16,22.328,22.894,22.096,0.798,1120.21,149.64,149.9,142.18,255.0,340.0,255.0,340.0,184.31,252.95,307.44,252.97,-170.73,72.48,25.53,72.72,875.0,875.0,875.0,875.0,513.79,-59.93,-137.13,-67.13,1561.93,1190.0,997.67,3500.0,249.6,0.442,0.0,0.0,0.431,22.5,TARGETED_WEST_COMPUTE_COOL,1.668
1,Localized Heavy Compute,0,61,610.0,14,3,4,3,4,93.08,84.11,HEAVY,287.51,VERY HIGH,HEAVY LOAD,88.52,78.7,HEAVY,273.7,VERY HIGH,HEAVY LOAD,90.34,81.95,HEAVY,280.85,VERY HIGH,HEAVY LOAD,89.07,80.9,HEAVY,277.69,VERY HIGH,HEAVY LOAD,16.4,5.13,LIGHT,73.19,LOW,RUNNING,18.45,5.89,LIGHT,76.9,LOW,RUNNING,15.58,4.29,LIGHT,70.91,LOW,RUNNING,19.18,6.42,LIGHT,78.6,LOW,RUNNING,17.11,4.13,LIGHT,72.58,LOW,RUNNING,15.4,3.48,LIGHT,69.47,LOW,RUNNING,27.75,52.0,212.7,0.25,22.0,COOLING,0.25,22.0,COOLING,0.25,22.0,COOLING,0.25,22.0,COOLING,22.904,22.16,22.093,22.159,22.329,22.904,22.093,0.811,1119.75,150.09,149.51,142.05,255.0,340.0,255.0,340.0,184.16,253.1,307.67,253.13,-173.34,73.46,26.16,73.71,875.0,875.0,875.0,875.0,510.57,-58.35,-136.66,-66.11,1561.4,1190.0,998.06,3500.0,249.45,0.449,0.0,0.0,0.438,22.5,TARGETED_WEST_COMPUTE_COOL,1.7097
1,Localized Heavy Compute,0,62,620.0,14,3,4,3,4,92.97,83.98,HEAVY,287.18,VERY HIGH,HEAVY LOAD,88.34,78.64,HEAVY,273.38,VERY HIGH,HEAVY LOAD,90.25,82.02,HEAVY,280.84,VERY HIGH,HEAVY LOAD,89.16,81.04,HEAVY,278.01,VERY HIGH,HEAVY LOAD,16.54,5.21,LIGHT,73.49,LOW,RUNNING,18.52,5.9,LIGHT,77.0,LOW,RUNNING,15.53,4.22,LIGHT,70.74,LOW,RUNNING,19.05,6.34,LIGHT,78.32,LOW,RUNNING,17.02,4.1,LIGHT,72.43,LOW,RUNNING,15.44,3.54,LIGHT,69.61,LOW,RUNNING,27.76,52.0,212.9,0.25,22.0,COOLING,0.25,22.0,COOLING,0.25,22.0,COOLING,0.25,22.0,COOLING,22.914,22.159,22.09,22.158,22.33,22.914,22.09,0.824,1119.41,150.49,149.06,142.04,255.0,340.0,255.0,340.0,184.24,253.46,308.13,253.48,-175.96,74.45,26.79,74.71,875.0,875.0,875.0,875.0,507.69,-56.6,-136.02,-64.77,1561.0,1190.0,999.31,3500.0,250.3,0.46,0.0,0.0,0.448,22.5,TARGETED_WEST_COMPUTE_COOL,1.752
1,Localized Heavy Compute,0,63,630.0,14,3,4,3,4,92.83,83.85,HEAVY,286.81,VERY HIGH,HEAVY LOAD,88.17,78.61,HEAVY,273.13,VERY HIGH,HEAVY LOAD,90.21,82.11,HEAVY,280.93,VERY HIGH,HEAVY LOAD,89.28,81.17,HEAVY,278.36,VERY HIGH,HEAVY LOAD,16.67,5.28,LIGHT,73.76,LOW,RUNNING,18.58,5.89,LIGHT,77.06,LOW,RUNNING,15.45,4.14,LIGHT,70.52,LOW,RUNNING,18.91,6.26,LIGHT,78.03,LOW,RUNNING,16.95,4.1,LIGHT,72.34,LOW,RUNNING,15.5,3.61,LIGHT,69.79,LOW,RUNNING,27.76,52.0,213.1,0.25,22.0,COOLING,0.25,22.0,COOLING,0.25,22.0,COOLING,0.25,22.0,COOLING,22.924,22.158,22.087,22.157,22.331,22.924,22.087,0.837,1119.23,150.82,148.55,142.13,255.0,340.0,255.0,340.0,184.1,253.61,308.37,253.63,-178.57,75.45,27.43,75.69,875.0,875.0,875.0,875.0,504.76,-55.12,-135.65,-63.55,1560.73,1190.0,999.71,3500.0,250.44,0.472,0.0,0.0,0.46,22.5,TARGETED_WEST_COMPUTE_COOL,1.795
1,Localized Heavy Compute,0,64,640.0,14,3,4,3,4,92.67,83.74,HEAVY,286.45,VERY HIGH,HEAVY LOAD,88.01,78.6,HEAVY,272.91,VERY HIGH,HEAVY LOAD,90.2,82.22,HEAVY,281.08,VERY HIGH,HEAVY LOAD,89.42,81.29,HEAVY,278.71,VERY HIGH,HEAVY LOAD,16.79,5.34,LIGHT,74.0,LOW,RUNNING,18.6,5.86,LIGHT,77.04,LOW,RUNNING,15.35,4.05,LIGHT,70.26,LOW,RUNNING,18.78,6.19,LIGHT,77.76,LOW,RUNNING,16.91,4.12,LIGHT,72.32,LOW,RUNNING,15.58,3.69,LIGHT,70.01,LOW,RUNNING,27.77,52.0,213.3,0.25,22.0,COOLING,0.25,22.0,COOLING,0.25,22.0,COOLING,0.25,22.0,COOLING,22.934,22.157,22.084,22.156,22.333,22.934,22.084,0.85,1119.15,151.04,148.02,142.33,255.0,340.0,255.0,340.0,184.18,253.97,308.82,253.99,-181.18,76.43,28.07,76.68,875.0,875.0,875.0,875.0,502.15,-53.56,-135.09,-62.0,1560.54,1190.0,1000.96,3500.0,251.5,0.484,0.0,0.0,0.472,22.5,TARGETED_WEST_COMPUTE_COOL,1.8387
1,Localized Heavy Compute,0,65,650.0,14,3,4,3,4,92.5,83.64,HEAVY,286.09,VERY HIGH,HEAVY LOAD,87.88,78.63,HEAVY,272.79,VERY HIGH,HEAVY LOAD,90.24,82.34,HEAVY,281.31,VERY HIGH,HEAVY LOAD,89.59,81.4,HEAVY,279.09,VERY HIGH,HEAVY LOAD,16.9,5.38,LIGHT,74.19,LOW,RUNNING,18.59,5.81,LIGHT,76.95,LOW,RUNNING,15.24,3.96,LIGHT,69.99,LOW,RUNNING,18.66,6.14,LIGHT,77.53,LOW,RUNNING,16.9,4.15,LIGHT,72.35,LOW,RUNNING,15.69,3.78,LIGHT,70.28,LOW,RUNNING,27.77,52.0,213.5,0.25,22.0,COOLING,0.25,22.0,COOLING,0.25,22.0,COOLING,0.25,22.0,COOLING,22.944,22.156,22.081,22.155,22.334,22.944,22.081,0.863,1119.28,151.14,147.52,142.63,255.0,340.0,255.0,340.0,184.03,254.12,309.06,254.14,-183.8,77.43,28.7,77.68,875.0,875.0,875.0,875.0,499.51,-52.31,-134.72,-60.55,1560.57,1190.0,1001.35,3500.0,251.93,0.501,0.0,0.0,0.489,22.5,TARGETED_WEST_COMPUTE_COOL,1.8834
1,Localized Heavy Compute,0,66,660.0,14,3,4,3,4,92.32,83.56,HEAVY,285.74,VERY HIGH,HEAVY LOAD,87.79,78.68,HEAVY,272.76,VERY HIGH,HEAVY LOAD,90.31,82.48,HEAVY,281.61,VERY HIGH,HEAVY LOAD,89.77,81.49,HEAVY,279.45,VERY HIGH,HEAVY LOAD,16.99,5.4,LIGHT,74.34,LOW,RUNNING,18.55,5.75,LIGHT,76.81,LOW,RUNNING,15.11,3.87,LIGHT,69.69,LOW,RUNNING,18.56,6.11,LIGHT,77.37,LOW,RUNNING,16.92,4.21,LIGHT,72.47,LOW,RUNNING,15.81,3.87,LIGHT,70.57,LOW,RUNNING,27.77,52.0,213.8,0.25,22.0,COOLING,0.25,22.0,COOLING,0.25,22.0,COOLING,0.25,22.0,COOLING,22.954,22.155,22.078,22.154,22.335,22.954,22.078,0.876,1119.56,151.15,147.06,143.04,255.0,340.0,255.0,340.0,183.93,254.32,309.38,254.34,-186.41,78.42,29.34,78.66,875.0,875.0,875.0,875.0,497.08,-51.11,-134.22,-58.96,1560.81,1190.0,1001.97,3500.0,252.79,0.509,0.0,0.0,0.497,22.5,TARGETED_WEST_COMPUTE_COOL,1.9281
1,Localized Heavy Compute,0,67,670.0,14,3,4,3,4,92.14,83.52,HEAVY,285.45,VERY HIGH,HEAVY LOAD,87.72,78.76,HEAVY,272.79,VERY HIGH,HEAVY LOAD,90.42,82.61,HEAVY,281.94,VERY HIGH,HEAVY LOAD,89.95,81.56,HEAVY,279.78,VERY HIGH,HEAVY LOAD,17.06,5.4,LIGHT,74.42,LOW,RUNNING,18.49,5.68,LIGHT,76.63,LOW,RUNNING,14.97,3.79,LIGHT,69.4,LOW,RUNNING,18.48,6.1,LIGHT,77.25,LOW,RUNNING,16.97,4.27,LIGHT,72.62,LOW,RUNNING,15.94,3.96,LIGHT,70.86,LOW,RUNNING,27.78,52.0,214.0,0.25,22.0,COOLING,0.25,22.0,COOLING,0.25,22.0,COOLING,0.25,22.0,COOLING,22.964,22.154,22.075,22.153,22.337,22.964,22.075,0.889,1119.96,151.05,146.65,143.48,255.0,340.0,255.0,340.0,184.01,254.69,309.84,254.71,-189.03,79.4,29.97,79.66,875.0,875.0,875.0,875.0,494.94,-49.86,-133.54,-57.15,1561.14,1190.0,1003.25,3500.0,254.39,0.521,0.0,0.0,0.508,22.5,TARGETED_WEST_COMPUTE_COOL,1.9741
1,Localized Heavy Compute,0,68,680.0,14,3,4,3,4,91.98,83.5,HEAVY,285.23,VERY HIGH,HEAVY LOAD,87.7,78.87,HEAVY,272.93,VERY HIGH,HEAVY LOAD,90.55,82.74,HEAVY,282.3,VERY HIGH,HEAVY LOAD,90.12,81.59,HEAVY,280.04,VERY HIGH,HEAVY LOAD,17.09,5.38,LIGHT,74.43,LOW,RUNNING,18.4,5.59,LIGHT,76.39,LOW,RUNNING,14.84,3.72,LIGHT,69.13,LOW,RUNNING,18.43,6.11,LIGHT,77.2,LOW,RUNNING,17.04,4.35,LIGHT,72.83,LOW,RUNNING,16.08,4.03,LIGHT,71.14,LOW,RUNNING,27.78,52.0,214.2,0.25,22.0,COOLING,0.25,22.0,COOLING,0.25,22.0,COOLING,0.25,22.0,COOLING,22.974,22.153,22.072,22.152,22.338,22.974,22.072,0.902,1120.5,150.82,146.33,143.97,255.0,340.0,255.0,340.0,183.87,254.84,310.08,254.86,-191.64,80.39,30.6,80.65,875.0,875.0,875.0,875.0,492.73,-48.95,-132.99,-55.52,1561.62,1190.0,1003.65,3500.0,255.27,0.532,0.0,0.0,0.522,22.5,TARGETED_WEST_COMPUTE_COOL,2.0202
1,Localized Heavy Compute,0,69,690.0,14,3,4,3,4,91.84,83.51,HEAVY,285.07,VERY HIGH,HEAVY LOAD,87.72,78.99,HEAVY,273.13,VERY HIGH,HEAVY LOAD,90.71,82.86,HEAVY,282.68,VERY HIGH,HEAVY LOAD,90.27,81.6,HEAVY,280.24,VERY HIGH,HEAVY LOAD,17.1,5.34,LIGHT,74.39,LOW,RUNNING,18.29,5.5,LIGHT,76.11,LOW,RUNNING,14.72,3.67,LIGHT,68.91,LOW,RUNNING,18.4,6.14,LIGHT,77.21,LOW,RUNNING,17.14,4.44,LIGHT,73.08,LOW,RUNNING,16.21,4.1,LIGHT,71.41,LOW,RUNNING,27.79,52.0,214.4,0.25,22.0,COOLING,0.25,22.0,COOLING,0.25,22.0,COOLING,0.25,22.0,COOLING,22.984,22.152,22.069,22.151,22.339,22.984,22.069,0.915,1121.12,150.5,146.12,144.49,255.0,340.0,255.0,340.0,183.94,255.2,310.54,255.22,-194.26,81.39,31.24,81.63,875.0,875.0,875.0,875.0,490.8,-47.91,-132.1,-53.66,1562.23,1190.0,1004.9,3500.0,257.13,0.544,0.0,0.0,0.534,22.5,TARGETED_WEST_COMPUTE_COOL,2.0671
1,Localized Heavy Compute,0,70,700.0,14,3,4,3,4,91.73,83.55,HEAVY,284.99,VERY HIGH,HEAVY LOAD,87.77,79.12,HEAVY,273.39,VERY HIGH,HEAVY LOAD,90.89,82.95,HEAVY,283.04,VERY HIGH,HEAVY LOAD,90.41,81.58,HEAVY,280.38,VERY HIGH,HEAVY LOAD,17.08,5.28,LIGHT,74.27,LOW,RUNNING,18.17,5.41,LIGHT,75.83,LOW,RUNNING,14.61,3.62,LIGHT,68.69,LOW,RUNNING,18.41,6.18,LIGHT,77.28,LOW,RUNNING,17.25,4.53,LIGHT,73.36,LOW,RUNNING,16.33,4.15,LIGHT,71.64,LOW,RUNNING,27.79,52.0,214.6,0.25,22.0,COOLING,0.25,22.0,COOLING,0.25,22.0,COOLING,0.25,22.0,COOLING,22.994,22.151,22.066,22.15,22.34,22.994,22.066,0.928,1121.8,150.1,145.97,145.0,255.0,340.0,255.0,340.0,183.8,255.34,310.77,255.36,-196.88,82.37,31.88,82.63,875.0,875.0,875.0,875.0,488.72,-47.19,-131.38,-52.01,1562.87,1190.0,1005.27,3500.0,258.14,0.556,0.0,0.0,0.547,22.5,TARGETED_WEST_COMPUTE_COOL,2.1147
1,Localized Heavy Compute,0,71,710.0,14,3,4,3,4,91.65,83.62,HEAVY,284.99,VERY HIGH,HEAVY LOAD,87.86,79.25,HEAVY,273.7,VERY HIGH,HEAVY LOAD,91.07,83.03,HEAVY,283.38,VERY HIGH,HEAVY LOAD,90.51,81.52,HEAVY,280.42,VERY HIGH,HEAVY LOAD,17.02,5.21,LIGHT,74.09,LOW,RUNNING,18.04,5.33,LIGHT,75.55,LOW,RUNNING,14.52,3.6,LIGHT,68.55,LOW,RUNNING,18.44,6.24,LIGHT,77.41,LOW,RUNNING,17.38,4.62,LIGHT,73.66,LOW,RUNNING,16.43,4.19,LIGHT,71.82,LOW,RUNNING,27.8,52.0,214.8,0.25,22.0,COOLING,0.25,22.0,COOLING,0.25,22.0,COOLING,0.25,22.0,COOLING,23.004,22.15,22.063,22.149,22.341,23.004,22.063,0.941,1122.49,149.64,145.96,145.48,255.0,340.0,255.0,340.0,183.88,255.7,311.23,255.73,-199.49,83.36,32.51,83.62,875.0,875.0,875.0,875.0,486.88,-46.3,-130.3,-50.17,1563.57,1190.0,1006.54,3500.0,260.11,0.568,0.0,0.0,0.559,22.5,TARGETED_WEST_COMPUTE_COOL,2.1629
1,Localized Heavy Compute,0,72,720.0,14,3,4,3,4,91.61,83.72,HEAVY,285.09,VERY HIGH,HEAVY LOAD,87.99,79.38,HEAVY,274.06,VERY HIGH,HEAVY LOAD,91.24,83.08,HEAVY,283.67,VERY HIGH,HEAVY LOAD,90.57,81.44,HEAVY,280.37,VERY HIGH,HEAVY LOAD,16.94,5.13,LIGHT,73.87,LOW,RUNNING,17.9,5.25,LIGHT,75.25,LOW,RUNNING,14.45,3.6,LIGHT,68.46,LOW,RUNNING,18.5,6.32,LIGHT,77.61,LOW,RUNNING,17.51,4.7,LIGHT,73.94,LOW,RUNNING,16.51,4.2,LIGHT,71.94,LOW,RUNNING,27.8,52.0,215.0,0.25,22.0,COOLING,0.25,22.0,COOLING,0.25,22.0,COOLING,0.25,22.0,COOLING,23.014,22.149,22.06,22.148,22.343,23.014,22.06,0.954,1123.19,149.12,146.07,145.88,255.0,340.0,255.0,340.0,183.73,255.86,311.47,255.88,-202.11,84.36,33.15,84.6,875.0,875.0,875.0,875.0,484.81,-45.66,-129.31,-48.64,1564.26,1190.0,1006.94,3500.0,261.2,0.58,0.0,0.0,0.572,22.5,TARGETED_WEST_COMPUTE_COOL,2.2118
1,Localized Heavy Compute,0,73,730.0,14,3,4,3,4,91.6,83.83,HEAVY,285.25,VERY HIGH,HEAVY LOAD,88.14,79.5,HEAVY,274.43,VERY HIGH,HEAVY LOAD,91.41,83.1,HEAVY,283.91,VERY HIGH,HEAVY LOAD,90.6,81.34,HEAVY,280.26,VERY HIGH,HEAVY LOAD,16.84,5.04,LIGHT,73.61,LOW,RUNNING,17.77,5.19,LIGHT,75.0,LOW,RUNNING,14.41,3.62,LIGHT,68.44,LOW,RUNNING,18.59,6.4,LIGHT,77.84,LOW,RUNNING,17.65,4.77,LIGHT,74.22,LOW,RUNNING,16.57,4.19,LIGHT,72.0,LOW,RUNNING,27.8,52.0,215.2,0.25,22.0,COOLING,0.25,22.0,COOLING,0.25,22.0,COOLING,0.25,22.0,COOLING,23.024,22.148,22.057,22.147,22.344,23.024,22.057,0.967,1123.85,148.61,146.28,146.22,255.0,340.0,255.0,340.0,183.6,256.0,311.71,256.02,-204.72,85.34,33.78,85.59,875.0,875.0,875.0,875.0,482.73,-45.05,-128.23,-47.17,1564.96,1190.0,1007.33,3500.0,262.28,0.591,0.0,0.0,0.583,22.5,TARGETED_WEST_COMPUTE_COOL,2.2611
1,Localized Heavy Compute,0,74,740.0,14,3,4,3,4,91.64,83.96,HEAVY,285.49,VERY HIGH,HEAVY LOAD,88.31,79.61,HEAVY,274.8,VERY HIGH,HEAVY LOAD,91.55,83.09,HEAVY,284.07,VERY HIGH,HEAVY LOAD,90.59,81.23,HEAVY,280.08,VERY HIGH,HEAVY LOAD,16.73,4.95,LIGHT,73.34,LOW,RUNNING,17.65,5.14,LIGHT,74.77,LOW,RUNNING,14.4,3.66,LIGHT,68.49,LOW,RUNNING,18.7,6.49,LIGHT,78.11,LOW,RUNNING,17.77,4.83,LIGHT,74.46,LOW,RUNNING,16.6,4.17,LIGHT,72.0,LOW,RUNNING,27.81,52.0,215.4,0.25,22.0,COOLING,0.25,22.0,COOLING,0.25,22.0,COOLING,0.25,22.0,COOLING,23.034,22.147,22.054,22.146,22.345,23.034,22.054,0.98,1124.44,148.11,146.6,146.46,255.0,340.0,255.0,340.0,183.67,256.35,312.16,256.37,-207.34,86.33,34.42,86.59,875.0,875.0,875.0,875.0,480.77,-44.21,-126.82,-45.58,1565.61,1190.0,1008.55,3500.0,264.16,0.602,0.0,0.0,0.595,22.5,TARGETED_WEST_COMPUTE_COOL,2.311
1,Localized Heavy Compute,0,75,750.0,14,3,4,3,4,91.72,84.09,HEAVY,285.78,VERY HIGH,HEAVY LOAD,88.48,79.7,HEAVY,275.15,VERY HIGH,HEAVY LOAD,91.66,83.05,HEAVY,284.15,VERY HIGH,HEAVY LOAD,90.53,81.1,HEAVY,279.81,VERY HIGH,HEAVY LOAD,16.6,4.87,LIGHT,73.06,LOW,RUNNING,17.55,5.11,LIGHT,74.6,LOW,RUNNING,14.42,3.71,LIGHT,68.59,LOW,RUNNING,18.82,6.58,LIGHT,78.4,LOW,RUNNING,17.89,4.87,LIGHT,74.67,LOW,RUNNING,16.6,4.12,LIGHT,71.93,LOW,RUNNING,27.81,52.0,215.6,0.25,22.0,COOLING,0.25,22.0,COOLING,0.25,22.0,COOLING,0.25,22.0,COOLING,23.044,22.146,22.051,22.145,22.346,23.044,22.051,0.993,1124.89,147.66,146.99,146.6,255.0,340.0,255.0,340.0,183.53,256.5,312.4,256.53,-209.95,87.33,35.05,87.57,875.0,875.0,875.0,875.0,478.47,-43.51,-125.56,-44.3,1566.14,1190.0,1008.96,3500.0,265.1,0.613,0.0,0.0,0.606,22.5,TARGETED_WEST_COMPUTE_COOL,2.3614
1,Localized Heavy Compute,0,76,760.0,14,3,4,3,4,91.83,84.22,HEAVY,286.12,VERY HIGH,HEAVY LOAD,88.66,79.76,HEAVY,275.47,VERY HIGH,HEAVY LOAD,91.75,82.98,HEAVY,284.16,VERY HIGH,HEAVY LOAD,90.44,80.96,HEAVY,279.49,VERY HIGH,HEAVY LOAD,16.46,4.79,LIGHT,72.76,LOW,RUNNING,17.48,5.1,LIGHT,74.5,LOW,RUNNING,14.47,3.78,LIGHT,68.76,LOW,RUNNING,18.95,6.66,LIGHT,78.68,LOW,RUNNING,17.98,4.9,LIGHT,74.82,LOW,RUNNING,16.56,4.06,LIGHT,71.79,LOW,RUNNING,27.82,52.0,215.8,0.25,22.0,COOLING,0.25,22.0,COOLING,0.25,22.0,COOLING,0.25,22.0,COOLING,23.054,22.145,22.048,22.144,22.348,23.054,22.048,1.006,1125.24,147.26,147.44,146.61,255.0,340.0,255.0,340.0,183.6,256.87,312.85,256.89,-212.57,88.31,35.69,88.56,875.0,875.0,875.0,875.0,476.27,-42.56,-124.02,-42.94,1566.55,1190.0,1010.21,3500.0,266.75,0.624,0.0,0.0,0.617,22.5,TARGETED_WEST_COMPUTE_COOL,2.4124
1,Localized Heavy Compute,0,77,770.0,14,3,4,3,4,91.97,84.35,HEAVY,286.49,VERY HIGH,HEAVY LOAD,88.83,79.79,HEAVY,275.72,VERY HIGH,HEAVY LOAD,91.79,82.89,HEAVY,284.07,VERY HIGH,HEAVY LOAD,90.32,80.83,HEAVY,279.14,VERY HIGH,HEAVY LOAD,16.33,4.72,LIGHT,72.49,LOW,RUNNING,17.42,5.11,LIGHT,74.44,LOW,RUNNING,14.55,3.86,LIGHT,68.98,LOW,RUNNING,19.09,6.74,LIGHT,78.97,LOW,RUNNING,18.05,4.9,LIGHT,74.91,LOW,RUNNING,16.5,3.99,LIGHT,71.61,LOW,RUNNING,27.82,52.0,216.0,0.25,22.0,COOLING,0.25,22.0,COOLING,0.25,22.0,COOLING,0.25,22.0,COOLING,23.064,22.144,22.045,22.143,22.349,23.064,22.045,1.019,1125.42,146.93,147.95,146.52,255.0,340.0,255.0,340.0,183.47,257.01,313.1,257.03,-215.18,89.3,36.32,89.56,875.0,875.0,875.0,875.0,473.71,-41.76,-122.63,-41.89,1566.82,1190.0,1010.61,3500.0,267.43,0.591,0.0,0.0,0.629,22.5,TARGETED_WEST_COMPUTE_COOL,2.4746
1,Localized Heavy Compute,0,78,780.0,14,3,4,3,4,92.13,84.46,HEAVY,286.85,VERY HIGH,HEAVY LOAD,88.99,79.8,HEAVY,275.94,VERY HIGH,HEAVY LOAD,91.8,82.78,HEAVY,283.92,VERY HIGH,HEAVY LOAD,90.18,80.71,HEAVY,278.79,VERY HIGH,HEAVY LOAD,16.21,4.66,LIGHT,72.25,LOW,RUNNING,17.4,5.14,LIGHT,74.46,LOW,RUNNING,14.65,3.95,LIGHT,69.24,LOW,RUNNING,19.22,6.81,LIGHT,79.24,LOW,RUNNING,18.09,4.88,LIGHT,74.93,LOW,RUNNING,16.42,3.91,LIGHT,71.39,LOW,RUNNING,27.82,52.0,216.2,0.25,22.0,COOLING,0.25,22.0,COOLING,0.25,22.0,COOLING,0.25,22.0,COOLING,23.074,22.143,22.043,22.142,22.351,23.074,22.043,1.031,1125.5,146.71,148.48,146.32,255.0,340.0,255.0,340.0,183.33,257.15,313.33,257.18,-217.8,90.3,36.95,90.55,875.0,875.0,875.0,875.0,471.03,-40.84,-121.24,-40.95,1567.01,1190.0,1010.99,3500.0,268.0,0.641,0.0,0.0,0.634,22.5,TARGETED_WEST_COMPUTE_COOL,2.5142
1,Localized Heavy Compute,0,79,790.0,14,3,4,3,4,92.3,84.56,HEAVY,287.22,VERY HIGH,HEAVY LOAD,89.12,79.77,HEAVY,276.06,VERY HIGH,HEAVY LOAD,91.76,82.66,HEAVY,283.69,VERY HIGH,HEAVY LOAD,90.01,80.6,HEAVY,278.41,VERY HIGH,HEAVY LOAD,16.1,4.62,LIGHT,72.06,LOW,RUNNING,17.41,5.19,LIGHT,74.55,LOW,RUNNING,14.76,4.04,LIGHT,69.51,LOW,RUNNING,19.34,6.86,LIGHT,79.47,LOW,RUNNING,18.1,4.85,LIGHT,74.9,LOW,RUNNING,16.31,3.82,LIGHT,71.12,LOW,RUNNING,27.83,52.0,216.5,0.25,22.0,COOLING,0.25,22.0,COOLING,0.25,22.0,COOLING,0.25,22.0,COOLING,23.084,22.142,22.041,22.141,22.352,23.084,22.041,1.043,1125.38,146.61,148.98,146.02,255.0,340.0,255.0,340.0,183.44,257.58,313.86,257.6,-220.4,91.39,37.36,91.65,875.0,875.0,875.0,875.0,468.42,-39.42,-119.8,-39.73,1566.99,1190.0,1012.48,3500.0,269.47,0.647,0.0,0.0,0.64,22.5,TARGETED_WEST_COMPUTE_COOL,2.5648
1,Localized Heavy Compute,0,80,800.0,14,3,4,3,4,92.48,84.64,HEAVY,287.56,VERY HIGH,HEAVY LOAD,89.21,79.72,HEAVY,276.09,VERY HIGH,HEAVY LOAD,91.69,82.52,HEAVY,283.39,VERY HIGH,HEAVY LOAD,89.83,80.51,HEAVY,278.05,VERY HIGH,HEAVY LOAD,16.01,4.6,LIGHT,71.91,LOW,RUNNING,17.45,5.25,LIGHT,74.69,LOW,RUNNING,14.89,4.13,LIGHT,69.81,LOW,RUNNING,19.44,6.89,LIGHT,79.63,LOW,RUNNING,18.08,4.79,LIGHT,74.78,LOW,RUNNING,16.19,3.73,LIGHT,70.83,LOW,RUNNING,27.83,52.0,216.7,0.25,22.0,COOLING,0.25,22.0,COOLING,0.25,22.0,COOLING,0.25,22.0,COOLING,23.093,22.141,22.039,22.14,22.353,23.093,22.039,1.054,1125.09,146.6,149.44,145.61,255.0,340.0,255.0,340.0,183.3,257.73,314.07,257.75,-223.0,92.5,37.75,92.75,875.0,875.0,875.0,875.0,465.39,-38.17,-118.74,-38.89,1566.74,1190.0,1012.85,3500.0,269.59,0.653,0.0,0.0,0.645,22.5,TARGETED_WEST_COMPUTE_COOL,2.6114
1,Localized Heavy Compute,0,81,810.0,14,3,4,3,4,92.66,84.68,HEAVY,287.85,VERY HIGH,HEAVY LOAD,89.28,79.64,HEAVY,276.06,VERY HIGH,HEAVY LOAD,91.58,82.39,HEAVY,283.06,VERY HIGH,HEAVY LOAD,89.65,80.44,HEAVY,277.72,VERY HIGH,HEAVY LOAD,15.94,4.6,LIGHT,71.83,LOW,RUNNING,17.51,5.32,LIGHT,74.87,LOW,RUNNING,15.03,4.21,LIGHT,70.1,LOW,RUNNING,19.52,6.9,LIGHT,79.75,LOW,RUNNING,18.03,4.73,LIGHT,74.63,LOW,RUNNING,16.06,3.64,LIGHT,70.53,LOW,RUNNING,27.84,52.0,216.9,0.25,22.0,COOLING,0.25,22.0,COOLING,0.25,22.0,COOLING,0.25,22.0,COOLING,23.102,22.14,22.037,22.139,22.355,23.102,22.037,1.065,1124.69,146.7,149.85,145.16,255.0,340.0,255.0,340.0,183.4,258.09,314.51,258.11,-225.36,93.49,38.14,93.73,875.0,875.0,875.0,875.0,462.73,-36.72,-117.5,-38.0,1566.4,1190.0,1014.11,3500.0,270.51,0.659,0.0,0.0,0.651,22.5,TARGETED_WEST_COMPUTE_COOL,2.6584
1,Localized Heavy Compute,0,82,820.0,14,3,4,3,4,92.82,84.7,HEAVY,288.07,VERY HIGH,HEAVY LOAD,89.3,79.53,HEAVY,275.92,VERY HIGH,HEAVY LOAD,91.45,82.26,HEAVY,282.7,VERY HIGH,HEAVY LOAD,89.48,80.41,HEAVY,277.47,VERY HIGH,HEAVY LOAD,15.91,4.62,LIGHT,71.82,LOW,RUNNING,17.6,5.41,LIGHT,75.11,LOW,RUNNING,15.16,4.28,LIGHT,70.37,LOW,RUNNING,19.57,6.89,LIGHT,79.8,LOW,RUNNING,17.96,4.65,LIGHT,74.43,LOW,RUNNING,15.92,3.57,LIGHT,70.26,LOW,RUNNING,27.84,52.0,217.1,0.25,22.0,COOLING,0.25,22.0,COOLING,0.25,22.0,COOLING,0.25,22.0,COOLING,23.111,22.139,22.035,22.138,22.356,23.111,22.035,1.076,1124.16,146.93,150.17,144.69,255.0,340.0,255.0,340.0,183.28,258.24,314.72,258.26,-227.73,94.47,38.53,94.73,875.0,875.0,875.0,875.0,459.71,-35.36,-116.58,-37.32,1565.95,1190.0,1014.5,3500.0,270.45,0.665,0.0,0.0,0.657,22.5,TARGETED_WEST_COMPUTE_COOL,2.7059
1,Localized Heavy Compute,0,83,830.0,14,3,4,3,4,92.96,84.69,HEAVY,288.24,VERY HIGH,HEAVY LOAD,89.28,79.41,HEAVY,275.72,VERY HIGH,HEAVY LOAD,91.29,82.14,HEAVY,282.32,VERY HIGH,HEAVY LOAD,89.33,80.4,HEAVY,277.26,VERY HIGH,HEAVY LOAD,15.9,4.66,LIGHT,71.86,LOW,RUNNING,17.71,5.5,LIGHT,75.39,LOW,RUNNING,15.28,4.33,LIGHT,70.59,LOW,RUNNING,19.6,6.86,LIGHT,79.79,LOW,RUNNING,17.86,4.56,LIGHT,74.17,LOW,RUNNING,15.79,3.5,LIGHT,69.99,LOW,RUNNING,27.85,52.0,217.3,0.25,22.0,COOLING,0.25,22.0,COOLING,0.25,22.0,COOLING,0.25,22.0,COOLING,23.12,22.138,22.033,22.137,22.357,23.12,22.033,1.087,1123.54,147.25,150.38,144.16,255.0,340.0,255.0,340.0,183.38,258.6,315.16,258.62,-230.09,95.47,38.91,95.71,875.0,875.0,875.0,875.0,456.83,-33.68,-115.55,-36.51,1565.33,1190.0,1015.76,3500.0,271.09,0.671,0.0,0.0,0.663,22.5,TARGETED_WEST_COMPUTE_COOL,2.7536
1,Localized Heavy Compute,0,84,840.0,14,3,4,3,4,93.07,84.65,HEAVY,288.31,VERY HIGH,HEAVY LOAD,89.23,79.28,HEAVY,275.46,VERY HIGH,HEAVY LOAD,91.11,82.05,HEAVY,281.96,VERY HIGH,HEAVY LOAD,89.19,80.42,HEAVY,277.12,VERY HIGH,HEAVY LOAD,15.92,4.72,LIGHT,71.98,LOW,RUNNING,17.83,5.59,LIGHT,75.67,LOW,RUNNING,15.39,4.38,LIGHT,70.81,LOW,RUNNING,19.59,6.82,LIGHT,79.72,LOW,RUNNING,17.75,4.47,LIGHT,73.89,LOW,RUNNING,15.67,3.45,LIGHT,69.76,LOW,RUNNING,27.85,52.0,217.5,0.25,22.0,COOLING,0.25,22.0,COOLING,0.25,22.0,COOLING,0.25,22.0,COOLING,23.129,22.137,22.031,22.136,22.358,23.129,22.031,1.098,1122.85,147.65,150.53,143.65,255.0,340.0,255.0,340.0,183.26,258.75,315.38,258.77,-232.45,96.45,39.29,96.71,875.0,875.0,875.0,875.0,453.66,-32.15,-114.8,-35.87,1564.68,1190.0,1016.16,3500.0,270.84,0.677,0.0,0.0,0.669,22.5,TARGETED_WEST_COMPUTE_COOL,2.8018
1,Localized Heavy Compute,0,85,850.0,14,3,4,3,4,93.15,84.58,HEAVY,288.31,VERY HIGH,HEAVY LOAD,89.14,79.15,HEAVY,275.15,VERY HIGH,HEAVY LOAD,90.93,81.97,HEAVY,281.62,VERY HIGH,HEAVY LOAD,89.09,80.48,HEAVY,277.08,VERY HIGH,HEAVY LOAD,15.98,4.79,LIGHT,72.16,LOW,RUNNING,17.96,5.67,LIGHT,75.95,LOW,RUNNING,15.48,4.4,LIGHT,70.95,LOW,RUNNING,19.56,6.76,LIGHT,79.59,LOW,RUNNING,17.62,4.38,LIGHT,73.59,LOW,RUNNING,15.57,3.41,LIGHT,69.58,LOW,RUNNING,27.85,52.0,217.7,0.25,22.0,COOLING,0.25,22.0,COOLING,0.25,22.0,COOLING,0.25,22.0,COOLING,23.138,22.136,22.029,22.135,22.36,23.138,22.029,1.109,1122.16,148.11,150.54,143.17,255.0,340.0,255.0,340.0,183.14,258.89,315.6,258.91,-234.82,97.44,39.68,97.7,875.0,875.0,875.0,875.0,450.48,-30.56,-114.18,-35.22,1563.98,1190.0,1016.54,3500.0,270.52,0.684,0.0,0.0,0.675,22.5,TARGETED_WEST_COMPUTE_COOL,2.8505
1,Localized Heavy Compute,0,86,860.0,14,3,4,3,4,93.19,84.48,HEAVY,288.21,VERY HIGH,HEAVY LOAD,89.01,79.02,HEAVY,274.79,VERY HIGH,HEAVY LOAD,90.76,81.92,HEAVY,281.33,VERY HIGH,HEAVY LOAD,89.03,80.56,HEAVY,277.13,VERY HIGH,HEAVY LOAD,16.06,4.87,LIGHT,72.38,LOW,RUNNING,18.1,5.75,LIGHT,76.25,LOW,RUNNING,15.55,4.4,LIGHT,71.04,LOW,RUNNING,19.5,6.68,LIGHT,79.39,LOW,RUNNING,17.49,4.3,LIGHT,73.31,LOW,RUNNING,15.49,3.4,LIGHT,69.46,LOW,RUNNING,27.86,52.0,217.9,0.25,22.0,COOLING,0.25,22.0,COOLING,0.25,22.0,COOLING,0.25,22.0,COOLING,23.147,22.135,22.027,22.134,22.361,23.147,22.027,1.12,1121.46,148.63,150.43,142.77,255.0,340.0,255.0,340.0,183.23,259.26,316.03,259.28,-237.19,98.44,40.07,98.68,875.0,875.0,875.0,875.0,447.5,-28.67,-113.47,-34.27,1563.29,1190.0,1017.8,3500.0,271.09,0.691,0.0,0.0,0.681,22.5,TARGETED_WEST_COMPUTE_COOL,2.8995
1,Localized Heavy Compute,0,87,870.0,14,3,4,3,4,93.2,84.37,HEAVY,288.06,VERY HIGH,HEAVY LOAD,88.86,78.9,HEAVY,274.43,VERY HIGH,HEAVY LOAD,90.59,81.9,HEAVY,281.09,VERY HIGH,HEAVY LOAD,89.0,80.66,HEAVY,277.24,VERY HIGH,HEAVY LOAD,16.16,4.96,LIGHT,72.64,LOW,RUNNING,18.23,5.81,LIGHT,76.5,LOW,RUNNING,15.59,4.38,LIGHT,71.06,LOW,RUNNING,19.41,6.6,LIGHT,79.16,LOW,RUNNING,17.35,4.23,LIGHT,73.03,LOW,RUNNING,15.43,3.41,LIGHT,69.4,LOW,RUNNING,27.86,52.0,218.1,0.25,22.0,COOLING,0.25,22.0,COOLING,0.25,22.0,COOLING,0.25,22.0,COOLING,23.156,22.134,22.025,22.133,22.362,23.156,22.025,1.131,1120.82,149.14,150.22,142.43,255.0,340.0,255.0,340.0,183.12,259.4,316.25,259.42,-239.55,99.42,40.45,99.67,875.0,875.0,875.0,875.0,444.39,-27.04,-113.08,-33.48,1562.61,1190.0,1018.19,3500.0,270.79,0.697,0.0,0.0,0.687,22.5,TARGETED_WEST_COMPUTE_COOL,2.9492
1,Localized Heavy Compute,0,88,880.0,14,3,4,3,4,93.16,84.24,HEAVY,287.81,VERY HIGH,HEAVY LOAD,88.69,78.79,HEAVY,274.05,VERY HIGH,HEAVY LOAD,90.45,81.91,HEAVY,280.93,VERY HIGH,HEAVY LOAD,89.01,80.77,HEAVY,277.42,VERY HIGH,HEAVY LOAD,16.27,5.05,LIGHT,72.91,LOW,RUNNING,18.35,5.86,LIGHT,76.73,LOW,RUNNING,15.6,4.34,LIGHT,71.01,LOW,RUNNING,19.3,6.51,LIGHT,78.89,LOW,RUNNING,17.23,4.17,LIGHT,72.79,LOW,RUNNING,15.4,3.43,LIGHT,69.39,LOW,RUNNING,27.87,52.0,218.3,0.25,22.0,COOLING,0.25,22.0,COOLING,0.25,22.0,COOLING,0.25,22.0,COOLING,23.165,22.133,22.023,22.132,22.363,23.165,22.023,1.142,1120.21,149.64,149.9,142.18,255.0,340.0,255.0,340.0,183.21,259.76,316.68,259.79,-241.91,100.41,40.84,100.66,875.0,875.0,875.0,875.0,441.51,-25.19,-112.58,-32.37,1561.93,1190.0,1019.44,3500.0,271.37,0.704,0.0,0.0,0.693,22.5,TARGETED_WEST_COMPUTE_COOL,2.9991
1,Localized Heavy Compute,0,89,890.0,14,3,4,3,4,93.08,84.11,HEAVY,287.51,VERY HIGH,HEAVY LOAD,88.52,78.7,HEAVY,273.7,VERY HIGH,HEAVY LOAD,90.34,81.95,HEAVY,280.85,VERY HIGH,HEAVY LOAD,89.07,80.9,HEAVY,277.69,VERY HIGH,HEAVY LOAD,16.4,5.13,LIGHT,73.19,LOW,RUNNING,18.45,5.89,LIGHT,76.9,LOW,RUNNING,15.58,4.29,LIGHT,70.91,LOW,RUNNING,19.18,6.42,LIGHT,78.6,LOW,RUNNING,17.11,4.13,LIGHT,72.58,LOW,RUNNING,15.4,3.48,LIGHT,69.47,LOW,RUNNING,27.87,52.0,218.5,0.25,22.0,COOLING,0.25,22.0,COOLING,0.25,22.0,COOLING,0.25,22.0,COOLING,23.174,22.133,22.021,22.131,22.365,23.174,22.021,1.153,1119.75,150.09,149.51,142.05,255.0,340.0,255.0,340.0,183.1,259.91,316.9,259.93,-244.28,101.41,41.22,101.65,875.0,875.0,875.0,875.0,438.57,-23.59,-112.37,-31.37,1561.4,1190.0,1019.84,3500.0,271.24,0.717,0.0,0.0,0.699,22.5,TARGETED_WEST_COMPUTE_COOL,3.0473
1,Localized Heavy Compute,0,90,900.0,14,3,4,3,4,92.97,83.98,HEAVY,287.18,VERY HIGH,HEAVY LOAD,88.34,78.64,HEAVY,273.38,VERY HIGH,HEAVY LOAD,90.25,82.02,HEAVY,280.84,VERY HIGH,HEAVY LOAD,89.16,81.04,HEAVY,278.01,VERY HIGH,HEAVY LOAD,16.54,5.21,LIGHT,73.49,LOW,RUNNING,18.52,5.9,LIGHT,77.0,LOW,RUNNING,15.53,4.22,LIGHT,70.74,LOW,RUNNING,19.05,6.34,LIGHT,78.32,LOW,RUNNING,17.02,4.1,LIGHT,72.43,LOW,RUNNING,15.44,3.54,LIGHT,69.61,LOW,RUNNING,27.88,52.0,218.8,0.25,22.0,COOLING,0.25,22.0,COOLING,0.25,22.0,COOLING,0.25,22.0,COOLING,23.183,22.133,22.019,22.13,22.366,23.183,22.019,1.164,1119.41,150.49,149.06,142.04,255.0,340.0,255.0,340.0,183.23,260.31,317.42,260.35,-246.53,102.16,41.71,102.66,875.0,875.0,875.0,875.0,436.11,-22.04,-111.81,-29.95,1561.0,1190.0,1021.31,3500.0,272.31,0.726,0.0,0.0,0.706,22.5,TARGETED_WEST_COMPUTE_COOL,3.0968
1,Localized Heavy Compute,0,91,910.0,14,3,4,3,4,92.83,83.85,HEAVY,286.81,VERY HIGH,HEAVY LOAD,88.17,78.61,HEAVY,273.13,VERY HIGH,HEAVY LOAD,90.21,82.11,HEAVY,280.93,VERY HIGH,HEAVY LOAD,89.28,81.17,HEAVY,278.36,VERY HIGH,HEAVY LOAD,16.67,5.28,LIGHT,73.76,LOW,RUNNING,18.58,5.89,LIGHT,77.06,LOW,RUNNING,15.45,4.14,LIGHT,70.52,LOW,RUNNING,18.91,6.26,LIGHT,78.03,LOW,RUNNING,16.95,4.1,LIGHT,72.34,LOW,RUNNING,15.5,3.61,LIGHT,69.79,LOW,RUNNING,27.88,52.0,219.0,0.25,22.0,COOLING,0.25,22.0,COOLING,0.25,22.0,COOLING,0.25,22.0,COOLING,23.192,22.133,22.017,22.129,22.368,23.192,22.017,1.175,1119.23,150.82,148.55,142.13,255.0,340.0,255.0,340.0,183.11,260.44,317.63,260.5,-248.79,102.92,42.21,103.67,875.0,875.0,875.0,875.0,433.55,-20.82,-111.61,-28.7,1560.73,1190.0,1021.68,3500.0,272.42,0.723,0.0,0.0,0.713,22.5,TARGETED_WEST_COMPUTE_COOL,3.1501
1,Localized Heavy Compute,0,92,920.0,14,3,4,3,4,92.67,83.74,HEAVY,286.45,VERY HIGH,HEAVY LOAD,88.01,78.6,HEAVY,272.91,VERY HIGH,HEAVY LOAD,90.2,82.22,HEAVY,281.08,VERY HIGH,HEAVY LOAD,89.42,81.29,HEAVY,278.71,VERY HIGH,HEAVY LOAD,16.79,5.34,LIGHT,74.0,LOW,RUNNING,18.6,5.86,LIGHT,77.04,LOW,RUNNING,15.35,4.05,LIGHT,70.26,LOW,RUNNING,18.78,6.19,LIGHT,77.76,LOW,RUNNING,16.91,4.12,LIGHT,72.32,LOW,RUNNING,15.58,3.69,LIGHT,70.01,LOW,RUNNING,27.88,52.0,219.2,0.25,22.0,COOLING,0.25,22.0,COOLING,0.25,22.0,COOLING,0.25,22.0,COOLING,23.201,22.133,22.015,22.128,22.369,23.201,22.015,1.186,1119.15,151.04,148.02,142.33,255.0,340.0,255.0,340.0,182.99,260.56,317.85,260.65,-251.04,103.67,42.71,104.67,875.0,875.0,875.0,875.0,431.1,-19.73,-111.42,-27.35,1560.54,1190.0,1022.05,3500.0,272.6,0.755,0.0,0.0,0.72,22.5,TARGETED_WEST_COMPUTE_COOL,3.1952
1,Localized Heavy Compute,0,93,930.0,14,3,4,3,4,92.5,83.64,HEAVY,286.09,VERY HIGH,HEAVY LOAD,87.88,78.63,HEAVY,272.79,VERY HIGH,HEAVY LOAD,90.24,82.34,HEAVY,281.31,VERY HIGH,HEAVY LOAD,89.59,81.4,HEAVY,279.09,VERY HIGH,HEAVY LOAD,16.9,5.38,LIGHT,74.19,LOW,RUNNING,18.59,5.81,LIGHT,76.95,LOW,RUNNING,15.24,3.96,LIGHT,69.99,LOW,RUNNING,18.66,6.14,LIGHT,77.53,LOW,RUNNING,16.9,4.15,LIGHT,72.35,LOW,RUNNING,15.69,3.78,LIGHT,70.28,LOW,RUNNING,27.89,52.0,219.4,0.25,22.0,COOLING,0.25,22.0,COOLING,0.25,22.0,COOLING,0.25,22.0,COOLING,23.21,22.133,22.013,22.127,22.371,23.21,22.013,1.197,1119.28,151.14,147.52,142.63,255.0,340.0,255.0,340.0,183.08,260.9,318.28,261.0,-253.3,104.43,43.2,105.68,875.0,875.0,875.0,875.0,429.06,-18.53,-111.0,-25.69,1560.57,1190.0,1023.26,3500.0,273.84,0.765,0.0,0.0,0.726,22.5,TARGETED_WEST_COMPUTE_COOL,3.2456
1,Localized Heavy Compute,0,94,940.0,14,3,4,3,4,92.32,83.56,HEAVY,285.74,VERY HIGH,HEAVY LOAD,87.79,78.68,HEAVY,272.76,VERY HIGH,HEAVY LOAD,90.31,82.48,HEAVY,281.61,VERY HIGH,HEAVY LOAD,89.77,81.49,HEAVY,279.45,VERY HIGH,HEAVY LOAD,16.99,5.4,LIGHT,74.34,LOW,RUNNING,18.55,5.75,LIGHT,76.81,LOW,RUNNING,15.11,3.87,LIGHT,69.69,LOW,RUNNING,18.56,6.11,LIGHT,77.37,LOW,RUNNING,16.92,4.21,LIGHT,72.47,LOW,RUNNING,15.81,3.87,LIGHT,70.57,LOW,RUNNING,27.89,52.0,219.6,0.25,22.0,COOLING,0.25,22.0,COOLING,0.25,22.0,COOLING,0.25,22.0,COOLING,23.219,22.133,22.011,22.127,22.372,23.219,22.011,1.208,1119.56,151.15,147.06,143.04,255.0,340.0,255.0,340.0,182.97,261.03,318.51,261.15,-255.56,105.18,43.69,106.68,875.0,875.0,875.0,875.0,426.97,-17.64,-110.74,-24.13,1560.81,1190.0,1023.66,3500.0,274.46,0.777,0.0,0.0,0.739,22.5,TARGETED_WEST_COMPUTE_COOL,3.294
1,Localized Heavy Compute,0,95,950.0,14,3,4,3,4,92.14,83.52,HEAVY,285.45,VERY HIGH,HEAVY LOAD,87.72,78.76,HEAVY,272.79,VERY HIGH,HEAVY LOAD,90.42,82.61,HEAVY,281.94,VERY HIGH,HEAVY LOAD,89.95,81.56,HEAVY,279.78,VERY HIGH,HEAVY LOAD,17.06,5.4,LIGHT,74.42,LOW,RUNNING,18.49,5.68,LIGHT,76.63,LOW,RUNNING,14.97,3.79,LIGHT,69.4,LOW,RUNNING,18.48,6.1,LIGHT,77.25,LOW,RUNNING,16.97,4.27,LIGHT,72.62,LOW,RUNNING,15.94,3.96,LIGHT,70.86,LOW,RUNNING,27.9,52.0,219.8,0.25,22.0,COOLING,0.25,22.0,COOLING,0.25,22.0,COOLING,0.25,22.0,COOLING,23.228,22.133,22.009,22.127,22.374,23.228,22.009,1.219,1119.96,151.05,146.65,143.48,255.0,340.0,255.0,340.0,183.06,261.37,318.93,261.5,-257.7,105.95,44.3,107.45,875.0,875.0,875.0,875.0,425.32,-16.63,-110.12,-22.57,1561.14,1190.0,1024.86,3500.0,276.0,0.785,0.0,0.0,0.751,22.5,TARGETED_WEST_COMPUTE_COOL,3.344
1,Localized Heavy Compute,0,96,960.0,14,3,4,3,4,91.98,83.5,HEAVY,285.23,VERY HIGH,HEAVY LOAD,87.7,78.87,HEAVY,272.93,VERY HIGH,HEAVY LOAD,90.55,82.74,HEAVY,282.3,VERY HIGH,HEAVY LOAD,90.12,81.59,HEAVY,280.04,VERY HIGH,HEAVY LOAD,17.09,5.38,LIGHT,74.43,LOW,RUNNING,18.4,5.59,LIGHT,76.39,LOW,RUNNING,14.84,3.72,LIGHT,69.13,LOW,RUNNING,18.43,6.11,LIGHT,77.2,LOW,RUNNING,17.04,4.35,LIGHT,72.83,LOW,RUNNING,16.08,4.03,LIGHT,71.14,LOW,RUNNING,27.9,52.0,220.0,0.25,22.0,COOLING,0.25,22.0,COOLING,0.25,22.0,COOLING,0.25,22.0,COOLING,23.237,22.133,22.007,22.127,22.376,23.237,22.007,1.23,1120.5,150.82,146.33,143.97,255.0,340.0,255.0,340.0,182.95,261.49,319.16,261.62,-259.85,106.72,44.9,108.22,875.0,875.0,875.0,875.0,423.6,-15.97,-109.61,-21.19,1561.62,1190.0,1025.22,3500.0,276.83,0.798,0.0,0.0,0.763,22.5,TARGETED_WEST_COMPUTE_COOL,3.3932
1,Localized Heavy Compute,0,97,970.0,14,3,4,3,4,91.84,83.51,HEAVY,285.07,VERY HIGH,HEAVY LOAD,87.72,78.99,HEAVY,273.13,VERY HIGH,HEAVY LOAD,90.71,82.86,HEAVY,282.68,VERY HIGH,HEAVY LOAD,90.27,81.6,HEAVY,280.24,VERY HIGH,HEAVY LOAD,17.1,5.34,LIGHT,74.39,LOW,RUNNING,18.29,5.5,LIGHT,76.11,LOW,RUNNING,14.72,3.67,LIGHT,68.91,LOW,RUNNING,18.4,6.14,LIGHT,77.21,LOW,RUNNING,17.14,4.44,LIGHT,73.08,LOW,RUNNING,16.21,4.1,LIGHT,71.41,LOW,RUNNING,27.9,52.0,220.2,0.25,22.0,COOLING,0.25,22.0,COOLING,0.25,22.0,COOLING,0.25,22.0,COOLING,23.246,22.133,22.005,22.127,22.378,23.246,22.005,1.241,1121.12,150.5,146.12,144.49,255.0,340.0,255.0,340.0,182.83,261.61,319.37,261.74,-261.99,107.49,45.51,108.99,875.0,875.0,875.0,875.0,421.96,-15.4,-109.0,-19.78,1562.23,1190.0,1025.55,3500.0,277.78,0.814,0.0,0.0,0.775,22.5,TARGETED_WEST_COMPUTE_COOL,3.4422
1,Localized Heavy Compute,0,98,980.0,14,3,4,3,4,91.73,83.55,HEAVY,284.99,VERY HIGH,HEAVY LOAD,87.77,79.12,HEAVY,273.39,VERY HIGH,HEAVY LOAD,90.89,82.95,HEAVY,283.04,VERY HIGH,HEAVY LOAD,90.41,81.58,HEAVY,280.38,VERY HIGH,HEAVY LOAD,17.08,5.28,LIGHT,74.27,LOW,RUNNING,18.17,5.41,LIGHT,75.83,LOW,RUNNING,14.61,3.62,LIGHT,68.69,LOW,RUNNING,18.41,6.18,LIGHT,77.28,LOW,RUNNING,17.25,4.53,LIGHT,73.36,LOW,RUNNING,16.33,4.15,LIGHT,71.64,LOW,RUNNING,27.91,52.0,220.4,0.25,22.0,COOLING,0.25,22.0,COOLING,0.25,22.0,COOLING,0.25,22.0,COOLING,23.255,22.133,22.003,22.127,22.38,23.255,22.003,1.252,1121.8,150.1,145.97,145.0,255.0,340.0,255.0,340.0,182.93,261.96,319.81,262.08,-264.13,108.26,46.11,109.76,875.0,875.0,875.0,875.0,420.6,-14.68,-108.11,-18.16,1562.87,1190.0,1026.78,3500.0,279.65,0.825,0.0,0.0,0.786,22.5,TARGETED_WEST_COMPUTE_COOL,3.493
1,Localized Heavy Compute,0,99,990.0,14,3,4,3,4,91.65,83.62,HEAVY,284.99,VERY HIGH,HEAVY LOAD,87.86,79.25,HEAVY,273.7,VERY HIGH,HEAVY LOAD,91.07,83.03,HEAVY,283.38,VERY HIGH,HEAVY LOAD,90.51,81.52,HEAVY,280.42,VERY HIGH,HEAVY LOAD,17.02,5.21,LIGHT,74.09,LOW,RUNNING,18.04,5.33,LIGHT,75.55,LOW,RUNNING,14.52,3.6,LIGHT,68.55,LOW,RUNNING,18.44,6.24,LIGHT,77.41,LOW,RUNNING,17.38,4.62,LIGHT,73.66,LOW,RUNNING,16.43,4.19,LIGHT,71.82,LOW,RUNNING,27.91,52.0,220.6,0.25,22.0,COOLING,0.25,22.0,COOLING,0.25,22.0,COOLING,0.25,22.0,COOLING,23.264,22.133,22.001,22.127,22.381,23.264,22.001,1.263,1122.49,149.64,145.96,145.48,255.0,340.0,255.0,340.0,182.8,262.09,320.02,262.21,-266.28,109.03,46.72,110.53,875.0,875.0,875.0,875.0,419.01,-14.24,-107.3,-16.78,1563.57,1190.0,1027.12,3500.0,280.69,0.836,0.0,0.0,0.796,22.5,TARGETED_WEST_COMPUTE_COOL,3.5445
1,Localized Heavy Compute,0,100,1000.0,14,3,4,3,4,91.61,83.72,HEAVY,285.09,VERY HIGH,HEAVY LOAD,87.99,79.38,HEAVY,274.06,VERY HIGH,HEAVY LOAD,91.24,83.08,HEAVY,283.67,VERY HIGH,HEAVY LOAD,90.57,81.44,HEAVY,280.37,VERY HIGH,HEAVY LOAD,16.94,5.13,LIGHT,73.87,LOW,RUNNING,17.9,5.25,LIGHT,75.25,LOW,RUNNING,14.45,3.6,LIGHT,68.46,LOW,RUNNING,18.5,6.32,LIGHT,77.61,LOW,RUNNING,17.51,4.7,LIGHT,73.94,LOW,RUNNING,16.51,4.2,LIGHT,71.94,LOW,RUNNING,27.92,52.0,220.8,0.25,22.0,COOLING,0.25,22.0,COOLING,0.25,22.0,COOLING,0.25,22.0,COOLING,23.273,22.133,21.999,22.127,22.383,23.273,21.999,1.274,1123.19,149.12,146.07,145.88,255.0,340.0,255.0,340.0,182.9,262.42,320.46,262.55,-268.43,109.8,47.32,111.3,875.0,875.0,875.0,875.0,417.66,-13.66,-106.15,-15.27,1564.26,1190.0,1028.33,3500.0,282.58,0.85,0.0,0.0,0.814,22.5,TARGETED_WEST_COMPUTE_COOL,3.5952
1,Localized Heavy Compute,0,101,1010.0,14,3,4,3,4,91.6,83.83,HEAVY,285.25,VERY HIGH,HEAVY LOAD,88.14,79.5,HEAVY,274.43,VERY HIGH,HEAVY LOAD,91.41,83.1,HEAVY,283.91,VERY HIGH,HEAVY LOAD,90.6,81.34,HEAVY,280.26,VERY HIGH,HEAVY LOAD,16.84,5.04,LIGHT,73.61,LOW,RUNNING,17.77,5.19,LIGHT,75.0,LOW,RUNNING,14.41,3.62,LIGHT,68.44,LOW,RUNNING,18.59,6.4,LIGHT,77.84,LOW,RUNNING,17.65,4.77,LIGHT,74.22,LOW,RUNNING,16.57,4.19,LIGHT,72.0,LOW,RUNNING,27.92,52.0,221.0,0.25,22.0,COOLING,0.25,22.0,COOLING,0.25,22.0,COOLING,0.25,22.0,COOLING,23.281,22.133,21.997,22.127,22.384,23.281,21.997,1.284,1123.85,148.61,146.28,146.22,255.0,340.0,255.0,340.0,182.79,262.54,320.68,262.67,-270.57,110.57,47.93,112.07,875.0,875.0,875.0,875.0,416.07,-13.28,-105.11,-14.04,1564.96,1190.0,1028.68,3500.0,283.64,0.861,0.0,0.0,0.825,22.5,TARGETED_WEST_COMPUTE_COOL,3.6412
1,Localized Heavy Compute,0,102,1020.0,14,3,4,3,4,91.64,83.96,HEAVY,285.49,VERY HIGH,HEAVY LOAD,88.31,79.61,HEAVY,274.8,VERY HIGH,HEAVY LOAD,91.55,83.09,HEAVY,284.07,VERY HIGH,HEAVY LOAD,90.59,81.23,HEAVY,280.08,VERY HIGH,HEAVY LOAD,16.73,4.95,LIGHT,73.34,LOW,RUNNING,17.65,5.14,LIGHT,74.77,LOW,RUNNING,14.4,3.66,LIGHT,68.49,LOW,RUNNING,18.7,6.49,LIGHT,78.11,LOW,RUNNING,17.77,4.83,LIGHT,74.46,LOW,RUNNING,16.6,4.17,LIGHT,72.0,LOW,RUNNING,27.93,52.0,221.2,0.25,22.0,COOLING,0.25,22.0,COOLING,0.25,22.0,COOLING,0.25,22.0,COOLING,23.289,22.133,21.995,22.127,22.386,23.289,21.995,1.294,1124.44,148.11,146.6,146.46,255.0,340.0,255.0,340.0,182.9,262.89,321.11,263.01,-272.48,111.23,48.52,112.73,875.0,875.0,875.0,875.0,414.86,-12.77,-103.77,-12.8,1565.61,1190.0,1029.91,3500.0,285.52,0.87,0.0,0.0,0.835,22.5,TARGETED_WEST_COMPUTE_COOL,3.6875
1,Localized Heavy Compute,0,103,1030.0,14,3,4,3,4,91.72,84.09,HEAVY,285.78,VERY HIGH,HEAVY LOAD,88.48,79.7,HEAVY,275.15,VERY HIGH,HEAVY LOAD,91.66,83.05,HEAVY,284.15,VERY HIGH,HEAVY LOAD,90.53,81.1,HEAVY,279.81,VERY HIGH,HEAVY LOAD,16.6,4.87,LIGHT,73.06,LOW,RUNNING,17.55,5.11,LIGHT,74.6,LOW,RUNNING,14.42,3.71,LIGHT,68.59,LOW,RUNNING,18.82,6.58,LIGHT,78.4,LOW,RUNNING,17.89,4.87,LIGHT,74.67,LOW,RUNNING,16.6,4.12,LIGHT,71.93,LOW,RUNNING,27.93,52.0,221.5,0.25,22.0,COOLING,0.25,22.0,COOLING,0.25,22.0,COOLING,0.25,22.0,COOLING,23.297,22.133,21.993,22.127,22.387,23.297,21.993,1.304,1124.89,147.66,146.99,146.6,255.0,340.0,255.0,340.0,182.84,263.08,321.41,263.2,-274.39,111.89,49.11,113.39,875.0,875.0,875.0,875.0,413.34,-12.37,-102.49,-11.81,1566.14,1190.0,1030.53,3500.0,286.67,0.881,0.0,0.0,0.834,22.5,TARGETED_WEST_COMPUTE_COOL,3.7376
1,Localized Heavy Compute,0,104,1040.0,14,3,4,3,4,91.83,84.22,HEAVY,286.12,VERY HIGH,HEAVY LOAD,88.66,79.76,HEAVY,275.47,VERY HIGH,HEAVY LOAD,91.75,82.98,HEAVY,284.16,VERY HIGH,HEAVY LOAD,90.44,80.96,HEAVY,279.49,VERY HIGH,HEAVY LOAD,16.46,4.79,LIGHT,72.76,LOW,RUNNING,17.48,5.1,LIGHT,74.5,LOW,RUNNING,14.47,3.78,LIGHT,68.76,LOW,RUNNING,18.95,6.66,LIGHT,78.68,LOW,RUNNING,17.98,4.9,LIGHT,74.82,LOW,RUNNING,16.56,4.06,LIGHT,71.79,LOW,RUNNING,27.93,52.0,221.7,0.25,22.0,COOLING,0.25,22.0,COOLING,0.25,22.0,COOLING,0.25,22.0,COOLING,23.305,22.133,21.991,22.127,22.389,23.305,21.991,1.314,1125.24,147.26,147.44,146.61,255.0,340.0,255.0,340.0,182.75,263.2,321.64,263.32,-276.3,112.55,49.7,114.05,875.0,875.0,875.0,875.0,411.69,-11.99,-101.22,-11.02,1566.55,1190.0,1030.91,3500.0,287.46,0.892,0.0,0.0,0.843,22.5,TARGETED_WEST_COMPUTE_COOL,3.7855
1,Localized Heavy Compute,0,105,1050.0,14,3,4,3,4,91.97,84.35,HEAVY,286.49,VERY HIGH,HEAVY LOAD,88.83,79.79,HEAVY,275.72,VERY HIGH,HEAVY LOAD,91.79,82.89,HEAVY,284.07,VERY HIGH,HEAVY LOAD,90.32,80.83,HEAVY,279.14,VERY HIGH,HEAVY LOAD,16.33,4.72,LIGHT,72.49,LOW,RUNNING,17.42,5.11,LIGHT,74.44,LOW,RUNNING,14.55,3.86,LIGHT,68.98,LOW,RUNNING,19.09,6.74,LIGHT,78.97,LOW,RUNNING,18.05,4.9,LIGHT,74.91,LOW,RUNNING,16.5,3.99,LIGHT,71.61,LOW,RUNNING,27.94,52.0,221.9,0.25,22.0,COOLING,0.25,22.0,COOLING,0.25,22.0,COOLING,0.25,22.0,COOLING,23.313,22.133,21.989,22.127,22.39,23.313,21.989,1.324,1125.42,146.93,147.95,146.52,255.0,340.0,255.0,340.0,182.86,263.54,322.06,263.67,-278.21,113.21,50.29,114.71,875.0,875.0,875.0,875.0,410.07,-11.32,-99.7,-10.1,1566.82,1190.0,1032.13,3500.0,288.95,0.904,0.0,0.0,0.87,22.5,TARGETED_WEST_COMPUTE_COOL,3.8293
1,Localized Heavy Compute,0,106,1060.0,14,3,4,3,4,92.13,84.46,HEAVY,286.85,VERY HIGH,HEAVY LOAD,88.99,79.8,HEAVY,275.94,VERY HIGH,HEAVY LOAD,91.8,82.78,HEAVY,283.92,VERY HIGH,HEAVY LOAD,90.18,80.71,HEAVY,278.79,VERY HIGH,HEAVY LOAD,16.21,4.66,LIGHT,72.25,LOW,RUNNING,17.4,5.14,LIGHT,74.46,LOW,RUNNING,14.65,3.95,LIGHT,69.24,LOW,RUNNING,19.22,6.81,LIGHT,79.24,LOW,RUNNING,18.09,4.88,LIGHT,74.93,LOW,RUNNING,16.42,3.91,LIGHT,71.39,LOW,RUNNING,27.94,52.0,222.1,0.25,22.0,COOLING,0.25,22.0,COOLING,0.25,22.0,COOLING,0.25,22.0,COOLING,23.321,22.133,21.987,22.127,22.392,23.321,21.987,1.334,1125.5,146.71,148.48,146.32,255.0,340.0,255.0,340.0,182.77,263.66,322.29,263.79,-280.12,113.87,50.88,115.37,875.0,875.0,875.0,875.0,408.15,-10.76,-98.35,-9.52,1567.01,1190.0,1032.51,3500.0,289.52,0.914,0.0,0.0,0.88,22.5,TARGETED_WEST_COMPUTE_COOL,3.8769
1,Localized Heavy Compute,0,107,1070.0,14,3,4,3,4,92.3,84.56,HEAVY,287.22,VERY HIGH,HEAVY LOAD,89.12,79.77,HEAVY,276.06,VERY HIGH,HEAVY LOAD,91.76,82.66,HEAVY,283.69,VERY HIGH,HEAVY LOAD,90.01,80.6,HEAVY,278.41,VERY HIGH,HEAVY LOAD,16.1,4.62,LIGHT,72.06,LOW,RUNNING,17.41,5.19,LIGHT,74.55,LOW,RUNNING,14.76,4.04,LIGHT,69.51,LOW,RUNNING,19.34,6.86,LIGHT,79.47,LOW,RUNNING,18.1,4.85,LIGHT,74.9,LOW,RUNNING,16.31,3.82,LIGHT,71.12,LOW,RUNNING,27.95,52.0,222.3,0.25,22.0,COOLING,0.25,22.0,COOLING,0.25,22.0,COOLING,0.25,22.0,COOLING,23.329,22.133,21.985,22.127,22.393,23.329,21.985,1.344,1125.38,146.61,148.98,146.02,255.0,340.0,255.0,340.0,182.88,264.01,322.71,264.13,-282.03,114.53,51.47,116.03,875.0,875.0,875.0,875.0,406.23,-9.85,-96.84,-8.82,1566.99,1190.0,1033.73,3500.0,290.72,0.921,0.0,0.0,0.887,22.5,TARGETED_WEST_COMPUTE_COOL,3.9269
1,Localized Heavy Compute,0,108,1080.0,14,3,4,3,4,92.48,84.64,HEAVY,287.56,VERY HIGH,HEAVY LOAD,89.21,79.72,HEAVY,276.09,VERY HIGH,HEAVY LOAD,91.69,82.52,HEAVY,283.39,VERY HIGH,HEAVY LOAD,89.83,80.51,HEAVY,278.05,VERY HIGH,HEAVY LOAD,16.01,4.6,LIGHT,71.91,LOW,RUNNING,17.45,5.25,LIGHT,74.69,LOW,RUNNING,14.89,4.13,LIGHT,69.81,LOW,RUNNING,19.44,6.89,LIGHT,79.63,LOW,RUNNING,18.08,4.79,LIGHT,74.78,LOW,RUNNING,16.19,3.73,LIGHT,70.83,LOW,RUNNING,27.95,52.0,222.5,0.25,22.0,COOLING,0.25,22.0,COOLING,0.25,22.0,COOLING,0.25,22.0,COOLING,23.337,22.133,21.983,22.127,22.395,23.337,21.983,1.354,1125.09,146.6,149.44,145.61,255.0,340.0,255.0,340.0,182.79,264.13,322.94,264.25,-283.94,115.19,52.06,116.69,875.0,875.0,875.0,875.0,403.94,-9.08,-95.56,-8.45,1566.74,1190.0,1034.11,3500.0,290.85,0.929,0.0,0.0,0.902,22.5,TARGETED_WEST_COMPUTE_COOL,3.9746
1,Localized Heavy Compute,0,109,1090.0,14,3,4,3,4,92.66,84.68,HEAVY,287.85,VERY HIGH,HEAVY LOAD,89.28,79.64,HEAVY,276.06,VERY HIGH,HEAVY LOAD,91.58,82.39,HEAVY,283.06,VERY HIGH,HEAVY LOAD,89.65,80.44,HEAVY,277.72,VERY HIGH,HEAVY LOAD,15.94,4.6,LIGHT,71.83,LOW,RUNNING,17.51,5.32,LIGHT,74.87,LOW,RUNNING,15.03,4.21,LIGHT,70.1,LOW,RUNNING,19.52,6.9,LIGHT,79.75,LOW,RUNNING,18.03,4.73,LIGHT,74.63,LOW,RUNNING,16.06,3.64,LIGHT,70.53,LOW,RUNNING,27.95,52.0,222.7,0.25,22.0,COOLING,0.25,22.0,COOLING,0.25,22.0,COOLING,0.25,22.0,COOLING,23.345,22.133,21.981,22.127,22.396,23.345,21.981,1.364,1124.69,146.7,149.85,145.16,255.0,340.0,255.0,340.0,182.69,264.26,323.15,264.38,-285.85,115.85,52.65,117.35,875.0,875.0,875.0,875.0,401.53,-8.19,-94.35,-8.11,1566.4,1190.0,1034.48,3500.0,290.88,0.949,0.0,0.0,0.914,22.5,TARGETED_WEST_COMPUTE_COOL,4.0215
1,Localized Heavy Compute,0,110,1100.0,14,3,4,3,4,92.82,84.7,HEAVY,288.07,VERY HIGH,HEAVY LOAD,89.3,79.53,HEAVY,275.92,VERY HIGH,HEAVY LOAD,91.45,82.26,HEAVY,282.7,VERY HIGH,HEAVY LOAD,89.48,80.41,HEAVY,277.47,VERY HIGH,HEAVY LOAD,15.91,4.62,LIGHT,71.82,LOW,RUNNING,17.6,5.41,LIGHT,75.11,LOW,RUNNING,15.16,4.28,LIGHT,70.37,LOW,RUNNING,19.57,6.89,LIGHT,79.8,LOW,RUNNING,17.96,4.65,LIGHT,74.43,LOW,RUNNING,15.92,3.57,LIGHT,70.26,LOW,RUNNING,27.96,52.0,222.9,0.25,22.0,COOLING,0.25,22.0,COOLING,0.25,22.0,COOLING,0.25,22.0,COOLING,23.353,22.133,21.979,22.127,22.398,23.353,21.979,1.374,1124.16,146.93,150.17,144.69,255.0,340.0,255.0,340.0,182.81,264.59,323.59,264.72,-287.76,116.51,53.24,118.01,875.0,875.0,875.0,875.0,399.21,-6.97,-93.0,-7.58,1565.95,1190.0,1035.71,3500.0,291.66,0.96,0.0,0.0,0.924,22.5,TARGETED_WEST_COMPUTE_COOL,4.07
1,Localized Heavy Compute,0,111,1110.0,14,3,4,3,4,92.96,84.69,HEAVY,288.24,VERY HIGH,HEAVY LOAD,89.28,79.41,HEAVY,275.72,VERY HIGH,HEAVY LOAD,91.29,82.14,HEAVY,282.32,VERY HIGH,HEAVY LOAD,89.33,80.4,HEAVY,277.26,VERY HIGH,HEAVY LOAD,15.9,4.66,LIGHT,71.86,LOW,RUNNING,17.71,5.5,LIGHT,75.39,LOW,RUNNING,15.28,4.33,LIGHT,70.59,LOW,RUNNING,19.6,6.86,LIGHT,79.79,LOW,RUNNING,17.86,4.56,LIGHT,74.17,LOW,RUNNING,15.79,3.5,LIGHT,69.99,LOW,RUNNING,27.96,52.0,223.1,0.25,22.0,COOLING,0.25,22.0,COOLING,0.25,22.0,COOLING,0.25,22.0,COOLING,23.361,22.133,21.977,22.127,22.399,23.361,21.977,1.384,1123.54,147.25,150.38,144.16,255.0,340.0,255.0,340.0,182.71,264.72,323.8,264.85,-289.67,117.17,53.83,118.67,875.0,875.0,875.0,875.0,396.58,-5.86,-91.99,-7.32,1565.33,1190.0,1036.08,3500.0,291.41,0.972,0.0,0.0,0.936,22.5,TARGETED_WEST_COMPUTE_COOL,4.1189
1,Localized Heavy Compute,0,112,1120.0,14,3,4,3,4,93.07,84.65,HEAVY,288.31,VERY HIGH,HEAVY LOAD,89.23,79.28,HEAVY,275.46,VERY HIGH,HEAVY LOAD,91.11,82.05,HEAVY,281.96,VERY HIGH,HEAVY LOAD,89.19,80.42,HEAVY,277.12,VERY HIGH,HEAVY LOAD,15.92,4.72,LIGHT,71.98,LOW,RUNNING,17.83,5.59,LIGHT,75.67,LOW,RUNNING,15.39,4.38,LIGHT,70.81,LOW,RUNNING,19.59,6.82,LIGHT,79.72,LOW,RUNNING,17.75,4.47,LIGHT,73.89,LOW,RUNNING,15.67,3.45,LIGHT,69.76,LOW,RUNNING,27.97,52.0,223.3,0.25,22.0,COOLING,0.25,22.0,COOLING,0.25,22.0,COOLING,0.25,22.0,COOLING,23.369,22.133,21.975,22.127,22.401,23.369,21.975,1.394,1122.85,147.65,150.53,143.65,255.0,340.0,255.0,340.0,182.83,265.06,324.24,265.18,-291.58,117.83,54.42,119.33,875.0,875.0,875.0,875.0,394.1,-4.46,-90.81,-6.84,1564.68,1190.0,1037.31,3500.0,291.99,0.983,0.0,0.0,0.92,22.5,TARGETED_WEST_COMPUTE_COOL,4.1746
1,Localized Heavy Compute,0,113,1130.0,14,3,4,3,4,93.15,84.58,HEAVY,288.31,VERY HIGH,HEAVY LOAD,89.14,79.15,HEAVY,275.15,VERY HIGH,HEAVY LOAD,90.93,81.97,HEAVY,281.62,VERY HIGH,HEAVY LOAD,89.09,80.48,HEAVY,277.08,VERY HIGH,HEAVY LOAD,15.98,4.79,LIGHT,72.16,LOW,RUNNING,17.96,5.67,LIGHT,75.95,LOW,RUNNING,15.48,4.4,LIGHT,70.95,LOW,RUNNING,19.56,6.76,LIGHT,79.59,LOW,RUNNING,17.62,4.38,LIGHT,73.59,LOW,RUNNING,15.57,3.41,LIGHT,69.58,LOW,RUNNING,27.97,52.0,223.5,0.25,22.0,COOLING,0.25,22.0,COOLING,0.25,22.0,COOLING,0.25,22.0,COOLING,23.377,22.133,21.973,22.127,22.402,23.377,21.973,1.404,1122.16,148.11,150.54,143.17,255.0,340.0,255.0,340.0,182.73,265.19,324.45,265.31,-293.49,118.49,55.01,119.99,875.0,875.0,875.0,875.0,391.4,-3.21,-90.0,-6.53,1563.98,1190.0,1037.68,3500.0,291.66,0.995,0.0,0.0,0.929,22.5,TARGETED_WEST_COMPUTE_COOL,4.2248
1,Localized Heavy Compute,0,114,1140.0,14,3,4,3,4,93.19,84.48,HEAVY,288.21,VERY HIGH,HEAVY LOAD,89.01,79.02,HEAVY,274.79,VERY HIGH,HEAVY LOAD,90.76,81.92,HEAVY,281.33,VERY HIGH,HEAVY LOAD,89.03,80.56,HEAVY,277.13,VERY HIGH,HEAVY LOAD,16.06,4.87,LIGHT,72.38,LOW,RUNNING,18.1,5.75,LIGHT,76.25,LOW,RUNNING,15.55,4.4,LIGHT,71.04,LOW,RUNNING,19.5,6.68,LIGHT,79.39,LOW,RUNNING,17.49,4.3,LIGHT,73.31,LOW,RUNNING,15.49,3.4,LIGHT,69.46,LOW,RUNNING,27.98,52.0,223.8,0.25,22.0,COOLING,0.25,22.0,COOLING,0.25,22.0,COOLING,0.25,22.0,COOLING,23.385,22.133,21.971,22.127,22.404,23.385,21.971,1.414,1121.46,148.63,150.43,142.77,255.0,340.0,255.0,340.0,182.88,265.59,324.97,265.72,-295.4,119.15,55.6,120.65,875.0,875.0,875.0,875.0,388.94,-1.63,-89.0,-5.86,1563.29,1190.0,1039.16,3500.0,292.45,1.0,0.0,0.0,0.969,22.5,TARGETED_WEST_COMPUTE_COOL,4.2692
1,Localized Heavy Compute,0,115,1150.0,14,3,4,3,4,93.2,84.37,HEAVY,288.06,VERY HIGH,HEAVY LOAD,88.86,78.9,HEAVY,274.43,VERY HIGH,HEAVY LOAD,90.59,81.9,HEAVY,281.09,VERY HIGH,HEAVY LOAD,89.0,80.66,HEAVY,277.24,VERY HIGH,HEAVY LOAD,16.16,4.96,LIGHT,72.64,LOW,RUNNING,18.23,5.81,LIGHT,76.5,LOW,RUNNING,15.59,4.38,LIGHT,71.06,LOW,RUNNING,19.41,6.6,LIGHT,79.16,LOW,RUNNING,17.35,4.23,LIGHT,73.03,LOW,RUNNING,15.43,3.41,LIGHT,69.4,LOW,RUNNING,27.98,52.0,224.0,0.25,22.0,COOLING,0.25,22.0,COOLING,0.25,22.0,COOLING,0.25,22.0,COOLING,23.393,22.133,21.969,22.127,22.405,23.393,21.969,1.424,1120.82,149.14,150.22,142.43,255.0,340.0,255.0,340.0,182.79,265.71,325.19,265.84,-297.31,119.81,56.19,121.31,875.0,875.0,875.0,875.0,386.3,-0.34,-88.4,-5.42,1562.61,1190.0,1039.53,3500.0,292.14,1.0,0.0,0.0,0.981,22.5,TARGETED_WEST_COMPUTE_COOL,4.3221
1,Localized Heavy Compute,0,116,1160.0,14,3,4,3,4,93.16,84.24,HEAVY,287.81,VERY HIGH,HEAVY LOAD,88.69,78.79,HEAVY,274.05,VERY HIGH,HEAVY LOAD,90.45,81.91,HEAVY,280.93,VERY HIGH,HEAVY LOAD,89.01,80.77,HEAVY,277.42,VERY HIGH,HEAVY LOAD,16.27,5.05,LIGHT,72.91,LOW,RUNNING,18.35,5.86,LIGHT,76.73,LOW,RUNNING,15.6,4.34,LIGHT,71.01,LOW,RUNNING,19.3,6.51,LIGHT,78.89,LOW,RUNNING,17.23,4.17,LIGHT,72.79,LOW,RUNNING,15.4,3.43,LIGHT,69.39,LOW,RUNNING,27.98,52.0,224.2,0.25,22.0,COOLING,0.25,22.0,COOLING,0.25,22.0,COOLING,0.25,22.0,COOLING,23.401,22.133,21.967,22.127,22.407,23.401,21.967,1.434,1120.21,149.64,149.9,142.18,255.0,340.0,255.0,340.0,182.7,265.83,325.41,265.96,-299.22,120.47,56.78,121.97,875.0,875.0,875.0,875.0,383.69,0.94,-87.91,-4.89,1561.93,1190.0,1039.9,3500.0,291.83,1.0,0.0,0.0,0.993,22.5,TARGETED_WEST_COMPUTE_COOL,4.3755
1,Localized Heavy Compute,0,117,1170.0,14,3,4,3,4,93.08,84.11,HEAVY,287.51,VERY HIGH,HEAVY LOAD,88.52,78.7,HEAVY,273.7,VERY HIGH,HEAVY LOAD,90.34,81.95,HEAVY,280.85,VERY HIGH,HEAVY LOAD,89.07,80.9,HEAVY,277.69,VERY HIGH,HEAVY LOAD,16.4,5.13,LIGHT,73.19,LOW,RUNNING,18.45,5.89,LIGHT,76.9,LOW,RUNNING,15.58,4.29,LIGHT,70.91,LOW,RUNNING,19.18,6.42,LIGHT,78.6,LOW,RUNNING,17.11,4.13,LIGHT,72.58,LOW,RUNNING,15.4,3.48,LIGHT,69.47,LOW,RUNNING,27.99,52.0,224.4,0.25,22.0,COOLING,0.25,22.0,COOLING,0.25,22.0,COOLING,0.25,22.0,COOLING,23.409,22.133,21.965,22.127,22.409,23.409,21.965,1.444,1119.75,150.09,149.51,142.05,255.0,340.0,255.0,340.0,182.81,266.18,325.84,266.3,-301.13,121.13,57.37,122.63,875.0,875.0,875.0,875.0,381.43,2.4,-87.28,-4.02,1561.4,1190.0,1041.13,3500.0,292.53,1.0,0.0,0.0,1.0,22.5,TARGETED_WEST_COMPUTE_COOL,4.4304
1,Localized Heavy Compute,0,118,1180.0,14,3,4,3,4,92.97,83.98,HEAVY,287.18,VERY HIGH,HEAVY LOAD,88.34,78.64,HEAVY,273.38,VERY HIGH,HEAVY LOAD,90.25,82.02,HEAVY,280.84,VERY HIGH,HEAVY LOAD,89.16,81.04,HEAVY,278.01,VERY HIGH,HEAVY LOAD,16.54,5.21,LIGHT,73.49,LOW,RUNNING,18.52,5.9,LIGHT,77.0,LOW,RUNNING,15.53,4.22,LIGHT,70.74,LOW,RUNNING,19.05,6.34,LIGHT,78.32,LOW,RUNNING,17.02,4.1,LIGHT,72.43,LOW,RUNNING,15.44,3.54,LIGHT,69.61,LOW,RUNNING,27.99,52.0,224.6,0.25,22.0,COOLING,0.25,22.0,COOLING,0.25,22.0,COOLING,0.25,22.0,COOLING,23.417,22.133,21.963,22.127,22.41,23.417,21.963,1.454,1119.41,150.49,149.06,142.04,255.0,340.0,255.0,340.0,182.71,266.31,326.06,266.43,-303.04,121.79,57.96,123.29,875.0,875.0,875.0,875.0,379.08,3.59,-86.92,-3.24,1561.0,1190.0,1041.51,3500.0,292.51,1.0,0.0,0.0,1.0,22.5,TARGETED_WEST_COMPUTE_COOL,4.4875
1,Localized Heavy Compute,0,119,1190.0,14,3,4,3,4,92.83,83.85,HEAVY,286.81,VERY HIGH,HEAVY LOAD,88.17,78.61,HEAVY,273.13,VERY HIGH,HEAVY LOAD,90.21,82.11,HEAVY,280.93,VERY HIGH,HEAVY LOAD,89.28,81.17,HEAVY,278.36,VERY HIGH,HEAVY LOAD,16.67,5.28,LIGHT,73.76,LOW,RUNNING,18.58,5.89,LIGHT,77.06,LOW,RUNNING,15.45,4.14,LIGHT,70.52,LOW,RUNNING,18.91,6.26,LIGHT,78.03,LOW,RUNNING,16.95,4.1,LIGHT,72.34,LOW,RUNNING,15.5,3.61,LIGHT,69.79,LOW,RUNNING,28.0,52.0,224.8,0.25,22.0,COOLING,0.25,22.0,COOLING,0.25,22.0,COOLING,0.25,22.0,COOLING,23.425,22.133,21.961,22.127,22.412,23.425,21.961,1.464,1119.23,150.82,148.55,142.13,255.0,340.0,255.0,340.0,182.83,266.64,326.5,266.77,-304.95,122.45,58.55,123.95,875.0,875.0,875.0,875.0,377.11,4.91,-86.4,-2.15,1560.73,1190.0,1042.74,3500.0,293.47,1.0,0.0,0.0,1.0,22.5,TARGETED_WEST_COMPUTE_COOL,4.5453
1,Localized Heavy Compute,0,120,1200.0,14,3,4,3,4,92.67,83.74,HEAVY,286.45,VERY HIGH,HEAVY LOAD,88.01,78.6,HEAVY,272.91,VERY HIGH,HEAVY LOAD,90.2,82.22,HEAVY,281.08,VERY HIGH,HEAVY LOAD,89.42,81.29,HEAVY,278.71,VERY HIGH,HEAVY LOAD,16.79,5.34,LIGHT,74.0,LOW,RUNNING,18.6,5.86,LIGHT,77.04,LOW,RUNNING,15.35,4.05,LIGHT,70.26,LOW,RUNNING,18.78,6.19,LIGHT,77.76,LOW,RUNNING,16.91,4.12,LIGHT,72.32,LOW,RUNNING,15.58,3.69,LIGHT,70.01,LOW,RUNNING,28.0,52.0,225.0,0.25,22.0,COOLING,0.25,22.0,COOLING,0.25,22.0,COOLING,0.25,22.0,COOLING,23.433,22.133,21.959,22.127,22.413,23.433,21.959,1.474,1119.15,151.04,148.02,142.33,255.0,340.0,255.0,340.0,182.74,266.76,326.72,266.89,-306.86,123.11,59.14,124.61,875.0,875.0,875.0,875.0,375.03,5.91,-86.12,-1.17,1560.54,1190.0,1043.11,3500.0,293.65,1.0,0.0,0.0,1.0,22.5,TARGETED_WEST_COMPUTE_COOL,4.6037
1,Localized Heavy Compute,0,121,1210.0,14,3,4,3,4,92.5,83.64,HEAVY,286.09,VERY HIGH,HEAVY LOAD,87.88,78.63,HEAVY,272.79,VERY HIGH,HEAVY LOAD,90.24,82.34,HEAVY,281.31,VERY HIGH,HEAVY LOAD,89.59,81.4,HEAVY,279.09,VERY HIGH,HEAVY LOAD,16.9,5.38,LIGHT,74.19,LOW,RUNNING,18.59,5.81,LIGHT,76.95,LOW,RUNNING,15.24,3.96,LIGHT,69.99,LOW,RUNNING,18.66,6.14,LIGHT,77.53,LOW,RUNNING,16.9,4.15,LIGHT,72.35,LOW,RUNNING,15.69,3.78,LIGHT,70.28,LOW,RUNNING,28.0,52.0,225.2,0.25,22.0,COOLING,0.25,22.0,COOLING,0.25,22.0,COOLING,0.25,22.0,COOLING,23.441,22.133,21.957,22.127,22.415,23.441,21.957,1.484,1119.28,151.14,147.52,142.63,255.0,340.0,255.0,340.0,182.64,266.89,326.93,267.02,-308.77,123.77,59.73,125.27,875.0,875.0,875.0,875.0,373.15,6.8,-85.82,-0.08,1560.57,1190.0,1043.48,3500.0,294.05,1.0,0.0,0.0,1.0,22.5,TARGETED_WEST_COMPUTE_COOL,4.6628
1,Localized Heavy Compute,0,122,1220.0,14,3,4,3,4,92.32,83.56,HEAVY,285.74,VERY HIGH,HEAVY LOAD,87.79,78.68,HEAVY,272.76,VERY HIGH,HEAVY LOAD,90.31,82.48,HEAVY,281.61,VERY HIGH,HEAVY LOAD,89.77,81.49,HEAVY,279.45,VERY HIGH,HEAVY LOAD,16.99,5.4,LIGHT,74.34,LOW,RUNNING,18.55,5.75,LIGHT,76.81,LOW,RUNNING,15.11,3.87,LIGHT,69.69,LOW,RUNNING,18.56,6.11,LIGHT,77.37,LOW,RUNNING,16.92,4.21,LIGHT,72.47,LOW,RUNNING,15.81,3.87,LIGHT,70.57,LOW,RUNNING,28.01,52.0,225.4,0.25,22.0,COOLING,0.25,22.0,COOLING,0.25,22.0,COOLING,0.25,22.0,COOLING,23.449,22.133,21.955,22.127,22.416,23.449,21.955,1.494,1119.56,151.15,147.06,143.04,255.0,340.0,255.0,340.0,182.75,267.24,327.36,267.36,-310.68,124.43,60.32,125.93,875.0,875.0,875.0,875.0,371.63,7.82,-85.26,1.33,1560.81,1190.0,1044.71,3500.0,295.52,1.0,0.0,0.0,1.0,22.5,TARGETED_WEST_COMPUTE_COOL,4.7224
1,Localized Heavy Compute,0,123,1230.0,14,3,4,3,4,92.14,83.52,HEAVY,285.45,VERY HIGH,HEAVY LOAD,87.72,78.76,HEAVY,272.79,VERY HIGH,HEAVY LOAD,90.42,82.61,HEAVY,281.94,VERY HIGH,HEAVY LOAD,89.95,81.56,HEAVY,279.78,VERY HIGH,HEAVY LOAD,17.06,5.4,LIGHT,74.42,LOW,RUNNING,18.49,5.68,LIGHT,76.63,LOW,RUNNING,14.97,3.79,LIGHT,69.4,LOW,RUNNING,18.48,6.1,LIGHT,77.25,LOW,RUNNING,16.97,4.27,LIGHT,72.62,LOW,RUNNING,15.94,3.96,LIGHT,70.86,LOW,RUNNING,28.01,52.0,225.6,0.25,22.0,COOLING,0.25,22.0,COOLING,0.25,22.0,COOLING,0.25,22.0,COOLING,23.457,22.133,21.953,22.127,22.418,23.457,21.953,1.504,1119.96,151.05,146.65,143.48,255.0,340.0,255.0,340.0,182.66,267.36,327.58,267.48,-312.59,125.09,60.91,126.59,875.0,875.0,875.0,875.0,370.03,8.5,-84.86,2.55,1561.14,1190.0,1045.08,3500.0,296.22,1.0,0.0,0.0,1.0,22.5,TARGETED_WEST_COMPUTE_COOL,4.7826
1,Localized Heavy Compute,0,124,1240.0,14,3,4,3,4,91.98,83.5,HEAVY,285.23,VERY HIGH,HEAVY LOAD,87.7,78.87,HEAVY,272.93,VERY HIGH,HEAVY LOAD,90.55,82.74,HEAVY,282.3,VERY HIGH,HEAVY LOAD,90.12,81.59,HEAVY,280.04,VERY HIGH,HEAVY LOAD,17.09,5.38,LIGHT,74.43,LOW,RUNNING,18.4,5.59,LIGHT,76.39,LOW,RUNNING,14.84,3.72,LIGHT,69.13,LOW,RUNNING,18.43,6.11,LIGHT,77.2,LOW,RUNNING,17.04,4.35,LIGHT,72.83,LOW,RUNNING,16.08,4.03,LIGHT,71.14,LOW,RUNNING,28.02,52.0,225.8,0.25,22.0,COOLING,0.25,22.0,COOLING,0.25,22.0,COOLING,0.25,22.0,COOLING,23.465,22.133,21.951,22.127,22.419,23.465,21.951,1.514,1120.5,150.82,146.33,143.97,255.0,340.0,255.0,340.0,182.77,267.69,328.01,267.82,-314.5,125.75,61.5,127.25,875.0,875.0,875.0,875.0,368.77,9.26,-84.16,4.04,1561.62,1190.0,1046.29,3500.0,297.91,1.0,0.0,0.0,1.0,22.5,TARGETED_WEST_COMPUTE_COOL,4.8434
1,Localized Heavy Compute,0,125,1250.0,14,3,4,3,4,91.84,83.51,HEAVY,285.07,VERY HIGH,HEAVY LOAD,87.72,78.99,HEAVY,273.13,VERY HIGH,HEAVY LOAD,90.71,82.86,HEAVY,282.68,VERY HIGH,HEAVY LOAD,90.27,81.6,HEAVY,280.24,VERY HIGH,HEAVY LOAD,17.1,5.34,LIGHT,74.39,LOW,RUNNING,18.29,5.5,LIGHT,76.11,LOW,RUNNING,14.72,3.67,LIGHT,68.91,LOW,RUNNING,18.4,6.14,LIGHT,77.21,LOW,RUNNING,17.14,4.44,LIGHT,73.08,LOW,RUNNING,16.21,4.1,LIGHT,71.41,LOW,RUNNING,28.02,52.0,226.0,0.25,22.0,COOLING,0.25,22.0,COOLING,0.25,22.0,COOLING,0.25,22.0,COOLING,23.472,22.133,21.949,22.127,22.42,23.472,21.949,1.523,1121.12,150.5,146.12,144.49,255.0,340.0,255.0,340.0,182.68,267.82,328.23,267.95,-316.41,126.41,62.09,127.91,875.0,875.0,875.0,875.0,367.39,9.73,-83.56,5.35,1562.23,1190.0,1046.68,3500.0,298.91,1.0,0.0,0.0,1.0,22.5,TARGETED_WEST_COMPUTE_COOL,4.8982
1,Localized Heavy Compute,0,126,1260.0,14,3,4,3,4,91.73,83.55,HEAVY,284.99,VERY HIGH,HEAVY LOAD,87.77,79.12,HEAVY,273.39,VERY HIGH,HEAVY LOAD,90.89,82.95,HEAVY,283.04,VERY HIGH,HEAVY LOAD,90.41,81.58,HEAVY,280.38,VERY HIGH,HEAVY LOAD,17.08,5.28,LIGHT,74.27,LOW,RUNNING,18.17,5.41,LIGHT,75.83,LOW,RUNNING,14.61,3.62,LIGHT,68.69,LOW,RUNNING,18.41,6.18,LIGHT,77.28,LOW,RUNNING,17.25,4.53,LIGHT,73.36,LOW,RUNNING,16.33,4.15,LIGHT,71.64,LOW,RUNNING,28.02,52.0,226.2,0.25,22.0,COOLING,0.25,22.0,COOLING,0.25,22.0,COOLING,0.25,22.0,COOLING,23.479,22.133,21.947,22.127,22.421,23.479,21.947,1.532,1121.8,150.1,145.97,145.0,255.0,340.0,255.0,340.0,182.61,267.95,328.45,268.08,-318.09,126.96,62.66,128.46,875.0,875.0,875.0,875.0,366.32,10.01,-82.92,6.54,1562.87,1190.0,1047.09,3500.0,299.95,1.0,0.0,0.0,1.0,22.5,TARGETED_WEST_COMPUTE_COOL,4.9538
1,Localized Heavy Compute,0,127,1270.0,14,3,4,3,4,91.65,83.62,HEAVY,284.99,VERY HIGH,HEAVY LOAD,87.86,79.25,HEAVY,273.7,VERY HIGH,HEAVY LOAD,91.07,83.03,HEAVY,283.38,VERY HIGH,HEAVY LOAD,90.51,81.52,HEAVY,280.42,VERY HIGH,HEAVY LOAD,17.02,5.21,LIGHT,74.09,LOW,RUNNING,18.04,5.33,LIGHT,75.55,LOW,RUNNING,14.52,3.6,LIGHT,68.55,LOW,RUNNING,18.44,6.24,LIGHT,77.41,LOW,RUNNING,17.38,4.62,LIGHT,73.66,LOW,RUNNING,16.43,4.19,LIGHT,71.82,LOW,RUNNING,28.03,52.0,226.5,0.25,22.0,COOLING,0.25,22.0,COOLING,0.25,22.0,COOLING,0.25,22.0,COOLING,23.486,22.133,21.945,22.127,22.423,23.486,21.945,1.541,1122.49,149.64,145.96,145.48,255.0,340.0,255.0,340.0,182.79,268.35,328.97,268.47,-319.76,127.51,63.24,129.01,875.0,875.0,875.0,875.0,365.52,10.5,-81.83,7.96,1563.57,1190.0,1048.58,3500.0,302.15,1.0,0.0,0.0,1.0,22.5,TARGETED_WEST_COMPUTE_COOL,5.0095
1,Localized Heavy Compute,0,128,1280.0,14,3,4,3,4,91.61,83.72,HEAVY,285.09,VERY HIGH,HEAVY LOAD,87.99,79.38,HEAVY,274.06,VERY HIGH,HEAVY LOAD,91.24,83.08,HEAVY,283.67,VERY HIGH,HEAVY LOAD,90.57,81.44,HEAVY,280.37,VERY HIGH,HEAVY LOAD,16.94,5.13,LIGHT,73.87,LOW,RUNNING,17.9,5.25,LIGHT,75.25,LOW,RUNNING,14.45,3.6,LIGHT,68.46,LOW,RUNNING,18.5,6.32,LIGHT,77.61,LOW,RUNNING,17.51,4.7,LIGHT,73.94,LOW,RUNNING,16.51,4.2,LIGHT,71.94,LOW,RUNNING,28.03,52.0,226.7,0.25,22.0,COOLING,0.25,22.0,COOLING,0.25,22.0,COOLING,0.25,22.0,COOLING,23.493,22.133,21.943,22.127,22.424,23.493,21.943,1.55,1123.19,149.12,146.07,145.88,255.0,340.0,255.0,340.0,182.71,268.48,329.19,268.6,-321.44,128.06,63.81,129.56,875.0,875.0,875.0,875.0,364.46,10.66,-80.93,9.04,1564.26,1190.0,1048.98,3500.0,303.23,1.0,0.0,0.0,1.0,22.5,TARGETED_WEST_COMPUTE_COOL,5.0657
1,Localized Heavy Compute,0,129,1290.0,14,3,4,3,4,91.6,83.83,HEAVY,285.25,VERY HIGH,HEAVY LOAD,88.14,79.5,HEAVY,274.43,VERY HIGH,HEAVY LOAD,91.41,83.1,HEAVY,283.91,VERY HIGH,HEAVY LOAD,90.6,81.34,HEAVY,280.26,VERY HIGH,HEAVY LOAD,16.84,5.04,LIGHT,73.61,LOW,RUNNING,17.77,5.19,LIGHT,75.0,LOW,RUNNING,14.41,3.62,LIGHT,68.44,LOW,RUNNING,18.59,6.4,LIGHT,77.84,LOW,RUNNING,17.65,4.77,LIGHT,74.22,LOW,RUNNING,16.57,4.19,LIGHT,72.0,LOW,RUNNING,28.04,52.0,226.9,0.25,22.0,COOLING,0.25,22.0,COOLING,0.25,22.0,COOLING,0.25,22.0,COOLING,23.5,22.133,21.941,22.127,22.425,23.5,21.941,1.559,1123.85,148.61,146.28,146.22,255.0,340.0,255.0,340.0,182.85,268.81,329.63,268.94,-323.11,128.61,64.39,130.11,875.0,875.0,875.0,875.0,363.59,11.03,-79.7,10.27,1564.96,1190.0,1050.23,3500.0,305.19,1.0,0.0,0.0,1.0,22.5,TARGETED_WEST_COMPUTE_COOL,5.1222
1,Localized Heavy Compute,0,130,1300.0,14,3,4,3,4,91.64,83.96,HEAVY,285.49,VERY HIGH,HEAVY LOAD,88.31,79.61,HEAVY,274.8,VERY HIGH,HEAVY LOAD,91.55,83.09,HEAVY,284.07,VERY HIGH,HEAVY LOAD,90.59,81.23,HEAVY,280.08,VERY HIGH,HEAVY LOAD,16.73,4.95,LIGHT,73.34,LOW,RUNNING,17.65,5.14,LIGHT,74.77,LOW,RUNNING,14.4,3.66,LIGHT,68.49,LOW,RUNNING,18.7,6.49,LIGHT,78.11,LOW,RUNNING,17.77,4.83,LIGHT,74.46,LOW,RUNNING,16.6,4.17,LIGHT,72.0,LOW,RUNNING,28.04,52.0,227.1,0.25,22.0,COOLING,0.25,22.0,COOLING,0.25,22.0,COOLING,0.25,22.0,COOLING,23.507,22.133,21.939,22.127,22.427,23.507,21.939,1.568,1124.44,148.11,146.6,146.46,255.0,340.0,255.0,340.0,182.77,268.94,329.84,269.07,-324.79,129.16,64.97,130.66,875.0,875.0,875.0,875.0,362.42,11.21,-78.59,11.19,1565.61,1190.0,1050.62,3500.0,306.23,1.0,0.0,0.0,1.0,22.5,TARGETED_WEST_COMPUTE_COOL,5.179
1,Localized Heavy Compute,0,131,1310.0,14,3,4,3,4,91.72,84.09,HEAVY,285.78,VERY HIGH,HEAVY LOAD,88.48,79.7,HEAVY,275.15,VERY HIGH,HEAVY LOAD,91.66,83.05,HEAVY,284.15,VERY HIGH,HEAVY LOAD,90.53,81.1,HEAVY,279.81,VERY HIGH,HEAVY LOAD,16.6,4.87,LIGHT,73.06,LOW,RUNNING,17.55,5.11,LIGHT,74.6,LOW,RUNNING,14.42,3.71,LIGHT,68.59,LOW,RUNNING,18.82,6.58,LIGHT,78.4,LOW,RUNNING,17.89,4.87,LIGHT,74.67,LOW,RUNNING,16.6,4.12,LIGHT,71.93,LOW,RUNNING,28.05,52.0,227.3,0.25,22.0,COOLING,0.25,22.0,COOLING,0.25,22.0,COOLING,0.25,22.0,COOLING,23.514,22.133,21.937,22.127,22.428,23.514,21.937,1.577,1124.89,147.66,146.99,146.6,255.0,340.0,255.0,340.0,182.91,269.28,330.28,269.4,-326.46,129.71,65.54,131.21,875.0,875.0,875.0,875.0,361.34,11.65,-77.19,12.21,1566.14,1190.0,1051.87,3500.0,308.01,1.0,0.0,0.0,1.0,22.5,TARGETED_WEST_COMPUTE_COOL,5.236
1,Localized Heavy Compute,0,132,1320.0,14,3,4,3,4,91.83,84.22,HEAVY,286.12,VERY HIGH,HEAVY LOAD,88.66,79.76,HEAVY,275.47,VERY HIGH,HEAVY LOAD,91.75,82.98,HEAVY,284.16,VERY HIGH,HEAVY LOAD,90.44,80.96,HEAVY,279.49,VERY HIGH,HEAVY LOAD,16.46,4.79,LIGHT,72.76,LOW,RUNNING,17.48,5.1,LIGHT,74.5,LOW,RUNNING,14.47,3.78,LIGHT,68.76,LOW,RUNNING,18.95,6.66,LIGHT,78.68,LOW,RUNNING,17.98,4.9,LIGHT,74.82,LOW,RUNNING,16.56,4.06,LIGHT,71.79,LOW,RUNNING,28.05,52.0,227.5,0.25,22.0,COOLING,0.25,22.0,COOLING,0.25,22.0,COOLING,0.25,22.0,COOLING,23.521,22.133,21.935,22.127,22.429,23.521,21.935,1.586,1125.24,147.26,147.44,146.61,255.0,340.0,255.0,340.0,182.83,269.41,330.49,269.53,-328.14,130.26,66.11,131.76,875.0,875.0,875.0,875.0,359.93,11.93,-75.96,12.9,1566.55,1190.0,1052.26,3500.0,308.8,1.0,0.0,0.0,1.0,22.5,TARGETED_WEST_COMPUTE_COOL,5.2933
1,Localized Heavy Compute,0,133,1330.0,14,3,4,3,4,91.97,84.35,HEAVY,286.49,VERY HIGH,HEAVY LOAD,88.83,79.79,HEAVY,275.72,VERY HIGH,HEAVY LOAD,91.79,82.89,HEAVY,284.07,VERY HIGH,HEAVY LOAD,90.32,80.83,HEAVY,279.14,VERY HIGH,HEAVY LOAD,16.33,4.72,LIGHT,72.49,LOW,RUNNING,17.42,5.11,LIGHT,74.44,LOW,RUNNING,14.55,3.86,LIGHT,68.98,LOW,RUNNING,19.09,6.74,LIGHT,78.97,LOW,RUNNING,18.05,4.9,LIGHT,74.91,LOW,RUNNING,16.5,3.99,LIGHT,71.61,LOW,RUNNING,28.05,52.0,227.7,0.25,22.0,COOLING,0.25,22.0,COOLING,0.25,22.0,COOLING,0.25,22.0,COOLING,23.528,22.133,21.933,22.127,22.43,23.528,21.933,1.595,1125.42,146.93,147.95,146.52,255.0,340.0,255.0,340.0,182.76,269.53,330.71,269.65,-329.81,130.81,66.69,132.31,875.0,875.0,875.0,875.0,358.37,12.27,-74.65,13.48,1566.82,1190.0,1052.65,3500.0,309.47,1.0,0.0,0.0,1.0,22.5,TARGETED_WEST_COMPUTE_COOL,5.3508
1,Localized Heavy Compute,0,134,1340.0,14,3,4,3,4,92.13,84.46,HEAVY,286.85,VERY HIGH,HEAVY LOAD,88.99,79.8,HEAVY,275.94,VERY HIGH,HEAVY LOAD,91.8,82.78,HEAVY,283.92,VERY HIGH,HEAVY LOAD,90.18,80.71,HEAVY,278.79,VERY HIGH,HEAVY LOAD,16.21,4.66,LIGHT,72.25,LOW,RUNNING,17.4,5.14,LIGHT,74.46,LOW,RUNNING,14.65,3.95,LIGHT,69.24,LOW,RUNNING,19.22,6.81,LIGHT,79.24,LOW,RUNNING,18.09,4.88,LIGHT,74.93,LOW,RUNNING,16.42,3.91,LIGHT,71.39,LOW,RUNNING,28.06,52.0,227.9,0.25,22.0,COOLING,0.25,22.0,COOLING,0.25,22.0,COOLING,0.25,22.0,COOLING,23.535,22.133,21.932,22.127,22.432,23.535,21.932,1.603,1125.5,146.71,148.48,146.32,255.0,340.0,255.0,340.0,182.9,269.87,331.14,270.0,-331.48,131.36,67.26,132.86,875.0,875.0,875.0,875.0,356.92,12.94,-73.12,14.18,1567.01,1190.0,1053.91,3500.0,310.92,1.0,0.0,0.0,1.0,22.5,TARGETED_WEST_COMPUTE_COOL,5.4023
1,Localized Heavy Compute,0,135,1350.0,14,3,4,3,4,92.3,84.56,HEAVY,287.22,VERY HIGH,HEAVY LOAD,89.12,79.77,HEAVY,276.06,VERY HIGH,HEAVY LOAD,91.76,82.66,HEAVY,283.69,VERY HIGH,HEAVY LOAD,90.01,80.6,HEAVY,278.41,VERY HIGH,HEAVY LOAD,16.1,4.62,LIGHT,72.06,LOW,RUNNING,17.41,5.19,LIGHT,74.55,LOW,RUNNING,14.76,4.04,LIGHT,69.51,LOW,RUNNING,19.34,6.86,LIGHT,79.47,LOW,RUNNING,18.1,4.85,LIGHT,74.9,LOW,RUNNING,16.31,3.82,LIGHT,71.12,LOW,RUNNING,28.06,52.0,228.1,0.25,22.0,COOLING,0.25,22.0,COOLING,0.25,22.0,COOLING,0.25,22.0,COOLING,23.542,22.133,21.931,22.127,22.433,23.542,21.931,1.611,1125.38,146.61,148.98,146.02,255.0,340.0,255.0,340.0,182.83,269.99,331.34,270.12,-333.15,132.02,67.61,133.52,875.0,875.0,875.0,875.0,355.06,13.62,-72.07,14.66,1566.99,1190.0,1054.28,3500.0,311.27,1.0,0.0,0.0,1.0,22.5,TARGETED_WEST_COMPUTE_COOL,5.4542
1,Localized Heavy Compute,0,136,1360.0,14,3,4,3,4,92.48,84.64,HEAVY,287.56,VERY HIGH,HEAVY LOAD,89.21,79.72,HEAVY,276.09,VERY HIGH,HEAVY LOAD,91.69,82.52,HEAVY,283.39,VERY HIGH,HEAVY LOAD,89.83,80.51,HEAVY,278.05,VERY HIGH,HEAVY LOAD,16.01,4.6,LIGHT,71.91,LOW,RUNNING,17.45,5.25,LIGHT,74.69,LOW,RUNNING,14.89,4.13,LIGHT,69.81,LOW,RUNNING,19.44,6.89,LIGHT,79.63,LOW,RUNNING,18.08,4.79,LIGHT,74.78,LOW,RUNNING,16.19,3.73,LIGHT,70.83,LOW,RUNNING,28.07,52.0,228.3,0.25,22.0,COOLING,0.25,22.0,COOLING,0.25,22.0,COOLING,0.25,22.0,COOLING,23.549,22.133,21.93,22.127,22.435,23.549,21.93,1.619,1125.09,146.6,149.44,145.61,255.0,340.0,255.0,340.0,182.96,270.34,331.75,270.46,-334.81,132.68,67.94,134.18,875.0,875.0,875.0,875.0,353.24,14.62,-70.87,15.25,1566.74,1190.0,1055.51,3500.0,312.24,1.0,0.0,0.0,1.0,22.5,TARGETED_WEST_COMPUTE_COOL,5.5063
1,Localized Heavy Compute,0,137,1370.0,14,3,4,3,4,92.66,84.68,HEAVY,287.85,VERY HIGH,HEAVY LOAD,89.28,79.64,HEAVY,276.06,VERY HIGH,HEAVY LOAD,91.58,82.39,HEAVY,283.06,VERY HIGH,HEAVY LOAD,89.65,80.44,HEAVY,277.72,VERY HIGH,HEAVY LOAD,15.94,4.6,LIGHT,71.83,LOW,RUNNING,17.51,5.32,LIGHT,74.87,LOW,RUNNING,15.03,4.21,LIGHT,70.1,LOW,RUNNING,19.52,6.9,LIGHT,79.75,LOW,RUNNING,18.03,4.73,LIGHT,74.63,LOW,RUNNING,16.06,3.64,LIGHT,70.53,LOW,RUNNING,28.07,52.0,228.5,0.25,22.0,COOLING,0.25,22.0,COOLING,0.25,22.0,COOLING,0.25,22.0,COOLING,23.556,22.133,21.929,22.127,22.436,23.556,21.929,1.627,1124.69,146.7,149.85,145.16,255.0,340.0,255.0,340.0,182.89,270.46,331.95,270.58,-336.47,133.34,68.28,134.84,875.0,875.0,875.0,875.0,351.11,15.5,-69.92,15.58,1566.4,1190.0,1055.88,3500.0,312.27,1.0,0.0,0.0,1.0,22.5,TARGETED_WEST_COMPUTE_COOL,5.5587
1,Localized Heavy Compute,0,138,1380.0,14,3,4,3,4,92.82,84.7,HEAVY,288.07,VERY HIGH,HEAVY LOAD,89.3,79.53,HEAVY,275.92,VERY HIGH,HEAVY LOAD,91.45,82.26,HEAVY,282.7,VERY HIGH,HEAVY LOAD,89.48,80.41,HEAVY,277.47,VERY HIGH,HEAVY LOAD,15.91,4.62,LIGHT,71.82,LOW,RUNNING,17.6,5.41,LIGHT,75.11,LOW,RUNNING,15.16,4.28,LIGHT,70.37,LOW,RUNNING,19.57,6.89,LIGHT,79.8,LOW,RUNNING,17.96,4.65,LIGHT,74.43,LOW,RUNNING,15.92,3.57,LIGHT,70.26,LOW,RUNNING,28.07,52.0,228.8,0.25,22.0,COOLING,0.25,22.0,COOLING,0.25,22.0,COOLING,0.25,22.0,COOLING,23.563,22.133,21.928,22.127,22.438,23.563,21.928,1.635,1124.16,146.93,150.17,144.69,255.0,340.0,255.0,340.0,182.85,270.65,332.23,270.77,-338.13,134.0,68.63,135.5,875.0,875.0,875.0,875.0,348.88,16.58,-68.97,15.96,1565.95,1190.0,1056.5,3500.0,312.45,1.0,0.0,0.0,1.0,22.5,TARGETED_WEST_COMPUTE_COOL,5.6113
1,Localized Heavy Compute,0,139,1390.0,14,3,4,3,4,92.96,84.69,HEAVY,288.24,VERY HIGH,HEAVY LOAD,89.28,79.41,HEAVY,275.72,VERY HIGH,HEAVY LOAD,91.29,82.14,HEAVY,282.32,VERY HIGH,HEAVY LOAD,89.33,80.4,HEAVY,277.26,VERY HIGH,HEAVY LOAD,15.9,4.66,LIGHT,71.86,LOW,RUNNING,17.71,5.5,LIGHT,75.39,LOW,RUNNING,15.28,4.33,LIGHT,70.59,LOW,RUNNING,19.6,6.86,LIGHT,79.79,LOW,RUNNING,17.86,4.56,LIGHT,74.17,LOW,RUNNING,15.79,3.5,LIGHT,69.99,LOW,RUNNING,28.08,52.0,229.0,0.25,22.0,COOLING,0.25,22.0,COOLING,0.25,22.0,COOLING,0.25,22.0,COOLING,23.57,22.133,21.927,22.127,22.439,23.57,21.927,1.643,1123.54,147.25,150.38,144.16,255.0,340.0,255.0,340.0,183.0,270.98,332.65,271.11,-339.78,134.66,68.96,136.16,875.0,875.0,875.0,875.0,346.76,17.89,-68.01,16.43,1565.33,1190.0,1057.74,3500.0,313.07,1.0,0.0,0.0,1.0,22.5,TARGETED_WEST_COMPUTE_COOL,5.6643
1,Localized Heavy Compute,0,140,1400.0,14,3,4,3,4,93.07,84.65,HEAVY,288.31,VERY HIGH,HEAVY LOAD,89.23,79.28,HEAVY,275.46,VERY HIGH,HEAVY LOAD,91.11,82.05,HEAVY,281.96,VERY HIGH,HEAVY LOAD,89.19,80.42,HEAVY,277.12,VERY HIGH,HEAVY LOAD,15.92,4.72,LIGHT,71.98,LOW,RUNNING,17.83,5.59,LIGHT,75.67,LOW,RUNNING,15.39,4.38,LIGHT,70.81,LOW,RUNNING,19.59,6.82,LIGHT,79.72,LOW,RUNNING,17.75,4.47,LIGHT,73.89,LOW,RUNNING,15.67,3.45,LIGHT,69.76,LOW,RUNNING,28.08,52.0,229.2,0.25,22.0,COOLING,0.25,22.0,COOLING,0.25,22.0,COOLING,0.25,22.0,COOLING,23.577,22.133,21.926,22.127,22.441,23.577,21.926,1.651,1122.85,147.65,150.53,143.65,255.0,340.0,255.0,340.0,182.91,271.11,332.84,271.24,-341.45,135.32,69.3,136.82,875.0,875.0,875.0,875.0,344.31,19.08,-67.33,16.71,1564.68,1190.0,1058.1,3500.0,312.77,1.0,0.0,0.0,1.0,22.5,TARGETED_WEST_COMPUTE_COOL,5.7176
1,Localized Heavy Compute,0,141,1410.0,14,3,4,3,4,93.15,84.58,HEAVY,288.31,VERY HIGH,HEAVY LOAD,89.14,79.15,HEAVY,275.15,VERY HIGH,HEAVY LOAD,90.93,81.97,HEAVY,281.62,VERY HIGH,HEAVY LOAD,89.09,80.48,HEAVY,277.08,VERY HIGH,HEAVY LOAD,15.98,4.79,LIGHT,72.16,LOW,RUNNING,17.96,5.67,LIGHT,75.95,LOW,RUNNING,15.48,4.4,LIGHT,70.95,LOW,RUNNING,19.56,6.76,LIGHT,79.59,LOW,RUNNING,17.62,4.38,LIGHT,73.59,LOW,RUNNING,15.57,3.41,LIGHT,69.58,LOW,RUNNING,28.09,52.0,229.4,0.25,22.0,COOLING,0.25,22.0,COOLING,0.25,22.0,COOLING,0.25,22.0,COOLING,23.584,22.133,21.925,22.127,22.442,23.584,21.925,1.659,1122.16,148.11,150.54,143.17,255.0,340.0,255.0,340.0,183.05,271.46,333.25,271.58,-343.11,135.98,69.65,137.48,875.0,875.0,875.0,875.0,342.1,20.55,-66.56,17.23,1563.98,1190.0,1059.34,3500.0,313.32,1.0,0.0,0.0,1.0,22.5,TARGETED_WEST_COMPUTE_COOL,5.7712
1,Localized Heavy Compute,0,142,1420.0,14,3,4,3,4,93.19,84.48,HEAVY,288.21,VERY HIGH,HEAVY LOAD,89.01,79.02,HEAVY,274.79,VERY HIGH,HEAVY LOAD,90.76,81.92,HEAVY,281.33,VERY HIGH,HEAVY LOAD,89.03,80.56,HEAVY,277.13,VERY HIGH,HEAVY LOAD,16.06,4.87,LIGHT,72.38,LOW,RUNNING,18.1,5.75,LIGHT,76.25,LOW,RUNNING,15.55,4.4,LIGHT,71.04,LOW,RUNNING,19.5,6.68,LIGHT,79.39,LOW,RUNNING,17.49,4.3,LIGHT,73.31,LOW,RUNNING,15.49,3.4,LIGHT,69.46,LOW,RUNNING,28.09,52.0,229.6,0.25,22.0,COOLING,0.25,22.0,COOLING,0.25,22.0,COOLING,0.25,22.0,COOLING,23.591,22.133,21.924,22.127,22.444,23.591,21.924,1.667,1121.46,148.63,150.43,142.77,255.0,340.0,255.0,340.0,182.98,271.58,333.45,271.7,-344.77,136.64,69.98,138.14,875.0,875.0,875.0,875.0,339.67,21.85,-66.14,17.61,1563.29,1190.0,1059.71,3500.0,312.99,1.0,0.0,0.0,1.0,22.5,TARGETED_WEST_COMPUTE_COOL,5.8254
1,Localized Heavy Compute,0,143,1430.0,14,3,4,3,4,93.2,84.37,HEAVY,288.06,VERY HIGH,HEAVY LOAD,88.86,78.9,HEAVY,274.43,VERY HIGH,HEAVY LOAD,90.59,81.9,HEAVY,281.09,VERY HIGH,HEAVY LOAD,89.0,80.66,HEAVY,277.24,VERY HIGH,HEAVY LOAD,16.16,4.96,LIGHT,72.64,LOW,RUNNING,18.23,5.81,LIGHT,76.5,LOW,RUNNING,15.59,4.38,LIGHT,71.06,LOW,RUNNING,19.41,6.6,LIGHT,79.16,LOW,RUNNING,17.35,4.23,LIGHT,73.03,LOW,RUNNING,15.43,3.41,LIGHT,69.4,LOW,RUNNING,28.1,52.0,229.8,0.25,22.0,COOLING,0.25,22.0,COOLING,0.25,22.0,COOLING,0.25,22.0,COOLING,23.598,22.133,21.923,22.127,22.445,23.598,21.923,1.675,1120.82,149.14,150.22,142.43,255.0,340.0,255.0,340.0,183.11,271.91,333.85,272.04,-346.43,137.3,70.32,138.8,875.0,875.0,875.0,875.0,337.5,23.35,-65.61,18.27,1562.61,1190.0,1060.91,3500.0,313.51,1.0,0.0,0.0,1.0,22.5,TARGETED_WEST_COMPUTE_COOL,5.8799
1,Localized Heavy Compute,0,144,1440.0,14,3,4,3,4,93.16,84.24,HEAVY,287.81,VERY HIGH,HEAVY LOAD,88.69,78.79,HEAVY,274.05,VERY HIGH,HEAVY LOAD,90.45,81.91,HEAVY,280.93,VERY HIGH,HEAVY LOAD,89.01,80.77,HEAVY,277.42,VERY HIGH,HEAVY LOAD,16.27,5.05,LIGHT,72.91,LOW,RUNNING,18.35,5.86,LIGHT,76.73,LOW,RUNNING,15.6,4.34,LIGHT,71.01,LOW,RUNNING,19.3,6.51,LIGHT,78.89,LOW,RUNNING,17.23,4.17,LIGHT,72.79,LOW,RUNNING,15.4,3.43,LIGHT,69.39,LOW,RUNNING,28.1,52.0,230.0,0.25,22.0,COOLING,0.25,22.0,COOLING,0.25,22.0,COOLING,0.25,22.0,COOLING,23.605,22.134,21.922,22.127,22.447,23.605,21.922,1.683,1120.21,149.64,149.9,142.18,255.0,340.0,255.0,340.0,183.04,272.04,334.06,272.17,-348.08,137.96,70.67,139.46,875.0,875.0,875.0,875.0,335.17,24.64,-65.37,18.81,1561.93,1190.0,1061.31,3500.0,313.25,1.0,0.0,0.0,1.0,22.5,TARGETED_WEST_COMPUTE_COOL,5.934
1,Localized Heavy Compute,0,145,1450.0,14,3,4,3,4,93.08,84.11,HEAVY,287.51,VERY HIGH,HEAVY LOAD,88.52,78.7,HEAVY,273.7,VERY HIGH,HEAVY LOAD,90.34,81.95,HEAVY,280.85,VERY HIGH,HEAVY LOAD,89.07,80.9,HEAVY,277.69,VERY HIGH,HEAVY LOAD,16.4,5.13,LIGHT,73.19,LOW,RUNNING,18.45,5.89,LIGHT,76.9,LOW,RUNNING,15.58,4.29,LIGHT,70.91,LOW,RUNNING,19.18,6.42,LIGHT,78.6,LOW,RUNNING,17.11,4.13,LIGHT,72.58,LOW,RUNNING,15.4,3.48,LIGHT,69.47,LOW,RUNNING,28.1,52.0,230.2,0.25,22.0,COOLING,0.25,22.0,COOLING,0.25,22.0,COOLING,0.25,22.0,COOLING,23.612,22.135,21.921,22.127,22.449,23.612,21.921,1.691,1119.75,150.09,149.51,142.05,255.0,340.0,255.0,340.0,182.97,272.15,334.25,272.3,-349.64,138.39,71.11,140.14,875.0,875.0,875.0,875.0,333.08,25.63,-65.13,19.49,1561.4,1190.0,1061.67,3500.0,313.07,1.0,0.0,0.0,1.0,22.5,TARGETED_WEST_COMPUTE_COOL,5.9886
1,Localized Heavy Compute,0,146,1460.0,14,3,4,3,4,92.97,83.98,HEAVY,287.18,VERY HIGH,HEAVY LOAD,88.34,78.64,HEAVY,273.38,VERY HIGH,HEAVY LOAD,90.25,82.02,HEAVY,280.84,VERY HIGH,HEAVY LOAD,89.16,81.04,HEAVY,278.01,VERY HIGH,HEAVY LOAD,16.54,5.21,LIGHT,73.49,LOW,RUNNING,18.52,5.9,LIGHT,77.0,LOW,RUNNING,15.53,4.22,LIGHT,70.74,LOW,RUNNING,19.05,6.34,LIGHT,78.32,LOW,RUNNING,17.02,4.1,LIGHT,72.43,LOW,RUNNING,15.44,3.54,LIGHT,69.61,LOW,RUNNING,28.11,52.0,230.4,0.25,22.0,COOLING,0.25,22.0,COOLING,0.25,22.0,COOLING,0.25,22.0,COOLING,23.619,22.136,21.92,22.127,22.45,23.619,21.92,1.699,1119.41,150.49,149.06,142.04,255.0,340.0,255.0,340.0,183.11,272.46,334.66,272.63,-351.18,138.81,71.57,140.81,875.0,875.0,875.0,875.0,331.34,26.76,-64.71,20.48,1561.0,1190.0,1062.86,3500.0,313.87,1.0,0.0,0.0,1.0,22.5,TARGETED_WEST_COMPUTE_COOL,6.0436
1,Localized Heavy Compute,0,147,1470.0,14,3,4,3,4,92.83,83.85,HEAVY,286.81,VERY HIGH,HEAVY LOAD,88.17,78.61,HEAVY,273.13,VERY HIGH,HEAVY LOAD,90.21,82.11,HEAVY,280.93,VERY HIGH,HEAVY LOAD,89.28,81.17,HEAVY,278.36,VERY HIGH,HEAVY LOAD,16.67,5.28,LIGHT,73.76,LOW,RUNNING,18.58,5.89,LIGHT,77.06,LOW,RUNNING,15.45,4.14,LIGHT,70.52,LOW,RUNNING,18.91,6.26,LIGHT,78.03,LOW,RUNNING,16.95,4.1,LIGHT,72.34,LOW,RUNNING,15.5,3.61,LIGHT,69.79,LOW,RUNNING,28.11,52.0,230.6,0.25,22.0,COOLING,0.25,22.0,COOLING,0.25,22.0,COOLING,0.25,22.0,COOLING,23.626,22.137,21.919,22.127,22.452,23.626,21.919,1.707,1119.23,150.82,148.55,142.13,255.0,340.0,255.0,340.0,183.03,272.56,334.85,272.75,-352.74,139.24,72.01,141.49,875.0,875.0,875.0,875.0,329.52,27.62,-64.59,21.37,1560.73,1190.0,1063.19,3500.0,313.92,1.0,0.0,0.0,1.0,22.5,TARGETED_WEST_COMPUTE_COOL,6.0993
1,Localized Heavy Compute,0,148,1480.0,14,3,4,3,4,92.67,83.74,HEAVY,286.45,VERY HIGH,HEAVY LOAD,88.01,78.6,HEAVY,272.91,VERY HIGH,HEAVY LOAD,90.2,82.22,HEAVY,281.08,VERY HIGH,HEAVY LOAD,89.42,81.29,HEAVY,278.71,VERY HIGH,HEAVY LOAD,16.79,5.34,LIGHT,74.0,LOW,RUNNING,18.6,5.86,LIGHT,77.04,LOW,RUNNING,15.35,4.05,LIGHT,70.26,LOW,RUNNING,18.78,6.19,LIGHT,77.76,LOW,RUNNING,16.91,4.12,LIGHT,72.32,LOW,RUNNING,15.58,3.69,LIGHT,70.01,LOW,RUNNING,28.12,52.0,230.8,0.25,22.0,COOLING,0.25,22.0,COOLING,0.25,22.0,COOLING,0.25,22.0,COOLING,23.633,22.138,21.918,22.127,22.454,23.633,21.918,1.715,1119.15,151.04,148.02,142.33,255.0,340.0,255.0,340.0,183.17,272.88,335.27,273.1,-354.29,139.66,72.46,142.16,875.0,875.0,875.0,875.0,328.03,28.58,-64.25,22.59,1560.54,1190.0,1064.42,3500.0,314.95,1.0,0.0,0.0,1.0,22.5,TARGETED_WEST_COMPUTE_COOL,6.1553
1,Localized Heavy Compute,0,149,1490.0,14,3,4,3,4,92.5,83.64,HEAVY,286.09,VERY HIGH,HEAVY LOAD,87.88,78.63,HEAVY,272.79,VERY HIGH,HEAVY LOAD,90.24,82.34,HEAVY,281.31,VERY HIGH,HEAVY LOAD,89.59,81.4,HEAVY,279.09,VERY HIGH,HEAVY LOAD,16.9,5.38,LIGHT,74.19,LOW,RUNNING,18.59,5.81,LIGHT,76.95,LOW,RUNNING,15.24,3.96,LIGHT,69.99,LOW,RUNNING,18.66,6.14,LIGHT,77.53,LOW,RUNNING,16.9,4.15,LIGHT,72.35,LOW,RUNNING,15.69,3.78,LIGHT,70.28,LOW,RUNNING,28.12,52.0,231.0,0.25,22.0,COOLING,0.25,22.0,COOLING,0.25,22.0,COOLING,0.25,22.0,COOLING,23.64,22.139,21.917,22.127,22.456,23.64,21.917,1.723,1119.28,151.14,147.52,142.63,255.0,340.0,255.0,340.0,183.09,272.99,335.46,273.23,-355.83,140.08,72.92,142.84,875.0,875.0,875.0,875.0,326.54,29.21,-64.1,23.7,1560.57,1190.0,1064.77,3500.0,315.35,1.0,0.0,0.0,1.0,22.5,TARGETED_WEST_COMPUTE_COOL,6.2119
1,Localized Heavy Compute,0,150,1500.0,14,3,4,3,4,92.32,83.56,HEAVY,285.74,VERY HIGH,HEAVY LOAD,87.79,78.68,HEAVY,272.76,VERY HIGH,HEAVY LOAD,90.31,82.48,HEAVY,281.61,VERY HIGH,HEAVY LOAD,89.77,81.49,HEAVY,279.45,VERY HIGH,HEAVY LOAD,16.99,5.4,LIGHT,74.34,LOW,RUNNING,18.55,5.75,LIGHT,76.81,LOW,RUNNING,15.11,3.87,LIGHT,69.69,LOW,RUNNING,18.56,6.11,LIGHT,77.37,LOW,RUNNING,16.92,4.21,LIGHT,72.47,LOW,RUNNING,15.81,3.87,LIGHT,70.57,LOW,RUNNING,28.12,52.0,231.2,0.25,22.0,COOLING,0.25,22.0,COOLING,0.25,22.0,COOLING,0.25,22.0,COOLING,23.647,22.14,21.916,22.128,22.458,23.647,21.916,1.731,1119.56,151.15,147.06,143.04,255.0,340.0,255.0,340.0,183.02,273.09,335.66,273.35,-357.39,140.51,73.36,143.51,875.0,875.0,875.0,875.0,325.19,29.75,-63.92,24.9,1560.81,1190.0,1065.12,3500.0,315.92,1.0,0.0,0.0,1.0,22.5,TARGETED_WEST_COMPUTE_COOL,6.2679
1,Localized Heavy Compute,0,151,1510.0,14,3,4,3,4,92.14,83.52,HEAVY,285.45,VERY HIGH,HEAVY LOAD,87.72,78.76,HEAVY,272.79,VERY HIGH,HEAVY LOAD,90.42,82.61,HEAVY,281.94,VERY HIGH,HEAVY LOAD,89.95,81.56,HEAVY,279.78,VERY HIGH,HEAVY LOAD,17.06,5.4,LIGHT,74.42,LOW,RUNNING,18.49,5.68,LIGHT,76.63,LOW,RUNNING,14.97,3.79,LIGHT,69.4,LOW,RUNNING,18.48,6.1,LIGHT,77.25,LOW,RUNNING,16.97,4.27,LIGHT,72.62,LOW,RUNNING,15.94,3.96,LIGHT,70.86,LOW,RUNNING,28.13,52.0,231.5,0.25,22.0,COOLING,0.25,22.0,COOLING,0.25,22.0,COOLING,0.25,22.0,COOLING,23.654,22.141,21.915,22.129,22.46,23.654,21.915,1.739,1119.96,151.05,146.65,143.48,255.0,340.0,255.0,340.0,183.19,273.47,336.16,273.73,-358.82,140.95,73.92,143.95,875.0,875.0,875.0,875.0,324.33,30.47,-63.27,26.16,1561.14,1190.0,1066.55,3500.0,317.69,1.0,0.0,0.0,1.0,22.5,TARGETED_WEST_COMPUTE_COOL,6.3244
1,Localized Heavy Compute,0,152,1520.0,14,3,4,3,4,91.98,83.5,HEAVY,285.23,VERY HIGH,HEAVY LOAD,87.7,78.87,HEAVY,272.93,VERY HIGH,HEAVY LOAD,90.55,82.74,HEAVY,282.3,VERY HIGH,HEAVY LOAD,90.12,81.59,HEAVY,280.04,VERY HIGH,HEAVY LOAD,17.09,5.38,LIGHT,74.43,LOW,RUNNING,18.4,5.59,LIGHT,76.39,LOW,RUNNING,14.84,3.72,LIGHT,69.13,LOW,RUNNING,18.43,6.11,LIGHT,77.2,LOW,RUNNING,17.04,4.35,LIGHT,72.83,LOW,RUNNING,16.08,4.03,LIGHT,71.14,LOW,RUNNING,28.13,52.0,231.7,0.25,22.0,COOLING,0.25,22.0,COOLING,0.25,22.0,COOLING,0.25,22.0,COOLING,23.661,22.142,21.914,22.13,22.462,23.661,21.914,1.747,1120.5,150.82,146.33,143.97,255.0,340.0,255.0,340.0,183.12,273.57,336.36,273.83,-360.27,141.39,74.49,144.39,875.0,875.0,875.0,875.0,323.35,30.78,-62.82,27.19,1561.62,1190.0,1066.88,3500.0,318.5,1.0,0.0,0.0,1.0,22.5,TARGETED_WEST_COMPUTE_COOL,6.3813
1,Localized Heavy Compute,0,153,1530.0,14,3,4,3,4,91.84,83.51,HEAVY,285.07,VERY HIGH,HEAVY LOAD,87.72,78.99,HEAVY,273.13,VERY HIGH,HEAVY LOAD,90.71,82.86,HEAVY,282.68,VERY HIGH,HEAVY LOAD,90.27,81.6,HEAVY,280.24,VERY HIGH,HEAVY LOAD,17.1,5.34,LIGHT,74.39,LOW,RUNNING,18.29,5.5,LIGHT,76.11,LOW,RUNNING,14.72,3.67,LIGHT,68.91,LOW,RUNNING,18.4,6.14,LIGHT,77.21,LOW,RUNNING,17.14,4.44,LIGHT,73.08,LOW,RUNNING,16.21,4.1,LIGHT,71.41,LOW,RUNNING,28.14,52.0,231.9,0.25,22.0,COOLING,0.25,22.0,COOLING,0.25,22.0,COOLING,0.25,22.0,COOLING,23.668,22.143,21.913,22.131,22.464,23.668,21.913,1.755,1121.12,150.5,146.12,144.49,255.0,340.0,255.0,340.0,183.26,273.9,336.77,274.16,-361.71,141.83,75.04,144.83,875.0,875.0,875.0,875.0,322.67,31.23,-62.07,28.48,1562.23,1190.0,1068.09,3500.0,320.31,1.0,0.0,0.0,1.0,22.5,TARGETED_WEST_COMPUTE_COOL,6.4385
1,Localized Heavy Compute,0,154,1540.0,14,3,4,3,4,91.73,83.55,HEAVY,284.99,VERY HIGH,HEAVY LOAD,87.77,79.12,HEAVY,273.39,VERY HIGH,HEAVY LOAD,90.89,82.95,HEAVY,283.04,VERY HIGH,HEAVY LOAD,90.41,81.58,HEAVY,280.38,VERY HIGH,HEAVY LOAD,17.08,5.28,LIGHT,74.27,LOW,RUNNING,18.17,5.41,LIGHT,75.83,LOW,RUNNING,14.61,3.62,LIGHT,68.69,LOW,RUNNING,18.41,6.18,LIGHT,77.28,LOW,RUNNING,17.25,4.53,LIGHT,73.36,LOW,RUNNING,16.33,4.15,LIGHT,71.64,LOW,RUNNING,28.14,52.0,232.1,0.25,22.0,COOLING,0.25,22.0,COOLING,0.25,22.0,COOLING,0.25,22.0,COOLING,23.675,22.144,21.912,22.132,22.466,23.675,21.912,1.763,1121.8,150.1,145.97,145.0,255.0,340.0,255.0,340.0,183.19,274.0,336.97,274.25,-363.14,142.27,75.61,145.27,875.0,875.0,875.0,875.0,321.85,31.37,-61.45,29.52,1562.87,1190.0,1068.41,3500.0,321.29,1.0,0.0,0.0,1.0,22.5,TARGETED_WEST_COMPUTE_COOL,6.4962
1,Localized Heavy Compute,0,155,1550.0,14,3,4,3,4,91.65,83.62,HEAVY,284.99,VERY HIGH,HEAVY LOAD,87.86,79.25,HEAVY,273.7,VERY HIGH,HEAVY LOAD,91.07,83.03,HEAVY,283.38,VERY HIGH,HEAVY LOAD,90.51,81.52,HEAVY,280.42,VERY HIGH,HEAVY LOAD,17.02,5.21,LIGHT,74.09,LOW,RUNNING,18.04,5.33,LIGHT,75.55,LOW,RUNNING,14.52,3.6,LIGHT,68.55,LOW,RUNNING,18.44,6.24,LIGHT,77.41,LOW,RUNNING,17.38,4.62,LIGHT,73.66,LOW,RUNNING,16.43,4.19,LIGHT,71.82,LOW,RUNNING,28.15,52.0,232.3,0.25,22.0,COOLING,0.25,22.0,COOLING,0.25,22.0,COOLING,0.25,22.0,COOLING,23.682,22.145,21.911,22.133,22.468,23.682,21.911,1.771,1122.49,149.64,145.96,145.48,255.0,340.0,255.0,340.0,183.32,274.32,337.38,274.58,-364.59,142.71,76.17,145.71,875.0,875.0,875.0,875.0,321.22,31.67,-60.49,30.77,1563.57,1190.0,1069.6,3500.0,323.17,1.0,0.0,0.0,1.0,22.5,TARGETED_WEST_COMPUTE_COOL,6.554
1,Localized Heavy Compute,0,156,1560.0,14,3,4,3,4,91.61,83.72,HEAVY,285.09,VERY HIGH,HEAVY LOAD,87.99,79.38,HEAVY,274.06,VERY HIGH,HEAVY LOAD,91.24,83.08,HEAVY,283.67,VERY HIGH,HEAVY LOAD,90.57,81.44,HEAVY,280.37,VERY HIGH,HEAVY LOAD,16.94,5.13,LIGHT,73.87,LOW,RUNNING,17.9,5.25,LIGHT,75.25,LOW,RUNNING,14.45,3.6,LIGHT,68.46,LOW,RUNNING,18.5,6.32,LIGHT,77.61,LOW,RUNNING,17.51,4.7,LIGHT,73.94,LOW,RUNNING,16.51,4.2,LIGHT,71.94,LOW,RUNNING,28.15,52.0,232.5,0.25,22.0,COOLING,0.25,22.0,COOLING,0.25,22.0,COOLING,0.25,22.0,COOLING,23.689,22.146,21.91,22.134,22.47,23.689,21.91,1.779,1123.19,149.12,146.07,145.88,255.0,340.0,255.0,340.0,183.25,274.42,337.58,274.68,-366.02,143.15,76.72,146.15,875.0,875.0,875.0,875.0,320.42,31.69,-59.63,31.71,1564.26,1190.0,1069.93,3500.0,324.19,1.0,0.0,0.0,1.0,22.5,TARGETED_WEST_COMPUTE_COOL,6.6122
1,Localized Heavy Compute,0,157,1570.0,14,3,4,3,4,91.6,83.83,HEAVY,285.25,VERY HIGH,HEAVY LOAD,88.14,79.5,HEAVY,274.43,VERY HIGH,HEAVY LOAD,91.41,83.1,HEAVY,283.91,VERY HIGH,HEAVY LOAD,90.6,81.34,HEAVY,280.26,VERY HIGH,HEAVY LOAD,16.84,5.04,LIGHT,73.61,LOW,RUNNING,17.77,5.19,LIGHT,75.0,LOW,RUNNING,14.41,3.62,LIGHT,68.44,LOW,RUNNING,18.59,6.4,LIGHT,77.84,LOW,RUNNING,17.65,4.77,LIGHT,74.22,LOW,RUNNING,16.57,4.19,LIGHT,72.0,LOW,RUNNING,28.15,52.0,232.7,0.25,22.0,COOLING,0.25,22.0,COOLING,0.25,22.0,COOLING,0.25,22.0,COOLING,23.696,22.147,21.909,22.135,22.472,23.696,21.909,1.787,1123.85,148.61,146.28,146.22,255.0,340.0,255.0,340.0,183.17,274.53,337.77,274.78,-367.46,143.59,77.29,146.59,875.0,875.0,875.0,875.0,319.56,31.73,-58.66,32.59,1564.96,1190.0,1070.25,3500.0,325.22,1.0,0.0,0.0,1.0,22.5,TARGETED_WEST_COMPUTE_COOL,6.6706
1,Localized Heavy Compute,0,158,1580.0,14,3,4,3,4,91.64,83.96,HEAVY,285.49,VERY HIGH,HEAVY LOAD,88.31,79.61,HEAVY,274.8,VERY HIGH,HEAVY LOAD,91.55,83.09,HEAVY,284.07,VERY HIGH,HEAVY LOAD,90.59,81.23,HEAVY,280.08,VERY HIGH,HEAVY LOAD,16.73,4.95,LIGHT,73.34,LOW,RUNNING,17.65,5.14,LIGHT,74.77,LOW,RUNNING,14.4,3.66,LIGHT,68.49,LOW,RUNNING,18.7,6.49,LIGHT,78.11,LOW,RUNNING,17.77,4.83,LIGHT,74.46,LOW,RUNNING,16.6,4.17,LIGHT,72.0,LOW,RUNNING,28.16,52.0,232.9,0.25,22.0,COOLING,0.25,22.0,COOLING,0.25,22.0,COOLING,0.25,22.0,COOLING,23.703,22.148,21.908,22.136,22.474,23.703,21.908,1.795,1124.44,148.11,146.6,146.46,255.0,340.0,255.0,340.0,183.32,274.84,338.19,275.1,-368.91,144.03,77.85,147.03,875.0,875.0,875.0,875.0,318.85,31.98,-57.36,33.59,1565.61,1190.0,1071.45,3500.0,327.06,1.0,0.0,0.0,1.0,22.5,TARGETED_WEST_COMPUTE_COOL,6.7291
1,Localized Heavy Compute,0,159,1590.0,14,3,4,3,4,91.72,84.09,HEAVY,285.78,VERY HIGH,HEAVY LOAD,88.48,79.7,HEAVY,275.15,VERY HIGH,HEAVY LOAD,91.66,83.05,HEAVY,284.15,VERY HIGH,HEAVY LOAD,90.53,81.1,HEAVY,279.81,VERY HIGH,HEAVY LOAD,16.6,4.87,LIGHT,73.06,LOW,RUNNING,17.55,5.11,LIGHT,74.6,LOW,RUNNING,14.42,3.71,LIGHT,68.59,LOW,RUNNING,18.82,6.58,LIGHT,78.4,LOW,RUNNING,17.89,4.87,LIGHT,74.67,LOW,RUNNING,16.6,4.12,LIGHT,71.93,LOW,RUNNING,28.16,52.0,233.1,0.25,22.0,COOLING,0.25,22.0,COOLING,0.25,22.0,COOLING,0.25,22.0,COOLING,23.709,22.149,21.907,22.137,22.476,23.709,21.907,1.802,1124.89,147.66,146.99,146.6,255.0,340.0,255.0,340.0,183.24,274.95,338.38,275.21,-370.34,144.47,78.4,147.47,875.0,875.0,875.0,875.0,317.79,32.08,-56.23,34.28,1566.14,1190.0,1071.78,3500.0,327.92,1.0,0.0,0.0,1.0,22.5,TARGETED_WEST_COMPUTE_COOL,6.7799
1,Localized Heavy Compute,0,160,1600.0,14,3,4,3,4,91.83,84.22,HEAVY,286.12,VERY HIGH,HEAVY LOAD,88.66,79.76,HEAVY,275.47,VERY HIGH,HEAVY LOAD,91.75,82.98,HEAVY,284.16,VERY HIGH,HEAVY LOAD,90.44,80.96,HEAVY,279.49,VERY HIGH,HEAVY LOAD,16.46,4.79,LIGHT,72.76,LOW,RUNNING,17.48,5.1,LIGHT,74.5,LOW,RUNNING,14.47,3.78,LIGHT,68.76,LOW,RUNNING,18.95,6.66,LIGHT,78.68,LOW,RUNNING,17.98,4.9,LIGHT,74.82,LOW,RUNNING,16.56,4.06,LIGHT,71.79,LOW,RUNNING,28.17,52.0,233.3,0.25,22.0,COOLING,0.25,22.0,COOLING,0.25,22.0,COOLING,0.25,22.0,COOLING,23.715,22.15,21.906,22.138,22.477,23.715,21.906,1.809,1125.24,147.26,147.44,146.61,255.0,340.0,255.0,340.0,183.4,275.26,338.79,275.52,-371.55,144.8,78.95,147.8,875.0,875.0,875.0,875.0,317.09,32.32,-54.82,34.93,1566.55,1190.0,1072.97,3500.0,329.52,1.0,0.0,0.0,1.0,22.5,TARGETED_WEST_COMPUTE_COOL,6.831
1,Localized Heavy Compute,0,161,1610.0,14,3,4,3,4,91.97,84.35,HEAVY,286.49,VERY HIGH,HEAVY LOAD,88.83,79.79,HEAVY,275.72,VERY HIGH,HEAVY LOAD,91.79,82.89,HEAVY,284.07,VERY HIGH,HEAVY LOAD,90.32,80.83,HEAVY,279.14,VERY HIGH,HEAVY LOAD,16.33,4.72,LIGHT,72.49,LOW,RUNNING,17.42,5.11,LIGHT,74.44,LOW,RUNNING,14.55,3.86,LIGHT,68.98,LOW,RUNNING,19.09,6.74,LIGHT,78.97,LOW,RUNNING,18.05,4.9,LIGHT,74.91,LOW,RUNNING,16.5,3.99,LIGHT,71.61,LOW,RUNNING,28.17,52.0,233.5,0.25,22.0,COOLING,0.25,22.0,COOLING,0.25,22.0,COOLING,0.25,22.0,COOLING,23.721,22.151,21.905,22.139,22.479,23.721,21.905,1.816,1125.42,146.93,147.95,146.52,255.0,340.0,255.0,340.0,183.34,275.37,338.99,275.63,-372.75,145.13,79.5,148.13,875.0,875.0,875.0,875.0,316.01,32.43,-53.56,35.28,1566.82,1190.0,1073.33,3500.0,330.16,1.0,0.0,0.0,1.0,22.5,TARGETED_WEST_COMPUTE_COOL,6.8822
1,Localized Heavy Compute,0,162,1620.0,14,3,4,3,4,92.13,84.46,HEAVY,286.85,VERY HIGH,HEAVY LOAD,88.99,79.8,HEAVY,275.94,VERY HIGH,HEAVY LOAD,91.8,82.78,HEAVY,283.92,VERY HIGH,HEAVY LOAD,90.18,80.71,HEAVY,278.79,VERY HIGH,HEAVY LOAD,16.21,4.66,LIGHT,72.25,LOW,RUNNING,17.4,5.14,LIGHT,74.46,LOW,RUNNING,14.65,3.95,LIGHT,69.24,LOW,RUNNING,19.22,6.81,LIGHT,79.24,LOW,RUNNING,18.09,4.88,LIGHT,74.93,LOW,RUNNING,16.42,3.91,LIGHT,71.39,LOW,RUNNING,28.18,52.0,233.8,0.25,22.0,COOLING,0.25,22.0,COOLING,0.25,22.0,COOLING,0.25,22.0,COOLING,23.727,22.152,21.904,22.14,22.481,23.727,21.904,1.823,1125.5,146.71,148.48,146.32,255.0,340.0,255.0,340.0,183.54,275.74,339.48,276.0,-373.96,145.46,80.04,148.46,875.0,875.0,875.0,875.0,315.08,32.91,-52.0,35.78,1567.01,1190.0,1074.76,3500.0,331.77,1.0,0.0,0.0,1.0,22.5,TARGETED_WEST_COMPUTE_COOL,6.9334
1,Localized Heavy Compute,0,163,1630.0,14,3,4,3,4,92.3,84.56,HEAVY,287.22,VERY HIGH,HEAVY LOAD,89.12,79.77,HEAVY,276.06,VERY HIGH,HEAVY LOAD,91.76,82.66,HEAVY,283.69,VERY HIGH,HEAVY LOAD,90.01,80.6,HEAVY,278.41,VERY HIGH,HEAVY LOAD,16.1,4.62,LIGHT,72.06,LOW,RUNNING,17.41,5.19,LIGHT,74.55,LOW,RUNNING,14.76,4.04,LIGHT,69.51,LOW,RUNNING,19.34,6.86,LIGHT,79.47,LOW,RUNNING,18.1,4.85,LIGHT,74.9,LOW,RUNNING,16.31,3.82,LIGHT,71.12,LOW,RUNNING,28.18,52.0,234.0,0.25,22.0,COOLING,0.25,22.0,COOLING,0.25,22.0,COOLING,0.25,22.0,COOLING,23.733,22.153,21.903,22.141,22.482,23.733,21.903,1.83,1125.38,146.61,148.98,146.02,255.0,340.0,255.0,340.0,183.49,275.85,339.68,276.11,-375.16,145.79,80.59,148.79,875.0,875.0,875.0,875.0,313.71,33.25,-50.75,35.92,1566.99,1190.0,1075.13,3500.0,332.13,1.0,0.0,0.0,1.0,22.5,TARGETED_WEST_COMPUTE_COOL,6.9849
1,Localized Heavy Compute,0,164,1640.0,14,3,4,3,4,92.48,84.64,HEAVY,287.56,VERY HIGH,HEAVY LOAD,89.21,79.72,HEAVY,276.09,VERY HIGH,HEAVY LOAD,91.69,82.52,HEAVY,283.39,VERY HIGH,HEAVY LOAD,89.83,80.51,HEAVY,278.05,VERY HIGH,HEAVY LOAD,16.01,4.6,LIGHT,71.91,LOW,RUNNING,17.45,5.25,LIGHT,74.69,LOW,RUNNING,14.89,4.13,LIGHT,69.81,LOW,RUNNING,19.44,6.89,LIGHT,79.63,LOW,RUNNING,18.08,4.79,LIGHT,74.78,LOW,RUNNING,16.19,3.73,LIGHT,70.83,LOW,RUNNING,28.18,52.0,234.2,0.25,22.0,COOLING,0.25,22.0,COOLING,0.25,22.0,COOLING,0.25,22.0,COOLING,23.739,22.154,21.902,22.142,22.484,23.739,21.902,1.837,1125.09,146.6,149.44,145.61,255.0,340.0,255.0,340.0,183.44,275.96,339.88,276.22,-376.37,146.12,81.13,149.12,875.0,875.0,875.0,875.0,312.16,33.68,-49.55,35.95,1566.74,1190.0,1075.5,3500.0,332.24,1.0,0.0,0.0,1.0,22.5,TARGETED_WEST_COMPUTE_COOL,7.0364
1,Localized Heavy Compute,0,165,1650.0,14,3,4,3,4,92.66,84.68,HEAVY,287.85,VERY HIGH,HEAVY LOAD,89.28,79.64,HEAVY,276.06,VERY HIGH,HEAVY LOAD,91.58,82.39,HEAVY,283.06,VERY HIGH,HEAVY LOAD,89.65,80.44,HEAVY,277.72,VERY HIGH,HEAVY LOAD,15.94,4.6,LIGHT,71.83,LOW,RUNNING,17.51,5.32,LIGHT,74.87,LOW,RUNNING,15.03,4.21,LIGHT,70.1,LOW,RUNNING,19.52,6.9,LIGHT,79.75,LOW,RUNNING,18.03,4.73,LIGHT,74.63,LOW,RUNNING,16.06,3.64,LIGHT,70.53,LOW,RUNNING,28.19,52.0,234.4,0.25,22.0,COOLING,0.25,22.0,COOLING,0.25,22.0,COOLING,0.25,22.0,COOLING,23.745,22.155,21.901,22.143,22.486,23.745,21.901,1.844,1124.69,146.7,149.85,145.16,255.0,340.0,255.0,340.0,183.6,276.27,340.29,276.53,-377.58,146.45,81.67,149.45,875.0,875.0,875.0,875.0,310.71,34.42,-48.19,36.14,1566.4,1190.0,1076.69,3500.0,333.08,1.0,0.0,0.0,1.0,22.5,TARGETED_WEST_COMPUTE_COOL,7.0881
1,Localized Heavy Compute,0,166,1660.0,14,3,4,3,4,92.82,84.7,HEAVY,288.07,VERY HIGH,HEAVY LOAD,89.3,79.53,HEAVY,275.92,VERY HIGH,HEAVY LOAD,91.45,82.26,HEAVY,282.7,VERY HIGH,HEAVY LOAD,89.48,80.41,HEAVY,277.47,VERY HIGH,HEAVY LOAD,15.91,4.62,LIGHT,71.82,LOW,RUNNING,17.6,5.41,LIGHT,75.11,LOW,RUNNING,15.16,4.28,LIGHT,70.37,LOW,RUNNING,19.57,6.89,LIGHT,79.8,LOW,RUNNING,17.96,4.65,LIGHT,74.43,LOW,RUNNING,15.92,3.57,LIGHT,70.26,LOW,RUNNING,28.19,52.0,234.6,0.25,22.0,COOLING,0.25,22.0,COOLING,0.25,22.0,COOLING,0.25,22.0,COOLING,23.751,22.156,21.9,22.144,22.488,23.751,21.9,1.851,1124.16,146.93,150.17,144.69,255.0,340.0,255.0,340.0,183.54,276.37,340.48,276.63,-378.78,146.78,82.22,149.78,875.0,875.0,875.0,875.0,308.92,35.08,-47.13,36.1,1565.95,1190.0,1077.02,3500.0,332.97,1.0,0.0,0.0,1.0,22.5,TARGETED_WEST_COMPUTE_COOL,7.14
1,Localized Heavy Compute,0,167,1670.0,14,3,4,3,4,92.96,84.69,HEAVY,288.24,VERY HIGH,HEAVY LOAD,89.28,79.41,HEAVY,275.72,VERY HIGH,HEAVY LOAD,91.29,82.14,HEAVY,282.32,VERY HIGH,HEAVY LOAD,89.33,80.4,HEAVY,277.26,VERY HIGH,HEAVY LOAD,15.9,4.66,LIGHT,71.86,LOW,RUNNING,17.71,5.5,LIGHT,75.39,LOW,RUNNING,15.28,4.33,LIGHT,70.59,LOW,RUNNING,19.6,6.86,LIGHT,79.79,LOW,RUNNING,17.86,4.56,LIGHT,74.17,LOW,RUNNING,15.79,3.5,LIGHT,69.99,LOW,RUNNING,28.2,52.0,234.8,0.25,22.0,COOLING,0.25,22.0,COOLING,0.25,22.0,COOLING,0.25,22.0,COOLING,23.757,22.157,21.899,22.145,22.489,23.757,21.899,1.858,1123.54,147.25,150.38,144.16,255.0,340.0,255.0,340.0,183.7,276.7,340.9,276.95,-379.99,147.11,82.77,150.11,875.0,875.0,875.0,875.0,307.25,36.06,-45.95,36.22,1565.33,1190.0,1078.25,3500.0,333.58,1.0,0.0,0.0,1.0,22.5,TARGETED_WEST_COMPUTE_COOL,7.1921
1,Localized Heavy Compute,0,168,1680.0,14,3,4,3,4,93.07,84.65,HEAVY,288.31,VERY HIGH,HEAVY LOAD,89.23,79.28,HEAVY,275.46,VERY HIGH,HEAVY LOAD,91.11,82.05,HEAVY,281.96,VERY HIGH,HEAVY LOAD,89.19,80.42,HEAVY,277.12,VERY HIGH,HEAVY LOAD,15.92,4.72,LIGHT,71.98,LOW,RUNNING,17.83,5.59,LIGHT,75.67,LOW,RUNNING,15.39,4.38,LIGHT,70.81,LOW,RUNNING,19.59,6.82,LIGHT,79.72,LOW,RUNNING,17.75,4.47,LIGHT,73.89,LOW,RUNNING,15.67,3.45,LIGHT,69.76,LOW,RUNNING,28.2,52.0,235.0,0.25,22.0,COOLING,0.25,22.0,COOLING,0.25,22.0,COOLING,0.25,22.0,COOLING,23.763,22.158,21.898,22.146,22.491,23.763,21.898,1.865,1122.85,147.65,150.53,143.65,255.0,340.0,255.0,340.0,183.64,276.8,341.09,277.06,-381.19,147.44,83.31,150.44,875.0,875.0,875.0,875.0,305.3,36.89,-45.07,36.15,1564.68,1190.0,1078.59,3500.0,333.27,1.0,0.0,0.0,1.0,22.5,TARGETED_WEST_COMPUTE_COOL,7.2445
1,Localized Heavy Compute,0,169,1690.0,14,3,4,3,4,93.15,84.58,HEAVY,288.31,VERY HIGH,HEAVY LOAD,89.14,79.15,HEAVY,275.15,VERY HIGH,HEAVY LOAD,90.93,81.97,HEAVY,281.62,VERY HIGH,HEAVY LOAD,89.09,80.48,HEAVY,277.08,VERY HIGH,HEAVY LOAD,15.98,4.79,LIGHT,72.16,LOW,RUNNING,17.96,5.67,LIGHT,75.95,LOW,RUNNING,15.48,4.4,LIGHT,70.95,LOW,RUNNING,19.56,6.76,LIGHT,79.59,LOW,RUNNING,17.62,4.38,LIGHT,73.59,LOW,RUNNING,15.57,3.41,LIGHT,69.58,LOW,RUNNING,28.2,52.0,235.2,0.25,22.0,COOLING,0.25,22.0,COOLING,0.25,22.0,COOLING,0.25,22.0,COOLING,23.769,22.159,21.897,22.147,22.493,23.769,21.897,1.872,1122.16,148.11,150.54,143.17,255.0,340.0,255.0,340.0,183.6,276.9,341.29,277.16,-382.4,147.77,83.86,150.77,875.0,875.0,875.0,875.0,303.36,37.78,-44.31,36.1,1563.98,1190.0,1078.95,3500.0,332.93,1.0,0.0,0.0,1.0,22.5,TARGETED_WEST_COMPUTE_COOL,7.2972
1,Localized Heavy Compute,0,170,1700.0,14,3,4,3,4,93.19,84.48,HEAVY,288.21,VERY HIGH,HEAVY LOAD,89.01,79.02,HEAVY,274.79,VERY HIGH,HEAVY LOAD,90.76,81.92,HEAVY,281.33,VERY HIGH,HEAVY LOAD,89.03,80.56,HEAVY,277.13,VERY HIGH,HEAVY LOAD,16.06,4.87,LIGHT,72.38,LOW,RUNNING,18.1,5.75,LIGHT,76.25,LOW,RUNNING,15.55,4.4,LIGHT,71.04,LOW,RUNNING,19.5,6.68,LIGHT,79.39,LOW,RUNNING,17.49,4.3,LIGHT,73.31,LOW,RUNNING,15.49,3.4,LIGHT,69.46,LOW,RUNNING,28.21,52.0,235.4,0.25,22.0,COOLING,0.25,22.0,COOLING,0.25,22.0,COOLING,0.25,22.0,COOLING,23.775,22.16,21.896,22.148,22.495,23.775,21.896,1.879,1121.46,148.63,150.43,142.77,255.0,340.0,255.0,340.0,183.75,277.22,341.7,277.47,-383.6,148.1,84.4,151.1,875.0,875.0,875.0,875.0,301.61,38.95,-43.47,36.34,1563.29,1190.0,1080.14,3500.0,333.43,1.0,0.0,0.0,1.0,22.5,TARGETED_WEST_COMPUTE_COOL,7.3503
1,Localized Heavy Compute,0,171,1710.0,14,3,4,3,4,93.2,84.37,HEAVY,288.06,VERY HIGH,HEAVY LOAD,88.86,78.9,HEAVY,274.43,VERY HIGH,HEAVY LOAD,90.59,81.9,HEAVY,281.09,VERY HIGH,HEAVY LOAD,89.0,80.66,HEAVY,277.24,VERY HIGH,HEAVY LOAD,16.16,4.96,LIGHT,72.64,LOW,RUNNING,18.23,5.81,LIGHT,76.5,LOW,RUNNING,15.59,4.38,LIGHT,71.06,LOW,RUNNING,19.41,6.6,LIGHT,79.16,LOW,RUNNING,17.35,4.23,LIGHT,73.03,LOW,RUNNING,15.43,3.41,LIGHT,69.4,LOW,RUNNING,28.21,52.0,235.6,0.25,22.0,COOLING,0.25,22.0,COOLING,0.25,22.0,COOLING,0.25,22.0,COOLING,23.781,22.161,21.895,22.149,22.497,23.781,21.895,1.886,1120.82,149.14,150.22,142.43,255.0,340.0,255.0,340.0,183.7,277.33,341.9,277.58,-384.8,148.43,84.94,151.43,875.0,875.0,875.0,875.0,299.72,39.9,-42.94,36.44,1562.61,1190.0,1080.51,3500.0,333.12,1.0,0.0,0.0,1.0,22.5,TARGETED_WEST_COMPUTE_COOL,7.4038
1,Localized Heavy Compute,0,172,1720.0,14,3,4,3,4,93.16,84.24,HEAVY,287.81,VERY HIGH,HEAVY LOAD,88.69,78.79,HEAVY,274.05,VERY HIGH,HEAVY LOAD,90.45,81.91,HEAVY,280.93,VERY HIGH,HEAVY LOAD,89.01,80.77,HEAVY,277.42,VERY HIGH,HEAVY LOAD,16.27,5.05,LIGHT,72.91,LOW,RUNNING,18.35,5.86,LIGHT,76.73,LOW,RUNNING,15.6,4.34,LIGHT,71.01,LOW,RUNNING,19.3,6.51,LIGHT,78.89,LOW,RUNNING,17.23,4.17,LIGHT,72.79,LOW,RUNNING,15.4,3.43,LIGHT,69.39,LOW,RUNNING,28.22,52.0,235.8,0.25,22.0,COOLING,0.25,22.0,COOLING,0.25,22.0,COOLING,0.25,22.0,COOLING,23.787,22.162,21.894,22.15,22.498,23.787,21.894,1.893,1120.21,149.64,149.9,142.18,255.0,340.0,255.0,340.0,183.86,277.65,342.31,277.91,-386.01,148.76,85.49,151.76,875.0,875.0,875.0,875.0,298.06,41.05,-42.3,36.85,1561.93,1190.0,1081.73,3500.0,333.66,1.0,0.0,0.0,1.0,22.5,TARGETED_WEST_COMPUTE_COOL,7.4576
1,Localized Heavy Compute,0,173,1730.0,14,3,4,3,4,93.08,84.11,HEAVY,287.51,VERY HIGH,HEAVY LOAD,88.52,78.7,HEAVY,273.7,VERY HIGH,HEAVY LOAD,90.34,81.95,HEAVY,280.85,VERY HIGH,HEAVY LOAD,89.07,80.9,HEAVY,277.69,VERY HIGH,HEAVY LOAD,16.4,5.13,LIGHT,73.19,LOW,RUNNING,18.45,5.89,LIGHT,76.9,LOW,RUNNING,15.58,4.29,LIGHT,70.91,LOW,RUNNING,19.18,6.42,LIGHT,78.6,LOW,RUNNING,17.11,4.13,LIGHT,72.58,LOW,RUNNING,15.4,3.48,LIGHT,69.47,LOW,RUNNING,28.22,52.0,236.0,0.25,22.0,COOLING,0.25,22.0,COOLING,0.25,22.0,COOLING,0.25,22.0,COOLING,23.793,22.163,21.893,22.151,22.5,23.793,21.893,1.9,1119.75,150.09,149.51,142.05,255.0,340.0,255.0,340.0,183.81,277.75,342.51,278.0,-387.22,149.09,86.04,152.09,875.0,875.0,875.0,875.0,296.34,41.93,-41.94,37.14,1561.4,1190.0,1082.07,3500.0,333.47,1.0,0.0,0.0,1.0,22.5,TARGETED_WEST_COMPUTE_COOL,7.5119
1,Localized Heavy Compute,0,174,1740.0,14,3,4,3,4,92.97,83.98,HEAVY,287.18,VERY HIGH,HEAVY LOAD,88.34,78.64,HEAVY,273.38,VERY HIGH,HEAVY LOAD,90.25,82.02,HEAVY,280.84,VERY HIGH,HEAVY LOAD,89.16,81.04,HEAVY,278.01,VERY HIGH,HEAVY LOAD,16.54,5.21,LIGHT,73.49,LOW,RUNNING,18.52,5.9,LIGHT,77.0,LOW,RUNNING,15.53,4.22,LIGHT,70.74,LOW,RUNNING,19.05,6.34,LIGHT,78.32,LOW,RUNNING,17.02,4.1,LIGHT,72.43,LOW,RUNNING,15.44,3.54,LIGHT,69.61,LOW,RUNNING,28.23,52.0,236.2,0.25,22.0,COOLING,0.25,22.0,COOLING,0.25,22.0,COOLING,0.25,22.0,COOLING,23.799,22.164,21.892,22.152,22.502,23.799,21.892,1.907,1119.41,150.49,149.06,142.04,255.0,340.0,255.0,340.0,183.98,278.06,342.92,278.32,-388.42,149.42,86.58,152.42,875.0,875.0,875.0,875.0,294.97,42.97,-41.44,37.78,1561.0,1190.0,1083.28,3500.0,334.28,1.0,0.0,0.0,1.0,22.5,TARGETED_WEST_COMPUTE_COOL,7.5666
1,Localized Heavy Compute,0,175,1750.0,14,3,4,3,4,92.83,83.85,HEAVY,286.81,VERY HIGH,HEAVY LOAD,88.17,78.61,HEAVY,273.13,VERY HIGH,HEAVY LOAD,90.21,82.11,HEAVY,280.93,VERY HIGH,HEAVY LOAD,89.28,81.17,HEAVY,278.36,VERY HIGH,HEAVY LOAD,16.67,5.28,LIGHT,73.76,LOW,RUNNING,18.58,5.89,LIGHT,77.06,LOW,RUNNING,15.45,4.14,LIGHT,70.52,LOW,RUNNING,18.91,6.26,LIGHT,78.03,LOW,RUNNING,16.95,4.1,LIGHT,72.34,LOW,RUNNING,15.5,3.61,LIGHT,69.79,LOW,RUNNING,28.23,52.0,236.5,0.25,22.0,COOLING,0.25,22.0,COOLING,0.25,22.0,COOLING,0.25,22.0,COOLING,23.805,22.165,21.891,22.153,22.503,23.805,21.891,1.914,1119.23,150.82,148.55,142.13,255.0,340.0,255.0,340.0,183.96,278.23,343.21,278.49,-389.62,149.75,87.13,152.75,875.0,875.0,875.0,875.0,293.57,43.8,-41.11,38.37,1560.73,1190.0,1083.89,3500.0,334.63,1.0,0.0,0.0,1.0,22.5,TARGETED_WEST_COMPUTE_COOL,7.6218
1,Localized Heavy Compute,0,176,1760.0,14,3,4,3,4,92.67,83.74,HEAVY,286.45,VERY HIGH,HEAVY LOAD,88.01,78.6,HEAVY,272.91,VERY HIGH,HEAVY LOAD,90.2,82.22,HEAVY,281.08,VERY HIGH,HEAVY LOAD,89.42,81.29,HEAVY,278.71,VERY HIGH,HEAVY LOAD,16.79,5.34,LIGHT,74.0,LOW,RUNNING,18.6,5.86,LIGHT,77.04,LOW,RUNNING,15.35,4.05,LIGHT,70.26,LOW,RUNNING,18.78,6.19,LIGHT,77.76,LOW,RUNNING,16.91,4.12,LIGHT,72.32,LOW,RUNNING,15.58,3.69,LIGHT,70.01,LOW,RUNNING,28.23,52.0,236.7,0.25,22.0,COOLING,0.25,22.0,COOLING,0.25,22.0,COOLING,0.25,22.0,COOLING,23.811,22.166,21.89,22.154,22.505,23.811,21.89,1.921,1119.15,151.04,148.02,142.33,255.0,340.0,255.0,340.0,183.9,278.34,343.4,278.6,-390.83,150.08,87.67,153.08,875.0,875.0,875.0,875.0,292.22,44.46,-40.91,39.01,1560.54,1190.0,1084.24,3500.0,334.78,1.0,0.0,0.0,1.0,22.5,TARGETED_WEST_COMPUTE_COOL,7.6774
1,Localized Heavy Compute,0,177,1770.0,14,3,4,3,4,92.5,83.64,HEAVY,286.09,VERY HIGH,HEAVY LOAD,87.88,78.63,HEAVY,272.79,VERY HIGH,HEAVY LOAD,90.24,82.34,HEAVY,281.31,VERY HIGH,HEAVY LOAD,89.59,81.4,HEAVY,279.09,VERY HIGH,HEAVY LOAD,16.9,5.38,LIGHT,74.19,LOW,RUNNING,18.59,5.81,LIGHT,76.95,LOW,RUNNING,15.24,3.96,LIGHT,69.99,LOW,RUNNING,18.66,6.14,LIGHT,77.53,LOW,RUNNING,16.9,4.15,LIGHT,72.35,LOW,RUNNING,15.69,3.78,LIGHT,70.28,LOW,RUNNING,28.24,52.0,236.9,0.25,22.0,COOLING,0.25,22.0,COOLING,0.25,22.0,COOLING,0.25,22.0,COOLING,23.817,22.167,21.889,22.155,22.507,23.817,21.889,1.928,1119.28,151.14,147.52,142.63,255.0,340.0,255.0,340.0,184.06,278.65,343.81,278.91,-392.03,150.41,88.21,153.41,875.0,875.0,875.0,875.0,291.31,45.2,-40.46,39.95,1560.57,1190.0,1085.43,3500.0,336.0,1.0,0.0,0.0,1.0,22.5,TARGETED_WEST_COMPUTE_COOL,7.7335
1,Localized Heavy Compute,0,178,1780.0,14,3,4,3,4,92.32,83.56,HEAVY,285.74,VERY HIGH,HEAVY LOAD,87.79,78.68,HEAVY,272.76,VERY HIGH,HEAVY LOAD,90.31,82.48,HEAVY,281.61,VERY HIGH,HEAVY LOAD,89.77,81.49,HEAVY,279.45,VERY HIGH,HEAVY LOAD,16.99,5.4,LIGHT,74.34,LOW,RUNNING,18.55,5.75,LIGHT,76.81,LOW,RUNNING,15.11,3.87,LIGHT,69.69,LOW,RUNNING,18.56,6.11,LIGHT,77.37,LOW,RUNNING,16.92,4.21,LIGHT,72.47,LOW,RUNNING,15.81,3.87,LIGHT,70.57,LOW,RUNNING,28.24,52.0,237.1,0.25,22.0,COOLING,0.25,22.0,COOLING,0.25,22.0,COOLING,0.25,22.0,COOLING,23.823,22.168,21.888,22.156,22.509,23.823,21.888,1.935,1119.56,151.15,147.06,143.04,255.0,340.0,255.0,340.0,184.0,278.76,344.01,279.02,-393.24,150.74,88.76,153.74,875.0,875.0,875.0,875.0,290.32,45.65,-40.17,40.8,1560.81,1190.0,1085.79,3500.0,336.6,1.0,0.0,0.0,1.0,22.5,TARGETED_WEST_COMPUTE_COOL,7.7899
1,Localized Heavy Compute,0,179,1790.0,14,3,4,3,4,92.14,83.52,HEAVY,285.45,VERY HIGH,HEAVY LOAD,87.72,78.76,HEAVY,272.79,VERY HIGH,HEAVY LOAD,90.42,82.61,HEAVY,281.94,VERY HIGH,HEAVY LOAD,89.95,81.56,HEAVY,279.78,VERY HIGH,HEAVY LOAD,17.06,5.4,LIGHT,74.42,LOW,RUNNING,18.49,5.68,LIGHT,76.63,LOW,RUNNING,14.97,3.79,LIGHT,69.4,LOW,RUNNING,18.48,6.1,LIGHT,77.25,LOW,RUNNING,16.97,4.27,LIGHT,72.62,LOW,RUNNING,15.94,3.96,LIGHT,70.86,LOW,RUNNING,28.25,52.0,237.3,0.25,22.0,COOLING,0.25,22.0,COOLING,0.25,22.0,COOLING,0.25,22.0,COOLING,23.829,22.169,21.887,22.157,22.511,23.829,21.887,1.942,1119.96,151.05,146.65,143.48,255.0,340.0,255.0,340.0,184.17,279.07,344.42,279.33,-394.45,151.07,89.3,154.07,875.0,875.0,875.0,875.0,289.68,46.19,-39.63,41.88,1561.14,1190.0,1086.99,3500.0,338.12,1.0,0.0,0.0,1.0,22.5,TARGETED_WEST_COMPUTE_COOL,7.8467
1,Localized Heavy Compute,0,180,1800.0,14,3,4,3,4,91.98,83.5,HEAVY,285.23,VERY HIGH,HEAVY LOAD,87.7,78.87,HEAVY,272.93,VERY HIGH,HEAVY LOAD,90.55,82.74,HEAVY,282.3,VERY HIGH,HEAVY LOAD,90.12,81.59,HEAVY,280.04,VERY HIGH,HEAVY LOAD,17.09,5.38,LIGHT,74.43,LOW,RUNNING,18.4,5.59,LIGHT,76.39,LOW,RUNNING,14.84,3.72,LIGHT,69.13,LOW,RUNNING,18.43,6.11,LIGHT,77.2,LOW,RUNNING,17.04,4.35,LIGHT,72.83,LOW,RUNNING,16.08,4.03,LIGHT,71.14,LOW,RUNNING,28.25,52.0,237.5,0.25,22.0,COOLING,0.25,22.0,COOLING,0.25,22.0,COOLING,0.25,22.0,COOLING,23.835,22.17,21.886,22.158,22.512,23.835,21.886,1.949,1120.5,150.82,146.33,143.97,255.0,340.0,255.0,340.0,184.11,279.18,344.61,279.44,-395.65,151.4,89.85,154.4,875.0,875.0,875.0,875.0,288.96,46.4,-39.21,42.81,1561.62,1190.0,1087.34,3500.0,338.96,1.0,0.0,0.0,1.0,22.5,TARGETED_WEST_COMPUTE_COOL,7.9038
1,Localized Heavy Compute,0,181,1810.0,14,3,4,3,4,91.84,83.51,HEAVY,285.07,VERY HIGH,HEAVY LOAD,87.72,78.99,HEAVY,273.13,VERY HIGH,HEAVY LOAD,90.71,82.86,HEAVY,282.68,VERY HIGH,HEAVY LOAD,90.27,81.6,HEAVY,280.24,VERY HIGH,HEAVY LOAD,17.1,5.34,LIGHT,74.39,LOW,RUNNING,18.29,5.5,LIGHT,76.11,LOW,RUNNING,14.72,3.67,LIGHT,68.91,LOW,RUNNING,18.4,6.14,LIGHT,77.21,LOW,RUNNING,17.14,4.44,LIGHT,73.08,LOW,RUNNING,16.21,4.1,LIGHT,71.41,LOW,RUNNING,28.25,52.0,237.7,0.25,22.0,COOLING,0.25,22.0,COOLING,0.25,22.0,COOLING,0.25,22.0,COOLING,23.841,22.171,21.885,22.159,22.514,23.841,21.885,1.956,1121.12,150.5,146.12,144.49,255.0,340.0,255.0,340.0,184.06,279.28,344.82,279.54,-396.85,151.73,90.4,154.73,875.0,875.0,875.0,875.0,288.33,46.51,-38.66,43.76,1562.23,1190.0,1087.7,3500.0,339.94,1.0,0.0,0.0,1.0,22.5,TARGETED_WEST_COMPUTE_COOL,7.9612
1,Localized Heavy Compute,0,182,1820.0,14,3,4,3,4,91.73,83.55,HEAVY,284.99,VERY HIGH,HEAVY LOAD,87.77,79.12,HEAVY,273.39,VERY HIGH,HEAVY LOAD,90.89,82.95,HEAVY,283.04,VERY HIGH,HEAVY LOAD,90.41,81.58,HEAVY,280.38,VERY HIGH,HEAVY LOAD,17.08,5.28,LIGHT,74.27,LOW,RUNNING,18.17,5.41,LIGHT,75.83,LOW,RUNNING,14.61,3.62,LIGHT,68.69,LOW,RUNNING,18.41,6.18,LIGHT,77.28,LOW,RUNNING,17.25,4.53,LIGHT,73.36,LOW,RUNNING,16.33,4.15,LIGHT,71.64,LOW,RUNNING,28.26,52.0,237.9,0.25,22.0,COOLING,0.25,22.0,COOLING,0.25,22.0,COOLING,0.25,22.0,COOLING,23.847,22.172,21.884,22.16,22.516,23.847,21.884,1.963,1121.8,150.1,145.97,145.0,255.0,340.0,255.0,340.0,184.22,279.6,345.22,279.86,-398.06,152.06,90.94,155.06,875.0,875.0,875.0,875.0,287.96,46.76,-37.87,44.92,1562.87,1190.0,1088.9,3500.0,341.77,1.0,0.0,0.0,1.0,22.5,TARGETED_WEST_COMPUTE_COOL,8.0189
1,Localized Heavy Compute,0,183,1830.0,14,3,4,3,4,91.65,83.62,HEAVY,284.99,VERY HIGH,HEAVY LOAD,87.86,79.25,HEAVY,273.7,VERY HIGH,HEAVY LOAD,91.07,83.03,HEAVY,283.38,VERY HIGH,HEAVY LOAD,90.51,81.52,HEAVY,280.42,VERY HIGH,HEAVY LOAD,17.02,5.21,LIGHT,74.09,LOW,RUNNING,18.04,5.33,LIGHT,75.55,LOW,RUNNING,14.52,3.6,LIGHT,68.55,LOW,RUNNING,18.44,6.24,LIGHT,77.41,LOW,RUNNING,17.38,4.62,LIGHT,73.66,LOW,RUNNING,16.43,4.19,LIGHT,71.82,LOW,RUNNING,28.26,52.0,238.1,0.25,22.0,COOLING,0.25,22.0,COOLING,0.25,22.0,COOLING,0.25,22.0,COOLING,23.853,22.173,21.883,22.161,22.517,23.853,21.883,1.97,1122.49,149.64,145.96,145.48,255.0,340.0,255.0,340.0,184.17,279.7,345.42,279.96,-399.27,152.39,91.49,155.39,875.0,875.0,875.0,875.0,287.39,46.73,-37.13,45.83,1563.57,1190.0,1089.25,3500.0,342.82,1.0,0.0,0.0,1.0,22.5,TARGETED_WEST_COMPUTE_COOL,8.0767
1,Localized Heavy Compute,0,184,1840.0,14,3,4,3,4,91.61,83.72,HEAVY,285.09,VERY HIGH,HEAVY LOAD,87.99,79.38,HEAVY,274.06,VERY HIGH,HEAVY LOAD,91.24,83.08,HEAVY,283.67,VERY HIGH,HEAVY LOAD,90.57,81.44,HEAVY,280.37,VERY HIGH,HEAVY LOAD,16.94,5.13,LIGHT,73.87,LOW,RUNNING,17.9,5.25,LIGHT,75.25,LOW,RUNNING,14.45,3.6,LIGHT,68.46,LOW,RUNNING,18.5,6.32,LIGHT,77.61,LOW,RUNNING,17.51,4.7,LIGHT,73.94,LOW,RUNNING,16.51,4.2,LIGHT,71.94,LOW,RUNNING,28.27,52.0,238.3,0.25,22.0,COOLING,0.25,22.0,COOLING,0.25,22.0,COOLING,0.25,22.0,COOLING,23.859,22.174,21.882,22.162,22.519,23.859,21.882,1.977,1123.19,149.12,146.07,145.88,255.0,340.0,255.0,340.0,184.33,280.03,345.83,280.28,-400.47,152.72,92.03,155.72,875.0,875.0,875.0,875.0,287.05,46.87,-36.07,46.88,1564.26,1190.0,1090.47,3500.0,344.73,1.0,0.0,0.0,1.0,22.5,TARGETED_WEST_COMPUTE_COOL,8.1347
1,Localized Heavy Compute,0,185,1850.0,14,3,4,3,4,91.6,83.83,HEAVY,285.25,VERY HIGH,HEAVY LOAD,88.14,79.5,HEAVY,274.43,VERY HIGH,HEAVY LOAD,91.41,83.1,HEAVY,283.91,VERY HIGH,HEAVY LOAD,90.6,81.34,HEAVY,280.26,VERY HIGH,HEAVY LOAD,16.84,5.04,LIGHT,73.61,LOW,RUNNING,17.77,5.19,LIGHT,75.0,LOW,RUNNING,14.41,3.62,LIGHT,68.44,LOW,RUNNING,18.59,6.4,LIGHT,77.84,LOW,RUNNING,17.65,4.77,LIGHT,74.22,LOW,RUNNING,16.57,4.19,LIGHT,72.0,LOW,RUNNING,28.27,52.0,238.5,0.25,22.0,COOLING,0.25,22.0,COOLING,0.25,22.0,COOLING,0.25,22.0,COOLING,23.865,22.175,21.881,22.163,22.521,23.865,21.881,1.984,1123.85,148.61,146.28,146.22,255.0,340.0,255.0,340.0,184.28,280.12,346.03,280.38,-401.68,153.05,92.57,156.05,875.0,875.0,875.0,875.0,286.45,46.78,-35.12,47.65,1564.96,1190.0,1090.81,3500.0,345.76,1.0,0.0,0.0,1.0,22.5,TARGETED_WEST_COMPUTE_COOL,8.1928
1,Localized Heavy Compute,0,186,1860.0,14,3,4,3,4,91.64,83.96,HEAVY,285.49,VERY HIGH,HEAVY LOAD,88.31,79.61,HEAVY,274.8,VERY HIGH,HEAVY LOAD,91.55,83.09,HEAVY,284.07,VERY HIGH,HEAVY LOAD,90.59,81.23,HEAVY,280.08,VERY HIGH,HEAVY LOAD,16.73,4.95,LIGHT,73.34,LOW,RUNNING,17.65,5.14,LIGHT,74.77,LOW,RUNNING,14.4,3.66,LIGHT,68.49,LOW,RUNNING,18.7,6.49,LIGHT,78.11,LOW,RUNNING,17.77,4.83,LIGHT,74.46,LOW,RUNNING,16.6,4.17,LIGHT,72.0,LOW,RUNNING,28.27,52.0,238.8,0.25,22.0,COOLING,0.25,22.0,COOLING,0.25,22.0,COOLING,0.25,22.0,COOLING,23.871,22.176,21.88,22.164,22.523,23.871,21.88,1.991,1124.44,148.11,146.6,146.46,255.0,340.0,255.0,340.0,184.26,280.29,346.31,280.55,-402.88,153.38,93.12,156.38,875.0,875.0,875.0,875.0,285.82,46.78,-33.97,48.39,1565.61,1190.0,1091.41,3500.0,347.02,1.0,0.0,0.0,1.0,22.5,TARGETED_WEST_COMPUTE_COOL,8.251
1,Localized Heavy Compute,0,187,1870.0,14,3,4,3,4,91.72,84.09,HEAVY,285.78,VERY HIGH,HEAVY LOAD,88.48,79.7,HEAVY,275.15,VERY HIGH,HEAVY LOAD,91.66,83.05,HEAVY,284.15,VERY HIGH,HEAVY LOAD,90.53,81.1,HEAVY,279.81,VERY HIGH,HEAVY LOAD,16.6,4.87,LIGHT,73.06,LOW,RUNNING,17.55,5.11,LIGHT,74.6,LOW,RUNNING,14.42,3.71,LIGHT,68.59,LOW,RUNNING,18.82,6.58,LIGHT,78.4,LOW,RUNNING,17.89,4.87,LIGHT,74.67,LOW,RUNNING,16.6,4.12,LIGHT,71.93,LOW,RUNNING,28.28,52.0,239.0,0.25,22.0,COOLING,0.25,22.0,COOLING,0.25,22.0,COOLING,0.25,22.0,COOLING,23.877,22.177,21.879,22.165,22.524,23.877,21.879,1.998,1124.89,147.66,146.99,146.6,255.0,340.0,255.0,340.0,184.41,280.62,346.72,280.87,-404.08,153.71,93.67,156.71,875.0,875.0,875.0,875.0,285.22,46.99,-32.62,49.18,1566.14,1190.0,1092.62,3500.0,348.77,1.0,0.0,0.0,1.0,22.5,TARGETED_WEST_COMPUTE_COOL,8.3092
1,Localized Heavy Compute,0,188,1880.0,14,3,4,3,4,91.83,84.22,HEAVY,286.12,VERY HIGH,HEAVY LOAD,88.66,79.76,HEAVY,275.47,VERY HIGH,HEAVY LOAD,91.75,82.98,HEAVY,284.16,VERY HIGH,HEAVY LOAD,90.44,80.96,HEAVY,279.49,VERY HIGH,HEAVY LOAD,16.46,4.79,LIGHT,72.76,LOW,RUNNING,17.48,5.1,LIGHT,74.5,LOW,RUNNING,14.47,3.78,LIGHT,68.76,LOW,RUNNING,18.95,6.66,LIGHT,78.68,LOW,RUNNING,17.98,4.9,LIGHT,74.82,LOW,RUNNING,16.56,4.06,LIGHT,71.79,LOW,RUNNING,28.28,52.0,239.2,0.25,22.0,COOLING,0.25,22.0,COOLING,0.25,22.0,COOLING,0.25,22.0,COOLING,23.883,22.178,21.878,22.166,22.526,23.883,21.878,2.005,1125.24,147.26,147.44,146.61,255.0,340.0,255.0,340.0,184.36,280.71,346.92,280.97,-405.29,154.04,94.21,157.04,875.0,875.0,875.0,875.0,284.31,47.01,-31.43,49.62,1566.55,1190.0,1092.96,3500.0,349.51,1.0,0.0,0.0,1.0,22.5,TARGETED_WEST_COMPUTE_COOL,8.3675
1,Localized Heavy Compute,0,189,1890.0,14,3,4,3,4,91.97,84.35,HEAVY,286.49,VERY HIGH,HEAVY LOAD,88.83,79.79,HEAVY,275.72,VERY HIGH,HEAVY LOAD,91.79,82.89,HEAVY,284.07,VERY HIGH,HEAVY LOAD,90.32,80.83,HEAVY,279.14,VERY HIGH,HEAVY LOAD,16.33,4.72,LIGHT,72.49,LOW,RUNNING,17.42,5.11,LIGHT,74.44,LOW,RUNNING,14.55,3.86,LIGHT,68.98,LOW,RUNNING,19.09,6.74,LIGHT,78.97,LOW,RUNNING,18.05,4.9,LIGHT,74.91,LOW,RUNNING,16.5,3.99,LIGHT,71.61,LOW,RUNNING,28.29,52.0,239.4,0.25,22.0,COOLING,0.25,22.0,COOLING,0.25,22.0,COOLING,0.25,22.0,COOLING,23.889,22.179,21.877,22.167,22.528,23.889,21.877,2.012,1125.42,146.93,147.95,146.52,255.0,340.0,255.0,340.0,184.52,281.03,347.33,281.29,-406.49,154.37,94.76,157.37,875.0,875.0,875.0,875.0,283.45,47.33,-29.96,50.18,1566.82,1190.0,1094.17,3500.0,351.0,1.0,0.0,0.0,1.0,22.5,TARGETED_WEST_COMPUTE_COOL,8.4259
1,Localized Heavy Compute,0,190,1900.0,14,3,4,3,4,92.13,84.46,HEAVY,286.85,VERY HIGH,HEAVY LOAD,88.99,79.8,HEAVY,275.94,VERY HIGH,HEAVY LOAD,91.8,82.78,HEAVY,283.92,VERY HIGH,HEAVY LOAD,90.18,80.71,HEAVY,278.79,VERY HIGH,HEAVY LOAD,16.21,4.66,LIGHT,72.25,LOW,RUNNING,17.4,5.14,LIGHT,74.46,LOW,RUNNING,14.65,3.95,LIGHT,69.24,LOW,RUNNING,19.22,6.81,LIGHT,79.24,LOW,RUNNING,18.09,4.88,LIGHT,74.93,LOW,RUNNING,16.42,3.91,LIGHT,71.39,LOW,RUNNING,28.29,52.0,239.6,0.25,22.0,COOLING,0.25,22.0,COOLING,0.25,22.0,COOLING,0.25,22.0,COOLING,23.895,22.18,21.876,22.168,22.53,23.895,21.876,2.019,1125.5,146.71,148.48,146.32,255.0,340.0,255.0,340.0,184.47,281.14,347.53,281.39,-407.7,154.7,95.3,157.7,875.0,875.0,875.0,875.0,282.27,47.55,-28.69,50.41,1567.01,1190.0,1094.53,3500.0,351.54,1.0,0.0,0.0,1.0,22.5,TARGETED_WEST_COMPUTE_COOL,8.4844
1,Localized Heavy Compute,0,191,1910.0,14,3,4,3,4,92.3,84.56,HEAVY,287.22,VERY HIGH,HEAVY LOAD,89.12,79.77,HEAVY,276.06,VERY HIGH,HEAVY LOAD,91.76,82.66,HEAVY,283.69,VERY HIGH,HEAVY LOAD,90.01,80.6,HEAVY,278.41,VERY HIGH,HEAVY LOAD,16.1,4.62,LIGHT,72.06,LOW,RUNNING,17.41,5.19,LIGHT,74.55,LOW,RUNNING,14.76,4.04,LIGHT,69.51,LOW,RUNNING,19.34,6.86,LIGHT,79.47,LOW,RUNNING,18.1,4.85,LIGHT,74.9,LOW,RUNNING,16.31,3.82,LIGHT,71.12,LOW,RUNNING,28.3,52.0,239.8,0.25,22.0,COOLING,0.25,22.0,COOLING,0.25,22.0,COOLING,0.25,22.0,COOLING,23.901,22.181,21.875,22.169,22.532,23.901,21.875,2.026,1125.38,146.61,148.98,146.02,255.0,340.0,255.0,340.0,184.63,281.46,347.94,281.72,-408.9,155.03,95.84,158.03,875.0,875.0,875.0,875.0,281.11,48.1,-27.24,50.77,1566.99,1190.0,1095.75,3500.0,352.74,1.0,0.0,0.0,1.0,22.5,TARGETED_WEST_COMPUTE_COOL,8.5429
1,Localized Heavy Compute,0,192,1920.0,14,3,4,3,4,92.48,84.64,HEAVY,287.56,VERY HIGH,HEAVY LOAD,89.21,79.72,HEAVY,276.09,VERY HIGH,HEAVY LOAD,91.69,82.52,HEAVY,283.39,VERY HIGH,HEAVY LOAD,89.83,80.51,HEAVY,278.05,VERY HIGH,HEAVY LOAD,16.01,4.6,LIGHT,71.91,LOW,RUNNING,17.45,5.25,LIGHT,74.69,LOW,RUNNING,14.89,4.13,LIGHT,69.81,LOW,RUNNING,19.44,6.89,LIGHT,79.63,LOW,RUNNING,18.08,4.79,LIGHT,74.78,LOW,RUNNING,16.19,3.73,LIGHT,70.83,LOW,RUNNING,28.3,52.0,240.0,0.25,22.0,COOLING,0.25,22.0,COOLING,0.25,22.0,COOLING,0.25,22.0,COOLING,23.907,22.182,21.874,22.17,22.533,23.907,21.874,2.033,1125.09,146.6,149.44,145.61,255.0,340.0,255.0,340.0,184.58,281.56,348.14,281.82,-410.11,155.36,96.39,158.36,875.0,875.0,875.0,875.0,279.56,48.52,-26.03,50.79,1566.74,1190.0,1096.1,3500.0,352.84,1.0,0.0,0.0,1.0,22.5,TARGETED_WEST_COMPUTE_COOL,8.6016
1,Localized Heavy Compute,0,193,1930.0,14,3,4,3,4,92.66,84.68,HEAVY,287.85,VERY HIGH,HEAVY LOAD,89.28,79.64,HEAVY,276.06,VERY HIGH,HEAVY LOAD,91.58,82.39,HEAVY,283.06,VERY HIGH,HEAVY LOAD,89.65,80.44,HEAVY,277.72,VERY HIGH,HEAVY LOAD,15.94,4.6,LIGHT,71.83,LOW,RUNNING,17.51,5.32,LIGHT,74.87,LOW,RUNNING,15.03,4.21,LIGHT,70.1,LOW,RUNNING,19.52,6.9,LIGHT,79.75,LOW,RUNNING,18.03,4.73,LIGHT,74.63,LOW,RUNNING,16.06,3.64,LIGHT,70.53,LOW,RUNNING,28.3,52.0,240.2,0.25,22.0,COOLING,0.25,22.0,COOLING,0.25,22.0,COOLING,0.25,22.0,COOLING,23.913,22.183,21.873,22.171,22.535,23.913,21.873,2.04,1124.69,146.7,149.85,145.16,255.0,340.0,255.0,340.0,184.53,281.66,348.33,281.91,-411.31,155.69,96.94,158.69,875.0,875.0,875.0,875.0,277.91,49.05,-24.88,50.76,1566.4,1190.0,1096.43,3500.0,352.84,1.0,0.0,0.0,1.0,22.5,TARGETED_WEST_COMPUTE_COOL,8.6604
1,Localized Heavy Compute,0,194,1940.0,14,3,4,3,4,92.82,84.7,HEAVY,288.07,VERY HIGH,HEAVY LOAD,89.3,79.53,HEAVY,275.92,VERY HIGH,HEAVY LOAD,91.45,82.26,HEAVY,282.7,VERY HIGH,HEAVY LOAD,89.48,80.41,HEAVY,277.47,VERY HIGH,HEAVY LOAD,15.91,4.62,LIGHT,71.82,LOW,RUNNING,17.6,5.41,LIGHT,75.11,LOW,RUNNING,15.16,4.28,LIGHT,70.37,LOW,RUNNING,19.57,6.89,LIGHT,79.8,LOW,RUNNING,17.96,4.65,LIGHT,74.43,LOW,RUNNING,15.92,3.57,LIGHT,70.26,LOW,RUNNING,28.31,52.0,240.4,0.25,22.0,COOLING,0.25,22.0,COOLING,0.25,22.0,COOLING,0.25,22.0,COOLING,23.919,22.184,21.873,22.172,22.537,23.919,21.873,2.046,1124.16,146.93,150.17,144.69,255.0,340.0,255.0,340.0,184.69,281.98,348.75,282.24,-412.52,156.02,97.48,159.02,875.0,875.0,875.0,875.0,276.33,49.93,-23.6,50.95,1565.95,1190.0,1097.66,3500.0,353.61,1.0,0.0,0.0,1.0,22.5,TARGETED_WEST_COMPUTE_COOL,8.7113
1,Localized Heavy Compute,0,195,1950.0,14,3,4,3,4,92.96,84.69,HEAVY,288.24,VERY HIGH,HEAVY LOAD,89.28,79.41,HEAVY,275.72,VERY HIGH,HEAVY LOAD,91.29,82.14,HEAVY,282.32,VERY HIGH,HEAVY LOAD,89.33,80.4,HEAVY,277.26,VERY HIGH,HEAVY LOAD,15.9,4.66,LIGHT,71.86,LOW,RUNNING,17.71,5.5,LIGHT,75.39,LOW,RUNNING,15.28,4.33,LIGHT,70.59,LOW,RUNNING,19.6,6.86,LIGHT,79.79,LOW,RUNNING,17.86,4.56,LIGHT,74.17,LOW,RUNNING,15.79,3.5,LIGHT,69.99,LOW,RUNNING,28.31,52.0,240.6,0.25,22.0,COOLING,0.25,22.0,COOLING,0.25,22.0,COOLING,0.25,22.0,COOLING,23.925,22.185,21.873,22.173,22.539,23.925,21.873,2.052,1123.54,147.25,150.38,144.16,255.0,340.0,255.0,340.0,184.63,282.09,348.92,282.35,-413.71,156.46,97.79,159.46,875.0,875.0,875.0,875.0,274.46,50.8,-22.91,50.97,1565.33,1190.0,1097.99,3500.0,353.32,1.0,0.0,0.0,1.0,22.5,TARGETED_WEST_COMPUTE_COOL,8.7626
1,Localized Heavy Compute,0,196,1960.0,14,3,4,3,4,93.07,84.65,HEAVY,288.31,VERY HIGH,HEAVY LOAD,89.23,79.28,HEAVY,275.46,VERY HIGH,HEAVY LOAD,91.11,82.05,HEAVY,281.96,VERY HIGH,HEAVY LOAD,89.19,80.42,HEAVY,277.12,VERY HIGH,HEAVY LOAD,15.92,4.72,LIGHT,71.98,LOW,RUNNING,17.83,5.59,LIGHT,75.67,LOW,RUNNING,15.39,4.38,LIGHT,70.81,LOW,RUNNING,19.59,6.82,LIGHT,79.72,LOW,RUNNING,17.75,4.47,LIGHT,73.89,LOW,RUNNING,15.67,3.45,LIGHT,69.76,LOW,RUNNING,28.32,52.0,240.8,0.25,22.0,COOLING,0.25,22.0,COOLING,0.25,22.0,COOLING,0.25,22.0,COOLING,23.931,22.186,21.873,22.174,22.541,23.931,21.873,2.058,1122.85,147.65,150.53,143.65,255.0,340.0,255.0,340.0,184.79,282.4,349.31,282.66,-414.9,156.9,98.1,159.9,875.0,875.0,875.0,875.0,272.74,51.95,-22.06,51.21,1564.68,1190.0,1099.16,3500.0,353.84,1.0,0.0,0.0,1.0,22.5,TARGETED_WEST_COMPUTE_COOL,8.8141
1,Localized Heavy Compute,0,197,1970.0,14,3,4,3,4,93.15,84.58,HEAVY,288.31,VERY HIGH,HEAVY LOAD,89.14,79.15,HEAVY,275.15,VERY HIGH,HEAVY LOAD,90.93,81.97,HEAVY,281.62,VERY HIGH,HEAVY LOAD,89.09,80.48,HEAVY,277.08,VERY HIGH,HEAVY LOAD,15.98,4.79,LIGHT,72.16,LOW,RUNNING,17.96,5.67,LIGHT,75.95,LOW,RUNNING,15.48,4.4,LIGHT,70.95,LOW,RUNNING,19.56,6.76,LIGHT,79.59,LOW,RUNNING,17.62,4.38,LIGHT,73.59,LOW,RUNNING,15.57,3.41,LIGHT,69.58,LOW,RUNNING,28.32,52.0,241.0,0.25,22.0,COOLING,0.25,22.0,COOLING,0.25,22.0,COOLING,0.25,22.0,COOLING,23.937,22.187,21.873,22.175,22.543,23.937,21.873,2.064,1122.16,148.11,150.54,143.17,255.0,340.0,255.0,340.0,184.74,282.5,349.49,282.76,-416.09,157.34,98.41,160.34,875.0,875.0,875.0,875.0,270.81,52.95,-21.56,51.27,1563.98,1190.0,1099.49,3500.0,353.47,1.0,0.0,0.0,1.0,22.5,TARGETED_WEST_COMPUTE_COOL,8.866
1,Localized Heavy Compute,0,198,1980.0,14,3,4,3,4,93.19,84.48,HEAVY,288.21,VERY HIGH,HEAVY LOAD,89.01,79.02,HEAVY,274.79,VERY HIGH,HEAVY LOAD,90.76,81.92,HEAVY,281.33,VERY HIGH,HEAVY LOAD,89.03,80.56,HEAVY,277.13,VERY HIGH,HEAVY LOAD,16.06,4.87,LIGHT,72.38,LOW,RUNNING,18.1,5.75,LIGHT,76.25,LOW,RUNNING,15.55,4.4,LIGHT,71.04,LOW,RUNNING,19.5,6.68,LIGHT,79.39,LOW,RUNNING,17.49,4.3,LIGHT,73.31,LOW,RUNNING,15.49,3.4,LIGHT,69.46,LOW,RUNNING,28.32,52.0,241.2,0.25,22.0,COOLING,0.25,22.0,COOLING,0.25,22.0,COOLING,0.25,22.0,COOLING,23.942,22.188,21.873,22.176,22.545,23.942,21.873,2.069,1121.46,148.63,150.43,142.77,255.0,340.0,255.0,340.0,184.68,282.61,349.66,282.87,-417.28,157.78,98.72,160.78,875.0,875.0,875.0,875.0,268.86,54.02,-21.19,51.42,1563.29,1190.0,1099.82,3500.0,353.11,1.0,0.0,0.0,1.0,22.5,TARGETED_WEST_COMPUTE_COOL,8.9087
1,Localized Heavy Compute,0,199,1990.0,14,3,4,3,4,93.2,84.37,HEAVY,288.06,VERY HIGH,HEAVY LOAD,88.86,78.9,HEAVY,274.43,VERY HIGH,HEAVY LOAD,90.59,81.9,HEAVY,281.09,VERY HIGH,HEAVY LOAD,89.0,80.66,HEAVY,277.24,VERY HIGH,HEAVY LOAD,16.16,4.96,LIGHT,72.64,LOW,RUNNING,18.23,5.81,LIGHT,76.5,LOW,RUNNING,15.59,4.38,LIGHT,71.06,LOW,RUNNING,19.41,6.6,LIGHT,79.16,LOW,RUNNING,17.35,4.23,LIGHT,73.03,LOW,RUNNING,15.43,3.41,LIGHT,69.4,LOW,RUNNING,28.33,52.0,241.5,0.25,22.0,COOLING,0.25,22.0,COOLING,0.25,22.0,COOLING,0.25,22.0,COOLING,23.947,22.189,21.873,22.177,22.547,23.947,21.873,2.074,1120.82,149.14,150.22,142.43,255.0,340.0,255.0,340.0,184.9,282.99,350.14,283.25,-418.24,158.11,99.01,161.11,875.0,875.0,875.0,875.0,267.48,55.24,-20.63,51.79,1562.61,1190.0,1101.28,3500.0,353.88,1.0,0.0,0.0,1.0,22.5,TARGETED_WEST_COMPUTE_COOL,8.952
1,Localized Heavy Compute,0,200,2000.0,14,3,4,3,4,93.16,84.24,HEAVY,287.81,VERY HIGH,HEAVY LOAD,88.69,78.79,HEAVY,274.05,VERY HIGH,HEAVY LOAD,90.45,81.91,HEAVY,280.93,VERY HIGH,HEAVY LOAD,89.01,80.77,HEAVY,277.42,VERY HIGH,HEAVY LOAD,16.27,5.05,LIGHT,72.91,LOW,RUNNING,18.35,5.86,LIGHT,76.73,LOW,RUNNING,15.6,4.34,LIGHT,71.01,LOW,RUNNING,19.3,6.51,LIGHT,78.89,LOW,RUNNING,17.23,4.17,LIGHT,72.79,LOW,RUNNING,15.4,3.43,LIGHT,69.39,LOW,RUNNING,28.33,52.0,241.7,0.25,22.0,COOLING,0.25,22.0,COOLING,0.25,22.0,COOLING,0.25,22.0,COOLING,23.952,22.19,21.873,22.178,22.548,23.952,21.873,2.079,1120.21,149.64,149.9,142.18,255.0,340.0,255.0,340.0,184.87,283.09,350.32,283.35,-419.19,158.44,99.31,161.44,875.0,875.0,875.0,875.0,265.89,56.17,-20.47,51.97,1561.93,1190.0,1101.63,3500.0,353.56,1.0,0.0,0.0,1.0,22.5,TARGETED_WEST_COMPUTE_COOL,8.9956
1,Localized Heavy Compute,0,201,2010.0,14,3,4,3,4,93.08,84.11,HEAVY,287.51,VERY HIGH,HEAVY LOAD,88.52,78.7,HEAVY,273.7,VERY HIGH,HEAVY LOAD,90.34,81.95,HEAVY,280.85,VERY HIGH,HEAVY LOAD,89.07,80.9,HEAVY,277.69,VERY HIGH,HEAVY LOAD,16.4,5.13,LIGHT,73.19,LOW,RUNNING,18.45,5.89,LIGHT,76.9,LOW,RUNNING,15.58,4.29,LIGHT,70.91,LOW,RUNNING,19.18,6.42,LIGHT,78.6,LOW,RUNNING,17.11,4.13,LIGHT,72.58,LOW,RUNNING,15.4,3.48,LIGHT,69.47,LOW,RUNNING,28.34,52.0,241.9,0.25,22.0,COOLING,0.25,22.0,COOLING,0.25,22.0,COOLING,0.25,22.0,COOLING,23.957,22.191,21.873,22.179,22.55,23.957,21.873,2.084,1119.75,150.09,149.51,142.05,255.0,340.0,255.0,340.0,185.05,283.41,350.7,283.67,-420.15,158.77,99.6,161.77,875.0,875.0,875.0,875.0,264.65,57.27,-20.19,52.49,1561.4,1190.0,1102.83,3500.0,354.22,1.0,0.0,0.0,1.0,22.5,TARGETED_WEST_COMPUTE_COOL,9.0396
1,Localized Heavy Compute,0,202,2020.0,14,3,4,3,4,92.97,83.98,HEAVY,287.18,VERY HIGH,HEAVY LOAD,88.34,78.64,HEAVY,273.38,VERY HIGH,HEAVY LOAD,90.25,82.02,HEAVY,280.84,VERY HIGH,HEAVY LOAD,89.16,81.04,HEAVY,278.01,VERY HIGH,HEAVY LOAD,16.54,5.21,LIGHT,73.49,LOW,RUNNING,18.52,5.9,LIGHT,77.0,LOW,RUNNING,15.53,4.22,LIGHT,70.74,LOW,RUNNING,19.05,6.34,LIGHT,78.32,LOW,RUNNING,17.02,4.1,LIGHT,72.43,LOW,RUNNING,15.44,3.54,LIGHT,69.61,LOW,RUNNING,28.34,52.0,242.1,0.25,22.0,COOLING,0.25,22.0,COOLING,0.25,22.0,COOLING,0.25,22.0,COOLING,23.962,22.192,21.873,22.18,22.552,23.962,21.873,2.089,1119.41,150.49,149.06,142.04,255.0,340.0,255.0,340.0,185.02,283.51,350.88,283.77,-421.1,159.1,99.9,162.1,875.0,875.0,875.0,875.0,263.33,58.1,-20.16,52.91,1561.0,1190.0,1103.18,3500.0,354.18,1.0,0.0,0.0,1.0,22.5,TARGETED_WEST_COMPUTE_COOL,9.084
1,Localized Heavy Compute,0,203,2030.0,14,3,4,3,4,92.83,83.85,HEAVY,286.81,VERY HIGH,HEAVY LOAD,88.17,78.61,HEAVY,273.13,VERY HIGH,HEAVY LOAD,90.21,82.11,HEAVY,280.93,VERY HIGH,HEAVY LOAD,89.28,81.17,HEAVY,278.36,VERY HIGH,HEAVY LOAD,16.67,5.28,LIGHT,73.76,LOW,RUNNING,18.58,5.89,LIGHT,77.06,LOW,RUNNING,15.45,4.14,LIGHT,70.52,LOW,RUNNING,18.91,6.26,LIGHT,78.03,LOW,RUNNING,16.95,4.1,LIGHT,72.34,LOW,RUNNING,15.5,3.61,LIGHT,69.79,LOW,RUNNING,28.35,52.0,242.3,0.25,22.0,COOLING,0.25,22.0,COOLING,0.25,22.0,COOLING,0.25,22.0,COOLING,23.967,22.193,21.873,22.181,22.553,23.967,21.873,2.094,1119.23,150.82,148.55,142.13,255.0,340.0,255.0,340.0,185.2,283.84,351.27,284.1,-422.05,159.43,100.19,162.43,875.0,875.0,875.0,875.0,262.38,59.09,-19.99,53.66,1560.73,1190.0,1104.41,3500.0,355.14,1.0,0.0,0.0,1.0,22.5,TARGETED_WEST_COMPUTE_COOL,9.1287
1,Localized Heavy Compute,0,204,2040.0,14,3,4,3,4,92.67,83.74,HEAVY,286.45,VERY HIGH,HEAVY LOAD,88.01,78.6,HEAVY,272.91,VERY HIGH,HEAVY LOAD,90.2,82.22,HEAVY,281.08,VERY HIGH,HEAVY LOAD,89.42,81.29,HEAVY,278.71,VERY HIGH,HEAVY LOAD,16.79,5.34,LIGHT,74.0,LOW,RUNNING,18.6,5.86,LIGHT,77.04,LOW,RUNNING,15.35,4.05,LIGHT,70.26,LOW,RUNNING,18.78,6.19,LIGHT,77.76,LOW,RUNNING,16.91,4.12,LIGHT,72.32,LOW,RUNNING,15.58,3.69,LIGHT,70.01,LOW,RUNNING,28.35,52.0,242.5,0.25,22.0,COOLING,0.25,22.0,COOLING,0.25,22.0,COOLING,0.25,22.0,COOLING,23.972,22.194,21.873,22.182,22.555,23.972,21.873,2.099,1119.15,151.04,148.02,142.33,255.0,340.0,255.0,340.0,185.17,283.94,351.45,284.19,-423.01,159.76,100.49,162.76,875.0,875.0,875.0,875.0,261.31,59.74,-20.04,54.28,1560.54,1190.0,1104.75,3500.0,355.29,1.0,0.0,0.0,1.0,22.5,TARGETED_WEST_COMPUTE_COOL,9.1737
1,Localized Heavy Compute,0,205,2050.0,14,3,4,3,4,92.5,83.64,HEAVY,286.09,VERY HIGH,HEAVY LOAD,87.88,78.63,HEAVY,272.79,VERY HIGH,HEAVY LOAD,90.24,82.34,HEAVY,281.31,VERY HIGH,HEAVY LOAD,89.59,81.4,HEAVY,279.09,VERY HIGH,HEAVY LOAD,16.9,5.38,LIGHT,74.19,LOW,RUNNING,18.59,5.81,LIGHT,76.95,LOW,RUNNING,15.24,3.96,LIGHT,69.99,LOW,RUNNING,18.66,6.14,LIGHT,77.53,LOW,RUNNING,16.9,4.15,LIGHT,72.35,LOW,RUNNING,15.69,3.78,LIGHT,70.28,LOW,RUNNING,28.35,52.0,242.7,0.25,22.0,COOLING,0.25,22.0,COOLING,0.25,22.0,COOLING,0.25,22.0,COOLING,23.977,22.195,21.873,22.183,22.557,23.977,21.873,2.104,1119.28,151.14,147.52,142.63,255.0,340.0,255.0,340.0,185.14,284.04,351.62,284.3,-423.97,160.09,100.78,163.09,875.0,875.0,875.0,875.0,260.45,60.27,-20.08,55.02,1560.57,1190.0,1105.1,3500.0,355.66,1.0,0.0,0.0,1.0,22.5,TARGETED_WEST_COMPUTE_COOL,9.2191
1,Localized Heavy Compute,0,206,2060.0,14,3,4,3,4,92.32,83.56,HEAVY,285.74,VERY HIGH,HEAVY LOAD,87.79,78.68,HEAVY,272.76,VERY HIGH,HEAVY LOAD,90.31,82.48,HEAVY,281.61,VERY HIGH,HEAVY LOAD,89.77,81.49,HEAVY,279.45,VERY HIGH,HEAVY LOAD,16.99,5.4,LIGHT,74.34,LOW,RUNNING,18.55,5.75,LIGHT,76.81,LOW,RUNNING,15.11,3.87,LIGHT,69.69,LOW,RUNNING,18.56,6.11,LIGHT,77.37,LOW,RUNNING,16.92,4.21,LIGHT,72.47,LOW,RUNNING,15.81,3.87,LIGHT,70.57,LOW,RUNNING,28.36,52.0,242.9,0.25,22.0,COOLING,0.25,22.0,COOLING,0.25,22.0,COOLING,0.25,22.0,COOLING,23.982,22.196,21.873,22.184,22.559,23.982,21.873,2.109,1119.56,151.15,147.06,143.04,255.0,340.0,255.0,340.0,185.32,284.36,352.01,284.62,-424.92,160.42,101.08,163.42,875.0,875.0,875.0,875.0,259.96,60.93,-19.85,56.08,1560.81,1190.0,1106.31,3500.0,357.12,1.0,0.0,0.0,1.0,22.5,TARGETED_WEST_COMPUTE_COOL,9.2647
1,Localized Heavy Compute,0,207,2070.0,14,3,4,3,4,92.14,83.52,HEAVY,285.45,VERY HIGH,HEAVY LOAD,87.72,78.76,HEAVY,272.79,VERY HIGH,HEAVY LOAD,90.42,82.61,HEAVY,281.94,VERY HIGH,HEAVY LOAD,89.95,81.56,HEAVY,279.78,VERY HIGH,HEAVY LOAD,17.06,5.4,LIGHT,74.42,LOW,RUNNING,18.49,5.68,LIGHT,76.63,LOW,RUNNING,14.97,3.79,LIGHT,69.4,LOW,RUNNING,18.48,6.1,LIGHT,77.25,LOW,RUNNING,16.97,4.27,LIGHT,72.62,LOW,RUNNING,15.94,3.96,LIGHT,70.86,LOW,RUNNING,28.36,52.0,243.1,0.25,22.0,COOLING,0.25,22.0,COOLING,0.25,22.0,COOLING,0.25,22.0,COOLING,23.987,22.197,21.873,22.185,22.56,23.987,21.873,2.114,1119.96,151.05,146.65,143.48,255.0,340.0,255.0,340.0,185.29,284.47,352.18,284.72,-425.87,160.75,101.38,163.75,875.0,875.0,875.0,875.0,259.38,61.27,-19.79,56.95,1561.14,1190.0,1106.66,3500.0,357.81,1.0,0.0,0.0,1.0,22.5,TARGETED_WEST_COMPUTE_COOL,9.3107
1,Localized Heavy Compute,0,208,2080.0,14,3,4,3,4,91.98,83.5,HEAVY,285.23,VERY HIGH,HEAVY LOAD,87.7,78.87,HEAVY,272.93,VERY HIGH,HEAVY LOAD,90.55,82.74,HEAVY,282.3,VERY HIGH,HEAVY LOAD,90.12,81.59,HEAVY,280.04,VERY HIGH,HEAVY LOAD,17.09,5.38,LIGHT,74.43,LOW,RUNNING,18.4,5.59,LIGHT,76.39,LOW,RUNNING,14.84,3.72,LIGHT,69.13,LOW,RUNNING,18.43,6.11,LIGHT,77.2,LOW,RUNNING,17.04,4.35,LIGHT,72.83,LOW,RUNNING,16.08,4.03,LIGHT,71.14,LOW,RUNNING,28.37,52.0,243.3,0.25,22.0,COOLING,0.25,22.0,COOLING,0.25,22.0,COOLING,0.25,22.0,COOLING,23.992,22.198,21.873,22.186,22.562,23.992,21.873,2.119,1120.5,150.82,146.33,143.97,255.0,340.0,255.0,340.0,185.47,284.78,352.58,285.04,-426.83,161.08,101.67,164.08,875.0,875.0,875.0,875.0,259.14,61.68,-19.42,58.09,1561.62,1190.0,1107.87,3500.0,359.49,1.0,0.0,0.0,1.0,22.5,TARGETED_WEST_COMPUTE_COOL,9.3568
1,Localized Heavy Compute,0,209,2090.0,14,3,4,3,4,91.84,83.51,HEAVY,285.07,VERY HIGH,HEAVY LOAD,87.72,78.99,HEAVY,273.13,VERY HIGH,HEAVY LOAD,90.71,82.86,HEAVY,282.68,VERY HIGH,HEAVY LOAD,90.27,81.6,HEAVY,280.24,VERY HIGH,HEAVY LOAD,17.1,5.34,LIGHT,74.39,LOW,RUNNING,18.29,5.5,LIGHT,76.11,LOW,RUNNING,14.72,3.67,LIGHT,68.91,LOW,RUNNING,18.4,6.14,LIGHT,77.21,LOW,RUNNING,17.14,4.44,LIGHT,73.08,LOW,RUNNING,16.21,4.1,LIGHT,71.41,LOW,RUNNING,28.37,52.0,243.5,0.25,22.0,COOLING,0.25,22.0,COOLING,0.25,22.0,COOLING,0.25,22.0,COOLING,23.997,22.199,21.873,22.187,22.564,23.997,21.873,2.124,1121.12,150.5,146.12,144.49,255.0,340.0,255.0,340.0,185.44,284.89,352.75,285.15,-427.79,161.41,101.96,164.41,875.0,875.0,875.0,875.0,258.77,61.8,-19.17,59.05,1562.23,1190.0,1108.23,3500.0,360.45,1.0,0.0,0.0,1.0,22.5,TARGETED_WEST_COMPUTE_COOL,9.4031
1,Localized Heavy Compute,0,210,2100.0,14,3,4,3,4,91.73,83.55,HEAVY,284.99,VERY HIGH,HEAVY LOAD,87.77,79.12,HEAVY,273.39,VERY HIGH,HEAVY LOAD,90.89,82.95,HEAVY,283.04,VERY HIGH,HEAVY LOAD,90.41,81.58,HEAVY,280.38,VERY HIGH,HEAVY LOAD,17.08,5.28,LIGHT,74.27,LOW,RUNNING,18.17,5.41,LIGHT,75.83,LOW,RUNNING,14.61,3.62,LIGHT,68.69,LOW,RUNNING,18.41,6.18,LIGHT,77.28,LOW,RUNNING,17.25,4.53,LIGHT,73.36,LOW,RUNNING,16.33,4.15,LIGHT,71.64,LOW,RUNNING,28.38,52.0,243.8,0.25,22.0,COOLING,0.25,22.0,COOLING,0.25,22.0,COOLING,0.25,22.0,COOLING,24.002,22.2,21.873,22.188,22.566,24.002,21.873,2.129,1121.8,150.1,145.97,145.0,255.0,340.0,255.0,340.0,185.65,285.27,353.22,285.53,-428.74,161.74,102.26,164.74,875.0,875.0,875.0,875.0,258.71,62.11,-18.55,60.27,1562.87,1190.0,1109.67,3500.0,362.54,1.0,0.0,0.0,1.0,22.5,TARGETED_WEST_COMPUTE_COOL,9.4495
1,Localized Heavy Compute,0,211,2110.0,14,3,4,3,4,91.65,83.62,HEAVY,284.99,VERY HIGH,HEAVY LOAD,87.86,79.25,HEAVY,273.7,VERY HIGH,HEAVY LOAD,91.07,83.03,HEAVY,283.38,VERY HIGH,HEAVY LOAD,90.51,81.52,HEAVY,280.42,VERY HIGH,HEAVY LOAD,17.02,5.21,LIGHT,74.09,LOW,RUNNING,18.04,5.33,LIGHT,75.55,LOW,RUNNING,14.52,3.6,LIGHT,68.55,LOW,RUNNING,18.44,6.24,LIGHT,77.41,LOW,RUNNING,17.38,4.62,LIGHT,73.66,LOW,RUNNING,16.43,4.19,LIGHT,71.82,LOW,RUNNING,28.38,52.0,244.0,0.25,22.0,COOLING,0.25,22.0,COOLING,0.25,22.0,COOLING,0.25,22.0,COOLING,24.007,22.201,21.873,22.189,22.568,24.007,21.873,2.134,1122.49,149.64,145.96,145.48,255.0,340.0,255.0,340.0,185.63,285.37,353.4,285.63,-429.69,162.07,102.55,165.07,875.0,875.0,875.0,875.0,258.43,62.08,-18.09,61.18,1563.57,1190.0,1110.03,3500.0,363.6,1.0,0.0,0.0,1.0,22.5,TARGETED_WEST_COMPUTE_COOL,9.496
1,Localized Heavy Compute,0,212,2120.0,14,3,4,3,4,91.61,83.72,HEAVY,285.09,VERY HIGH,HEAVY LOAD,87.99,79.38,HEAVY,274.06,VERY HIGH,HEAVY LOAD,91.24,83.08,HEAVY,283.67,VERY HIGH,HEAVY LOAD,90.57,81.44,HEAVY,280.37,VERY HIGH,HEAVY LOAD,16.94,5.13,LIGHT,73.87,LOW,RUNNING,17.9,5.25,LIGHT,75.25,LOW,RUNNING,14.45,3.6,LIGHT,68.46,LOW,RUNNING,18.5,6.32,LIGHT,77.61,LOW,RUNNING,17.51,4.7,LIGHT,73.94,LOW,RUNNING,16.51,4.2,LIGHT,71.94,LOW,RUNNING,28.38,52.0,244.2,0.25,22.0,COOLING,0.25,22.0,COOLING,0.25,22.0,COOLING,0.25,22.0,COOLING,24.012,22.202,21.873,22.19,22.569,24.012,21.873,2.139,1123.19,149.12,146.07,145.88,255.0,340.0,255.0,340.0,185.6,285.47,353.57,285.73,-430.65,162.4,102.85,165.4,875.0,875.0,875.0,875.0,258.14,61.99,-17.51,62.01,1564.26,1190.0,1110.37,3500.0,364.63,1.0,0.0,0.0,1.0,22.5,TARGETED_WEST_COMPUTE_COOL,9.5425
1,Localized Heavy Compute,0,213,2130.0,14,3,4,3,4,91.6,83.83,HEAVY,285.25,VERY HIGH,HEAVY LOAD,88.14,79.5,HEAVY,274.43,VERY HIGH,HEAVY LOAD,91.41,83.1,HEAVY,283.91,VERY HIGH,HEAVY LOAD,90.6,81.34,HEAVY,280.26,VERY HIGH,HEAVY LOAD,16.84,5.04,LIGHT,73.61,LOW,RUNNING,17.77,5.19,LIGHT,75.0,LOW,RUNNING,14.41,3.62,LIGHT,68.44,LOW,RUNNING,18.59,6.4,LIGHT,77.84,LOW,RUNNING,17.65,4.77,LIGHT,74.22,LOW,RUNNING,16.57,4.19,LIGHT,72.0,LOW,RUNNING,28.39,52.0,244.4,0.25,22.0,COOLING,0.25,22.0,COOLING,0.25,22.0,COOLING,0.25,22.0,COOLING,24.017,22.203,21.873,22.191,22.571,24.017,21.873,2.144,1123.85,148.61,146.28,146.22,255.0,340.0,255.0,340.0,185.78,285.79,353.97,286.05,-431.6,162.73,103.15,165.73,875.0,875.0,875.0,875.0,258.03,62.13,-16.6,63.0,1564.96,1190.0,1111.59,3500.0,366.56,1.0,0.0,0.0,1.0,22.5,TARGETED_WEST_COMPUTE_COOL,9.5891
1,Localized Heavy Compute,0,214,2140.0,14,3,4,3,4,91.64,83.96,HEAVY,285.49,VERY HIGH,HEAVY LOAD,88.31,79.61,HEAVY,274.8,VERY HIGH,HEAVY LOAD,91.55,83.09,HEAVY,284.07,VERY HIGH,HEAVY LOAD,90.59,81.23,HEAVY,280.08,VERY HIGH,HEAVY LOAD,16.73,4.95,LIGHT,73.34,LOW,RUNNING,17.65,5.14,LIGHT,74.77,LOW,RUNNING,14.4,3.66,LIGHT,68.49,LOW,RUNNING,18.7,6.49,LIGHT,78.11,LOW,RUNNING,17.77,4.83,LIGHT,74.46,LOW,RUNNING,16.6,4.17,LIGHT,72.0,LOW,RUNNING,28.39,52.0,244.6,0.25,22.0,COOLING,0.25,22.0,COOLING,0.25,22.0,COOLING,0.25,22.0,COOLING,24.022,22.204,21.873,22.192,22.573,24.022,21.873,2.149,1124.44,148.11,146.6,146.46,255.0,340.0,255.0,340.0,185.74,285.9,354.14,286.16,-432.56,163.06,103.44,166.06,875.0,875.0,875.0,875.0,257.62,62.07,-15.82,63.68,1565.61,1190.0,1111.94,3500.0,367.55,1.0,0.0,0.0,1.0,22.5,TARGETED_WEST_COMPUTE_COOL,9.6356
1,Localized Heavy Compute,0,215,2150.0,14,3,4,3,4,91.72,84.09,HEAVY,285.78,VERY HIGH,HEAVY LOAD,88.48,79.7,HEAVY,275.15,VERY HIGH,HEAVY LOAD,91.66,83.05,HEAVY,284.15,VERY HIGH,HEAVY LOAD,90.53,81.1,HEAVY,279.81,VERY HIGH,HEAVY LOAD,16.6,4.87,LIGHT,73.06,LOW,RUNNING,17.55,5.11,LIGHT,74.6,LOW,RUNNING,14.42,3.71,LIGHT,68.59,LOW,RUNNING,18.82,6.58,LIGHT,78.4,LOW,RUNNING,17.89,4.87,LIGHT,74.67,LOW,RUNNING,16.6,4.12,LIGHT,71.93,LOW,RUNNING,28.4,52.0,244.8,0.25,22.0,COOLING,0.25,22.0,COOLING,0.25,22.0,COOLING,0.25,22.0,COOLING,24.027,22.205,21.873,22.193,22.575,24.027,21.873,2.154,1124.89,147.66,146.99,146.6,255.0,340.0,255.0,340.0,185.93,286.21,354.53,286.47,-433.51,163.39,103.73,166.39,875.0,875.0,875.0,875.0,257.31,62.26,-14.75,64.46,1566.14,1190.0,1113.14,3500.0,369.28,1.0,0.0,0.0,1.0,22.5,TARGETED_WEST_COMPUTE_COOL,9.682
1,Localized Heavy Compute,0,216,2160.0,14,3,4,3,4,91.83,84.22,HEAVY,286.12,VERY HIGH,HEAVY LOAD,88.66,79.76,HEAVY,275.47,VERY HIGH,HEAVY LOAD,91.75,82.98,HEAVY,284.16,VERY HIGH,HEAVY LOAD,90.44,80.96,HEAVY,279.49,VERY HIGH,HEAVY LOAD,16.46,4.79,LIGHT,72.76,LOW,RUNNING,17.48,5.1,LIGHT,74.5,LOW,RUNNING,14.47,3.78,LIGHT,68.76,LOW,RUNNING,18.95,6.66,LIGHT,78.68,LOW,RUNNING,17.98,4.9,LIGHT,74.82,LOW,RUNNING,16.56,4.06,LIGHT,71.79,LOW,RUNNING,28.4,52.0,245.0,0.25,22.0,COOLING,0.25,22.0,COOLING,0.25,22.0,COOLING,0.25,22.0,COOLING,24.032,22.206,21.873,22.194,22.576,24.032,21.873,2.159,1125.24,147.26,147.44,146.61,255.0,340.0,255.0,340.0,185.9,286.31,354.71,286.57,-434.47,163.72,104.03,166.72,875.0,875.0,875.0,875.0,256.67,62.29,-13.82,64.9,1566.55,1190.0,1113.49,3500.0,370.04,1.0,0.0,0.0,1.0,22.5,TARGETED_WEST_COMPUTE_COOL,9.7283
1,Localized Heavy Compute,0,217,2170.0,14,3,4,3,4,91.97,84.35,HEAVY,286.49,VERY HIGH,HEAVY LOAD,88.83,79.79,HEAVY,275.72,VERY HIGH,HEAVY LOAD,91.79,82.89,HEAVY,284.07,VERY HIGH,HEAVY LOAD,90.32,80.83,HEAVY,279.14,VERY HIGH,HEAVY LOAD,16.33,4.72,LIGHT,72.49,LOW,RUNNING,17.42,5.11,LIGHT,74.44,LOW,RUNNING,14.55,3.86,LIGHT,68.98,LOW,RUNNING,19.09,6.74,LIGHT,78.97,LOW,RUNNING,18.05,4.9,LIGHT,74.91,LOW,RUNNING,16.5,3.99,LIGHT,71.61,LOW,RUNNING,28.4,52.0,245.2,0.25,22.0,COOLING,0.25,22.0,COOLING,0.25,22.0,COOLING,0.25,22.0,COOLING,24.037,22.207,21.873,22.195,22.578,24.037,21.873,2.164,1125.42,146.93,147.95,146.52,255.0,340.0,255.0,340.0,185.86,286.42,354.88,286.68,-435.43,164.05,104.32,167.05,875.0,875.0,875.0,875.0,255.85,62.4,-12.85,65.25,1566.82,1190.0,1113.84,3500.0,370.65,1.0,0.0,0.0,1.0,22.5,TARGETED_WEST_COMPUTE_COOL,9.7746
1,Localized Heavy Compute,0,218,2180.0,14,3,4,3,4,92.13,84.46,HEAVY,286.85,VERY HIGH,HEAVY LOAD,88.99,79.8,HEAVY,275.94,VERY HIGH,HEAVY LOAD,91.8,82.78,HEAVY,283.92,VERY HIGH,HEAVY LOAD,90.18,80.71,HEAVY,278.79,VERY HIGH,HEAVY LOAD,16.21,4.66,LIGHT,72.25,LOW,RUNNING,17.4,5.14,LIGHT,74.46,LOW,RUNNING,14.65,3.95,LIGHT,69.24,LOW,RUNNING,19.22,6.81,LIGHT,79.24,LOW,RUNNING,18.09,4.88,LIGHT,74.93,LOW,RUNNING,16.42,3.91,LIGHT,71.39,LOW,RUNNING,28.41,52.0,245.4,0.25,22.0,COOLING,0.25,22.0,COOLING,0.25,22.0,COOLING,0.25,22.0,COOLING,24.042,22.208,21.873,22.196,22.58,24.042,21.873,2.169,1125.5,146.71,148.48,146.32,255.0,340.0,255.0,340.0,186.04,286.74,355.27,287.0,-436.38,164.38,104.62,167.38,875.0,875.0,875.0,875.0,255.16,62.83,-11.63,65.7,1567.01,1190.0,1115.05,3500.0,372.06,1.0,0.0,0.0,1.0,22.5,TARGETED_WEST_COMPUTE_COOL,9.8208
1,Localized Heavy Compute,0,219,2190.0,14,3,4,3,4,92.3,84.56,HEAVY,287.22,VERY HIGH,HEAVY LOAD,89.12,79.77,HEAVY,276.06,VERY HIGH,HEAVY LOAD,91.76,82.66,HEAVY,283.69,VERY HIGH,HEAVY LOAD,90.01,80.6,HEAVY,278.41,VERY HIGH,HEAVY LOAD,16.1,4.62,LIGHT,72.06,LOW,RUNNING,17.41,5.19,LIGHT,74.55,LOW,RUNNING,14.76,4.04,LIGHT,69.51,LOW,RUNNING,19.34,6.86,LIGHT,79.47,LOW,RUNNING,18.1,4.85,LIGHT,74.9,LOW,RUNNING,16.31,3.82,LIGHT,71.12,LOW,RUNNING,28.41,52.0,245.6,0.25,22.0,COOLING,0.25,22.0,COOLING,0.25,22.0,COOLING,0.25,22.0,COOLING,24.047,22.209,21.873,22.197,22.581,24.047,21.873,2.174,1125.38,146.61,148.98,146.02,255.0,340.0,255.0,340.0,186.01,286.84,355.45,287.1,-437.34,164.71,104.91,167.71,875.0,875.0,875.0,875.0,254.05,63.16,-10.66,65.83,1566.99,1190.0,1115.4,3500.0,372.38,1.0,0.0,0.0,1.0,22.5,TARGETED_WEST_COMPUTE_COOL,9.867
1,Localized Heavy Compute,0,220,2200.0,14,3,4,3,4,92.48,84.64,HEAVY,287.56,VERY HIGH,HEAVY LOAD,89.21,79.72,HEAVY,276.09,VERY HIGH,HEAVY LOAD,91.69,82.52,HEAVY,283.39,VERY HIGH,HEAVY LOAD,89.83,80.51,HEAVY,278.05,VERY HIGH,HEAVY LOAD,16.01,4.6,LIGHT,71.91,LOW,RUNNING,17.45,5.25,LIGHT,74.69,LOW,RUNNING,14.89,4.13,LIGHT,69.81,LOW,RUNNING,19.44,6.89,LIGHT,79.63,LOW,RUNNING,18.08,4.79,LIGHT,74.78,LOW,RUNNING,16.19,3.73,LIGHT,70.83,LOW,RUNNING,28.42,52.0,245.8,0.25,22.0,COOLING,0.25,22.0,COOLING,0.25,22.0,COOLING,0.25,22.0,COOLING,24.052,22.21,21.873,22.198,22.583,24.052,21.873,2.179,1125.09,146.6,149.44,145.61,255.0,340.0,255.0,340.0,186.19,287.16,355.83,287.41,-438.29,165.04,105.21,168.04,875.0,875.0,875.0,875.0,252.99,63.8,-9.52,66.06,1566.74,1190.0,1116.59,3500.0,373.33,1.0,0.0,0.0,1.0,22.5,TARGETED_WEST_COMPUTE_COOL,9.9132
1,Localized Heavy Compute,0,221,2210.0,14,3,4,3,4,92.66,84.68,HEAVY,287.85,VERY HIGH,HEAVY LOAD,89.28,79.64,HEAVY,276.06,VERY HIGH,HEAVY LOAD,91.58,82.39,HEAVY,283.06,VERY HIGH,HEAVY LOAD,89.65,80.44,HEAVY,277.72,VERY HIGH,HEAVY LOAD,15.94,4.6,LIGHT,71.83,LOW,RUNNING,17.51,5.32,LIGHT,74.87,LOW,RUNNING,15.03,4.21,LIGHT,70.1,LOW,RUNNING,19.52,6.9,LIGHT,79.75,LOW,RUNNING,18.03,4.73,LIGHT,74.63,LOW,RUNNING,16.06,3.64,LIGHT,70.53,LOW,RUNNING,28.42,52.0,246.0,0.25,22.0,COOLING,0.25,22.0,COOLING,0.25,22.0,COOLING,0.25,22.0,COOLING,24.057,22.211,21.873,22.199,22.585,24.057,21.873,2.184,1124.69,146.7,149.85,145.16,255.0,340.0,255.0,340.0,186.16,287.27,356.01,287.52,-439.24,165.37,105.5,168.37,875.0,875.0,875.0,875.0,251.61,64.34,-8.64,66.05,1566.4,1190.0,1116.96,3500.0,373.36,1.0,0.0,0.0,1.0,22.5,TARGETED_WEST_COMPUTE_COOL,9.9594
1,Localized Heavy Compute,0,222,2220.0,14,3,4,3,4,92.82,84.7,HEAVY,288.07,VERY HIGH,HEAVY LOAD,89.3,79.53,HEAVY,275.92,VERY HIGH,HEAVY LOAD,91.45,82.26,HEAVY,282.7,VERY HIGH,HEAVY LOAD,89.48,80.41,HEAVY,277.47,VERY HIGH,HEAVY LOAD,15.91,4.62,LIGHT,71.82,LOW,RUNNING,17.6,5.41,LIGHT,75.11,LOW,RUNNING,15.16,4.28,LIGHT,70.37,LOW,RUNNING,19.57,6.89,LIGHT,79.8,LOW,RUNNING,17.96,4.65,LIGHT,74.43,LOW,RUNNING,15.92,3.57,LIGHT,70.26,LOW,RUNNING,28.43,52.0,246.2,0.25,22.0,COOLING,0.25,22.0,COOLING,0.25,22.0,COOLING,0.25,22.0,COOLING,24.062,22.212,21.873,22.2,22.587,24.062,21.873,2.189,1124.16,146.93,150.17,144.69,255.0,340.0,255.0,340.0,186.35,287.59,356.4,287.85,-440.2,165.7,105.8,168.7,875.0,875.0,875.0,875.0,250.31,65.22,-7.63,66.24,1565.95,1190.0,1118.19,3500.0,374.14,1.0,0.0,0.0,1.0,22.5,TARGETED_WEST_COMPUTE_COOL,10.0057
1,Localized Heavy Compute,0,223,2230.0,14,3,4,3,4,92.96,84.69,HEAVY,288.24,VERY HIGH,HEAVY LOAD,89.28,79.41,HEAVY,275.72,VERY HIGH,HEAVY LOAD,91.29,82.14,HEAVY,282.32,VERY HIGH,HEAVY LOAD,89.33,80.4,HEAVY,277.26,VERY HIGH,HEAVY LOAD,15.9,4.66,LIGHT,71.86,LOW,RUNNING,17.71,5.5,LIGHT,75.39,LOW,RUNNING,15.28,4.33,LIGHT,70.59,LOW,RUNNING,19.6,6.86,LIGHT,79.79,LOW,RUNNING,17.86,4.56,LIGHT,74.17,LOW,RUNNING,15.79,3.5,LIGHT,69.99,LOW,RUNNING,28.43,52.0,246.5,0.25,22.0,COOLING,0.25,22.0,COOLING,0.25,22.0,COOLING,0.25,22.0,COOLING,24.067,22.213,21.873,22.201,22.588,24.067,21.873,2.194,1123.54,147.25,150.38,144.16,255.0,340.0,255.0,340.0,186.35,287.75,356.67,288.01,-441.16,166.03,106.09,169.03,875.0,875.0,875.0,875.0,248.73,66.03,-6.86,66.2,1565.33,1190.0,1118.78,3500.0,374.1,1.0,0.0,0.0,1.0,22.5,TARGETED_WEST_COMPUTE_COOL,10.052
1,Localized Heavy Compute,0,224,2240.0,14,3,4,3,4,93.07,84.65,HEAVY,288.31,VERY HIGH,HEAVY LOAD,89.23,79.28,HEAVY,275.46,VERY HIGH,HEAVY LOAD,91.11,82.05,HEAVY,281.96,VERY HIGH,HEAVY LOAD,89.19,80.42,HEAVY,277.12,VERY HIGH,HEAVY LOAD,15.92,4.72,LIGHT,71.98,LOW,RUNNING,17.83,5.59,LIGHT,75.67,LOW,RUNNING,15.39,4.38,LIGHT,70.81,LOW,RUNNING,19.59,6.82,LIGHT,79.72,LOW,RUNNING,17.75,4.47,LIGHT,73.89,LOW,RUNNING,15.67,3.45,LIGHT,69.76,LOW,RUNNING,28.43,52.0,246.7,0.25,22.0,COOLING,0.25,22.0,COOLING,0.25,22.0,COOLING,0.25,22.0,COOLING,24.072,22.214,21.873,22.202,22.59,24.072,21.873,2.199,1122.85,147.65,150.53,143.65,255.0,340.0,255.0,340.0,186.31,287.86,356.84,288.11,-442.11,166.36,106.39,169.36,875.0,875.0,875.0,875.0,247.05,66.87,-6.24,66.12,1564.68,1190.0,1119.12,3500.0,373.8,1.0,0.0,0.0,1.0,22.5,TARGETED_WEST_COMPUTE_COOL,10.0985
1,Localized Heavy Compute,0,225,2250.0,14,3,4,3,4,93.15,84.58,HEAVY,288.31,VERY HIGH,HEAVY LOAD,89.14,79.15,HEAVY,275.15,VERY HIGH,HEAVY LOAD,90.93,81.97,HEAVY,281.62,VERY HIGH,HEAVY LOAD,89.09,80.48,HEAVY,277.08,VERY HIGH,HEAVY LOAD,15.98,4.79,LIGHT,72.16,LOW,RUNNING,17.96,5.67,LIGHT,75.95,LOW,RUNNING,15.48,4.4,LIGHT,70.95,LOW,RUNNING,19.56,6.76,LIGHT,79.59,LOW,RUNNING,17.62,4.38,LIGHT,73.59,LOW,RUNNING,15.57,3.41,LIGHT,69.58,LOW,RUNNING,28.44,52.0,246.9,0.25,22.0,COOLING,0.25,22.0,COOLING,0.25,22.0,COOLING,0.25,22.0,COOLING,24.077,22.215,21.873,22.203,22.592,24.077,21.873,2.204,1122.16,148.11,150.54,143.17,255.0,340.0,255.0,340.0,186.5,288.17,357.23,288.43,-443.06,166.69,106.68,169.69,875.0,875.0,875.0,875.0,245.6,67.97,-5.55,66.29,1563.98,1190.0,1120.33,3500.0,374.31,1.0,0.0,0.0,1.0,22.5,TARGETED_WEST_COMPUTE_COOL,10.1454
1,Localized Heavy Compute,0,226,2260.0,14,3,4,3,4,93.19,84.48,HEAVY,288.21,VERY HIGH,HEAVY LOAD,89.01,79.02,HEAVY,274.79,VERY HIGH,HEAVY LOAD,90.76,81.92,HEAVY,281.33,VERY HIGH,HEAVY LOAD,89.03,80.56,HEAVY,277.13,VERY HIGH,HEAVY LOAD,16.06,4.87,LIGHT,72.38,LOW,RUNNING,18.1,5.75,LIGHT,76.25,LOW,RUNNING,15.55,4.4,LIGHT,71.04,LOW,RUNNING,19.5,6.68,LIGHT,79.39,LOW,RUNNING,17.49,4.3,LIGHT,73.31,LOW,RUNNING,15.49,3.4,LIGHT,69.46,LOW,RUNNING,28.44,52.0,247.1,0.25,22.0,COOLING,0.25,22.0,COOLING,0.25,22.0,COOLING,0.25,22.0,COOLING,24.082,22.216,21.873,22.204,22.594,24.082,21.873,2.209,1121.46,148.63,150.43,142.77,255.0,340.0,255.0,340.0,186.46,288.28,357.4,288.54,-444.02,167.02,106.98,170.02,875.0,875.0,875.0,875.0,243.9,68.93,-5.19,66.33,1563.29,1190.0,1120.68,3500.0,373.97,1.0,0.0,0.0,1.0,22.5,TARGETED_WEST_COMPUTE_COOL,10.1924
1,Localized Heavy Compute,0,227,2270.0,14,3,4,3,4,93.2,84.37,HEAVY,288.06,VERY HIGH,HEAVY LOAD,88.86,78.9,HEAVY,274.43,VERY HIGH,HEAVY LOAD,90.59,81.9,HEAVY,281.09,VERY HIGH,HEAVY LOAD,89.0,80.66,HEAVY,277.24,VERY HIGH,HEAVY LOAD,16.16,4.96,LIGHT,72.64,LOW,RUNNING,18.23,5.81,LIGHT,76.5,LOW,RUNNING,15.59,4.38,LIGHT,71.06,LOW,RUNNING,19.41,6.6,LIGHT,79.16,LOW,RUNNING,17.35,4.23,LIGHT,73.03,LOW,RUNNING,15.43,3.41,LIGHT,69.4,LOW,RUNNING,28.45,52.0,247.3,0.25,22.0,COOLING,0.25,22.0,COOLING,0.25,22.0,COOLING,0.25,22.0,COOLING,24.087,22.217,21.873,22.205,22.596,24.087,21.873,2.214,1120.82,149.14,150.22,142.43,255.0,340.0,255.0,340.0,186.65,288.59,357.8,288.85,-444.97,167.35,107.27,170.35,875.0,875.0,875.0,875.0,242.5,70.08,-4.71,66.63,1562.61,1190.0,1121.89,3500.0,374.5,1.0,0.0,0.0,1.0,22.5,TARGETED_WEST_COMPUTE_COOL,10.2398
1,Localized Heavy Compute,0,228,2280.0,14,3,4,3,4,93.16,84.24,HEAVY,287.81,VERY HIGH,HEAVY LOAD,88.69,78.79,HEAVY,274.05,VERY HIGH,HEAVY LOAD,90.45,81.91,HEAVY,280.93,VERY HIGH,HEAVY LOAD,89.01,80.77,HEAVY,277.42,VERY HIGH,HEAVY LOAD,16.27,5.05,LIGHT,72.91,LOW,RUNNING,18.35,5.86,LIGHT,76.73,LOW,RUNNING,15.6,4.34,LIGHT,71.01,LOW,RUNNING,19.3,6.51,LIGHT,78.89,LOW,RUNNING,17.23,4.17,LIGHT,72.79,LOW,RUNNING,15.4,3.43,LIGHT,69.39,LOW,RUNNING,28.45,52.0,247.5,0.25,22.0,COOLING,0.25,22.0,COOLING,0.25,22.0,COOLING,0.25,22.0,COOLING,24.092,22.218,21.873,22.206,22.597,24.092,21.873,2.219,1120.21,149.64,149.9,142.18,255.0,340.0,255.0,340.0,186.61,288.7,357.97,288.96,-445.93,167.68,107.57,170.68,875.0,875.0,875.0,875.0,240.89,71.02,-4.56,66.82,1561.93,1190.0,1122.24,3500.0,374.17,1.0,0.0,0.0,1.0,22.5,TARGETED_WEST_COMPUTE_COOL,10.2874
1,Localized Heavy Compute,0,229,2290.0,14,3,4,3,4,93.08,84.11,HEAVY,287.51,VERY HIGH,HEAVY LOAD,88.52,78.7,HEAVY,273.7,VERY HIGH,HEAVY LOAD,90.34,81.95,HEAVY,280.85,VERY HIGH,HEAVY LOAD,89.07,80.9,HEAVY,277.69,VERY HIGH,HEAVY LOAD,16.4,5.13,LIGHT,73.19,LOW,RUNNING,18.45,5.89,LIGHT,76.9,LOW,RUNNING,15.58,4.29,LIGHT,70.91,LOW,RUNNING,19.18,6.42,LIGHT,78.6,LOW,RUNNING,17.11,4.13,LIGHT,72.58,LOW,RUNNING,15.4,3.48,LIGHT,69.47,LOW,RUNNING,28.45,52.0,247.7,0.25,22.0,COOLING,0.25,22.0,COOLING,0.25,22.0,COOLING,0.25,22.0,COOLING,24.097,22.219,21.873,22.207,22.599,24.097,21.873,2.224,1119.75,150.09,149.51,142.05,255.0,340.0,255.0,340.0,186.59,288.8,358.15,289.06,-446.88,168.01,107.86,171.01,875.0,875.0,875.0,875.0,239.46,71.9,-4.48,67.12,1561.4,1190.0,1122.6,3500.0,374.0,1.0,0.0,0.0,1.0,22.5,TARGETED_WEST_COMPUTE_COOL,10.3355
1,Localized Heavy Compute,0,230,2300.0,14,3,4,3,4,92.97,83.98,HEAVY,287.18,VERY HIGH,HEAVY LOAD,88.34,78.64,HEAVY,273.38,VERY HIGH,HEAVY LOAD,90.25,82.02,HEAVY,280.84,VERY HIGH,HEAVY LOAD,89.16,81.04,HEAVY,278.01,VERY HIGH,HEAVY LOAD,16.54,5.21,LIGHT,73.49,LOW,RUNNING,18.52,5.9,LIGHT,77.0,LOW,RUNNING,15.53,4.22,LIGHT,70.74,LOW,RUNNING,19.05,6.34,LIGHT,78.32,LOW,RUNNING,17.02,4.1,LIGHT,72.43,LOW,RUNNING,15.44,3.54,LIGHT,69.61,LOW,RUNNING,28.46,52.0,247.9,0.25,22.0,COOLING,0.25,22.0,COOLING,0.25,22.0,COOLING,0.25,22.0,COOLING,24.102,22.22,21.873,22.208,22.601,24.102,21.873,2.229,1119.41,150.49,149.06,142.04,255.0,340.0,255.0,340.0,186.76,289.12,358.53,289.38,-447.84,168.34,108.16,171.34,875.0,875.0,875.0,875.0,238.33,72.95,-4.25,67.76,1561.0,1190.0,1123.79,3500.0,374.79,1.0,0.0,0.0,1.0,22.5,TARGETED_WEST_COMPUTE_COOL,10.3839
1,Localized Heavy Compute,0,231,2310.0,14,3,4,3,4,92.83,83.85,HEAVY,286.81,VERY HIGH,HEAVY LOAD,88.17,78.61,HEAVY,273.13,VERY HIGH,HEAVY LOAD,90.21,82.11,HEAVY,280.93,VERY HIGH,HEAVY LOAD,89.28,81.17,HEAVY,278.36,VERY HIGH,HEAVY LOAD,16.67,5.28,LIGHT,73.76,LOW,RUNNING,18.58,5.89,LIGHT,77.06,LOW,RUNNING,15.45,4.14,LIGHT,70.52,LOW,RUNNING,18.91,6.26,LIGHT,78.03,LOW,RUNNING,16.95,4.1,LIGHT,72.34,LOW,RUNNING,15.5,3.61,LIGHT,69.79,LOW,RUNNING,28.46,52.0,248.1,0.25,22.0,COOLING,0.25,22.0,COOLING,0.25,22.0,COOLING,0.25,22.0,COOLING,24.107,22.222,21.873,22.209,22.603,24.107,21.873,2.234,1119.23,150.82,148.55,142.13,255.0,340.0,255.0,340.0,186.74,289.22,358.71,289.48,-448.8,168.67,108.45,171.67,875.0,875.0,875.0,875.0,237.17,73.71,-4.29,68.28,1560.73,1190.0,1124.15,3500.0,374.87,1.0,0.0,0.0,1.0,22.5,TARGETED_WEST_COMPUTE_COOL,10.432
1,Localized Heavy Compute,0,232,2320.0,14,3,4,3,4,92.67,83.74,HEAVY,286.45,VERY HIGH,HEAVY LOAD,88.01,78.6,HEAVY,272.91,VERY HIGH,HEAVY LOAD,90.2,82.22,HEAVY,281.08,VERY HIGH,HEAVY LOAD,89.42,81.29,HEAVY,278.71,VERY HIGH,HEAVY LOAD,16.79,5.34,LIGHT,74.0,LOW,RUNNING,18.6,5.86,LIGHT,77.04,LOW,RUNNING,15.35,4.05,LIGHT,70.26,LOW,RUNNING,18.78,6.19,LIGHT,77.76,LOW,RUNNING,16.91,4.12,LIGHT,72.32,LOW,RUNNING,15.58,3.69,LIGHT,70.01,LOW,RUNNING,28.47,52.0,248.3,0.25,22.0,COOLING,0.25,22.0,COOLING,0.25,22.0,COOLING,0.25,22.0,COOLING,24.112,22.224,21.873,22.21,22.605,24.112,21.873,2.239,1119.15,151.04,148.02,142.33,255.0,340.0,255.0,340.0,186.91,289.52,359.1,289.8,-449.64,168.76,108.86,172.02,875.0,875.0,875.0,875.0,236.42,74.32,-4.02,69.15,1560.54,1190.0,1125.33,3500.0,375.87,1.0,0.0,0.0,1.0,22.5,TARGETED_WEST_COMPUTE_COOL,10.4804
1,Localized Heavy Compute,0,233,2330.0,14,3,4,3,4,92.5,83.64,HEAVY,286.09,VERY HIGH,HEAVY LOAD,87.88,78.63,HEAVY,272.79,VERY HIGH,HEAVY LOAD,90.24,82.34,HEAVY,281.31,VERY HIGH,HEAVY LOAD,89.59,81.4,HEAVY,279.09,VERY HIGH,HEAVY LOAD,16.9,5.38,LIGHT,74.19,LOW,RUNNING,18.59,5.81,LIGHT,76.95,LOW,RUNNING,15.24,3.96,LIGHT,69.99,LOW,RUNNING,18.66,6.14,LIGHT,77.53,LOW,RUNNING,16.9,4.15,LIGHT,72.35,LOW,RUNNING,15.69,3.78,LIGHT,70.28,LOW,RUNNING,28.47,52.0,248.5,0.25,22.0,COOLING,0.25,22.0,COOLING,0.25,22.0,COOLING,0.25,22.0,COOLING,24.117,22.226,21.873,22.211,22.607,24.117,21.873,2.244,1119.28,151.14,147.52,142.63,255.0,340.0,255.0,340.0,186.89,289.6,359.28,289.9,-450.48,168.86,109.26,172.36,875.0,875.0,875.0,875.0,235.69,74.6,-3.94,69.89,1560.57,1190.0,1125.67,3500.0,376.24,1.0,0.0,0.0,1.0,22.5,TARGETED_WEST_COMPUTE_COOL,10.5292
1,Localized Heavy Compute,0,234,2340.0,14,3,4,3,4,92.32,83.56,HEAVY,285.74,VERY HIGH,HEAVY LOAD,87.79,78.68,HEAVY,272.76,VERY HIGH,HEAVY LOAD,90.31,82.48,HEAVY,281.61,VERY HIGH,HEAVY LOAD,89.77,81.49,HEAVY,279.45,VERY HIGH,HEAVY LOAD,16.99,5.4,LIGHT,74.34,LOW,RUNNING,18.55,5.75,LIGHT,76.81,LOW,RUNNING,15.11,3.87,LIGHT,69.69,LOW,RUNNING,18.56,6.11,LIGHT,77.37,LOW,RUNNING,16.92,4.21,LIGHT,72.47,LOW,RUNNING,15.81,3.87,LIGHT,70.57,LOW,RUNNING,28.48,52.0,248.8,0.25,22.0,COOLING,0.25,22.0,COOLING,0.25,22.0,COOLING,0.25,22.0,COOLING,24.122,22.228,21.873,22.212,22.609,24.122,21.873,2.249,1119.56,151.15,147.06,143.04,255.0,340.0,255.0,340.0,187.1,289.96,359.75,290.28,-451.33,168.96,109.67,172.71,875.0,875.0,875.0,875.0,235.33,75.07,-3.52,71.03,1560.81,1190.0,1127.09,3500.0,377.91,1.0,0.0,0.0,1.0,22.5,TARGETED_WEST_COMPUTE_COOL,10.5782
1,Localized Heavy Compute,0,235,2350.0,14,3,4,3,4,92.14,83.52,HEAVY,285.45,VERY HIGH,HEAVY LOAD,87.72,78.76,HEAVY,272.79,VERY HIGH,HEAVY LOAD,90.42,82.61,HEAVY,281.94,VERY HIGH,HEAVY LOAD,89.95,81.56,HEAVY,279.78,VERY HIGH,HEAVY LOAD,17.06,5.4,LIGHT,74.42,LOW,RUNNING,18.49,5.68,LIGHT,76.63,LOW,RUNNING,14.97,3.79,LIGHT,69.4,LOW,RUNNING,18.48,6.1,LIGHT,77.25,LOW,RUNNING,16.97,4.27,LIGHT,72.62,LOW,RUNNING,15.94,3.96,LIGHT,70.86,LOW,RUNNING,28.48,52.0,249.0,0.25,22.0,COOLING,0.25,22.0,COOLING,0.25,22.0,COOLING,0.25,22.0,COOLING,24.127,22.23,21.873,22.213,22.611,24.127,21.873,2.254,1119.96,151.05,146.65,143.48,255.0,340.0,255.0,340.0,187.08,290.04,359.93,290.38,-452.17,169.05,110.07,173.05,875.0,875.0,875.0,875.0,234.87,75.14,-3.35,71.91,1561.14,1190.0,1127.43,3500.0,378.57,1.0,0.0,0.0,1.0,22.5,TARGETED_WEST_COMPUTE_COOL,10.6276
1,Localized Heavy Compute,0,236,2360.0,14,3,4,3,4,91.98,83.5,HEAVY,285.23,VERY HIGH,HEAVY LOAD,87.7,78.87,HEAVY,272.93,VERY HIGH,HEAVY LOAD,90.55,82.74,HEAVY,282.3,VERY HIGH,HEAVY LOAD,90.12,81.59,HEAVY,280.04,VERY HIGH,HEAVY LOAD,17.09,5.38,LIGHT,74.43,LOW,RUNNING,18.4,5.59,LIGHT,76.39,LOW,RUNNING,14.84,3.72,LIGHT,69.13,LOW,RUNNING,18.43,6.11,LIGHT,77.2,LOW,RUNNING,17.04,4.35,LIGHT,72.83,LOW,RUNNING,16.08,4.03,LIGHT,71.14,LOW,RUNNING,28.48,52.0,249.2,0.25,22.0,COOLING,0.25,22.0,COOLING,0.25,22.0,COOLING,0.25,22.0,COOLING,24.132,22.232,21.873,22.214,22.613,24.132,21.873,2.259,1120.5,150.82,146.33,143.97,255.0,340.0,255.0,340.0,187.04,290.13,360.1,290.49,-453.02,169.14,110.48,173.39,875.0,875.0,875.0,875.0,234.52,75.09,-3.09,72.85,1561.62,1190.0,1127.76,3500.0,379.37,1.0,0.0,0.0,1.0,22.5,TARGETED_WEST_COMPUTE_COOL,10.6772
1,Localized Heavy Compute,0,237,2370.0,14,3,4,3,4,91.84,83.51,HEAVY,285.07,VERY HIGH,HEAVY LOAD,87.72,78.99,HEAVY,273.13,VERY HIGH,HEAVY LOAD,90.71,82.86,HEAVY,282.68,VERY HIGH,HEAVY LOAD,90.27,81.6,HEAVY,280.24,VERY HIGH,HEAVY LOAD,17.1,5.34,LIGHT,74.39,LOW,RUNNING,18.29,5.5,LIGHT,76.11,LOW,RUNNING,14.72,3.67,LIGHT,68.91,LOW,RUNNING,18.4,6.14,LIGHT,77.21,LOW,RUNNING,17.14,4.44,LIGHT,73.08,LOW,RUNNING,16.21,4.1,LIGHT,71.41,LOW,RUNNING,28.49,52.0,249.4,0.25,22.0,COOLING,0.25,22.0,COOLING,0.25,22.0,COOLING,0.25,22.0,COOLING,24.137,22.234,21.873,22.216,22.615,24.137,21.873,2.264,1121.12,150.5,146.12,144.49,255.0,340.0,255.0,340.0,187.22,290.43,360.49,290.81,-453.87,169.24,110.88,173.74,875.0,875.0,875.0,875.0,234.47,75.17,-2.51,74.04,1562.23,1190.0,1128.95,3500.0,381.17,1.0,0.0,0.0,1.0,22.5,TARGETED_WEST_COMPUTE_COOL,10.7262
1,Localized Heavy Compute,0,238,2380.0,14,3,4,3,4,91.73,83.55,HEAVY,284.99,VERY HIGH,HEAVY LOAD,87.77,79.12,HEAVY,273.39,VERY HIGH,HEAVY LOAD,90.89,82.95,HEAVY,283.04,VERY HIGH,HEAVY LOAD,90.41,81.58,HEAVY,280.38,VERY HIGH,HEAVY LOAD,17.08,5.28,LIGHT,74.27,LOW,RUNNING,18.17,5.41,LIGHT,75.83,LOW,RUNNING,14.61,3.62,LIGHT,68.69,LOW,RUNNING,18.41,6.18,LIGHT,77.28,LOW,RUNNING,17.25,4.53,LIGHT,73.36,LOW,RUNNING,16.33,4.15,LIGHT,71.64,LOW,RUNNING,28.49,52.0,249.6,0.25,22.0,COOLING,0.25,22.0,COOLING,0.25,22.0,COOLING,0.25,22.0,COOLING,24.142,22.236,21.873,22.218,22.617,24.142,21.873,2.269,1121.8,150.1,145.97,145.0,255.0,340.0,255.0,340.0,187.19,290.5,360.67,290.89,-454.6,169.35,111.4,173.85,875.0,875.0,875.0,875.0,234.39,74.95,-1.96,74.74,1562.87,1190.0,1129.25,3500.0,382.12,1.0,0.0,0.0,1.0,22.5,TARGETED_WEST_COMPUTE_COOL,10.7754
1,Localized Heavy Compute,0,239,2390.0,14,3,4,3,4,91.65,83.62,HEAVY,284.99,VERY HIGH,HEAVY LOAD,87.86,79.25,HEAVY,273.7,VERY HIGH,HEAVY LOAD,91.07,83.03,HEAVY,283.38,VERY HIGH,HEAVY LOAD,90.51,81.52,HEAVY,280.42,VERY HIGH,HEAVY LOAD,17.02,5.21,LIGHT,74.09,LOW,RUNNING,18.04,5.33,LIGHT,75.55,LOW,RUNNING,14.52,3.6,LIGHT,68.55,LOW,RUNNING,18.44,6.24,LIGHT,77.41,LOW,RUNNING,17.38,4.62,LIGHT,73.66,LOW,RUNNING,16.43,4.19,LIGHT,71.82,LOW,RUNNING,28.5,52.0,249.8,0.25,22.0,COOLING,0.25,22.0,COOLING,0.25,22.0,COOLING,0.25,22.0,COOLING,24.147,22.238,21.873,22.22,22.619,24.147,21.873,2.274,1122.49,149.64,145.96,145.48,255.0,340.0,255.0,340.0,187.37,290.8,361.05,291.18,-455.33,169.46,111.91,173.96,875.0,875.0,875.0,875.0,234.53,74.9,-1.08,75.62,1563.57,1190.0,1130.4,3500.0,383.97,1.0,0.0,0.0,1.0,22.5,TARGETED_WEST_COMPUTE_COOL,10.8247
1,Localized Heavy Compute,0,240,2400.0,14,3,4,3,4,91.61,83.72,HEAVY,285.09,VERY HIGH,HEAVY LOAD,87.99,79.38,HEAVY,274.06,VERY HIGH,HEAVY LOAD,91.24,83.08,HEAVY,283.67,VERY HIGH,HEAVY LOAD,90.57,81.44,HEAVY,280.37,VERY HIGH,HEAVY LOAD,16.94,5.13,LIGHT,73.87,LOW,RUNNING,17.9,5.25,LIGHT,75.25,LOW,RUNNING,14.45,3.6,LIGHT,68.46,LOW,RUNNING,18.5,6.32,LIGHT,77.61,LOW,RUNNING,17.51,4.7,LIGHT,73.94,LOW,RUNNING,16.51,4.2,LIGHT,71.94,LOW,RUNNING,28.5,52.0,250.0,0.25,22.0,COOLING,0.25,22.0,COOLING,0.25,22.0,COOLING,0.25,22.0,COOLING,24.152,22.24,21.873,22.222,22.622,24.152,21.873,2.279,1123.19,149.12,146.07,145.88,255.0,340.0,255.0,340.0,187.34,290.88,361.23,291.27,-456.07,169.57,112.43,174.07,875.0,875.0,875.0,875.0,234.46,74.57,-0.27,76.22,1564.26,1190.0,1130.72,3500.0,384.98,1.0,0.0,0.0,1.0,22.5,TARGETED_WEST_COMPUTE_COOL,10.874
1,Localized Heavy Compute,0,241,2410.0,14,3,4,3,4,91.6,83.83,HEAVY,285.25,VERY HIGH,HEAVY LOAD,88.14,79.5,HEAVY,274.43,VERY HIGH,HEAVY LOAD,91.41,83.1,HEAVY,283.91,VERY HIGH,HEAVY LOAD,90.6,81.34,HEAVY,280.26,VERY HIGH,HEAVY LOAD,16.84,5.04,LIGHT,73.61,LOW,RUNNING,17.77,5.19,LIGHT,75.0,LOW,RUNNING,14.41,3.62,LIGHT,68.44,LOW,RUNNING,18.59,6.4,LIGHT,77.84,LOW,RUNNING,17.65,4.77,LIGHT,74.22,LOW,RUNNING,16.57,4.19,LIGHT,72.0,LOW,RUNNING,28.5,52.0,250.2,0.25,22.0,COOLING,0.25,22.0,COOLING,0.25,22.0,COOLING,0.25,22.0,COOLING,24.157,22.242,21.873,22.224,22.624,24.157,21.873,2.284,1123.85,148.61,146.28,146.22,255.0,340.0,255.0,340.0,187.31,290.97,361.4,291.36,-456.81,169.68,112.94,174.18,875.0,875.0,875.0,875.0,234.35,74.26,0.62,76.76,1564.96,1190.0,1131.04,3500.0,385.99,1.0,0.0,0.0,1.0,22.5,TARGETED_WEST_COMPUTE_COOL,10.9233
1,Localized Heavy Compute,0,242,2420.0,14,3,4,3,4,91.64,83.96,HEAVY,285.49,VERY HIGH,HEAVY LOAD,88.31,79.61,HEAVY,274.8,VERY HIGH,HEAVY LOAD,91.55,83.09,HEAVY,284.07,VERY HIGH,HEAVY LOAD,90.59,81.23,HEAVY,280.08,VERY HIGH,HEAVY LOAD,16.73,4.95,LIGHT,73.34,LOW,RUNNING,17.65,5.14,LIGHT,74.77,LOW,RUNNING,14.4,3.66,LIGHT,68.49,LOW,RUNNING,18.7,6.49,LIGHT,78.11,LOW,RUNNING,17.77,4.83,LIGHT,74.46,LOW,RUNNING,16.6,4.17,LIGHT,72.0,LOW,RUNNING,28.51,52.0,250.4,0.25,22.0,COOLING,0.25,22.0,COOLING,0.25,22.0,COOLING,0.25,22.0,COOLING,24.162,22.244,21.873,22.226,22.626,24.162,21.873,2.289,1124.44,148.11,146.6,146.46,255.0,340.0,255.0,340.0,187.49,291.26,361.8,291.65,-457.54,169.79,113.46,174.29,875.0,875.0,875.0,875.0,234.39,74.16,1.86,77.4,1565.61,1190.0,1132.2,3500.0,387.81,1.0,0.0,0.0,1.0,22.5,TARGETED_WEST_COMPUTE_COOL,10.9726
1,Localized Heavy Compute,0,243,2430.0,14,3,4,3,4,91.72,84.09,HEAVY,285.78,VERY HIGH,HEAVY LOAD,88.48,79.7,HEAVY,275.15,VERY HIGH,HEAVY LOAD,91.66,83.05,HEAVY,284.15,VERY HIGH,HEAVY LOAD,90.53,81.1,HEAVY,279.81,VERY HIGH,HEAVY LOAD,16.6,4.87,LIGHT,73.06,LOW,RUNNING,17.55,5.11,LIGHT,74.6,LOW,RUNNING,14.42,3.71,LIGHT,68.59,LOW,RUNNING,18.82,6.58,LIGHT,78.4,LOW,RUNNING,17.89,4.87,LIGHT,74.67,LOW,RUNNING,16.6,4.12,LIGHT,71.93,LOW,RUNNING,28.51,52.0,250.6,0.25,22.0,COOLING,0.25,22.0,COOLING,0.25,22.0,COOLING,0.25,22.0,COOLING,24.167,22.246,21.873,22.228,22.629,24.167,21.873,2.294,1124.89,147.66,146.99,146.6,255.0,340.0,255.0,340.0,187.45,291.34,361.97,291.73,-458.27,169.9,113.97,174.4,875.0,875.0,875.0,875.0,234.07,73.9,2.93,77.73,1566.14,1190.0,1132.49,3500.0,388.63,1.0,0.0,0.0,1.0,22.5,TARGETED_WEST_COMPUTE_COOL,11.0218
1,Localized Heavy Compute,0,244,2440.0,14,3,4,3,4,91.83,84.22,HEAVY,286.12,VERY HIGH,HEAVY LOAD,88.66,79.76,HEAVY,275.47,VERY HIGH,HEAVY LOAD,91.75,82.98,HEAVY,284.16,VERY HIGH,HEAVY LOAD,90.44,80.96,HEAVY,279.49,VERY HIGH,HEAVY LOAD,16.46,4.79,LIGHT,72.76,LOW,RUNNING,17.48,5.1,LIGHT,74.5,LOW,RUNNING,14.47,3.78,LIGHT,68.76,LOW,RUNNING,18.95,6.66,LIGHT,78.68,LOW,RUNNING,17.98,4.9,LIGHT,74.82,LOW,RUNNING,16.56,4.06,LIGHT,71.79,LOW,RUNNING,28.52,52.0,250.8,0.25,22.0,COOLING,0.25,22.0,COOLING,0.25,22.0,COOLING,0.25,22.0,COOLING,24.172,22.248,21.873,22.23,22.631,24.172,21.873,2.299,1125.24,147.26,147.44,146.61,255.0,340.0,255.0,340.0,187.64,291.64,362.36,292.03,-459.01,170.01,114.49,174.51,875.0,875.0,875.0,875.0,233.87,73.91,4.29,78.15,1566.55,1190.0,1133.67,3500.0,390.22,1.0,0.0,0.0,1.0,22.5,TARGETED_WEST_COMPUTE_COOL,11.0709
1,Localized Heavy Compute,0,245,2450.0,14,3,4,3,4,91.97,84.35,HEAVY,286.49,VERY HIGH,HEAVY LOAD,88.83,79.79,HEAVY,275.72,VERY HIGH,HEAVY LOAD,91.79,82.89,HEAVY,284.07,VERY HIGH,HEAVY LOAD,90.32,80.83,HEAVY,279.14,VERY HIGH,HEAVY LOAD,16.33,4.72,LIGHT,72.49,LOW,RUNNING,17.42,5.11,LIGHT,74.44,LOW,RUNNING,14.55,3.86,LIGHT,68.98,LOW,RUNNING,19.09,6.74,LIGHT,78.97,LOW,RUNNING,18.05,4.9,LIGHT,74.91,LOW,RUNNING,16.5,3.99,LIGHT,71.61,LOW,RUNNING,28.52,52.0,251.0,0.25,22.0,COOLING,0.25,22.0,COOLING,0.25,22.0,COOLING,0.25,22.0,COOLING,24.177,22.25,21.873,22.232,22.633,24.177,21.873,2.304,1125.42,146.93,147.95,146.52,255.0,340.0,255.0,340.0,187.6,291.73,362.53,292.11,-459.74,170.12,115.0,174.62,875.0,875.0,875.0,875.0,233.28,73.78,5.48,78.25,1566.82,1190.0,1133.97,3500.0,390.79,1.0,0.0,0.0,1.0,22.5,TARGETED_WEST_COMPUTE_COOL,11.1199
1,Localized Heavy Compute,0,246,2460.0,14,3,4,3,4,92.13,84.46,HEAVY,286.85,VERY HIGH,HEAVY LOAD,88.99,79.8,HEAVY,275.94,VERY HIGH,HEAVY LOAD,91.8,82.78,HEAVY,283.92,VERY HIGH,HEAVY LOAD,90.18,80.71,HEAVY,278.79,VERY HIGH,HEAVY LOAD,16.21,4.66,LIGHT,72.25,LOW,RUNNING,17.4,5.14,LIGHT,74.46,LOW,RUNNING,14.65,3.95,LIGHT,69.24,LOW,RUNNING,19.22,6.81,LIGHT,79.24,LOW,RUNNING,18.09,4.88,LIGHT,74.93,LOW,RUNNING,16.42,3.91,LIGHT,71.39,LOW,RUNNING,28.52,52.0,251.2,0.25,22.0,COOLING,0.25,22.0,COOLING,0.25,22.0,COOLING,0.25,22.0,COOLING,24.182,22.252,21.873,22.234,22.635,24.182,21.873,2.309,1125.5,146.71,148.48,146.32,255.0,340.0,255.0,340.0,187.57,291.8,362.71,292.19,-460.48,170.23,115.52,174.73,875.0,875.0,875.0,875.0,232.59,73.74,6.71,78.24,1567.01,1190.0,1134.27,3500.0,391.28,1.0,0.0,0.0,1.0,22.5,TARGETED_WEST_COMPUTE_COOL,11.1689
1,Localized Heavy Compute,0,247,2470.0,14,3,4,3,4,92.3,84.56,HEAVY,287.22,VERY HIGH,HEAVY LOAD,89.12,79.77,HEAVY,276.06,VERY HIGH,HEAVY LOAD,91.76,82.66,HEAVY,283.69,VERY HIGH,HEAVY LOAD,90.01,80.6,HEAVY,278.41,VERY HIGH,HEAVY LOAD,16.1,4.62,LIGHT,72.06,LOW,RUNNING,17.41,5.19,LIGHT,74.55,LOW,RUNNING,14.76,4.04,LIGHT,69.51,LOW,RUNNING,19.34,6.86,LIGHT,79.47,LOW,RUNNING,18.1,4.85,LIGHT,74.9,LOW,RUNNING,16.31,3.82,LIGHT,71.12,LOW,RUNNING,28.53,52.0,251.5,0.25,22.0,COOLING,0.25,22.0,COOLING,0.25,22.0,COOLING,0.25,22.0,COOLING,24.187,22.254,21.873,22.236,22.638,24.187,21.873,2.314,1125.38,146.61,148.98,146.02,255.0,340.0,255.0,340.0,187.79,292.17,363.19,292.55,-461.21,170.34,116.03,174.84,875.0,875.0,875.0,875.0,231.96,74.12,8.2,78.41,1566.99,1190.0,1135.7,3500.0,392.69,1.0,0.0,0.0,1.0,22.5,TARGETED_WEST_COMPUTE_COOL,11.2178
1,Localized Heavy Compute,0,248,2480.0,14,3,4,3,4,92.48,84.64,HEAVY,287.56,VERY HIGH,HEAVY LOAD,89.21,79.72,HEAVY,276.09,VERY HIGH,HEAVY LOAD,91.69,82.52,HEAVY,283.39,VERY HIGH,HEAVY LOAD,89.83,80.51,HEAVY,278.05,VERY HIGH,HEAVY LOAD,16.01,4.6,LIGHT,71.91,LOW,RUNNING,17.45,5.25,LIGHT,74.69,LOW,RUNNING,14.89,4.13,LIGHT,69.81,LOW,RUNNING,19.44,6.89,LIGHT,79.63,LOW,RUNNING,18.08,4.79,LIGHT,74.78,LOW,RUNNING,16.19,3.73,LIGHT,70.83,LOW,RUNNING,28.53,52.0,251.7,0.25,22.0,COOLING,0.25,22.0,COOLING,0.25,22.0,COOLING,0.25,22.0,COOLING,24.192,22.256,21.873,22.238,22.64,24.192,21.873,2.319,1125.09,146.6,149.44,145.61,255.0,340.0,255.0,340.0,187.76,292.24,363.37,292.63,-461.95,170.45,116.55,174.95,875.0,875.0,875.0,875.0,230.9,74.29,9.36,78.19,1566.74,1190.0,1136.0,3500.0,392.74,1.0,0.0,0.0,1.0,22.5,TARGETED_WEST_COMPUTE_COOL,11.2667
1,Localized Heavy Compute,0,249,2490.0,14,3,4,3,4,92.66,84.68,HEAVY,287.85,VERY HIGH,HEAVY LOAD,89.28,79.64,HEAVY,276.06,VERY HIGH,HEAVY LOAD,91.58,82.39,HEAVY,283.06,VERY HIGH,HEAVY LOAD,89.65,80.44,HEAVY,277.72,VERY HIGH,HEAVY LOAD,15.94,4.6,LIGHT,71.83,LOW,RUNNING,17.51,5.32,LIGHT,74.87,LOW,RUNNING,15.03,4.21,LIGHT,70.1,LOW,RUNNING,19.52,6.9,LIGHT,79.75,LOW,RUNNING,18.03,4.73,LIGHT,74.63,LOW,RUNNING,16.06,3.64,LIGHT,70.53,LOW,RUNNING,28.54,52.0,251.9,0.25,22.0,COOLING,0.25,22.0,COOLING,0.25,22.0,COOLING,0.25,22.0,COOLING,24.197,22.258,21.873,22.24,22.642,24.197,21.873,2.324,1124.69,146.7,149.85,145.16,255.0,340.0,255.0,340.0,187.94,292.55,363.75,292.93,-462.69,170.56,117.06,175.06,875.0,875.0,875.0,875.0,229.94,74.81,10.66,78.15,1566.4,1190.0,1137.17,3500.0,393.56,1.0,0.0,0.0,1.0,22.5,TARGETED_WEST_COMPUTE_COOL,11.3157
1,Localized Heavy Compute,0,250,2500.0,14,3,4,3,4,92.82,84.7,HEAVY,288.07,VERY HIGH,HEAVY LOAD,89.3,79.53,HEAVY,275.92,VERY HIGH,HEAVY LOAD,91.45,82.26,HEAVY,282.7,VERY HIGH,HEAVY LOAD,89.48,80.41,HEAVY,277.47,VERY HIGH,HEAVY LOAD,15.91,4.62,LIGHT,71.82,LOW,RUNNING,17.6,5.41,LIGHT,75.11,LOW,RUNNING,15.16,4.28,LIGHT,70.37,LOW,RUNNING,19.57,6.89,LIGHT,79.8,LOW,RUNNING,17.96,4.65,LIGHT,74.43,LOW,RUNNING,15.92,3.57,LIGHT,70.26,LOW,RUNNING,28.54,52.0,252.1,0.25,22.0,COOLING,0.25,22.0,COOLING,0.25,22.0,COOLING,0.25,22.0,COOLING,24.202,22.26,21.873,22.242,22.644,24.202,21.873,2.329,1124.16,146.93,150.17,144.69,255.0,340.0,255.0,340.0,187.91,292.62,363.93,293.01,-463.42,170.67,117.58,175.17,875.0,875.0,875.0,875.0,228.65,75.22,11.68,77.87,1565.95,1190.0,1137.47,3500.0,393.42,1.0,0.0,0.0,1.0,22.5,TARGETED_WEST_COMPUTE_COOL,11.3647
1,Localized Heavy Compute,0,251,2510.0,14,3,4,3,4,92.96,84.69,HEAVY,288.24,VERY HIGH,HEAVY LOAD,89.28,79.41,HEAVY,275.72,VERY HIGH,HEAVY LOAD,91.29,82.14,HEAVY,282.32,VERY HIGH,HEAVY LOAD,89.33,80.4,HEAVY,277.26,VERY HIGH,HEAVY LOAD,15.9,4.66,LIGHT,71.86,LOW,RUNNING,17.71,5.5,LIGHT,75.39,LOW,RUNNING,15.28,4.33,LIGHT,70.59,LOW,RUNNING,19.6,6.86,LIGHT,79.79,LOW,RUNNING,17.86,4.56,LIGHT,74.17,LOW,RUNNING,15.79,3.5,LIGHT,69.99,LOW,RUNNING,28.55,52.0,252.3,0.25,22.0,COOLING,0.25,22.0,COOLING,0.25,22.0,COOLING,0.25,22.0,COOLING,24.207,22.262,21.873,22.244,22.646,24.207,21.873,2.334,1123.54,147.25,150.38,144.16,255.0,340.0,255.0,340.0,188.09,292.92,364.32,293.31,-464.16,170.78,118.1,175.28,875.0,875.0,875.0,875.0,227.47,75.95,12.8,77.75,1565.33,1190.0,1138.64,3500.0,393.97,1.0,0.0,0.0,1.0,22.5,TARGETED_WEST_COMPUTE_COOL,11.4139
1,Localized Heavy Compute,0,252,2520.0,14,3,4,3,4,93.07,84.65,HEAVY,288.31,VERY HIGH,HEAVY LOAD,89.23,79.28,HEAVY,275.46,VERY HIGH,HEAVY LOAD,91.11,82.05,HEAVY,281.96,VERY HIGH,HEAVY LOAD,89.19,80.42,HEAVY,277.12,VERY HIGH,HEAVY LOAD,15.92,4.72,LIGHT,71.98,LOW,RUNNING,17.83,5.59,LIGHT,75.67,LOW,RUNNING,15.39,4.38,LIGHT,70.81,LOW,RUNNING,19.59,6.82,LIGHT,79.72,LOW,RUNNING,17.75,4.47,LIGHT,73.89,LOW,RUNNING,15.67,3.45,LIGHT,69.76,LOW,RUNNING,28.55,52.0,252.5,0.25,22.0,COOLING,0.25,22.0,COOLING,0.25,22.0,COOLING,0.25,22.0,COOLING,24.212,22.264,21.873,22.246,22.649,24.212,21.873,2.339,1122.85,147.65,150.53,143.65,255.0,340.0,255.0,340.0,188.06,293.0,364.5,293.39,-464.89,170.89,118.61,175.39,875.0,875.0,875.0,875.0,226.02,76.54,13.64,77.43,1564.68,1190.0,1138.95,3500.0,393.63,1.0,0.0,0.0,1.0,22.5,TARGETED_WEST_COMPUTE_COOL,11.4632
1,Localized Heavy Compute,0,253,2530.0,14,3,4,3,4,93.15,84.58,HEAVY,288.31,VERY HIGH,HEAVY LOAD,89.14,79.15,HEAVY,275.15,VERY HIGH,HEAVY LOAD,90.93,81.97,HEAVY,281.62,VERY HIGH,HEAVY LOAD,89.09,80.48,HEAVY,277.08,VERY HIGH,HEAVY LOAD,15.98,4.79,LIGHT,72.16,LOW,RUNNING,17.96,5.67,LIGHT,75.95,LOW,RUNNING,15.48,4.4,LIGHT,70.95,LOW,RUNNING,19.56,6.76,LIGHT,79.59,LOW,RUNNING,17.62,4.38,LIGHT,73.59,LOW,RUNNING,15.57,3.41,LIGHT,69.58,LOW,RUNNING,28.55,52.0,252.7,0.25,22.0,COOLING,0.25,22.0,COOLING,0.25,22.0,COOLING,0.25,22.0,COOLING,24.217,22.266,21.873,22.248,22.651,24.217,21.873,2.344,1122.16,148.11,150.54,143.17,255.0,340.0,255.0,340.0,188.03,293.09,364.67,293.48,-465.63,171.0,119.12,175.5,875.0,875.0,875.0,875.0,224.56,77.2,14.33,77.15,1563.98,1190.0,1139.27,3500.0,393.24,1.0,0.0,0.0,1.0,22.5,TARGETED_WEST_COMPUTE_COOL,11.5128
1,Localized Heavy Compute,0,254,2540.0,14,3,4,3,4,93.19,84.48,HEAVY,288.21,VERY HIGH,HEAVY LOAD,89.01,79.02,HEAVY,274.79,VERY HIGH,HEAVY LOAD,90.76,81.92,HEAVY,281.33,VERY HIGH,HEAVY LOAD,89.03,80.56,HEAVY,277.13,VERY HIGH,HEAVY LOAD,16.06,4.87,LIGHT,72.38,LOW,RUNNING,18.1,5.75,LIGHT,76.25,LOW,RUNNING,15.55,4.4,LIGHT,71.04,LOW,RUNNING,19.5,6.68,LIGHT,79.39,LOW,RUNNING,17.49,4.3,LIGHT,73.31,LOW,RUNNING,15.49,3.4,LIGHT,69.46,LOW,RUNNING,28.56,52.0,252.9,0.25,22.0,COOLING,0.25,22.0,COOLING,0.25,22.0,COOLING,0.25,22.0,COOLING,24.222,22.268,21.873,22.25,22.653,24.222,21.873,2.349,1121.46,148.63,150.43,142.77,255.0,340.0,255.0,340.0,188.21,293.38,365.06,293.77,-466.36,171.11,119.64,175.61,875.0,875.0,875.0,875.0,223.31,78.12,15.13,77.15,1563.29,1190.0,1140.42,3500.0,393.71,1.0,0.0,0.0,1.0,22.5,TARGETED_WEST_COMPUTE_COOL,11.5627
1,Localized Heavy Compute,0,255,2550.0,14,3,4,3,4,93.2,84.37,HEAVY,288.06,VERY HIGH,HEAVY LOAD,88.86,78.9,HEAVY,274.43,VERY HIGH,HEAVY LOAD,90.59,81.9,HEAVY,281.09,VERY HIGH,HEAVY LOAD,89.0,80.66,HEAVY,277.24,VERY HIGH,HEAVY LOAD,16.16,4.96,LIGHT,72.64,LOW,RUNNING,18.23,5.81,LIGHT,76.5,LOW,RUNNING,15.59,4.38,LIGHT,71.06,LOW,RUNNING,19.41,6.6,LIGHT,79.16,LOW,RUNNING,17.35,4.23,LIGHT,73.03,LOW,RUNNING,15.43,3.41,LIGHT,69.4,LOW,RUNNING,28.56,52.0,253.1,0.25,22.0,COOLING,0.25,22.0,COOLING,0.25,22.0,COOLING,0.25,22.0,COOLING,24.227,22.27,21.873,22.252,22.655,24.227,21.873,2.354,1120.82,149.14,150.22,142.43,255.0,340.0,255.0,340.0,188.18,293.47,365.23,293.85,-467.1,171.22,120.15,175.72,875.0,875.0,875.0,875.0,221.9,78.83,15.6,77.0,1562.61,1190.0,1140.73,3500.0,393.33,1.0,0.0,0.0,1.0,22.5,TARGETED_WEST_COMPUTE_COOL,11.6129
1,Localized Heavy Compute,0,256,2560.0,14,3,4,3,4,93.16,84.24,HEAVY,287.81,VERY HIGH,HEAVY LOAD,88.69,78.79,HEAVY,274.05,VERY HIGH,HEAVY LOAD,90.45,81.91,HEAVY,280.93,VERY HIGH,HEAVY LOAD,89.01,80.77,HEAVY,277.42,VERY HIGH,HEAVY LOAD,16.27,5.05,LIGHT,72.91,LOW,RUNNING,18.35,5.86,LIGHT,76.73,LOW,RUNNING,15.6,4.34,LIGHT,71.01,LOW,RUNNING,19.3,6.51,LIGHT,78.89,LOW,RUNNING,17.23,4.17,LIGHT,72.79,LOW,RUNNING,15.4,3.43,LIGHT,69.39,LOW,RUNNING,28.57,52.0,253.3,0.25,22.0,COOLING,0.25,22.0,COOLING,0.25,22.0,COOLING,0.25,22.0,COOLING,24.232,22.272,21.873,22.254,22.658,24.232,21.873,2.359,1120.21,149.64,149.9,142.18,255.0,340.0,255.0,340.0,188.36,293.76,365.63,294.15,-467.83,171.33,120.67,175.83,875.0,875.0,875.0,875.0,220.74,79.73,16.2,77.16,1561.93,1190.0,1141.9,3500.0,393.83,1.0,0.0,0.0,1.0,22.5,TARGETED_WEST_COMPUTE_COOL,11.6635
1,Localized Heavy Compute,0,257,2570.0,14,3,4,3,4,93.08,84.11,HEAVY,287.51,VERY HIGH,HEAVY LOAD,88.52,78.7,HEAVY,273.7,VERY HIGH,HEAVY LOAD,90.34,81.95,HEAVY,280.85,VERY HIGH,HEAVY LOAD,89.07,80.9,HEAVY,277.69,VERY HIGH,HEAVY LOAD,16.4,5.13,LIGHT,73.19,LOW,RUNNING,18.45,5.89,LIGHT,76.9,LOW,RUNNING,15.58,4.29,LIGHT,70.91,LOW,RUNNING,19.18,6.42,LIGHT,78.6,LOW,RUNNING,17.11,4.13,LIGHT,72.58,LOW,RUNNING,15.4,3.48,LIGHT,69.47,LOW,RUNNING,28.57,52.0,253.5,0.25,22.0,COOLING,0.25,22.0,COOLING,0.25,22.0,COOLING,0.25,22.0,COOLING,24.236,22.274,21.873,22.256,22.66,24.236,21.873,2.363,1119.75,150.09,149.51,142.05,255.0,340.0,255.0,340.0,188.33,293.85,365.8,294.23,-468.56,171.44,121.18,175.94,875.0,875.0,875.0,875.0,219.52,80.38,16.49,77.22,1561.4,1190.0,1142.21,3500.0,393.61,1.0,0.0,0.0,1.0,22.5,TARGETED_WEST_COMPUTE_COOL,11.7033
1,Localized Heavy Compute,0,258,2580.0,14,3,4,3,4,92.97,83.98,HEAVY,287.18,VERY HIGH,HEAVY LOAD,88.34,78.64,HEAVY,273.38,VERY HIGH,HEAVY LOAD,90.25,82.02,HEAVY,280.84,VERY HIGH,HEAVY LOAD,89.16,81.04,HEAVY,278.01,VERY HIGH,HEAVY LOAD,16.54,5.21,LIGHT,73.49,LOW,RUNNING,18.52,5.9,LIGHT,77.0,LOW,RUNNING,15.53,4.22,LIGHT,70.74,LOW,RUNNING,19.05,6.34,LIGHT,78.32,LOW,RUNNING,17.02,4.1,LIGHT,72.43,LOW,RUNNING,15.44,3.54,LIGHT,69.61,LOW,RUNNING,28.57,52.0,253.8,0.25,22.0,COOLING,0.25,22.0,COOLING,0.25,22.0,COOLING,0.25,22.0,COOLING,24.24,22.276,21.873,22.258,22.662,24.24,21.873,2.367,1119.41,150.49,149.06,142.04,255.0,340.0,255.0,340.0,188.35,293.98,366.06,294.37,-469.06,171.44,121.68,175.94,875.0,875.0,875.0,875.0,218.7,80.91,16.8,77.35,1561.0,1190.0,1142.76,3500.0,393.76,1.0,0.0,0.0,1.0,22.5,TARGETED_WEST_COMPUTE_COOL,11.7438
1,Localized Heavy Compute,0,259,2590.0,14,3,4,3,4,92.83,83.85,HEAVY,286.81,VERY HIGH,HEAVY LOAD,88.17,78.61,HEAVY,273.13,VERY HIGH,HEAVY LOAD,90.21,82.11,HEAVY,280.93,VERY HIGH,HEAVY LOAD,89.28,81.17,HEAVY,278.36,VERY HIGH,HEAVY LOAD,16.67,5.28,LIGHT,73.76,LOW,RUNNING,18.58,5.89,LIGHT,77.06,LOW,RUNNING,15.45,4.14,LIGHT,70.52,LOW,RUNNING,18.91,6.26,LIGHT,78.03,LOW,RUNNING,16.95,4.1,LIGHT,72.34,LOW,RUNNING,15.5,3.61,LIGHT,69.79,LOW,RUNNING,28.58,52.0,254.0,0.25,22.0,COOLING,0.25,22.0,COOLING,0.25,22.0,COOLING,0.25,22.0,COOLING,24.244,22.278,21.873,22.26,22.664,24.244,21.873,2.371,1119.23,150.82,148.55,142.13,255.0,340.0,255.0,340.0,188.56,294.29,366.45,294.67,-469.56,171.44,122.18,175.94,875.0,875.0,875.0,875.0,218.23,81.55,17.18,77.74,1560.73,1190.0,1143.97,3500.0,394.7,1.0,0.0,0.0,1.0,22.5,TARGETED_WEST_COMPUTE_COOL,11.7847
1,Localized Heavy Compute,0,260,2600.0,14,3,4,3,4,92.67,83.74,HEAVY,286.45,VERY HIGH,HEAVY LOAD,88.01,78.6,HEAVY,272.91,VERY HIGH,HEAVY LOAD,90.2,82.22,HEAVY,281.08,VERY HIGH,HEAVY LOAD,89.42,81.29,HEAVY,278.71,VERY HIGH,HEAVY LOAD,16.79,5.34,LIGHT,74.0,LOW,RUNNING,18.6,5.86,LIGHT,77.04,LOW,RUNNING,15.35,4.05,LIGHT,70.26,LOW,RUNNING,18.78,6.19,LIGHT,77.76,LOW,RUNNING,16.91,4.12,LIGHT,72.32,LOW,RUNNING,15.58,3.69,LIGHT,70.01,LOW,RUNNING,28.58,52.0,254.2,0.25,22.0,COOLING,0.25,22.0,COOLING,0.25,22.0,COOLING,0.25,22.0,COOLING,24.248,22.28,21.873,22.262,22.666,24.248,21.873,2.375,1119.15,151.04,148.02,142.33,255.0,340.0,255.0,340.0,188.55,294.37,366.62,294.76,-470.06,171.44,122.68,175.94,875.0,875.0,875.0,875.0,217.64,81.85,17.32,78.03,1560.54,1190.0,1144.3,3500.0,394.84,1.0,0.0,0.0,1.0,22.5,TARGETED_WEST_COMPUTE_COOL,11.8259
1,Localized Heavy Compute,0,261,2610.0,14,3,4,3,4,92.5,83.64,HEAVY,286.09,VERY HIGH,HEAVY LOAD,87.88,78.63,HEAVY,272.79,VERY HIGH,HEAVY LOAD,90.24,82.34,HEAVY,281.31,VERY HIGH,HEAVY LOAD,89.59,81.4,HEAVY,279.09,VERY HIGH,HEAVY LOAD,16.9,5.38,LIGHT,74.19,LOW,RUNNING,18.59,5.81,LIGHT,76.95,LOW,RUNNING,15.24,3.96,LIGHT,69.99,LOW,RUNNING,18.66,6.14,LIGHT,77.53,LOW,RUNNING,16.9,4.15,LIGHT,72.35,LOW,RUNNING,15.69,3.78,LIGHT,70.28,LOW,RUNNING,28.59,52.0,254.4,0.25,22.0,COOLING,0.25,22.0,COOLING,0.25,22.0,COOLING,0.25,22.0,COOLING,24.252,22.282,21.873,22.264,22.668,24.252,21.873,2.379,1119.28,151.14,147.52,142.63,255.0,340.0,255.0,340.0,188.75,294.66,367.02,295.05,-470.57,171.44,123.18,175.94,875.0,875.0,875.0,875.0,217.46,82.24,17.72,78.62,1560.57,1190.0,1145.48,3500.0,396.04,1.0,0.0,0.0,1.0,22.5,TARGETED_WEST_COMPUTE_COOL,11.8674
1,Localized Heavy Compute,0,262,2620.0,14,3,4,3,4,92.32,83.56,HEAVY,285.74,VERY HIGH,HEAVY LOAD,87.79,78.68,HEAVY,272.76,VERY HIGH,HEAVY LOAD,90.31,82.48,HEAVY,281.61,VERY HIGH,HEAVY LOAD,89.77,81.49,HEAVY,279.45,VERY HIGH,HEAVY LOAD,16.99,5.4,LIGHT,74.34,LOW,RUNNING,18.55,5.75,LIGHT,76.81,LOW,RUNNING,15.11,3.87,LIGHT,69.69,LOW,RUNNING,18.56,6.11,LIGHT,77.37,LOW,RUNNING,16.92,4.21,LIGHT,72.47,LOW,RUNNING,15.81,3.87,LIGHT,70.57,LOW,RUNNING,28.59,52.0,254.6,0.25,22.0,COOLING,0.25,22.0,COOLING,0.25,22.0,COOLING,0.25,22.0,COOLING,24.256,22.284,21.873,22.266,22.67,24.256,21.873,2.383,1119.56,151.15,147.06,143.04,255.0,340.0,255.0,340.0,188.74,294.74,367.19,295.13,-471.06,171.44,123.68,175.94,875.0,875.0,875.0,875.0,217.24,82.33,17.93,79.11,1560.81,1190.0,1145.8,3500.0,396.61,1.0,0.0,0.0,1.0,22.5,TARGETED_WEST_COMPUTE_COOL,11.9093
1,Localized Heavy Compute,0,263,2630.0,14,3,4,3,4,92.14,83.52,HEAVY,285.45,VERY HIGH,HEAVY LOAD,87.72,78.76,HEAVY,272.79,VERY HIGH,HEAVY LOAD,90.42,82.61,HEAVY,281.94,VERY HIGH,HEAVY LOAD,89.95,81.56,HEAVY,279.78,VERY HIGH,HEAVY LOAD,17.06,5.4,LIGHT,74.42,LOW,RUNNING,18.49,5.68,LIGHT,76.63,LOW,RUNNING,14.97,3.79,LIGHT,69.4,LOW,RUNNING,18.48,6.1,LIGHT,77.25,LOW,RUNNING,16.97,4.27,LIGHT,72.62,LOW,RUNNING,15.94,3.96,LIGHT,70.86,LOW,RUNNING,28.6,52.0,254.8,0.25,22.0,COOLING,0.25,22.0,COOLING,0.25,22.0,COOLING,0.25,22.0,COOLING,24.26,22.286,21.873,22.268,22.672,24.26,21.873,2.387,1119.96,151.05,146.65,143.48,255.0,340.0,255.0,340.0,188.95,295.04,367.58,295.43,-471.57,171.44,124.18,175.94,875.0,875.0,875.0,875.0,217.34,82.53,18.41,79.85,1561.14,1190.0,1147.0,3500.0,398.13,1.0,0.0,0.0,1.0,22.5,TARGETED_WEST_COMPUTE_COOL,11.9513
1,Localized Heavy Compute,0,264,2640.0,14,3,4,3,4,91.98,83.5,HEAVY,285.23,VERY HIGH,HEAVY LOAD,87.7,78.87,HEAVY,272.93,VERY HIGH,HEAVY LOAD,90.55,82.74,HEAVY,282.3,VERY HIGH,HEAVY LOAD,90.12,81.59,HEAVY,280.04,VERY HIGH,HEAVY LOAD,17.09,5.38,LIGHT,74.43,LOW,RUNNING,18.4,5.59,LIGHT,76.39,LOW,RUNNING,14.84,3.72,LIGHT,69.13,LOW,RUNNING,18.43,6.11,LIGHT,77.2,LOW,RUNNING,17.04,4.35,LIGHT,72.83,LOW,RUNNING,16.08,4.03,LIGHT,71.14,LOW,RUNNING,28.6,52.0,255.0,0.25,22.0,COOLING,0.25,22.0,COOLING,0.25,22.0,COOLING,0.25,22.0,COOLING,24.264,22.288,21.873,22.27,22.674,24.264,21.873,2.391,1120.5,150.82,146.33,143.97,255.0,340.0,255.0,340.0,188.93,295.13,367.75,295.52,-472.07,171.44,124.68,175.94,875.0,875.0,875.0,875.0,217.36,82.39,18.76,80.43,1561.62,1190.0,1147.33,3500.0,398.94,1.0,0.0,0.0,1.0,22.5,TARGETED_WEST_COMPUTE_COOL,11.9936
1,Localized Heavy Compute,0,265,2650.0,14,3,4,3,4,91.84,83.51,HEAVY,285.07,VERY HIGH,HEAVY LOAD,87.72,78.99,HEAVY,273.13,VERY HIGH,HEAVY LOAD,90.71,82.86,HEAVY,282.68,VERY HIGH,HEAVY LOAD,90.27,81.6,HEAVY,280.24,VERY HIGH,HEAVY LOAD,17.1,5.34,LIGHT,74.39,LOW,RUNNING,18.29,5.5,LIGHT,76.11,LOW,RUNNING,14.72,3.67,LIGHT,68.91,LOW,RUNNING,18.4,6.14,LIGHT,77.21,LOW,RUNNING,17.14,4.44,LIGHT,73.08,LOW,RUNNING,16.21,4.1,LIGHT,71.41,LOW,RUNNING,28.6,52.0,255.2,0.25,22.0,COOLING,0.25,22.0,COOLING,0.25,22.0,COOLING,0.25,22.0,COOLING,24.268,22.29,21.873,22.272,22.676,24.268,21.873,2.395,1121.12,150.5,146.12,144.49,255.0,340.0,255.0,340.0,188.92,295.21,367.93,295.6,-472.56,171.44,125.18,175.94,875.0,875.0,875.0,875.0,217.48,82.15,19.23,81.03,1562.23,1190.0,1147.66,3500.0,399.89,1.0,0.0,0.0,1.0,22.5,TARGETED_WEST_COMPUTE_COOL,12.0359
1,Localized Heavy Compute,0,266,2660.0,14,3,4,3,4,91.73,83.55,HEAVY,284.99,VERY HIGH,HEAVY LOAD,87.77,79.12,HEAVY,273.39,VERY HIGH,HEAVY LOAD,90.89,82.95,HEAVY,283.04,VERY HIGH,HEAVY LOAD,90.41,81.58,HEAVY,280.38,VERY HIGH,HEAVY LOAD,17.08,5.28,LIGHT,74.27,LOW,RUNNING,18.17,5.41,LIGHT,75.83,LOW,RUNNING,14.61,3.62,LIGHT,68.69,LOW,RUNNING,18.41,6.18,LIGHT,77.28,LOW,RUNNING,17.25,4.53,LIGHT,73.36,LOW,RUNNING,16.33,4.15,LIGHT,71.64,LOW,RUNNING,28.61,52.0,255.4,0.25,22.0,COOLING,0.25,22.0,COOLING,0.25,22.0,COOLING,0.25,22.0,COOLING,24.272,22.292,21.873,22.274,22.678,24.272,21.873,2.399,1121.8,150.1,145.97,145.0,255.0,340.0,255.0,340.0,189.12,295.5,368.32,295.89,-473.07,171.44,125.68,175.94,875.0,875.0,875.0,875.0,217.85,82.04,19.97,81.83,1562.87,1190.0,1148.83,3500.0,401.69,1.0,0.0,0.0,1.0,22.5,TARGETED_WEST_COMPUTE_COOL,12.0784
1,Localized Heavy Compute,0,267,2670.0,14,3,4,3,4,91.65,83.62,HEAVY,284.99,VERY HIGH,HEAVY LOAD,87.86,79.25,HEAVY,273.7,VERY HIGH,HEAVY LOAD,91.07,83.03,HEAVY,283.38,VERY HIGH,HEAVY LOAD,90.51,81.52,HEAVY,280.42,VERY HIGH,HEAVY LOAD,17.02,5.21,LIGHT,74.09,LOW,RUNNING,18.04,5.33,LIGHT,75.55,LOW,RUNNING,14.52,3.6,LIGHT,68.55,LOW,RUNNING,18.44,6.24,LIGHT,77.41,LOW,RUNNING,17.38,4.62,LIGHT,73.66,LOW,RUNNING,16.43,4.19,LIGHT,71.82,LOW,RUNNING,28.61,52.0,255.6,0.25,22.0,COOLING,0.25,22.0,COOLING,0.25,22.0,COOLING,0.25,22.0,COOLING,24.276,22.294,21.873,22.276,22.68,24.276,21.873,2.403,1122.49,149.64,145.96,145.48,255.0,340.0,255.0,340.0,189.12,295.59,368.5,295.97,-473.56,171.44,126.18,175.94,875.0,875.0,875.0,875.0,218.05,81.67,20.64,82.39,1563.57,1190.0,1149.18,3500.0,402.75,1.0,0.0,0.0,1.0,22.5,TARGETED_WEST_COMPUTE_COOL,12.1209
1,Localized Heavy Compute,0,268,2680.0,14,3,4,3,4,91.61,83.72,HEAVY,285.09,VERY HIGH,HEAVY LOAD,87.99,79.38,HEAVY,274.06,VERY HIGH,HEAVY LOAD,91.24,83.08,HEAVY,283.67,VERY HIGH,HEAVY LOAD,90.57,81.44,HEAVY,280.37,VERY HIGH,HEAVY LOAD,16.94,5.13,LIGHT,73.87,LOW,RUNNING,17.9,5.25,LIGHT,75.25,LOW,RUNNING,14.45,3.6,LIGHT,68.46,LOW,RUNNING,18.5,6.32,LIGHT,77.61,LOW,RUNNING,17.51,4.7,LIGHT,73.94,LOW,RUNNING,16.51,4.2,LIGHT,71.94,LOW,RUNNING,28.62,52.0,255.8,0.25,22.0,COOLING,0.25,22.0,COOLING,0.25,22.0,COOLING,0.25,22.0,COOLING,24.28,22.296,21.873,22.278,22.682,24.28,21.873,2.407,1123.19,149.12,146.07,145.88,255.0,340.0,255.0,340.0,189.32,295.89,368.88,296.28,-474.06,171.44,126.68,175.94,875.0,875.0,875.0,875.0,218.45,81.45,21.63,83.1,1564.26,1190.0,1150.37,3500.0,404.63,1.0,0.0,0.0,1.0,22.5,TARGETED_WEST_COMPUTE_COOL,12.1634
1,Localized Heavy Compute,0,269,2690.0,14,3,4,3,4,91.6,83.83,HEAVY,285.25,VERY HIGH,HEAVY LOAD,88.14,79.5,HEAVY,274.43,VERY HIGH,HEAVY LOAD,91.41,83.1,HEAVY,283.91,VERY HIGH,HEAVY LOAD,90.6,81.34,HEAVY,280.26,VERY HIGH,HEAVY LOAD,16.84,5.04,LIGHT,73.61,LOW,RUNNING,17.77,5.19,LIGHT,75.0,LOW,RUNNING,14.41,3.62,LIGHT,68.44,LOW,RUNNING,18.59,6.4,LIGHT,77.84,LOW,RUNNING,17.65,4.77,LIGHT,74.22,LOW,RUNNING,16.57,4.19,LIGHT,72.0,LOW,RUNNING,28.62,52.0,256.0,0.25,22.0,COOLING,0.25,22.0,COOLING,0.25,22.0,COOLING,0.25,22.0,COOLING,24.284,22.298,21.873,22.28,22.684,24.284,21.873,2.411,1123.85,148.61,146.28,146.22,255.0,340.0,255.0,340.0,189.31,295.97,369.06,296.35,-474.57,171.44,127.18,175.94,875.0,875.0,875.0,875.0,218.59,81.02,22.52,83.51,1564.96,1190.0,1150.69,3500.0,405.64,1.0,0.0,0.0,1.0,22.5,TARGETED_WEST_COMPUTE_COOL,12.2057
1,Localized Heavy Compute,0,270,2700.0,14,3,4,3,4,91.64,83.96,HEAVY,285.49,VERY HIGH,HEAVY LOAD,88.31,79.61,HEAVY,274.8,VERY HIGH,HEAVY LOAD,91.55,83.09,HEAVY,284.07,VERY HIGH,HEAVY LOAD,90.59,81.23,HEAVY,280.08,VERY HIGH,HEAVY LOAD,16.73,4.95,LIGHT,73.34,LOW,RUNNING,17.65,5.14,LIGHT,74.77,LOW,RUNNING,14.4,3.66,LIGHT,68.49,LOW,RUNNING,18.7,6.49,LIGHT,78.11,LOW,RUNNING,17.77,4.83,LIGHT,74.46,LOW,RUNNING,16.6,4.17,LIGHT,72.0,LOW,RUNNING,28.62,52.0,256.2,0.25,22.0,COOLING,0.25,22.0,COOLING,0.25,22.0,COOLING,0.25,22.0,COOLING,24.288,22.3,21.873,22.282,22.686,24.288,21.873,2.415,1124.44,148.11,146.6,146.46,255.0,340.0,255.0,340.0,189.3,296.04,369.23,296.43,-475.06,171.44,127.68,175.94,875.0,875.0,875.0,875.0,218.68,80.59,23.51,83.83,1565.61,1190.0,1151.0,3500.0,406.61,1.0,0.0,0.0,1.0,22.5,TARGETED_WEST_COMPUTE_COOL,12.248
1,Localized Heavy Compute,0,271,2710.0,14,3,4,3,4,91.72,84.09,HEAVY,285.78,VERY HIGH,HEAVY LOAD,88.48,79.7,HEAVY,275.15,VERY HIGH,HEAVY LOAD,91.66,83.05,HEAVY,284.15,VERY HIGH,HEAVY LOAD,90.53,81.1,HEAVY,279.81,VERY HIGH,HEAVY LOAD,16.6,4.87,LIGHT,73.06,LOW,RUNNING,17.55,5.11,LIGHT,74.6,LOW,RUNNING,14.42,3.71,LIGHT,68.59,LOW,RUNNING,18.82,6.58,LIGHT,78.4,LOW,RUNNING,17.89,4.87,LIGHT,74.67,LOW,RUNNING,16.6,4.12,LIGHT,71.93,LOW,RUNNING,28.63,52.0,256.5,0.25,22.0,COOLING,0.25,22.0,COOLING,0.25,22.0,COOLING,0.25,22.0,COOLING,24.292,22.302,21.874,22.284,22.688,24.292,21.874,2.418,1124.89,147.66,146.99,146.6,255.0,340.0,255.0,340.0,189.54,296.4,369.72,296.79,-475.56,171.44,128.18,175.94,875.0,875.0,875.0,875.0,218.87,80.5,24.89,84.33,1566.14,1190.0,1152.45,3500.0,408.59,1.0,0.0,0.0,1.0,22.5,TARGETED_WEST_COMPUTE_COOL,12.2806
1,Localized Heavy Compute,0,272,2720.0,14,3,4,3,4,91.83,84.22,HEAVY,286.12,VERY HIGH,HEAVY LOAD,88.66,79.76,HEAVY,275.47,VERY HIGH,HEAVY LOAD,91.75,82.98,HEAVY,284.16,VERY HIGH,HEAVY LOAD,90.44,80.96,HEAVY,279.49,VERY HIGH,HEAVY LOAD,16.46,4.79,LIGHT,72.76,LOW,RUNNING,17.48,5.1,LIGHT,74.5,LOW,RUNNING,14.47,3.78,LIGHT,68.76,LOW,RUNNING,18.95,6.66,LIGHT,78.68,LOW,RUNNING,17.98,4.9,LIGHT,74.82,LOW,RUNNING,16.56,4.06,LIGHT,71.79,LOW,RUNNING,28.63,52.0,256.7,0.25,22.0,COOLING,0.25,22.0,COOLING,0.25,22.0,COOLING,0.25,22.0,COOLING,24.296,22.304,21.875,22.286,22.69,24.296,21.875,2.421,1125.24,147.26,147.44,146.61,255.0,340.0,255.0,340.0,189.53,296.49,369.86,296.88,-476.05,171.55,128.45,176.05,875.0,875.0,875.0,875.0,218.72,80.3,25.75,84.54,1566.55,1190.0,1152.76,3500.0,409.31,1.0,0.0,0.0,1.0,22.5,TARGETED_WEST_COMPUTE_COOL,12.3134
1,Localized Heavy Compute,0,273,2730.0,14,3,4,3,4,91.97,84.35,HEAVY,286.49,VERY HIGH,HEAVY LOAD,88.83,79.79,HEAVY,275.72,VERY HIGH,HEAVY LOAD,91.79,82.89,HEAVY,284.07,VERY HIGH,HEAVY LOAD,90.32,80.83,HEAVY,279.14,VERY HIGH,HEAVY LOAD,16.33,4.72,LIGHT,72.49,LOW,RUNNING,17.42,5.11,LIGHT,74.44,LOW,RUNNING,14.55,3.86,LIGHT,68.98,LOW,RUNNING,19.09,6.74,LIGHT,78.97,LOW,RUNNING,18.05,4.9,LIGHT,74.91,LOW,RUNNING,16.5,3.99,LIGHT,71.61,LOW,RUNNING,28.64,52.0,256.9,0.25,22.0,COOLING,0.25,22.0,COOLING,0.25,22.0,COOLING,0.25,22.0,COOLING,24.3,22.306,21.876,22.288,22.693,24.3,21.876,2.424,1125.42,146.93,147.95,146.52,255.0,340.0,255.0,340.0,189.74,296.78,370.24,297.17,-476.53,171.66,128.71,176.16,875.0,875.0,875.0,875.0,218.63,80.37,26.9,84.85,1566.82,1190.0,1153.93,3500.0,410.75,1.0,0.0,0.0,1.0,22.5,TARGETED_WEST_COMPUTE_COOL,12.346
1,Localized Heavy Compute,0,274,2740.0,14,3,4,3,4,92.13,84.46,HEAVY,286.85,VERY HIGH,HEAVY LOAD,88.99,79.8,HEAVY,275.94,VERY HIGH,HEAVY LOAD,91.8,82.78,HEAVY,283.92,VERY HIGH,HEAVY LOAD,90.18,80.71,HEAVY,278.79,VERY HIGH,HEAVY LOAD,16.21,4.66,LIGHT,72.25,LOW,RUNNING,17.4,5.14,LIGHT,74.46,LOW,RUNNING,14.65,3.95,LIGHT,69.24,LOW,RUNNING,19.22,6.81,LIGHT,79.24,LOW,RUNNING,18.09,4.88,LIGHT,74.93,LOW,RUNNING,16.42,3.91,LIGHT,71.39,LOW,RUNNING,28.64,52.0,257.1,0.25,22.0,COOLING,0.25,22.0,COOLING,0.25,22.0,COOLING,0.25,22.0,COOLING,24.304,22.308,21.877,22.29,22.695,24.304,21.877,2.427,1125.5,146.71,148.48,146.32,255.0,340.0,255.0,340.0,189.72,296.87,370.39,297.26,-477.02,171.77,128.98,176.27,875.0,875.0,875.0,875.0,218.2,80.35,27.85,84.85,1567.01,1190.0,1154.24,3500.0,411.25,1.0,0.0,0.0,1.0,22.5,TARGETED_WEST_COMPUTE_COOL,12.3784
1,Localized Heavy Compute,0,275,2750.0,14,3,4,3,4,92.3,84.56,HEAVY,287.22,VERY HIGH,HEAVY LOAD,89.12,79.77,HEAVY,276.06,VERY HIGH,HEAVY LOAD,91.76,82.66,HEAVY,283.69,VERY HIGH,HEAVY LOAD,90.01,80.6,HEAVY,278.41,VERY HIGH,HEAVY LOAD,16.1,4.62,LIGHT,72.06,LOW,RUNNING,17.41,5.19,LIGHT,74.55,LOW,RUNNING,14.76,4.04,LIGHT,69.51,LOW,RUNNING,19.34,6.86,LIGHT,79.47,LOW,RUNNING,18.1,4.85,LIGHT,74.9,LOW,RUNNING,16.31,3.82,LIGHT,71.12,LOW,RUNNING,28.65,52.0,257.3,0.25,22.0,COOLING,0.25,22.0,COOLING,0.25,22.0,COOLING,0.25,22.0,COOLING,24.308,22.31,21.878,22.292,22.697,24.308,21.878,2.43,1125.38,146.61,148.98,146.02,255.0,340.0,255.0,340.0,189.93,297.16,370.76,297.55,-477.5,171.88,129.25,176.38,875.0,875.0,875.0,875.0,217.81,80.65,28.99,84.95,1566.99,1190.0,1155.4,3500.0,412.4,1.0,0.0,0.0,1.0,22.5,TARGETED_WEST_COMPUTE_COOL,12.4108
1,Localized Heavy Compute,0,276,2760.0,14,3,4,3,4,92.48,84.64,HEAVY,287.56,VERY HIGH,HEAVY LOAD,89.21,79.72,HEAVY,276.09,VERY HIGH,HEAVY LOAD,91.69,82.52,HEAVY,283.39,VERY HIGH,HEAVY LOAD,89.83,80.51,HEAVY,278.05,VERY HIGH,HEAVY LOAD,16.01,4.6,LIGHT,71.91,LOW,RUNNING,17.45,5.25,LIGHT,74.69,LOW,RUNNING,14.89,4.13,LIGHT,69.81,LOW,RUNNING,19.44,6.89,LIGHT,79.63,LOW,RUNNING,18.08,4.79,LIGHT,74.78,LOW,RUNNING,16.19,3.73,LIGHT,70.83,LOW,RUNNING,28.65,52.0,257.5,0.25,22.0,COOLING,0.25,22.0,COOLING,0.25,22.0,COOLING,0.25,22.0,COOLING,24.312,22.312,21.879,22.294,22.699,24.312,21.879,2.433,1125.09,146.6,149.44,145.61,255.0,340.0,255.0,340.0,189.91,297.25,370.91,297.64,-477.99,171.99,129.51,176.49,875.0,875.0,875.0,875.0,217.01,80.84,29.86,84.74,1566.74,1190.0,1155.71,3500.0,412.45,1.0,0.0,0.0,1.0,22.5,TARGETED_WEST_COMPUTE_COOL,12.443
1,Localized Heavy Compute,0,277,2770.0,14,3,4,3,4,92.66,84.68,HEAVY,287.85,VERY HIGH,HEAVY LOAD,89.28,79.64,HEAVY,276.06,VERY HIGH,HEAVY LOAD,91.58,82.39,HEAVY,283.06,VERY HIGH,HEAVY LOAD,89.65,80.44,HEAVY,277.72,VERY HIGH,HEAVY LOAD,15.94,4.6,LIGHT,71.83,LOW,RUNNING,17.51,5.32,LIGHT,74.87,LOW,RUNNING,15.03,4.21,LIGHT,70.1,LOW,RUNNING,19.52,6.9,LIGHT,79.75,LOW,RUNNING,18.03,4.73,LIGHT,74.63,LOW,RUNNING,16.06,3.64,LIGHT,70.53,LOW,RUNNING,28.65,52.0,257.7,0.25,22.0,COOLING,0.25,22.0,COOLING,0.25,22.0,COOLING,0.25,22.0,COOLING,24.316,22.314,21.88,22.296,22.701,24.316,21.88,2.436,1124.69,146.7,149.85,145.16,255.0,340.0,255.0,340.0,189.91,297.33,371.07,297.71,-478.48,172.1,129.77,176.6,875.0,875.0,875.0,875.0,216.12,81.13,30.69,84.47,1566.4,1190.0,1156.02,3500.0,412.41,1.0,0.0,0.0,1.0,22.5,TARGETED_WEST_COMPUTE_COOL,12.4751
1,Localized Heavy Compute,0,278,2780.0,14,3,4,3,4,92.82,84.7,HEAVY,288.07,VERY HIGH,HEAVY LOAD,89.3,79.53,HEAVY,275.92,VERY HIGH,HEAVY LOAD,91.45,82.26,HEAVY,282.7,VERY HIGH,HEAVY LOAD,89.48,80.41,HEAVY,277.47,VERY HIGH,HEAVY LOAD,15.91,4.62,LIGHT,71.82,LOW,RUNNING,17.6,5.41,LIGHT,75.11,LOW,RUNNING,15.16,4.28,LIGHT,70.37,LOW,RUNNING,19.57,6.89,LIGHT,79.8,LOW,RUNNING,17.96,4.65,LIGHT,74.43,LOW,RUNNING,15.92,3.57,LIGHT,70.26,LOW,RUNNING,28.66,52.0,257.9,0.25,22.0,COOLING,0.25,22.0,COOLING,0.25,22.0,COOLING,0.25,22.0,COOLING,24.32,22.316,21.881,22.298,22.704,24.32,21.881,2.439,1124.16,146.93,150.17,144.69,255.0,340.0,255.0,340.0,190.11,297.63,371.43,298.02,-478.96,172.21,130.04,176.71,875.0,875.0,875.0,875.0,215.31,81.77,31.64,84.42,1565.95,1190.0,1157.19,3500.0,413.14,1.0,0.0,0.0,1.0,22.5,TARGETED_WEST_COMPUTE_COOL,12.5073
1,Localized Heavy Compute,0,279,2790.0,14,3,4,3,4,92.96,84.69,HEAVY,288.24,VERY HIGH,HEAVY LOAD,89.28,79.41,HEAVY,275.72,VERY HIGH,HEAVY LOAD,91.29,82.14,HEAVY,282.32,VERY HIGH,HEAVY LOAD,89.33,80.4,HEAVY,277.26,VERY HIGH,HEAVY LOAD,15.9,4.66,LIGHT,71.86,LOW,RUNNING,17.71,5.5,LIGHT,75.39,LOW,RUNNING,15.28,4.33,LIGHT,70.59,LOW,RUNNING,19.6,6.86,LIGHT,79.79,LOW,RUNNING,17.86,4.56,LIGHT,74.17,LOW,RUNNING,15.79,3.5,LIGHT,69.99,LOW,RUNNING,28.66,52.0,258.1,0.25,22.0,COOLING,0.25,22.0,COOLING,0.25,22.0,COOLING,0.25,22.0,COOLING,24.324,22.318,21.882,22.3,22.706,24.324,21.882,2.442,1123.54,147.25,150.38,144.16,255.0,340.0,255.0,340.0,190.1,297.71,371.59,298.09,-479.45,172.32,130.3,176.82,875.0,875.0,875.0,875.0,214.19,82.28,32.27,84.07,1565.33,1190.0,1157.49,3500.0,412.81,1.0,0.0,0.0,1.0,22.5,TARGETED_WEST_COMPUTE_COOL,12.5396
1,Localized Heavy Compute,0,280,2800.0,14,3,4,3,4,93.07,84.65,HEAVY,288.31,VERY HIGH,HEAVY LOAD,89.23,79.28,HEAVY,275.46,VERY HIGH,HEAVY LOAD,91.11,82.05,HEAVY,281.96,VERY HIGH,HEAVY LOAD,89.19,80.42,HEAVY,277.12,VERY HIGH,HEAVY LOAD,15.92,4.72,LIGHT,71.98,LOW,RUNNING,17.83,5.59,LIGHT,75.67,LOW,RUNNING,15.39,4.38,LIGHT,70.81,LOW,RUNNING,19.59,6.82,LIGHT,79.72,LOW,RUNNING,17.75,4.47,LIGHT,73.89,LOW,RUNNING,15.67,3.45,LIGHT,69.76,LOW,RUNNING,28.67,52.0,258.3,0.25,22.0,COOLING,0.25,22.0,COOLING,0.25,22.0,COOLING,0.25,22.0,COOLING,24.328,22.32,21.883,22.302,22.708,24.328,21.883,2.445,1122.85,147.65,150.53,143.65,255.0,340.0,255.0,340.0,190.3,298.01,371.95,298.4,-479.93,172.43,130.57,176.93,875.0,875.0,875.0,875.0,213.22,83.09,33.05,83.98,1564.68,1190.0,1158.66,3500.0,413.34,1.0,0.0,0.0,1.0,22.5,TARGETED_WEST_COMPUTE_COOL,12.5719
1,Localized Heavy Compute,0,281,2810.0,14,3,4,3,4,93.15,84.58,HEAVY,288.31,VERY HIGH,HEAVY LOAD,89.14,79.15,HEAVY,275.15,VERY HIGH,HEAVY LOAD,90.93,81.97,HEAVY,281.62,VERY HIGH,HEAVY LOAD,89.09,80.48,HEAVY,277.08,VERY HIGH,HEAVY LOAD,15.98,4.79,LIGHT,72.16,LOW,RUNNING,17.96,5.67,LIGHT,75.95,LOW,RUNNING,15.48,4.4,LIGHT,70.95,LOW,RUNNING,19.56,6.76,LIGHT,79.59,LOW,RUNNING,17.62,4.38,LIGHT,73.59,LOW,RUNNING,15.57,3.41,LIGHT,69.58,LOW,RUNNING,28.67,52.0,258.5,0.25,22.0,COOLING,0.25,22.0,COOLING,0.25,22.0,COOLING,0.25,22.0,COOLING,24.332,22.322,21.884,22.304,22.71,24.332,21.884,2.448,1122.16,148.11,150.54,143.17,255.0,340.0,255.0,340.0,190.29,298.09,372.11,298.47,-480.41,172.54,130.84,177.04,875.0,875.0,875.0,875.0,212.04,83.74,33.49,83.68,1563.98,1190.0,1158.96,3500.0,412.95,1.0,0.0,0.0,1.0,22.5,TARGETED_WEST_COMPUTE_COOL,12.6044
1,Localized Heavy Compute,0,282,2820.0,14,3,4,3,4,93.19,84.48,HEAVY,288.21,VERY HIGH,HEAVY LOAD,89.01,79.02,HEAVY,274.79,VERY HIGH,HEAVY LOAD,90.76,81.92,HEAVY,281.33,VERY HIGH,HEAVY LOAD,89.03,80.56,HEAVY,277.13,VERY HIGH,HEAVY LOAD,16.06,4.87,LIGHT,72.38,LOW,RUNNING,18.1,5.75,LIGHT,76.25,LOW,RUNNING,15.55,4.4,LIGHT,71.04,LOW,RUNNING,19.5,6.68,LIGHT,79.39,LOW,RUNNING,17.49,4.3,LIGHT,73.31,LOW,RUNNING,15.49,3.4,LIGHT,69.46,LOW,RUNNING,28.68,52.0,258.8,0.25,22.0,COOLING,0.25,22.0,COOLING,0.25,22.0,COOLING,0.25,22.0,COOLING,24.336,22.324,21.885,22.306,22.713,24.336,21.885,2.451,1121.46,148.63,150.43,142.77,255.0,340.0,255.0,340.0,190.53,298.45,372.56,298.83,-480.9,172.65,131.1,177.15,875.0,875.0,875.0,875.0,211.09,84.73,34.09,83.75,1563.29,1190.0,1160.37,3500.0,413.66,1.0,0.0,0.0,1.0,22.5,TARGETED_WEST_COMPUTE_COOL,12.6371
1,Localized Heavy Compute,0,283,2830.0,14,3,4,3,4,93.2,84.37,HEAVY,288.06,VERY HIGH,HEAVY LOAD,88.86,78.9,HEAVY,274.43,VERY HIGH,HEAVY LOAD,90.59,81.9,HEAVY,281.09,VERY HIGH,HEAVY LOAD,89.0,80.66,HEAVY,277.24,VERY HIGH,HEAVY LOAD,16.16,4.96,LIGHT,72.64,LOW,RUNNING,18.23,5.81,LIGHT,76.5,LOW,RUNNING,15.59,4.38,LIGHT,71.06,LOW,RUNNING,19.41,6.6,LIGHT,79.16,LOW,RUNNING,17.35,4.23,LIGHT,73.03,LOW,RUNNING,15.43,3.41,LIGHT,69.4,LOW,RUNNING,28.68,52.0,259.0,0.25,22.0,COOLING,0.25,22.0,COOLING,0.25,22.0,COOLING,0.25,22.0,COOLING,24.34,22.326,21.886,22.308,22.715,24.34,21.886,2.454,1120.82,149.14,150.22,142.43,255.0,340.0,255.0,340.0,190.52,298.53,372.71,298.92,-481.38,172.76,131.36,177.26,875.0,875.0,875.0,875.0,209.96,85.43,34.29,83.61,1562.61,1190.0,1160.68,3500.0,413.29,1.0,0.0,0.0,1.0,22.5,TARGETED_WEST_COMPUTE_COOL,12.6702
1,Localized Heavy Compute,0,284,2840.0,14,3,4,3,4,93.16,84.24,HEAVY,287.81,VERY HIGH,HEAVY LOAD,88.69,78.79,HEAVY,274.05,VERY HIGH,HEAVY LOAD,90.45,81.91,HEAVY,280.93,VERY HIGH,HEAVY LOAD,89.01,80.77,HEAVY,277.42,VERY HIGH,HEAVY LOAD,16.27,5.05,LIGHT,72.91,LOW,RUNNING,18.35,5.86,LIGHT,76.73,LOW,RUNNING,15.6,4.34,LIGHT,71.01,LOW,RUNNING,19.3,6.51,LIGHT,78.89,LOW,RUNNING,17.23,4.17,LIGHT,72.79,LOW,RUNNING,15.4,3.43,LIGHT,69.39,LOW,RUNNING,28.68,52.0,259.2,0.25,22.0,COOLING,0.25,22.0,COOLING,0.25,22.0,COOLING,0.25,22.0,COOLING,24.344,22.328,21.887,22.31,22.717,24.344,21.887,2.457,1120.21,149.64,149.9,142.18,255.0,340.0,255.0,340.0,190.51,298.61,372.87,299.0,-481.87,172.87,131.63,177.37,875.0,875.0,875.0,875.0,208.85,86.12,34.4,83.55,1561.93,1190.0,1160.99,3500.0,412.92,1.0,0.0,0.0,1.0,22.5,TARGETED_WEST_COMPUTE_COOL,12.7034
1,Localized Heavy Compute,0,285,2850.0,14,3,4,3,4,93.08,84.11,HEAVY,287.51,VERY HIGH,HEAVY LOAD,88.52,78.7,HEAVY,273.7,VERY HIGH,HEAVY LOAD,90.34,81.95,HEAVY,280.85,VERY HIGH,HEAVY LOAD,89.07,80.9,HEAVY,277.69,VERY HIGH,HEAVY LOAD,16.4,5.13,LIGHT,73.19,LOW,RUNNING,18.45,5.89,LIGHT,76.9,LOW,RUNNING,15.58,4.29,LIGHT,70.91,LOW,RUNNING,19.18,6.42,LIGHT,78.6,LOW,RUNNING,17.11,4.13,LIGHT,72.58,LOW,RUNNING,15.4,3.48,LIGHT,69.47,LOW,RUNNING,28.69,52.0,259.4,0.25,22.0,COOLING,0.25,22.0,COOLING,0.25,22.0,COOLING,0.25,22.0,COOLING,24.348,22.33,21.888,22.312,22.72,24.348,21.888,2.46,1119.75,150.09,149.51,142.05,255.0,340.0,255.0,340.0,190.71,298.9,373.23,299.29,-482.36,172.98,131.89,177.48,875.0,875.0,875.0,875.0,208.1,86.97,34.63,83.82,1561.4,1190.0,1162.13,3500.0,413.52,1.0,0.0,0.0,1.0,22.5,TARGETED_WEST_COMPUTE_COOL,12.7371
1,Localized Heavy Compute,0,286,2860.0,14,3,4,3,4,92.97,83.98,HEAVY,287.18,VERY HIGH,HEAVY LOAD,88.34,78.64,HEAVY,273.38,VERY HIGH,HEAVY LOAD,90.25,82.02,HEAVY,280.84,VERY HIGH,HEAVY LOAD,89.16,81.04,HEAVY,278.01,VERY HIGH,HEAVY LOAD,16.54,5.21,LIGHT,73.49,LOW,RUNNING,18.52,5.9,LIGHT,77.0,LOW,RUNNING,15.53,4.22,LIGHT,70.74,LOW,RUNNING,19.05,6.34,LIGHT,78.32,LOW,RUNNING,17.02,4.1,LIGHT,72.43,LOW,RUNNING,15.44,3.54,LIGHT,69.61,LOW,RUNNING,28.69,52.0,259.6,0.25,22.0,COOLING,0.25,22.0,COOLING,0.25,22.0,COOLING,0.25,22.0,COOLING,24.352,22.332,21.889,22.314,22.722,24.352,21.889,2.463,1119.41,150.49,149.06,142.04,255.0,340.0,255.0,340.0,190.7,298.99,373.39,299.38,-482.84,173.09,132.16,177.59,875.0,875.0,875.0,875.0,207.27,87.57,34.61,84.01,1561.0,1190.0,1162.46,3500.0,413.46,1.0,0.0,0.0,1.0,22.5,TARGETED_WEST_COMPUTE_COOL,12.771
1,Localized Heavy Compute,0,287,2870.0,14,3,4,3,4,92.83,83.85,HEAVY,286.81,VERY HIGH,HEAVY LOAD,88.17,78.61,HEAVY,273.13,VERY HIGH,HEAVY LOAD,90.21,82.11,HEAVY,280.93,VERY HIGH,HEAVY LOAD,89.28,81.17,HEAVY,278.36,VERY HIGH,HEAVY LOAD,16.67,5.28,LIGHT,73.76,LOW,RUNNING,18.58,5.89,LIGHT,77.06,LOW,RUNNING,15.45,4.14,LIGHT,70.52,LOW,RUNNING,18.91,6.26,LIGHT,78.03,LOW,RUNNING,16.95,4.1,LIGHT,72.34,LOW,RUNNING,15.5,3.61,LIGHT,69.79,LOW,RUNNING,28.7,52.0,259.8,0.25,22.0,COOLING,0.25,22.0,COOLING,0.25,22.0,COOLING,0.25,22.0,COOLING,24.356,22.334,21.89,22.316,22.724,24.356,21.89,2.466,1119.23,150.82,148.55,142.13,255.0,340.0,255.0,340.0,190.9,299.29,373.76,299.68,-483.32,173.2,132.43,177.7,875.0,875.0,875.0,875.0,206.81,88.31,34.74,84.51,1560.73,1190.0,1163.63,3500.0,414.37,1.0,0.0,0.0,1.0,22.5,TARGETED_WEST_COMPUTE_COOL,12.8054
1,Localized Heavy Compute,0,288,2880.0,14,3,4,3,4,92.67,83.74,HEAVY,286.45,VERY HIGH,HEAVY LOAD,88.01,78.6,HEAVY,272.91,VERY HIGH,HEAVY LOAD,90.2,82.22,HEAVY,281.08,VERY HIGH,HEAVY LOAD,89.42,81.29,HEAVY,278.71,VERY HIGH,HEAVY LOAD,16.79,5.34,LIGHT,74.0,LOW,RUNNING,18.6,5.86,LIGHT,77.04,LOW,RUNNING,15.35,4.05,LIGHT,70.26,LOW,RUNNING,18.78,6.19,LIGHT,77.76,LOW,RUNNING,16.91,4.12,LIGHT,72.32,LOW,RUNNING,15.58,3.69,LIGHT,70.01,LOW,RUNNING,28.7,52.0,260.0,0.25,22.0,COOLING,0.25,22.0,COOLING,0.25,22.0,COOLING,0.25,22.0,COOLING,24.36,22.336,21.891,22.318,22.726,24.36,21.891,2.469,1119.15,151.04,148.02,142.33,255.0,340.0,255.0,340.0,190.9,299.37,373.91,299.76,-483.81,173.31,132.69,177.81,875.0,875.0,875.0,875.0,206.24,88.72,34.62,84.9,1560.54,1190.0,1163.94,3500.0,414.48,1.0,0.0,0.0,1.0,22.5,TARGETED_WEST_COMPUTE_COOL,12.84
1,Localized Heavy Compute,0,289,2890.0,14,3,4,3,4,92.5,83.64,HEAVY,286.09,VERY HIGH,HEAVY LOAD,87.88,78.63,HEAVY,272.79,VERY HIGH,HEAVY LOAD,90.24,82.34,HEAVY,281.31,VERY HIGH,HEAVY LOAD,89.59,81.4,HEAVY,279.09,VERY HIGH,HEAVY LOAD,16.9,5.38,LIGHT,74.19,LOW,RUNNING,18.59,5.81,LIGHT,76.95,LOW,RUNNING,15.24,3.96,LIGHT,69.99,LOW,RUNNING,18.66,6.14,LIGHT,77.53,LOW,RUNNING,16.9,4.15,LIGHT,72.35,LOW,RUNNING,15.69,3.78,LIGHT,70.28,LOW,RUNNING,28.7,52.0,260.2,0.25,22.0,COOLING,0.25,22.0,COOLING,0.25,22.0,COOLING,0.25,22.0,COOLING,24.364,22.338,21.892,22.32,22.729,24.364,21.892,2.472,1119.28,151.14,147.52,142.63,255.0,340.0,255.0,340.0,190.89,299.45,374.06,299.83,-484.29,173.42,132.96,177.92,875.0,875.0,875.0,875.0,205.88,89.01,34.54,85.38,1560.57,1190.0,1164.23,3500.0,414.81,1.0,0.0,0.0,1.0,22.5,TARGETED_WEST_COMPUTE_COOL,12.8749
1,Localized Heavy Compute,0,290,2900.0,14,3,4,3,4,92.32,83.56,HEAVY,285.74,VERY HIGH,HEAVY LOAD,87.79,78.68,HEAVY,272.76,VERY HIGH,HEAVY LOAD,90.31,82.48,HEAVY,281.61,VERY HIGH,HEAVY LOAD,89.77,81.49,HEAVY,279.45,VERY HIGH,HEAVY LOAD,16.99,5.4,LIGHT,74.34,LOW,RUNNING,18.55,5.75,LIGHT,76.81,LOW,RUNNING,15.11,3.87,LIGHT,69.69,LOW,RUNNING,18.56,6.11,LIGHT,77.37,LOW,RUNNING,16.92,4.21,LIGHT,72.47,LOW,RUNNING,15.81,3.87,LIGHT,70.57,LOW,RUNNING,28.71,52.0,260.4,0.25,22.0,COOLING,0.25,22.0,COOLING,0.25,22.0,COOLING,0.25,22.0,COOLING,24.368,22.34,21.893,22.322,22.731,24.368,21.893,2.475,1119.56,151.15,147.06,143.04,255.0,340.0,255.0,340.0,191.09,299.75,374.44,300.14,-484.78,173.53,133.22,178.03,875.0,875.0,875.0,875.0,205.87,89.43,34.72,86.21,1560.81,1190.0,1165.42,3500.0,416.23,1.0,0.0,0.0,1.0,22.5,TARGETED_WEST_COMPUTE_COOL,12.9101
1,Localized Heavy Compute,0,291,2910.0,14,3,4,3,4,92.14,83.52,HEAVY,285.45,VERY HIGH,HEAVY LOAD,87.72,78.76,HEAVY,272.79,VERY HIGH,HEAVY LOAD,90.42,82.61,HEAVY,281.94,VERY HIGH,HEAVY LOAD,89.95,81.56,HEAVY,279.78,VERY HIGH,HEAVY LOAD,17.06,5.4,LIGHT,74.42,LOW,RUNNING,18.49,5.68,LIGHT,76.63,LOW,RUNNING,14.97,3.79,LIGHT,69.4,LOW,RUNNING,18.48,6.1,LIGHT,77.25,LOW,RUNNING,16.97,4.27,LIGHT,72.62,LOW,RUNNING,15.94,3.96,LIGHT,70.86,LOW,RUNNING,28.71,52.0,260.6,0.25,22.0,COOLING,0.25,22.0,COOLING,0.25,22.0,COOLING,0.25,22.0,COOLING,24.372,22.342,21.894,22.324,22.733,24.372,21.894,2.478,1119.96,151.05,146.65,143.48,255.0,340.0,255.0,340.0,191.07,299.84,374.59,300.22,-485.26,173.64,133.48,178.14,875.0,875.0,875.0,875.0,205.77,89.53,34.72,86.84,1561.14,1190.0,1165.72,3500.0,416.86,1.0,0.0,0.0,1.0,22.5,TARGETED_WEST_COMPUTE_COOL,12.9455
1,Localized Heavy Compute,0,292,2920.0,14,3,4,3,4,91.98,83.5,HEAVY,285.23,VERY HIGH,HEAVY LOAD,87.7,78.87,HEAVY,272.93,VERY HIGH,HEAVY LOAD,90.55,82.74,HEAVY,282.3,VERY HIGH,HEAVY LOAD,90.12,81.59,HEAVY,280.04,VERY HIGH,HEAVY LOAD,17.09,5.38,LIGHT,74.43,LOW,RUNNING,18.4,5.59,LIGHT,76.39,LOW,RUNNING,14.84,3.72,LIGHT,69.13,LOW,RUNNING,18.43,6.11,LIGHT,77.2,LOW,RUNNING,17.04,4.35,LIGHT,72.83,LOW,RUNNING,16.08,4.03,LIGHT,71.14,LOW,RUNNING,28.72,52.0,260.8,0.25,22.0,COOLING,0.25,22.0,COOLING,0.25,22.0,COOLING,0.25,22.0,COOLING,24.376,22.344,21.895,22.326,22.735,24.376,21.895,2.481,1120.5,150.82,146.33,143.97,255.0,340.0,255.0,340.0,191.28,300.13,374.96,300.51,-485.75,173.75,133.75,178.25,875.0,875.0,875.0,875.0,206.03,89.7,35.04,87.73,1561.62,1190.0,1166.88,3500.0,418.5,1.0,0.0,0.0,1.0,22.5,TARGETED_WEST_COMPUTE_COOL,12.9811
1,Localized Heavy Compute,0,293,2930.0,14,3,4,3,4,91.84,83.51,HEAVY,285.07,VERY HIGH,HEAVY LOAD,87.72,78.99,HEAVY,273.13,VERY HIGH,HEAVY LOAD,90.71,82.86,HEAVY,282.68,VERY HIGH,HEAVY LOAD,90.27,81.6,HEAVY,280.24,VERY HIGH,HEAVY LOAD,17.1,5.34,LIGHT,74.39,LOW,RUNNING,18.29,5.5,LIGHT,76.11,LOW,RUNNING,14.72,3.67,LIGHT,68.91,LOW,RUNNING,18.4,6.14,LIGHT,77.21,LOW,RUNNING,17.14,4.44,LIGHT,73.08,LOW,RUNNING,16.21,4.1,LIGHT,71.41,LOW,RUNNING,28.72,52.0,261.0,0.25,22.0,COOLING,0.25,22.0,COOLING,0.25,22.0,COOLING,0.25,22.0,COOLING,24.38,22.346,21.896,22.328,22.738,24.38,21.896,2.484,1121.12,150.5,146.12,144.49,255.0,340.0,255.0,340.0,191.28,300.2,375.11,300.59,-486.24,173.86,134.02,178.36,875.0,875.0,875.0,875.0,206.16,89.56,35.25,88.44,1562.23,1190.0,1167.18,3500.0,419.41,1.0,0.0,0.0,1.0,22.5,TARGETED_WEST_COMPUTE_COOL,13.0168
1,Localized Heavy Compute,0,294,2940.0,14,3,4,3,4,91.73,83.55,HEAVY,284.99,VERY HIGH,HEAVY LOAD,87.77,79.12,HEAVY,273.39,VERY HIGH,HEAVY LOAD,90.89,82.95,HEAVY,283.04,VERY HIGH,HEAVY LOAD,90.41,81.58,HEAVY,280.38,VERY HIGH,HEAVY LOAD,17.08,5.28,LIGHT,74.27,LOW,RUNNING,18.17,5.41,LIGHT,75.83,LOW,RUNNING,14.61,3.62,LIGHT,68.69,LOW,RUNNING,18.41,6.18,LIGHT,77.28,LOW,RUNNING,17.25,4.53,LIGHT,73.36,LOW,RUNNING,16.33,4.15,LIGHT,71.64,LOW,RUNNING,28.73,52.0,261.2,0.25,22.0,COOLING,0.25,22.0,COOLING,0.25,22.0,COOLING,0.25,22.0,COOLING,24.384,22.348,21.897,22.33,22.74,24.384,21.897,2.487,1121.8,150.1,145.97,145.0,255.0,340.0,255.0,340.0,191.48,300.51,375.48,300.89,-486.72,173.97,134.28,178.47,875.0,875.0,875.0,875.0,206.56,89.58,35.73,89.36,1562.87,1190.0,1168.36,3500.0,421.23,1.0,0.0,0.0,1.0,22.5,TARGETED_WEST_COMPUTE_COOL,13.0526
1,Localized Heavy Compute,0,295,2950.0,14,3,4,3,4,91.65,83.62,HEAVY,284.99,VERY HIGH,HEAVY LOAD,87.86,79.25,HEAVY,273.7,VERY HIGH,HEAVY LOAD,91.07,83.03,HEAVY,283.38,VERY HIGH,HEAVY LOAD,90.51,81.52,HEAVY,280.42,VERY HIGH,HEAVY LOAD,17.02,5.21,LIGHT,74.09,LOW,RUNNING,18.04,5.33,LIGHT,75.55,LOW,RUNNING,14.52,3.6,LIGHT,68.55,LOW,RUNNING,18.44,6.24,LIGHT,77.41,LOW,RUNNING,17.38,4.62,LIGHT,73.66,LOW,RUNNING,16.43,4.19,LIGHT,71.82,LOW,RUNNING,28.73,52.0,261.5,0.25,22.0,COOLING,0.25,22.0,COOLING,0.25,22.0,COOLING,0.25,22.0,COOLING,24.388,22.35,21.898,22.332,22.742,24.388,21.898,2.49,1122.49,149.64,145.96,145.48,255.0,340.0,255.0,340.0,191.5,300.65,375.72,301.04,-487.21,174.08,134.55,178.58,875.0,875.0,875.0,875.0,206.78,89.37,36.23,90.1,1563.57,1190.0,1168.91,3500.0,422.48,1.0,0.0,0.0,1.0,22.5,TARGETED_WEST_COMPUTE_COOL,13.0883
1,Localized Heavy Compute,0,296,2960.0,14,3,4,3,4,91.61,83.72,HEAVY,285.09,VERY HIGH,HEAVY LOAD,87.99,79.38,HEAVY,274.06,VERY HIGH,HEAVY LOAD,91.24,83.08,HEAVY,283.67,VERY HIGH,HEAVY LOAD,90.57,81.44,HEAVY,280.37,VERY HIGH,HEAVY LOAD,16.94,5.13,LIGHT,73.87,LOW,RUNNING,17.9,5.25,LIGHT,75.25,LOW,RUNNING,14.45,3.6,LIGHT,68.46,LOW,RUNNING,18.5,6.32,LIGHT,77.61,LOW,RUNNING,17.51,4.7,LIGHT,73.94,LOW,RUNNING,16.51,4.2,LIGHT,71.94,LOW,RUNNING,28.73,52.0,261.7,0.25,22.0,COOLING,0.25,22.0,COOLING,0.25,22.0,COOLING,0.25,22.0,COOLING,24.392,22.352,21.899,22.334,22.744,24.392,21.899,2.493,1123.19,149.12,146.07,145.88,255.0,340.0,255.0,340.0,191.49,300.73,375.88,301.12,-487.69,174.19,134.81,178.69,875.0,875.0,875.0,875.0,206.99,89.04,36.76,90.69,1564.26,1190.0,1169.22,3500.0,423.48,1.0,0.0,0.0,1.0,22.5,TARGETED_WEST_COMPUTE_COOL,13.1239
1,Localized Heavy Compute,0,297,2970.0,14,3,4,3,4,91.6,83.83,HEAVY,285.25,VERY HIGH,HEAVY LOAD,88.14,79.5,HEAVY,274.43,VERY HIGH,HEAVY LOAD,91.41,83.1,HEAVY,283.91,VERY HIGH,HEAVY LOAD,90.6,81.34,HEAVY,280.26,VERY HIGH,HEAVY LOAD,16.84,5.04,LIGHT,73.61,LOW,RUNNING,17.77,5.19,LIGHT,75.0,LOW,RUNNING,14.41,3.62,LIGHT,68.44,LOW,RUNNING,18.59,6.4,LIGHT,77.84,LOW,RUNNING,17.65,4.77,LIGHT,74.22,LOW,RUNNING,16.57,4.19,LIGHT,72.0,LOW,RUNNING,28.74,52.0,261.9,0.25,22.0,COOLING,0.25,22.0,COOLING,0.25,22.0,COOLING,0.25,22.0,COOLING,24.396,22.354,21.9,22.336,22.746,24.396,21.9,2.496,1123.85,148.61,146.28,146.22,255.0,340.0,255.0,340.0,191.69,301.03,376.24,301.42,-488.17,174.3,135.07,178.8,875.0,875.0,875.0,875.0,207.37,88.94,37.59,91.44,1564.96,1190.0,1170.38,3500.0,425.34,1.0,0.0,0.0,1.0,22.5,TARGETED_WEST_COMPUTE_COOL,13.1596
1,Localized Heavy Compute,0,298,2980.0,14,3,4,3,4,91.64,83.96,HEAVY,285.49,VERY HIGH,HEAVY LOAD,88.31,79.61,HEAVY,274.8,VERY HIGH,HEAVY LOAD,91.55,83.09,HEAVY,284.07,VERY HIGH,HEAVY LOAD,90.59,81.23,HEAVY,280.08,VERY HIGH,HEAVY LOAD,16.73,4.95,LIGHT,73.34,LOW,RUNNING,17.65,5.14,LIGHT,74.77,LOW,RUNNING,14.4,3.66,LIGHT,68.49,LOW,RUNNING,18.7,6.49,LIGHT,78.11,LOW,RUNNING,17.77,4.83,LIGHT,74.46,LOW,RUNNING,16.6,4.17,LIGHT,72.0,LOW,RUNNING,28.74,52.0,262.1,0.25,22.0,COOLING,0.25,22.0,COOLING,0.25,22.0,COOLING,0.25,22.0,COOLING,24.4,22.356,21.901,22.338,22.749,24.4,21.901,2.499,1124.44,148.11,146.6,146.46,255.0,340.0,255.0,340.0,191.69,301.11,376.4,301.5,-488.66,174.41,135.34,178.91,875.0,875.0,875.0,875.0,207.47,88.63,38.34,91.87,1565.61,1190.0,1170.7,3500.0,426.31,1.0,0.0,0.0,1.0,22.5,TARGETED_WEST_COMPUTE_COOL,13.195
1,Localized Heavy Compute,0,299,2990.0,14,3,4,3,4,91.72,84.09,HEAVY,285.78,VERY HIGH,HEAVY LOAD,88.48,79.7,HEAVY,275.15,VERY HIGH,HEAVY LOAD,91.66,83.05,HEAVY,284.15,VERY HIGH,HEAVY LOAD,90.53,81.1,HEAVY,279.81,VERY HIGH,HEAVY LOAD,16.6,4.87,LIGHT,73.06,LOW,RUNNING,17.55,5.11,LIGHT,74.6,LOW,RUNNING,14.42,3.71,LIGHT,68.59,LOW,RUNNING,18.82,6.58,LIGHT,78.4,LOW,RUNNING,17.89,4.87,LIGHT,74.67,LOW,RUNNING,16.6,4.12,LIGHT,71.93,LOW,RUNNING,28.75,52.0,262.3,0.25,22.0,COOLING,0.25,22.0,COOLING,0.25,22.0,COOLING,0.25,22.0,COOLING,24.404,22.358,21.902,22.34,22.751,24.404,21.902,2.502,1124.89,147.66,146.99,146.6,255.0,340.0,255.0,340.0,191.89,301.41,376.76,301.8,-489.14,174.52,135.61,179.02,875.0,875.0,875.0,875.0,207.64,88.59,39.36,92.42,1566.14,1190.0,1171.86,3500.0,428.01,1.0,0.0,0.0,1.0,22.5,TARGETED_WEST_COMPUTE_COOL,13.2303
1,Localized Heavy Compute,0,300,3000.0,14,3,4,3,4,91.83,84.22,HEAVY,286.12,VERY HIGH,HEAVY LOAD,88.66,79.76,HEAVY,275.47,VERY HIGH,HEAVY LOAD,91.75,82.98,HEAVY,284.16,VERY HIGH,HEAVY LOAD,90.44,80.96,HEAVY,279.49,VERY HIGH,HEAVY LOAD,16.46,4.79,LIGHT,72.76,LOW,RUNNING,17.48,5.1,LIGHT,74.5,LOW,RUNNING,14.47,3.78,LIGHT,68.76,LOW,RUNNING,18.95,6.66,LIGHT,78.68,LOW,RUNNING,17.98,4.9,LIGHT,74.82,LOW,RUNNING,16.56,4.06,LIGHT,71.79,LOW,RUNNING,28.75,52.0,262.5,0.25,22.0,COOLING,0.25,22.0,COOLING,0.25,22.0,COOLING,0.25,22.0,COOLING,24.408,22.36,21.903,22.342,22.753,24.408,21.903,2.505,1125.24,147.26,147.44,146.61,255.0,340.0,255.0,340.0,191.88,301.49,376.92,301.87,-489.63,174.63,135.87,179.13,875.0,875.0,875.0,875.0,207.49,88.38,40.23,92.61,1566.55,1190.0,1172.16,3500.0,428.71,1.0,0.0,0.0,1.0,22.5,TARGETED_WEST_COMPUTE_COOL,13.2654
1,Localized Heavy Compute,0,301,3010.0,14,3,4,3,4,91.97,84.35,HEAVY,286.49,VERY HIGH,HEAVY LOAD,88.83,79.79,HEAVY,275.72,VERY HIGH,HEAVY LOAD,91.79,82.89,HEAVY,284.07,VERY HIGH,HEAVY LOAD,90.32,80.83,HEAVY,279.14,VERY HIGH,HEAVY LOAD,16.33,4.72,LIGHT,72.49,LOW,RUNNING,17.42,5.11,LIGHT,74.44,LOW,RUNNING,14.55,3.86,LIGHT,68.98,LOW,RUNNING,19.09,6.74,LIGHT,78.97,LOW,RUNNING,18.05,4.9,LIGHT,74.91,LOW,RUNNING,16.5,3.99,LIGHT,71.61,LOW,RUNNING,28.75,52.0,262.7,0.25,22.0,COOLING,0.25,22.0,COOLING,0.25,22.0,COOLING,0.25,22.0,COOLING,24.412,22.362,21.904,22.344,22.755,24.412,21.904,2.508,1125.42,146.93,147.95,146.52,255.0,340.0,255.0,340.0,191.86,301.58,377.07,301.96,-490.12,174.74,136.14,179.24,875.0,875.0,875.0,875.0,207.16,88.25,41.16,92.72,1566.82,1190.0,1172.47,3500.0,429.29,1.0,0.0,0.0,1.0,22.5,TARGETED_WEST_COMPUTE_COOL,13.3003
1,Localized Heavy Compute,0,302,3020.0,14,3,4,3,4,92.13,84.46,HEAVY,286.85,VERY HIGH,HEAVY LOAD,88.99,79.8,HEAVY,275.94,VERY HIGH,HEAVY LOAD,91.8,82.78,HEAVY,283.92,VERY HIGH,HEAVY LOAD,90.18,80.71,HEAVY,278.79,VERY HIGH,HEAVY LOAD,16.21,4.66,LIGHT,72.25,LOW,RUNNING,17.4,5.14,LIGHT,74.46,LOW,RUNNING,14.65,3.95,LIGHT,69.24,LOW,RUNNING,19.22,6.81,LIGHT,79.24,LOW,RUNNING,18.09,4.88,LIGHT,74.93,LOW,RUNNING,16.42,3.91,LIGHT,71.39,LOW,RUNNING,28.76,52.0,262.9,0.25,22.0,COOLING,0.25,22.0,COOLING,0.25,22.0,COOLING,0.25,22.0,COOLING,24.416,22.364,21.905,22.346,22.758,24.416,21.905,2.511,1125.5,146.71,148.48,146.32,255.0,340.0,255.0,340.0,192.07,301.87,377.44,302.25,-490.6,174.85,136.4,179.35,875.0,875.0,875.0,875.0,206.97,88.43,42.32,92.92,1567.01,1190.0,1173.63,3500.0,430.64,1.0,0.0,0.0,1.0,22.5,TARGETED_WEST_COMPUTE_COOL,13.3351
1,Localized Heavy Compute,0,303,3030.0,14,3,4,3,4,92.3,84.56,HEAVY,287.22,VERY HIGH,HEAVY LOAD,89.12,79.77,HEAVY,276.06,VERY HIGH,HEAVY LOAD,91.76,82.66,HEAVY,283.69,VERY HIGH,HEAVY LOAD,90.01,80.6,HEAVY,278.41,VERY HIGH,HEAVY LOAD,16.1,4.62,LIGHT,72.06,LOW,RUNNING,17.41,5.19,LIGHT,74.55,LOW,RUNNING,14.76,4.04,LIGHT,69.51,LOW,RUNNING,19.34,6.86,LIGHT,79.47,LOW,RUNNING,18.1,4.85,LIGHT,74.9,LOW,RUNNING,16.31,3.82,LIGHT,71.12,LOW,RUNNING,28.76,52.0,263.1,0.25,22.0,COOLING,0.25,22.0,COOLING,0.25,22.0,COOLING,0.25,22.0,COOLING,24.42,22.366,21.906,22.348,22.76,24.42,21.906,2.514,1125.38,146.61,148.98,146.02,255.0,340.0,255.0,340.0,192.06,301.95,377.59,302.34,-491.09,174.96,136.66,179.46,875.0,875.0,875.0,875.0,206.35,88.52,43.23,92.82,1566.99,1190.0,1173.94,3500.0,430.92,1.0,0.0,0.0,1.0,22.5,TARGETED_WEST_COMPUTE_COOL,13.3697
1,Localized Heavy Compute,0,304,3040.0,14,3,4,3,4,92.48,84.64,HEAVY,287.56,VERY HIGH,HEAVY LOAD,89.21,79.72,HEAVY,276.09,VERY HIGH,HEAVY LOAD,91.69,82.52,HEAVY,283.39,VERY HIGH,HEAVY LOAD,89.83,80.51,HEAVY,278.05,VERY HIGH,HEAVY LOAD,16.01,4.6,LIGHT,71.91,LOW,RUNNING,17.45,5.25,LIGHT,74.69,LOW,RUNNING,14.89,4.13,LIGHT,69.81,LOW,RUNNING,19.44,6.89,LIGHT,79.63,LOW,RUNNING,18.08,4.79,LIGHT,74.78,LOW,RUNNING,16.19,3.73,LIGHT,70.83,LOW,RUNNING,28.77,52.0,263.3,0.25,22.0,COOLING,0.25,22.0,COOLING,0.25,22.0,COOLING,0.25,22.0,COOLING,24.424,22.368,21.907,22.35,22.762,24.424,21.907,2.517,1125.09,146.6,149.44,145.61,255.0,340.0,255.0,340.0,192.26,302.25,377.97,302.63,-491.57,175.07,136.93,179.57,875.0,875.0,875.0,875.0,205.78,88.92,44.34,92.81,1566.74,1190.0,1175.11,3500.0,431.85,1.0,0.0,0.0,1.0,22.5,TARGETED_WEST_COMPUTE_COOL,13.4043
1,Localized Heavy Compute,0,305,3050.0,14,3,4,3,4,92.66,84.68,HEAVY,287.85,VERY HIGH,HEAVY LOAD,89.28,79.64,HEAVY,276.06,VERY HIGH,HEAVY LOAD,91.58,82.39,HEAVY,283.06,VERY HIGH,HEAVY LOAD,89.65,80.44,HEAVY,277.72,VERY HIGH,HEAVY LOAD,15.94,4.6,LIGHT,71.83,LOW,RUNNING,17.51,5.32,LIGHT,74.87,LOW,RUNNING,15.03,4.21,LIGHT,70.1,LOW,RUNNING,19.52,6.9,LIGHT,79.75,LOW,RUNNING,18.03,4.73,LIGHT,74.63,LOW,RUNNING,16.06,3.64,LIGHT,70.53,LOW,RUNNING,28.77,52.0,263.5,0.25,22.0,COOLING,0.25,22.0,COOLING,0.25,22.0,COOLING,0.25,22.0,COOLING,24.428,22.37,21.908,22.352,22.765,24.428,21.908,2.52,1124.69,146.7,149.85,145.16,255.0,340.0,255.0,340.0,192.25,302.33,378.11,302.72,-492.05,175.18,137.19,179.68,875.0,875.0,875.0,875.0,204.89,89.21,45.15,92.56,1566.4,1190.0,1175.41,3500.0,431.81,1.0,0.0,0.0,1.0,22.5,TARGETED_WEST_COMPUTE_COOL,13.4387
1,Localized Heavy Compute,0,306,3060.0,14,3,4,3,4,92.82,84.7,HEAVY,288.07,VERY HIGH,HEAVY LOAD,89.3,79.53,HEAVY,275.92,VERY HIGH,HEAVY LOAD,91.45,82.26,HEAVY,282.7,VERY HIGH,HEAVY LOAD,89.48,80.41,HEAVY,277.47,VERY HIGH,HEAVY LOAD,15.91,4.62,LIGHT,71.82,LOW,RUNNING,17.6,5.41,LIGHT,75.11,LOW,RUNNING,15.16,4.28,LIGHT,70.37,LOW,RUNNING,19.57,6.89,LIGHT,79.8,LOW,RUNNING,17.96,4.65,LIGHT,74.43,LOW,RUNNING,15.92,3.57,LIGHT,70.26,LOW,RUNNING,28.77,52.0,263.8,0.25,22.0,COOLING,0.25,22.0,COOLING,0.25,22.0,COOLING,0.25,22.0,COOLING,24.432,22.372,21.909,22.354,22.767,24.432,21.909,2.523,1124.16,146.93,150.17,144.69,255.0,340.0,255.0,340.0,192.27,302.48,378.35,302.87,-492.54,175.29,137.46,179.79,875.0,875.0,875.0,875.0,203.89,89.7,45.98,92.35,1565.95,1190.0,1175.97,3500.0,431.92,1.0,0.0,0.0,1.0,22.5,TARGETED_WEST_COMPUTE_COOL,13.4731
1,Localized Heavy Compute,0,307,3070.0,14,3,4,3,4,92.96,84.69,HEAVY,288.24,VERY HIGH,HEAVY LOAD,89.28,79.41,HEAVY,275.72,VERY HIGH,HEAVY LOAD,91.29,82.14,HEAVY,282.32,VERY HIGH,HEAVY LOAD,89.33,80.4,HEAVY,277.26,VERY HIGH,HEAVY LOAD,15.9,4.66,LIGHT,71.86,LOW,RUNNING,17.71,5.5,LIGHT,75.39,LOW,RUNNING,15.28,4.33,LIGHT,70.59,LOW,RUNNING,19.6,6.86,LIGHT,79.79,LOW,RUNNING,17.86,4.56,LIGHT,74.17,LOW,RUNNING,15.79,3.5,LIGHT,69.99,LOW,RUNNING,28.78,52.0,264.0,0.25,22.0,COOLING,0.25,22.0,COOLING,0.25,22.0,COOLING,0.25,22.0,COOLING,24.436,22.374,21.91,22.356,22.769,24.436,21.91,2.526,1123.54,147.25,150.38,144.16,255.0,340.0,255.0,340.0,192.48,302.77,378.73,303.16,-493.02,175.4,137.73,179.9,875.0,875.0,875.0,875.0,203.0,90.42,46.84,92.22,1565.33,1190.0,1177.14,3500.0,432.48,1.0,0.0,0.0,1.0,22.5,TARGETED_WEST_COMPUTE_COOL,13.5077
1,Localized Heavy Compute,0,308,3080.0,14,3,4,3,4,93.07,84.65,HEAVY,288.31,VERY HIGH,HEAVY LOAD,89.23,79.28,HEAVY,275.46,VERY HIGH,HEAVY LOAD,91.11,82.05,HEAVY,281.96,VERY HIGH,HEAVY LOAD,89.19,80.42,HEAVY,277.12,VERY HIGH,HEAVY LOAD,15.92,4.72,LIGHT,71.98,LOW,RUNNING,17.83,5.59,LIGHT,75.67,LOW,RUNNING,15.39,4.38,LIGHT,70.81,LOW,RUNNING,19.59,6.82,LIGHT,79.72,LOW,RUNNING,17.75,4.47,LIGHT,73.89,LOW,RUNNING,15.67,3.45,LIGHT,69.76,LOW,RUNNING,28.78,52.0,264.2,0.25,22.0,COOLING,0.25,22.0,COOLING,0.25,22.0,COOLING,0.25,22.0,COOLING,24.44,22.376,21.911,22.358,22.771,24.44,21.911,2.529,1122.85,147.65,150.53,143.65,255.0,340.0,255.0,340.0,192.48,302.85,378.88,303.24,-493.51,175.51,137.99,180.01,875.0,875.0,875.0,875.0,201.82,91.01,47.4,91.9,1564.68,1190.0,1177.45,3500.0,432.13,1.0,0.0,0.0,1.0,22.5,TARGETED_WEST_COMPUTE_COOL,13.5423
1,Localized Heavy Compute,0,309,3090.0,14,3,4,3,4,93.15,84.58,HEAVY,288.31,VERY HIGH,HEAVY LOAD,89.14,79.15,HEAVY,275.15,VERY HIGH,HEAVY LOAD,90.93,81.97,HEAVY,281.62,VERY HIGH,HEAVY LOAD,89.09,80.48,HEAVY,277.08,VERY HIGH,HEAVY LOAD,15.98,4.79,LIGHT,72.16,LOW,RUNNING,17.96,5.67,LIGHT,75.95,LOW,RUNNING,15.48,4.4,LIGHT,70.95,LOW,RUNNING,19.56,6.76,LIGHT,79.59,LOW,RUNNING,17.62,4.38,LIGHT,73.59,LOW,RUNNING,15.57,3.41,LIGHT,69.58,LOW,RUNNING,28.79,52.0,264.4,0.25,22.0,COOLING,0.25,22.0,COOLING,0.25,22.0,COOLING,0.25,22.0,COOLING,24.444,22.378,21.912,22.36,22.773,24.444,21.912,2.532,1122.16,148.11,150.54,143.17,255.0,340.0,255.0,340.0,192.67,303.15,379.25,303.54,-494.0,175.62,138.25,180.12,875.0,875.0,875.0,875.0,200.83,91.88,48.04,91.83,1563.98,1190.0,1178.61,3500.0,432.58,1.0,0.0,0.0,1.0,22.5,TARGETED_WEST_COMPUTE_COOL,13.5771
1,Localized Heavy Compute,0,310,3100.0,14,3,4,3,4,93.19,84.48,HEAVY,288.21,VERY HIGH,HEAVY LOAD,89.01,79.02,HEAVY,274.79,VERY HIGH,HEAVY LOAD,90.76,81.92,HEAVY,281.33,VERY HIGH,HEAVY LOAD,89.03,80.56,HEAVY,277.13,VERY HIGH,HEAVY LOAD,16.06,4.87,LIGHT,72.38,LOW,RUNNING,18.1,5.75,LIGHT,76.25,LOW,RUNNING,15.55,4.4,LIGHT,71.04,LOW,RUNNING,19.5,6.68,LIGHT,79.39,LOW,RUNNING,17.49,4.3,LIGHT,73.31,LOW,RUNNING,15.49,3.4,LIGHT,69.46,LOW,RUNNING,28.79,52.0,264.6,0.25,22.0,COOLING,0.25,22.0,COOLING,0.25,22.0,COOLING,0.25,22.0,COOLING,24.448,22.38,21.913,22.362,22.776,24.448,21.913,2.535,1121.46,148.63,150.43,142.77,255.0,340.0,255.0,340.0,192.66,303.24,379.4,303.63,-494.48,175.73,138.52,180.23,875.0,875.0,875.0,875.0,199.64,92.6,48.35,91.63,1563.29,1190.0,1178.93,3500.0,432.22,1.0,0.0,0.0,1.0,22.5,TARGETED_WEST_COMPUTE_COOL,13.6121
1,Localized Heavy Compute,0,311,3110.0,14,3,4,3,4,93.2,84.37,HEAVY,288.06,VERY HIGH,HEAVY LOAD,88.86,78.9,HEAVY,274.43,VERY HIGH,HEAVY LOAD,90.59,81.9,HEAVY,281.09,VERY HIGH,HEAVY LOAD,89.0,80.66,HEAVY,277.24,VERY HIGH,HEAVY LOAD,16.16,4.96,LIGHT,72.64,LOW,RUNNING,18.23,5.81,LIGHT,76.5,LOW,RUNNING,15.59,4.38,LIGHT,71.06,LOW,RUNNING,19.41,6.6,LIGHT,79.16,LOW,RUNNING,17.35,4.23,LIGHT,73.03,LOW,RUNNING,15.43,3.41,LIGHT,69.4,LOW,RUNNING,28.8,52.0,264.8,0.25,22.0,COOLING,0.25,22.0,COOLING,0.25,22.0,COOLING,0.25,22.0,COOLING,24.452,22.382,21.914,22.364,22.778,24.452,21.914,2.538,1120.82,149.14,150.22,142.43,255.0,340.0,255.0,340.0,192.87,303.53,379.77,303.92,-494.97,175.84,138.78,180.34,875.0,875.0,875.0,875.0,198.72,93.51,48.77,91.69,1562.61,1190.0,1180.09,3500.0,432.69,1.0,0.0,0.0,1.0,22.5,TARGETED_WEST_COMPUTE_COOL,13.6475
1,Localized Heavy Compute,0,312,3120.0,14,3,4,3,4,93.16,84.24,HEAVY,287.81,VERY HIGH,HEAVY LOAD,88.69,78.79,HEAVY,274.05,VERY HIGH,HEAVY LOAD,90.45,81.91,HEAVY,280.93,VERY HIGH,HEAVY LOAD,89.01,80.77,HEAVY,277.42,VERY HIGH,HEAVY LOAD,16.27,5.05,LIGHT,72.91,LOW,RUNNING,18.35,5.86,LIGHT,76.73,LOW,RUNNING,15.6,4.34,LIGHT,71.01,LOW,RUNNING,19.3,6.51,LIGHT,78.89,LOW,RUNNING,17.23,4.17,LIGHT,72.79,LOW,RUNNING,15.4,3.43,LIGHT,69.39,LOW,RUNNING,28.8,52.0,265.0,0.25,22.0,COOLING,0.25,22.0,COOLING,0.25,22.0,COOLING,0.25,22.0,COOLING,24.456,22.384,21.915,22.366,22.78,24.456,21.915,2.541,1120.21,149.64,149.9,142.18,255.0,340.0,255.0,340.0,192.86,303.61,379.92,303.99,-495.45,175.95,139.05,180.45,875.0,875.0,875.0,875.0,197.62,94.2,48.87,91.62,1561.93,1190.0,1180.38,3500.0,432.31,1.0,0.0,0.0,1.0,22.5,TARGETED_WEST_COMPUTE_COOL,13.683
1,Localized Heavy Compute,0,313,3130.0,14,3,4,3,4,93.08,84.11,HEAVY,287.51,VERY HIGH,HEAVY LOAD,88.52,78.7,HEAVY,273.7,VERY HIGH,HEAVY LOAD,90.34,81.95,HEAVY,280.85,VERY HIGH,HEAVY LOAD,89.07,80.9,HEAVY,277.69,VERY HIGH,HEAVY LOAD,16.4,5.13,LIGHT,73.19,LOW,RUNNING,18.45,5.89,LIGHT,76.9,LOW,RUNNING,15.58,4.29,LIGHT,70.91,LOW,RUNNING,19.18,6.42,LIGHT,78.6,LOW,RUNNING,17.11,4.13,LIGHT,72.58,LOW,RUNNING,15.4,3.48,LIGHT,69.47,LOW,RUNNING,28.8,52.0,265.2,0.25,22.0,COOLING,0.25,22.0,COOLING,0.25,22.0,COOLING,0.25,22.0,COOLING,24.46,22.386,21.916,22.368,22.782,24.46,21.916,2.544,1119.75,150.09,149.51,142.05,255.0,340.0,255.0,340.0,192.85,303.69,380.08,304.08,-495.93,176.06,139.32,180.56,875.0,875.0,875.0,875.0,196.67,94.84,48.91,91.69,1561.4,1190.0,1180.7,3500.0,432.11,1.0,0.0,0.0,1.0,22.5,TARGETED_WEST_COMPUTE_COOL,13.719
1,Localized Heavy Compute,0,314,3140.0,14,3,4,3,4,92.97,83.98,HEAVY,287.18,VERY HIGH,HEAVY LOAD,88.34,78.64,HEAVY,273.38,VERY HIGH,HEAVY LOAD,90.25,82.02,HEAVY,280.84,VERY HIGH,HEAVY LOAD,89.16,81.04,HEAVY,278.01,VERY HIGH,HEAVY LOAD,16.54,5.21,LIGHT,73.49,LOW,RUNNING,18.52,5.9,LIGHT,77.0,LOW,RUNNING,15.53,4.22,LIGHT,70.74,LOW,RUNNING,19.05,6.34,LIGHT,78.32,LOW,RUNNING,17.02,4.1,LIGHT,72.43,LOW,RUNNING,15.44,3.54,LIGHT,69.61,LOW,RUNNING,28.81,52.0,265.4,0.25,22.0,COOLING,0.25,22.0,COOLING,0.25,22.0,COOLING,0.25,22.0,COOLING,24.464,22.388,21.917,22.37,22.785,24.464,21.917,2.547,1119.41,150.49,149.06,142.04,255.0,340.0,255.0,340.0,193.04,304.0,380.44,304.38,-496.42,176.17,139.58,180.67,875.0,875.0,875.0,875.0,196.03,95.66,49.08,92.09,1561.0,1190.0,1181.86,3500.0,432.86,1.0,0.0,0.0,1.0,22.5,TARGETED_WEST_COMPUTE_COOL,13.7553
1,Localized Heavy Compute,0,315,3150.0,14,3,4,3,4,92.83,83.85,HEAVY,286.81,VERY HIGH,HEAVY LOAD,88.17,78.61,HEAVY,273.13,VERY HIGH,HEAVY LOAD,90.21,82.11,HEAVY,280.93,VERY HIGH,HEAVY LOAD,89.28,81.17,HEAVY,278.36,VERY HIGH,HEAVY LOAD,16.67,5.28,LIGHT,73.76,LOW,RUNNING,18.58,5.89,LIGHT,77.06,LOW,RUNNING,15.45,4.14,LIGHT,70.52,LOW,RUNNING,18.91,6.26,LIGHT,78.03,LOW,RUNNING,16.95,4.1,LIGHT,72.34,LOW,RUNNING,15.5,3.61,LIGHT,69.79,LOW,RUNNING,28.81,52.0,265.6,0.25,22.0,COOLING,0.25,22.0,COOLING,0.25,22.0,COOLING,0.25,22.0,COOLING,24.468,22.39,21.918,22.372,22.787,24.468,21.918,2.55,1119.23,150.82,148.55,142.13,255.0,340.0,255.0,340.0,193.04,304.07,380.6,304.46,-496.9,176.28,139.84,180.78,875.0,875.0,875.0,875.0,195.37,96.17,48.99,92.37,1560.73,1190.0,1182.17,3500.0,432.9,1.0,0.0,0.0,1.0,22.5,TARGETED_WEST_COMPUTE_COOL,13.792
1,Localized Heavy Compute,0,316,3160.0,14,3,4,3,4,92.67,83.74,HEAVY,286.45,VERY HIGH,HEAVY LOAD,88.01,78.6,HEAVY,272.91,VERY HIGH,HEAVY LOAD,90.2,82.22,HEAVY,281.08,VERY HIGH,HEAVY LOAD,89.42,81.29,HEAVY,278.71,VERY HIGH,HEAVY LOAD,16.79,5.34,LIGHT,74.0,LOW,RUNNING,18.6,5.86,LIGHT,77.04,LOW,RUNNING,15.35,4.05,LIGHT,70.26,LOW,RUNNING,18.78,6.19,LIGHT,77.76,LOW,RUNNING,16.91,4.12,LIGHT,72.32,LOW,RUNNING,15.58,3.69,LIGHT,70.01,LOW,RUNNING,28.82,52.0,265.8,0.25,22.0,COOLING,0.25,22.0,COOLING,0.25,22.0,COOLING,0.25,22.0,COOLING,24.472,22.392,21.919,22.374,22.789,24.472,21.919,2.553,1119.15,151.04,148.02,142.33,255.0,340.0,255.0,340.0,193.24,304.37,380.96,304.75,-497.39,176.39,140.11,180.89,875.0,875.0,875.0,875.0,195.0,96.8,49.09,92.97,1560.54,1190.0,1183.32,3500.0,433.86,1.0,0.0,0.0,1.0,22.5,TARGETED_WEST_COMPUTE_COOL,13.829
1,Localized Heavy Compute,0,317,3170.0,14,3,4,3,4,92.5,83.64,HEAVY,286.09,VERY HIGH,HEAVY LOAD,87.88,78.63,HEAVY,272.79,VERY HIGH,HEAVY LOAD,90.24,82.34,HEAVY,281.31,VERY HIGH,HEAVY LOAD,89.59,81.4,HEAVY,279.09,VERY HIGH,HEAVY LOAD,16.9,5.38,LIGHT,74.19,LOW,RUNNING,18.59,5.81,LIGHT,76.95,LOW,RUNNING,15.24,3.96,LIGHT,69.99,LOW,RUNNING,18.66,6.14,LIGHT,77.53,LOW,RUNNING,16.9,4.15,LIGHT,72.35,LOW,RUNNING,15.69,3.78,LIGHT,70.28,LOW,RUNNING,28.82,52.0,266.0,0.25,22.0,COOLING,0.25,22.0,COOLING,0.25,22.0,COOLING,0.25,22.0,COOLING,24.476,22.394,21.92,22.376,22.791,24.476,21.92,2.556,1119.28,151.14,147.52,142.63,255.0,340.0,255.0,340.0,193.23,304.45,381.12,304.84,-497.88,176.5,140.37,181.0,875.0,875.0,875.0,875.0,194.63,97.09,49.01,93.47,1560.57,1190.0,1183.64,3500.0,434.2,1.0,0.0,0.0,1.0,22.5,TARGETED_WEST_COMPUTE_COOL,13.8663
1,Localized Heavy Compute,0,318,3180.0,14,3,4,3,4,92.32,83.56,HEAVY,285.74,VERY HIGH,HEAVY LOAD,87.79,78.68,HEAVY,272.76,VERY HIGH,HEAVY LOAD,90.31,82.48,HEAVY,281.61,VERY HIGH,HEAVY LOAD,89.77,81.49,HEAVY,279.45,VERY HIGH,HEAVY LOAD,16.99,5.4,LIGHT,74.34,LOW,RUNNING,18.55,5.75,LIGHT,76.81,LOW,RUNNING,15.11,3.87,LIGHT,69.69,LOW,RUNNING,18.56,6.11,LIGHT,77.37,LOW,RUNNING,16.92,4.21,LIGHT,72.47,LOW,RUNNING,15.81,3.87,LIGHT,70.57,LOW,RUNNING,28.82,52.0,266.2,0.25,22.0,COOLING,0.25,22.0,COOLING,0.25,22.0,COOLING,0.25,22.0,COOLING,24.48,22.396,21.921,22.378,22.794,24.48,21.921,2.559,1119.56,151.15,147.06,143.04,255.0,340.0,255.0,340.0,193.23,304.54,381.27,304.93,-498.36,176.61,140.64,181.11,875.0,875.0,875.0,875.0,194.43,97.3,48.97,94.08,1560.81,1190.0,1183.97,3500.0,434.78,1.0,0.0,0.0,1.0,22.5,TARGETED_WEST_COMPUTE_COOL,13.9038
1,Localized Heavy Compute,0,319,3190.0,14,3,4,3,4,92.14,83.52,HEAVY,285.45,VERY HIGH,HEAVY LOAD,87.72,78.76,HEAVY,272.79,VERY HIGH,HEAVY LOAD,90.42,82.61,HEAVY,281.94,VERY HIGH,HEAVY LOAD,89.95,81.56,HEAVY,279.78,VERY HIGH,HEAVY LOAD,17.06,5.4,LIGHT,74.42,LOW,RUNNING,18.49,5.68,LIGHT,76.63,LOW,RUNNING,14.97,3.79,LIGHT,69.4,LOW,RUNNING,18.48,6.1,LIGHT,77.25,LOW,RUNNING,16.97,4.27,LIGHT,72.62,LOW,RUNNING,15.94,3.96,LIGHT,70.86,LOW,RUNNING,28.83,52.0,266.5,0.25,22.0,COOLING,0.25,22.0,COOLING,0.25,22.0,COOLING,0.25,22.0,COOLING,24.484,22.398,21.922,22.38,22.796,24.484,21.922,2.562,1119.96,151.05,146.65,143.48,255.0,340.0,255.0,340.0,193.46,304.89,381.73,305.28,-498.85,176.72,140.91,181.22,875.0,875.0,875.0,875.0,194.57,97.66,49.29,94.98,1561.14,1190.0,1185.36,3500.0,436.5,1.0,0.0,0.0,1.0,22.5,TARGETED_WEST_COMPUTE_COOL,13.9416
1,Localized Heavy Compute,0,320,3200.0,14,3,4,3,4,91.98,83.5,HEAVY,285.23,VERY HIGH,HEAVY LOAD,87.7,78.87,HEAVY,272.93,VERY HIGH,HEAVY LOAD,90.55,82.74,HEAVY,282.3,VERY HIGH,HEAVY LOAD,90.12,81.59,HEAVY,280.04,VERY HIGH,HEAVY LOAD,17.09,5.38,LIGHT,74.43,LOW,RUNNING,18.4,5.59,LIGHT,76.39,LOW,RUNNING,14.84,3.72,LIGHT,69.13,LOW,RUNNING,18.43,6.11,LIGHT,77.2,LOW,RUNNING,17.04,4.35,LIGHT,72.83,LOW,RUNNING,16.08,4.03,LIGHT,71.14,LOW,RUNNING,28.83,52.0,266.7,0.25,22.0,COOLING,0.25,22.0,COOLING,0.25,22.0,COOLING,0.25,22.0,COOLING,24.488,22.4,21.923,22.382,22.798,24.488,21.923,2.565,1120.5,150.82,146.33,143.97,255.0,340.0,255.0,340.0,193.45,304.98,381.88,305.36,-499.33,176.83,141.17,181.33,875.0,875.0,875.0,875.0,194.62,97.63,49.38,95.66,1561.62,1190.0,1185.67,3500.0,437.29,1.0,0.0,0.0,1.0,22.5,TARGETED_WEST_COMPUTE_COOL,13.9795
1,Localized Heavy Compute,0,321,3210.0,14,3,4,3,4,91.84,83.51,HEAVY,285.07,VERY HIGH,HEAVY LOAD,87.72,78.99,HEAVY,273.13,VERY HIGH,HEAVY LOAD,90.71,82.86,HEAVY,282.68,VERY HIGH,HEAVY LOAD,90.27,81.6,HEAVY,280.24,VERY HIGH,HEAVY LOAD,17.1,5.34,LIGHT,74.39,LOW,RUNNING,18.29,5.5,LIGHT,76.11,LOW,RUNNING,14.72,3.67,LIGHT,68.91,LOW,RUNNING,18.4,6.14,LIGHT,77.21,LOW,RUNNING,17.14,4.44,LIGHT,73.08,LOW,RUNNING,16.21,4.1,LIGHT,71.41,LOW,RUNNING,28.84,52.0,266.9,0.25,22.0,COOLING,0.25,22.0,COOLING,0.25,22.0,COOLING,0.25,22.0,COOLING,24.492,22.402,21.924,22.384,22.8,24.492,21.924,2.568,1121.12,150.5,146.12,144.49,255.0,340.0,255.0,340.0,193.66,305.27,382.26,305.66,-499.81,176.94,141.44,181.44,875.0,875.0,875.0,875.0,194.97,97.71,49.82,96.59,1562.23,1190.0,1186.85,3500.0,439.09,1.0,0.0,0.0,1.0,22.5,TARGETED_WEST_COMPUTE_COOL,14.0176
1,Localized Heavy Compute,0,322,3220.0,14,3,4,3,4,91.73,83.55,HEAVY,284.99,VERY HIGH,HEAVY LOAD,87.77,79.12,HEAVY,273.39,VERY HIGH,HEAVY LOAD,90.89,82.95,HEAVY,283.04,VERY HIGH,HEAVY LOAD,90.41,81.58,HEAVY,280.38,VERY HIGH,HEAVY LOAD,17.08,5.28,LIGHT,74.27,LOW,RUNNING,18.17,5.41,LIGHT,75.83,LOW,RUNNING,14.61,3.62,LIGHT,68.69,LOW,RUNNING,18.41,6.18,LIGHT,77.28,LOW,RUNNING,17.25,4.53,LIGHT,73.36,LOW,RUNNING,16.33,4.15,LIGHT,71.64,LOW,RUNNING,28.84,52.0,267.1,0.25,22.0,COOLING,0.25,22.0,COOLING,0.25,22.0,COOLING,0.25,22.0,COOLING,24.496,22.404,21.925,22.386,22.803,24.496,21.925,2.571,1121.8,150.1,145.97,145.0,255.0,340.0,255.0,340.0,193.64,305.36,382.4,305.74,-500.3,177.05,141.7,181.55,875.0,875.0,875.0,875.0,195.14,97.51,50.07,97.29,1562.87,1190.0,1187.14,3500.0,440.01,1.0,0.0,0.0,1.0,22.5,TARGETED_WEST_COMPUTE_COOL,14.0558
1,Localized Heavy Compute,0,323,3230.0,14,3,4,3,4,91.65,83.62,HEAVY,284.99,VERY HIGH,HEAVY LOAD,87.86,79.25,HEAVY,273.7,VERY HIGH,HEAVY LOAD,91.07,83.03,HEAVY,283.38,VERY HIGH,HEAVY LOAD,90.51,81.52,HEAVY,280.42,VERY HIGH,HEAVY LOAD,17.02,5.21,LIGHT,74.09,LOW,RUNNING,18.04,5.33,LIGHT,75.55,LOW,RUNNING,14.52,3.6,LIGHT,68.55,LOW,RUNNING,18.44,6.24,LIGHT,77.41,LOW,RUNNING,17.38,4.62,LIGHT,73.66,LOW,RUNNING,16.43,4.19,LIGHT,71.82,LOW,RUNNING,28.85,52.0,267.3,0.25,22.0,COOLING,0.25,22.0,COOLING,0.25,22.0,COOLING,0.25,22.0,COOLING,24.5,22.406,21.926,22.388,22.805,24.5,21.926,2.574,1122.49,149.64,145.96,145.48,255.0,340.0,255.0,340.0,193.85,305.65,382.78,306.04,-500.78,177.16,141.96,181.66,875.0,875.0,875.0,875.0,195.56,97.45,50.7,98.18,1563.57,1190.0,1188.32,3500.0,441.89,1.0,0.0,0.0,1.0,22.5,TARGETED_WEST_COMPUTE_COOL,14.0939
1,Localized Heavy Compute,0,324,3240.0,14,3,4,3,4,91.61,83.72,HEAVY,285.09,VERY HIGH,HEAVY LOAD,87.99,79.38,HEAVY,274.06,VERY HIGH,HEAVY LOAD,91.24,83.08,HEAVY,283.67,VERY HIGH,HEAVY LOAD,90.57,81.44,HEAVY,280.37,VERY HIGH,HEAVY LOAD,16.94,5.13,LIGHT,73.87,LOW,RUNNING,17.9,5.25,LIGHT,75.25,LOW,RUNNING,14.45,3.6,LIGHT,68.46,LOW,RUNNING,18.5,6.32,LIGHT,77.61,LOW,RUNNING,17.51,4.7,LIGHT,73.94,LOW,RUNNING,16.51,4.2,LIGHT,71.94,LOW,RUNNING,28.85,52.0,267.5,0.25,22.0,COOLING,0.25,22.0,COOLING,0.25,22.0,COOLING,0.25,22.0,COOLING,24.504,22.408,21.927,22.39,22.807,24.504,21.927,2.577,1123.19,149.12,146.07,145.88,255.0,340.0,255.0,340.0,193.84,305.74,382.93,306.12,-501.27,177.27,142.23,181.77,875.0,875.0,875.0,875.0,195.76,97.13,51.23,98.77,1564.26,1190.0,1188.63,3500.0,442.89,1.0,0.0,0.0,1.0,22.5,TARGETED_WEST_COMPUTE_COOL,14.132
1,Localized Heavy Compute,0,325,3250.0,14,3,4,3,4,91.6,83.83,HEAVY,285.25,VERY HIGH,HEAVY LOAD,88.14,79.5,HEAVY,274.43,VERY HIGH,HEAVY LOAD,91.41,83.1,HEAVY,283.91,VERY HIGH,HEAVY LOAD,90.6,81.34,HEAVY,280.26,VERY HIGH,HEAVY LOAD,16.84,5.04,LIGHT,73.61,LOW,RUNNING,17.77,5.19,LIGHT,75.0,LOW,RUNNING,14.41,3.62,LIGHT,68.44,LOW,RUNNING,18.59,6.4,LIGHT,77.84,LOW,RUNNING,17.65,4.77,LIGHT,74.22,LOW,RUNNING,16.57,4.19,LIGHT,72.0,LOW,RUNNING,28.85,52.0,267.7,0.25,22.0,COOLING,0.25,22.0,COOLING,0.25,22.0,COOLING,0.25,22.0,COOLING,24.508,22.41,21.928,22.392,22.809,24.508,21.928,2.58,1123.85,148.61,146.28,146.22,255.0,340.0,255.0,340.0,193.83,305.81,383.08,306.2,-501.76,177.38,142.5,181.88,875.0,875.0,875.0,875.0,195.92,96.8,51.86,99.3,1564.96,1190.0,1188.92,3500.0,443.88,1.0,0.0,0.0,1.0,22.5,TARGETED_WEST_COMPUTE_COOL,14.1699
1,Localized Heavy Compute,0,326,3260.0,14,3,4,3,4,91.64,83.96,HEAVY,285.49,VERY HIGH,HEAVY LOAD,88.31,79.61,HEAVY,274.8,VERY HIGH,HEAVY LOAD,91.55,83.09,HEAVY,284.07,VERY HIGH,HEAVY LOAD,90.59,81.23,HEAVY,280.08,VERY HIGH,HEAVY LOAD,16.73,4.95,LIGHT,73.34,LOW,RUNNING,17.65,5.14,LIGHT,74.77,LOW,RUNNING,14.4,3.66,LIGHT,68.49,LOW,RUNNING,18.7,6.49,LIGHT,78.11,LOW,RUNNING,17.77,4.83,LIGHT,74.46,LOW,RUNNING,16.6,4.17,LIGHT,72.0,LOW,RUNNING,28.86,52.0,267.9,0.25,22.0,COOLING,0.25,22.0,COOLING,0.25,22.0,COOLING,0.25,22.0,COOLING,24.512,22.412,21.929,22.394,22.812,24.512,21.929,2.583,1124.44,148.11,146.6,146.46,255.0,340.0,255.0,340.0,194.03,306.11,383.45,306.5,-502.24,177.49,142.76,181.99,875.0,875.0,875.0,875.0,196.23,96.71,52.81,99.95,1565.61,1190.0,1190.09,3500.0,445.7,1.0,0.0,0.0,1.0,22.5,TARGETED_WEST_COMPUTE_COOL,14.2078
1,Localized Heavy Compute,0,327,3270.0,14,3,4,3,4,91.72,84.09,HEAVY,285.78,VERY HIGH,HEAVY LOAD,88.48,79.7,HEAVY,275.15,VERY HIGH,HEAVY LOAD,91.66,83.05,HEAVY,284.15,VERY HIGH,HEAVY LOAD,90.53,81.1,HEAVY,279.81,VERY HIGH,HEAVY LOAD,16.6,4.87,LIGHT,73.06,LOW,RUNNING,17.55,5.11,LIGHT,74.6,LOW,RUNNING,14.42,3.71,LIGHT,68.59,LOW,RUNNING,18.82,6.58,LIGHT,78.4,LOW,RUNNING,17.89,4.87,LIGHT,74.67,LOW,RUNNING,16.6,4.12,LIGHT,71.93,LOW,RUNNING,28.86,52.0,268.1,0.25,22.0,COOLING,0.25,22.0,COOLING,0.25,22.0,COOLING,0.25,22.0,COOLING,24.516,22.414,21.93,22.396,22.814,24.516,21.93,2.586,1124.89,147.66,146.99,146.6,255.0,340.0,255.0,340.0,194.02,306.19,383.61,306.58,-502.73,177.6,143.03,182.1,875.0,875.0,875.0,875.0,196.18,96.45,53.63,100.28,1566.14,1190.0,1190.4,3500.0,446.54,1.0,0.0,0.0,1.0,22.5,TARGETED_WEST_COMPUTE_COOL,14.2453
1,Localized Heavy Compute,0,328,3280.0,14,3,4,3,4,91.83,84.22,HEAVY,286.12,VERY HIGH,HEAVY LOAD,88.66,79.76,HEAVY,275.47,VERY HIGH,HEAVY LOAD,91.75,82.98,HEAVY,284.16,VERY HIGH,HEAVY LOAD,90.44,80.96,HEAVY,279.49,VERY HIGH,HEAVY LOAD,16.46,4.79,LIGHT,72.76,LOW,RUNNING,17.48,5.1,LIGHT,74.5,LOW,RUNNING,14.47,3.78,LIGHT,68.76,LOW,RUNNING,18.95,6.66,LIGHT,78.68,LOW,RUNNING,17.98,4.9,LIGHT,74.82,LOW,RUNNING,16.56,4.06,LIGHT,71.79,LOW,RUNNING,28.87,52.0,268.3,0.25,22.0,COOLING,0.25,22.0,COOLING,0.25,22.0,COOLING,0.25,22.0,COOLING,24.52,22.416,21.931,22.398,22.816,24.52,21.931,2.589,1125.24,147.26,147.44,146.61,255.0,340.0,255.0,340.0,194.22,306.49,383.97,306.88,-503.21,177.71,143.29,182.21,875.0,875.0,875.0,875.0,196.25,96.46,54.7,100.7,1566.55,1190.0,1191.56,3500.0,448.11,1.0,0.0,0.0,1.0,22.5,TARGETED_WEST_COMPUTE_COOL,14.2829
1,Localized Heavy Compute,0,329,3290.0,14,3,4,3,4,91.97,84.35,HEAVY,286.49,VERY HIGH,HEAVY LOAD,88.83,79.79,HEAVY,275.72,VERY HIGH,HEAVY LOAD,91.79,82.89,HEAVY,284.07,VERY HIGH,HEAVY LOAD,90.32,80.83,HEAVY,279.14,VERY HIGH,HEAVY LOAD,16.33,4.72,LIGHT,72.49,LOW,RUNNING,17.42,5.11,LIGHT,74.44,LOW,RUNNING,14.55,3.86,LIGHT,68.98,LOW,RUNNING,19.09,6.74,LIGHT,78.97,LOW,RUNNING,18.05,4.9,LIGHT,74.91,LOW,RUNNING,16.5,3.99,LIGHT,71.61,LOW,RUNNING,28.87,52.0,268.5,0.25,22.0,COOLING,0.25,22.0,COOLING,0.25,22.0,COOLING,0.25,22.0,COOLING,24.524,22.418,21.932,22.4,22.819,24.524,21.932,2.592,1125.42,146.93,147.95,146.52,255.0,340.0,255.0,340.0,194.22,306.57,384.13,306.96,-503.69,177.82,143.55,182.32,875.0,875.0,875.0,875.0,195.95,96.32,55.63,100.8,1566.82,1190.0,1191.88,3500.0,448.7,1.0,0.0,0.0,1.0,22.5,TARGETED_WEST_COMPUTE_COOL,14.3201
1,Localized Heavy Compute,0,330,3300.0,14,3,4,3,4,92.13,84.46,HEAVY,286.85,VERY HIGH,HEAVY LOAD,88.99,79.8,HEAVY,275.94,VERY HIGH,HEAVY LOAD,91.8,82.78,HEAVY,283.92,VERY HIGH,HEAVY LOAD,90.18,80.71,HEAVY,278.79,VERY HIGH,HEAVY LOAD,16.21,4.66,LIGHT,72.25,LOW,RUNNING,17.4,5.14,LIGHT,74.46,LOW,RUNNING,14.65,3.95,LIGHT,69.24,LOW,RUNNING,19.22,6.81,LIGHT,79.24,LOW,RUNNING,18.09,4.88,LIGHT,74.93,LOW,RUNNING,16.42,3.91,LIGHT,71.39,LOW,RUNNING,28.88,52.0,268.8,0.25,22.0,COOLING,0.25,22.0,COOLING,0.25,22.0,COOLING,0.25,22.0,COOLING,24.528,22.42,21.933,22.402,22.821,24.528,21.933,2.595,1125.5,146.71,148.48,146.32,255.0,340.0,255.0,340.0,194.45,306.93,384.58,307.32,-504.18,177.93,143.82,182.43,875.0,875.0,875.0,875.0,195.77,96.57,56.88,101.07,1567.01,1190.0,1193.28,3500.0,450.29,1.0,0.0,0.0,1.0,22.5,TARGETED_WEST_COMPUTE_COOL,14.3572
1,Localized Heavy Compute,0,331,3310.0,14,3,4,3,4,92.3,84.56,HEAVY,287.22,VERY HIGH,HEAVY LOAD,89.12,79.77,HEAVY,276.06,VERY HIGH,HEAVY LOAD,91.76,82.66,HEAVY,283.69,VERY HIGH,HEAVY LOAD,90.01,80.6,HEAVY,278.41,VERY HIGH,HEAVY LOAD,16.1,4.62,LIGHT,72.06,LOW,RUNNING,17.41,5.19,LIGHT,74.55,LOW,RUNNING,14.76,4.04,LIGHT,69.51,LOW,RUNNING,19.34,6.86,LIGHT,79.47,LOW,RUNNING,18.1,4.85,LIGHT,74.9,LOW,RUNNING,16.31,3.82,LIGHT,71.12,LOW,RUNNING,28.88,52.0,269.0,0.25,22.0,COOLING,0.25,22.0,COOLING,0.25,22.0,COOLING,0.25,22.0,COOLING,24.532,22.422,21.934,22.404,22.823,24.532,21.934,2.598,1125.38,146.61,148.98,146.02,255.0,340.0,255.0,340.0,194.45,307.01,384.73,307.4,-504.66,178.04,144.09,182.54,875.0,875.0,875.0,875.0,195.17,96.66,57.8,100.96,1566.99,1190.0,1193.59,3500.0,450.59,1.0,0.0,0.0,1.0,22.5,TARGETED_WEST_COMPUTE_COOL,14.3941
1,Localized Heavy Compute,0,332,3320.0,14,3,4,3,4,92.48,84.64,HEAVY,287.56,VERY HIGH,HEAVY LOAD,89.21,79.72,HEAVY,276.09,VERY HIGH,HEAVY LOAD,91.69,82.52,HEAVY,283.39,VERY HIGH,HEAVY LOAD,89.83,80.51,HEAVY,278.05,VERY HIGH,HEAVY LOAD,16.01,4.6,LIGHT,71.91,LOW,RUNNING,17.45,5.25,LIGHT,74.69,LOW,RUNNING,14.89,4.13,LIGHT,69.81,LOW,RUNNING,19.44,6.89,LIGHT,79.63,LOW,RUNNING,18.08,4.79,LIGHT,74.78,LOW,RUNNING,16.19,3.73,LIGHT,70.83,LOW,RUNNING,28.88,52.0,269.2,0.25,22.0,COOLING,0.25,22.0,COOLING,0.25,22.0,COOLING,0.25,22.0,COOLING,24.536,22.424,21.935,22.406,22.825,24.536,21.935,2.601,1125.09,146.6,149.44,145.61,255.0,340.0,255.0,340.0,194.43,307.1,384.89,307.48,-505.15,178.15,144.35,182.65,875.0,875.0,875.0,875.0,194.37,96.85,58.68,100.74,1566.74,1190.0,1193.9,3500.0,450.64,1.0,0.0,0.0,1.0,22.5,TARGETED_WEST_COMPUTE_COOL,14.4308
1,Localized Heavy Compute,0,333,3330.0,14,3,4,3,4,92.66,84.68,HEAVY,287.85,VERY HIGH,HEAVY LOAD,89.28,79.64,HEAVY,276.06,VERY HIGH,HEAVY LOAD,91.58,82.39,HEAVY,283.06,VERY HIGH,HEAVY LOAD,89.65,80.44,HEAVY,277.72,VERY HIGH,HEAVY LOAD,15.94,4.6,LIGHT,71.83,LOW,RUNNING,17.51,5.32,LIGHT,74.87,LOW,RUNNING,15.03,4.21,LIGHT,70.1,LOW,RUNNING,19.52,6.9,LIGHT,79.75,LOW,RUNNING,18.03,4.73,LIGHT,74.63,LOW,RUNNING,16.06,3.64,LIGHT,70.53,LOW,RUNNING,28.89,52.0,269.4,0.25,22.0,COOLING,0.25,22.0,COOLING,0.25,22.0,COOLING,0.25,22.0,COOLING,24.54,22.426,21.936,22.408,22.828,24.54,21.936,2.604,1124.69,146.7,149.85,145.16,255.0,340.0,255.0,340.0,194.63,307.4,385.25,307.79,-505.64,178.26,144.62,182.76,875.0,875.0,875.0,875.0,193.68,97.36,59.72,100.71,1566.4,1190.0,1195.07,3500.0,451.47,1.0,0.0,0.0,1.0,22.5,TARGETED_WEST_COMPUTE_COOL,14.4676
1,Localized Heavy Compute,0,334,3340.0,14,3,4,3,4,92.82,84.7,HEAVY,288.07,VERY HIGH,HEAVY LOAD,89.3,79.53,HEAVY,275.92,VERY HIGH,HEAVY LOAD,91.45,82.26,HEAVY,282.7,VERY HIGH,HEAVY LOAD,89.48,80.41,HEAVY,277.47,VERY HIGH,HEAVY LOAD,15.91,4.62,LIGHT,71.82,LOW,RUNNING,17.6,5.41,LIGHT,75.11,LOW,RUNNING,15.16,4.28,LIGHT,70.37,LOW,RUNNING,19.57,6.89,LIGHT,79.8,LOW,RUNNING,17.96,4.65,LIGHT,74.43,LOW,RUNNING,15.92,3.57,LIGHT,70.26,LOW,RUNNING,28.89,52.0,269.6,0.25,22.0,COOLING,0.25,22.0,COOLING,0.25,22.0,COOLING,0.25,22.0,COOLING,24.544,22.428,21.937,22.41,22.83,24.544,21.937,2.607,1124.16,146.93,150.17,144.69,255.0,340.0,255.0,340.0,194.63,307.48,385.41,307.86,-506.12,178.37,144.88,182.87,875.0,875.0,875.0,875.0,192.67,97.78,60.46,100.42,1565.95,1190.0,1195.38,3500.0,451.33,1.0,0.0,0.0,1.0,22.5,TARGETED_WEST_COMPUTE_COOL,14.5044
1,Localized Heavy Compute,0,335,3350.0,14,3,4,3,4,92.96,84.69,HEAVY,288.24,VERY HIGH,HEAVY LOAD,89.28,79.41,HEAVY,275.72,VERY HIGH,HEAVY LOAD,91.29,82.14,HEAVY,282.32,VERY HIGH,HEAVY LOAD,89.33,80.4,HEAVY,277.26,VERY HIGH,HEAVY LOAD,15.9,4.66,LIGHT,71.86,LOW,RUNNING,17.71,5.5,LIGHT,75.39,LOW,RUNNING,15.28,4.33,LIGHT,70.59,LOW,RUNNING,19.6,6.86,LIGHT,79.79,LOW,RUNNING,17.86,4.56,LIGHT,74.17,LOW,RUNNING,15.79,3.5,LIGHT,69.99,LOW,RUNNING,28.9,52.0,269.8,0.25,22.0,COOLING,0.25,22.0,COOLING,0.25,22.0,COOLING,0.25,22.0,COOLING,24.548,22.43,21.938,22.412,22.832,24.548,21.938,2.61,1123.54,147.25,150.38,144.16,255.0,340.0,255.0,340.0,194.82,307.77,385.77,308.15,-506.61,178.48,145.14,182.98,875.0,875.0,875.0,875.0,191.75,98.5,61.29,100.29,1565.33,1190.0,1196.51,3500.0,451.83,1.0,0.0,0.0,1.0,22.5,TARGETED_WEST_COMPUTE_COOL,14.5412
1,Localized Heavy Compute,0,336,3360.0,14,3,4,3,4,93.07,84.65,HEAVY,288.31,VERY HIGH,HEAVY LOAD,89.23,79.28,HEAVY,275.46,VERY HIGH,HEAVY LOAD,91.11,82.05,HEAVY,281.96,VERY HIGH,HEAVY LOAD,89.19,80.42,HEAVY,277.12,VERY HIGH,HEAVY LOAD,15.92,4.72,LIGHT,71.98,LOW,RUNNING,17.83,5.59,LIGHT,75.67,LOW,RUNNING,15.39,4.38,LIGHT,70.81,LOW,RUNNING,19.59,6.82,LIGHT,79.72,LOW,RUNNING,17.75,4.47,LIGHT,73.89,LOW,RUNNING,15.67,3.45,LIGHT,69.76,LOW,RUNNING,28.9,52.0,270.0,0.25,22.0,COOLING,0.25,22.0,COOLING,0.25,22.0,COOLING,0.25,22.0,COOLING,24.552,22.432,21.939,22.414,22.834,24.552,21.939,2.613,1122.85,147.65,150.53,143.65,255.0,340.0,255.0,340.0,194.82,307.85,385.93,308.24,-507.09,178.59,145.41,183.09,875.0,875.0,875.0,875.0,190.58,99.09,61.87,99.98,1564.68,1190.0,1196.84,3500.0,451.52,1.0,0.0,0.0,1.0,22.5,TARGETED_WEST_COMPUTE_COOL,14.5781
1,Localized Heavy Compute,0,337,3370.0,14,3,4,3,4,93.15,84.58,HEAVY,288.31,VERY HIGH,HEAVY LOAD,89.14,79.15,HEAVY,275.15,VERY HIGH,HEAVY LOAD,90.93,81.97,HEAVY,281.62,VERY HIGH,HEAVY LOAD,89.09,80.48,HEAVY,277.08,VERY HIGH,HEAVY LOAD,15.98,4.79,LIGHT,72.16,LOW,RUNNING,17.96,5.67,LIGHT,75.95,LOW,RUNNING,15.48,4.4,LIGHT,70.95,LOW,RUNNING,19.56,6.76,LIGHT,79.59,LOW,RUNNING,17.62,4.38,LIGHT,73.59,LOW,RUNNING,15.57,3.41,LIGHT,69.58,LOW,RUNNING,28.9,52.0,270.2,0.25,22.0,COOLING,0.25,22.0,COOLING,0.25,22.0,COOLING,0.25,22.0,COOLING,24.556,22.434,21.94,22.416,22.837,24.556,21.94,2.616,1122.16,148.11,150.54,143.17,255.0,340.0,255.0,340.0,194.81,307.94,386.08,308.33,-507.57,178.7,145.67,183.2,875.0,875.0,875.0,875.0,189.4,99.75,62.29,99.7,1563.98,1190.0,1197.16,3500.0,451.14,1.0,0.0,0.0,1.0,22.5,TARGETED_WEST_COMPUTE_COOL,14.6152
1,Localized Heavy Compute,0,338,3380.0,14,3,4,3,4,93.19,84.48,HEAVY,288.21,VERY HIGH,HEAVY LOAD,89.01,79.02,HEAVY,274.79,VERY HIGH,HEAVY LOAD,90.76,81.92,HEAVY,281.33,VERY HIGH,HEAVY LOAD,89.03,80.56,HEAVY,277.13,VERY HIGH,HEAVY LOAD,16.06,4.87,LIGHT,72.38,LOW,RUNNING,18.1,5.75,LIGHT,76.25,LOW,RUNNING,15.55,4.4,LIGHT,71.04,LOW,RUNNING,19.5,6.68,LIGHT,79.39,LOW,RUNNING,17.49,4.3,LIGHT,73.31,LOW,RUNNING,15.49,3.4,LIGHT,69.46,LOW,RUNNING,28.91,52.0,270.4,0.25,22.0,COOLING,0.25,22.0,COOLING,0.25,22.0,COOLING,0.25,22.0,COOLING,24.56,22.436,21.941,22.418,22.839,24.56,21.941,2.619,1121.46,148.63,150.43,142.77,255.0,340.0,255.0,340.0,195.01,308.23,386.45,308.62,-508.06,178.81,145.94,183.31,875.0,875.0,875.0,875.0,188.41,100.67,62.82,99.7,1563.29,1190.0,1198.31,3500.0,451.6,1.0,0.0,0.0,1.0,22.5,TARGETED_WEST_COMPUTE_COOL,14.6525
1,Localized Heavy Compute,0,339,3390.0,14,3,4,3,4,93.2,84.37,HEAVY,288.06,VERY HIGH,HEAVY LOAD,88.86,78.9,HEAVY,274.43,VERY HIGH,HEAVY LOAD,90.59,81.9,HEAVY,281.09,VERY HIGH,HEAVY LOAD,89.0,80.66,HEAVY,277.24,VERY HIGH,HEAVY LOAD,16.16,4.96,LIGHT,72.64,LOW,RUNNING,18.23,5.81,LIGHT,76.5,LOW,RUNNING,15.59,4.38,LIGHT,71.06,LOW,RUNNING,19.41,6.6,LIGHT,79.16,LOW,RUNNING,17.35,4.23,LIGHT,73.03,LOW,RUNNING,15.43,3.41,LIGHT,69.4,LOW,RUNNING,28.91,52.0,270.6,0.25,22.0,COOLING,0.25,22.0,COOLING,0.25,22.0,COOLING,0.25,22.0,COOLING,24.564,22.438,21.942,22.42,22.841,24.564,21.942,2.622,1120.82,149.14,150.22,142.43,255.0,340.0,255.0,340.0,195.0,308.31,386.6,308.7,-508.54,178.92,146.21,183.42,875.0,875.0,875.0,875.0,187.28,101.37,63.03,99.55,1562.61,1190.0,1198.61,3500.0,451.23,1.0,0.0,0.0,1.0,22.5,TARGETED_WEST_COMPUTE_COOL,14.6902
1,Localized Heavy Compute,0,340,3400.0,14,3,4,3,4,93.16,84.24,HEAVY,287.81,VERY HIGH,HEAVY LOAD,88.69,78.79,HEAVY,274.05,VERY HIGH,HEAVY LOAD,90.45,81.91,HEAVY,280.93,VERY HIGH,HEAVY LOAD,89.01,80.77,HEAVY,277.42,VERY HIGH,HEAVY LOAD,16.27,5.05,LIGHT,72.91,LOW,RUNNING,18.35,5.86,LIGHT,76.73,LOW,RUNNING,15.6,4.34,LIGHT,71.01,LOW,RUNNING,19.3,6.51,LIGHT,78.89,LOW,RUNNING,17.23,4.17,LIGHT,72.79,LOW,RUNNING,15.4,3.43,LIGHT,69.39,LOW,RUNNING,28.92,52.0,270.8,0.25,22.0,COOLING,0.25,22.0,COOLING,0.25,22.0,COOLING,0.25,22.0,COOLING,24.568,22.44,21.943,22.422,22.843,24.568,21.943,2.625,1120.21,149.64,149.9,142.18,255.0,340.0,255.0,340.0,195.2,308.61,386.98,309.0,-509.03,179.03,146.47,183.53,875.0,875.0,875.0,875.0,186.38,102.28,63.35,99.71,1561.93,1190.0,1199.79,3500.0,451.72,1.0,0.0,0.0,1.0,22.5,TARGETED_WEST_COMPUTE_COOL,14.728
1,Localized Heavy Compute,0,341,3410.0,14,3,4,3,4,93.08,84.11,HEAVY,287.51,VERY HIGH,HEAVY LOAD,88.52,78.7,HEAVY,273.7,VERY HIGH,HEAVY LOAD,90.34,81.95,HEAVY,280.85,VERY HIGH,HEAVY LOAD,89.07,80.9,HEAVY,277.69,VERY HIGH,HEAVY LOAD,16.4,5.13,LIGHT,73.19,LOW,RUNNING,18.45,5.89,LIGHT,76.9,LOW,RUNNING,15.58,4.29,LIGHT,70.91,LOW,RUNNING,19.18,6.42,LIGHT,78.6,LOW,RUNNING,17.11,4.13,LIGHT,72.58,LOW,RUNNING,15.4,3.48,LIGHT,69.47,LOW,RUNNING,28.92,52.0,271.0,0.25,22.0,COOLING,0.25,22.0,COOLING,0.25,22.0,COOLING,0.25,22.0,COOLING,24.572,22.442,21.944,22.424,22.846,24.572,21.944,2.628,1119.75,150.09,149.51,142.05,255.0,340.0,255.0,340.0,195.19,308.7,387.13,309.09,-509.52,179.14,146.73,183.64,875.0,875.0,875.0,875.0,185.42,102.93,63.37,99.78,1561.4,1190.0,1200.11,3500.0,451.5,1.0,0.0,0.0,1.0,22.5,TARGETED_WEST_COMPUTE_COOL,14.7663
1,Localized Heavy Compute,0,342,3420.0,14,3,4,3,4,92.97,83.98,HEAVY,287.18,VERY HIGH,HEAVY LOAD,88.34,78.64,HEAVY,273.38,VERY HIGH,HEAVY LOAD,90.25,82.02,HEAVY,280.84,VERY HIGH,HEAVY LOAD,89.16,81.04,HEAVY,278.01,VERY HIGH,HEAVY LOAD,16.54,5.21,LIGHT,73.49,LOW,RUNNING,18.52,5.9,LIGHT,77.0,LOW,RUNNING,15.53,4.22,LIGHT,70.74,LOW,RUNNING,19.05,6.34,LIGHT,78.32,LOW,RUNNING,17.02,4.1,LIGHT,72.43,LOW,RUNNING,15.44,3.54,LIGHT,69.61,LOW,RUNNING,28.93,52.0,271.2,0.25,22.0,COOLING,0.25,22.0,COOLING,0.25,22.0,COOLING,0.25,22.0,COOLING,24.576,22.444,21.945,22.426,22.848,24.576,21.945,2.631,1119.41,150.49,149.06,142.04,255.0,340.0,255.0,340.0,195.4,308.99,387.5,309.38,-510.0,179.25,147.0,183.75,875.0,875.0,875.0,875.0,184.81,103.73,63.56,100.17,1561.0,1190.0,1201.27,3500.0,452.27,1.0,0.0,0.0,1.0,22.5,TARGETED_WEST_COMPUTE_COOL,14.805
1,Localized Heavy Compute,0,343,3430.0,14,3,4,3,4,92.83,83.85,HEAVY,286.81,VERY HIGH,HEAVY LOAD,88.17,78.61,HEAVY,273.13,VERY HIGH,HEAVY LOAD,90.21,82.11,HEAVY,280.93,VERY HIGH,HEAVY LOAD,89.28,81.17,HEAVY,278.36,VERY HIGH,HEAVY LOAD,16.67,5.28,LIGHT,73.76,LOW,RUNNING,18.58,5.89,LIGHT,77.06,LOW,RUNNING,15.45,4.14,LIGHT,70.52,LOW,RUNNING,18.91,6.26,LIGHT,78.03,LOW,RUNNING,16.95,4.1,LIGHT,72.34,LOW,RUNNING,15.5,3.61,LIGHT,69.79,LOW,RUNNING,28.93,52.0,271.5,0.25,22.0,COOLING,0.25,22.0,COOLING,0.25,22.0,COOLING,0.25,22.0,COOLING,24.58,22.446,21.946,22.428,22.85,24.58,21.946,2.634,1119.23,150.82,148.55,142.13,255.0,340.0,255.0,340.0,195.42,309.14,387.74,309.53,-510.49,179.36,147.26,183.86,875.0,875.0,875.0,875.0,184.16,104.32,63.55,100.52,1560.73,1190.0,1201.83,3500.0,452.55,1.0,0.0,0.0,1.0,22.5,TARGETED_WEST_COMPUTE_COOL,14.8439
1,Localized Heavy Compute,0,344,3440.0,14,3,4,3,4,92.67,83.74,HEAVY,286.45,VERY HIGH,HEAVY LOAD,88.01,78.6,HEAVY,272.91,VERY HIGH,HEAVY LOAD,90.2,82.22,HEAVY,281.08,VERY HIGH,HEAVY LOAD,89.42,81.29,HEAVY,278.71,VERY HIGH,HEAVY LOAD,16.79,5.34,LIGHT,74.0,LOW,RUNNING,18.6,5.86,LIGHT,77.04,LOW,RUNNING,15.35,4.05,LIGHT,70.26,LOW,RUNNING,18.78,6.19,LIGHT,77.76,LOW,RUNNING,16.91,4.12,LIGHT,72.32,LOW,RUNNING,15.58,3.69,LIGHT,70.01,LOW,RUNNING,28.93,52.0,271.7,0.25,22.0,COOLING,0.25,22.0,COOLING,0.25,22.0,COOLING,0.25,22.0,COOLING,24.584,22.448,21.947,22.43,22.852,24.584,21.947,2.637,1119.15,151.04,148.02,142.33,255.0,340.0,255.0,340.0,195.42,309.22,387.9,309.6,-510.97,179.47,147.53,183.97,875.0,875.0,875.0,875.0,183.6,104.73,63.45,100.9,1560.54,1190.0,1202.14,3500.0,452.68,1.0,0.0,0.0,1.0,22.5,TARGETED_WEST_COMPUTE_COOL,14.8832
1,Localized Heavy Compute,0,345,3450.0,14,3,4,3,4,92.5,83.64,HEAVY,286.09,VERY HIGH,HEAVY LOAD,87.88,78.63,HEAVY,272.79,VERY HIGH,HEAVY LOAD,90.24,82.34,HEAVY,281.31,VERY HIGH,HEAVY LOAD,89.59,81.4,HEAVY,279.09,VERY HIGH,HEAVY LOAD,16.9,5.38,LIGHT,74.19,LOW,RUNNING,18.59,5.81,LIGHT,76.95,LOW,RUNNING,15.24,3.96,LIGHT,69.99,LOW,RUNNING,18.66,6.14,LIGHT,77.53,LOW,RUNNING,16.9,4.15,LIGHT,72.35,LOW,RUNNING,15.69,3.78,LIGHT,70.28,LOW,RUNNING,28.94,52.0,271.9,0.25,22.0,COOLING,0.25,22.0,COOLING,0.25,22.0,COOLING,0.25,22.0,COOLING,24.588,22.45,21.948,22.432,22.855,24.588,21.948,2.64,1119.28,151.14,147.52,142.63,255.0,340.0,255.0,340.0,195.61,309.52,388.26,309.91,-511.45,179.58,147.8,184.08,875.0,875.0,875.0,875.0,183.44,105.24,63.58,101.62,1560.57,1190.0,1203.3,3500.0,453.88,1.0,0.0,0.0,1.0,22.5,TARGETED_WEST_COMPUTE_COOL,14.9229
1,Localized Heavy Compute,0,346,3460.0,14,3,4,3,4,92.32,83.56,HEAVY,285.74,VERY HIGH,HEAVY LOAD,87.79,78.68,HEAVY,272.76,VERY HIGH,HEAVY LOAD,90.31,82.48,HEAVY,281.61,VERY HIGH,HEAVY LOAD,89.77,81.49,HEAVY,279.45,VERY HIGH,HEAVY LOAD,16.99,5.4,LIGHT,74.34,LOW,RUNNING,18.55,5.75,LIGHT,76.81,LOW,RUNNING,15.11,3.87,LIGHT,69.69,LOW,RUNNING,18.56,6.11,LIGHT,77.37,LOW,RUNNING,16.92,4.21,LIGHT,72.47,LOW,RUNNING,15.81,3.87,LIGHT,70.57,LOW,RUNNING,28.94,52.0,272.1,0.25,22.0,COOLING,0.25,22.0,COOLING,0.25,22.0,COOLING,0.25,22.0,COOLING,24.592,22.452,21.949,22.434,22.857,24.592,21.949,2.643,1119.56,151.15,147.06,143.04,255.0,340.0,255.0,340.0,195.61,309.6,388.42,309.98,-511.94,179.69,148.06,184.19,875.0,875.0,875.0,875.0,183.23,105.44,63.54,102.21,1560.81,1190.0,1203.61,3500.0,454.42,1.0,0.0,0.0,1.0,22.5,TARGETED_WEST_COMPUTE_COOL,14.9629
1,Localized Heavy Compute,0,347,3470.0,14,3,4,3,4,92.14,83.52,HEAVY,285.45,VERY HIGH,HEAVY LOAD,87.72,78.76,HEAVY,272.79,VERY HIGH,HEAVY LOAD,90.42,82.61,HEAVY,281.94,VERY HIGH,HEAVY LOAD,89.95,81.56,HEAVY,279.78,VERY HIGH,HEAVY LOAD,17.06,5.4,LIGHT,74.42,LOW,RUNNING,18.49,5.68,LIGHT,76.63,LOW,RUNNING,14.97,3.79,LIGHT,69.4,LOW,RUNNING,18.48,6.1,LIGHT,77.25,LOW,RUNNING,16.97,4.27,LIGHT,72.62,LOW,RUNNING,15.94,3.96,LIGHT,70.86,LOW,RUNNING,28.95,52.0,272.3,0.25,22.0,COOLING,0.25,22.0,COOLING,0.25,22.0,COOLING,0.25,22.0,COOLING,24.596,22.454,21.95,22.436,22.859,24.596,21.95,2.646,1119.96,151.05,146.65,143.48,255.0,340.0,255.0,340.0,195.81,309.9,388.78,310.28,-512.42,179.8,148.32,184.3,875.0,875.0,875.0,875.0,183.35,105.75,63.75,103.06,1561.14,1190.0,1204.77,3500.0,455.91,1.0,0.0,0.0,1.0,22.5,TARGETED_WEST_COMPUTE_COOL,15.0031
1,Localized Heavy Compute,0,348,3480.0,14,3,4,3,4,91.98,83.5,HEAVY,285.23,VERY HIGH,HEAVY LOAD,87.7,78.87,HEAVY,272.93,VERY HIGH,HEAVY LOAD,90.55,82.74,HEAVY,282.3,VERY HIGH,HEAVY LOAD,90.12,81.59,HEAVY,280.04,VERY HIGH,HEAVY LOAD,17.09,5.38,LIGHT,74.43,LOW,RUNNING,18.4,5.59,LIGHT,76.39,LOW,RUNNING,14.84,3.72,LIGHT,69.13,LOW,RUNNING,18.43,6.11,LIGHT,77.2,LOW,RUNNING,17.04,4.35,LIGHT,72.83,LOW,RUNNING,16.08,4.03,LIGHT,71.14,LOW,RUNNING,28.95,52.0,272.5,0.25,22.0,COOLING,0.25,22.0,COOLING,0.25,22.0,COOLING,0.25,22.0,COOLING,24.6,22.456,21.951,22.438,22.861,24.6,21.951,2.649,1120.5,150.82,146.33,143.97,255.0,340.0,255.0,340.0,195.8,309.97,388.94,310.36,-512.91,179.91,148.59,184.41,875.0,875.0,875.0,875.0,183.39,105.7,63.86,103.74,1561.62,1190.0,1205.07,3500.0,456.69,1.0,0.0,0.0,1.0,22.5,TARGETED_WEST_COMPUTE_COOL,15.0434
1,Localized Heavy Compute,0,349,3490.0,14,3,4,3,4,91.84,83.51,HEAVY,285.07,VERY HIGH,HEAVY LOAD,87.72,78.99,HEAVY,273.13,VERY HIGH,HEAVY LOAD,90.71,82.86,HEAVY,282.68,VERY HIGH,HEAVY LOAD,90.27,81.6,HEAVY,280.24,VERY HIGH,HEAVY LOAD,17.1,5.34,LIGHT,74.39,LOW,RUNNING,18.29,5.5,LIGHT,76.11,LOW,RUNNING,14.72,3.67,LIGHT,68.91,LOW,RUNNING,18.4,6.14,LIGHT,77.21,LOW,RUNNING,17.14,4.44,LIGHT,73.08,LOW,RUNNING,16.21,4.1,LIGHT,71.41,LOW,RUNNING,28.95,52.0,272.7,0.25,22.0,COOLING,0.25,22.0,COOLING,0.25,22.0,COOLING,0.25,22.0,COOLING,24.604,22.458,21.952,22.44,22.864,24.604,21.952,2.652,1121.12,150.5,146.12,144.49,255.0,340.0,255.0,340.0,195.78,310.06,389.09,310.45,-513.4,180.02,148.85,184.52,875.0,875.0,875.0,875.0,183.5,105.58,64.06,104.46,1562.23,1190.0,1205.38,3500.0,457.6,1.0,0.0,0.0,1.0,22.5,TARGETED_WEST_COMPUTE_COOL,15.0838
1,Localized Heavy Compute,0,350,3500.0,14,3,4,3,4,91.73,83.55,HEAVY,284.99,VERY HIGH,HEAVY LOAD,87.77,79.12,HEAVY,273.39,VERY HIGH,HEAVY LOAD,90.89,82.95,HEAVY,283.04,VERY HIGH,HEAVY LOAD,90.41,81.58,HEAVY,280.38,VERY HIGH,HEAVY LOAD,17.08,5.28,LIGHT,74.27,LOW,RUNNING,18.17,5.41,LIGHT,75.83,LOW,RUNNING,14.61,3.62,LIGHT,68.69,LOW,RUNNING,18.41,6.18,LIGHT,77.28,LOW,RUNNING,17.25,4.53,LIGHT,73.36,LOW,RUNNING,16.33,4.15,LIGHT,71.64,LOW,RUNNING,28.96,52.0,272.9,0.25,22.0,COOLING,0.25,22.0,COOLING,0.25,22.0,COOLING,0.25,22.0,COOLING,24.608,22.46,21.953,22.442,22.866,24.608,21.953,2.655,1121.8,150.1,145.97,145.0,255.0,340.0,255.0,340.0,195.99,310.35,389.46,310.74,-513.88,180.13,149.12,184.63,875.0,875.0,875.0,875.0,183.91,105.58,64.55,105.37,1562.87,1190.0,1206.54,3500.0,459.41,1.0,0.0,0.0,1.0,22.5,TARGETED_WEST_COMPUTE_COOL,15.1244
1,Localized Heavy Compute,0,351,3510.0,14,3,4,3,4,91.65,83.62,HEAVY,284.99,VERY HIGH,HEAVY LOAD,87.86,79.25,HEAVY,273.7,VERY HIGH,HEAVY LOAD,91.07,83.03,HEAVY,283.38,VERY HIGH,HEAVY LOAD,90.51,81.52,HEAVY,280.42,VERY HIGH,HEAVY LOAD,17.02,5.21,LIGHT,74.09,LOW,RUNNING,18.04,5.33,LIGHT,75.55,LOW,RUNNING,14.52,3.6,LIGHT,68.55,LOW,RUNNING,18.44,6.24,LIGHT,77.41,LOW,RUNNING,17.38,4.62,LIGHT,73.66,LOW,RUNNING,16.43,4.19,LIGHT,71.82,LOW,RUNNING,28.96,52.0,273.1,0.25,22.0,COOLING,0.25,22.0,COOLING,0.25,22.0,COOLING,0.25,22.0,COOLING,24.612,22.462,21.954,22.444,22.868,24.612,21.954,2.658,1122.49,149.64,145.96,145.48,255.0,340.0,255.0,340.0,195.98,310.44,389.61,310.83,-514.37,180.24,149.39,184.74,875.0,875.0,875.0,875.0,184.1,105.32,64.96,106.05,1563.57,1190.0,1206.86,3500.0,460.43,1.0,0.0,0.0,1.0,22.5,TARGETED_WEST_COMPUTE_COOL,15.1649
1,Localized Heavy Compute,0,352,3520.0,14,3,4,3,4,91.61,83.72,HEAVY,285.09,VERY HIGH,HEAVY LOAD,87.99,79.38,HEAVY,274.06,VERY HIGH,HEAVY LOAD,91.24,83.08,HEAVY,283.67,VERY HIGH,HEAVY LOAD,90.57,81.44,HEAVY,280.37,VERY HIGH,HEAVY LOAD,16.94,5.13,LIGHT,73.87,LOW,RUNNING,17.9,5.25,LIGHT,75.25,LOW,RUNNING,14.45,3.6,LIGHT,68.46,LOW,RUNNING,18.5,6.32,LIGHT,77.61,LOW,RUNNING,17.51,4.7,LIGHT,73.94,LOW,RUNNING,16.51,4.2,LIGHT,71.94,LOW,RUNNING,28.97,52.0,273.3,0.25,22.0,COOLING,0.25,22.0,COOLING,0.25,22.0,COOLING,0.25,22.0,COOLING,24.616,22.464,21.955,22.446,22.87,24.616,21.955,2.661,1123.19,149.12,146.07,145.88,255.0,340.0,255.0,340.0,196.19,310.73,389.98,311.12,-514.85,180.35,149.65,184.85,875.0,875.0,875.0,875.0,184.53,105.2,65.7,106.85,1564.26,1190.0,1208.02,3500.0,462.28,1.0,0.0,0.0,1.0,22.5,TARGETED_WEST_COMPUTE_COOL,15.2054
1,Localized Heavy Compute,0,353,3530.0,14,3,4,3,4,91.6,83.83,HEAVY,285.25,VERY HIGH,HEAVY LOAD,88.14,79.5,HEAVY,274.43,VERY HIGH,HEAVY LOAD,91.41,83.1,HEAVY,283.91,VERY HIGH,HEAVY LOAD,90.6,81.34,HEAVY,280.26,VERY HIGH,HEAVY LOAD,16.84,5.04,LIGHT,73.61,LOW,RUNNING,17.77,5.19,LIGHT,75.0,LOW,RUNNING,14.41,3.62,LIGHT,68.44,LOW,RUNNING,18.59,6.4,LIGHT,77.84,LOW,RUNNING,17.65,4.77,LIGHT,74.22,LOW,RUNNING,16.57,4.19,LIGHT,72.0,LOW,RUNNING,28.97,52.0,273.5,0.25,22.0,COOLING,0.25,22.0,COOLING,0.25,22.0,COOLING,0.25,22.0,COOLING,24.62,22.466,21.956,22.448,22.873,24.62,21.956,2.664,1123.85,148.61,146.28,146.22,255.0,340.0,255.0,340.0,196.17,310.82,390.13,311.21,-515.33,180.46,149.92,184.96,875.0,875.0,875.0,875.0,184.69,104.89,66.33,107.39,1564.96,1190.0,1208.33,3500.0,463.3,1.0,0.0,0.0,1.0,22.5,TARGETED_WEST_COMPUTE_COOL,15.2457
1,Localized Heavy Compute,0,354,3540.0,14,3,4,3,4,91.64,83.96,HEAVY,285.49,VERY HIGH,HEAVY LOAD,88.31,79.61,HEAVY,274.8,VERY HIGH,HEAVY LOAD,91.55,83.09,HEAVY,284.07,VERY HIGH,HEAVY LOAD,90.59,81.23,HEAVY,280.08,VERY HIGH,HEAVY LOAD,16.73,4.95,LIGHT,73.34,LOW,RUNNING,17.65,5.14,LIGHT,74.77,LOW,RUNNING,14.4,3.66,LIGHT,68.49,LOW,RUNNING,18.7,6.49,LIGHT,78.11,LOW,RUNNING,17.77,4.83,LIGHT,74.46,LOW,RUNNING,16.6,4.17,LIGHT,72.0,LOW,RUNNING,28.98,52.0,273.8,0.25,22.0,COOLING,0.25,22.0,COOLING,0.25,22.0,COOLING,0.25,22.0,COOLING,24.624,22.468,21.957,22.45,22.875,24.624,21.957,2.667,1124.44,148.11,146.6,146.46,255.0,340.0,255.0,340.0,196.41,311.17,390.59,311.56,-515.82,180.57,150.18,185.07,875.0,875.0,875.0,875.0,185.03,104.85,67.37,108.09,1565.61,1190.0,1209.73,3500.0,465.34,1.0,0.0,0.0,1.0,22.5,TARGETED_WEST_COMPUTE_COOL,15.2859
1,Localized Heavy Compute,0,355,3550.0,14,3,4,3,4,91.72,84.09,HEAVY,285.78,VERY HIGH,HEAVY LOAD,88.48,79.7,HEAVY,275.15,VERY HIGH,HEAVY LOAD,91.66,83.05,HEAVY,284.15,VERY HIGH,HEAVY LOAD,90.53,81.1,HEAVY,279.81,VERY HIGH,HEAVY LOAD,16.6,4.87,LIGHT,73.06,LOW,RUNNING,17.55,5.11,LIGHT,74.6,LOW,RUNNING,14.42,3.71,LIGHT,68.59,LOW,RUNNING,18.82,6.58,LIGHT,78.4,LOW,RUNNING,17.89,4.87,LIGHT,74.67,LOW,RUNNING,16.6,4.12,LIGHT,71.93,LOW,RUNNING,28.98,52.0,274.0,0.25,22.0,COOLING,0.25,22.0,COOLING,0.25,22.0,COOLING,0.25,22.0,COOLING,24.628,22.47,21.958,22.452,22.877,24.628,21.958,2.67,1124.89,147.66,146.99,146.6,255.0,340.0,255.0,340.0,196.4,311.26,390.74,311.65,-516.3,180.68,150.44,185.18,875.0,875.0,875.0,875.0,184.99,104.6,68.17,108.43,1566.14,1190.0,1210.05,3500.0,466.19,1.0,0.0,0.0,1.0,22.5,TARGETED_WEST_COMPUTE_COOL,15.3258
1,Localized Heavy Compute,0,356,3560.0,14,3,4,3,4,91.83,84.22,HEAVY,286.12,VERY HIGH,HEAVY LOAD,88.66,79.76,HEAVY,275.47,VERY HIGH,HEAVY LOAD,91.75,82.98,HEAVY,284.16,VERY HIGH,HEAVY LOAD,90.44,80.96,HEAVY,279.49,VERY HIGH,HEAVY LOAD,16.46,4.79,LIGHT,72.76,LOW,RUNNING,17.48,5.1,LIGHT,74.5,LOW,RUNNING,14.47,3.78,LIGHT,68.76,LOW,RUNNING,18.95,6.66,LIGHT,78.68,LOW,RUNNING,17.98,4.9,LIGHT,74.82,LOW,RUNNING,16.56,4.06,LIGHT,71.79,LOW,RUNNING,28.98,52.0,274.2,0.25,22.0,COOLING,0.25,22.0,COOLING,0.25,22.0,COOLING,0.25,22.0,COOLING,24.632,22.472,21.959,22.454,22.879,24.632,21.959,2.673,1125.24,147.26,147.44,146.61,255.0,340.0,255.0,340.0,196.4,311.35,390.89,311.73,-516.79,180.79,150.71,185.29,875.0,875.0,875.0,875.0,184.85,104.4,69.04,108.63,1566.55,1190.0,1210.37,3500.0,466.92,1.0,0.0,0.0,1.0,22.5,TARGETED_WEST_COMPUTE_COOL,15.3656
1,Localized Heavy Compute,0,357,3570.0,14,3,4,3,4,91.97,84.35,HEAVY,286.49,VERY HIGH,HEAVY LOAD,88.83,79.79,HEAVY,275.72,VERY HIGH,HEAVY LOAD,91.79,82.89,HEAVY,284.07,VERY HIGH,HEAVY LOAD,90.32,80.83,HEAVY,279.14,VERY HIGH,HEAVY LOAD,16.33,4.72,LIGHT,72.49,LOW,RUNNING,17.42,5.11,LIGHT,74.44,LOW,RUNNING,14.55,3.86,LIGHT,68.98,LOW,RUNNING,19.09,6.74,LIGHT,78.97,LOW,RUNNING,18.05,4.9,LIGHT,74.91,LOW,RUNNING,16.5,3.99,LIGHT,71.61,LOW,RUNNING,28.99,52.0,274.4,0.25,22.0,COOLING,0.25,22.0,COOLING,0.25,22.0,COOLING,0.25,22.0,COOLING,24.636,22.474,21.96,22.456,22.881,24.636,21.96,2.676,1125.42,146.93,147.95,146.52,255.0,340.0,255.0,340.0,196.6,311.64,391.27,312.02,-517.28,180.9,150.98,185.4,875.0,875.0,875.0,875.0,184.74,104.47,70.2,108.94,1566.82,1190.0,1211.53,3500.0,468.35,1.0,0.0,0.0,1.0,22.5,TARGETED_WEST_COMPUTE_COOL,15.4051
1,Localized Heavy Compute,0,358,3580.0,14,3,4,3,4,92.13,84.46,HEAVY,286.85,VERY HIGH,HEAVY LOAD,88.99,79.8,HEAVY,275.94,VERY HIGH,HEAVY LOAD,91.8,82.78,HEAVY,283.92,VERY HIGH,HEAVY LOAD,90.18,80.71,HEAVY,278.79,VERY HIGH,HEAVY LOAD,16.21,4.66,LIGHT,72.25,LOW,RUNNING,17.4,5.14,LIGHT,74.46,LOW,RUNNING,14.65,3.95,LIGHT,69.24,LOW,RUNNING,19.22,6.81,LIGHT,79.24,LOW,RUNNING,18.09,4.88,LIGHT,74.93,LOW,RUNNING,16.42,3.91,LIGHT,71.39,LOW,RUNNING,28.99,52.0,274.6,0.25,22.0,COOLING,0.25,22.0,COOLING,0.25,22.0,COOLING,0.25,22.0,COOLING,24.64,22.476,21.961,22.458,22.884,24.64,21.961,2.679,1125.5,146.71,148.48,146.32,255.0,340.0,255.0,340.0,196.58,311.71,391.41,312.1,-517.76,181.01,151.24,185.51,875.0,875.0,875.0,875.0,184.32,104.43,71.13,108.93,1567.01,1190.0,1211.8,3500.0,468.81,1.0,0.0,0.0,1.0,22.5,TARGETED_WEST_COMPUTE_COOL,15.4446
1,Localized Heavy Compute,0,359,3590.0,14,3,4,3,4,92.3,84.56,HEAVY,287.22,VERY HIGH,HEAVY LOAD,89.12,79.77,HEAVY,276.06,VERY HIGH,HEAVY LOAD,91.76,82.66,HEAVY,283.69,VERY HIGH,HEAVY LOAD,90.01,80.6,HEAVY,278.41,VERY HIGH,HEAVY LOAD,16.1,4.62,LIGHT,72.06,LOW,RUNNING,17.41,5.19,LIGHT,74.55,LOW,RUNNING,14.76,4.04,LIGHT,69.51,LOW,RUNNING,19.34,6.86,LIGHT,79.47,LOW,RUNNING,18.1,4.85,LIGHT,74.9,LOW,RUNNING,16.31,3.82,LIGHT,71.12,LOW,RUNNING,29.0,52.0,274.8,0.25,22.0,COOLING,0.25,22.0,COOLING,0.25,22.0,COOLING,0.25,22.0,COOLING,24.644,22.478,21.962,22.46,22.886,24.644,21.962,2.682,1125.38,146.61,148.98,146.02,255.0,340.0,255.0,340.0,196.79,312.02,391.79,312.4,-518.25,181.12,151.51,185.62,875.0,875.0,875.0,875.0,183.92,104.75,72.28,109.04,1566.99,1190.0,1213.0,3500.0,469.99,1.0,0.0,0.0,1.0,22.5,TARGETED_WEST_COMPUTE_COOL,15.4838
1,Localized Heavy Compute,0,360,3600.0,14,3,4,3,4,92.48,84.64,HEAVY,287.56,VERY HIGH,HEAVY LOAD,89.21,79.72,HEAVY,276.09,VERY HIGH,HEAVY LOAD,91.69,82.52,HEAVY,283.39,VERY HIGH,HEAVY LOAD,89.83,80.51,HEAVY,278.05,VERY HIGH,HEAVY LOAD,16.01,4.6,LIGHT,71.91,LOW,RUNNING,17.45,5.25,LIGHT,74.69,LOW,RUNNING,14.89,4.13,LIGHT,69.81,LOW,RUNNING,19.44,6.89,LIGHT,79.63,LOW,RUNNING,18.08,4.79,LIGHT,74.78,LOW,RUNNING,16.19,3.73,LIGHT,70.83,LOW,RUNNING,29.0,52.0,275.0,0.25,22.0,COOLING,0.25,22.0,COOLING,0.25,22.0,COOLING,0.25,22.0,COOLING,24.648,22.48,21.963,22.462,22.888,24.648,21.963,2.685,1125.09,146.6,149.44,145.61,255.0,340.0,255.0,340.0,196.77,312.1,391.94,312.49,-518.73,181.23,151.77,185.73,875.0,875.0,875.0,875.0,183.13,104.93,73.15,108.83,1566.74,1190.0,1213.3,3500.0,470.04,1.0,0.0,0.0,1.0,22.5,TARGETED_WEST_COMPUTE_COOL,15.5229
1,Localized Heavy Compute,0,361,3610.0,14,3,4,3,4,92.66,84.68,HEAVY,287.85,VERY HIGH,HEAVY LOAD,89.28,79.64,HEAVY,276.06,VERY HIGH,HEAVY LOAD,91.58,82.39,HEAVY,283.06,VERY HIGH,HEAVY LOAD,89.65,80.44,HEAVY,277.72,VERY HIGH,HEAVY LOAD,15.94,4.6,LIGHT,71.83,LOW,RUNNING,17.51,5.32,LIGHT,74.87,LOW,RUNNING,15.03,4.21,LIGHT,70.1,LOW,RUNNING,19.52,6.9,LIGHT,79.75,LOW,RUNNING,18.03,4.73,LIGHT,74.63,LOW,RUNNING,16.06,3.64,LIGHT,70.53,LOW,RUNNING,29.0,52.0,275.2,0.25,22.0,COOLING,0.25,22.0,COOLING,0.25,22.0,COOLING,0.25,22.0,COOLING,24.652,22.482,21.965,22.464,22.891,24.652,21.965,2.687,1124.69,146.7,149.85,145.16,255.0,340.0,255.0,340.0,196.77,312.18,392.1,312.57,-519.21,181.34,152.03,185.84,875.0,875.0,875.0,875.0,182.25,105.22,73.98,108.57,1566.4,1190.0,1213.62,3500.0,470.02,1.0,0.0,0.0,1.0,22.5,TARGETED_WEST_COMPUTE_COOL,15.5516
1,Localized Heavy Compute,0,362,3620.0,14,3,4,3,4,92.82,84.7,HEAVY,288.07,VERY HIGH,HEAVY LOAD,89.3,79.53,HEAVY,275.92,VERY HIGH,HEAVY LOAD,91.45,82.26,HEAVY,282.7,VERY HIGH,HEAVY LOAD,89.48,80.41,HEAVY,277.47,VERY HIGH,HEAVY LOAD,15.91,4.62,LIGHT,71.82,LOW,RUNNING,17.6,5.41,LIGHT,75.11,LOW,RUNNING,15.16,4.28,LIGHT,70.37,LOW,RUNNING,19.57,6.89,LIGHT,79.8,LOW,RUNNING,17.96,4.65,LIGHT,74.43,LOW,RUNNING,15.92,3.57,LIGHT,70.26,LOW,RUNNING,29.01,52.0,275.4,0.25,22.0,COOLING,0.25,22.0,COOLING,0.25,22.0,COOLING,0.25,22.0,COOLING,24.656,22.484,21.967,22.466,22.893,24.656,21.967,2.689,1124.16,146.93,150.17,144.69,255.0,340.0,255.0,340.0,196.97,312.47,392.44,312.86,-519.69,181.56,152.06,186.06,875.0,875.0,875.0,875.0,181.44,105.96,74.67,108.61,1565.95,1190.0,1214.74,3500.0,470.68,1.0,0.0,0.0,1.0,22.5,TARGETED_WEST_COMPUTE_COOL,15.5806
1,Localized Heavy Compute,0,363,3630.0,14,3,4,3,4,92.96,84.69,HEAVY,288.24,VERY HIGH,HEAVY LOAD,89.28,79.41,HEAVY,275.72,VERY HIGH,HEAVY LOAD,91.29,82.14,HEAVY,282.32,VERY HIGH,HEAVY LOAD,89.33,80.4,HEAVY,277.26,VERY HIGH,HEAVY LOAD,15.9,4.66,LIGHT,71.86,LOW,RUNNING,17.71,5.5,LIGHT,75.39,LOW,RUNNING,15.28,4.33,LIGHT,70.59,LOW,RUNNING,19.6,6.86,LIGHT,79.79,LOW,RUNNING,17.86,4.56,LIGHT,74.17,LOW,RUNNING,15.79,3.5,LIGHT,69.99,LOW,RUNNING,29.01,52.0,275.6,0.25,22.0,COOLING,0.25,22.0,COOLING,0.25,22.0,COOLING,0.25,22.0,COOLING,24.66,22.486,21.969,22.468,22.896,24.66,21.969,2.691,1123.54,147.25,150.38,144.16,255.0,340.0,255.0,340.0,196.96,312.56,392.57,312.95,-520.15,181.78,152.1,186.28,875.0,875.0,875.0,875.0,180.35,106.59,75.05,108.39,1565.33,1190.0,1215.04,3500.0,470.38,1.0,0.0,0.0,1.0,22.5,TARGETED_WEST_COMPUTE_COOL,15.6097
1,Localized Heavy Compute,0,364,3640.0,14,3,4,3,4,93.07,84.65,HEAVY,288.31,VERY HIGH,HEAVY LOAD,89.23,79.28,HEAVY,275.46,VERY HIGH,HEAVY LOAD,91.11,82.05,HEAVY,281.96,VERY HIGH,HEAVY LOAD,89.19,80.42,HEAVY,277.12,VERY HIGH,HEAVY LOAD,15.92,4.72,LIGHT,71.98,LOW,RUNNING,17.83,5.59,LIGHT,75.67,LOW,RUNNING,15.39,4.38,LIGHT,70.81,LOW,RUNNING,19.59,6.82,LIGHT,79.72,LOW,RUNNING,17.75,4.47,LIGHT,73.89,LOW,RUNNING,15.67,3.45,LIGHT,69.76,LOW,RUNNING,29.02,52.0,275.8,0.25,22.0,COOLING,0.25,22.0,COOLING,0.25,22.0,COOLING,0.25,22.0,COOLING,24.664,22.488,21.971,22.47,22.898,24.664,21.971,2.693,1122.85,147.65,150.53,143.65,255.0,340.0,255.0,340.0,197.16,312.86,392.92,313.25,-520.62,182.0,152.12,186.5,875.0,875.0,875.0,875.0,179.39,107.51,75.57,108.4,1564.68,1190.0,1216.19,3500.0,470.87,1.0,0.0,0.0,1.0,22.5,TARGETED_WEST_COMPUTE_COOL,15.6388
1,Localized Heavy Compute,0,365,3650.0,14,3,4,3,4,93.15,84.58,HEAVY,288.31,VERY HIGH,HEAVY LOAD,89.14,79.15,HEAVY,275.15,VERY HIGH,HEAVY LOAD,90.93,81.97,HEAVY,281.62,VERY HIGH,HEAVY LOAD,89.09,80.48,HEAVY,277.08,VERY HIGH,HEAVY LOAD,15.98,4.79,LIGHT,72.16,LOW,RUNNING,17.96,5.67,LIGHT,75.95,LOW,RUNNING,15.48,4.4,LIGHT,70.95,LOW,RUNNING,19.56,6.76,LIGHT,79.59,LOW,RUNNING,17.62,4.38,LIGHT,73.59,LOW,RUNNING,15.57,3.41,LIGHT,69.58,LOW,RUNNING,29.02,52.0,276.0,0.25,22.0,COOLING,0.25,22.0,COOLING,0.25,22.0,COOLING,0.25,22.0,COOLING,24.668,22.49,21.973,22.472,22.901,24.668,21.973,2.695,1122.16,148.11,150.54,143.17,255.0,340.0,255.0,340.0,197.15,312.94,393.05,313.33,-521.1,182.22,152.15,186.72,875.0,875.0,875.0,875.0,178.21,108.27,75.74,108.22,1563.98,1190.0,1216.47,3500.0,470.44,1.0,0.0,0.0,1.0,22.5,TARGETED_WEST_COMPUTE_COOL,15.6681
1,Localized Heavy Compute,0,366,3660.0,14,3,4,3,4,93.19,84.48,HEAVY,288.21,VERY HIGH,HEAVY LOAD,89.01,79.02,HEAVY,274.79,VERY HIGH,HEAVY LOAD,90.76,81.92,HEAVY,281.33,VERY HIGH,HEAVY LOAD,89.03,80.56,HEAVY,277.13,VERY HIGH,HEAVY LOAD,16.06,4.87,LIGHT,72.38,LOW,RUNNING,18.1,5.75,LIGHT,76.25,LOW,RUNNING,15.55,4.4,LIGHT,71.04,LOW,RUNNING,19.5,6.68,LIGHT,79.39,LOW,RUNNING,17.49,4.3,LIGHT,73.31,LOW,RUNNING,15.49,3.4,LIGHT,69.46,LOW,RUNNING,29.02,52.0,276.2,0.25,22.0,COOLING,0.25,22.0,COOLING,0.25,22.0,COOLING,0.25,22.0,COOLING,24.672,22.492,21.975,22.474,22.903,24.672,21.975,2.697,1121.46,148.63,150.43,142.77,255.0,340.0,255.0,340.0,197.15,313.02,393.18,313.4,-521.56,182.44,152.19,186.94,875.0,875.0,875.0,875.0,177.05,109.09,75.8,108.11,1563.29,1190.0,1216.75,3500.0,470.05,1.0,0.0,0.0,1.0,22.5,TARGETED_WEST_COMPUTE_COOL,15.6977
1,Localized Heavy Compute,0,367,3670.0,14,3,4,3,4,93.2,84.37,HEAVY,288.06,VERY HIGH,HEAVY LOAD,88.86,78.9,HEAVY,274.43,VERY HIGH,HEAVY LOAD,90.59,81.9,HEAVY,281.09,VERY HIGH,HEAVY LOAD,89.0,80.66,HEAVY,277.24,VERY HIGH,HEAVY LOAD,16.16,4.96,LIGHT,72.64,LOW,RUNNING,18.23,5.81,LIGHT,76.5,LOW,RUNNING,15.59,4.38,LIGHT,71.06,LOW,RUNNING,19.41,6.6,LIGHT,79.16,LOW,RUNNING,17.35,4.23,LIGHT,73.03,LOW,RUNNING,15.43,3.41,LIGHT,69.4,LOW,RUNNING,29.03,52.0,276.5,0.25,22.0,COOLING,0.25,22.0,COOLING,0.25,22.0,COOLING,0.25,22.0,COOLING,24.676,22.494,21.977,22.476,22.906,24.676,21.977,2.699,1120.82,149.14,150.22,142.43,255.0,340.0,255.0,340.0,197.39,313.38,393.62,313.76,-522.03,182.66,152.21,187.16,875.0,875.0,875.0,875.0,176.18,110.18,76.05,108.35,1562.61,1190.0,1218.15,3500.0,470.76,1.0,0.0,0.0,1.0,22.5,TARGETED_WEST_COMPUTE_COOL,15.7275
1,Localized Heavy Compute,0,368,3680.0,14,3,4,3,4,93.16,84.24,HEAVY,287.81,VERY HIGH,HEAVY LOAD,88.69,78.79,HEAVY,274.05,VERY HIGH,HEAVY LOAD,90.45,81.91,HEAVY,280.93,VERY HIGH,HEAVY LOAD,89.01,80.77,HEAVY,277.42,VERY HIGH,HEAVY LOAD,16.27,5.05,LIGHT,72.91,LOW,RUNNING,18.35,5.86,LIGHT,76.73,LOW,RUNNING,15.6,4.34,LIGHT,71.01,LOW,RUNNING,19.3,6.51,LIGHT,78.89,LOW,RUNNING,17.23,4.17,LIGHT,72.79,LOW,RUNNING,15.4,3.43,LIGHT,69.39,LOW,RUNNING,29.03,52.0,276.7,0.25,22.0,COOLING,0.25,22.0,COOLING,0.25,22.0,COOLING,0.25,22.0,COOLING,24.68,22.496,21.979,22.478,22.908,24.68,21.979,2.701,1120.21,149.64,149.9,142.18,255.0,340.0,255.0,340.0,197.37,313.46,393.75,313.85,-522.5,182.88,152.24,187.38,875.0,875.0,875.0,875.0,175.08,110.98,75.89,108.41,1561.93,1190.0,1218.43,3500.0,470.36,1.0,0.0,0.0,1.0,22.5,TARGETED_WEST_COMPUTE_COOL,15.7576
1,Localized Heavy Compute,0,369,3690.0,14,3,4,3,4,93.08,84.11,HEAVY,287.51,VERY HIGH,HEAVY LOAD,88.52,78.7,HEAVY,273.7,VERY HIGH,HEAVY LOAD,90.34,81.95,HEAVY,280.85,VERY HIGH,HEAVY LOAD,89.07,80.9,HEAVY,277.69,VERY HIGH,HEAVY LOAD,16.4,5.13,LIGHT,73.19,LOW,RUNNING,18.45,5.89,LIGHT,76.9,LOW,RUNNING,15.58,4.29,LIGHT,70.91,LOW,RUNNING,19.18,6.42,LIGHT,78.6,LOW,RUNNING,17.11,4.13,LIGHT,72.58,LOW,RUNNING,15.4,3.48,LIGHT,69.47,LOW,RUNNING,29.04,52.0,276.9,0.25,22.0,COOLING,0.25,22.0,COOLING,0.25,22.0,COOLING,0.25,22.0,COOLING,24.684,22.498,21.981,22.48,22.911,24.684,21.981,2.703,1119.75,150.09,149.51,142.05,255.0,340.0,255.0,340.0,197.58,313.76,394.1,314.14,-522.97,183.1,152.28,187.6,875.0,875.0,875.0,875.0,174.36,111.95,75.89,108.79,1561.4,1190.0,1219.58,3500.0,470.99,1.0,0.0,0.0,1.0,22.5,TARGETED_WEST_COMPUTE_COOL,15.7881
1,Localized Heavy Compute,0,370,3700.0,14,3,4,3,4,92.97,83.98,HEAVY,287.18,VERY HIGH,HEAVY LOAD,88.34,78.64,HEAVY,273.38,VERY HIGH,HEAVY LOAD,90.25,82.02,HEAVY,280.84,VERY HIGH,HEAVY LOAD,89.16,81.04,HEAVY,278.01,VERY HIGH,HEAVY LOAD,16.54,5.21,LIGHT,73.49,LOW,RUNNING,18.52,5.9,LIGHT,77.0,LOW,RUNNING,15.53,4.22,LIGHT,70.74,LOW,RUNNING,19.05,6.34,LIGHT,78.32,LOW,RUNNING,17.02,4.1,LIGHT,72.43,LOW,RUNNING,15.44,3.54,LIGHT,69.61,LOW,RUNNING,29.04,52.0,277.1,0.25,22.0,COOLING,0.25,22.0,COOLING,0.25,22.0,COOLING,0.25,22.0,COOLING,24.688,22.5,21.983,22.482,22.913,24.688,21.983,2.705,1119.41,150.49,149.06,142.04,255.0,340.0,255.0,340.0,197.56,313.84,394.23,314.23,-523.45,183.32,152.3,187.82,875.0,875.0,875.0,875.0,173.52,112.65,75.59,109.09,1561.0,1190.0,1219.86,3500.0,470.85,1.0,0.0,0.0,1.0,22.5,TARGETED_WEST_COMPUTE_COOL,15.8189
1,Localized Heavy Compute,0,371,3710.0,14,3,4,3,4,92.83,83.85,HEAVY,286.81,VERY HIGH,HEAVY LOAD,88.17,78.61,HEAVY,273.13,VERY HIGH,HEAVY LOAD,90.21,82.11,HEAVY,280.93,VERY HIGH,HEAVY LOAD,89.28,81.17,HEAVY,278.36,VERY HIGH,HEAVY LOAD,16.67,5.28,LIGHT,73.76,LOW,RUNNING,18.58,5.89,LIGHT,77.06,LOW,RUNNING,15.45,4.14,LIGHT,70.52,LOW,RUNNING,18.91,6.26,LIGHT,78.03,LOW,RUNNING,16.95,4.1,LIGHT,72.34,LOW,RUNNING,15.5,3.61,LIGHT,69.79,LOW,RUNNING,29.05,52.0,277.3,0.25,22.0,COOLING,0.25,22.0,COOLING,0.25,22.0,COOLING,0.25,22.0,COOLING,24.692,22.502,21.985,22.484,22.916,24.692,21.985,2.707,1119.23,150.82,148.55,142.13,255.0,340.0,255.0,340.0,197.77,314.14,394.58,314.52,-523.91,183.54,152.33,188.04,875.0,875.0,875.0,875.0,173.09,113.5,75.46,109.69,1560.73,1190.0,1221.01,3500.0,471.74,1.0,0.0,0.0,1.0,22.5,TARGETED_WEST_COMPUTE_COOL,15.8502
1,Localized Heavy Compute,0,372,3720.0,14,3,4,3,4,92.67,83.74,HEAVY,286.45,VERY HIGH,HEAVY LOAD,88.01,78.6,HEAVY,272.91,VERY HIGH,HEAVY LOAD,90.2,82.22,HEAVY,281.08,VERY HIGH,HEAVY LOAD,89.42,81.29,HEAVY,278.71,VERY HIGH,HEAVY LOAD,16.79,5.34,LIGHT,74.0,LOW,RUNNING,18.6,5.86,LIGHT,77.04,LOW,RUNNING,15.35,4.05,LIGHT,70.26,LOW,RUNNING,18.78,6.19,LIGHT,77.76,LOW,RUNNING,16.91,4.12,LIGHT,72.32,LOW,RUNNING,15.58,3.69,LIGHT,70.01,LOW,RUNNING,29.05,52.0,277.5,0.25,22.0,COOLING,0.25,22.0,COOLING,0.25,22.0,COOLING,0.25,22.0,COOLING,24.696,22.504,21.987,22.486,22.918,24.696,21.987,2.709,1119.15,151.04,148.02,142.33,255.0,340.0,255.0,340.0,197.76,314.22,394.71,314.61,-524.38,183.76,152.37,188.26,875.0,875.0,875.0,875.0,172.53,114.02,75.1,110.2,1560.54,1190.0,1221.3,3500.0,471.85,1.0,0.0,0.0,1.0,22.5,TARGETED_WEST_COMPUTE_COOL,15.8817
1,Localized Heavy Compute,0,373,3730.0,14,3,4,3,4,92.5,83.64,HEAVY,286.09,VERY HIGH,HEAVY LOAD,87.88,78.63,HEAVY,272.79,VERY HIGH,HEAVY LOAD,90.24,82.34,HEAVY,281.31,VERY HIGH,HEAVY LOAD,89.59,81.4,HEAVY,279.09,VERY HIGH,HEAVY LOAD,16.9,5.38,LIGHT,74.19,LOW,RUNNING,18.59,5.81,LIGHT,76.95,LOW,RUNNING,15.24,3.96,LIGHT,69.99,LOW,RUNNING,18.66,6.14,LIGHT,77.53,LOW,RUNNING,16.9,4.15,LIGHT,72.35,LOW,RUNNING,15.69,3.78,LIGHT,70.28,LOW,RUNNING,29.05,52.0,277.7,0.25,22.0,COOLING,0.25,22.0,COOLING,0.25,22.0,COOLING,0.25,22.0,COOLING,24.7,22.506,21.989,22.488,22.921,24.7,21.989,2.711,1119.28,151.14,147.52,142.63,255.0,340.0,255.0,340.0,197.75,314.3,394.84,314.69,-524.86,183.98,152.4,188.48,875.0,875.0,875.0,875.0,172.17,114.42,74.76,110.8,1560.57,1190.0,1221.58,3500.0,472.15,1.0,0.0,0.0,1.0,22.5,TARGETED_WEST_COMPUTE_COOL,15.9135
1,Localized Heavy Compute,0,374,3740.0,14,3,4,3,4,92.32,83.56,HEAVY,285.74,VERY HIGH,HEAVY LOAD,87.79,78.68,HEAVY,272.76,VERY HIGH,HEAVY LOAD,90.31,82.48,HEAVY,281.61,VERY HIGH,HEAVY LOAD,89.77,81.49,HEAVY,279.45,VERY HIGH,HEAVY LOAD,16.99,5.4,LIGHT,74.34,LOW,RUNNING,18.55,5.75,LIGHT,76.81,LOW,RUNNING,15.11,3.87,LIGHT,69.69,LOW,RUNNING,18.56,6.11,LIGHT,77.37,LOW,RUNNING,16.92,4.21,LIGHT,72.47,LOW,RUNNING,15.81,3.87,LIGHT,70.57,LOW,RUNNING,29.06,52.0,277.9,0.25,22.0,COOLING,0.25,22.0,COOLING,0.25,22.0,COOLING,0.25,22.0,COOLING,24.704,22.508,21.991,22.49,22.923,24.704,21.991,2.713,1119.56,151.15,147.06,143.04,255.0,340.0,255.0,340.0,197.95,314.6,395.19,314.99,-525.32,184.2,152.42,188.7,875.0,875.0,875.0,875.0,172.19,114.95,74.67,111.73,1560.81,1190.0,1222.73,3500.0,473.54,1.0,0.0,0.0,1.0,22.5,TARGETED_WEST_COMPUTE_COOL,15.9457
1,Localized Heavy Compute,0,375,3750.0,14,3,4,3,4,92.14,83.52,HEAVY,285.45,VERY HIGH,HEAVY LOAD,87.72,78.76,HEAVY,272.79,VERY HIGH,HEAVY LOAD,90.42,82.61,HEAVY,281.94,VERY HIGH,HEAVY LOAD,89.95,81.56,HEAVY,279.78,VERY HIGH,HEAVY LOAD,17.06,5.4,LIGHT,74.42,LOW,RUNNING,18.49,5.68,LIGHT,76.63,LOW,RUNNING,14.97,3.79,LIGHT,69.4,LOW,RUNNING,18.48,6.1,LIGHT,77.25,LOW,RUNNING,16.97,4.27,LIGHT,72.62,LOW,RUNNING,15.94,3.96,LIGHT,70.86,LOW,RUNNING,29.06,52.0,278.1,0.25,22.0,COOLING,0.25,22.0,COOLING,0.25,22.0,COOLING,0.25,22.0,COOLING,24.708,22.51,21.993,22.492,22.926,24.708,21.993,2.715,1119.96,151.05,146.65,143.48,255.0,340.0,255.0,340.0,197.94,314.68,395.32,315.06,-525.8,184.42,152.45,188.92,875.0,875.0,875.0,875.0,172.1,115.15,74.42,112.46,1561.14,1190.0,1223.0,3500.0,474.13,1.0,0.0,0.0,1.0,22.5,TARGETED_WEST_COMPUTE_COOL,15.978
1,Localized Heavy Compute,0,376,3760.0,14,3,4,3,4,91.98,83.5,HEAVY,285.23,VERY HIGH,HEAVY LOAD,87.7,78.87,HEAVY,272.93,VERY HIGH,HEAVY LOAD,90.55,82.74,HEAVY,282.3,VERY HIGH,HEAVY LOAD,90.12,81.59,HEAVY,280.04,VERY HIGH,HEAVY LOAD,17.09,5.38,LIGHT,74.43,LOW,RUNNING,18.4,5.59,LIGHT,76.39,LOW,RUNNING,14.84,3.72,LIGHT,69.13,LOW,RUNNING,18.43,6.11,LIGHT,77.2,LOW,RUNNING,17.04,4.35,LIGHT,72.83,LOW,RUNNING,16.08,4.03,LIGHT,71.14,LOW,RUNNING,29.07,52.0,278.3,0.25,22.0,COOLING,0.25,22.0,COOLING,0.25,22.0,COOLING,0.25,22.0,COOLING,24.712,22.512,21.995,22.494,22.928,24.712,21.995,2.717,1120.5,150.82,146.33,143.97,255.0,340.0,255.0,340.0,198.14,314.98,395.67,315.37,-526.26,184.64,152.49,189.14,875.0,875.0,875.0,875.0,172.38,115.44,74.49,113.48,1561.62,1190.0,1224.16,3500.0,475.79,1.0,0.0,0.0,1.0,22.5,TARGETED_WEST_COMPUTE_COOL,16.0106
1,Localized Heavy Compute,0,377,3770.0,14,3,4,3,4,91.84,83.51,HEAVY,285.07,VERY HIGH,HEAVY LOAD,87.72,78.99,HEAVY,273.13,VERY HIGH,HEAVY LOAD,90.71,82.86,HEAVY,282.68,VERY HIGH,HEAVY LOAD,90.27,81.6,HEAVY,280.24,VERY HIGH,HEAVY LOAD,17.1,5.34,LIGHT,74.39,LOW,RUNNING,18.29,5.5,LIGHT,76.11,LOW,RUNNING,14.72,3.67,LIGHT,68.91,LOW,RUNNING,18.4,6.14,LIGHT,77.21,LOW,RUNNING,17.14,4.44,LIGHT,73.08,LOW,RUNNING,16.21,4.1,LIGHT,71.41,LOW,RUNNING,29.07,52.0,278.5,0.25,22.0,COOLING,0.25,22.0,COOLING,0.25,22.0,COOLING,0.25,22.0,COOLING,24.716,22.514,21.997,22.496,22.931,24.716,21.997,2.719,1121.12,150.5,146.12,144.49,255.0,340.0,255.0,340.0,198.14,315.06,395.8,315.44,-526.73,184.86,152.51,189.36,875.0,875.0,875.0,875.0,172.53,115.42,74.43,114.29,1562.23,1190.0,1224.44,3500.0,476.67,1.0,0.0,0.0,1.0,22.5,TARGETED_WEST_COMPUTE_COOL,16.0432
1,Localized Heavy Compute,0,378,3780.0,14,3,4,3,4,91.73,83.55,HEAVY,284.99,VERY HIGH,HEAVY LOAD,87.77,79.12,HEAVY,273.39,VERY HIGH,HEAVY LOAD,90.89,82.95,HEAVY,283.04,VERY HIGH,HEAVY LOAD,90.41,81.58,HEAVY,280.38,VERY HIGH,HEAVY LOAD,17.08,5.28,LIGHT,74.27,LOW,RUNNING,18.17,5.41,LIGHT,75.83,LOW,RUNNING,14.61,3.62,LIGHT,68.69,LOW,RUNNING,18.41,6.18,LIGHT,77.28,LOW,RUNNING,17.25,4.53,LIGHT,73.36,LOW,RUNNING,16.33,4.15,LIGHT,71.64,LOW,RUNNING,29.07,52.0,278.8,0.25,22.0,COOLING,0.25,22.0,COOLING,0.25,22.0,COOLING,0.25,22.0,COOLING,24.72,22.516,21.999,22.498,22.933,24.72,21.999,2.721,1121.8,150.1,145.97,145.0,255.0,340.0,255.0,340.0,198.16,315.2,396.02,315.59,-527.21,185.08,152.54,189.58,875.0,875.0,875.0,875.0,172.75,115.38,74.53,115.17,1562.87,1190.0,1224.97,3500.0,477.83,1.0,0.0,0.0,1.0,22.5,TARGETED_WEST_COMPUTE_COOL,16.0758
1,Localized Heavy Compute,0,379,3790.0,14,3,4,3,4,91.65,83.62,HEAVY,284.99,VERY HIGH,HEAVY LOAD,87.86,79.25,HEAVY,273.7,VERY HIGH,HEAVY LOAD,91.07,83.03,HEAVY,283.38,VERY HIGH,HEAVY LOAD,90.51,81.52,HEAVY,280.42,VERY HIGH,HEAVY LOAD,17.02,5.21,LIGHT,74.09,LOW,RUNNING,18.04,5.33,LIGHT,75.55,LOW,RUNNING,14.52,3.6,LIGHT,68.55,LOW,RUNNING,18.44,6.24,LIGHT,77.41,LOW,RUNNING,17.38,4.62,LIGHT,73.66,LOW,RUNNING,16.43,4.19,LIGHT,71.82,LOW,RUNNING,29.08,52.0,279.0,0.25,22.0,COOLING,0.25,22.0,COOLING,0.25,22.0,COOLING,0.25,22.0,COOLING,24.724,22.518,22.001,22.5,22.936,24.724,22.001,2.723,1122.49,149.64,145.96,145.48,255.0,340.0,255.0,340.0,198.36,315.51,396.36,315.89,-527.67,185.3,152.58,189.8,875.0,875.0,875.0,875.0,173.18,115.45,74.9,116.17,1563.57,1190.0,1226.12,3500.0,479.7,1.0,0.0,0.0,1.0,22.5,TARGETED_WEST_COMPUTE_COOL,16.1085
1,Localized Heavy Compute,0,380,3800.0,14,3,4,3,4,91.61,83.72,HEAVY,285.09,VERY HIGH,HEAVY LOAD,87.99,79.38,HEAVY,274.06,VERY HIGH,HEAVY LOAD,91.24,83.08,HEAVY,283.67,VERY HIGH,HEAVY LOAD,90.57,81.44,HEAVY,280.37,VERY HIGH,HEAVY LOAD,16.94,5.13,LIGHT,73.87,LOW,RUNNING,17.9,5.25,LIGHT,75.25,LOW,RUNNING,14.45,3.6,LIGHT,68.46,LOW,RUNNING,18.5,6.32,LIGHT,77.61,LOW,RUNNING,17.51,4.7,LIGHT,73.94,LOW,RUNNING,16.51,4.2,LIGHT,71.94,LOW,RUNNING,29.08,52.0,279.2,0.25,22.0,COOLING,0.25,22.0,COOLING,0.25,22.0,COOLING,0.25,22.0,COOLING,24.728,22.52,22.003,22.502,22.938,24.728,22.003,2.725,1123.19,149.12,146.07,145.88,255.0,340.0,255.0,340.0,198.35,315.58,396.5,315.97,-528.14,185.52,152.6,190.02,875.0,875.0,875.0,875.0,173.4,115.22,75.17,116.87,1564.26,1190.0,1226.4,3500.0,480.66,1.0,0.0,0.0,1.0,22.5,TARGETED_WEST_COMPUTE_COOL,16.1411
1,Localized Heavy Compute,0,381,3810.0,14,3,4,3,4,91.6,83.83,HEAVY,285.25,VERY HIGH,HEAVY LOAD,88.14,79.5,HEAVY,274.43,VERY HIGH,HEAVY LOAD,91.41,83.1,HEAVY,283.91,VERY HIGH,HEAVY LOAD,90.6,81.34,HEAVY,280.26,VERY HIGH,HEAVY LOAD,16.84,5.04,LIGHT,73.61,LOW,RUNNING,17.77,5.19,LIGHT,75.0,LOW,RUNNING,14.41,3.62,LIGHT,68.44,LOW,RUNNING,18.59,6.4,LIGHT,77.84,LOW,RUNNING,17.65,4.77,LIGHT,74.22,LOW,RUNNING,16.57,4.19,LIGHT,72.0,LOW,RUNNING,29.09,52.0,279.4,0.25,22.0,COOLING,0.25,22.0,COOLING,0.25,22.0,COOLING,0.25,22.0,COOLING,24.732,22.522,22.005,22.504,22.941,24.732,22.005,2.727,1123.85,148.61,146.28,146.22,255.0,340.0,255.0,340.0,198.55,315.87,396.84,316.26,-528.62,185.74,152.63,190.24,875.0,875.0,875.0,875.0,173.78,115.22,75.75,117.72,1564.96,1190.0,1227.52,3500.0,482.47,1.0,0.0,0.0,1.0,22.5,TARGETED_WEST_COMPUTE_COOL,16.1735
1,Localized Heavy Compute,0,382,3820.0,14,3,4,3,4,91.64,83.96,HEAVY,285.49,VERY HIGH,HEAVY LOAD,88.31,79.61,HEAVY,274.8,VERY HIGH,HEAVY LOAD,91.55,83.09,HEAVY,284.07,VERY HIGH,HEAVY LOAD,90.59,81.23,HEAVY,280.08,VERY HIGH,HEAVY LOAD,16.73,4.95,LIGHT,73.34,LOW,RUNNING,17.65,5.14,LIGHT,74.77,LOW,RUNNING,14.4,3.66,LIGHT,68.49,LOW,RUNNING,18.7,6.49,LIGHT,78.11,LOW,RUNNING,17.77,4.83,LIGHT,74.46,LOW,RUNNING,16.6,4.17,LIGHT,72.0,LOW,RUNNING,29.09,52.0,279.6,0.25,22.0,COOLING,0.25,22.0,COOLING,0.25,22.0,COOLING,0.25,22.0,COOLING,24.736,22.524,22.007,22.506,22.943,24.736,22.007,2.729,1124.44,148.11,146.6,146.46,255.0,340.0,255.0,340.0,198.55,315.96,396.98,316.35,-529.08,185.96,152.67,190.46,875.0,875.0,875.0,875.0,173.91,115.03,76.25,118.27,1565.61,1190.0,1227.84,3500.0,483.46,1.0,0.0,0.0,1.0,22.5,TARGETED_WEST_COMPUTE_COOL,16.2058
1,Localized Heavy Compute,0,383,3830.0,14,3,4,3,4,91.72,84.09,HEAVY,285.78,VERY HIGH,HEAVY LOAD,88.48,79.7,HEAVY,275.15,VERY HIGH,HEAVY LOAD,91.66,83.05,HEAVY,284.15,VERY HIGH,HEAVY LOAD,90.53,81.1,HEAVY,279.81,VERY HIGH,HEAVY LOAD,16.6,4.87,LIGHT,73.06,LOW,RUNNING,17.55,5.11,LIGHT,74.6,LOW,RUNNING,14.42,3.71,LIGHT,68.59,LOW,RUNNING,18.82,6.58,LIGHT,78.4,LOW,RUNNING,17.89,4.87,LIGHT,74.67,LOW,RUNNING,16.6,4.12,LIGHT,71.93,LOW,RUNNING,29.1,52.0,279.8,0.25,22.0,COOLING,0.25,22.0,COOLING,0.25,22.0,COOLING,0.25,22.0,COOLING,24.74,22.526,22.009,22.508,22.946,24.74,22.009,2.731,1124.89,147.66,146.99,146.6,255.0,340.0,255.0,340.0,198.75,316.26,397.32,316.65,-529.55,186.18,152.69,190.68,875.0,875.0,875.0,875.0,174.09,115.1,77.0,118.93,1566.14,1190.0,1228.98,3500.0,485.12,1.0,0.0,0.0,1.0,22.5,TARGETED_WEST_COMPUTE_COOL,16.2379
1,Localized Heavy Compute,0,384,3840.0,14,3,4,3,4,91.83,84.22,HEAVY,286.12,VERY HIGH,HEAVY LOAD,88.66,79.76,HEAVY,275.47,VERY HIGH,HEAVY LOAD,91.75,82.98,HEAVY,284.16,VERY HIGH,HEAVY LOAD,90.44,80.96,HEAVY,279.49,VERY HIGH,HEAVY LOAD,16.46,4.79,LIGHT,72.76,LOW,RUNNING,17.48,5.1,LIGHT,74.5,LOW,RUNNING,14.47,3.78,LIGHT,68.76,LOW,RUNNING,18.95,6.66,LIGHT,78.68,LOW,RUNNING,17.98,4.9,LIGHT,74.82,LOW,RUNNING,16.56,4.06,LIGHT,71.79,LOW,RUNNING,29.1,52.0,280.0,0.25,22.0,COOLING,0.25,22.0,COOLING,0.25,22.0,COOLING,0.25,22.0,COOLING,24.744,22.528,22.011,22.51,22.948,24.744,22.011,2.733,1125.24,147.26,147.44,146.61,255.0,340.0,255.0,340.0,198.74,316.34,397.46,316.73,-530.02,186.4,152.72,190.9,875.0,875.0,875.0,875.0,173.96,115.0,77.62,119.24,1566.55,1190.0,1229.27,3500.0,485.82,1.0,0.0,0.0,1.0,22.5,TARGETED_WEST_COMPUTE_COOL,16.2697
1,Localized Heavy Compute,0,385,3850.0,14,3,4,3,4,91.97,84.35,HEAVY,286.49,VERY HIGH,HEAVY LOAD,88.83,79.79,HEAVY,275.72,VERY HIGH,HEAVY LOAD,91.79,82.89,HEAVY,284.07,VERY HIGH,HEAVY LOAD,90.32,80.83,HEAVY,279.14,VERY HIGH,HEAVY LOAD,16.33,4.72,LIGHT,72.49,LOW,RUNNING,17.42,5.11,LIGHT,74.44,LOW,RUNNING,14.55,3.86,LIGHT,68.98,LOW,RUNNING,19.09,6.74,LIGHT,78.97,LOW,RUNNING,18.05,4.9,LIGHT,74.91,LOW,RUNNING,16.5,3.99,LIGHT,71.61,LOW,RUNNING,29.1,52.0,280.2,0.25,22.0,COOLING,0.25,22.0,COOLING,0.25,22.0,COOLING,0.25,22.0,COOLING,24.748,22.53,22.013,22.512,22.951,24.748,22.013,2.735,1125.42,146.93,147.95,146.52,255.0,340.0,255.0,340.0,198.73,316.42,397.58,316.81,-530.49,186.62,152.76,191.12,875.0,875.0,875.0,875.0,173.66,114.97,78.29,119.45,1566.82,1190.0,1229.54,3500.0,486.37,1.0,0.0,0.0,1.0,22.5,TARGETED_WEST_COMPUTE_COOL,16.3012
1,Localized Heavy Compute,0,386,3860.0,14,3,4,3,4,92.13,84.46,HEAVY,286.85,VERY HIGH,HEAVY LOAD,88.99,79.8,HEAVY,275.94,VERY HIGH,HEAVY LOAD,91.8,82.78,HEAVY,283.92,VERY HIGH,HEAVY LOAD,90.18,80.71,HEAVY,278.79,VERY HIGH,HEAVY LOAD,16.21,4.66,LIGHT,72.25,LOW,RUNNING,17.4,5.14,LIGHT,74.46,LOW,RUNNING,14.65,3.95,LIGHT,69.24,LOW,RUNNING,19.22,6.81,LIGHT,79.24,LOW,RUNNING,18.09,4.88,LIGHT,74.93,LOW,RUNNING,16.42,3.91,LIGHT,71.39,LOW,RUNNING,29.11,52.0,280.4,0.25,22.0,COOLING,0.25,22.0,COOLING,0.25,22.0,COOLING,0.25,22.0,COOLING,24.752,22.532,22.015,22.514,22.953,24.752,22.015,2.737,1125.5,146.71,148.48,146.32,255.0,340.0,255.0,340.0,198.93,316.72,397.94,317.11,-530.97,186.84,152.78,191.34,875.0,875.0,875.0,875.0,173.46,115.27,79.2,119.77,1567.01,1190.0,1230.7,3500.0,487.7,1.0,0.0,0.0,1.0,22.5,TARGETED_WEST_COMPUTE_COOL,16.3327
1,Localized Heavy Compute,0,387,3870.0,14,3,4,3,4,92.3,84.56,HEAVY,287.22,VERY HIGH,HEAVY LOAD,89.12,79.77,HEAVY,276.06,VERY HIGH,HEAVY LOAD,91.76,82.66,HEAVY,283.69,VERY HIGH,HEAVY LOAD,90.01,80.6,HEAVY,278.41,VERY HIGH,HEAVY LOAD,16.1,4.62,LIGHT,72.06,LOW,RUNNING,17.41,5.19,LIGHT,74.55,LOW,RUNNING,14.76,4.04,LIGHT,69.51,LOW,RUNNING,19.34,6.86,LIGHT,79.47,LOW,RUNNING,18.1,4.85,LIGHT,74.9,LOW,RUNNING,16.31,3.82,LIGHT,71.12,LOW,RUNNING,29.11,52.0,280.6,0.25,22.0,COOLING,0.25,22.0,COOLING,0.25,22.0,COOLING,0.25,22.0,COOLING,24.756,22.534,22.017,22.516,22.956,24.756,22.017,2.739,1125.38,146.61,148.98,146.02,255.0,340.0,255.0,340.0,198.92,316.81,398.06,317.19,-531.43,187.06,152.81,191.56,875.0,875.0,875.0,875.0,172.87,115.48,79.85,119.77,1566.99,1190.0,1230.98,3500.0,487.97,1.0,0.0,0.0,1.0,22.5,TARGETED_WEST_COMPUTE_COOL,16.3639
1,Localized Heavy Compute,0,388,3880.0,14,3,4,3,4,92.48,84.64,HEAVY,287.56,VERY HIGH,HEAVY LOAD,89.21,79.72,HEAVY,276.09,VERY HIGH,HEAVY LOAD,91.69,82.52,HEAVY,283.39,VERY HIGH,HEAVY LOAD,89.83,80.51,HEAVY,278.05,VERY HIGH,HEAVY LOAD,16.01,4.6,LIGHT,71.91,LOW,RUNNING,17.45,5.25,LIGHT,74.69,LOW,RUNNING,14.89,4.13,LIGHT,69.81,LOW,RUNNING,19.44,6.89,LIGHT,79.63,LOW,RUNNING,18.08,4.79,LIGHT,74.78,LOW,RUNNING,16.19,3.73,LIGHT,70.83,LOW,RUNNING,29.12,52.0,280.8,0.25,22.0,COOLING,0.25,22.0,COOLING,0.25,22.0,COOLING,0.25,22.0,COOLING,24.76,22.536,22.019,22.518,22.958,24.76,22.019,2.741,1125.09,146.6,149.44,145.61,255.0,340.0,255.0,340.0,199.13,317.1,398.41,317.49,-531.91,187.28,152.84,191.78,875.0,875.0,875.0,875.0,172.31,115.98,80.69,119.88,1566.74,1190.0,1232.13,3500.0,488.86,1.0,0.0,0.0,1.0,22.5,TARGETED_WEST_COMPUTE_COOL,16.395
1,Localized Heavy Compute,0,389,3890.0,14,3,4,3,4,92.66,84.68,HEAVY,287.85,VERY HIGH,HEAVY LOAD,89.28,79.64,HEAVY,276.06,VERY HIGH,HEAVY LOAD,91.58,82.39,HEAVY,283.06,VERY HIGH,HEAVY LOAD,89.65,80.44,HEAVY,277.72,VERY HIGH,HEAVY LOAD,15.94,4.6,LIGHT,71.83,LOW,RUNNING,17.51,5.32,LIGHT,74.87,LOW,RUNNING,15.03,4.21,LIGHT,70.1,LOW,RUNNING,19.52,6.9,LIGHT,79.75,LOW,RUNNING,18.03,4.73,LIGHT,74.63,LOW,RUNNING,16.06,3.64,LIGHT,70.53,LOW,RUNNING,29.12,52.0,281.0,0.25,22.0,COOLING,0.25,22.0,COOLING,0.25,22.0,COOLING,0.25,22.0,COOLING,24.763,22.538,22.021,22.52,22.96,24.763,22.021,2.742,1124.69,146.7,149.85,145.16,255.0,340.0,255.0,340.0,199.12,317.18,398.54,317.56,-532.38,187.5,152.88,192.0,875.0,875.0,875.0,875.0,171.43,116.38,81.27,119.72,1566.4,1190.0,1232.4,3500.0,488.8,1.0,0.0,0.0,1.0,22.5,TARGETED_WEST_COMPUTE_COOL,16.4123
1,Localized Heavy Compute,0,390,3900.0,14,3,4,3,4,92.82,84.7,HEAVY,288.07,VERY HIGH,HEAVY LOAD,89.3,79.53,HEAVY,275.92,VERY HIGH,HEAVY LOAD,91.45,82.26,HEAVY,282.7,VERY HIGH,HEAVY LOAD,89.48,80.41,HEAVY,277.47,VERY HIGH,HEAVY LOAD,15.91,4.62,LIGHT,71.82,LOW,RUNNING,17.6,5.41,LIGHT,75.11,LOW,RUNNING,15.16,4.28,LIGHT,70.37,LOW,RUNNING,19.57,6.89,LIGHT,79.8,LOW,RUNNING,17.96,4.65,LIGHT,74.43,LOW,RUNNING,15.92,3.57,LIGHT,70.26,LOW,RUNNING,29.12,52.0,281.2,0.25,22.0,COOLING,0.25,22.0,COOLING,0.25,22.0,COOLING,0.25,22.0,COOLING,24.766,22.54,22.023,22.522,22.963,24.766,22.023,2.743,1124.16,146.93,150.17,144.69,255.0,340.0,255.0,340.0,199.13,317.26,398.68,317.65,-532.61,187.61,152.89,192.11,875.0,875.0,875.0,875.0,170.68,116.8,81.74,119.45,1565.95,1190.0,1232.72,3500.0,488.67,1.0,0.0,0.0,1.0,22.5,TARGETED_WEST_COMPUTE_COOL,16.43
1,Localized Heavy Compute,0,391,3910.0,14,3,4,3,4,92.96,84.69,HEAVY,288.24,VERY HIGH,HEAVY LOAD,89.28,79.41,HEAVY,275.72,VERY HIGH,HEAVY LOAD,91.29,82.14,HEAVY,282.32,VERY HIGH,HEAVY LOAD,89.33,80.4,HEAVY,277.26,VERY HIGH,HEAVY LOAD,15.9,4.66,LIGHT,71.86,LOW,RUNNING,17.71,5.5,LIGHT,75.39,LOW,RUNNING,15.28,4.33,LIGHT,70.59,LOW,RUNNING,19.6,6.86,LIGHT,79.79,LOW,RUNNING,17.86,4.56,LIGHT,74.17,LOW,RUNNING,15.79,3.5,LIGHT,69.99,LOW,RUNNING,29.13,52.0,281.5,0.25,22.0,COOLING,0.25,22.0,COOLING,0.25,22.0,COOLING,0.25,22.0,COOLING,24.769,22.542,22.025,22.524,22.965,24.769,22.025,2.744,1123.54,147.25,150.38,144.16,255.0,340.0,255.0,340.0,199.39,317.63,399.11,318.01,-532.84,187.72,152.9,192.22,875.0,875.0,875.0,875.0,170.09,117.6,82.39,119.39,1565.33,1190.0,1234.14,3500.0,489.47,1.0,0.0,0.0,1.0,22.5,TARGETED_WEST_COMPUTE_COOL,16.4478
1,Localized Heavy Compute,0,392,3920.0,14,3,4,3,4,93.07,84.65,HEAVY,288.31,VERY HIGH,HEAVY LOAD,89.23,79.28,HEAVY,275.46,VERY HIGH,HEAVY LOAD,91.11,82.05,HEAVY,281.96,VERY HIGH,HEAVY LOAD,89.19,80.42,HEAVY,277.12,VERY HIGH,HEAVY LOAD,15.92,4.72,LIGHT,71.98,LOW,RUNNING,17.83,5.59,LIGHT,75.67,LOW,RUNNING,15.39,4.38,LIGHT,70.81,LOW,RUNNING,19.59,6.82,LIGHT,79.72,LOW,RUNNING,17.75,4.47,LIGHT,73.89,LOW,RUNNING,15.67,3.45,LIGHT,69.76,LOW,RUNNING,29.13,52.0,281.7,0.25,22.0,COOLING,0.25,22.0,COOLING,0.25,22.0,COOLING,0.25,22.0,COOLING,24.772,22.544,22.027,22.526,22.967,24.772,22.027,2.745,1122.85,147.65,150.53,143.65,255.0,340.0,255.0,340.0,199.4,317.7,399.25,318.09,-533.08,187.83,152.92,192.33,875.0,875.0,875.0,875.0,169.17,118.18,82.7,119.07,1564.68,1190.0,1234.44,3500.0,489.12,1.0,0.0,0.0,1.0,22.5,TARGETED_WEST_COMPUTE_COOL,16.4655
1,Localized Heavy Compute,0,393,3930.0,14,3,4,3,4,93.15,84.58,HEAVY,288.31,VERY HIGH,HEAVY LOAD,89.14,79.15,HEAVY,275.15,VERY HIGH,HEAVY LOAD,90.93,81.97,HEAVY,281.62,VERY HIGH,HEAVY LOAD,89.09,80.48,HEAVY,277.08,VERY HIGH,HEAVY LOAD,15.98,4.79,LIGHT,72.16,LOW,RUNNING,17.96,5.67,LIGHT,75.95,LOW,RUNNING,15.48,4.4,LIGHT,70.95,LOW,RUNNING,19.56,6.76,LIGHT,79.59,LOW,RUNNING,17.62,4.38,LIGHT,73.59,LOW,RUNNING,15.57,3.41,LIGHT,69.58,LOW,RUNNING,29.14,52.0,281.9,0.25,22.0,COOLING,0.25,22.0,COOLING,0.25,22.0,COOLING,0.25,22.0,COOLING,24.775,22.546,22.029,22.528,22.97,24.775,22.029,2.746,1122.16,148.11,150.54,143.17,255.0,340.0,255.0,340.0,199.62,318.0,399.59,318.39,-533.31,187.94,152.93,192.44,875.0,875.0,875.0,875.0,168.47,119.05,83.06,119.0,1563.98,1190.0,1235.6,3500.0,489.58,1.0,0.0,0.0,1.0,22.5,TARGETED_WEST_COMPUTE_COOL,16.4836
1,Localized Heavy Compute,0,394,3940.0,14,3,4,3,4,93.19,84.48,HEAVY,288.21,VERY HIGH,HEAVY LOAD,89.01,79.02,HEAVY,274.79,VERY HIGH,HEAVY LOAD,90.76,81.92,HEAVY,281.33,VERY HIGH,HEAVY LOAD,89.03,80.56,HEAVY,277.13,VERY HIGH,HEAVY LOAD,16.06,4.87,LIGHT,72.38,LOW,RUNNING,18.1,5.75,LIGHT,76.25,LOW,RUNNING,15.55,4.4,LIGHT,71.04,LOW,RUNNING,19.5,6.68,LIGHT,79.39,LOW,RUNNING,17.49,4.3,LIGHT,73.31,LOW,RUNNING,15.49,3.4,LIGHT,69.46,LOW,RUNNING,29.14,52.0,282.1,0.25,22.0,COOLING,0.25,22.0,COOLING,0.25,22.0,COOLING,0.25,22.0,COOLING,24.778,22.548,22.031,22.53,22.972,24.778,22.031,2.747,1121.46,148.63,150.43,142.77,255.0,340.0,255.0,340.0,199.64,318.08,399.73,318.47,-533.55,188.05,152.95,192.55,875.0,875.0,875.0,875.0,167.55,119.76,83.11,118.79,1563.29,1190.0,1235.92,3500.0,489.21,1.0,0.0,0.0,1.0,22.5,TARGETED_WEST_COMPUTE_COOL,16.5017
1,Localized Heavy Compute,0,395,3950.0,14,3,4,3,4,93.2,84.37,HEAVY,288.06,VERY HIGH,HEAVY LOAD,88.86,78.9,HEAVY,274.43,VERY HIGH,HEAVY LOAD,90.59,81.9,HEAVY,281.09,VERY HIGH,HEAVY LOAD,89.0,80.66,HEAVY,277.24,VERY HIGH,HEAVY LOAD,16.16,4.96,LIGHT,72.64,LOW,RUNNING,18.23,5.81,LIGHT,76.5,LOW,RUNNING,15.59,4.38,LIGHT,71.06,LOW,RUNNING,19.41,6.6,LIGHT,79.16,LOW,RUNNING,17.35,4.23,LIGHT,73.03,LOW,RUNNING,15.43,3.41,LIGHT,69.4,LOW,RUNNING,29.15,52.0,282.3,0.25,22.0,COOLING,0.25,22.0,COOLING,0.25,22.0,COOLING,0.25,22.0,COOLING,24.781,22.55,22.033,22.532,22.974,24.781,22.033,2.748,1120.82,149.14,150.22,142.43,255.0,340.0,255.0,340.0,199.86,318.38,400.07,318.77,-533.78,188.16,152.97,192.66,875.0,875.0,875.0,875.0,166.9,120.68,83.26,118.86,1562.61,1190.0,1237.08,3500.0,489.7,1.0,0.0,0.0,1.0,22.5,TARGETED_WEST_COMPUTE_COOL,16.5202
1,Localized Heavy Compute,0,396,3960.0,14,3,4,3,4,93.16,84.24,HEAVY,287.81,VERY HIGH,HEAVY LOAD,88.69,78.79,HEAVY,274.05,VERY HIGH,HEAVY LOAD,90.45,81.91,HEAVY,280.93,VERY HIGH,HEAVY LOAD,89.01,80.77,HEAVY,277.42,VERY HIGH,HEAVY LOAD,16.27,5.05,LIGHT,72.91,LOW,RUNNING,18.35,5.86,LIGHT,76.73,LOW,RUNNING,15.6,4.34,LIGHT,71.01,LOW,RUNNING,19.3,6.51,LIGHT,78.89,LOW,RUNNING,17.23,4.17,LIGHT,72.79,LOW,RUNNING,15.4,3.43,LIGHT,69.39,LOW,RUNNING,29.15,52.0,282.5,0.25,22.0,COOLING,0.25,22.0,COOLING,0.25,22.0,COOLING,0.25,22.0,COOLING,24.784,22.552,22.035,22.534,22.976,24.784,22.035,2.749,1120.21,149.64,149.9,142.18,255.0,340.0,255.0,340.0,199.87,318.46,400.21,318.85,-534.02,188.27,152.98,192.77,875.0,875.0,875.0,875.0,166.06,121.37,83.09,118.8,1561.93,1190.0,1237.39,3500.0,489.32,1.0,0.0,0.0,1.0,22.5,TARGETED_WEST_COMPUTE_COOL,16.5388
1,Localized Heavy Compute,0,397,3970.0,14,3,4,3,4,93.08,84.11,HEAVY,287.51,VERY HIGH,HEAVY LOAD,88.52,78.7,HEAVY,273.7,VERY HIGH,HEAVY LOAD,90.34,81.95,HEAVY,280.85,VERY HIGH,HEAVY LOAD,89.07,80.9,HEAVY,277.69,VERY HIGH,HEAVY LOAD,16.4,5.13,LIGHT,73.19,LOW,RUNNING,18.45,5.89,LIGHT,76.9,LOW,RUNNING,15.58,4.29,LIGHT,70.91,LOW,RUNNING,19.18,6.42,LIGHT,78.6,LOW,RUNNING,17.11,4.13,LIGHT,72.58,LOW,RUNNING,15.4,3.48,LIGHT,69.47,LOW,RUNNING,29.15,52.0,282.7,0.25,22.0,COOLING,0.25,22.0,COOLING,0.25,22.0,COOLING,0.25,22.0,COOLING,24.787,22.554,22.037,22.536,22.979,24.787,22.037,2.75,1119.75,150.09,149.51,142.05,255.0,340.0,255.0,340.0,199.88,318.55,400.33,318.93,-534.25,188.38,152.99,192.88,875.0,875.0,875.0,875.0,165.38,122.02,82.83,118.86,1561.4,1190.0,1237.69,3500.0,489.09,1.0,0.0,0.0,1.0,22.5,TARGETED_WEST_COMPUTE_COOL,16.5579
1,Localized Heavy Compute,0,398,3980.0,14,3,4,3,4,92.97,83.98,HEAVY,287.18,VERY HIGH,HEAVY LOAD,88.34,78.64,HEAVY,273.38,VERY HIGH,HEAVY LOAD,90.25,82.02,HEAVY,280.84,VERY HIGH,HEAVY LOAD,89.16,81.04,HEAVY,278.01,VERY HIGH,HEAVY LOAD,16.54,5.21,LIGHT,73.49,LOW,RUNNING,18.52,5.9,LIGHT,77.0,LOW,RUNNING,15.53,4.22,LIGHT,70.74,LOW,RUNNING,19.05,6.34,LIGHT,78.32,LOW,RUNNING,17.02,4.1,LIGHT,72.43,LOW,RUNNING,15.44,3.54,LIGHT,69.61,LOW,RUNNING,29.16,52.0,282.9,0.25,22.0,COOLING,0.25,22.0,COOLING,0.25,22.0,COOLING,0.25,22.0,COOLING,24.79,22.557,22.039,22.538,22.981,24.79,22.039,2.751,1119.41,150.49,149.06,142.04,255.0,340.0,255.0,340.0,200.11,318.84,400.68,319.23,-534.49,188.49,153.01,192.99,875.0,875.0,875.0,875.0,165.03,122.82,82.75,119.26,1561.0,1190.0,1238.86,3500.0,489.86,1.0,0.0,0.0,1.0,22.5,TARGETED_WEST_COMPUTE_COOL,16.5773
1,Localized Heavy Compute,0,399,3990.0,14,3,4,3,4,92.83,83.85,HEAVY,286.81,VERY HIGH,HEAVY LOAD,88.17,78.61,HEAVY,273.13,VERY HIGH,HEAVY LOAD,90.21,82.11,HEAVY,280.93,VERY HIGH,HEAVY LOAD,89.28,81.17,HEAVY,278.36,VERY HIGH,HEAVY LOAD,16.67,5.28,LIGHT,73.76,LOW,RUNNING,18.58,5.89,LIGHT,77.06,LOW,RUNNING,15.45,4.14,LIGHT,70.52,LOW,RUNNING,18.91,6.26,LIGHT,78.03,LOW,RUNNING,16.95,4.1,LIGHT,72.34,LOW,RUNNING,15.5,3.61,LIGHT,69.79,LOW,RUNNING,29.16,52.0,283.1,0.25,22.0,COOLING,0.25,22.0,COOLING,0.25,22.0,COOLING,0.25,22.0,COOLING,24.793,22.56,22.041,22.54,22.983,24.793,22.041,2.752,1119.23,150.82,148.55,142.13,255.0,340.0,255.0,340.0,200.12,318.9,400.81,319.31,-534.61,188.37,153.13,193.11,875.0,875.0,875.0,875.0,164.74,123.09,82.49,119.55,1560.73,1190.0,1239.14,3500.0,489.87,1.0,0.0,0.0,1.0,22.5,TARGETED_WEST_COMPUTE_COOL,16.597
1,Localized Heavy Compute,0,400,4000.0,14,3,4,3,4,92.67,83.74,HEAVY,286.45,VERY HIGH,HEAVY LOAD,88.01,78.6,HEAVY,272.91,VERY HIGH,HEAVY LOAD,90.2,82.22,HEAVY,281.08,VERY HIGH,HEAVY LOAD,89.42,81.29,HEAVY,278.71,VERY HIGH,HEAVY LOAD,16.79,5.34,LIGHT,74.0,LOW,RUNNING,18.6,5.86,LIGHT,77.04,LOW,RUNNING,15.35,4.05,LIGHT,70.26,LOW,RUNNING,18.78,6.19,LIGHT,77.76,LOW,RUNNING,16.91,4.12,LIGHT,72.32,LOW,RUNNING,15.58,3.69,LIGHT,70.01,LOW,RUNNING,29.17,52.0,283.3,0.25,22.0,COOLING,0.25,22.0,COOLING,0.25,22.0,COOLING,0.25,22.0,COOLING,24.796,22.563,22.043,22.542,22.986,24.796,22.043,2.753,1119.15,151.04,148.02,142.33,255.0,340.0,255.0,340.0,200.35,319.18,401.16,319.61,-534.74,188.24,153.26,193.24,875.0,875.0,875.0,875.0,164.76,123.46,82.44,120.18,1560.54,1190.0,1240.3,3500.0,490.84,1.0,0.0,0.0,1.0,22.5,TARGETED_WEST_COMPUTE_COOL,16.6171
1,Localized Heavy Compute,0,401,4010.0,14,3,4,3,4,92.5,83.64,HEAVY,286.09,VERY HIGH,HEAVY LOAD,87.88,78.63,HEAVY,272.79,VERY HIGH,HEAVY LOAD,90.24,82.34,HEAVY,281.31,VERY HIGH,HEAVY LOAD,89.59,81.4,HEAVY,279.09,VERY HIGH,HEAVY LOAD,16.9,5.38,LIGHT,74.19,LOW,RUNNING,18.59,5.81,LIGHT,76.95,LOW,RUNNING,15.24,3.96,LIGHT,69.99,LOW,RUNNING,18.66,6.14,LIGHT,77.53,LOW,RUNNING,16.9,4.15,LIGHT,72.35,LOW,RUNNING,15.69,3.78,LIGHT,70.28,LOW,RUNNING,29.17,52.0,283.5,0.25,22.0,COOLING,0.25,22.0,COOLING,0.25,22.0,COOLING,0.25,22.0,COOLING,24.799,22.566,22.045,22.544,22.989,24.799,22.045,2.754,1119.28,151.14,147.52,142.63,255.0,340.0,255.0,340.0,200.35,319.24,401.29,319.69,-534.86,188.12,153.39,193.36,875.0,875.0,875.0,875.0,164.77,123.5,82.2,120.68,1560.57,1190.0,1240.57,3500.0,491.15,1.0,0.0,0.0,1.0,22.5,TARGETED_WEST_COMPUTE_COOL,16.6374
1,Localized Heavy Compute,0,402,4020.0,14,3,4,3,4,92.32,83.56,HEAVY,285.74,VERY HIGH,HEAVY LOAD,87.79,78.68,HEAVY,272.76,VERY HIGH,HEAVY LOAD,90.31,82.48,HEAVY,281.61,VERY HIGH,HEAVY LOAD,89.77,81.49,HEAVY,279.45,VERY HIGH,HEAVY LOAD,16.99,5.4,LIGHT,74.34,LOW,RUNNING,18.55,5.75,LIGHT,76.81,LOW,RUNNING,15.11,3.87,LIGHT,69.69,LOW,RUNNING,18.56,6.11,LIGHT,77.37,LOW,RUNNING,16.92,4.21,LIGHT,72.47,LOW,RUNNING,15.81,3.87,LIGHT,70.57,LOW,RUNNING,29.18,52.0,283.8,0.25,22.0,COOLING,0.25,22.0,COOLING,0.25,22.0,COOLING,0.25,22.0,COOLING,24.802,22.569,22.047,22.546,22.991,24.802,22.047,2.755,1119.56,151.15,147.06,143.04,255.0,340.0,255.0,340.0,200.61,319.58,401.72,320.05,-534.99,187.99,153.51,193.49,875.0,875.0,875.0,875.0,165.18,123.72,82.29,121.58,1560.81,1190.0,1241.96,3500.0,492.77,1.0,0.0,0.0,1.0,22.5,TARGETED_WEST_COMPUTE_COOL,16.6581
1,Localized Heavy Compute,0,403,4030.0,14,3,4,3,4,92.14,83.52,HEAVY,285.45,VERY HIGH,HEAVY LOAD,87.72,78.76,HEAVY,272.79,VERY HIGH,HEAVY LOAD,90.42,82.61,HEAVY,281.94,VERY HIGH,HEAVY LOAD,89.95,81.56,HEAVY,279.78,VERY HIGH,HEAVY LOAD,17.06,5.4,LIGHT,74.42,LOW,RUNNING,18.49,5.68,LIGHT,76.63,LOW,RUNNING,14.97,3.79,LIGHT,69.4,LOW,RUNNING,18.48,6.1,LIGHT,77.25,LOW,RUNNING,16.97,4.27,LIGHT,72.62,LOW,RUNNING,15.94,3.96,LIGHT,70.86,LOW,RUNNING,29.18,52.0,284.0,0.25,22.0,COOLING,0.25,22.0,COOLING,0.25,22.0,COOLING,0.25,22.0,COOLING,24.805,22.572,22.049,22.548,22.993,24.805,22.049,2.756,1119.96,151.05,146.65,143.48,255.0,340.0,255.0,340.0,200.63,319.64,401.86,320.13,-535.12,187.87,153.63,193.62,875.0,875.0,875.0,875.0,165.47,123.56,82.14,122.23,1561.14,1190.0,1242.26,3500.0,493.4,1.0,0.0,0.0,1.0,22.5,TARGETED_WEST_COMPUTE_COOL,16.6789
1,Localized Heavy Compute,0,404,4040.0,14,3,4,3,4,91.98,83.5,HEAVY,285.23,VERY HIGH,HEAVY LOAD,87.7,78.87,HEAVY,272.93,VERY HIGH,HEAVY LOAD,90.55,82.74,HEAVY,282.3,VERY HIGH,HEAVY LOAD,90.12,81.59,HEAVY,280.04,VERY HIGH,HEAVY LOAD,17.09,5.38,LIGHT,74.43,LOW,RUNNING,18.4,5.59,LIGHT,76.39,LOW,RUNNING,14.84,3.72,LIGHT,69.13,LOW,RUNNING,18.43,6.11,LIGHT,77.2,LOW,RUNNING,17.04,4.35,LIGHT,72.83,LOW,RUNNING,16.08,4.03,LIGHT,71.14,LOW,RUNNING,29.18,52.0,284.2,0.25,22.0,COOLING,0.25,22.0,COOLING,0.25,22.0,COOLING,0.25,22.0,COOLING,24.808,22.575,22.051,22.551,22.996,24.808,22.051,2.757,1120.5,150.82,146.33,143.97,255.0,340.0,255.0,340.0,200.64,319.69,401.99,320.21,-535.24,187.74,153.76,193.74,875.0,875.0,875.0,875.0,165.9,123.25,82.08,122.92,1561.62,1190.0,1242.53,3500.0,494.15,1.0,0.0,0.0,1.0,22.5,TARGETED_WEST_COMPUTE_COOL,16.6998
1,Localized Heavy Compute,0,405,4050.0,14,3,4,3,4,91.84,83.51,HEAVY,285.07,VERY HIGH,HEAVY LOAD,87.72,78.99,HEAVY,273.13,VERY HIGH,HEAVY LOAD,90.71,82.86,HEAVY,282.68,VERY HIGH,HEAVY LOAD,90.27,81.6,HEAVY,280.24,VERY HIGH,HEAVY LOAD,17.1,5.34,LIGHT,74.39,LOW,RUNNING,18.29,5.5,LIGHT,76.11,LOW,RUNNING,14.72,3.67,LIGHT,68.91,LOW,RUNNING,18.4,6.14,LIGHT,77.21,LOW,RUNNING,17.14,4.44,LIGHT,73.08,LOW,RUNNING,16.21,4.1,LIGHT,71.41,LOW,RUNNING,29.19,52.0,284.4,0.25,22.0,COOLING,0.25,22.0,COOLING,0.25,22.0,COOLING,0.25,22.0,COOLING,24.811,22.578,22.053,22.554,22.999,24.811,22.053,2.758,1121.12,150.5,146.12,144.49,255.0,340.0,255.0,340.0,200.86,319.97,402.34,320.49,-535.26,187.63,154.0,193.63,875.0,875.0,875.0,875.0,166.72,123.1,82.46,123.61,1562.23,1190.0,1243.66,3500.0,495.89,1.0,0.0,0.0,1.0,22.5,TARGETED_WEST_COMPUTE_COOL,16.7209
1,Localized Heavy Compute,0,406,4060.0,14,3,4,3,4,91.73,83.55,HEAVY,284.99,VERY HIGH,HEAVY LOAD,87.77,79.12,HEAVY,273.39,VERY HIGH,HEAVY LOAD,90.89,82.95,HEAVY,283.04,VERY HIGH,HEAVY LOAD,90.41,81.58,HEAVY,280.38,VERY HIGH,HEAVY LOAD,17.08,5.28,LIGHT,74.27,LOW,RUNNING,18.17,5.41,LIGHT,75.83,LOW,RUNNING,14.61,3.62,LIGHT,68.69,LOW,RUNNING,18.41,6.18,LIGHT,77.28,LOW,RUNNING,17.25,4.53,LIGHT,73.36,LOW,RUNNING,16.33,4.15,LIGHT,71.64,LOW,RUNNING,29.19,52.0,284.6,0.25,22.0,COOLING,0.25,22.0,COOLING,0.25,22.0,COOLING,0.25,22.0,COOLING,24.814,22.581,22.055,22.557,23.002,24.814,22.055,2.759,1121.8,150.1,145.97,145.0,255.0,340.0,255.0,340.0,200.87,320.04,402.47,320.55,-535.27,187.52,154.23,193.52,875.0,875.0,875.0,875.0,167.4,122.66,82.67,124.07,1562.87,1190.0,1243.93,3500.0,496.8,1.0,0.0,0.0,1.0,22.5,TARGETED_WEST_COMPUTE_COOL,16.742
1,Localized Heavy Compute,0,407,4070.0,14,3,4,3,4,91.65,83.62,HEAVY,284.99,VERY HIGH,HEAVY LOAD,87.86,79.25,HEAVY,273.7,VERY HIGH,HEAVY LOAD,91.07,83.03,HEAVY,283.38,VERY HIGH,HEAVY LOAD,90.51,81.52,HEAVY,280.42,VERY HIGH,HEAVY LOAD,17.02,5.21,LIGHT,74.09,LOW,RUNNING,18.04,5.33,LIGHT,75.55,LOW,RUNNING,14.52,3.6,LIGHT,68.55,LOW,RUNNING,18.44,6.24,LIGHT,77.41,LOW,RUNNING,17.38,4.62,LIGHT,73.66,LOW,RUNNING,16.43,4.19,LIGHT,71.82,LOW,RUNNING,29.2,52.0,284.8,0.25,22.0,COOLING,0.25,22.0,COOLING,0.25,22.0,COOLING,0.25,22.0,COOLING,24.817,22.583,22.057,22.56,23.004,24.817,22.057,2.76,1122.49,149.64,145.96,145.48,255.0,340.0,255.0,340.0,201.1,320.31,402.82,320.82,-535.29,187.41,154.46,193.41,875.0,875.0,875.0,875.0,168.3,122.36,83.24,124.71,1563.57,1190.0,1245.05,3500.0,498.61,1.0,0.0,0.0,1.0,22.5,TARGETED_WEST_COMPUTE_COOL,16.7631
1,Localized Heavy Compute,0,408,4080.0,14,3,4,3,4,91.61,83.72,HEAVY,285.09,VERY HIGH,HEAVY LOAD,87.99,79.38,HEAVY,274.06,VERY HIGH,HEAVY LOAD,91.24,83.08,HEAVY,283.67,VERY HIGH,HEAVY LOAD,90.57,81.44,HEAVY,280.37,VERY HIGH,HEAVY LOAD,16.94,5.13,LIGHT,73.87,LOW,RUNNING,17.9,5.25,LIGHT,75.25,LOW,RUNNING,14.45,3.6,LIGHT,68.46,LOW,RUNNING,18.5,6.32,LIGHT,77.61,LOW,RUNNING,17.51,4.7,LIGHT,73.94,LOW,RUNNING,16.51,4.2,LIGHT,71.94,LOW,RUNNING,29.2,52.0,285.0,0.25,22.0,COOLING,0.25,22.0,COOLING,0.25,22.0,COOLING,0.25,22.0,COOLING,24.82,22.585,22.059,22.563,23.007,24.82,22.059,2.761,1123.19,149.12,146.07,145.88,255.0,340.0,255.0,340.0,201.11,320.39,402.94,320.88,-535.41,187.54,154.59,193.29,875.0,875.0,875.0,875.0,168.89,122.05,83.6,125.05,1564.26,1190.0,1245.32,3500.0,499.59,1.0,0.0,0.0,1.0,22.5,TARGETED_WEST_COMPUTE_COOL,16.7841
1,Localized Heavy Compute,0,409,4090.0,14,3,4,3,4,91.6,83.83,HEAVY,285.25,VERY HIGH,HEAVY LOAD,88.14,79.5,HEAVY,274.43,VERY HIGH,HEAVY LOAD,91.41,83.1,HEAVY,283.91,VERY HIGH,HEAVY LOAD,90.6,81.34,HEAVY,280.26,VERY HIGH,HEAVY LOAD,16.84,5.04,LIGHT,73.61,LOW,RUNNING,17.77,5.19,LIGHT,75.0,LOW,RUNNING,14.41,3.62,LIGHT,68.44,LOW,RUNNING,18.59,6.4,LIGHT,77.84,LOW,RUNNING,17.65,4.77,LIGHT,74.22,LOW,RUNNING,16.57,4.19,LIGHT,72.0,LOW,RUNNING,29.2,52.0,285.2,0.25,22.0,COOLING,0.25,22.0,COOLING,0.25,22.0,COOLING,0.25,22.0,COOLING,24.823,22.587,22.061,22.566,23.009,24.823,22.061,2.762,1123.85,148.61,146.28,146.22,255.0,340.0,255.0,340.0,201.12,320.47,403.08,320.95,-535.54,187.66,154.71,193.16,875.0,875.0,875.0,875.0,169.43,121.74,84.07,125.33,1564.96,1190.0,1245.62,3500.0,500.57,1.0,0.0,0.0,1.0,22.5,TARGETED_WEST_COMPUTE_COOL,16.8048
1,Localized Heavy Compute,0,410,4100.0,14,3,4,3,4,91.64,83.96,HEAVY,285.49,VERY HIGH,HEAVY LOAD,88.31,79.61,HEAVY,274.8,VERY HIGH,HEAVY LOAD,91.55,83.09,HEAVY,284.07,VERY HIGH,HEAVY LOAD,90.59,81.23,HEAVY,280.08,VERY HIGH,HEAVY LOAD,16.73,4.95,LIGHT,73.34,LOW,RUNNING,17.65,5.14,LIGHT,74.77,LOW,RUNNING,14.4,3.66,LIGHT,68.49,LOW,RUNNING,18.7,6.49,LIGHT,78.11,LOW,RUNNING,17.77,4.83,LIGHT,74.46,LOW,RUNNING,16.6,4.17,LIGHT,72.0,LOW,RUNNING,29.21,52.0,285.4,0.25,22.0,COOLING,0.25,22.0,COOLING,0.25,22.0,COOLING,0.25,22.0,COOLING,24.826,22.589,22.063,22.569,23.012,24.826,22.063,2.763,1124.44,148.11,146.6,146.46,255.0,340.0,255.0,340.0,201.34,320.77,403.42,321.23,-535.66,187.79,154.84,193.04,875.0,875.0,875.0,875.0,170.12,121.67,84.86,125.73,1565.61,1190.0,1246.76,3500.0,502.38,1.0,0.0,0.0,1.0,22.5,TARGETED_WEST_COMPUTE_COOL,16.8255
1,Localized Heavy Compute,0,411,4110.0,14,3,4,3,4,91.72,84.09,HEAVY,285.78,VERY HIGH,HEAVY LOAD,88.48,79.7,HEAVY,275.15,VERY HIGH,HEAVY LOAD,91.66,83.05,HEAVY,284.15,VERY HIGH,HEAVY LOAD,90.53,81.1,HEAVY,279.81,VERY HIGH,HEAVY LOAD,16.6,4.87,LIGHT,73.06,LOW,RUNNING,17.55,5.11,LIGHT,74.6,LOW,RUNNING,14.42,3.71,LIGHT,68.59,LOW,RUNNING,18.82,6.58,LIGHT,78.4,LOW,RUNNING,17.89,4.87,LIGHT,74.67,LOW,RUNNING,16.6,4.12,LIGHT,71.93,LOW,RUNNING,29.21,52.0,285.6,0.25,22.0,COOLING,0.25,22.0,COOLING,0.25,22.0,COOLING,0.25,22.0,COOLING,24.829,22.591,22.065,22.572,23.014,24.829,22.065,2.764,1124.89,147.66,146.99,146.6,255.0,340.0,255.0,340.0,201.36,320.85,403.56,321.28,-535.79,187.91,154.97,192.91,875.0,875.0,875.0,875.0,170.46,121.42,85.52,125.79,1566.14,1190.0,1247.05,3500.0,503.19,1.0,0.0,0.0,1.0,22.5,TARGETED_WEST_COMPUTE_COOL,16.8458
1,Localized Heavy Compute,0,412,4120.0,14,3,4,3,4,91.83,84.22,HEAVY,286.12,VERY HIGH,HEAVY LOAD,88.66,79.76,HEAVY,275.47,VERY HIGH,HEAVY LOAD,91.75,82.98,HEAVY,284.16,VERY HIGH,HEAVY LOAD,90.44,80.96,HEAVY,279.49,VERY HIGH,HEAVY LOAD,16.46,4.79,LIGHT,72.76,LOW,RUNNING,17.48,5.1,LIGHT,74.5,LOW,RUNNING,14.47,3.78,LIGHT,68.76,LOW,RUNNING,18.95,6.66,LIGHT,78.68,LOW,RUNNING,17.98,4.9,LIGHT,74.82,LOW,RUNNING,16.56,4.06,LIGHT,71.79,LOW,RUNNING,29.22,52.0,285.8,0.25,22.0,COOLING,0.25,22.0,COOLING,0.25,22.0,COOLING,0.25,22.0,COOLING,24.832,22.593,22.067,22.575,23.017,24.832,22.067,2.765,1125.24,147.26,147.44,146.61,255.0,340.0,255.0,340.0,201.58,321.14,403.9,321.55,-535.91,188.03,155.09,192.79,875.0,875.0,875.0,875.0,170.91,121.43,86.43,125.95,1566.55,1190.0,1248.17,3500.0,504.72,1.0,0.0,0.0,1.0,22.5,TARGETED_WEST_COMPUTE_COOL,16.866
1,Localized Heavy Compute,0,413,4130.0,14,3,4,3,4,91.97,84.35,HEAVY,286.49,VERY HIGH,HEAVY LOAD,88.83,79.79,HEAVY,275.72,VERY HIGH,HEAVY LOAD,91.79,82.89,HEAVY,284.07,VERY HIGH,HEAVY LOAD,90.32,80.83,HEAVY,279.14,VERY HIGH,HEAVY LOAD,16.33,4.72,LIGHT,72.49,LOW,RUNNING,17.42,5.11,LIGHT,74.44,LOW,RUNNING,14.55,3.86,LIGHT,68.98,LOW,RUNNING,19.09,6.74,LIGHT,78.97,LOW,RUNNING,18.05,4.9,LIGHT,74.91,LOW,RUNNING,16.5,3.99,LIGHT,71.61,LOW,RUNNING,29.22,52.0,286.0,0.25,22.0,COOLING,0.25,22.0,COOLING,0.25,22.0,COOLING,0.25,22.0,COOLING,24.835,22.595,22.069,22.578,23.019,24.835,22.069,2.766,1125.42,146.93,147.95,146.52,255.0,340.0,255.0,340.0,201.59,321.23,404.04,321.62,-536.04,188.16,155.21,192.66,875.0,875.0,875.0,875.0,170.97,121.32,87.2,125.8,1566.82,1190.0,1248.48,3500.0,505.29,1.0,0.0,0.0,1.0,22.5,TARGETED_WEST_COMPUTE_COOL,16.8858
1,Localized Heavy Compute,0,414,4140.0,14,3,4,3,4,92.13,84.46,HEAVY,286.85,VERY HIGH,HEAVY LOAD,88.99,79.8,HEAVY,275.94,VERY HIGH,HEAVY LOAD,91.8,82.78,HEAVY,283.92,VERY HIGH,HEAVY LOAD,90.18,80.71,HEAVY,278.79,VERY HIGH,HEAVY LOAD,16.21,4.66,LIGHT,72.25,LOW,RUNNING,17.4,5.14,LIGHT,74.46,LOW,RUNNING,14.65,3.95,LIGHT,69.24,LOW,RUNNING,19.22,6.81,LIGHT,79.24,LOW,RUNNING,18.09,4.88,LIGHT,74.93,LOW,RUNNING,16.42,3.91,LIGHT,71.39,LOW,RUNNING,29.23,52.0,286.2,0.25,22.0,COOLING,0.25,22.0,COOLING,0.25,22.0,COOLING,0.25,22.0,COOLING,24.838,22.597,22.071,22.581,23.022,24.838,22.071,2.767,1125.5,146.71,148.48,146.32,255.0,340.0,255.0,340.0,201.82,321.53,404.38,321.9,-536.16,188.29,155.34,192.54,875.0,875.0,875.0,875.0,171.16,121.53,88.2,125.76,1567.01,1190.0,1249.63,3500.0,506.65,1.0,0.0,0.0,1.0,22.5,TARGETED_WEST_COMPUTE_COOL,16.9056
1,Localized Heavy Compute,0,415,4150.0,14,3,4,3,4,92.3,84.56,HEAVY,287.22,VERY HIGH,HEAVY LOAD,89.12,79.77,HEAVY,276.06,VERY HIGH,HEAVY LOAD,91.76,82.66,HEAVY,283.69,VERY HIGH,HEAVY LOAD,90.01,80.6,HEAVY,278.41,VERY HIGH,HEAVY LOAD,16.1,4.62,LIGHT,72.06,LOW,RUNNING,17.41,5.19,LIGHT,74.55,LOW,RUNNING,14.76,4.04,LIGHT,69.51,LOW,RUNNING,19.34,6.86,LIGHT,79.47,LOW,RUNNING,18.1,4.85,LIGHT,74.9,LOW,RUNNING,16.31,3.82,LIGHT,71.12,LOW,RUNNING,29.23,52.0,286.5,0.25,22.0,COOLING,0.25,22.0,COOLING,0.25,22.0,COOLING,0.25,22.0,COOLING,24.841,22.599,22.073,22.584,23.024,24.841,22.073,2.768,1125.38,146.61,148.98,146.02,255.0,340.0,255.0,340.0,201.87,321.67,404.61,322.01,-536.29,188.41,155.46,192.41,875.0,875.0,875.0,875.0,170.96,121.69,89.05,125.44,1566.99,1190.0,1250.16,3500.0,507.14,1.0,0.0,0.0,1.0,22.5,TARGETED_WEST_COMPUTE_COOL,16.9249
1,Localized Heavy Compute,0,416,4160.0,14,3,4,3,4,92.48,84.64,HEAVY,287.56,VERY HIGH,HEAVY LOAD,89.21,79.72,HEAVY,276.09,VERY HIGH,HEAVY LOAD,91.69,82.52,HEAVY,283.39,VERY HIGH,HEAVY LOAD,89.83,80.51,HEAVY,278.05,VERY HIGH,HEAVY LOAD,16.01,4.6,LIGHT,71.91,LOW,RUNNING,17.45,5.25,LIGHT,74.69,LOW,RUNNING,14.89,4.13,LIGHT,69.81,LOW,RUNNING,19.44,6.89,LIGHT,79.63,LOW,RUNNING,18.08,4.79,LIGHT,74.78,LOW,RUNNING,16.19,3.73,LIGHT,70.83,LOW,RUNNING,29.23,52.0,286.7,0.25,22.0,COOLING,0.25,22.0,COOLING,0.25,22.0,COOLING,0.25,22.0,COOLING,24.844,22.601,22.075,22.587,23.027,24.844,22.075,2.769,1125.09,146.6,149.44,145.61,255.0,340.0,255.0,340.0,201.87,321.76,404.74,322.08,-536.41,188.54,155.59,192.29,875.0,875.0,875.0,875.0,170.55,121.9,89.77,124.98,1566.74,1190.0,1250.45,3500.0,507.2,1.0,0.0,0.0,1.0,22.5,TARGETED_WEST_COMPUTE_COOL,16.9441
1,Localized Heavy Compute,0,417,4170.0,14,3,4,3,4,92.66,84.68,HEAVY,287.85,VERY HIGH,HEAVY LOAD,89.28,79.64,HEAVY,276.06,VERY HIGH,HEAVY LOAD,91.58,82.39,HEAVY,283.06,VERY HIGH,HEAVY LOAD,89.65,80.44,HEAVY,277.72,VERY HIGH,HEAVY LOAD,15.94,4.6,LIGHT,71.83,LOW,RUNNING,17.51,5.32,LIGHT,74.87,LOW,RUNNING,15.03,4.21,LIGHT,70.1,LOW,RUNNING,19.52,6.9,LIGHT,79.75,LOW,RUNNING,18.03,4.73,LIGHT,74.63,LOW,RUNNING,16.06,3.64,LIGHT,70.53,LOW,RUNNING,29.24,52.0,286.9,0.25,22.0,COOLING,0.25,22.0,COOLING,0.25,22.0,COOLING,0.25,22.0,COOLING,24.847,22.603,22.077,22.59,23.029,24.847,22.077,2.77,1124.69,146.7,149.85,145.16,255.0,340.0,255.0,340.0,202.1,322.05,405.09,322.35,-536.54,188.66,155.72,192.16,875.0,875.0,875.0,875.0,170.25,122.41,90.66,124.67,1566.4,1190.0,1251.59,3500.0,507.99,1.0,0.0,0.0,1.0,22.5,TARGETED_WEST_COMPUTE_COOL,16.9634
1,Localized Heavy Compute,0,418,4180.0,14,3,4,3,4,92.82,84.7,HEAVY,288.07,VERY HIGH,HEAVY LOAD,89.3,79.53,HEAVY,275.92,VERY HIGH,HEAVY LOAD,91.45,82.26,HEAVY,282.7,VERY HIGH,HEAVY LOAD,89.48,80.41,HEAVY,277.47,VERY HIGH,HEAVY LOAD,15.91,4.62,LIGHT,71.82,LOW,RUNNING,17.6,5.41,LIGHT,75.11,LOW,RUNNING,15.16,4.28,LIGHT,70.37,LOW,RUNNING,19.57,6.89,LIGHT,79.8,LOW,RUNNING,17.96,4.65,LIGHT,74.43,LOW,RUNNING,15.92,3.57,LIGHT,70.26,LOW,RUNNING,29.24,52.0,287.1,0.25,22.0,COOLING,0.25,22.0,COOLING,0.25,22.0,COOLING,0.25,22.0,COOLING,24.85,22.606,22.079,22.593,23.032,24.85,22.079,2.771,1124.16,146.93,150.17,144.69,255.0,340.0,255.0,340.0,202.11,322.14,405.21,322.41,-536.66,188.78,155.84,192.04,875.0,875.0,875.0,875.0,169.61,122.85,91.22,124.14,1565.95,1190.0,1251.87,3500.0,507.82,1.0,0.0,0.0,1.0,22.5,TARGETED_WEST_COMPUTE_COOL,16.9826
1,Localized Heavy Compute,0,419,4190.0,14,3,4,3,4,92.96,84.69,HEAVY,288.24,VERY HIGH,HEAVY LOAD,89.28,79.41,HEAVY,275.72,VERY HIGH,HEAVY LOAD,91.29,82.14,HEAVY,282.32,VERY HIGH,HEAVY LOAD,89.33,80.4,HEAVY,277.26,VERY HIGH,HEAVY LOAD,15.9,4.66,LIGHT,71.86,LOW,RUNNING,17.71,5.5,LIGHT,75.39,LOW,RUNNING,15.28,4.33,LIGHT,70.59,LOW,RUNNING,19.6,6.86,LIGHT,79.79,LOW,RUNNING,17.86,4.56,LIGHT,74.17,LOW,RUNNING,15.79,3.5,LIGHT,69.99,LOW,RUNNING,29.25,52.0,287.3,0.25,22.0,COOLING,0.25,22.0,COOLING,0.25,22.0,COOLING,0.25,22.0,COOLING,24.853,22.609,22.081,22.596,23.035,24.853,22.081,2.772,1123.54,147.25,150.38,144.16,255.0,340.0,255.0,340.0,202.34,322.41,405.57,322.69,-536.68,188.67,156.08,191.93,875.0,875.0,875.0,875.0,169.2,123.33,92.03,123.78,1565.33,1190.0,1253.01,3500.0,508.34,1.0,0.0,0.0,1.0,22.5,TARGETED_WEST_COMPUTE_COOL,17.0019
1,Localized Heavy Compute,0,420,4200.0,14,3,4,3,4,93.07,84.65,HEAVY,288.31,VERY HIGH,HEAVY LOAD,89.23,79.28,HEAVY,275.46,VERY HIGH,HEAVY LOAD,91.11,82.05,HEAVY,281.96,VERY HIGH,HEAVY LOAD,89.19,80.42,HEAVY,277.12,VERY HIGH,HEAVY LOAD,15.92,4.72,LIGHT,71.98,LOW,RUNNING,17.83,5.59,LIGHT,75.67,LOW,RUNNING,15.39,4.38,LIGHT,70.81,LOW,RUNNING,19.59,6.82,LIGHT,79.72,LOW,RUNNING,17.75,4.47,LIGHT,73.89,LOW,RUNNING,15.67,3.45,LIGHT,69.76,LOW,RUNNING,29.25,52.0,287.5,0.25,22.0,COOLING,0.25,22.0,COOLING,0.25,22.0,COOLING,0.25,22.0,COOLING,24.856,22.612,22.083,22.599,23.038,24.856,22.083,2.773,1122.85,147.65,150.53,143.65,255.0,340.0,255.0,340.0,202.35,322.47,405.69,322.75,-536.69,188.56,156.31,191.82,875.0,875.0,875.0,875.0,168.51,123.68,92.53,123.22,1564.68,1190.0,1253.26,3500.0,507.94,1.0,0.0,0.0,1.0,22.5,TARGETED_WEST_COMPUTE_COOL,17.0212
1,Localized Heavy Compute,0,421,4210.0,14,3,4,3,4,93.15,84.58,HEAVY,288.31,VERY HIGH,HEAVY LOAD,89.14,79.15,HEAVY,275.15,VERY HIGH,HEAVY LOAD,90.93,81.97,HEAVY,281.62,VERY HIGH,HEAVY LOAD,89.09,80.48,HEAVY,277.08,VERY HIGH,HEAVY LOAD,15.98,4.79,LIGHT,72.16,LOW,RUNNING,17.96,5.67,LIGHT,75.95,LOW,RUNNING,15.48,4.4,LIGHT,70.95,LOW,RUNNING,19.56,6.76,LIGHT,79.59,LOW,RUNNING,17.62,4.38,LIGHT,73.59,LOW,RUNNING,15.57,3.41,LIGHT,69.58,LOW,RUNNING,29.25,52.0,287.7,0.25,22.0,COOLING,0.25,22.0,COOLING,0.25,22.0,COOLING,0.25,22.0,COOLING,24.859,22.615,22.085,22.602,23.04,24.859,22.085,2.774,1122.16,148.11,150.54,143.17,255.0,340.0,255.0,340.0,202.36,322.53,405.83,322.81,-536.71,188.46,156.55,191.7,875.0,875.0,875.0,875.0,167.81,124.1,92.92,122.68,1563.98,1190.0,1253.53,3500.0,507.51,1.0,0.0,0.0,1.0,22.5,TARGETED_WEST_COMPUTE_COOL,17.0407
1,Localized Heavy Compute,0,422,4220.0,14,3,4,3,4,93.19,84.48,HEAVY,288.21,VERY HIGH,HEAVY LOAD,89.01,79.02,HEAVY,274.79,VERY HIGH,HEAVY LOAD,90.76,81.92,HEAVY,281.33,VERY HIGH,HEAVY LOAD,89.03,80.56,HEAVY,277.13,VERY HIGH,HEAVY LOAD,16.06,4.87,LIGHT,72.38,LOW,RUNNING,18.1,5.75,LIGHT,76.25,LOW,RUNNING,15.55,4.4,LIGHT,71.04,LOW,RUNNING,19.5,6.68,LIGHT,79.39,LOW,RUNNING,17.49,4.3,LIGHT,73.31,LOW,RUNNING,15.49,3.4,LIGHT,69.46,LOW,RUNNING,29.26,52.0,287.9,0.25,22.0,COOLING,0.25,22.0,COOLING,0.25,22.0,COOLING,0.25,22.0,COOLING,24.862,22.618,22.087,22.604,23.043,24.862,22.087,2.775,1121.46,148.63,150.43,142.77,255.0,340.0,255.0,340.0,202.58,322.81,406.17,323.09,-536.72,188.35,156.78,191.6,875.0,875.0,875.0,875.0,167.32,124.79,93.38,122.46,1563.29,1190.0,1254.65,3500.0,507.95,1.0,0.0,0.0,1.0,22.5,TARGETED_WEST_COMPUTE_COOL,17.0605
1,Localized Heavy Compute,0,423,4230.0,14,3,4,3,4,93.2,84.37,HEAVY,288.06,VERY HIGH,HEAVY LOAD,88.86,78.9,HEAVY,274.43,VERY HIGH,HEAVY LOAD,90.59,81.9,HEAVY,281.09,VERY HIGH,HEAVY LOAD,89.0,80.66,HEAVY,277.24,VERY HIGH,HEAVY LOAD,16.16,4.96,LIGHT,72.64,LOW,RUNNING,18.23,5.81,LIGHT,76.5,LOW,RUNNING,15.59,4.38,LIGHT,71.06,LOW,RUNNING,19.41,6.6,LIGHT,79.16,LOW,RUNNING,17.35,4.23,LIGHT,73.03,LOW,RUNNING,15.43,3.41,LIGHT,69.4,LOW,RUNNING,29.26,52.0,288.1,0.25,22.0,COOLING,0.25,22.0,COOLING,0.25,22.0,COOLING,0.25,22.0,COOLING,24.865,22.621,22.089,22.606,23.045,24.865,22.089,2.776,1120.82,149.14,150.22,142.43,255.0,340.0,255.0,340.0,202.6,322.86,406.31,323.16,-536.84,188.22,156.9,191.72,875.0,875.0,875.0,875.0,166.58,125.22,93.43,122.31,1562.61,1190.0,1254.93,3500.0,507.54,1.0,0.0,0.0,1.0,22.5,TARGETED_WEST_COMPUTE_COOL,17.0804
1,Localized Heavy Compute,0,424,4240.0,14,3,4,3,4,93.16,84.24,HEAVY,287.81,VERY HIGH,HEAVY LOAD,88.69,78.79,HEAVY,274.05,VERY HIGH,HEAVY LOAD,90.45,81.91,HEAVY,280.93,VERY HIGH,HEAVY LOAD,89.01,80.77,HEAVY,277.42,VERY HIGH,HEAVY LOAD,16.27,5.05,LIGHT,72.91,LOW,RUNNING,18.35,5.86,LIGHT,76.73,LOW,RUNNING,15.6,4.34,LIGHT,71.01,LOW,RUNNING,19.3,6.51,LIGHT,78.89,LOW,RUNNING,17.23,4.17,LIGHT,72.79,LOW,RUNNING,15.4,3.43,LIGHT,69.39,LOW,RUNNING,29.27,52.0,288.3,0.25,22.0,COOLING,0.25,22.0,COOLING,0.25,22.0,COOLING,0.25,22.0,COOLING,24.868,22.624,22.091,22.608,23.048,24.868,22.091,2.777,1120.21,149.64,149.9,142.18,255.0,340.0,255.0,340.0,202.82,323.14,406.65,323.47,-536.97,188.09,157.03,191.84,875.0,875.0,875.0,875.0,166.06,125.87,93.58,122.49,1561.93,1190.0,1256.08,3500.0,508.0,1.0,0.0,0.0,1.0,22.5,TARGETED_WEST_COMPUTE_COOL,17.1006
1,Localized Heavy Compute,0,425,4250.0,14,3,4,3,4,93.08,84.11,HEAVY,287.51,VERY HIGH,HEAVY LOAD,88.52,78.7,HEAVY,273.7,VERY HIGH,HEAVY LOAD,90.34,81.95,HEAVY,280.85,VERY HIGH,HEAVY LOAD,89.07,80.9,HEAVY,277.69,VERY HIGH,HEAVY LOAD,16.4,5.13,LIGHT,73.19,LOW,RUNNING,18.45,5.89,LIGHT,76.9,LOW,RUNNING,15.58,4.29,LIGHT,70.91,LOW,RUNNING,19.18,6.42,LIGHT,78.6,LOW,RUNNING,17.11,4.13,LIGHT,72.58,LOW,RUNNING,15.4,3.48,LIGHT,69.47,LOW,RUNNING,29.27,52.0,288.5,0.25,22.0,COOLING,0.25,22.0,COOLING,0.25,22.0,COOLING,0.25,22.0,COOLING,24.871,22.627,22.093,22.611,23.05,24.871,22.093,2.778,1119.75,150.09,149.51,142.05,255.0,340.0,255.0,340.0,202.83,323.2,406.79,323.54,-537.09,187.97,157.15,191.97,875.0,875.0,875.0,875.0,165.49,126.26,93.45,122.56,1561.4,1190.0,1256.36,3500.0,507.76,1.0,0.0,0.0,1.0,22.5,TARGETED_WEST_COMPUTE_COOL,17.1213
1,Localized Heavy Compute,0,426,4260.0,14,3,4,3,4,92.97,83.98,HEAVY,287.18,VERY HIGH,HEAVY LOAD,88.34,78.64,HEAVY,273.38,VERY HIGH,HEAVY LOAD,90.25,82.02,HEAVY,280.84,VERY HIGH,HEAVY LOAD,89.16,81.04,HEAVY,278.01,VERY HIGH,HEAVY LOAD,16.54,5.21,LIGHT,73.49,LOW,RUNNING,18.52,5.9,LIGHT,77.0,LOW,RUNNING,15.53,4.22,LIGHT,70.74,LOW,RUNNING,19.05,6.34,LIGHT,78.32,LOW,RUNNING,17.02,4.1,LIGHT,72.43,LOW,RUNNING,15.44,3.54,LIGHT,69.61,LOW,RUNNING,29.27,52.0,288.8,0.25,22.0,COOLING,0.25,22.0,COOLING,0.25,22.0,COOLING,0.25,22.0,COOLING,24.874,22.63,22.095,22.614,23.053,24.874,22.095,2.779,1119.41,150.49,149.06,142.04,255.0,340.0,255.0,340.0,202.88,323.32,407.01,323.67,-537.11,187.86,157.39,191.86,875.0,875.0,875.0,875.0,165.18,126.67,93.46,122.57,1561.0,1190.0,1256.88,3500.0,507.88,1.0,0.0,0.0,1.0,22.5,TARGETED_WEST_COMPUTE_COOL,17.1422
1,Localized Heavy Compute,0,427,4270.0,14,3,4,3,4,92.83,83.85,HEAVY,286.81,VERY HIGH,HEAVY LOAD,88.17,78.61,HEAVY,273.13,VERY HIGH,HEAVY LOAD,90.21,82.11,HEAVY,280.93,VERY HIGH,HEAVY LOAD,89.28,81.17,HEAVY,278.36,VERY HIGH,HEAVY LOAD,16.67,5.28,LIGHT,73.76,LOW,RUNNING,18.58,5.89,LIGHT,77.06,LOW,RUNNING,15.45,4.14,LIGHT,70.52,LOW,RUNNING,18.91,6.26,LIGHT,78.03,LOW,RUNNING,16.95,4.1,LIGHT,72.34,LOW,RUNNING,15.5,3.61,LIGHT,69.79,LOW,RUNNING,29.28,52.0,289.0,0.25,22.0,COOLING,0.25,22.0,COOLING,0.25,22.0,COOLING,0.25,22.0,COOLING,24.877,22.633,22.097,22.617,23.056,24.877,22.097,2.78,1119.23,150.82,148.55,142.13,255.0,340.0,255.0,340.0,203.11,323.6,407.35,323.94,-537.12,187.75,157.63,191.75,875.0,875.0,875.0,875.0,165.22,127.17,93.53,122.82,1560.73,1190.0,1258.0,3500.0,508.74,1.0,0.0,0.0,1.0,22.5,TARGETED_WEST_COMPUTE_COOL,17.1637
1,Localized Heavy Compute,0,428,4280.0,14,3,4,3,4,92.67,83.74,HEAVY,286.45,VERY HIGH,HEAVY LOAD,88.01,78.6,HEAVY,272.91,VERY HIGH,HEAVY LOAD,90.2,82.22,HEAVY,281.08,VERY HIGH,HEAVY LOAD,89.42,81.29,HEAVY,278.71,VERY HIGH,HEAVY LOAD,16.79,5.34,LIGHT,74.0,LOW,RUNNING,18.6,5.86,LIGHT,77.04,LOW,RUNNING,15.35,4.05,LIGHT,70.26,LOW,RUNNING,18.78,6.19,LIGHT,77.76,LOW,RUNNING,16.91,4.12,LIGHT,72.32,LOW,RUNNING,15.58,3.69,LIGHT,70.01,LOW,RUNNING,29.28,52.0,289.2,0.25,22.0,COOLING,0.25,22.0,COOLING,0.25,22.0,COOLING,0.25,22.0,COOLING,24.88,22.636,22.099,22.62,23.059,24.88,22.099,2.781,1119.15,151.04,148.02,142.33,255.0,340.0,255.0,340.0,203.11,323.66,407.48,324.0,-537.14,187.64,157.86,191.64,875.0,875.0,875.0,875.0,165.12,127.34,93.36,122.97,1560.54,1190.0,1258.25,3500.0,508.79,1.0,0.0,0.0,1.0,22.5,TARGETED_WEST_COMPUTE_COOL,17.1854
1,Localized Heavy Compute,0,429,4290.0,14,3,4,3,4,92.5,83.64,HEAVY,286.09,VERY HIGH,HEAVY LOAD,87.88,78.63,HEAVY,272.79,VERY HIGH,HEAVY LOAD,90.24,82.34,HEAVY,281.31,VERY HIGH,HEAVY LOAD,89.59,81.4,HEAVY,279.09,VERY HIGH,HEAVY LOAD,16.9,5.38,LIGHT,74.19,LOW,RUNNING,18.59,5.81,LIGHT,76.95,LOW,RUNNING,15.24,3.96,LIGHT,69.99,LOW,RUNNING,18.66,6.14,LIGHT,77.53,LOW,RUNNING,16.9,4.15,LIGHT,72.35,LOW,RUNNING,15.69,3.78,LIGHT,70.28,LOW,RUNNING,29.29,52.0,289.4,0.25,22.0,COOLING,0.25,22.0,COOLING,0.25,22.0,COOLING,0.25,22.0,COOLING,24.883,22.639,22.101,22.623,23.061,24.883,22.101,2.782,1119.28,151.14,147.52,142.63,255.0,340.0,255.0,340.0,203.33,323.94,407.83,324.28,-537.15,187.53,158.09,191.53,875.0,875.0,875.0,875.0,165.46,127.61,93.44,123.44,1560.57,1190.0,1259.38,3500.0,509.95,1.0,0.0,0.0,1.0,22.5,TARGETED_WEST_COMPUTE_COOL,17.2076
1,Localized Heavy Compute,0,430,4300.0,14,3,4,3,4,92.32,83.56,HEAVY,285.74,VERY HIGH,HEAVY LOAD,87.79,78.68,HEAVY,272.76,VERY HIGH,HEAVY LOAD,90.31,82.48,HEAVY,281.61,VERY HIGH,HEAVY LOAD,89.77,81.49,HEAVY,279.45,VERY HIGH,HEAVY LOAD,16.99,5.4,LIGHT,74.34,LOW,RUNNING,18.55,5.75,LIGHT,76.81,LOW,RUNNING,15.11,3.87,LIGHT,69.69,LOW,RUNNING,18.56,6.11,LIGHT,77.37,LOW,RUNNING,16.92,4.21,LIGHT,72.47,LOW,RUNNING,15.81,3.87,LIGHT,70.57,LOW,RUNNING,29.29,52.0,289.6,0.25,22.0,COOLING,0.25,22.0,COOLING,0.25,22.0,COOLING,0.25,22.0,COOLING,24.886,22.642,22.103,22.626,23.064,24.886,22.103,2.783,1119.56,151.15,147.06,143.04,255.0,340.0,255.0,340.0,203.35,324.0,407.96,324.34,-537.17,187.42,158.33,191.42,875.0,875.0,875.0,875.0,165.74,127.57,93.35,123.8,1560.81,1190.0,1259.65,3500.0,510.46,1.0,0.0,0.0,1.0,22.5,TARGETED_WEST_COMPUTE_COOL,17.2299
1,Localized Heavy Compute,0,431,4310.0,14,3,4,3,4,92.14,83.52,HEAVY,285.45,VERY HIGH,HEAVY LOAD,87.72,78.76,HEAVY,272.79,VERY HIGH,HEAVY LOAD,90.42,82.61,HEAVY,281.94,VERY HIGH,HEAVY LOAD,89.95,81.56,HEAVY,279.78,VERY HIGH,HEAVY LOAD,17.06,5.4,LIGHT,74.42,LOW,RUNNING,18.49,5.68,LIGHT,76.63,LOW,RUNNING,14.97,3.79,LIGHT,69.4,LOW,RUNNING,18.48,6.1,LIGHT,77.25,LOW,RUNNING,16.97,4.27,LIGHT,72.62,LOW,RUNNING,15.94,3.96,LIGHT,70.86,LOW,RUNNING,29.3,52.0,289.8,0.25,22.0,COOLING,0.25,22.0,COOLING,0.25,22.0,COOLING,0.25,22.0,COOLING,24.889,22.645,22.105,22.629,23.067,24.889,22.105,2.784,1119.96,151.05,146.65,143.48,255.0,340.0,255.0,340.0,203.57,324.27,408.31,324.61,-537.18,187.31,158.56,191.31,875.0,875.0,875.0,875.0,166.35,127.63,93.52,124.4,1561.14,1190.0,1260.76,3500.0,511.9,1.0,0.0,0.0,1.0,22.5,TARGETED_WEST_COMPUTE_COOL,17.2526
1,Localized Heavy Compute,0,432,4320.0,14,3,4,3,4,91.98,83.5,HEAVY,285.23,VERY HIGH,HEAVY LOAD,87.7,78.87,HEAVY,272.93,VERY HIGH,HEAVY LOAD,90.55,82.74,HEAVY,282.3,VERY HIGH,HEAVY LOAD,90.12,81.59,HEAVY,280.04,VERY HIGH,HEAVY LOAD,17.09,5.38,LIGHT,74.43,LOW,RUNNING,18.4,5.59,LIGHT,76.39,LOW,RUNNING,14.84,3.72,LIGHT,69.13,LOW,RUNNING,18.43,6.11,LIGHT,77.2,LOW,RUNNING,17.04,4.35,LIGHT,72.83,LOW,RUNNING,16.08,4.03,LIGHT,71.14,LOW,RUNNING,29.3,52.0,290.0,0.25,22.0,COOLING,0.25,22.0,COOLING,0.25,22.0,COOLING,0.25,22.0,COOLING,24.892,22.648,22.107,22.632,23.07,24.892,22.107,2.785,1120.5,150.82,146.33,143.97,255.0,340.0,255.0,340.0,203.59,324.33,408.44,324.68,-537.2,187.2,158.8,191.2,875.0,875.0,875.0,875.0,166.89,127.35,93.57,124.85,1561.62,1190.0,1261.04,3500.0,512.66,1.0,0.0,0.0,1.0,22.5,TARGETED_WEST_COMPUTE_COOL,17.2753
1,Localized Heavy Compute,0,433,4330.0,14,3,4,3,4,91.84,83.51,HEAVY,285.07,VERY HIGH,HEAVY LOAD,87.72,78.99,HEAVY,273.13,VERY HIGH,HEAVY LOAD,90.71,82.86,HEAVY,282.68,VERY HIGH,HEAVY LOAD,90.27,81.6,HEAVY,280.24,VERY HIGH,HEAVY LOAD,17.1,5.34,LIGHT,74.39,LOW,RUNNING,18.29,5.5,LIGHT,76.11,LOW,RUNNING,14.72,3.67,LIGHT,68.91,LOW,RUNNING,18.4,6.14,LIGHT,77.21,LOW,RUNNING,17.14,4.44,LIGHT,73.08,LOW,RUNNING,16.21,4.1,LIGHT,71.41,LOW,RUNNING,29.3,52.0,290.2,0.25,22.0,COOLING,0.25,22.0,COOLING,0.25,22.0,COOLING,0.25,22.0,COOLING,24.895,22.651,22.109,22.635,23.073,24.895,22.109,2.786,1121.12,150.5,146.12,144.49,255.0,340.0,255.0,340.0,203.6,324.4,408.57,324.74,-537.21,187.09,159.04,191.09,875.0,875.0,875.0,875.0,167.51,126.99,93.73,125.32,1562.23,1190.0,1261.31,3500.0,513.55,1.0,0.0,0.0,1.0,22.5,TARGETED_WEST_COMPUTE_COOL,17.2982
1,Localized Heavy Compute,0,434,4340.0,14,3,4,3,4,91.73,83.55,HEAVY,284.99,VERY HIGH,HEAVY LOAD,87.77,79.12,HEAVY,273.39,VERY HIGH,HEAVY LOAD,90.89,82.95,HEAVY,283.04,VERY HIGH,HEAVY LOAD,90.41,81.58,HEAVY,280.38,VERY HIGH,HEAVY LOAD,17.08,5.28,LIGHT,74.27,LOW,RUNNING,18.17,5.41,LIGHT,75.83,LOW,RUNNING,14.61,3.62,LIGHT,68.69,LOW,RUNNING,18.41,6.18,LIGHT,77.28,LOW,RUNNING,17.25,4.53,LIGHT,73.36,LOW,RUNNING,16.33,4.15,LIGHT,71.64,LOW,RUNNING,29.31,52.0,290.4,0.25,22.0,COOLING,0.25,22.0,COOLING,0.25,22.0,COOLING,0.25,22.0,COOLING,24.898,22.654,22.111,22.638,23.075,24.898,22.111,2.787,1121.8,150.1,145.97,145.0,255.0,340.0,255.0,340.0,203.82,324.67,408.92,325.01,-537.23,186.98,159.27,190.98,875.0,875.0,875.0,875.0,168.39,126.75,94.16,125.99,1562.87,1190.0,1262.42,3500.0,515.29,1.0,0.0,0.0,1.0,22.5,TARGETED_WEST_COMPUTE_COOL,17.3211
1,Localized Heavy Compute,0,435,4350.0,14,3,4,3,4,91.65,83.62,HEAVY,284.99,VERY HIGH,HEAVY LOAD,87.86,79.25,HEAVY,273.7,VERY HIGH,HEAVY LOAD,91.07,83.03,HEAVY,283.38,VERY HIGH,HEAVY LOAD,90.51,81.52,HEAVY,280.42,VERY HIGH,HEAVY LOAD,17.02,5.21,LIGHT,74.09,LOW,RUNNING,18.04,5.33,LIGHT,75.55,LOW,RUNNING,14.52,3.6,LIGHT,68.55,LOW,RUNNING,18.44,6.24,LIGHT,77.41,LOW,RUNNING,17.38,4.62,LIGHT,73.66,LOW,RUNNING,16.43,4.19,LIGHT,71.82,LOW,RUNNING,29.31,52.0,290.6,0.25,22.0,COOLING,0.25,22.0,COOLING,0.25,22.0,COOLING,0.25,22.0,COOLING,24.901,22.657,22.113,22.641,23.078,24.901,22.113,2.788,1122.49,149.64,145.96,145.48,255.0,340.0,255.0,340.0,203.83,324.72,409.05,325.07,-537.24,186.87,159.51,190.87,875.0,875.0,875.0,875.0,169.08,126.23,94.52,126.42,1563.57,1190.0,1262.67,3500.0,516.25,1.0,0.0,0.0,1.0,22.5,TARGETED_WEST_COMPUTE_COOL,17.344
1,Localized Heavy Compute,0,436,4360.0,14,3,4,3,4,91.61,83.72,HEAVY,285.09,VERY HIGH,HEAVY LOAD,87.99,79.38,HEAVY,274.06,VERY HIGH,HEAVY LOAD,91.24,83.08,HEAVY,283.67,VERY HIGH,HEAVY LOAD,90.57,81.44,HEAVY,280.37,VERY HIGH,HEAVY LOAD,16.94,5.13,LIGHT,73.87,LOW,RUNNING,17.9,5.25,LIGHT,75.25,LOW,RUNNING,14.45,3.6,LIGHT,68.46,LOW,RUNNING,18.5,6.32,LIGHT,77.61,LOW,RUNNING,17.51,4.7,LIGHT,73.94,LOW,RUNNING,16.51,4.2,LIGHT,71.94,LOW,RUNNING,29.32,52.0,290.8,0.25,22.0,COOLING,0.25,22.0,COOLING,0.25,22.0,COOLING,0.25,22.0,COOLING,24.904,22.66,22.115,22.644,23.081,24.904,22.115,2.789,1123.19,149.12,146.07,145.88,255.0,340.0,255.0,340.0,204.06,325.0,409.4,325.35,-537.26,186.76,159.74,190.76,875.0,875.0,875.0,875.0,169.99,125.88,95.21,126.99,1564.26,1190.0,1263.81,3500.0,518.07,1.0,0.0,0.0,1.0,22.5,TARGETED_WEST_COMPUTE_COOL,17.3668
1,Localized Heavy Compute,0,437,4370.0,14,3,4,3,4,91.6,83.83,HEAVY,285.25,VERY HIGH,HEAVY LOAD,88.14,79.5,HEAVY,274.43,VERY HIGH,HEAVY LOAD,91.41,83.1,HEAVY,283.91,VERY HIGH,HEAVY LOAD,90.6,81.34,HEAVY,280.26,VERY HIGH,HEAVY LOAD,16.84,5.04,LIGHT,73.61,LOW,RUNNING,17.77,5.19,LIGHT,75.0,LOW,RUNNING,14.41,3.62,LIGHT,68.44,LOW,RUNNING,18.59,6.4,LIGHT,77.84,LOW,RUNNING,17.65,4.77,LIGHT,74.22,LOW,RUNNING,16.57,4.19,LIGHT,72.0,LOW,RUNNING,29.32,52.0,291.0,0.25,22.0,COOLING,0.25,22.0,COOLING,0.25,22.0,COOLING,0.25,22.0,COOLING,24.907,22.663,22.117,22.647,23.084,24.907,22.117,2.79,1123.85,148.61,146.28,146.22,255.0,340.0,255.0,340.0,204.06,325.07,409.53,325.41,-537.28,186.65,159.98,190.65,875.0,875.0,875.0,875.0,170.63,125.33,95.79,127.28,1564.96,1190.0,1264.07,3500.0,519.03,1.0,0.0,0.0,1.0,22.5,TARGETED_WEST_COMPUTE_COOL,17.3894
1,Localized Heavy Compute,0,438,4380.0,14,3,4,3,4,91.64,83.96,HEAVY,285.49,VERY HIGH,HEAVY LOAD,88.31,79.61,HEAVY,274.8,VERY HIGH,HEAVY LOAD,91.55,83.09,HEAVY,284.07,VERY HIGH,HEAVY LOAD,90.59,81.23,HEAVY,280.08,VERY HIGH,HEAVY LOAD,16.73,4.95,LIGHT,73.34,LOW,RUNNING,17.65,5.14,LIGHT,74.77,LOW,RUNNING,14.4,3.66,LIGHT,68.49,LOW,RUNNING,18.7,6.49,LIGHT,78.11,LOW,RUNNING,17.77,4.83,LIGHT,74.46,LOW,RUNNING,16.6,4.17,LIGHT,72.0,LOW,RUNNING,29.32,52.0,291.2,0.25,22.0,COOLING,0.25,22.0,COOLING,0.25,22.0,COOLING,0.25,22.0,COOLING,24.91,22.666,22.119,22.65,23.086,24.91,22.119,2.791,1124.44,148.11,146.6,146.46,255.0,340.0,255.0,340.0,204.08,325.13,409.66,325.47,-537.29,186.54,160.21,190.54,875.0,875.0,875.0,875.0,171.23,124.78,96.47,127.47,1565.61,1190.0,1264.34,3500.0,519.95,1.0,0.0,0.0,1.0,22.5,TARGETED_WEST_COMPUTE_COOL,17.4118
1,Localized Heavy Compute,0,439,4390.0,14,3,4,3,4,91.72,84.09,HEAVY,285.78,VERY HIGH,HEAVY LOAD,88.48,79.7,HEAVY,275.15,VERY HIGH,HEAVY LOAD,91.66,83.05,HEAVY,284.15,VERY HIGH,HEAVY LOAD,90.53,81.1,HEAVY,279.81,VERY HIGH,HEAVY LOAD,16.6,4.87,LIGHT,73.06,LOW,RUNNING,17.55,5.11,LIGHT,74.6,LOW,RUNNING,14.42,3.71,LIGHT,68.59,LOW,RUNNING,18.82,6.58,LIGHT,78.4,LOW,RUNNING,17.89,4.87,LIGHT,74.67,LOW,RUNNING,16.6,4.12,LIGHT,71.93,LOW,RUNNING,29.33,52.0,291.5,0.25,22.0,COOLING,0.25,22.0,COOLING,0.25,22.0,COOLING,0.25,22.0,COOLING,24.914,22.669,22.121,22.653,23.089,24.914,22.121,2.793,1124.89,147.66,146.99,146.6,255.0,340.0,255.0,340.0,204.34,325.47,410.1,325.81,-537.31,186.43,160.44,190.43,875.0,875.0,875.0,875.0,171.92,124.56,97.53,127.84,1566.14,1190.0,1265.72,3500.0,521.85,1.0,0.0,0.0,1.0,22.5,TARGETED_WEST_COMPUTE_COOL,17.4482
1,Localized Heavy Compute,0,440,4400.0,14,3,4,3,4,91.83,84.22,HEAVY,286.12,VERY HIGH,HEAVY LOAD,88.66,79.76,HEAVY,275.47,VERY HIGH,HEAVY LOAD,91.75,82.98,HEAVY,284.16,VERY HIGH,HEAVY LOAD,90.44,80.96,HEAVY,279.49,VERY HIGH,HEAVY LOAD,16.46,4.79,LIGHT,72.76,LOW,RUNNING,17.48,5.1,LIGHT,74.5,LOW,RUNNING,14.47,3.78,LIGHT,68.76,LOW,RUNNING,18.95,6.66,LIGHT,78.68,LOW,RUNNING,17.98,4.9,LIGHT,74.82,LOW,RUNNING,16.56,4.06,LIGHT,71.79,LOW,RUNNING,29.33,52.0,291.7,0.25,22.0,COOLING,0.25,22.0,COOLING,0.25,22.0,COOLING,0.25,22.0,COOLING,24.918,22.672,22.123,22.656,23.092,24.918,22.123,2.795,1125.24,147.26,147.44,146.61,255.0,340.0,255.0,340.0,204.33,325.52,410.23,325.87,-537.56,186.43,160.7,190.43,875.0,875.0,875.0,875.0,172.01,124.21,98.37,127.91,1566.55,1190.0,1265.95,3500.0,522.5,1.0,0.0,0.0,1.0,22.5,TARGETED_WEST_COMPUTE_COOL,17.4838
1,Localized Heavy Compute,0,441,4410.0,14,3,4,3,4,91.97,84.35,HEAVY,286.49,VERY HIGH,HEAVY LOAD,88.83,79.79,HEAVY,275.72,VERY HIGH,HEAVY LOAD,91.79,82.89,HEAVY,284.07,VERY HIGH,HEAVY LOAD,90.32,80.83,HEAVY,279.14,VERY HIGH,HEAVY LOAD,16.33,4.72,LIGHT,72.49,LOW,RUNNING,17.42,5.11,LIGHT,74.44,LOW,RUNNING,14.55,3.86,LIGHT,68.98,LOW,RUNNING,19.09,6.74,LIGHT,78.97,LOW,RUNNING,18.05,4.9,LIGHT,74.91,LOW,RUNNING,16.5,3.99,LIGHT,71.61,LOW,RUNNING,29.34,52.0,291.9,0.25,22.0,COOLING,0.25,22.0,COOLING,0.25,22.0,COOLING,0.25,22.0,COOLING,24.922,22.675,22.125,22.659,23.095,24.922,22.125,2.797,1125.42,146.93,147.95,146.52,255.0,340.0,255.0,340.0,204.53,325.8,410.58,326.15,-537.8,186.43,160.94,190.43,875.0,875.0,875.0,875.0,172.15,124.16,99.47,128.1,1566.82,1190.0,1267.06,3500.0,523.88,1.0,0.0,0.0,1.0,22.5,TARGETED_WEST_COMPUTE_COOL,17.5194
1,Localized Heavy Compute,0,442,4420.0,14,3,4,3,4,92.13,84.46,HEAVY,286.85,VERY HIGH,HEAVY LOAD,88.99,79.8,HEAVY,275.94,VERY HIGH,HEAVY LOAD,91.8,82.78,HEAVY,283.92,VERY HIGH,HEAVY LOAD,90.18,80.71,HEAVY,278.79,VERY HIGH,HEAVY LOAD,16.21,4.66,LIGHT,72.25,LOW,RUNNING,17.4,5.14,LIGHT,74.46,LOW,RUNNING,14.65,3.95,LIGHT,69.24,LOW,RUNNING,19.22,6.81,LIGHT,79.24,LOW,RUNNING,18.09,4.88,LIGHT,74.93,LOW,RUNNING,16.42,3.91,LIGHT,71.39,LOW,RUNNING,29.34,52.0,292.1,0.25,22.0,COOLING,0.25,22.0,COOLING,0.25,22.0,COOLING,0.25,22.0,COOLING,24.926,22.678,22.127,22.662,23.098,24.926,22.127,2.799,1125.5,146.71,148.48,146.32,255.0,340.0,255.0,340.0,204.53,325.86,410.71,326.2,-538.06,186.43,161.19,190.43,875.0,875.0,875.0,875.0,171.97,124.0,100.38,127.95,1567.01,1190.0,1267.3,3500.0,524.3,1.0,0.0,0.0,1.0,22.5,TARGETED_WEST_COMPUTE_COOL,17.5547
1,Localized Heavy Compute,0,443,4430.0,14,3,4,3,4,92.3,84.56,HEAVY,287.22,VERY HIGH,HEAVY LOAD,89.12,79.77,HEAVY,276.06,VERY HIGH,HEAVY LOAD,91.76,82.66,HEAVY,283.69,VERY HIGH,HEAVY LOAD,90.01,80.6,HEAVY,278.41,VERY HIGH,HEAVY LOAD,16.1,4.62,LIGHT,72.06,LOW,RUNNING,17.41,5.19,LIGHT,74.55,LOW,RUNNING,14.76,4.04,LIGHT,69.51,LOW,RUNNING,19.34,6.86,LIGHT,79.47,LOW,RUNNING,18.1,4.85,LIGHT,74.9,LOW,RUNNING,16.31,3.82,LIGHT,71.12,LOW,RUNNING,29.35,52.0,292.3,0.25,22.0,COOLING,0.25,22.0,COOLING,0.25,22.0,COOLING,0.25,22.0,COOLING,24.93,22.681,22.129,22.665,23.101,24.93,22.129,2.801,1125.38,146.61,148.98,146.02,255.0,340.0,255.0,340.0,204.73,326.14,411.05,326.48,-538.3,186.43,161.45,190.43,875.0,875.0,875.0,875.0,171.81,124.18,101.48,127.93,1566.99,1190.0,1268.4,3500.0,525.4,1.0,0.0,0.0,1.0,22.5,TARGETED_WEST_COMPUTE_COOL,17.5898
1,Localized Heavy Compute,0,444,4440.0,14,3,4,3,4,92.48,84.64,HEAVY,287.56,VERY HIGH,HEAVY LOAD,89.21,79.72,HEAVY,276.09,VERY HIGH,HEAVY LOAD,91.69,82.52,HEAVY,283.39,VERY HIGH,HEAVY LOAD,89.83,80.51,HEAVY,278.05,VERY HIGH,HEAVY LOAD,16.01,4.6,LIGHT,71.91,LOW,RUNNING,17.45,5.25,LIGHT,74.69,LOW,RUNNING,14.89,4.13,LIGHT,69.81,LOW,RUNNING,19.44,6.89,LIGHT,79.63,LOW,RUNNING,18.08,4.79,LIGHT,74.78,LOW,RUNNING,16.19,3.73,LIGHT,70.83,LOW,RUNNING,29.35,52.0,292.5,0.25,22.0,COOLING,0.25,22.0,COOLING,0.25,22.0,COOLING,0.25,22.0,COOLING,24.933,22.684,22.131,22.668,23.104,24.933,22.131,2.802,1125.09,146.6,149.44,145.61,255.0,340.0,255.0,340.0,204.72,326.19,411.19,326.54,-538.55,186.43,161.69,190.43,875.0,875.0,875.0,875.0,171.26,124.22,102.32,127.58,1566.74,1190.0,1268.64,3500.0,525.38,1.0,0.0,0.0,1.0,22.5,TARGETED_WEST_COMPUTE_COOL,17.6105
1,Localized Heavy Compute,0,445,4450.0,14,3,4,3,4,92.66,84.68,HEAVY,287.85,VERY HIGH,HEAVY LOAD,89.28,79.64,HEAVY,276.06,VERY HIGH,HEAVY LOAD,91.58,82.39,HEAVY,283.06,VERY HIGH,HEAVY LOAD,89.65,80.44,HEAVY,277.72,VERY HIGH,HEAVY LOAD,15.94,4.6,LIGHT,71.83,LOW,RUNNING,17.51,5.32,LIGHT,74.87,LOW,RUNNING,15.03,4.21,LIGHT,70.1,LOW,RUNNING,19.52,6.9,LIGHT,79.75,LOW,RUNNING,18.03,4.73,LIGHT,74.63,LOW,RUNNING,16.06,3.64,LIGHT,70.53,LOW,RUNNING,29.35,52.0,292.7,0.25,22.0,COOLING,0.25,22.0,COOLING,0.25,22.0,COOLING,0.25,22.0,COOLING,24.936,22.687,22.133,22.671,23.107,24.936,22.133,2.803,1124.69,146.7,149.85,145.16,255.0,340.0,255.0,340.0,204.73,326.26,411.32,326.6,-538.57,186.32,161.93,190.32,875.0,875.0,875.0,875.0,170.85,124.28,103.1,127.08,1566.4,1190.0,1268.91,3500.0,525.31,1.0,0.0,0.0,1.0,22.5,TARGETED_WEST_COMPUTE_COOL,17.6316
1,Localized Heavy Compute,0,446,4460.0,14,3,4,3,4,92.82,84.7,HEAVY,288.07,VERY HIGH,HEAVY LOAD,89.3,79.53,HEAVY,275.92,VERY HIGH,HEAVY LOAD,91.45,82.26,HEAVY,282.7,VERY HIGH,HEAVY LOAD,89.48,80.41,HEAVY,277.47,VERY HIGH,HEAVY LOAD,15.91,4.62,LIGHT,71.82,LOW,RUNNING,17.6,5.41,LIGHT,75.11,LOW,RUNNING,15.16,4.28,LIGHT,70.37,LOW,RUNNING,19.57,6.89,LIGHT,79.8,LOW,RUNNING,17.96,4.65,LIGHT,74.43,LOW,RUNNING,15.92,3.57,LIGHT,70.26,LOW,RUNNING,29.36,52.0,292.9,0.25,22.0,COOLING,0.25,22.0,COOLING,0.25,22.0,COOLING,0.25,22.0,COOLING,24.939,22.69,22.135,22.674,23.11,24.939,22.135,2.804,1124.16,146.93,150.17,144.69,255.0,340.0,255.0,340.0,204.96,326.53,411.67,326.87,-538.59,186.21,162.17,190.21,875.0,875.0,875.0,875.0,170.53,124.67,104.01,126.77,1565.95,1190.0,1270.03,3500.0,525.98,1.0,0.0,0.0,1.0,22.5,TARGETED_WEST_COMPUTE_COOL,17.6528
1,Localized Heavy Compute,0,447,4470.0,14,3,4,3,4,92.96,84.69,HEAVY,288.24,VERY HIGH,HEAVY LOAD,89.28,79.41,HEAVY,275.72,VERY HIGH,HEAVY LOAD,91.29,82.14,HEAVY,282.32,VERY HIGH,HEAVY LOAD,89.33,80.4,HEAVY,277.26,VERY HIGH,HEAVY LOAD,15.9,4.66,LIGHT,71.86,LOW,RUNNING,17.71,5.5,LIGHT,75.39,LOW,RUNNING,15.28,4.33,LIGHT,70.59,LOW,RUNNING,19.6,6.86,LIGHT,79.79,LOW,RUNNING,17.86,4.56,LIGHT,74.17,LOW,RUNNING,15.79,3.5,LIGHT,69.99,LOW,RUNNING,29.36,52.0,293.1,0.25,22.0,COOLING,0.25,22.0,COOLING,0.25,22.0,COOLING,0.25,22.0,COOLING,24.942,22.693,22.137,22.677,23.112,24.942,22.137,2.805,1123.54,147.25,150.38,144.16,255.0,340.0,255.0,340.0,204.96,326.59,411.8,326.94,-538.6,186.1,162.4,190.1,875.0,875.0,875.0,875.0,169.9,124.94,104.58,126.2,1565.33,1190.0,1270.29,3500.0,525.62,1.0,0.0,0.0,1.0,22.5,TARGETED_WEST_COMPUTE_COOL,17.6739
1,Localized Heavy Compute,0,448,4480.0,14,3,4,3,4,93.07,84.65,HEAVY,288.31,VERY HIGH,HEAVY LOAD,89.23,79.28,HEAVY,275.46,VERY HIGH,HEAVY LOAD,91.11,82.05,HEAVY,281.96,VERY HIGH,HEAVY LOAD,89.19,80.42,HEAVY,277.12,VERY HIGH,HEAVY LOAD,15.92,4.72,LIGHT,71.98,LOW,RUNNING,17.83,5.59,LIGHT,75.67,LOW,RUNNING,15.39,4.38,LIGHT,70.81,LOW,RUNNING,19.59,6.82,LIGHT,79.72,LOW,RUNNING,17.75,4.47,LIGHT,73.89,LOW,RUNNING,15.67,3.45,LIGHT,69.76,LOW,RUNNING,29.37,52.0,293.3,0.25,22.0,COOLING,0.25,22.0,COOLING,0.25,22.0,COOLING,0.25,22.0,COOLING,24.945,22.696,22.139,22.68,23.115,24.945,22.139,2.806,1122.85,147.65,150.53,143.65,255.0,340.0,255.0,340.0,205.19,326.87,412.15,327.21,-538.62,185.99,162.63,189.99,875.0,875.0,875.0,875.0,169.42,125.51,105.31,125.85,1564.68,1190.0,1271.42,3500.0,526.09,1.0,0.0,0.0,1.0,22.5,TARGETED_WEST_COMPUTE_COOL,17.6951
1,Localized Heavy Compute,0,449,4490.0,14,3,4,3,4,93.15,84.58,HEAVY,288.31,VERY HIGH,HEAVY LOAD,89.14,79.15,HEAVY,275.15,VERY HIGH,HEAVY LOAD,90.93,81.97,HEAVY,281.62,VERY HIGH,HEAVY LOAD,89.09,80.48,HEAVY,277.08,VERY HIGH,HEAVY LOAD,15.98,4.79,LIGHT,72.16,LOW,RUNNING,17.96,5.67,LIGHT,75.95,LOW,RUNNING,15.48,4.4,LIGHT,70.95,LOW,RUNNING,19.56,6.76,LIGHT,79.59,LOW,RUNNING,17.62,4.38,LIGHT,73.59,LOW,RUNNING,15.57,3.41,LIGHT,69.58,LOW,RUNNING,29.37,52.0,293.5,0.25,22.0,COOLING,0.25,22.0,COOLING,0.25,22.0,COOLING,0.25,22.0,COOLING,24.948,22.699,22.141,22.683,23.118,24.948,22.141,2.807,1122.16,148.11,150.54,143.17,255.0,340.0,255.0,340.0,205.2,326.93,412.28,327.28,-538.63,185.88,162.87,189.88,875.0,875.0,875.0,875.0,168.73,125.92,105.69,125.33,1563.98,1190.0,1271.69,3500.0,525.67,1.0,0.0,0.0,1.0,22.5,TARGETED_WEST_COMPUTE_COOL,17.7165
1,Localized Heavy Compute,0,450,4500.0,14,3,4,3,4,93.19,84.48,HEAVY,288.21,VERY HIGH,HEAVY LOAD,89.01,79.02,HEAVY,274.79,VERY HIGH,HEAVY LOAD,90.76,81.92,HEAVY,281.33,VERY HIGH,HEAVY LOAD,89.03,80.56,HEAVY,277.13,VERY HIGH,HEAVY LOAD,16.06,4.87,LIGHT,72.38,LOW,RUNNING,18.1,5.75,LIGHT,76.25,LOW,RUNNING,15.55,4.4,LIGHT,71.04,LOW,RUNNING,19.5,6.68,LIGHT,79.39,LOW,RUNNING,17.49,4.3,LIGHT,73.31,LOW,RUNNING,15.49,3.4,LIGHT,69.46,LOW,RUNNING,29.38,52.0,293.8,0.25,22.0,COOLING,0.25,22.0,COOLING,0.25,22.0,COOLING,0.25,22.0,COOLING,24.951,22.702,22.143,22.686,23.12,24.951,22.143,2.808,1121.46,148.63,150.43,142.77,255.0,340.0,255.0,340.0,205.46,327.26,412.71,327.61,-538.64,185.77,163.11,189.77,875.0,875.0,875.0,875.0,168.28,126.66,106.25,125.15,1563.29,1190.0,1273.04,3500.0,526.34,1.0,0.0,0.0,1.0,22.5,TARGETED_WEST_COMPUTE_COOL,17.7381
1,Localized Heavy Compute,0,451,4510.0,14,3,4,3,4,93.2,84.37,HEAVY,288.06,VERY HIGH,HEAVY LOAD,88.86,78.9,HEAVY,274.43,VERY HIGH,HEAVY LOAD,90.59,81.9,HEAVY,281.09,VERY HIGH,HEAVY LOAD,89.0,80.66,HEAVY,277.24,VERY HIGH,HEAVY LOAD,16.16,4.96,LIGHT,72.64,LOW,RUNNING,18.23,5.81,LIGHT,76.5,LOW,RUNNING,15.59,4.38,LIGHT,71.06,LOW,RUNNING,19.41,6.6,LIGHT,79.16,LOW,RUNNING,17.35,4.23,LIGHT,73.03,LOW,RUNNING,15.43,3.41,LIGHT,69.4,LOW,RUNNING,29.38,52.0,294.0,0.25,22.0,COOLING,0.25,22.0,COOLING,0.25,22.0,COOLING,0.25,22.0,COOLING,24.954,22.705,22.145,22.689,23.123,24.954,22.145,2.809,1120.82,149.14,150.22,142.43,255.0,340.0,255.0,340.0,205.47,327.33,412.85,327.67,-538.66,185.66,163.34,189.66,875.0,875.0,875.0,875.0,167.63,127.13,106.41,124.76,1562.61,1190.0,1273.32,3500.0,525.93,1.0,0.0,0.0,1.0,22.5,TARGETED_WEST_COMPUTE_COOL,17.7599
1,Localized Heavy Compute,0,452,4520.0,14,3,4,3,4,93.16,84.24,HEAVY,287.81,VERY HIGH,HEAVY LOAD,88.69,78.79,HEAVY,274.05,VERY HIGH,HEAVY LOAD,90.45,81.91,HEAVY,280.93,VERY HIGH,HEAVY LOAD,89.01,80.77,HEAVY,277.42,VERY HIGH,HEAVY LOAD,16.27,5.05,LIGHT,72.91,LOW,RUNNING,18.35,5.86,LIGHT,76.73,LOW,RUNNING,15.6,4.34,LIGHT,71.01,LOW,RUNNING,19.3,6.51,LIGHT,78.89,LOW,RUNNING,17.23,4.17,LIGHT,72.79,LOW,RUNNING,15.4,3.43,LIGHT,69.39,LOW,RUNNING,29.38,52.0,294.2,0.25,22.0,COOLING,0.25,22.0,COOLING,0.25,22.0,COOLING,0.25,22.0,COOLING,24.957,22.708,22.147,22.692,23.126,24.957,22.147,2.81,1120.21,149.64,149.9,142.18,255.0,340.0,255.0,340.0,205.49,327.39,412.98,327.74,-538.68,185.55,163.57,189.55,875.0,875.0,875.0,875.0,167.02,127.58,106.45,124.47,1561.93,1190.0,1273.6,3500.0,525.52,1.0,0.0,0.0,1.0,22.5,TARGETED_WEST_COMPUTE_COOL,17.7821
1,Localized Heavy Compute,0,453,4530.0,14,3,4,3,4,93.08,84.11,HEAVY,287.51,VERY HIGH,HEAVY LOAD,88.52,78.7,HEAVY,273.7,VERY HIGH,HEAVY LOAD,90.34,81.95,HEAVY,280.85,VERY HIGH,HEAVY LOAD,89.07,80.9,HEAVY,277.69,VERY HIGH,HEAVY LOAD,16.4,5.13,LIGHT,73.19,LOW,RUNNING,18.45,5.89,LIGHT,76.9,LOW,RUNNING,15.58,4.29,LIGHT,70.91,LOW,RUNNING,19.18,6.42,LIGHT,78.6,LOW,RUNNING,17.11,4.13,LIGHT,72.58,LOW,RUNNING,15.4,3.48,LIGHT,69.47,LOW,RUNNING,29.39,52.0,294.4,0.25,22.0,COOLING,0.25,22.0,COOLING,0.25,22.0,COOLING,0.25,22.0,COOLING,24.96,22.711,22.149,22.695,23.129,24.96,22.149,2.811,1119.75,150.09,149.51,142.05,255.0,340.0,255.0,340.0,205.71,327.66,413.32,328.01,-538.69,185.44,163.81,189.44,875.0,875.0,875.0,875.0,166.77,128.19,106.64,124.5,1561.4,1190.0,1274.7,3500.0,526.1,1.0,0.0,0.0,1.0,22.5,TARGETED_WEST_COMPUTE_COOL,17.8047
1,Localized Heavy Compute,0,454,4540.0,14,3,4,3,4,92.97,83.98,HEAVY,287.18,VERY HIGH,HEAVY LOAD,88.34,78.64,HEAVY,273.38,VERY HIGH,HEAVY LOAD,90.25,82.02,HEAVY,280.84,VERY HIGH,HEAVY LOAD,89.16,81.04,HEAVY,278.01,VERY HIGH,HEAVY LOAD,16.54,5.21,LIGHT,73.49,LOW,RUNNING,18.52,5.9,LIGHT,77.0,LOW,RUNNING,15.53,4.22,LIGHT,70.74,LOW,RUNNING,19.05,6.34,LIGHT,78.32,LOW,RUNNING,17.02,4.1,LIGHT,72.43,LOW,RUNNING,15.44,3.54,LIGHT,69.61,LOW,RUNNING,29.39,52.0,294.6,0.25,22.0,COOLING,0.25,22.0,COOLING,0.25,22.0,COOLING,0.25,22.0,COOLING,24.963,22.714,22.151,22.698,23.131,24.963,22.151,2.812,1119.41,150.49,149.06,142.04,255.0,340.0,255.0,340.0,205.71,327.72,413.45,328.06,-538.71,185.33,164.04,189.33,875.0,875.0,875.0,875.0,166.41,128.54,106.55,124.43,1561.0,1190.0,1274.94,3500.0,525.93,1.0,0.0,0.0,1.0,22.5,TARGETED_WEST_COMPUTE_COOL,17.8276
1,Localized Heavy Compute,0,455,4550.0,14,3,4,3,4,92.83,83.85,HEAVY,286.81,VERY HIGH,HEAVY LOAD,88.17,78.61,HEAVY,273.13,VERY HIGH,HEAVY LOAD,90.21,82.11,HEAVY,280.93,VERY HIGH,HEAVY LOAD,89.28,81.17,HEAVY,278.36,VERY HIGH,HEAVY LOAD,16.67,5.28,LIGHT,73.76,LOW,RUNNING,18.58,5.89,LIGHT,77.06,LOW,RUNNING,15.45,4.14,LIGHT,70.52,LOW,RUNNING,18.91,6.26,LIGHT,78.03,LOW,RUNNING,16.95,4.1,LIGHT,72.34,LOW,RUNNING,15.5,3.61,LIGHT,69.79,LOW,RUNNING,29.4,52.0,294.8,0.25,22.0,COOLING,0.25,22.0,COOLING,0.25,22.0,COOLING,0.25,22.0,COOLING,24.966,22.717,22.153,22.701,23.134,24.966,22.153,2.813,1119.23,150.82,148.55,142.13,255.0,340.0,255.0,340.0,205.95,328.0,413.8,328.34,-538.72,185.22,164.28,189.22,875.0,875.0,875.0,875.0,166.46,129.04,106.63,124.69,1560.73,1190.0,1276.09,3500.0,526.82,1.0,0.0,0.0,1.0,22.5,TARGETED_WEST_COMPUTE_COOL,17.8511
1,Localized Heavy Compute,0,456,4560.0,14,3,4,3,4,92.67,83.74,HEAVY,286.45,VERY HIGH,HEAVY LOAD,88.01,78.6,HEAVY,272.91,VERY HIGH,HEAVY LOAD,90.2,82.22,HEAVY,281.08,VERY HIGH,HEAVY LOAD,89.42,81.29,HEAVY,278.71,VERY HIGH,HEAVY LOAD,16.79,5.34,LIGHT,74.0,LOW,RUNNING,18.6,5.86,LIGHT,77.04,LOW,RUNNING,15.35,4.05,LIGHT,70.26,LOW,RUNNING,18.78,6.19,LIGHT,77.76,LOW,RUNNING,16.91,4.12,LIGHT,72.32,LOW,RUNNING,15.58,3.69,LIGHT,70.01,LOW,RUNNING,29.4,52.0,295.0,0.25,22.0,COOLING,0.25,22.0,COOLING,0.25,22.0,COOLING,0.25,22.0,COOLING,24.969,22.72,22.155,22.704,23.137,24.969,22.155,2.814,1119.15,151.04,148.02,142.33,255.0,340.0,255.0,340.0,205.95,328.06,413.93,328.41,-538.74,185.11,164.52,189.11,875.0,875.0,875.0,875.0,166.36,129.21,106.47,124.85,1560.54,1190.0,1276.35,3500.0,526.89,1.0,0.0,0.0,1.0,22.5,TARGETED_WEST_COMPUTE_COOL,17.8746
1,Localized Heavy Compute,0,457,4570.0,14,3,4,3,4,92.5,83.64,HEAVY,286.09,VERY HIGH,HEAVY LOAD,87.88,78.63,HEAVY,272.79,VERY HIGH,HEAVY LOAD,90.24,82.34,HEAVY,281.31,VERY HIGH,HEAVY LOAD,89.59,81.4,HEAVY,279.09,VERY HIGH,HEAVY LOAD,16.9,5.38,LIGHT,74.19,LOW,RUNNING,18.59,5.81,LIGHT,76.95,LOW,RUNNING,15.24,3.96,LIGHT,69.99,LOW,RUNNING,18.66,6.14,LIGHT,77.53,LOW,RUNNING,16.9,4.15,LIGHT,72.35,LOW,RUNNING,15.69,3.78,LIGHT,70.28,LOW,RUNNING,29.4,52.0,295.2,0.25,22.0,COOLING,0.25,22.0,COOLING,0.25,22.0,COOLING,0.25,22.0,COOLING,24.972,22.723,22.157,22.707,23.14,24.972,22.157,2.815,1119.28,151.14,147.52,142.63,255.0,340.0,255.0,340.0,205.97,328.12,414.07,328.46,-538.75,185.0,164.75,189.0,875.0,875.0,875.0,875.0,166.5,129.26,106.34,125.09,1560.57,1190.0,1276.62,3500.0,527.19,1.0,0.0,0.0,1.0,22.5,TARGETED_WEST_COMPUTE_COOL,17.8987
1,Localized Heavy Compute,0,458,4580.0,14,3,4,3,4,92.32,83.56,HEAVY,285.74,VERY HIGH,HEAVY LOAD,87.79,78.68,HEAVY,272.76,VERY HIGH,HEAVY LOAD,90.31,82.48,HEAVY,281.61,VERY HIGH,HEAVY LOAD,89.77,81.49,HEAVY,279.45,VERY HIGH,HEAVY LOAD,16.99,5.4,LIGHT,74.34,LOW,RUNNING,18.55,5.75,LIGHT,76.81,LOW,RUNNING,15.11,3.87,LIGHT,69.69,LOW,RUNNING,18.56,6.11,LIGHT,77.37,LOW,RUNNING,16.92,4.21,LIGHT,72.47,LOW,RUNNING,15.81,3.87,LIGHT,70.57,LOW,RUNNING,29.41,52.0,295.4,0.25,22.0,COOLING,0.25,22.0,COOLING,0.25,22.0,COOLING,0.25,22.0,COOLING,24.975,22.726,22.159,22.71,23.142,24.975,22.159,2.816,1119.56,151.15,147.06,143.04,255.0,340.0,255.0,340.0,206.19,328.39,414.41,328.73,-538.77,184.89,164.98,188.89,875.0,875.0,875.0,875.0,166.98,129.43,106.45,125.66,1560.81,1190.0,1277.72,3500.0,528.52,1.0,0.0,0.0,1.0,22.5,TARGETED_WEST_COMPUTE_COOL,17.923
1,Localized Heavy Compute,0,459,4590.0,14,3,4,3,4,92.14,83.52,HEAVY,285.45,VERY HIGH,HEAVY LOAD,87.72,78.76,HEAVY,272.79,VERY HIGH,HEAVY LOAD,90.42,82.61,HEAVY,281.94,VERY HIGH,HEAVY LOAD,89.95,81.56,HEAVY,279.78,VERY HIGH,HEAVY LOAD,17.06,5.4,LIGHT,74.42,LOW,RUNNING,18.49,5.68,LIGHT,76.63,LOW,RUNNING,14.97,3.79,LIGHT,69.4,LOW,RUNNING,18.48,6.1,LIGHT,77.25,LOW,RUNNING,16.97,4.27,LIGHT,72.62,LOW,RUNNING,15.94,3.96,LIGHT,70.86,LOW,RUNNING,29.41,52.0,295.6,0.25,22.0,COOLING,0.25,22.0,COOLING,0.25,22.0,COOLING,0.25,22.0,COOLING,24.978,22.729,22.161,22.713,23.145,24.978,22.161,2.817,1119.96,151.05,146.65,143.48,255.0,340.0,255.0,340.0,206.2,328.46,414.55,328.8,-538.78,184.78,165.22,188.78,875.0,875.0,875.0,875.0,167.38,129.29,106.42,126.06,1561.14,1190.0,1278.01,3500.0,529.15,1.0,0.0,0.0,1.0,22.5,TARGETED_WEST_COMPUTE_COOL,17.9475
1,Localized Heavy Compute,0,460,4600.0,14,3,4,3,4,91.98,83.5,HEAVY,285.23,VERY HIGH,HEAVY LOAD,87.7,78.87,HEAVY,272.93,VERY HIGH,HEAVY LOAD,90.55,82.74,HEAVY,282.3,VERY HIGH,HEAVY LOAD,90.12,81.59,HEAVY,280.04,VERY HIGH,HEAVY LOAD,17.09,5.38,LIGHT,74.43,LOW,RUNNING,18.4,5.59,LIGHT,76.39,LOW,RUNNING,14.84,3.72,LIGHT,69.13,LOW,RUNNING,18.43,6.11,LIGHT,77.2,LOW,RUNNING,17.04,4.35,LIGHT,72.83,LOW,RUNNING,16.08,4.03,LIGHT,71.14,LOW,RUNNING,29.42,52.0,295.8,0.25,22.0,COOLING,0.25,22.0,COOLING,0.25,22.0,COOLING,0.25,22.0,COOLING,24.981,22.732,22.163,22.716,23.148,24.981,22.163,2.818,1120.5,150.82,146.33,143.97,255.0,340.0,255.0,340.0,206.42,328.74,414.89,329.08,-538.8,184.67,165.45,188.67,875.0,875.0,875.0,875.0,168.12,129.23,106.67,126.72,1561.62,1190.0,1279.13,3500.0,530.74,1.0,0.0,0.0,1.0,22.5,TARGETED_WEST_COMPUTE_COOL,17.9723
1,Localized Heavy Compute,0,461,4610.0,14,3,4,3,4,91.84,83.51,HEAVY,285.07,VERY HIGH,HEAVY LOAD,87.72,78.99,HEAVY,273.13,VERY HIGH,HEAVY LOAD,90.71,82.86,HEAVY,282.68,VERY HIGH,HEAVY LOAD,90.27,81.6,HEAVY,280.24,VERY HIGH,HEAVY LOAD,17.1,5.34,LIGHT,74.39,LOW,RUNNING,18.29,5.5,LIGHT,76.11,LOW,RUNNING,14.72,3.67,LIGHT,68.91,LOW,RUNNING,18.4,6.14,LIGHT,77.21,LOW,RUNNING,17.14,4.44,LIGHT,73.08,LOW,RUNNING,16.21,4.1,LIGHT,71.41,LOW,RUNNING,29.42,52.0,296.0,0.25,22.0,COOLING,0.25,22.0,COOLING,0.25,22.0,COOLING,0.25,22.0,COOLING,24.984,22.735,22.165,22.719,23.151,24.984,22.165,2.819,1121.12,150.5,146.12,144.49,255.0,340.0,255.0,340.0,206.44,328.79,415.03,329.14,-538.81,184.56,165.69,188.56,875.0,875.0,875.0,875.0,168.75,128.85,106.84,127.19,1562.23,1190.0,1279.4,3500.0,531.63,1.0,0.0,0.0,1.0,22.5,TARGETED_WEST_COMPUTE_COOL,17.997
1,Localized Heavy Compute,0,462,4620.0,14,3,4,3,4,91.73,83.55,HEAVY,284.99,VERY HIGH,HEAVY LOAD,87.77,79.12,HEAVY,273.39,VERY HIGH,HEAVY LOAD,90.89,82.95,HEAVY,283.04,VERY HIGH,HEAVY LOAD,90.41,81.58,HEAVY,280.38,VERY HIGH,HEAVY LOAD,17.08,5.28,LIGHT,74.27,LOW,RUNNING,18.17,5.41,LIGHT,75.83,LOW,RUNNING,14.61,3.62,LIGHT,68.69,LOW,RUNNING,18.41,6.18,LIGHT,77.28,LOW,RUNNING,17.25,4.53,LIGHT,73.36,LOW,RUNNING,16.33,4.15,LIGHT,71.64,LOW,RUNNING,29.43,52.0,296.2,0.25,22.0,COOLING,0.25,22.0,COOLING,0.25,22.0,COOLING,0.25,22.0,COOLING,24.987,22.738,22.167,22.722,23.154,24.987,22.167,2.82,1121.8,150.1,145.97,145.0,255.0,340.0,255.0,340.0,206.67,329.06,415.38,329.41,-538.83,184.45,165.93,188.45,875.0,875.0,875.0,875.0,169.64,128.61,107.28,127.86,1562.87,1190.0,1280.52,3500.0,533.39,1.0,0.0,0.0,1.0,22.5,TARGETED_WEST_COMPUTE_COOL,18.022
1,Localized Heavy Compute,0,463,4630.0,14,3,4,3,4,91.65,83.62,HEAVY,284.99,VERY HIGH,HEAVY LOAD,87.86,79.25,HEAVY,273.7,VERY HIGH,HEAVY LOAD,91.07,83.03,HEAVY,283.38,VERY HIGH,HEAVY LOAD,90.51,81.52,HEAVY,280.42,VERY HIGH,HEAVY LOAD,17.02,5.21,LIGHT,74.09,LOW,RUNNING,18.04,5.33,LIGHT,75.55,LOW,RUNNING,14.52,3.6,LIGHT,68.55,LOW,RUNNING,18.44,6.24,LIGHT,77.41,LOW,RUNNING,17.38,4.62,LIGHT,73.66,LOW,RUNNING,16.43,4.19,LIGHT,71.82,LOW,RUNNING,29.43,52.0,296.5,0.25,22.0,COOLING,0.25,22.0,COOLING,0.25,22.0,COOLING,0.25,22.0,COOLING,24.99,22.741,22.169,22.725,23.156,24.99,22.169,2.821,1122.49,149.64,145.96,145.48,255.0,340.0,255.0,340.0,206.71,329.19,415.59,329.53,-538.84,184.34,166.16,188.34,875.0,875.0,875.0,875.0,170.36,128.17,107.71,128.35,1563.57,1190.0,1281.02,3500.0,534.59,1.0,0.0,0.0,1.0,22.5,TARGETED_WEST_COMPUTE_COOL,18.0467
1,Localized Heavy Compute,0,464,4640.0,14,3,4,3,4,91.61,83.72,HEAVY,285.09,VERY HIGH,HEAVY LOAD,87.99,79.38,HEAVY,274.06,VERY HIGH,HEAVY LOAD,91.24,83.08,HEAVY,283.67,VERY HIGH,HEAVY LOAD,90.57,81.44,HEAVY,280.37,VERY HIGH,HEAVY LOAD,16.94,5.13,LIGHT,73.87,LOW,RUNNING,17.9,5.25,LIGHT,75.25,LOW,RUNNING,14.45,3.6,LIGHT,68.46,LOW,RUNNING,18.5,6.32,LIGHT,77.61,LOW,RUNNING,17.51,4.7,LIGHT,73.94,LOW,RUNNING,16.51,4.2,LIGHT,71.94,LOW,RUNNING,29.43,52.0,296.7,0.25,22.0,COOLING,0.25,22.0,COOLING,0.25,22.0,COOLING,0.25,22.0,COOLING,24.993,22.744,22.171,22.728,23.159,24.993,22.171,2.822,1123.19,149.12,146.07,145.88,255.0,340.0,255.0,340.0,206.72,329.25,415.72,329.6,-538.85,184.23,166.39,188.23,875.0,875.0,875.0,875.0,171.06,127.6,108.18,128.71,1564.26,1190.0,1281.29,3500.0,535.55,1.0,0.0,0.0,1.0,22.5,TARGETED_WEST_COMPUTE_COOL,18.0714
1,Localized Heavy Compute,0,465,4650.0,14,3,4,3,4,91.6,83.83,HEAVY,285.25,VERY HIGH,HEAVY LOAD,88.14,79.5,HEAVY,274.43,VERY HIGH,HEAVY LOAD,91.41,83.1,HEAVY,283.91,VERY HIGH,HEAVY LOAD,90.6,81.34,HEAVY,280.26,VERY HIGH,HEAVY LOAD,16.84,5.04,LIGHT,73.61,LOW,RUNNING,17.77,5.19,LIGHT,75.0,LOW,RUNNING,14.41,3.62,LIGHT,68.44,LOW,RUNNING,18.59,6.4,LIGHT,77.84,LOW,RUNNING,17.65,4.77,LIGHT,74.22,LOW,RUNNING,16.57,4.19,LIGHT,72.0,LOW,RUNNING,29.44,52.0,296.9,0.25,22.0,COOLING,0.25,22.0,COOLING,0.25,22.0,COOLING,0.25,22.0,COOLING,24.997,22.747,22.173,22.731,23.162,24.997,22.173,2.824,1123.85,148.61,146.28,146.22,255.0,340.0,255.0,340.0,206.95,329.52,416.07,329.87,-538.87,184.12,166.63,188.12,875.0,875.0,875.0,875.0,171.93,127.25,108.98,129.21,1564.96,1190.0,1282.41,3500.0,537.37,1.0,0.0,0.0,1.0,22.5,TARGETED_WEST_COMPUTE_COOL,18.1104
1,Localized Heavy Compute,0,466,4660.0,14,3,4,3,4,91.64,83.96,HEAVY,285.49,VERY HIGH,HEAVY LOAD,88.31,79.61,HEAVY,274.8,VERY HIGH,HEAVY LOAD,91.55,83.09,HEAVY,284.07,VERY HIGH,HEAVY LOAD,90.59,81.23,HEAVY,280.08,VERY HIGH,HEAVY LOAD,16.73,4.95,LIGHT,73.34,LOW,RUNNING,17.65,5.14,LIGHT,74.77,LOW,RUNNING,14.4,3.66,LIGHT,68.49,LOW,RUNNING,18.7,6.49,LIGHT,78.11,LOW,RUNNING,17.77,4.83,LIGHT,74.46,LOW,RUNNING,16.6,4.17,LIGHT,72.0,LOW,RUNNING,29.44,52.0,297.1,0.25,22.0,COOLING,0.25,22.0,COOLING,0.25,22.0,COOLING,0.25,22.0,COOLING,25.001,22.75,22.175,22.734,23.165,25.001,22.175,2.826,1124.44,148.11,146.6,146.46,255.0,340.0,255.0,340.0,206.93,329.59,416.2,329.93,-539.12,184.12,166.88,188.12,875.0,875.0,875.0,875.0,172.25,126.82,109.68,129.51,1565.61,1190.0,1282.65,3500.0,538.26,1.0,0.0,0.0,1.0,22.5,TARGETED_WEST_COMPUTE_COOL,18.1487
1,Localized Heavy Compute,0,467,4670.0,14,3,4,3,4,91.72,84.09,HEAVY,285.78,VERY HIGH,HEAVY LOAD,88.48,79.7,HEAVY,275.15,VERY HIGH,HEAVY LOAD,91.66,83.05,HEAVY,284.15,VERY HIGH,HEAVY LOAD,90.53,81.1,HEAVY,279.81,VERY HIGH,HEAVY LOAD,16.6,4.87,LIGHT,73.06,LOW,RUNNING,17.55,5.11,LIGHT,74.6,LOW,RUNNING,14.42,3.71,LIGHT,68.59,LOW,RUNNING,18.82,6.58,LIGHT,78.4,LOW,RUNNING,17.89,4.87,LIGHT,74.67,LOW,RUNNING,16.6,4.12,LIGHT,71.93,LOW,RUNNING,29.45,52.0,297.3,0.25,22.0,COOLING,0.25,22.0,COOLING,0.25,22.0,COOLING,0.25,22.0,COOLING,25.005,22.753,22.177,22.737,23.168,25.005,22.177,2.828,1124.89,147.66,146.99,146.6,255.0,340.0,255.0,340.0,207.14,329.86,416.55,330.2,-539.37,184.12,167.13,188.12,875.0,875.0,875.0,875.0,172.66,126.64,110.67,129.92,1566.14,1190.0,1283.75,3500.0,539.89,1.0,0.0,0.0,1.0,22.5,TARGETED_WEST_COMPUTE_COOL,18.1869
1,Localized Heavy Compute,0,468,4680.0,14,3,4,3,4,91.83,84.22,HEAVY,286.12,VERY HIGH,HEAVY LOAD,88.66,79.76,HEAVY,275.47,VERY HIGH,HEAVY LOAD,91.75,82.98,HEAVY,284.16,VERY HIGH,HEAVY LOAD,90.44,80.96,HEAVY,279.49,VERY HIGH,HEAVY LOAD,16.46,4.79,LIGHT,72.76,LOW,RUNNING,17.48,5.1,LIGHT,74.5,LOW,RUNNING,14.47,3.78,LIGHT,68.76,LOW,RUNNING,18.95,6.66,LIGHT,78.68,LOW,RUNNING,17.98,4.9,LIGHT,74.82,LOW,RUNNING,16.56,4.06,LIGHT,71.79,LOW,RUNNING,29.45,52.0,297.5,0.25,22.0,COOLING,0.25,22.0,COOLING,0.25,22.0,COOLING,0.25,22.0,COOLING,25.009,22.756,22.179,22.74,23.171,25.009,22.179,2.83,1125.24,147.26,147.44,146.61,255.0,340.0,255.0,340.0,207.13,329.93,416.68,330.27,-539.62,184.12,167.38,188.12,875.0,875.0,875.0,875.0,172.75,126.31,111.5,130.0,1566.55,1190.0,1284.01,3500.0,540.56,1.0,0.0,0.0,1.0,22.5,TARGETED_WEST_COMPUTE_COOL,18.2249
1,Localized Heavy Compute,0,469,4690.0,14,3,4,3,4,91.97,84.35,HEAVY,286.49,VERY HIGH,HEAVY LOAD,88.83,79.79,HEAVY,275.72,VERY HIGH,HEAVY LOAD,91.79,82.89,HEAVY,284.07,VERY HIGH,HEAVY LOAD,90.32,80.83,HEAVY,279.14,VERY HIGH,HEAVY LOAD,16.33,4.72,LIGHT,72.49,LOW,RUNNING,17.42,5.11,LIGHT,74.44,LOW,RUNNING,14.55,3.86,LIGHT,68.98,LOW,RUNNING,19.09,6.74,LIGHT,78.97,LOW,RUNNING,18.05,4.9,LIGHT,74.91,LOW,RUNNING,16.5,3.99,LIGHT,71.61,LOW,RUNNING,29.45,52.0,297.7,0.25,22.0,COOLING,0.25,22.0,COOLING,0.25,22.0,COOLING,0.25,22.0,COOLING,25.013,22.759,22.181,22.743,23.174,25.013,22.181,2.832,1125.42,146.93,147.95,146.52,255.0,340.0,255.0,340.0,207.12,329.98,416.82,330.33,-539.87,184.12,167.63,188.12,875.0,875.0,875.0,875.0,172.67,126.03,112.4,129.97,1566.82,1190.0,1284.25,3500.0,541.07,1.0,0.0,0.0,1.0,22.5,TARGETED_WEST_COMPUTE_COOL,18.2625
1,Localized Heavy Compute,0,470,4700.0,14,3,4,3,4,92.13,84.46,HEAVY,286.85,VERY HIGH,HEAVY LOAD,88.99,79.8,HEAVY,275.94,VERY HIGH,HEAVY LOAD,91.8,82.78,HEAVY,283.92,VERY HIGH,HEAVY LOAD,90.18,80.71,HEAVY,278.79,VERY HIGH,HEAVY LOAD,16.21,4.66,LIGHT,72.25,LOW,RUNNING,17.4,5.14,LIGHT,74.46,LOW,RUNNING,14.65,3.95,LIGHT,69.24,LOW,RUNNING,19.22,6.81,LIGHT,79.24,LOW,RUNNING,18.09,4.88,LIGHT,74.93,LOW,RUNNING,16.42,3.91,LIGHT,71.39,LOW,RUNNING,29.46,52.0,297.9,0.25,22.0,COOLING,0.25,22.0,COOLING,0.25,22.0,COOLING,0.25,22.0,COOLING,25.017,22.762,22.183,22.746,23.177,25.017,22.183,2.834,1125.5,146.71,148.48,146.32,255.0,340.0,255.0,340.0,207.32,330.26,417.16,330.61,-540.12,184.12,167.88,188.12,875.0,875.0,875.0,875.0,172.7,126.09,113.52,130.05,1567.01,1190.0,1285.35,3500.0,542.36,1.0,0.0,0.0,1.0,22.5,TARGETED_WEST_COMPUTE_COOL,18.3001
1,Localized Heavy Compute,0,471,4710.0,14,3,4,3,4,92.3,84.56,HEAVY,287.22,VERY HIGH,HEAVY LOAD,89.12,79.77,HEAVY,276.06,VERY HIGH,HEAVY LOAD,91.76,82.66,HEAVY,283.69,VERY HIGH,HEAVY LOAD,90.01,80.6,HEAVY,278.41,VERY HIGH,HEAVY LOAD,16.1,4.62,LIGHT,72.06,LOW,RUNNING,17.41,5.19,LIGHT,74.55,LOW,RUNNING,14.76,4.04,LIGHT,69.51,LOW,RUNNING,19.34,6.86,LIGHT,79.47,LOW,RUNNING,18.1,4.85,LIGHT,74.9,LOW,RUNNING,16.31,3.82,LIGHT,71.12,LOW,RUNNING,29.46,52.0,298.1,0.25,22.0,COOLING,0.25,22.0,COOLING,0.25,22.0,COOLING,0.25,22.0,COOLING,25.021,22.765,22.185,22.749,23.18,25.021,22.185,2.836,1125.38,146.61,148.98,146.02,255.0,340.0,255.0,340.0,207.31,330.32,417.3,330.66,-540.37,184.12,168.13,188.12,875.0,875.0,875.0,875.0,172.32,126.05,114.41,129.8,1566.99,1190.0,1285.59,3500.0,542.58,1.0,0.0,0.0,1.0,22.5,TARGETED_WEST_COMPUTE_COOL,18.3374
1,Localized Heavy Compute,0,472,4720.0,14,3,4,3,4,92.48,84.64,HEAVY,287.56,VERY HIGH,HEAVY LOAD,89.21,79.72,HEAVY,276.09,VERY HIGH,HEAVY LOAD,91.69,82.52,HEAVY,283.39,VERY HIGH,HEAVY LOAD,89.83,80.51,HEAVY,278.05,VERY HIGH,HEAVY LOAD,16.01,4.6,LIGHT,71.91,LOW,RUNNING,17.45,5.25,LIGHT,74.69,LOW,RUNNING,14.89,4.13,LIGHT,69.81,LOW,RUNNING,19.44,6.89,LIGHT,79.63,LOW,RUNNING,18.08,4.79,LIGHT,74.78,LOW,RUNNING,16.19,3.73,LIGHT,70.83,LOW,RUNNING,29.47,52.0,298.3,0.25,22.0,COOLING,0.25,22.0,COOLING,0.25,22.0,COOLING,0.25,22.0,COOLING,25.025,22.768,22.187,22.752,23.183,25.025,22.187,2.838,1125.09,146.6,149.44,145.61,255.0,340.0,255.0,340.0,207.51,330.6,417.64,330.94,-540.62,184.12,168.38,188.12,875.0,875.0,875.0,875.0,171.98,126.32,115.46,129.67,1566.74,1190.0,1286.69,3500.0,543.43,1.0,0.0,0.0,1.0,22.5,TARGETED_WEST_COMPUTE_COOL,18.3746
1,Localized Heavy Compute,0,473,4730.0,14,3,4,3,4,92.66,84.68,HEAVY,287.85,VERY HIGH,HEAVY LOAD,89.28,79.64,HEAVY,276.06,VERY HIGH,HEAVY LOAD,91.58,82.39,HEAVY,283.06,VERY HIGH,HEAVY LOAD,89.65,80.44,HEAVY,277.72,VERY HIGH,HEAVY LOAD,15.94,4.6,LIGHT,71.83,LOW,RUNNING,17.51,5.32,LIGHT,74.87,LOW,RUNNING,15.03,4.21,LIGHT,70.1,LOW,RUNNING,19.52,6.9,LIGHT,79.75,LOW,RUNNING,18.03,4.73,LIGHT,74.63,LOW,RUNNING,16.06,3.64,LIGHT,70.53,LOW,RUNNING,29.47,52.0,298.5,0.25,22.0,COOLING,0.25,22.0,COOLING,0.25,22.0,COOLING,0.25,22.0,COOLING,25.028,22.771,22.189,22.755,23.186,25.028,22.189,2.839,1124.69,146.7,149.85,145.16,255.0,340.0,255.0,340.0,207.51,330.65,417.77,331.0,-540.87,184.12,168.63,188.12,875.0,875.0,875.0,875.0,171.33,126.47,116.25,129.28,1566.4,1190.0,1286.93,3500.0,543.33,1.0,0.0,0.0,1.0,22.5,TARGETED_WEST_COMPUTE_COOL,18.3972
1,Localized Heavy Compute,0,474,4740.0,14,3,4,3,4,92.82,84.7,HEAVY,288.07,VERY HIGH,HEAVY LOAD,89.3,79.53,HEAVY,275.92,VERY HIGH,HEAVY LOAD,91.45,82.26,HEAVY,282.7,VERY HIGH,HEAVY LOAD,89.48,80.41,HEAVY,277.47,VERY HIGH,HEAVY LOAD,15.91,4.62,LIGHT,71.82,LOW,RUNNING,17.6,5.41,LIGHT,75.11,LOW,RUNNING,15.16,4.28,LIGHT,70.37,LOW,RUNNING,19.57,6.89,LIGHT,79.8,LOW,RUNNING,17.96,4.65,LIGHT,74.43,LOW,RUNNING,15.92,3.57,LIGHT,70.26,LOW,RUNNING,29.48,52.0,298.8,0.25,22.0,COOLING,0.25,22.0,COOLING,0.25,22.0,COOLING,0.25,22.0,COOLING,25.031,22.774,22.191,22.758,23.188,25.031,22.191,2.84,1124.16,146.93,150.17,144.69,255.0,340.0,255.0,340.0,207.77,330.99,418.21,331.34,-540.88,184.01,168.86,188.01,875.0,875.0,875.0,875.0,171.05,126.93,117.24,129.04,1565.95,1190.0,1288.31,3500.0,544.26,1.0,0.0,0.0,1.0,22.5,TARGETED_WEST_COMPUTE_COOL,18.4202
1,Localized Heavy Compute,0,475,4750.0,14,3,4,3,4,92.96,84.69,HEAVY,288.24,VERY HIGH,HEAVY LOAD,89.28,79.41,HEAVY,275.72,VERY HIGH,HEAVY LOAD,91.29,82.14,HEAVY,282.32,VERY HIGH,HEAVY LOAD,89.33,80.4,HEAVY,277.26,VERY HIGH,HEAVY LOAD,15.9,4.66,LIGHT,71.86,LOW,RUNNING,17.71,5.5,LIGHT,75.39,LOW,RUNNING,15.28,4.33,LIGHT,70.59,LOW,RUNNING,19.6,6.86,LIGHT,79.79,LOW,RUNNING,17.86,4.56,LIGHT,74.17,LOW,RUNNING,15.79,3.5,LIGHT,69.99,LOW,RUNNING,29.48,52.0,299.0,0.25,22.0,COOLING,0.25,22.0,COOLING,0.25,22.0,COOLING,0.25,22.0,COOLING,25.034,22.777,22.193,22.761,23.191,25.034,22.193,2.841,1123.54,147.25,150.38,144.16,255.0,340.0,255.0,340.0,207.77,331.06,418.33,331.4,-540.9,183.9,169.1,187.9,875.0,875.0,875.0,875.0,170.41,127.21,117.81,128.46,1565.33,1190.0,1288.56,3500.0,543.89,1.0,0.0,0.0,1.0,22.5,TARGETED_WEST_COMPUTE_COOL,18.4432
1,Localized Heavy Compute,0,476,4760.0,14,3,4,3,4,93.07,84.65,HEAVY,288.31,VERY HIGH,HEAVY LOAD,89.23,79.28,HEAVY,275.46,VERY HIGH,HEAVY LOAD,91.11,82.05,HEAVY,281.96,VERY HIGH,HEAVY LOAD,89.19,80.42,HEAVY,277.12,VERY HIGH,HEAVY LOAD,15.92,4.72,LIGHT,71.98,LOW,RUNNING,17.83,5.59,LIGHT,75.67,LOW,RUNNING,15.39,4.38,LIGHT,70.81,LOW,RUNNING,19.59,6.82,LIGHT,79.72,LOW,RUNNING,17.75,4.47,LIGHT,73.89,LOW,RUNNING,15.67,3.45,LIGHT,69.76,LOW,RUNNING,29.48,52.0,299.2,0.25,22.0,COOLING,0.25,22.0,COOLING,0.25,22.0,COOLING,0.25,22.0,COOLING,25.037,22.78,22.195,22.764,23.194,25.037,22.195,2.842,1122.85,147.65,150.53,143.65,255.0,340.0,255.0,340.0,207.79,331.11,418.47,331.46,-540.91,183.79,169.33,187.79,875.0,875.0,875.0,875.0,169.73,127.55,118.33,127.9,1564.68,1190.0,1288.83,3500.0,543.51,1.0,0.0,0.0,1.0,22.5,TARGETED_WEST_COMPUTE_COOL,18.4662
1,Localized Heavy Compute,0,477,4770.0,14,3,4,3,4,93.15,84.58,HEAVY,288.31,VERY HIGH,HEAVY LOAD,89.14,79.15,HEAVY,275.15,VERY HIGH,HEAVY LOAD,90.93,81.97,HEAVY,281.62,VERY HIGH,HEAVY LOAD,89.09,80.48,HEAVY,277.08,VERY HIGH,HEAVY LOAD,15.98,4.79,LIGHT,72.16,LOW,RUNNING,17.96,5.67,LIGHT,75.95,LOW,RUNNING,15.48,4.4,LIGHT,70.95,LOW,RUNNING,19.56,6.76,LIGHT,79.59,LOW,RUNNING,17.62,4.38,LIGHT,73.59,LOW,RUNNING,15.57,3.41,LIGHT,69.58,LOW,RUNNING,29.49,52.0,299.4,0.25,22.0,COOLING,0.25,22.0,COOLING,0.25,22.0,COOLING,0.25,22.0,COOLING,25.04,22.783,22.197,22.767,23.197,25.04,22.197,2.843,1122.16,148.11,150.54,143.17,255.0,340.0,255.0,340.0,208.01,331.38,418.81,331.73,-540.93,183.68,169.57,187.68,875.0,875.0,875.0,875.0,169.24,128.17,118.92,127.58,1563.98,1190.0,1289.93,3500.0,543.91,1.0,0.0,0.0,1.0,22.5,TARGETED_WEST_COMPUTE_COOL,18.4896
1,Localized Heavy Compute,0,478,4780.0,14,3,4,3,4,93.19,84.48,HEAVY,288.21,VERY HIGH,HEAVY LOAD,89.01,79.02,HEAVY,274.79,VERY HIGH,HEAVY LOAD,90.76,81.92,HEAVY,281.33,VERY HIGH,HEAVY LOAD,89.03,80.56,HEAVY,277.13,VERY HIGH,HEAVY LOAD,16.06,4.87,LIGHT,72.38,LOW,RUNNING,18.1,5.75,LIGHT,76.25,LOW,RUNNING,15.55,4.4,LIGHT,71.04,LOW,RUNNING,19.5,6.68,LIGHT,79.39,LOW,RUNNING,17.49,4.3,LIGHT,73.31,LOW,RUNNING,15.49,3.4,LIGHT,69.46,LOW,RUNNING,29.49,52.0,299.6,0.25,22.0,COOLING,0.25,22.0,COOLING,0.25,22.0,COOLING,0.25,22.0,COOLING,25.043,22.786,22.199,22.77,23.2,25.043,22.199,2.844,1121.46,148.63,150.43,142.77,255.0,340.0,255.0,340.0,208.02,331.45,418.95,331.79,-540.94,183.57,169.81,187.57,875.0,875.0,875.0,875.0,168.54,128.65,119.19,127.13,1563.29,1190.0,1290.21,3500.0,543.51,1.0,0.0,0.0,1.0,22.5,TARGETED_WEST_COMPUTE_COOL,18.5131
1,Localized Heavy Compute,0,479,4790.0,14,3,4,3,4,93.2,84.37,HEAVY,288.06,VERY HIGH,HEAVY LOAD,88.86,78.9,HEAVY,274.43,VERY HIGH,HEAVY LOAD,90.59,81.9,HEAVY,281.09,VERY HIGH,HEAVY LOAD,89.0,80.66,HEAVY,277.24,VERY HIGH,HEAVY LOAD,16.16,4.96,LIGHT,72.64,LOW,RUNNING,18.23,5.81,LIGHT,76.5,LOW,RUNNING,15.59,4.38,LIGHT,71.06,LOW,RUNNING,19.41,6.6,LIGHT,79.16,LOW,RUNNING,17.35,4.23,LIGHT,73.03,LOW,RUNNING,15.43,3.41,LIGHT,69.4,LOW,RUNNING,29.5,52.0,299.8,0.25,22.0,COOLING,0.25,22.0,COOLING,0.25,22.0,COOLING,0.25,22.0,COOLING,25.046,22.789,22.201,22.773,23.202,25.046,22.201,2.845,1120.82,149.14,150.22,142.43,255.0,340.0,255.0,340.0,208.25,331.73,419.29,332.08,-540.96,183.46,170.04,187.46,875.0,875.0,875.0,875.0,168.11,129.33,119.55,126.97,1562.61,1190.0,1291.35,3500.0,543.96,1.0,0.0,0.0,1.0,22.5,TARGETED_WEST_COMPUTE_COOL,18.537
1,Localized Heavy Compute,0,480,4800.0,14,3,4,3,4,93.16,84.24,HEAVY,287.81,VERY HIGH,HEAVY LOAD,88.69,78.79,HEAVY,274.05,VERY HIGH,HEAVY LOAD,90.45,81.91,HEAVY,280.93,VERY HIGH,HEAVY LOAD,89.01,80.77,HEAVY,277.42,VERY HIGH,HEAVY LOAD,16.27,5.05,LIGHT,72.91,LOW,RUNNING,18.35,5.86,LIGHT,76.73,LOW,RUNNING,15.6,4.34,LIGHT,71.01,LOW,RUNNING,19.3,6.51,LIGHT,78.89,LOW,RUNNING,17.23,4.17,LIGHT,72.79,LOW,RUNNING,15.4,3.43,LIGHT,69.39,LOW,RUNNING,29.5,52.0,300.0,0.25,22.0,COOLING,0.25,22.0,COOLING,0.25,22.0,COOLING,0.25,22.0,COOLING,25.049,22.792,22.203,22.776,23.205,25.049,22.203,2.846,1120.21,149.64,149.9,142.18,255.0,340.0,255.0,340.0,208.26,331.79,419.43,332.13,-540.97,183.35,170.28,187.35,875.0,875.0,875.0,875.0,167.5,129.78,119.61,126.66,1561.93,1190.0,1291.61,3500.0,543.55,1.0,0.0,0.0,1.0,22.5,TARGETED_WEST_COMPUTE_COOL,18.561
1,Localized Heavy Compute,0,481,4810.0,14,3,4,3,4,93.08,84.11,HEAVY,287.51,VERY HIGH,HEAVY LOAD,88.52,78.7,HEAVY,273.7,VERY HIGH,HEAVY LOAD,90.34,81.95,HEAVY,280.85,VERY HIGH,HEAVY LOAD,89.07,80.9,HEAVY,277.69,VERY HIGH,HEAVY LOAD,16.4,5.13,LIGHT,73.19,LOW,RUNNING,18.45,5.89,LIGHT,76.9,LOW,RUNNING,15.58,4.29,LIGHT,70.91,LOW,RUNNING,19.18,6.42,LIGHT,78.6,LOW,RUNNING,17.11,4.13,LIGHT,72.58,LOW,RUNNING,15.4,3.48,LIGHT,69.47,LOW,RUNNING,29.5,52.0,300.2,0.25,22.0,COOLING,0.25,22.0,COOLING,0.25,22.0,COOLING,0.25,22.0,COOLING,25.052,22.795,22.205,22.779,23.208,25.052,22.205,2.847,1119.75,150.09,149.51,142.05,255.0,340.0,255.0,340.0,208.28,331.84,419.57,332.19,-540.99,183.24,170.51,187.24,875.0,875.0,875.0,875.0,167.04,130.17,119.59,126.48,1561.4,1190.0,1291.88,3500.0,543.28,1.0,0.0,0.0,1.0,22.5,TARGETED_WEST_COMPUTE_COOL,18.5855
1,Localized Heavy Compute,0,482,4820.0,14,3,4,3,4,92.97,83.98,HEAVY,287.18,VERY HIGH,HEAVY LOAD,88.34,78.64,HEAVY,273.38,VERY HIGH,HEAVY LOAD,90.25,82.02,HEAVY,280.84,VERY HIGH,HEAVY LOAD,89.16,81.04,HEAVY,278.01,VERY HIGH,HEAVY LOAD,16.54,5.21,LIGHT,73.49,LOW,RUNNING,18.52,5.9,LIGHT,77.0,LOW,RUNNING,15.53,4.22,LIGHT,70.74,LOW,RUNNING,19.05,6.34,LIGHT,78.32,LOW,RUNNING,17.02,4.1,LIGHT,72.43,LOW,RUNNING,15.44,3.54,LIGHT,69.61,LOW,RUNNING,29.51,52.0,300.4,0.25,22.0,COOLING,0.25,22.0,COOLING,0.25,22.0,COOLING,0.25,22.0,COOLING,25.055,22.798,22.207,22.782,23.21,25.055,22.207,2.848,1119.41,150.49,149.06,142.04,255.0,340.0,255.0,340.0,208.5,332.12,419.91,332.47,-541.0,183.13,170.75,187.13,875.0,875.0,875.0,875.0,166.91,130.74,119.72,126.64,1561.0,1190.0,1293.0,3500.0,544.01,1.0,0.0,0.0,1.0,22.5,TARGETED_WEST_COMPUTE_COOL,18.6105
1,Localized Heavy Compute,0,483,4830.0,14,3,4,3,4,92.83,83.85,HEAVY,286.81,VERY HIGH,HEAVY LOAD,88.17,78.61,HEAVY,273.13,VERY HIGH,HEAVY LOAD,90.21,82.11,HEAVY,280.93,VERY HIGH,HEAVY LOAD,89.28,81.17,HEAVY,278.36,VERY HIGH,HEAVY LOAD,16.67,5.28,LIGHT,73.76,LOW,RUNNING,18.58,5.89,LIGHT,77.06,LOW,RUNNING,15.45,4.14,LIGHT,70.52,LOW,RUNNING,18.91,6.26,LIGHT,78.03,LOW,RUNNING,16.95,4.1,LIGHT,72.34,LOW,RUNNING,15.5,3.61,LIGHT,69.79,LOW,RUNNING,29.51,52.0,300.6,0.25,22.0,COOLING,0.25,22.0,COOLING,0.25,22.0,COOLING,0.25,22.0,COOLING,25.058,22.801,22.209,22.785,23.213,25.058,22.209,2.849,1119.23,150.82,148.55,142.13,255.0,340.0,255.0,340.0,208.5,332.19,420.03,332.53,-541.02,183.02,170.98,187.02,875.0,875.0,875.0,875.0,166.71,131.03,119.56,126.68,1560.73,1190.0,1293.25,3500.0,543.98,1.0,0.0,0.0,1.0,22.5,TARGETED_WEST_COMPUTE_COOL,18.6357
1,Localized Heavy Compute,0,484,4840.0,14,3,4,3,4,92.67,83.74,HEAVY,286.45,VERY HIGH,HEAVY LOAD,88.01,78.6,HEAVY,272.91,VERY HIGH,HEAVY LOAD,90.2,82.22,HEAVY,281.08,VERY HIGH,HEAVY LOAD,89.42,81.29,HEAVY,278.71,VERY HIGH,HEAVY LOAD,16.79,5.34,LIGHT,74.0,LOW,RUNNING,18.6,5.86,LIGHT,77.04,LOW,RUNNING,15.35,4.05,LIGHT,70.26,LOW,RUNNING,18.78,6.19,LIGHT,77.76,LOW,RUNNING,16.91,4.12,LIGHT,72.32,LOW,RUNNING,15.58,3.69,LIGHT,70.01,LOW,RUNNING,29.52,52.0,300.8,0.25,22.0,COOLING,0.25,22.0,COOLING,0.25,22.0,COOLING,0.25,22.0,COOLING,25.061,22.804,22.211,22.788,23.216,25.061,22.211,2.85,1119.15,151.04,148.02,142.33,255.0,340.0,255.0,340.0,208.73,332.46,420.39,332.8,-541.04,182.91,171.21,186.91,875.0,875.0,875.0,875.0,166.84,131.41,119.62,127.04,1560.54,1190.0,1294.38,3500.0,544.91,1.0,0.0,0.0,1.0,22.5,TARGETED_WEST_COMPUTE_COOL,18.6613
1,Localized Heavy Compute,0,485,4850.0,14,3,4,3,4,92.5,83.64,HEAVY,286.09,VERY HIGH,HEAVY LOAD,87.88,78.63,HEAVY,272.79,VERY HIGH,HEAVY LOAD,90.24,82.34,HEAVY,281.31,VERY HIGH,HEAVY LOAD,89.59,81.4,HEAVY,279.09,VERY HIGH,HEAVY LOAD,16.9,5.38,LIGHT,74.19,LOW,RUNNING,18.59,5.81,LIGHT,76.95,LOW,RUNNING,15.24,3.96,LIGHT,69.99,LOW,RUNNING,18.66,6.14,LIGHT,77.53,LOW,RUNNING,16.9,4.15,LIGHT,72.35,LOW,RUNNING,15.69,3.78,LIGHT,70.28,LOW,RUNNING,29.52,52.0,301.0,0.25,22.0,COOLING,0.25,22.0,COOLING,0.25,22.0,COOLING,0.25,22.0,COOLING,25.064,22.807,22.213,22.791,23.219,25.064,22.213,2.851,1119.28,151.14,147.52,142.63,255.0,340.0,255.0,340.0,208.75,332.51,420.52,332.86,-541.05,182.8,171.45,186.8,875.0,875.0,875.0,875.0,166.98,131.45,119.49,127.29,1560.57,1190.0,1294.64,3500.0,545.21,1.0,0.0,0.0,1.0,22.5,TARGETED_WEST_COMPUTE_COOL,18.6873
1,Localized Heavy Compute,0,486,4860.0,14,3,4,3,4,92.32,83.56,HEAVY,285.74,VERY HIGH,HEAVY LOAD,87.79,78.68,HEAVY,272.76,VERY HIGH,HEAVY LOAD,90.31,82.48,HEAVY,281.61,VERY HIGH,HEAVY LOAD,89.77,81.49,HEAVY,279.45,VERY HIGH,HEAVY LOAD,16.99,5.4,LIGHT,74.34,LOW,RUNNING,18.55,5.75,LIGHT,76.81,LOW,RUNNING,15.11,3.87,LIGHT,69.69,LOW,RUNNING,18.56,6.11,LIGHT,77.37,LOW,RUNNING,16.92,4.21,LIGHT,72.47,LOW,RUNNING,15.81,3.87,LIGHT,70.57,LOW,RUNNING,29.52,52.0,301.2,0.25,22.0,COOLING,0.25,22.0,COOLING,0.25,22.0,COOLING,0.25,22.0,COOLING,25.067,22.81,22.215,22.794,23.221,25.067,22.215,2.852,1119.56,151.15,147.06,143.04,255.0,340.0,255.0,340.0,208.75,332.58,420.65,332.92,-541.07,182.69,171.68,186.69,875.0,875.0,875.0,875.0,167.24,131.42,119.39,127.65,1560.81,1190.0,1294.9,3500.0,545.7,1.0,0.0,0.0,1.0,22.5,TARGETED_WEST_COMPUTE_COOL,18.7135
1,Localized Heavy Compute,0,487,4870.0,14,3,4,3,4,92.14,83.52,HEAVY,285.45,VERY HIGH,HEAVY LOAD,87.72,78.76,HEAVY,272.79,VERY HIGH,HEAVY LOAD,90.42,82.61,HEAVY,281.94,VERY HIGH,HEAVY LOAD,89.95,81.56,HEAVY,279.78,VERY HIGH,HEAVY LOAD,17.06,5.4,LIGHT,74.42,LOW,RUNNING,18.49,5.68,LIGHT,76.63,LOW,RUNNING,14.97,3.79,LIGHT,69.4,LOW,RUNNING,18.48,6.1,LIGHT,77.25,LOW,RUNNING,16.97,4.27,LIGHT,72.62,LOW,RUNNING,15.94,3.96,LIGHT,70.86,LOW,RUNNING,29.53,52.0,301.5,0.25,22.0,COOLING,0.25,22.0,COOLING,0.25,22.0,COOLING,0.25,22.0,COOLING,25.07,22.813,22.217,22.797,23.224,25.07,22.217,2.853,1119.96,151.05,146.65,143.48,255.0,340.0,255.0,340.0,209.01,332.92,421.08,333.26,-541.08,182.58,171.92,186.58,875.0,875.0,875.0,875.0,167.89,131.55,119.65,128.32,1561.14,1190.0,1296.27,3500.0,547.41,1.0,0.0,0.0,1.0,22.5,TARGETED_WEST_COMPUTE_COOL,18.74
1,Localized Heavy Compute,0,488,4880.0,14,3,4,3,4,91.98,83.5,HEAVY,285.23,VERY HIGH,HEAVY LOAD,87.7,78.87,HEAVY,272.93,VERY HIGH,HEAVY LOAD,90.55,82.74,HEAVY,282.3,VERY HIGH,HEAVY LOAD,90.12,81.59,HEAVY,280.04,VERY HIGH,HEAVY LOAD,17.09,5.38,LIGHT,74.43,LOW,RUNNING,18.4,5.59,LIGHT,76.39,LOW,RUNNING,14.84,3.72,LIGHT,69.13,LOW,RUNNING,18.43,6.11,LIGHT,77.2,LOW,RUNNING,17.04,4.35,LIGHT,72.83,LOW,RUNNING,16.08,4.03,LIGHT,71.14,LOW,RUNNING,29.53,52.0,301.7,0.25,22.0,COOLING,0.25,22.0,COOLING,0.25,22.0,COOLING,0.25,22.0,COOLING,25.073,22.816,22.219,22.8,23.227,25.073,22.219,2.854,1120.5,150.82,146.33,143.97,255.0,340.0,255.0,340.0,209.03,332.98,421.22,333.32,-541.1,182.47,172.16,186.47,875.0,875.0,875.0,875.0,168.43,131.27,119.71,128.76,1561.62,1190.0,1296.55,3500.0,548.17,1.0,0.0,0.0,1.0,22.5,TARGETED_WEST_COMPUTE_COOL,18.7666
1,Localized Heavy Compute,0,489,4890.0,14,3,4,3,4,91.84,83.51,HEAVY,285.07,VERY HIGH,HEAVY LOAD,87.72,78.99,HEAVY,273.13,VERY HIGH,HEAVY LOAD,90.71,82.86,HEAVY,282.68,VERY HIGH,HEAVY LOAD,90.27,81.6,HEAVY,280.24,VERY HIGH,HEAVY LOAD,17.1,5.34,LIGHT,74.39,LOW,RUNNING,18.29,5.5,LIGHT,76.11,LOW,RUNNING,14.72,3.67,LIGHT,68.91,LOW,RUNNING,18.4,6.14,LIGHT,77.21,LOW,RUNNING,17.14,4.44,LIGHT,73.08,LOW,RUNNING,16.21,4.1,LIGHT,71.41,LOW,RUNNING,29.54,52.0,301.9,0.25,22.0,COOLING,0.25,22.0,COOLING,0.25,22.0,COOLING,0.25,22.0,COOLING,25.076,22.819,22.221,22.803,23.23,25.076,22.221,2.855,1121.12,150.5,146.12,144.49,255.0,340.0,255.0,340.0,209.25,333.26,421.56,333.6,-541.11,182.36,172.39,186.36,875.0,875.0,875.0,875.0,169.26,131.12,120.07,129.45,1562.23,1190.0,1297.67,3500.0,549.9,1.0,0.0,0.0,1.0,22.5,TARGETED_WEST_COMPUTE_COOL,18.7935
1,Localized Heavy Compute,0,490,4900.0,14,3,4,3,4,91.73,83.55,HEAVY,284.99,VERY HIGH,HEAVY LOAD,87.77,79.12,HEAVY,273.39,VERY HIGH,HEAVY LOAD,90.89,82.95,HEAVY,283.04,VERY HIGH,HEAVY LOAD,90.41,81.58,HEAVY,280.38,VERY HIGH,HEAVY LOAD,17.08,5.28,LIGHT,74.27,LOW,RUNNING,18.17,5.41,LIGHT,75.83,LOW,RUNNING,14.61,3.62,LIGHT,68.69,LOW,RUNNING,18.41,6.18,LIGHT,77.28,LOW,RUNNING,17.25,4.53,LIGHT,73.36,LOW,RUNNING,16.33,4.15,LIGHT,71.64,LOW,RUNNING,29.54,52.0,302.1,0.25,22.0,COOLING,0.25,22.0,COOLING,0.25,22.0,COOLING,0.25,22.0,COOLING,25.079,22.822,22.223,22.806,23.233,25.079,22.223,2.856,1121.8,150.1,145.97,145.0,255.0,340.0,255.0,340.0,209.27,333.31,421.7,333.66,-541.13,182.25,172.62,186.25,875.0,875.0,875.0,875.0,169.94,130.66,120.29,129.91,1562.87,1190.0,1297.94,3500.0,550.8,1.0,0.0,0.0,1.0,22.5,TARGETED_WEST_COMPUTE_COOL,18.8203
1,Localized Heavy Compute,0,491,4910.0,14,3,4,3,4,91.65,83.62,HEAVY,284.99,VERY HIGH,HEAVY LOAD,87.86,79.25,HEAVY,273.7,VERY HIGH,HEAVY LOAD,91.07,83.03,HEAVY,283.38,VERY HIGH,HEAVY LOAD,90.51,81.52,HEAVY,280.42,VERY HIGH,HEAVY LOAD,17.02,5.21,LIGHT,74.09,LOW,RUNNING,18.04,5.33,LIGHT,75.55,LOW,RUNNING,14.52,3.6,LIGHT,68.55,LOW,RUNNING,18.44,6.24,LIGHT,77.41,LOW,RUNNING,17.38,4.62,LIGHT,73.66,LOW,RUNNING,16.43,4.19,LIGHT,71.82,LOW,RUNNING,29.55,52.0,302.3,0.25,22.0,COOLING,0.25,22.0,COOLING,0.25,22.0,COOLING,0.25,22.0,COOLING,25.082,22.825,22.225,22.809,23.235,25.082,22.225,2.857,1122.49,149.64,145.96,145.48,255.0,340.0,255.0,340.0,209.49,333.59,422.04,333.94,-541.14,182.14,172.86,186.14,875.0,875.0,875.0,875.0,170.84,130.37,120.86,130.56,1563.57,1190.0,1299.06,3500.0,552.63,1.0,0.0,0.0,1.0,22.5,TARGETED_WEST_COMPUTE_COOL,18.8471
1,Localized Heavy Compute,0,492,4920.0,14,3,4,3,4,91.61,83.72,HEAVY,285.09,VERY HIGH,HEAVY LOAD,87.99,79.38,HEAVY,274.06,VERY HIGH,HEAVY LOAD,91.24,83.08,HEAVY,283.67,VERY HIGH,HEAVY LOAD,90.57,81.44,HEAVY,280.37,VERY HIGH,HEAVY LOAD,16.94,5.13,LIGHT,73.87,LOW,RUNNING,17.9,5.25,LIGHT,75.25,LOW,RUNNING,14.45,3.6,LIGHT,68.46,LOW,RUNNING,18.5,6.32,LIGHT,77.61,LOW,RUNNING,17.51,4.7,LIGHT,73.94,LOW,RUNNING,16.51,4.2,LIGHT,71.94,LOW,RUNNING,29.55,52.0,302.5,0.25,22.0,COOLING,0.25,22.0,COOLING,0.25,22.0,COOLING,0.25,22.0,COOLING,25.086,22.828,22.227,22.812,23.238,25.086,22.227,2.859,1123.19,149.12,146.07,145.88,255.0,340.0,255.0,340.0,209.5,333.65,422.18,333.99,-541.16,182.03,173.09,186.03,875.0,875.0,875.0,875.0,171.53,129.8,121.34,130.9,1564.26,1190.0,1299.32,3500.0,553.57,1.0,0.0,0.0,1.0,22.5,TARGETED_WEST_COMPUTE_COOL,18.8885
1,Localized Heavy Compute,0,493,4930.0,14,3,4,3,4,91.6,83.83,HEAVY,285.25,VERY HIGH,HEAVY LOAD,88.14,79.5,HEAVY,274.43,VERY HIGH,HEAVY LOAD,91.41,83.1,HEAVY,283.91,VERY HIGH,HEAVY LOAD,90.6,81.34,HEAVY,280.26,VERY HIGH,HEAVY LOAD,16.84,5.04,LIGHT,73.61,LOW,RUNNING,17.77,5.19,LIGHT,75.0,LOW,RUNNING,14.41,3.62,LIGHT,68.44,LOW,RUNNING,18.59,6.4,LIGHT,77.84,LOW,RUNNING,17.65,4.77,LIGHT,74.22,LOW,RUNNING,16.57,4.19,LIGHT,72.0,LOW,RUNNING,29.55,52.0,302.7,0.25,22.0,COOLING,0.25,22.0,COOLING,0.25,22.0,COOLING,0.25,22.0,COOLING,25.09,22.831,22.229,22.815,23.241,25.09,22.229,2.861,1123.85,148.61,146.28,146.22,255.0,340.0,255.0,340.0,209.49,333.71,422.3,334.06,-541.4,182.03,173.34,186.03,875.0,875.0,875.0,875.0,171.94,129.35,121.92,131.31,1564.96,1190.0,1299.56,3500.0,554.52,1.0,0.0,0.0,1.0,22.5,TARGETED_WEST_COMPUTE_COOL,18.9293
1,Localized Heavy Compute,0,494,4940.0,14,3,4,3,4,91.64,83.96,HEAVY,285.49,VERY HIGH,HEAVY LOAD,88.31,79.61,HEAVY,274.8,VERY HIGH,HEAVY LOAD,91.55,83.09,HEAVY,284.07,VERY HIGH,HEAVY LOAD,90.59,81.23,HEAVY,280.08,VERY HIGH,HEAVY LOAD,16.73,4.95,LIGHT,73.34,LOW,RUNNING,17.65,5.14,LIGHT,74.77,LOW,RUNNING,14.4,3.66,LIGHT,68.49,LOW,RUNNING,18.7,6.49,LIGHT,78.11,LOW,RUNNING,17.77,4.83,LIGHT,74.46,LOW,RUNNING,16.6,4.17,LIGHT,72.0,LOW,RUNNING,29.56,52.0,302.9,0.25,22.0,COOLING,0.25,22.0,COOLING,0.25,22.0,COOLING,0.25,22.0,COOLING,25.094,22.834,22.232,22.818,23.245,25.094,22.232,2.862,1124.44,148.11,146.6,146.46,255.0,340.0,255.0,340.0,209.69,333.98,422.66,334.33,-541.65,182.03,173.6,186.03,875.0,875.0,875.0,875.0,172.48,129.12,122.86,131.82,1565.61,1190.0,1300.66,3500.0,556.28,1.0,0.0,0.0,1.0,22.5,TARGETED_WEST_COMPUTE_COOL,18.9595
1,Localized Heavy Compute,0,495,4950.0,14,3,4,3,4,91.72,84.09,HEAVY,285.78,VERY HIGH,HEAVY LOAD,88.48,79.7,HEAVY,275.15,VERY HIGH,HEAVY LOAD,91.66,83.05,HEAVY,284.15,VERY HIGH,HEAVY LOAD,90.53,81.1,HEAVY,279.81,VERY HIGH,HEAVY LOAD,16.6,4.87,LIGHT,73.06,LOW,RUNNING,17.55,5.11,LIGHT,74.6,LOW,RUNNING,14.42,3.71,LIGHT,68.59,LOW,RUNNING,18.82,6.58,LIGHT,78.4,LOW,RUNNING,17.89,4.87,LIGHT,74.67,LOW,RUNNING,16.6,4.12,LIGHT,71.93,LOW,RUNNING,29.56,52.0,303.1,0.25,22.0,COOLING,0.25,22.0,COOLING,0.25,22.0,COOLING,0.25,22.0,COOLING,25.098,22.837,22.235,22.821,23.248,25.098,22.235,2.863,1124.89,147.66,146.99,146.6,255.0,340.0,255.0,340.0,209.68,334.05,422.76,334.39,-541.89,182.14,173.61,186.14,875.0,875.0,875.0,875.0,172.68,128.85,123.36,132.13,1566.14,1190.0,1300.88,3500.0,557.02,1.0,0.0,0.0,1.0,22.5,TARGETED_WEST_COMPUTE_COOL,18.9897
1,Localized Heavy Compute,0,496,4960.0,14,3,4,3,4,91.83,84.22,HEAVY,286.12,VERY HIGH,HEAVY LOAD,88.66,79.76,HEAVY,275.47,VERY HIGH,HEAVY LOAD,91.75,82.98,HEAVY,284.16,VERY HIGH,HEAVY LOAD,90.44,80.96,HEAVY,279.49,VERY HIGH,HEAVY LOAD,16.46,4.79,LIGHT,72.76,LOW,RUNNING,17.48,5.1,LIGHT,74.5,LOW,RUNNING,14.47,3.78,LIGHT,68.76,LOW,RUNNING,18.95,6.66,LIGHT,78.68,LOW,RUNNING,17.98,4.9,LIGHT,74.82,LOW,RUNNING,16.56,4.06,LIGHT,71.79,LOW,RUNNING,29.57,52.0,303.3,0.25,22.0,COOLING,0.25,22.0,COOLING,0.25,22.0,COOLING,0.25,22.0,COOLING,25.102,22.84,22.238,22.824,23.251,25.102,22.238,2.864,1125.24,147.26,147.44,146.61,255.0,340.0,255.0,340.0,209.89,334.32,423.09,334.66,-542.12,182.25,173.63,186.25,875.0,875.0,875.0,875.0,173.01,128.83,124.16,132.52,1566.55,1190.0,1301.96,3500.0,558.52,1.0,0.0,0.0,1.0,22.5,TARGETED_WEST_COMPUTE_COOL,19.0199
1,Localized Heavy Compute,0,497,4970.0,14,3,4,3,4,91.97,84.35,HEAVY,286.49,VERY HIGH,HEAVY LOAD,88.83,79.79,HEAVY,275.72,VERY HIGH,HEAVY LOAD,91.79,82.89,HEAVY,284.07,VERY HIGH,HEAVY LOAD,90.32,80.83,HEAVY,279.14,VERY HIGH,HEAVY LOAD,16.33,4.72,LIGHT,72.49,LOW,RUNNING,17.42,5.11,LIGHT,74.44,LOW,RUNNING,14.55,3.86,LIGHT,68.98,LOW,RUNNING,19.09,6.74,LIGHT,78.97,LOW,RUNNING,18.05,4.9,LIGHT,74.91,LOW,RUNNING,16.5,3.99,LIGHT,71.61,LOW,RUNNING,29.57,52.0,303.5,0.25,22.0,COOLING,0.25,22.0,COOLING,0.25,22.0,COOLING,0.25,22.0,COOLING,25.106,22.843,22.241,22.827,23.254,25.106,22.241,2.865,1125.42,146.93,147.95,146.52,255.0,340.0,255.0,340.0,209.87,334.39,423.2,334.73,-542.36,182.36,173.64,186.36,875.0,875.0,875.0,875.0,172.93,128.68,124.79,132.61,1566.82,1190.0,1302.19,3500.0,559.01,1.0,0.0,0.0,1.0,22.5,TARGETED_WEST_COMPUTE_COOL,19.0497
1,Localized Heavy Compute,0,498,4980.0,14,3,4,3,4,92.13,84.46,HEAVY,286.85,VERY HIGH,HEAVY LOAD,88.99,79.8,HEAVY,275.94,VERY HIGH,HEAVY LOAD,91.8,82.78,HEAVY,283.92,VERY HIGH,HEAVY LOAD,90.18,80.71,HEAVY,278.79,VERY HIGH,HEAVY LOAD,16.21,4.66,LIGHT,72.25,LOW,RUNNING,17.4,5.14,LIGHT,74.46,LOW,RUNNING,14.65,3.95,LIGHT,69.24,LOW,RUNNING,19.22,6.81,LIGHT,79.24,LOW,RUNNING,18.09,4.88,LIGHT,74.93,LOW,RUNNING,16.42,3.91,LIGHT,71.39,LOW,RUNNING,29.57,52.0,303.8,0.25,22.0,COOLING,0.25,22.0,COOLING,0.25,22.0,COOLING,0.25,22.0,COOLING,25.11,22.846,22.244,22.83,23.258,25.11,22.244,2.866,1125.5,146.71,148.48,146.32,255.0,340.0,255.0,340.0,209.9,334.51,423.39,334.85,-542.6,182.47,173.66,186.47,875.0,875.0,875.0,875.0,172.8,128.69,125.53,132.64,1567.01,1190.0,1302.65,3500.0,559.66,1.0,0.0,0.0,1.0,22.5,TARGETED_WEST_COMPUTE_COOL,19.0793
1,Localized Heavy Compute,0,499,4990.0,14,3,4,3,4,92.3,84.56,HEAVY,287.22,VERY HIGH,HEAVY LOAD,89.12,79.77,HEAVY,276.06,VERY HIGH,HEAVY LOAD,91.76,82.66,HEAVY,283.69,VERY HIGH,HEAVY LOAD,90.01,80.6,HEAVY,278.41,VERY HIGH,HEAVY LOAD,16.1,4.62,LIGHT,72.06,LOW,RUNNING,17.41,5.19,LIGHT,74.55,LOW,RUNNING,14.76,4.04,LIGHT,69.51,LOW,RUNNING,19.34,6.86,LIGHT,79.47,LOW,RUNNING,18.1,4.85,LIGHT,74.9,LOW,RUNNING,16.31,3.82,LIGHT,71.12,LOW,RUNNING,29.58,52.0,304.0,0.25,22.0,COOLING,0.25,22.0,COOLING,0.25,22.0,COOLING,0.25,22.0,COOLING,25.114,22.849,22.247,22.833,23.261,25.114,22.247,2.867,1125.38,146.61,148.98,146.02,255.0,340.0,255.0,340.0,210.1,334.78,423.72,335.12,-542.83,182.58,173.67,186.58,875.0,875.0,875.0,875.0,172.65,128.97,126.37,132.72,1566.99,1190.0,1303.72,3500.0,560.71,1.0,0.0,0.0,1.0,22.5,TARGETED_WEST_COMPUTE_COOL,19.1089
1,Localized Heavy Compute,0,500,5000.0,14,3,4,3,4,92.48,84.64,HEAVY,287.56,VERY HIGH,HEAVY LOAD,89.21,79.72,HEAVY,276.09,VERY HIGH,HEAVY LOAD,91.69,82.52,HEAVY,283.39,VERY HIGH,HEAVY LOAD,89.83,80.51,HEAVY,278.05,VERY HIGH,HEAVY LOAD,16.01,4.6,LIGHT,71.91,LOW,RUNNING,17.45,5.25,LIGHT,74.69,LOW,RUNNING,14.89,4.13,LIGHT,69.81,LOW,RUNNING,19.44,6.89,LIGHT,79.63,LOW,RUNNING,18.08,4.79,LIGHT,74.78,LOW,RUNNING,16.19,3.73,LIGHT,70.83,LOW,RUNNING,29.58,52.0,304.2,0.25,22.0,COOLING,0.25,22.0,COOLING,0.25,22.0,COOLING,0.25,22.0,COOLING,25.118,22.852,22.25,22.836,23.264,25.118,22.25,2.868,1125.09,146.6,149.44,145.61,255.0,340.0,255.0,340.0,210.1,334.84,423.84,335.18,-543.07,182.69,173.68,186.69,875.0,875.0,875.0,875.0,172.12,129.13,126.96,132.48,1566.74,1190.0,1303.96,3500.0,560.69,1.0,0.0,0.0,1.0,22.5,TARGETED_WEST_COMPUTE_COOL,19.1381
1,Localized Heavy Compute,0,501,5010.0,14,3,4,3,4,92.66,84.68,HEAVY,287.85,VERY HIGH,HEAVY LOAD,89.28,79.64,HEAVY,276.06,VERY HIGH,HEAVY LOAD,91.58,82.39,HEAVY,283.06,VERY HIGH,HEAVY LOAD,89.65,80.44,HEAVY,277.72,VERY HIGH,HEAVY LOAD,15.94,4.6,LIGHT,71.83,LOW,RUNNING,17.51,5.32,LIGHT,74.87,LOW,RUNNING,15.03,4.21,LIGHT,70.1,LOW,RUNNING,19.52,6.9,LIGHT,79.75,LOW,RUNNING,18.03,4.73,LIGHT,74.63,LOW,RUNNING,16.06,3.64,LIGHT,70.53,LOW,RUNNING,29.59,52.0,304.4,0.25,22.0,COOLING,0.25,22.0,COOLING,0.25,22.0,COOLING,0.25,22.0,COOLING,25.122,22.855,22.253,22.839,23.267,25.122,22.253,2.869,1124.69,146.7,149.85,145.16,255.0,340.0,255.0,340.0,210.3,335.12,424.16,335.46,-543.3,182.8,173.7,186.8,875.0,875.0,875.0,875.0,171.69,129.62,127.71,132.42,1566.4,1190.0,1305.04,3500.0,561.44,1.0,0.0,0.0,1.0,22.5,TARGETED_WEST_COMPUTE_COOL,19.1675
1,Localized Heavy Compute,0,502,5020.0,14,3,4,3,4,92.82,84.7,HEAVY,288.07,VERY HIGH,HEAVY LOAD,89.3,79.53,HEAVY,275.92,VERY HIGH,HEAVY LOAD,91.45,82.26,HEAVY,282.7,VERY HIGH,HEAVY LOAD,89.48,80.41,HEAVY,277.47,VERY HIGH,HEAVY LOAD,15.91,4.62,LIGHT,71.82,LOW,RUNNING,17.6,5.41,LIGHT,75.11,LOW,RUNNING,15.16,4.28,LIGHT,70.37,LOW,RUNNING,19.57,6.89,LIGHT,79.8,LOW,RUNNING,17.96,4.65,LIGHT,74.43,LOW,RUNNING,15.92,3.57,LIGHT,70.26,LOW,RUNNING,29.59,52.0,304.6,0.25,22.0,COOLING,0.25,22.0,COOLING,0.25,22.0,COOLING,0.25,22.0,COOLING,25.125,22.858,22.256,22.842,23.27,25.125,22.256,2.869,1124.16,146.93,150.17,144.69,255.0,340.0,255.0,340.0,210.28,335.18,424.27,335.53,-543.54,182.91,173.71,186.91,875.0,875.0,875.0,875.0,170.9,130.02,128.15,132.13,1565.95,1190.0,1305.26,3500.0,561.2,1.0,0.0,0.0,1.0,22.5,TARGETED_WEST_COMPUTE_COOL,19.1818
1,Localized Heavy Compute,0,503,5030.0,14,3,4,3,4,92.96,84.69,HEAVY,288.24,VERY HIGH,HEAVY LOAD,89.28,79.41,HEAVY,275.72,VERY HIGH,HEAVY LOAD,91.29,82.14,HEAVY,282.32,VERY HIGH,HEAVY LOAD,89.33,80.4,HEAVY,277.26,VERY HIGH,HEAVY LOAD,15.9,4.66,LIGHT,71.86,LOW,RUNNING,17.71,5.5,LIGHT,75.39,LOW,RUNNING,15.28,4.33,LIGHT,70.59,LOW,RUNNING,19.6,6.86,LIGHT,79.79,LOW,RUNNING,17.86,4.56,LIGHT,74.17,LOW,RUNNING,15.79,3.5,LIGHT,69.99,LOW,RUNNING,29.6,52.0,304.8,0.25,22.0,COOLING,0.25,22.0,COOLING,0.25,22.0,COOLING,0.25,22.0,COOLING,25.128,22.861,22.259,22.845,23.273,25.128,22.259,2.869,1123.54,147.25,150.38,144.16,255.0,340.0,255.0,340.0,210.51,335.45,424.6,335.8,-543.54,182.91,173.71,186.91,875.0,875.0,875.0,875.0,170.51,130.61,128.69,131.87,1565.33,1190.0,1306.36,3500.0,561.68,1.0,0.0,0.0,1.0,22.5,TARGETED_WEST_COMPUTE_COOL,19.1968
1,Localized Heavy Compute,0,504,5040.0,14,3,4,3,4,93.07,84.65,HEAVY,288.31,VERY HIGH,HEAVY LOAD,89.23,79.28,HEAVY,275.46,VERY HIGH,HEAVY LOAD,91.11,82.05,HEAVY,281.96,VERY HIGH,HEAVY LOAD,89.19,80.42,HEAVY,277.12,VERY HIGH,HEAVY LOAD,15.92,4.72,LIGHT,71.98,LOW,RUNNING,17.83,5.59,LIGHT,75.67,LOW,RUNNING,15.39,4.38,LIGHT,70.81,LOW,RUNNING,19.59,6.82,LIGHT,79.72,LOW,RUNNING,17.75,4.47,LIGHT,73.89,LOW,RUNNING,15.67,3.45,LIGHT,69.76,LOW,RUNNING,29.6,52.0,305.0,0.25,22.0,COOLING,0.25,22.0,COOLING,0.25,22.0,COOLING,0.25,22.0,COOLING,25.131,22.864,22.262,22.848,23.276,25.131,22.262,2.869,1122.85,147.65,150.53,143.65,255.0,340.0,255.0,340.0,210.53,335.51,424.71,335.85,-543.54,182.91,173.71,186.91,875.0,875.0,875.0,875.0,169.84,131.07,128.95,131.41,1564.68,1190.0,1306.6,3500.0,561.27,1.0,0.0,0.0,1.0,22.5,TARGETED_WEST_COMPUTE_COOL,19.2116
1,Localized Heavy Compute,0,505,5050.0,14,3,4,3,4,93.15,84.58,HEAVY,288.31,VERY HIGH,HEAVY LOAD,89.14,79.15,HEAVY,275.15,VERY HIGH,HEAVY LOAD,90.93,81.97,HEAVY,281.62,VERY HIGH,HEAVY LOAD,89.09,80.48,HEAVY,277.08,VERY HIGH,HEAVY LOAD,15.98,4.79,LIGHT,72.16,LOW,RUNNING,17.96,5.67,LIGHT,75.95,LOW,RUNNING,15.48,4.4,LIGHT,70.95,LOW,RUNNING,19.56,6.76,LIGHT,79.59,LOW,RUNNING,17.62,4.38,LIGHT,73.59,LOW,RUNNING,15.57,3.41,LIGHT,69.58,LOW,RUNNING,29.6,52.0,305.2,0.25,22.0,COOLING,0.25,22.0,COOLING,0.25,22.0,COOLING,0.25,22.0,COOLING,25.134,22.867,22.265,22.851,23.279,25.134,22.265,2.869,1122.16,148.11,150.54,143.17,255.0,340.0,255.0,340.0,210.53,335.57,424.82,335.92,-543.54,182.91,173.71,186.91,875.0,875.0,875.0,875.0,169.15,131.59,129.07,131.0,1563.98,1190.0,1306.84,3500.0,560.81,1.0,0.0,0.0,1.0,22.5,TARGETED_WEST_COMPUTE_COOL,19.2267
1,Localized Heavy Compute,0,506,5060.0,14,3,4,3,4,93.19,84.48,HEAVY,288.21,VERY HIGH,HEAVY LOAD,89.01,79.02,HEAVY,274.79,VERY HIGH,HEAVY LOAD,90.76,81.92,HEAVY,281.33,VERY HIGH,HEAVY LOAD,89.03,80.56,HEAVY,277.13,VERY HIGH,HEAVY LOAD,16.06,4.87,LIGHT,72.38,LOW,RUNNING,18.1,5.75,LIGHT,76.25,LOW,RUNNING,15.55,4.4,LIGHT,71.04,LOW,RUNNING,19.5,6.68,LIGHT,79.39,LOW,RUNNING,17.49,4.3,LIGHT,73.31,LOW,RUNNING,15.49,3.4,LIGHT,69.46,LOW,RUNNING,29.61,52.0,305.4,0.25,22.0,COOLING,0.25,22.0,COOLING,0.25,22.0,COOLING,0.25,22.0,COOLING,25.137,22.87,22.268,22.854,23.282,25.137,22.268,2.869,1121.46,148.63,150.43,142.77,255.0,340.0,255.0,340.0,210.75,335.85,425.14,336.2,-543.54,182.91,173.71,186.91,875.0,875.0,875.0,875.0,168.67,132.39,129.28,130.88,1563.29,1190.0,1307.94,3500.0,561.22,1.0,0.0,0.0,1.0,22.5,TARGETED_WEST_COMPUTE_COOL,19.2422
1,Localized Heavy Compute,0,507,5070.0,14,3,4,3,4,93.2,84.37,HEAVY,288.06,VERY HIGH,HEAVY LOAD,88.86,78.9,HEAVY,274.43,VERY HIGH,HEAVY LOAD,90.59,81.9,HEAVY,281.09,VERY HIGH,HEAVY LOAD,89.0,80.66,HEAVY,277.24,VERY HIGH,HEAVY LOAD,16.16,4.96,LIGHT,72.64,LOW,RUNNING,18.23,5.81,LIGHT,76.5,LOW,RUNNING,15.59,4.38,LIGHT,71.06,LOW,RUNNING,19.41,6.6,LIGHT,79.16,LOW,RUNNING,17.35,4.23,LIGHT,73.03,LOW,RUNNING,15.43,3.41,LIGHT,69.4,LOW,RUNNING,29.61,52.0,305.6,0.25,22.0,COOLING,0.25,22.0,COOLING,0.25,22.0,COOLING,0.25,22.0,COOLING,25.14,22.873,22.271,22.857,23.285,25.14,22.271,2.869,1120.82,149.14,150.22,142.43,255.0,340.0,255.0,340.0,210.77,335.91,425.25,336.25,-543.54,182.91,173.71,186.91,875.0,875.0,875.0,875.0,168.05,132.96,129.18,130.59,1562.61,1190.0,1308.18,3500.0,560.78,1.0,0.0,0.0,1.0,22.5,TARGETED_WEST_COMPUTE_COOL,19.2579
1,Localized Heavy Compute,0,508,5080.0,14,3,4,3,4,93.16,84.24,HEAVY,287.81,VERY HIGH,HEAVY LOAD,88.69,78.79,HEAVY,274.05,VERY HIGH,HEAVY LOAD,90.45,81.91,HEAVY,280.93,VERY HIGH,HEAVY LOAD,89.01,80.77,HEAVY,277.42,VERY HIGH,HEAVY LOAD,16.27,5.05,LIGHT,72.91,LOW,RUNNING,18.35,5.86,LIGHT,76.73,LOW,RUNNING,15.6,4.34,LIGHT,71.01,LOW,RUNNING,19.3,6.51,LIGHT,78.89,LOW,RUNNING,17.23,4.17,LIGHT,72.79,LOW,RUNNING,15.4,3.43,LIGHT,69.39,LOW,RUNNING,29.62,52.0,305.8,0.25,22.0,COOLING,0.25,22.0,COOLING,0.25,22.0,COOLING,0.25,22.0,COOLING,25.143,22.876,22.274,22.86,23.288,25.143,22.274,2.869,1120.21,149.64,149.9,142.18,255.0,340.0,255.0,340.0,210.99,336.18,425.57,336.52,-543.54,182.91,173.71,186.91,875.0,875.0,875.0,875.0,167.66,133.73,129.18,130.61,1561.93,1190.0,1309.26,3500.0,561.18,1.0,0.0,0.0,1.0,22.5,TARGETED_WEST_COMPUTE_COOL,19.274
1,Localized Heavy Compute,0,509,5090.0,14,3,4,3,4,93.08,84.11,HEAVY,287.51,VERY HIGH,HEAVY LOAD,88.52,78.7,HEAVY,273.7,VERY HIGH,HEAVY LOAD,90.34,81.95,HEAVY,280.85,VERY HIGH,HEAVY LOAD,89.07,80.9,HEAVY,277.69,VERY HIGH,HEAVY LOAD,16.4,5.13,LIGHT,73.19,LOW,RUNNING,18.45,5.89,LIGHT,76.9,LOW,RUNNING,15.58,4.29,LIGHT,70.91,LOW,RUNNING,19.18,6.42,LIGHT,78.6,LOW,RUNNING,17.11,4.13,LIGHT,72.58,LOW,RUNNING,15.4,3.48,LIGHT,69.47,LOW,RUNNING,29.62,52.0,306.0,0.25,22.0,COOLING,0.25,22.0,COOLING,0.25,22.0,COOLING,0.25,22.0,COOLING,25.146,22.879,22.277,22.863,23.291,25.146,22.277,2.869,1119.75,150.09,149.51,142.05,255.0,340.0,255.0,340.0,211.01,336.25,425.69,336.59,-543.54,182.91,173.71,186.91,875.0,875.0,875.0,875.0,167.22,134.25,128.91,130.55,1561.4,1190.0,1309.54,3500.0,560.93,1.0,0.0,0.0,1.0,22.5,TARGETED_WEST_COMPUTE_COOL,19.2903
1,Localized Heavy Compute,0,510,5100.0,14,3,4,3,4,92.97,83.98,HEAVY,287.18,VERY HIGH,HEAVY LOAD,88.34,78.64,HEAVY,273.38,VERY HIGH,HEAVY LOAD,90.25,82.02,HEAVY,280.84,VERY HIGH,HEAVY LOAD,89.16,81.04,HEAVY,278.01,VERY HIGH,HEAVY LOAD,16.54,5.21,LIGHT,73.49,LOW,RUNNING,18.52,5.9,LIGHT,77.0,LOW,RUNNING,15.53,4.22,LIGHT,70.74,LOW,RUNNING,19.05,6.34,LIGHT,78.32,LOW,RUNNING,17.02,4.1,LIGHT,72.43,LOW,RUNNING,15.44,3.54,LIGHT,69.61,LOW,RUNNING,29.62,52.0,306.2,0.25,22.0,COOLING,0.25,22.0,COOLING,0.25,22.0,COOLING,0.25,22.0,COOLING,25.149,22.882,22.28,22.866,23.294,25.149,22.28,2.869,1119.41,150.49,149.06,142.04,255.0,340.0,255.0,340.0,211.02,336.31,425.8,336.66,-543.54,182.91,173.71,186.91,875.0,875.0,875.0,875.0,166.89,134.71,128.57,130.61,1561.0,1190.0,1309.79,3500.0,560.78,1.0,0.0,0.0,1.0,22.5,TARGETED_WEST_COMPUTE_COOL,19.3071
1,Localized Heavy Compute,0,511,5110.0,14,3,4,3,4,92.83,83.85,HEAVY,286.81,VERY HIGH,HEAVY LOAD,88.17,78.61,HEAVY,273.13,VERY HIGH,HEAVY LOAD,90.21,82.11,HEAVY,280.93,VERY HIGH,HEAVY LOAD,89.28,81.17,HEAVY,278.36,VERY HIGH,HEAVY LOAD,16.67,5.28,LIGHT,73.76,LOW,RUNNING,18.58,5.89,LIGHT,77.06,LOW,RUNNING,15.45,4.14,LIGHT,70.52,LOW,RUNNING,18.91,6.26,LIGHT,78.03,LOW,RUNNING,16.95,4.1,LIGHT,72.34,LOW,RUNNING,15.5,3.61,LIGHT,69.79,LOW,RUNNING,29.63,52.0,306.5,0.25,22.0,COOLING,0.25,22.0,COOLING,0.25,22.0,COOLING,0.25,22.0,COOLING,25.152,22.885,22.283,22.869,23.297,25.152,22.283,2.869,1119.23,150.82,148.55,142.13,255.0,340.0,255.0,340.0,211.28,336.64,426.21,336.99,-543.54,182.91,173.71,186.91,875.0,875.0,875.0,875.0,166.97,135.37,128.47,131.03,1560.73,1190.0,1311.12,3500.0,561.84,1.0,0.0,0.0,1.0,22.5,TARGETED_WEST_COMPUTE_COOL,19.3244
1,Localized Heavy Compute,0,512,5120.0,14,3,4,3,4,92.67,83.74,HEAVY,286.45,VERY HIGH,HEAVY LOAD,88.01,78.6,HEAVY,272.91,VERY HIGH,HEAVY LOAD,90.2,82.22,HEAVY,281.08,VERY HIGH,HEAVY LOAD,89.42,81.29,HEAVY,278.71,VERY HIGH,HEAVY LOAD,16.79,5.34,LIGHT,74.0,LOW,RUNNING,18.6,5.86,LIGHT,77.04,LOW,RUNNING,15.35,4.05,LIGHT,70.26,LOW,RUNNING,18.78,6.19,LIGHT,77.76,LOW,RUNNING,16.91,4.12,LIGHT,72.32,LOW,RUNNING,15.58,3.69,LIGHT,70.01,LOW,RUNNING,29.63,52.0,306.7,0.25,22.0,COOLING,0.25,22.0,COOLING,0.25,22.0,COOLING,0.25,22.0,COOLING,25.155,22.888,22.286,22.872,23.3,25.155,22.286,2.869,1119.15,151.04,148.02,142.33,255.0,340.0,255.0,340.0,211.29,336.71,426.32,337.05,-543.54,182.91,173.71,186.91,875.0,875.0,875.0,875.0,166.9,135.66,128.05,131.29,1560.54,1190.0,1311.37,3500.0,561.9,1.0,0.0,0.0,1.0,22.5,TARGETED_WEST_COMPUTE_COOL,19.3418
1,Localized Heavy Compute,0,513,5130.0,14,3,4,3,4,92.5,83.64,HEAVY,286.09,VERY HIGH,HEAVY LOAD,87.88,78.63,HEAVY,272.79,VERY HIGH,HEAVY LOAD,90.24,82.34,HEAVY,281.31,VERY HIGH,HEAVY LOAD,89.59,81.4,HEAVY,279.09,VERY HIGH,HEAVY LOAD,16.9,5.38,LIGHT,74.19,LOW,RUNNING,18.59,5.81,LIGHT,76.95,LOW,RUNNING,15.24,3.96,LIGHT,69.99,LOW,RUNNING,18.66,6.14,LIGHT,77.53,LOW,RUNNING,16.9,4.15,LIGHT,72.35,LOW,RUNNING,15.69,3.78,LIGHT,70.28,LOW,RUNNING,29.64,52.0,306.9,0.25,22.0,COOLING,0.25,22.0,COOLING,0.25,22.0,COOLING,0.25,22.0,COOLING,25.158,22.891,22.289,22.875,23.303,25.158,22.289,2.869,1119.28,151.14,147.52,142.63,255.0,340.0,255.0,340.0,211.52,336.98,426.65,337.32,-543.54,182.91,173.71,186.91,875.0,875.0,875.0,875.0,167.26,136.03,127.88,131.86,1560.57,1190.0,1312.47,3500.0,563.03,1.0,0.0,0.0,1.0,22.5,TARGETED_WEST_COMPUTE_COOL,19.3598
1,Localized Heavy Compute,0,514,5140.0,14,3,4,3,4,92.32,83.56,HEAVY,285.74,VERY HIGH,HEAVY LOAD,87.79,78.68,HEAVY,272.76,VERY HIGH,HEAVY LOAD,90.31,82.48,HEAVY,281.61,VERY HIGH,HEAVY LOAD,89.77,81.49,HEAVY,279.45,VERY HIGH,HEAVY LOAD,16.99,5.4,LIGHT,74.34,LOW,RUNNING,18.55,5.75,LIGHT,76.81,LOW,RUNNING,15.11,3.87,LIGHT,69.69,LOW,RUNNING,18.56,6.11,LIGHT,77.37,LOW,RUNNING,16.92,4.21,LIGHT,72.47,LOW,RUNNING,15.81,3.87,LIGHT,70.57,LOW,RUNNING,29.64,52.0,307.1,0.25,22.0,COOLING,0.25,22.0,COOLING,0.25,22.0,COOLING,0.25,22.0,COOLING,25.161,22.894,22.292,22.878,23.306,25.161,22.292,2.869,1119.56,151.15,147.06,143.04,255.0,340.0,255.0,340.0,211.52,337.04,426.76,337.39,-543.54,182.91,173.71,186.91,875.0,875.0,875.0,875.0,167.54,136.1,127.53,132.34,1560.81,1190.0,1312.71,3500.0,563.51,1.0,0.0,0.0,1.0,22.5,TARGETED_WEST_COMPUTE_COOL,19.378
1,Localized Heavy Compute,0,515,5150.0,14,3,4,3,4,92.14,83.52,HEAVY,285.45,VERY HIGH,HEAVY LOAD,87.72,78.76,HEAVY,272.79,VERY HIGH,HEAVY LOAD,90.42,82.61,HEAVY,281.94,VERY HIGH,HEAVY LOAD,89.95,81.56,HEAVY,279.78,VERY HIGH,HEAVY LOAD,17.06,5.4,LIGHT,74.42,LOW,RUNNING,18.49,5.68,LIGHT,76.63,LOW,RUNNING,14.97,3.79,LIGHT,69.4,LOW,RUNNING,18.48,6.1,LIGHT,77.25,LOW,RUNNING,16.97,4.27,LIGHT,72.62,LOW,RUNNING,15.94,3.96,LIGHT,70.86,LOW,RUNNING,29.65,52.0,307.3,0.25,22.0,COOLING,0.25,22.0,COOLING,0.25,22.0,COOLING,0.25,22.0,COOLING,25.164,22.897,22.295,22.881,23.309,25.164,22.295,2.869,1119.96,151.05,146.65,143.48,255.0,340.0,255.0,340.0,211.75,337.31,427.09,337.66,-543.54,182.91,173.71,186.91,875.0,875.0,875.0,875.0,168.17,136.27,127.45,133.05,1561.14,1190.0,1313.81,3500.0,564.94,1.0,0.0,0.0,1.0,22.5,TARGETED_WEST_COMPUTE_COOL,19.3965
1,Localized Heavy Compute,0,516,5160.0,14,3,4,3,4,91.98,83.5,HEAVY,285.23,VERY HIGH,HEAVY LOAD,87.7,78.87,HEAVY,272.93,VERY HIGH,HEAVY LOAD,90.55,82.74,HEAVY,282.3,VERY HIGH,HEAVY LOAD,90.12,81.59,HEAVY,280.04,VERY HIGH,HEAVY LOAD,17.09,5.38,LIGHT,74.43,LOW,RUNNING,18.4,5.59,LIGHT,76.39,LOW,RUNNING,14.84,3.72,LIGHT,69.13,LOW,RUNNING,18.43,6.11,LIGHT,77.2,LOW,RUNNING,17.04,4.35,LIGHT,72.83,LOW,RUNNING,16.08,4.03,LIGHT,71.14,LOW,RUNNING,29.65,52.0,307.5,0.25,22.0,COOLING,0.25,22.0,COOLING,0.25,22.0,COOLING,0.25,22.0,COOLING,25.167,22.9,22.298,22.884,23.312,25.167,22.298,2.869,1120.5,150.82,146.33,143.97,255.0,340.0,255.0,340.0,211.76,337.38,427.19,337.72,-543.54,182.91,173.71,186.91,875.0,875.0,875.0,875.0,168.72,136.11,127.23,133.6,1561.62,1190.0,1314.05,3500.0,565.66,1.0,0.0,0.0,1.0,22.5,TARGETED_WEST_COMPUTE_COOL,19.4152
1,Localized Heavy Compute,0,517,5170.0,14,3,4,3,4,91.84,83.51,HEAVY,285.07,VERY HIGH,HEAVY LOAD,87.72,78.99,HEAVY,273.13,VERY HIGH,HEAVY LOAD,90.71,82.86,HEAVY,282.68,VERY HIGH,HEAVY LOAD,90.27,81.6,HEAVY,280.24,VERY HIGH,HEAVY LOAD,17.1,5.34,LIGHT,74.39,LOW,RUNNING,18.29,5.5,LIGHT,76.11,LOW,RUNNING,14.72,3.67,LIGHT,68.91,LOW,RUNNING,18.4,6.14,LIGHT,77.21,LOW,RUNNING,17.14,4.44,LIGHT,73.08,LOW,RUNNING,16.21,4.1,LIGHT,71.41,LOW,RUNNING,29.65,52.0,307.7,0.25,22.0,COOLING,0.25,22.0,COOLING,0.25,22.0,COOLING,0.25,22.0,COOLING,25.17,22.903,22.301,22.887,23.315,25.17,22.301,2.869,1121.12,150.5,146.12,144.49,255.0,340.0,255.0,340.0,211.77,337.43,427.31,337.78,-543.54,182.91,173.72,186.91,875.0,875.0,875.0,875.0,169.35,135.84,127.15,134.18,1562.23,1190.0,1314.29,3500.0,566.52,1.0,0.0,0.0,1.0,22.5,TARGETED_WEST_COMPUTE_COOL,19.4338
1,Localized Heavy Compute,0,518,5180.0,14,3,4,3,4,91.73,83.55,HEAVY,284.99,VERY HIGH,HEAVY LOAD,87.77,79.12,HEAVY,273.39,VERY HIGH,HEAVY LOAD,90.89,82.95,HEAVY,283.04,VERY HIGH,HEAVY LOAD,90.41,81.58,HEAVY,280.38,VERY HIGH,HEAVY LOAD,17.08,5.28,LIGHT,74.27,LOW,RUNNING,18.17,5.41,LIGHT,75.83,LOW,RUNNING,14.61,3.62,LIGHT,68.69,LOW,RUNNING,18.41,6.18,LIGHT,77.28,LOW,RUNNING,17.25,4.53,LIGHT,73.36,LOW,RUNNING,16.33,4.15,LIGHT,71.64,LOW,RUNNING,29.66,52.0,307.9,0.25,22.0,COOLING,0.25,22.0,COOLING,0.25,22.0,COOLING,0.25,22.0,COOLING,25.173,22.906,22.304,22.89,23.318,25.173,22.304,2.869,1121.8,150.1,145.97,145.0,255.0,340.0,255.0,340.0,211.99,337.72,427.63,338.06,-543.54,182.91,173.72,186.91,875.0,875.0,875.0,875.0,170.25,135.73,127.32,134.97,1562.87,1190.0,1315.4,3500.0,568.27,1.0,0.0,0.0,1.0,22.5,TARGETED_WEST_COMPUTE_COOL,19.4527
1,Localized Heavy Compute,0,519,5190.0,14,3,4,3,4,91.65,83.62,HEAVY,284.99,VERY HIGH,HEAVY LOAD,87.86,79.25,HEAVY,273.7,VERY HIGH,HEAVY LOAD,91.07,83.03,HEAVY,283.38,VERY HIGH,HEAVY LOAD,90.51,81.52,HEAVY,280.42,VERY HIGH,HEAVY LOAD,17.02,5.21,LIGHT,74.09,LOW,RUNNING,18.04,5.33,LIGHT,75.55,LOW,RUNNING,14.52,3.6,LIGHT,68.55,LOW,RUNNING,18.44,6.24,LIGHT,77.41,LOW,RUNNING,17.38,4.62,LIGHT,73.66,LOW,RUNNING,16.43,4.19,LIGHT,71.82,LOW,RUNNING,29.66,52.0,308.1,0.25,22.0,COOLING,0.25,22.0,COOLING,0.25,22.0,COOLING,0.25,22.0,COOLING,25.176,22.909,22.307,22.893,23.321,25.176,22.307,2.869,1122.49,149.64,145.96,145.48,255.0,340.0,255.0,340.0,212.01,337.77,427.74,338.11,-543.53,182.91,173.72,186.91,875.0,875.0,875.0,875.0,170.97,135.32,127.42,135.5,1563.57,1190.0,1315.63,3500.0,569.21,1.0,0.0,0.0,1.0,22.5,TARGETED_WEST_COMPUTE_COOL,19.4715
1,Localized Heavy Compute,0,520,5200.0,14,3,4,3,4,91.61,83.72,HEAVY,285.09,VERY HIGH,HEAVY LOAD,87.99,79.38,HEAVY,274.06,VERY HIGH,HEAVY LOAD,91.24,83.08,HEAVY,283.67,VERY HIGH,HEAVY LOAD,90.57,81.44,HEAVY,280.37,VERY HIGH,HEAVY LOAD,16.94,5.13,LIGHT,73.87,LOW,RUNNING,17.9,5.25,LIGHT,75.25,LOW,RUNNING,14.45,3.6,LIGHT,68.46,LOW,RUNNING,18.5,6.32,LIGHT,77.61,LOW,RUNNING,17.51,4.7,LIGHT,73.94,LOW,RUNNING,16.51,4.2,LIGHT,71.94,LOW,RUNNING,29.67,52.0,308.3,0.25,22.0,COOLING,0.25,22.0,COOLING,0.25,22.0,COOLING,0.25,22.0,COOLING,25.18,22.912,22.31,22.896,23.325,25.18,22.31,2.87,1123.19,149.12,146.07,145.88,255.0,340.0,255.0,340.0,212.23,338.05,428.06,338.4,-543.53,182.91,173.72,186.91,875.0,875.0,875.0,875.0,171.89,135.08,127.85,136.19,1564.26,1190.0,1316.74,3500.0,571.01,1.0,0.0,0.0,1.0,22.5,TARGETED_WEST_COMPUTE_COOL,19.5052
1,Localized Heavy Compute,0,521,5210.0,14,3,4,3,4,91.6,83.83,HEAVY,285.25,VERY HIGH,HEAVY LOAD,88.14,79.5,HEAVY,274.43,VERY HIGH,HEAVY LOAD,91.41,83.1,HEAVY,283.91,VERY HIGH,HEAVY LOAD,90.6,81.34,HEAVY,280.26,VERY HIGH,HEAVY LOAD,16.84,5.04,LIGHT,73.61,LOW,RUNNING,17.77,5.19,LIGHT,75.0,LOW,RUNNING,14.41,3.62,LIGHT,68.44,LOW,RUNNING,18.59,6.4,LIGHT,77.84,LOW,RUNNING,17.65,4.77,LIGHT,74.22,LOW,RUNNING,16.57,4.19,LIGHT,72.0,LOW,RUNNING,29.67,52.0,308.5,0.25,22.0,COOLING,0.25,22.0,COOLING,0.25,22.0,COOLING,0.25,22.0,COOLING,25.184,22.915,22.313,22.899,23.328,25.184,22.313,2.871,1123.85,148.61,146.28,146.22,255.0,340.0,255.0,340.0,212.23,338.11,428.18,338.45,-543.77,183.02,173.73,187.02,875.0,875.0,875.0,875.0,172.31,134.74,128.19,136.69,1564.96,1190.0,1316.97,3500.0,571.93,1.0,0.0,0.0,1.0,22.5,TARGETED_WEST_COMPUTE_COOL,19.5382
1,Localized Heavy Compute,0,522,5220.0,14,3,4,3,4,91.64,83.96,HEAVY,285.49,VERY HIGH,HEAVY LOAD,88.31,79.61,HEAVY,274.8,VERY HIGH,HEAVY LOAD,91.55,83.09,HEAVY,284.07,VERY HIGH,HEAVY LOAD,90.59,81.23,HEAVY,280.08,VERY HIGH,HEAVY LOAD,16.73,4.95,LIGHT,73.34,LOW,RUNNING,17.65,5.14,LIGHT,74.77,LOW,RUNNING,14.4,3.66,LIGHT,68.49,LOW,RUNNING,18.7,6.49,LIGHT,78.11,LOW,RUNNING,17.77,4.83,LIGHT,74.46,LOW,RUNNING,16.6,4.17,LIGHT,72.0,LOW,RUNNING,29.68,52.0,308.8,0.25,22.0,COOLING,0.25,22.0,COOLING,0.25,22.0,COOLING,0.25,22.0,COOLING,25.188,22.918,22.316,22.902,23.331,25.188,22.316,2.872,1124.44,148.11,146.6,146.46,255.0,340.0,255.0,340.0,212.46,338.45,428.59,338.79,-544.01,183.13,173.75,187.13,875.0,875.0,875.0,875.0,172.89,134.69,128.94,137.38,1565.61,1190.0,1318.29,3500.0,573.9,1.0,0.0,0.0,1.0,22.5,TARGETED_WEST_COMPUTE_COOL,19.5711
1,Localized Heavy Compute,0,523,5230.0,14,3,4,3,4,91.72,84.09,HEAVY,285.78,VERY HIGH,HEAVY LOAD,88.48,79.7,HEAVY,275.15,VERY HIGH,HEAVY LOAD,91.66,83.05,HEAVY,284.15,VERY HIGH,HEAVY LOAD,90.53,81.1,HEAVY,279.81,VERY HIGH,HEAVY LOAD,16.6,4.87,LIGHT,73.06,LOW,RUNNING,17.55,5.11,LIGHT,74.6,LOW,RUNNING,14.42,3.71,LIGHT,68.59,LOW,RUNNING,18.82,6.58,LIGHT,78.4,LOW,RUNNING,17.89,4.87,LIGHT,74.67,LOW,RUNNING,16.6,4.12,LIGHT,71.93,LOW,RUNNING,29.68,52.0,309.0,0.25,22.0,COOLING,0.25,22.0,COOLING,0.25,22.0,COOLING,0.25,22.0,COOLING,25.192,22.921,22.319,22.905,23.334,25.192,22.319,2.873,1124.89,147.66,146.99,146.6,255.0,340.0,255.0,340.0,212.46,338.5,428.71,338.85,-544.24,183.24,173.76,187.24,875.0,875.0,875.0,875.0,173.11,134.4,129.46,137.69,1566.14,1190.0,1318.52,3500.0,574.66,1.0,0.0,0.0,1.0,22.5,TARGETED_WEST_COMPUTE_COOL,19.6037
1,Localized Heavy Compute,0,524,5240.0,14,3,4,3,4,91.83,84.22,HEAVY,286.12,VERY HIGH,HEAVY LOAD,88.66,79.76,HEAVY,275.47,VERY HIGH,HEAVY LOAD,91.75,82.98,HEAVY,284.16,VERY HIGH,HEAVY LOAD,90.44,80.96,HEAVY,279.49,VERY HIGH,HEAVY LOAD,16.46,4.79,LIGHT,72.76,LOW,RUNNING,17.48,5.1,LIGHT,74.5,LOW,RUNNING,14.47,3.78,LIGHT,68.76,LOW,RUNNING,18.95,6.66,LIGHT,78.68,LOW,RUNNING,17.98,4.9,LIGHT,74.82,LOW,RUNNING,16.56,4.06,LIGHT,71.79,LOW,RUNNING,29.68,52.0,309.2,0.25,22.0,COOLING,0.25,22.0,COOLING,0.25,22.0,COOLING,0.25,22.0,COOLING,25.196,22.924,22.322,22.908,23.337,25.196,22.322,2.874,1125.24,147.26,147.44,146.61,255.0,340.0,255.0,340.0,212.44,338.57,428.81,338.91,-544.48,183.35,173.78,187.35,875.0,875.0,875.0,875.0,173.2,134.18,130.03,137.87,1566.55,1190.0,1318.73,3500.0,575.28,1.0,0.0,0.0,1.0,22.5,TARGETED_WEST_COMPUTE_COOL,19.6361
1,Localized Heavy Compute,0,525,5250.0,14,3,4,3,4,91.97,84.35,HEAVY,286.49,VERY HIGH,HEAVY LOAD,88.83,79.79,HEAVY,275.72,VERY HIGH,HEAVY LOAD,91.79,82.89,HEAVY,284.07,VERY HIGH,HEAVY LOAD,90.32,80.83,HEAVY,279.14,VERY HIGH,HEAVY LOAD,16.33,4.72,LIGHT,72.49,LOW,RUNNING,17.42,5.11,LIGHT,74.44,LOW,RUNNING,14.55,3.86,LIGHT,68.98,LOW,RUNNING,19.09,6.74,LIGHT,78.97,LOW,RUNNING,18.05,4.9,LIGHT,74.91,LOW,RUNNING,16.5,3.99,LIGHT,71.61,LOW,RUNNING,29.69,52.0,309.4,0.25,22.0,COOLING,0.25,22.0,COOLING,0.25,22.0,COOLING,0.25,22.0,COOLING,25.2,22.927,22.325,22.911,23.341,25.2,22.325,2.875,1125.42,146.93,147.95,146.52,255.0,340.0,255.0,340.0,212.64,338.85,429.13,339.19,-544.71,183.46,173.79,187.46,875.0,875.0,875.0,875.0,173.35,134.24,130.87,138.17,1566.82,1190.0,1319.81,3500.0,576.63,1.0,0.0,0.0,1.0,22.5,TARGETED_WEST_COMPUTE_COOL,19.6683
1,Localized Heavy Compute,0,526,5260.0,14,3,4,3,4,92.13,84.46,HEAVY,286.85,VERY HIGH,HEAVY LOAD,88.99,79.8,HEAVY,275.94,VERY HIGH,HEAVY LOAD,91.8,82.78,HEAVY,283.92,VERY HIGH,HEAVY LOAD,90.18,80.71,HEAVY,278.79,VERY HIGH,HEAVY LOAD,16.21,4.66,LIGHT,72.25,LOW,RUNNING,17.4,5.14,LIGHT,74.46,LOW,RUNNING,14.65,3.95,LIGHT,69.24,LOW,RUNNING,19.22,6.81,LIGHT,79.24,LOW,RUNNING,18.09,4.88,LIGHT,74.93,LOW,RUNNING,16.42,3.91,LIGHT,71.39,LOW,RUNNING,29.69,52.0,309.6,0.25,22.0,COOLING,0.25,22.0,COOLING,0.25,22.0,COOLING,0.25,22.0,COOLING,25.204,22.93,22.328,22.914,23.344,25.204,22.328,2.876,1125.5,146.71,148.48,146.32,255.0,340.0,255.0,340.0,212.64,338.9,429.25,339.25,-544.94,183.57,173.81,187.57,875.0,875.0,875.0,875.0,173.2,134.18,131.54,138.14,1567.01,1190.0,1320.04,3500.0,577.06,1.0,0.0,0.0,1.0,22.5,TARGETED_WEST_COMPUTE_COOL,19.7003
1,Localized Heavy Compute,0,527,5270.0,14,3,4,3,4,92.3,84.56,HEAVY,287.22,VERY HIGH,HEAVY LOAD,89.12,79.77,HEAVY,276.06,VERY HIGH,HEAVY LOAD,91.76,82.66,HEAVY,283.69,VERY HIGH,HEAVY LOAD,90.01,80.6,HEAVY,278.41,VERY HIGH,HEAVY LOAD,16.1,4.62,LIGHT,72.06,LOW,RUNNING,17.41,5.19,LIGHT,74.55,LOW,RUNNING,14.76,4.04,LIGHT,69.51,LOW,RUNNING,19.34,6.86,LIGHT,79.47,LOW,RUNNING,18.1,4.85,LIGHT,74.9,LOW,RUNNING,16.31,3.82,LIGHT,71.12,LOW,RUNNING,29.7,52.0,309.8,0.25,22.0,COOLING,0.25,22.0,COOLING,0.25,22.0,COOLING,0.25,22.0,COOLING,25.208,22.933,22.331,22.917,23.347,25.208,22.331,2.877,1125.38,146.61,148.98,146.02,255.0,340.0,255.0,340.0,212.83,339.17,429.57,339.52,-545.18,183.68,173.82,187.68,875.0,875.0,875.0,875.0,173.03,134.46,132.37,138.22,1566.99,1190.0,1321.09,3500.0,578.08,1.0,0.0,0.0,1.0,22.5,TARGETED_WEST_COMPUTE_COOL,19.7322
1,Localized Heavy Compute,0,528,5280.0,14,3,4,3,4,92.48,84.64,HEAVY,287.56,VERY HIGH,HEAVY LOAD,89.21,79.72,HEAVY,276.09,VERY HIGH,HEAVY LOAD,91.69,82.52,HEAVY,283.39,VERY HIGH,HEAVY LOAD,89.83,80.51,HEAVY,278.05,VERY HIGH,HEAVY LOAD,16.01,4.6,LIGHT,71.91,LOW,RUNNING,17.45,5.25,LIGHT,74.69,LOW,RUNNING,14.89,4.13,LIGHT,69.81,LOW,RUNNING,19.44,6.89,LIGHT,79.63,LOW,RUNNING,18.08,4.79,LIGHT,74.78,LOW,RUNNING,16.19,3.73,LIGHT,70.83,LOW,RUNNING,29.7,52.0,310.0,0.25,22.0,COOLING,0.25,22.0,COOLING,0.25,22.0,COOLING,0.25,22.0,COOLING,25.212,22.936,22.334,22.92,23.351,25.212,22.334,2.878,1125.09,146.6,149.44,145.61,255.0,340.0,255.0,340.0,212.83,339.24,429.68,339.58,-545.41,183.79,173.84,187.79,875.0,875.0,875.0,875.0,172.51,134.63,132.96,137.98,1566.74,1190.0,1321.33,3500.0,578.08,1.0,0.0,0.0,1.0,22.5,TARGETED_WEST_COMPUTE_COOL,19.7638
1,Localized Heavy Compute,0,529,5290.0,14,3,4,3,4,92.66,84.68,HEAVY,287.85,VERY HIGH,HEAVY LOAD,89.28,79.64,HEAVY,276.06,VERY HIGH,HEAVY LOAD,91.58,82.39,HEAVY,283.06,VERY HIGH,HEAVY LOAD,89.65,80.44,HEAVY,277.72,VERY HIGH,HEAVY LOAD,15.94,4.6,LIGHT,71.83,LOW,RUNNING,17.51,5.32,LIGHT,74.87,LOW,RUNNING,15.03,4.21,LIGHT,70.1,LOW,RUNNING,19.52,6.9,LIGHT,79.75,LOW,RUNNING,18.03,4.73,LIGHT,74.63,LOW,RUNNING,16.06,3.64,LIGHT,70.53,LOW,RUNNING,29.7,52.0,310.2,0.25,22.0,COOLING,0.25,22.0,COOLING,0.25,22.0,COOLING,0.25,22.0,COOLING,25.216,22.939,22.337,22.923,23.354,25.216,22.337,2.879,1124.69,146.7,149.85,145.16,255.0,340.0,255.0,340.0,212.81,339.31,429.79,339.65,-545.65,183.9,173.85,187.9,875.0,875.0,875.0,875.0,171.85,134.91,133.49,137.71,1566.4,1190.0,1321.56,3500.0,577.96,1.0,0.0,0.0,1.0,22.5,TARGETED_WEST_COMPUTE_COOL,19.7952
1,Localized Heavy Compute,0,530,5300.0,14,3,4,3,4,92.82,84.7,HEAVY,288.07,VERY HIGH,HEAVY LOAD,89.3,79.53,HEAVY,275.92,VERY HIGH,HEAVY LOAD,91.45,82.26,HEAVY,282.7,VERY HIGH,HEAVY LOAD,89.48,80.41,HEAVY,277.47,VERY HIGH,HEAVY LOAD,15.91,4.62,LIGHT,71.82,LOW,RUNNING,17.6,5.41,LIGHT,75.11,LOW,RUNNING,15.16,4.28,LIGHT,70.37,LOW,RUNNING,19.57,6.89,LIGHT,79.8,LOW,RUNNING,17.96,4.65,LIGHT,74.43,LOW,RUNNING,15.92,3.57,LIGHT,70.26,LOW,RUNNING,29.71,52.0,310.4,0.25,22.0,COOLING,0.25,22.0,COOLING,0.25,22.0,COOLING,0.25,22.0,COOLING,25.219,22.942,22.34,22.926,23.357,25.219,22.34,2.879,1124.16,146.93,150.17,144.69,255.0,340.0,255.0,340.0,213.02,339.58,430.12,339.92,-545.89,184.01,173.86,188.01,875.0,875.0,875.0,875.0,171.29,135.52,134.15,137.62,1565.95,1190.0,1322.64,3500.0,578.58,1.0,0.0,0.0,1.0,22.5,TARGETED_WEST_COMPUTE_COOL,19.8118
1,Localized Heavy Compute,0,531,5310.0,14,3,4,3,4,92.96,84.69,HEAVY,288.24,VERY HIGH,HEAVY LOAD,89.28,79.41,HEAVY,275.72,VERY HIGH,HEAVY LOAD,91.29,82.14,HEAVY,282.32,VERY HIGH,HEAVY LOAD,89.33,80.4,HEAVY,277.26,VERY HIGH,HEAVY LOAD,15.9,4.66,LIGHT,71.86,LOW,RUNNING,17.71,5.5,LIGHT,75.39,LOW,RUNNING,15.28,4.33,LIGHT,70.59,LOW,RUNNING,19.6,6.86,LIGHT,79.79,LOW,RUNNING,17.86,4.56,LIGHT,74.17,LOW,RUNNING,15.79,3.5,LIGHT,69.99,LOW,RUNNING,29.71,52.0,310.6,0.25,22.0,COOLING,0.25,22.0,COOLING,0.25,22.0,COOLING,0.25,22.0,COOLING,25.222,22.945,22.343,22.929,23.36,25.222,22.343,2.879,1123.54,147.25,150.38,144.16,255.0,340.0,255.0,340.0,213.03,339.63,430.23,339.98,-545.89,184.01,173.86,188.01,875.0,875.0,875.0,875.0,170.68,135.89,134.47,137.15,1565.33,1190.0,1322.87,3500.0,578.19,1.0,0.0,0.0,1.0,22.5,TARGETED_WEST_COMPUTE_COOL,19.8287
1,Localized Heavy Compute,0,532,5320.0,14,3,4,3,4,93.07,84.65,HEAVY,288.31,VERY HIGH,HEAVY LOAD,89.23,79.28,HEAVY,275.46,VERY HIGH,HEAVY LOAD,91.11,82.05,HEAVY,281.96,VERY HIGH,HEAVY LOAD,89.19,80.42,HEAVY,277.12,VERY HIGH,HEAVY LOAD,15.92,4.72,LIGHT,71.98,LOW,RUNNING,17.83,5.59,LIGHT,75.67,LOW,RUNNING,15.39,4.38,LIGHT,70.81,LOW,RUNNING,19.59,6.82,LIGHT,79.72,LOW,RUNNING,17.75,4.47,LIGHT,73.89,LOW,RUNNING,15.67,3.45,LIGHT,69.76,LOW,RUNNING,29.72,52.0,310.8,0.25,22.0,COOLING,0.25,22.0,COOLING,0.25,22.0,COOLING,0.25,22.0,COOLING,25.225,22.948,22.346,22.932,23.363,25.225,22.346,2.879,1122.85,147.65,150.53,143.65,255.0,340.0,255.0,340.0,213.26,339.91,430.56,340.26,-545.89,184.01,173.86,188.01,875.0,875.0,875.0,875.0,170.22,136.57,134.95,136.92,1564.68,1190.0,1323.99,3500.0,578.66,1.0,0.0,0.0,1.0,22.5,TARGETED_WEST_COMPUTE_COOL,19.8458
1,Localized Heavy Compute,0,533,5330.0,14,3,4,3,4,93.15,84.58,HEAVY,288.31,VERY HIGH,HEAVY LOAD,89.14,79.15,HEAVY,275.15,VERY HIGH,HEAVY LOAD,90.93,81.97,HEAVY,281.62,VERY HIGH,HEAVY LOAD,89.09,80.48,HEAVY,277.08,VERY HIGH,HEAVY LOAD,15.98,4.79,LIGHT,72.16,LOW,RUNNING,17.96,5.67,LIGHT,75.95,LOW,RUNNING,15.48,4.4,LIGHT,70.95,LOW,RUNNING,19.56,6.76,LIGHT,79.59,LOW,RUNNING,17.62,4.38,LIGHT,73.59,LOW,RUNNING,15.57,3.41,LIGHT,69.58,LOW,RUNNING,29.72,52.0,311.0,0.25,22.0,COOLING,0.25,22.0,COOLING,0.25,22.0,COOLING,0.25,22.0,COOLING,25.228,22.951,22.349,22.935,23.366,25.228,22.349,2.879,1122.16,148.11,150.54,143.17,255.0,340.0,255.0,340.0,213.26,339.98,430.66,340.32,-545.89,184.01,173.86,188.01,875.0,875.0,875.0,875.0,169.53,137.1,135.06,136.5,1563.98,1190.0,1324.22,3500.0,578.19,1.0,0.0,0.0,1.0,22.5,TARGETED_WEST_COMPUTE_COOL,19.863
1,Localized Heavy Compute,0,534,5340.0,14,3,4,3,4,93.19,84.48,HEAVY,288.21,VERY HIGH,HEAVY LOAD,89.01,79.02,HEAVY,274.79,VERY HIGH,HEAVY LOAD,90.76,81.92,HEAVY,281.33,VERY HIGH,HEAVY LOAD,89.03,80.56,HEAVY,277.13,VERY HIGH,HEAVY LOAD,16.06,4.87,LIGHT,72.38,LOW,RUNNING,18.1,5.75,LIGHT,76.25,LOW,RUNNING,15.55,4.4,LIGHT,71.04,LOW,RUNNING,19.5,6.68,LIGHT,79.39,LOW,RUNNING,17.49,4.3,LIGHT,73.31,LOW,RUNNING,15.49,3.4,LIGHT,69.46,LOW,RUNNING,29.73,52.0,311.2,0.25,22.0,COOLING,0.25,22.0,COOLING,0.25,22.0,COOLING,0.25,22.0,COOLING,25.231,22.954,22.352,22.938,23.369,25.231,22.352,2.879,1121.46,148.63,150.43,142.77,255.0,340.0,255.0,340.0,213.49,340.25,430.99,340.59,-545.89,184.01,173.86,188.01,875.0,875.0,875.0,875.0,169.06,137.89,135.28,136.37,1563.29,1190.0,1325.32,3500.0,578.6,1.0,0.0,0.0,1.0,22.5,TARGETED_WEST_COMPUTE_COOL,19.8806
1,Localized Heavy Compute,0,535,5350.0,14,3,4,3,4,93.2,84.37,HEAVY,288.06,VERY HIGH,HEAVY LOAD,88.86,78.9,HEAVY,274.43,VERY HIGH,HEAVY LOAD,90.59,81.9,HEAVY,281.09,VERY HIGH,HEAVY LOAD,89.0,80.66,HEAVY,277.24,VERY HIGH,HEAVY LOAD,16.16,4.96,LIGHT,72.64,LOW,RUNNING,18.23,5.81,LIGHT,76.5,LOW,RUNNING,15.59,4.38,LIGHT,71.06,LOW,RUNNING,19.41,6.6,LIGHT,79.16,LOW,RUNNING,17.35,4.23,LIGHT,73.03,LOW,RUNNING,15.43,3.41,LIGHT,69.4,LOW,RUNNING,29.73,52.0,311.5,0.25,22.0,COOLING,0.25,22.0,COOLING,0.25,22.0,COOLING,0.25,22.0,COOLING,25.234,22.957,22.355,22.941,23.372,25.234,22.355,2.879,1120.82,149.14,150.22,142.43,255.0,340.0,255.0,340.0,213.54,340.37,431.19,340.72,-545.89,184.01,173.86,188.01,875.0,875.0,875.0,875.0,168.47,138.52,135.27,136.16,1562.61,1190.0,1325.82,3500.0,578.42,1.0,0.0,0.0,1.0,22.5,TARGETED_WEST_COMPUTE_COOL,19.8983
1,Localized Heavy Compute,0,536,5360.0,14,3,4,3,4,93.16,84.24,HEAVY,287.81,VERY HIGH,HEAVY LOAD,88.69,78.79,HEAVY,274.05,VERY HIGH,HEAVY LOAD,90.45,81.91,HEAVY,280.93,VERY HIGH,HEAVY LOAD,89.01,80.77,HEAVY,277.42,VERY HIGH,HEAVY LOAD,16.27,5.05,LIGHT,72.91,LOW,RUNNING,18.35,5.86,LIGHT,76.73,LOW,RUNNING,15.6,4.34,LIGHT,71.01,LOW,RUNNING,19.3,6.51,LIGHT,78.89,LOW,RUNNING,17.23,4.17,LIGHT,72.79,LOW,RUNNING,15.4,3.43,LIGHT,69.39,LOW,RUNNING,29.73,52.0,311.7,0.25,22.0,COOLING,0.25,22.0,COOLING,0.25,22.0,COOLING,0.25,22.0,COOLING,25.237,22.96,22.358,22.944,23.375,25.237,22.358,2.879,1120.21,149.64,149.9,142.18,255.0,340.0,255.0,340.0,213.55,340.43,431.3,340.77,-545.89,184.01,173.86,188.01,875.0,875.0,875.0,875.0,167.87,139.08,135.06,135.96,1561.93,1190.0,1326.05,3500.0,577.97,1.0,0.0,0.0,1.0,22.5,TARGETED_WEST_COMPUTE_COOL,19.9163
1,Localized Heavy Compute,0,537,5370.0,14,3,4,3,4,93.08,84.11,HEAVY,287.51,VERY HIGH,HEAVY LOAD,88.52,78.7,HEAVY,273.7,VERY HIGH,HEAVY LOAD,90.34,81.95,HEAVY,280.85,VERY HIGH,HEAVY LOAD,89.07,80.9,HEAVY,277.69,VERY HIGH,HEAVY LOAD,16.4,5.13,LIGHT,73.19,LOW,RUNNING,18.45,5.89,LIGHT,76.9,LOW,RUNNING,15.58,4.29,LIGHT,70.91,LOW,RUNNING,19.18,6.42,LIGHT,78.6,LOW,RUNNING,17.11,4.13,LIGHT,72.58,LOW,RUNNING,15.4,3.48,LIGHT,69.47,LOW,RUNNING,29.74,52.0,311.9,0.25,22.0,COOLING,0.25,22.0,COOLING,0.25,22.0,COOLING,0.25,22.0,COOLING,25.24,22.963,22.361,22.947,23.378,25.24,22.361,2.879,1119.75,150.09,149.51,142.05,255.0,340.0,255.0,340.0,213.77,340.71,431.62,341.05,-545.88,184.01,173.86,188.01,875.0,875.0,875.0,875.0,167.64,139.81,134.99,136.11,1561.4,1190.0,1327.15,3500.0,578.55,1.0,0.0,0.0,1.0,22.5,TARGETED_WEST_COMPUTE_COOL,19.9349
1,Localized Heavy Compute,0,538,5380.0,14,3,4,3,4,92.97,83.98,HEAVY,287.18,VERY HIGH,HEAVY LOAD,88.34,78.64,HEAVY,273.38,VERY HIGH,HEAVY LOAD,90.25,82.02,HEAVY,280.84,VERY HIGH,HEAVY LOAD,89.16,81.04,HEAVY,278.01,VERY HIGH,HEAVY LOAD,16.54,5.21,LIGHT,73.49,LOW,RUNNING,18.52,5.9,LIGHT,77.0,LOW,RUNNING,15.53,4.22,LIGHT,70.74,LOW,RUNNING,19.05,6.34,LIGHT,78.32,LOW,RUNNING,17.02,4.1,LIGHT,72.43,LOW,RUNNING,15.44,3.54,LIGHT,69.61,LOW,RUNNING,29.74,52.0,312.1,0.25,22.0,COOLING,0.25,22.0,COOLING,0.25,22.0,COOLING,0.25,22.0,COOLING,25.243,22.966,22.364,22.95,23.381,25.243,22.364,2.879,1119.41,150.49,149.06,142.04,255.0,340.0,255.0,340.0,213.79,340.77,431.74,341.11,-545.88,184.01,173.86,188.01,875.0,875.0,875.0,875.0,167.32,140.27,134.66,136.16,1561.0,1190.0,1327.41,3500.0,578.41,1.0,0.0,0.0,1.0,22.5,TARGETED_WEST_COMPUTE_COOL,19.9537
1,Localized Heavy Compute,0,539,5390.0,14,3,4,3,4,92.83,83.85,HEAVY,286.81,VERY HIGH,HEAVY LOAD,88.17,78.61,HEAVY,273.13,VERY HIGH,HEAVY LOAD,90.21,82.11,HEAVY,280.93,VERY HIGH,HEAVY LOAD,89.28,81.17,HEAVY,278.36,VERY HIGH,HEAVY LOAD,16.67,5.28,LIGHT,73.76,LOW,RUNNING,18.58,5.89,LIGHT,77.06,LOW,RUNNING,15.45,4.14,LIGHT,70.52,LOW,RUNNING,18.91,6.26,LIGHT,78.03,LOW,RUNNING,16.95,4.1,LIGHT,72.34,LOW,RUNNING,15.5,3.61,LIGHT,69.79,LOW,RUNNING,29.75,52.0,312.3,0.25,22.0,COOLING,0.25,22.0,COOLING,0.25,22.0,COOLING,0.25,22.0,COOLING,25.246,22.969,22.367,22.953,23.384,25.246,22.367,2.879,1119.23,150.82,148.55,142.13,255.0,340.0,255.0,340.0,214.01,341.05,432.06,341.39,-545.88,184.01,173.86,188.01,875.0,875.0,875.0,875.0,167.36,140.88,134.47,136.53,1560.73,1190.0,1328.51,3500.0,579.24,1.0,0.0,0.0,1.0,22.5,TARGETED_WEST_COMPUTE_COOL,19.9732
1,Localized Heavy Compute,0,540,5400.0,14,3,4,3,4,92.67,83.74,HEAVY,286.45,VERY HIGH,HEAVY LOAD,88.01,78.6,HEAVY,272.91,VERY HIGH,HEAVY LOAD,90.2,82.22,HEAVY,281.08,VERY HIGH,HEAVY LOAD,89.42,81.29,HEAVY,278.71,VERY HIGH,HEAVY LOAD,16.79,5.34,LIGHT,74.0,LOW,RUNNING,18.6,5.86,LIGHT,77.04,LOW,RUNNING,15.35,4.05,LIGHT,70.26,LOW,RUNNING,18.78,6.19,LIGHT,77.76,LOW,RUNNING,16.91,4.12,LIGHT,72.32,LOW,RUNNING,15.58,3.69,LIGHT,70.01,LOW,RUNNING,29.75,52.0,312.5,0.25,22.0,COOLING,0.25,22.0,COOLING,0.25,22.0,COOLING,0.25,22.0,COOLING,25.249,22.972,22.37,22.956,23.387,25.249,22.37,2.879,1119.15,151.04,148.02,142.33,255.0,340.0,255.0,340.0,214.03,341.1,432.17,341.45,-545.88,184.01,173.86,188.01,875.0,875.0,875.0,875.0,167.3,141.15,134.05,136.79,1560.54,1190.0,1328.75,3500.0,579.29,1.0,0.0,0.0,1.0,22.5,TARGETED_WEST_COMPUTE_COOL,19.9927
1,Localized Heavy Compute,0,541,5410.0,14,3,4,3,4,92.5,83.64,HEAVY,286.09,VERY HIGH,HEAVY LOAD,87.88,78.63,HEAVY,272.79,VERY HIGH,HEAVY LOAD,90.24,82.34,HEAVY,281.31,VERY HIGH,HEAVY LOAD,89.59,81.4,HEAVY,279.09,VERY HIGH,HEAVY LOAD,16.9,5.38,LIGHT,74.19,LOW,RUNNING,18.59,5.81,LIGHT,76.95,LOW,RUNNING,15.24,3.96,LIGHT,69.99,LOW,RUNNING,18.66,6.14,LIGHT,77.53,LOW,RUNNING,16.9,4.15,LIGHT,72.35,LOW,RUNNING,15.69,3.78,LIGHT,70.28,LOW,RUNNING,29.75,52.0,312.7,0.25,22.0,COOLING,0.25,22.0,COOLING,0.25,22.0,COOLING,0.25,22.0,COOLING,25.252,22.975,22.373,22.959,23.39,25.252,22.373,2.879,1119.28,151.14,147.52,142.63,255.0,340.0,255.0,340.0,214.03,341.17,432.28,341.51,-545.88,184.01,173.86,188.01,875.0,875.0,875.0,875.0,167.43,141.32,133.66,137.15,1560.57,1190.0,1328.99,3500.0,579.56,1.0,0.0,0.0,1.0,22.5,TARGETED_WEST_COMPUTE_COOL,20.0127
1,Localized Heavy Compute,0,542,5420.0,14,3,4,3,4,92.32,83.56,HEAVY,285.74,VERY HIGH,HEAVY LOAD,87.79,78.68,HEAVY,272.76,VERY HIGH,HEAVY LOAD,90.31,82.48,HEAVY,281.61,VERY HIGH,HEAVY LOAD,89.77,81.49,HEAVY,279.45,VERY HIGH,HEAVY LOAD,16.99,5.4,LIGHT,74.34,LOW,RUNNING,18.55,5.75,LIGHT,76.81,LOW,RUNNING,15.11,3.87,LIGHT,69.69,LOW,RUNNING,18.56,6.11,LIGHT,77.37,LOW,RUNNING,16.92,4.21,LIGHT,72.47,LOW,RUNNING,15.81,3.87,LIGHT,70.57,LOW,RUNNING,29.76,52.0,312.9,0.25,22.0,COOLING,0.25,22.0,COOLING,0.25,22.0,COOLING,0.25,22.0,COOLING,25.255,22.978,22.376,22.962,23.393,25.255,22.376,2.879,1119.56,151.15,147.06,143.04,255.0,340.0,255.0,340.0,214.26,341.44,432.61,341.78,-545.88,184.01,173.86,188.01,875.0,875.0,875.0,875.0,167.94,141.6,133.53,137.83,1560.81,1190.0,1330.09,3500.0,580.9,1.0,0.0,0.0,1.0,22.5,TARGETED_WEST_COMPUTE_COOL,20.0331
1,Localized Heavy Compute,0,543,5430.0,14,3,4,3,4,92.14,83.52,HEAVY,285.45,VERY HIGH,HEAVY LOAD,87.72,78.76,HEAVY,272.79,VERY HIGH,HEAVY LOAD,90.42,82.61,HEAVY,281.94,VERY HIGH,HEAVY LOAD,89.95,81.56,HEAVY,279.78,VERY HIGH,HEAVY LOAD,17.06,5.4,LIGHT,74.42,LOW,RUNNING,18.49,5.68,LIGHT,76.63,LOW,RUNNING,14.97,3.79,LIGHT,69.4,LOW,RUNNING,18.48,6.1,LIGHT,77.25,LOW,RUNNING,16.97,4.27,LIGHT,72.62,LOW,RUNNING,15.94,3.96,LIGHT,70.86,LOW,RUNNING,29.76,52.0,313.1,0.25,22.0,COOLING,0.25,22.0,COOLING,0.25,22.0,COOLING,0.25,22.0,COOLING,25.258,22.981,22.379,22.965,23.396,25.258,22.379,2.879,1119.96,151.05,146.65,143.48,255.0,340.0,255.0,340.0,214.27,341.5,432.72,341.85,-545.88,184.01,173.86,188.01,875.0,875.0,875.0,875.0,168.35,141.56,133.23,138.34,1561.14,1190.0,1330.34,3500.0,581.48,1.0,0.0,0.0,1.0,22.5,TARGETED_WEST_COMPUTE_COOL,20.0536
1,Localized Heavy Compute,0,544,5440.0,14,3,4,3,4,91.98,83.5,HEAVY,285.23,VERY HIGH,HEAVY LOAD,87.7,78.87,HEAVY,272.93,VERY HIGH,HEAVY LOAD,90.55,82.74,HEAVY,282.3,VERY HIGH,HEAVY LOAD,90.12,81.59,HEAVY,280.04,VERY HIGH,HEAVY LOAD,17.09,5.38,LIGHT,74.43,LOW,RUNNING,18.4,5.59,LIGHT,76.39,LOW,RUNNING,14.84,3.72,LIGHT,69.13,LOW,RUNNING,18.43,6.11,LIGHT,77.2,LOW,RUNNING,17.04,4.35,LIGHT,72.83,LOW,RUNNING,16.08,4.03,LIGHT,71.14,LOW,RUNNING,29.77,52.0,313.3,0.25,22.0,COOLING,0.25,22.0,COOLING,0.25,22.0,COOLING,0.25,22.0,COOLING,25.261,22.984,22.382,22.968,23.399,25.261,22.382,2.879,1120.5,150.82,146.33,143.97,255.0,340.0,255.0,340.0,214.5,341.77,433.05,342.12,-545.88,184.01,173.86,188.01,875.0,875.0,875.0,875.0,169.12,141.6,133.24,139.1,1561.62,1190.0,1331.44,3500.0,583.06,1.0,0.0,0.0,1.0,22.5,TARGETED_WEST_COMPUTE_COOL,20.0746
1,Localized Heavy Compute,0,545,5450.0,14,3,4,3,4,91.84,83.51,HEAVY,285.07,VERY HIGH,HEAVY LOAD,87.72,78.99,HEAVY,273.13,VERY HIGH,HEAVY LOAD,90.71,82.86,HEAVY,282.68,VERY HIGH,HEAVY LOAD,90.27,81.6,HEAVY,280.24,VERY HIGH,HEAVY LOAD,17.1,5.34,LIGHT,74.39,LOW,RUNNING,18.29,5.5,LIGHT,76.11,LOW,RUNNING,14.72,3.67,LIGHT,68.91,LOW,RUNNING,18.4,6.14,LIGHT,77.21,LOW,RUNNING,17.14,4.44,LIGHT,73.08,LOW,RUNNING,16.21,4.1,LIGHT,71.41,LOW,RUNNING,29.77,52.0,313.5,0.25,22.0,COOLING,0.25,22.0,COOLING,0.25,22.0,COOLING,0.25,22.0,COOLING,25.264,22.987,22.385,22.971,23.402,25.264,22.385,2.879,1121.12,150.5,146.12,144.49,255.0,340.0,255.0,340.0,214.5,341.84,433.15,342.18,-545.88,184.01,173.86,188.01,875.0,875.0,875.0,875.0,169.74,141.35,133.13,139.68,1562.23,1190.0,1331.67,3500.0,583.9,1.0,0.0,0.0,1.0,22.5,TARGETED_WEST_COMPUTE_COOL,20.0957
1,Localized Heavy Compute,0,546,5460.0,14,3,4,3,4,91.73,83.55,HEAVY,284.99,VERY HIGH,HEAVY LOAD,87.77,79.12,HEAVY,273.39,VERY HIGH,HEAVY LOAD,90.89,82.95,HEAVY,283.04,VERY HIGH,HEAVY LOAD,90.41,81.58,HEAVY,280.38,VERY HIGH,HEAVY LOAD,17.08,5.28,LIGHT,74.27,LOW,RUNNING,18.17,5.41,LIGHT,75.83,LOW,RUNNING,14.61,3.62,LIGHT,68.69,LOW,RUNNING,18.41,6.18,LIGHT,77.28,LOW,RUNNING,17.25,4.53,LIGHT,73.36,LOW,RUNNING,16.33,4.15,LIGHT,71.64,LOW,RUNNING,29.77,52.0,313.8,0.25,22.0,COOLING,0.25,22.0,COOLING,0.25,22.0,COOLING,0.25,22.0,COOLING,25.267,22.99,22.388,22.974,23.405,25.267,22.388,2.879,1121.8,150.1,145.97,145.0,255.0,340.0,255.0,340.0,214.55,341.95,433.35,342.3,-545.88,184.01,173.86,188.01,875.0,875.0,875.0,875.0,170.47,141.06,133.18,140.31,1562.87,1190.0,1332.15,3500.0,585.02,1.0,0.0,0.0,1.0,22.5,TARGETED_WEST_COMPUTE_COOL,20.117
1,Localized Heavy Compute,0,547,5470.0,14,3,4,3,4,91.65,83.62,HEAVY,284.99,VERY HIGH,HEAVY LOAD,87.86,79.25,HEAVY,273.7,VERY HIGH,HEAVY LOAD,91.07,83.03,HEAVY,283.38,VERY HIGH,HEAVY LOAD,90.51,81.52,HEAVY,280.42,VERY HIGH,HEAVY LOAD,17.02,5.21,LIGHT,74.09,LOW,RUNNING,18.04,5.33,LIGHT,75.55,LOW,RUNNING,14.52,3.6,LIGHT,68.55,LOW,RUNNING,18.44,6.24,LIGHT,77.41,LOW,RUNNING,17.38,4.62,LIGHT,73.66,LOW,RUNNING,16.43,4.19,LIGHT,71.82,LOW,RUNNING,29.78,52.0,314.0,0.25,22.0,COOLING,0.25,22.0,COOLING,0.25,22.0,COOLING,0.25,22.0,COOLING,25.27,22.993,22.391,22.977,23.408,25.27,22.391,2.879,1122.49,149.64,145.96,145.48,255.0,340.0,255.0,340.0,214.78,342.24,433.68,342.58,-545.88,184.01,173.86,188.01,875.0,875.0,875.0,875.0,171.39,140.89,133.5,141.07,1563.57,1190.0,1333.28,3500.0,586.85,1.0,0.0,0.0,1.0,22.5,TARGETED_WEST_COMPUTE_COOL,20.1387
1,Localized Heavy Compute,0,548,5480.0,14,3,4,3,4,91.61,83.72,HEAVY,285.09,VERY HIGH,HEAVY LOAD,87.99,79.38,HEAVY,274.06,VERY HIGH,HEAVY LOAD,91.24,83.08,HEAVY,283.67,VERY HIGH,HEAVY LOAD,90.57,81.44,HEAVY,280.37,VERY HIGH,HEAVY LOAD,16.94,5.13,LIGHT,73.87,LOW,RUNNING,17.9,5.25,LIGHT,75.25,LOW,RUNNING,14.45,3.6,LIGHT,68.46,LOW,RUNNING,18.5,6.32,LIGHT,77.61,LOW,RUNNING,17.51,4.7,LIGHT,73.94,LOW,RUNNING,16.51,4.2,LIGHT,71.94,LOW,RUNNING,29.78,52.0,314.2,0.25,22.0,COOLING,0.25,22.0,COOLING,0.25,22.0,COOLING,0.25,22.0,COOLING,25.274,22.996,22.394,22.98,23.411,25.274,22.394,2.88,1123.19,149.12,146.07,145.88,255.0,340.0,255.0,340.0,214.79,342.3,433.78,342.64,-545.89,184.01,173.87,188.01,875.0,875.0,875.0,875.0,172.09,140.43,133.72,141.53,1564.26,1190.0,1333.51,3500.0,587.77,1.0,0.0,0.0,1.0,22.5,TARGETED_WEST_COMPUTE_COOL,20.1758
1,Localized Heavy Compute,0,549,5490.0,14,3,4,3,4,91.6,83.83,HEAVY,285.25,VERY HIGH,HEAVY LOAD,88.14,79.5,HEAVY,274.43,VERY HIGH,HEAVY LOAD,91.41,83.1,HEAVY,283.91,VERY HIGH,HEAVY LOAD,90.6,81.34,HEAVY,280.26,VERY HIGH,HEAVY LOAD,16.84,5.04,LIGHT,73.61,LOW,RUNNING,17.77,5.19,LIGHT,75.0,LOW,RUNNING,14.41,3.62,LIGHT,68.44,LOW,RUNNING,18.59,6.4,LIGHT,77.84,LOW,RUNNING,17.65,4.77,LIGHT,74.22,LOW,RUNNING,16.57,4.19,LIGHT,72.0,LOW,RUNNING,29.79,52.0,314.4,0.25,22.0,COOLING,0.25,22.0,COOLING,0.25,22.0,COOLING,0.25,22.0,COOLING,25.278,22.999,22.397,22.983,23.414,25.278,22.397,2.881,1123.85,148.61,146.28,146.22,255.0,340.0,255.0,340.0,214.99,342.57,434.11,342.91,-546.12,184.12,173.88,188.12,875.0,875.0,875.0,875.0,172.72,140.3,134.27,142.25,1564.96,1190.0,1334.58,3500.0,589.54,1.0,0.0,0.0,1.0,22.5,TARGETED_WEST_COMPUTE_COOL,20.2128
1,Localized Heavy Compute,0,550,5500.0,14,3,4,3,4,91.64,83.96,HEAVY,285.49,VERY HIGH,HEAVY LOAD,88.31,79.61,HEAVY,274.8,VERY HIGH,HEAVY LOAD,91.55,83.09,HEAVY,284.07,VERY HIGH,HEAVY LOAD,90.59,81.23,HEAVY,280.08,VERY HIGH,HEAVY LOAD,16.73,4.95,LIGHT,73.34,LOW,RUNNING,17.65,5.14,LIGHT,74.77,LOW,RUNNING,14.4,3.66,LIGHT,68.49,LOW,RUNNING,18.7,6.49,LIGHT,78.11,LOW,RUNNING,17.77,4.83,LIGHT,74.46,LOW,RUNNING,16.6,4.17,LIGHT,72.0,LOW,RUNNING,29.79,52.0,314.6,0.25,22.0,COOLING,0.25,22.0,COOLING,0.25,22.0,COOLING,0.25,22.0,COOLING,25.282,23.002,22.4,22.986,23.418,25.282,22.4,2.882,1124.44,148.11,146.6,146.46,255.0,340.0,255.0,340.0,214.98,342.63,434.22,342.97,-546.35,184.23,173.9,188.23,875.0,875.0,875.0,875.0,173.07,139.97,134.72,142.66,1565.61,1190.0,1334.8,3500.0,590.42,1.0,0.0,0.0,1.0,22.5,TARGETED_WEST_COMPUTE_COOL,20.2498
1,Localized Heavy Compute,0,551,5510.0,14,3,4,3,4,91.72,84.09,HEAVY,285.78,VERY HIGH,HEAVY LOAD,88.48,79.7,HEAVY,275.15,VERY HIGH,HEAVY LOAD,91.66,83.05,HEAVY,284.15,VERY HIGH,HEAVY LOAD,90.53,81.1,HEAVY,279.81,VERY HIGH,HEAVY LOAD,16.6,4.87,LIGHT,73.06,LOW,RUNNING,17.55,5.11,LIGHT,74.6,LOW,RUNNING,14.42,3.71,LIGHT,68.59,LOW,RUNNING,18.82,6.58,LIGHT,78.4,LOW,RUNNING,17.89,4.87,LIGHT,74.67,LOW,RUNNING,16.6,4.12,LIGHT,71.93,LOW,RUNNING,29.8,52.0,314.8,0.25,22.0,COOLING,0.25,22.0,COOLING,0.25,22.0,COOLING,0.25,22.0,COOLING,25.286,23.005,22.403,22.989,23.421,25.286,22.403,2.883,1124.89,147.66,146.99,146.6,255.0,340.0,255.0,340.0,215.19,342.91,434.55,343.25,-546.59,184.34,173.91,188.34,875.0,875.0,875.0,875.0,173.49,139.91,135.45,143.19,1566.14,1190.0,1335.9,3500.0,592.04,1.0,0.0,0.0,1.0,22.5,TARGETED_WEST_COMPUTE_COOL,20.287
1,Localized Heavy Compute,0,552,5520.0,14,3,4,3,4,91.83,84.22,HEAVY,286.12,VERY HIGH,HEAVY LOAD,88.66,79.76,HEAVY,275.47,VERY HIGH,HEAVY LOAD,91.75,82.98,HEAVY,284.16,VERY HIGH,HEAVY LOAD,90.44,80.96,HEAVY,279.49,VERY HIGH,HEAVY LOAD,16.46,4.79,LIGHT,72.76,LOW,RUNNING,17.48,5.1,LIGHT,74.5,LOW,RUNNING,14.47,3.78,LIGHT,68.76,LOW,RUNNING,18.95,6.66,LIGHT,78.68,LOW,RUNNING,17.98,4.9,LIGHT,74.82,LOW,RUNNING,16.56,4.06,LIGHT,71.79,LOW,RUNNING,29.8,52.0,315.0,0.25,22.0,COOLING,0.25,22.0,COOLING,0.25,22.0,COOLING,0.25,22.0,COOLING,25.29,23.008,22.406,22.992,23.424,25.29,22.406,2.884,1125.24,147.26,147.44,146.61,255.0,340.0,255.0,340.0,215.17,342.97,434.66,343.32,-546.83,184.45,173.93,188.45,875.0,875.0,875.0,875.0,173.58,139.68,136.03,143.38,1566.55,1190.0,1336.12,3500.0,592.67,1.0,0.0,0.0,1.0,22.5,TARGETED_WEST_COMPUTE_COOL,20.3242
1,Localized Heavy Compute,0,553,5530.0,14,3,4,3,4,91.97,84.35,HEAVY,286.49,VERY HIGH,HEAVY LOAD,88.83,79.79,HEAVY,275.72,VERY HIGH,HEAVY LOAD,91.79,82.89,HEAVY,284.07,VERY HIGH,HEAVY LOAD,90.32,80.83,HEAVY,279.14,VERY HIGH,HEAVY LOAD,16.33,4.72,LIGHT,72.49,LOW,RUNNING,17.42,5.11,LIGHT,74.44,LOW,RUNNING,14.55,3.86,LIGHT,68.98,LOW,RUNNING,19.09,6.74,LIGHT,78.97,LOW,RUNNING,18.05,4.9,LIGHT,74.91,LOW,RUNNING,16.5,3.99,LIGHT,71.61,LOW,RUNNING,29.8,52.0,315.2,0.25,22.0,COOLING,0.25,22.0,COOLING,0.25,22.0,COOLING,0.25,22.0,COOLING,25.294,23.011,22.409,22.995,23.427,25.294,22.409,2.885,1125.42,146.93,147.95,146.52,255.0,340.0,255.0,340.0,215.17,343.03,434.77,343.37,-547.06,184.56,173.94,188.56,875.0,875.0,875.0,875.0,173.53,139.52,136.66,143.45,1566.82,1190.0,1336.34,3500.0,593.16,1.0,0.0,0.0,1.0,22.5,TARGETED_WEST_COMPUTE_COOL,20.3614
1,Localized Heavy Compute,0,554,5540.0,14,3,4,3,4,92.13,84.46,HEAVY,286.85,VERY HIGH,HEAVY LOAD,88.99,79.8,HEAVY,275.94,VERY HIGH,HEAVY LOAD,91.8,82.78,HEAVY,283.92,VERY HIGH,HEAVY LOAD,90.18,80.71,HEAVY,278.79,VERY HIGH,HEAVY LOAD,16.21,4.66,LIGHT,72.25,LOW,RUNNING,17.4,5.14,LIGHT,74.46,LOW,RUNNING,14.65,3.95,LIGHT,69.24,LOW,RUNNING,19.22,6.81,LIGHT,79.24,LOW,RUNNING,18.09,4.88,LIGHT,74.93,LOW,RUNNING,16.42,3.91,LIGHT,71.39,LOW,RUNNING,29.81,52.0,315.4,0.25,22.0,COOLING,0.25,22.0,COOLING,0.25,22.0,COOLING,0.25,22.0,COOLING,25.298,23.014,22.412,22.998,23.43,25.298,22.412,2.886,1125.5,146.71,148.48,146.32,255.0,340.0,255.0,340.0,215.36,343.3,435.09,343.64,-547.3,184.67,173.96,188.67,875.0,875.0,875.0,875.0,173.56,139.68,137.53,143.63,1567.01,1190.0,1337.39,3500.0,594.4,1.0,0.0,0.0,1.0,22.5,TARGETED_WEST_COMPUTE_COOL,20.3989
1,Localized Heavy Compute,0,555,5550.0,14,3,4,3,4,92.3,84.56,HEAVY,287.22,VERY HIGH,HEAVY LOAD,89.12,79.77,HEAVY,276.06,VERY HIGH,HEAVY LOAD,91.76,82.66,HEAVY,283.69,VERY HIGH,HEAVY LOAD,90.01,80.6,HEAVY,278.41,VERY HIGH,HEAVY LOAD,16.1,4.62,LIGHT,72.06,LOW,RUNNING,17.41,5.19,LIGHT,74.55,LOW,RUNNING,14.76,4.04,LIGHT,69.51,LOW,RUNNING,19.34,6.86,LIGHT,79.47,LOW,RUNNING,18.1,4.85,LIGHT,74.9,LOW,RUNNING,16.31,3.82,LIGHT,71.12,LOW,RUNNING,29.81,52.0,315.6,0.25,22.0,COOLING,0.25,22.0,COOLING,0.25,22.0,COOLING,0.25,22.0,COOLING,25.302,23.017,22.415,23.001,23.434,25.302,22.415,2.887,1125.38,146.61,148.98,146.02,255.0,340.0,255.0,340.0,215.36,343.36,435.21,343.71,-547.53,184.78,173.97,188.78,875.0,875.0,875.0,875.0,173.21,139.75,138.16,143.51,1566.99,1190.0,1337.64,3500.0,594.63,1.0,0.0,0.0,1.0,22.5,TARGETED_WEST_COMPUTE_COOL,20.4363
1,Localized Heavy Compute,0,556,5560.0,14,3,4,3,4,92.48,84.64,HEAVY,287.56,VERY HIGH,HEAVY LOAD,89.21,79.72,HEAVY,276.09,VERY HIGH,HEAVY LOAD,91.69,82.52,HEAVY,283.39,VERY HIGH,HEAVY LOAD,89.83,80.51,HEAVY,278.05,VERY HIGH,HEAVY LOAD,16.01,4.6,LIGHT,71.91,LOW,RUNNING,17.45,5.25,LIGHT,74.69,LOW,RUNNING,14.89,4.13,LIGHT,69.81,LOW,RUNNING,19.44,6.89,LIGHT,79.63,LOW,RUNNING,18.08,4.79,LIGHT,74.78,LOW,RUNNING,16.19,3.73,LIGHT,70.83,LOW,RUNNING,29.82,52.0,315.8,0.25,22.0,COOLING,0.25,22.0,COOLING,0.25,22.0,COOLING,0.25,22.0,COOLING,25.306,23.02,22.418,23.004,23.437,25.306,22.418,2.888,1125.09,146.6,149.44,145.61,255.0,340.0,255.0,340.0,215.56,343.64,435.53,343.99,-547.76,184.89,173.99,188.89,875.0,875.0,875.0,875.0,172.89,140.13,138.96,143.49,1566.74,1190.0,1338.72,3500.0,595.47,1.0,0.0,0.0,1.0,22.5,TARGETED_WEST_COMPUTE_COOL,20.4741
1,Localized Heavy Compute,0,557,5570.0,14,3,4,3,4,92.66,84.68,HEAVY,287.85,VERY HIGH,HEAVY LOAD,89.28,79.64,HEAVY,276.06,VERY HIGH,HEAVY LOAD,91.58,82.39,HEAVY,283.06,VERY HIGH,HEAVY LOAD,89.65,80.44,HEAVY,277.72,VERY HIGH,HEAVY LOAD,15.94,4.6,LIGHT,71.83,LOW,RUNNING,17.51,5.32,LIGHT,74.87,LOW,RUNNING,15.03,4.21,LIGHT,70.1,LOW,RUNNING,19.52,6.9,LIGHT,79.75,LOW,RUNNING,18.03,4.73,LIGHT,74.63,LOW,RUNNING,16.06,3.64,LIGHT,70.53,LOW,RUNNING,29.82,52.0,316.0,0.25,22.0,COOLING,0.25,22.0,COOLING,0.25,22.0,COOLING,0.25,22.0,COOLING,25.31,23.023,22.421,23.007,23.44,25.31,22.421,2.889,1124.69,146.7,149.85,145.16,255.0,340.0,255.0,340.0,215.55,343.7,435.64,344.04,-548.0,185.0,174.0,189.0,875.0,875.0,875.0,875.0,172.24,140.4,139.49,143.2,1566.4,1190.0,1338.93,3500.0,595.33,1.0,0.0,0.0,1.0,22.5,TARGETED_WEST_COMPUTE_COOL,20.5119
1,Localized Heavy Compute,0,558,5580.0,14,3,4,3,4,92.82,84.7,HEAVY,288.07,VERY HIGH,HEAVY LOAD,89.3,79.53,HEAVY,275.92,VERY HIGH,HEAVY LOAD,91.45,82.26,HEAVY,282.7,VERY HIGH,HEAVY LOAD,89.48,80.41,HEAVY,277.47,VERY HIGH,HEAVY LOAD,15.91,4.62,LIGHT,71.82,LOW,RUNNING,17.6,5.41,LIGHT,75.11,LOW,RUNNING,15.16,4.28,LIGHT,70.37,LOW,RUNNING,19.57,6.89,LIGHT,79.8,LOW,RUNNING,17.96,4.65,LIGHT,74.43,LOW,RUNNING,15.92,3.57,LIGHT,70.26,LOW,RUNNING,29.82,52.0,316.2,0.25,22.0,COOLING,0.25,22.0,COOLING,0.25,22.0,COOLING,0.25,22.0,COOLING,25.313,23.026,22.424,23.01,23.443,25.313,22.424,2.889,1124.16,146.93,150.17,144.69,255.0,340.0,255.0,340.0,215.54,343.76,435.75,344.1,-548.23,185.11,174.02,189.11,875.0,875.0,875.0,875.0,171.47,140.8,139.94,142.9,1565.95,1190.0,1339.15,3500.0,595.11,1.0,0.0,0.0,1.0,22.5,TARGETED_WEST_COMPUTE_COOL,20.5335
1,Localized Heavy Compute,0,559,5590.0,14,3,4,3,4,92.96,84.69,HEAVY,288.24,VERY HIGH,HEAVY LOAD,89.28,79.41,HEAVY,275.72,VERY HIGH,HEAVY LOAD,91.29,82.14,HEAVY,282.32,VERY HIGH,HEAVY LOAD,89.33,80.4,HEAVY,277.26,VERY HIGH,HEAVY LOAD,15.9,4.66,LIGHT,71.86,LOW,RUNNING,17.71,5.5,LIGHT,75.39,LOW,RUNNING,15.28,4.33,LIGHT,70.59,LOW,RUNNING,19.6,6.86,LIGHT,79.79,LOW,RUNNING,17.86,4.56,LIGHT,74.17,LOW,RUNNING,15.79,3.5,LIGHT,69.99,LOW,RUNNING,29.83,52.0,316.5,0.25,22.0,COOLING,0.25,22.0,COOLING,0.25,22.0,COOLING,0.25,22.0,COOLING,25.316,23.029,22.427,23.013,23.446,25.316,22.427,2.889,1123.54,147.25,150.38,144.16,255.0,340.0,255.0,340.0,215.81,344.1,436.17,344.44,-548.23,185.11,174.02,189.11,875.0,875.0,875.0,875.0,171.12,141.46,140.57,142.71,1565.33,1190.0,1340.52,3500.0,595.86,1.0,0.0,0.0,1.0,22.5,TARGETED_WEST_COMPUTE_COOL,20.556
1,Localized Heavy Compute,0,560,5600.0,14,3,4,3,4,93.07,84.65,HEAVY,288.31,VERY HIGH,HEAVY LOAD,89.23,79.28,HEAVY,275.46,VERY HIGH,HEAVY LOAD,91.11,82.05,HEAVY,281.96,VERY HIGH,HEAVY LOAD,89.19,80.42,HEAVY,277.12,VERY HIGH,HEAVY LOAD,15.92,4.72,LIGHT,71.98,LOW,RUNNING,17.83,5.59,LIGHT,75.67,LOW,RUNNING,15.39,4.38,LIGHT,70.81,LOW,RUNNING,19.59,6.82,LIGHT,79.72,LOW,RUNNING,17.75,4.47,LIGHT,73.89,LOW,RUNNING,15.67,3.45,LIGHT,69.76,LOW,RUNNING,29.83,52.0,316.7,0.25,22.0,COOLING,0.25,22.0,COOLING,0.25,22.0,COOLING,0.25,22.0,COOLING,25.319,23.032,22.43,23.016,23.449,25.319,22.43,2.889,1122.85,147.65,150.53,143.65,255.0,340.0,255.0,340.0,215.81,344.16,436.27,344.51,-548.23,185.11,174.02,189.11,875.0,875.0,875.0,875.0,170.43,141.92,140.82,142.27,1564.68,1190.0,1340.75,3500.0,595.44,1.0,0.0,0.0,1.0,22.5,TARGETED_WEST_COMPUTE_COOL,20.5785
1,Localized Heavy Compute,0,561,5610.0,14,3,4,3,4,93.15,84.58,HEAVY,288.31,VERY HIGH,HEAVY LOAD,89.14,79.15,HEAVY,275.15,VERY HIGH,HEAVY LOAD,90.93,81.97,HEAVY,281.62,VERY HIGH,HEAVY LOAD,89.09,80.48,HEAVY,277.08,VERY HIGH,HEAVY LOAD,15.98,4.79,LIGHT,72.16,LOW,RUNNING,17.96,5.67,LIGHT,75.95,LOW,RUNNING,15.48,4.4,LIGHT,70.95,LOW,RUNNING,19.56,6.76,LIGHT,79.59,LOW,RUNNING,17.62,4.38,LIGHT,73.59,LOW,RUNNING,15.57,3.41,LIGHT,69.58,LOW,RUNNING,29.84,52.0,316.9,0.25,22.0,COOLING,0.25,22.0,COOLING,0.25,22.0,COOLING,0.25,22.0,COOLING,25.322,23.035,22.433,23.019,23.452,25.322,22.433,2.889,1122.16,148.11,150.54,143.17,255.0,340.0,255.0,340.0,216.04,344.43,436.6,344.78,-548.24,185.11,174.01,189.11,875.0,875.0,875.0,875.0,169.96,142.65,141.15,142.06,1563.98,1190.0,1341.85,3500.0,595.82,1.0,0.0,0.0,1.0,22.5,TARGETED_WEST_COMPUTE_COOL,20.6016
1,Localized Heavy Compute,0,562,5620.0,14,3,4,3,4,93.19,84.48,HEAVY,288.21,VERY HIGH,HEAVY LOAD,89.01,79.02,HEAVY,274.79,VERY HIGH,HEAVY LOAD,90.76,81.92,HEAVY,281.33,VERY HIGH,HEAVY LOAD,89.03,80.56,HEAVY,277.13,VERY HIGH,HEAVY LOAD,16.06,4.87,LIGHT,72.38,LOW,RUNNING,18.1,5.75,LIGHT,76.25,LOW,RUNNING,15.55,4.4,LIGHT,71.04,LOW,RUNNING,19.5,6.68,LIGHT,79.39,LOW,RUNNING,17.49,4.3,LIGHT,73.31,LOW,RUNNING,15.49,3.4,LIGHT,69.46,LOW,RUNNING,29.84,52.0,317.1,0.25,22.0,COOLING,0.25,22.0,COOLING,0.25,22.0,COOLING,0.25,22.0,COOLING,25.325,23.038,22.436,23.022,23.455,25.325,22.436,2.889,1121.46,148.63,150.43,142.77,255.0,340.0,255.0,340.0,216.05,344.5,436.71,344.84,-548.24,185.11,174.01,189.11,875.0,875.0,875.0,875.0,169.27,143.24,141.15,141.72,1563.29,1190.0,1342.1,3500.0,595.38,1.0,0.0,0.0,1.0,22.5,TARGETED_WEST_COMPUTE_COOL,20.625
1,Localized Heavy Compute,0,563,5630.0,14,3,4,3,4,93.2,84.37,HEAVY,288.06,VERY HIGH,HEAVY LOAD,88.86,78.9,HEAVY,274.43,VERY HIGH,HEAVY LOAD,90.59,81.9,HEAVY,281.09,VERY HIGH,HEAVY LOAD,89.0,80.66,HEAVY,277.24,VERY HIGH,HEAVY LOAD,16.16,4.96,LIGHT,72.64,LOW,RUNNING,18.23,5.81,LIGHT,76.5,LOW,RUNNING,15.59,4.38,LIGHT,71.06,LOW,RUNNING,19.41,6.6,LIGHT,79.16,LOW,RUNNING,17.35,4.23,LIGHT,73.03,LOW,RUNNING,15.43,3.41,LIGHT,69.4,LOW,RUNNING,29.85,52.0,317.3,0.25,22.0,COOLING,0.25,22.0,COOLING,0.25,22.0,COOLING,0.25,22.0,COOLING,25.328,23.041,22.439,23.025,23.458,25.328,22.439,2.889,1120.82,149.14,150.22,142.43,255.0,340.0,255.0,340.0,216.28,344.77,437.04,345.11,-548.24,185.11,174.01,189.11,875.0,875.0,875.0,875.0,168.86,144.02,141.27,141.65,1562.61,1190.0,1343.2,3500.0,595.8,1.0,0.0,0.0,1.0,22.5,TARGETED_WEST_COMPUTE_COOL,20.649
1,Localized Heavy Compute,0,564,5640.0,14,3,4,3,4,93.16,84.24,HEAVY,287.81,VERY HIGH,HEAVY LOAD,88.69,78.79,HEAVY,274.05,VERY HIGH,HEAVY LOAD,90.45,81.91,HEAVY,280.93,VERY HIGH,HEAVY LOAD,89.01,80.77,HEAVY,277.42,VERY HIGH,HEAVY LOAD,16.27,5.05,LIGHT,72.91,LOW,RUNNING,18.35,5.86,LIGHT,76.73,LOW,RUNNING,15.6,4.34,LIGHT,71.01,LOW,RUNNING,19.3,6.51,LIGHT,78.89,LOW,RUNNING,17.23,4.17,LIGHT,72.79,LOW,RUNNING,15.4,3.43,LIGHT,69.39,LOW,RUNNING,29.85,52.0,317.5,0.25,22.0,COOLING,0.25,22.0,COOLING,0.25,22.0,COOLING,0.25,22.0,COOLING,25.331,23.044,22.442,23.028,23.461,25.331,22.442,2.889,1120.21,149.64,149.9,142.18,255.0,340.0,255.0,340.0,216.28,344.83,437.15,345.18,-548.24,185.11,174.01,189.11,875.0,875.0,875.0,875.0,168.25,144.58,141.06,141.47,1561.93,1190.0,1343.44,3500.0,595.36,1.0,0.0,0.0,1.0,22.5,TARGETED_WEST_COMPUTE_COOL,20.6733
1,Localized Heavy Compute,0,565,5650.0,14,3,4,3,4,93.08,84.11,HEAVY,287.51,VERY HIGH,HEAVY LOAD,88.52,78.7,HEAVY,273.7,VERY HIGH,HEAVY LOAD,90.34,81.95,HEAVY,280.85,VERY HIGH,HEAVY LOAD,89.07,80.9,HEAVY,277.69,VERY HIGH,HEAVY LOAD,16.4,5.13,LIGHT,73.19,LOW,RUNNING,18.45,5.89,LIGHT,76.9,LOW,RUNNING,15.58,4.29,LIGHT,70.91,LOW,RUNNING,19.18,6.42,LIGHT,78.6,LOW,RUNNING,17.11,4.13,LIGHT,72.58,LOW,RUNNING,15.4,3.48,LIGHT,69.47,LOW,RUNNING,29.85,52.0,317.7,0.25,22.0,COOLING,0.25,22.0,COOLING,0.25,22.0,COOLING,0.25,22.0,COOLING,25.334,23.047,22.445,23.031,23.464,25.334,22.445,2.889,1119.75,150.09,149.51,142.05,255.0,340.0,255.0,340.0,216.3,344.89,437.26,345.23,-548.24,185.11,174.01,189.11,875.0,875.0,875.0,875.0,167.81,145.09,140.78,141.39,1561.4,1190.0,1343.68,3500.0,595.07,1.0,0.0,0.0,1.0,22.5,TARGETED_WEST_COMPUTE_COOL,20.6982
1,Localized Heavy Compute,0,566,5660.0,14,3,4,3,4,92.97,83.98,HEAVY,287.18,VERY HIGH,HEAVY LOAD,88.34,78.64,HEAVY,273.38,VERY HIGH,HEAVY LOAD,90.25,82.02,HEAVY,280.84,VERY HIGH,HEAVY LOAD,89.16,81.04,HEAVY,278.01,VERY HIGH,HEAVY LOAD,16.54,5.21,LIGHT,73.49,LOW,RUNNING,18.52,5.9,LIGHT,77.0,LOW,RUNNING,15.53,4.22,LIGHT,70.74,LOW,RUNNING,19.05,6.34,LIGHT,78.32,LOW,RUNNING,17.02,4.1,LIGHT,72.43,LOW,RUNNING,15.44,3.54,LIGHT,69.61,LOW,RUNNING,29.86,52.0,317.9,0.25,22.0,COOLING,0.25,22.0,COOLING,0.25,22.0,COOLING,0.25,22.0,COOLING,25.337,23.05,22.448,23.034,23.467,25.337,22.448,2.889,1119.41,150.49,149.06,142.04,255.0,340.0,255.0,340.0,216.52,345.17,437.58,345.51,-548.24,185.11,174.01,189.11,875.0,875.0,875.0,875.0,167.69,145.77,140.65,141.66,1561.0,1190.0,1344.78,3500.0,595.77,1.0,0.0,0.0,1.0,22.5,TARGETED_WEST_COMPUTE_COOL,20.7239
1,Localized Heavy Compute,0,567,5670.0,14,3,4,3,4,92.83,83.85,HEAVY,286.81,VERY HIGH,HEAVY LOAD,88.17,78.61,HEAVY,273.13,VERY HIGH,HEAVY LOAD,90.21,82.11,HEAVY,280.93,VERY HIGH,HEAVY LOAD,89.28,81.17,HEAVY,278.36,VERY HIGH,HEAVY LOAD,16.67,5.28,LIGHT,73.76,LOW,RUNNING,18.58,5.89,LIGHT,77.06,LOW,RUNNING,15.45,4.14,LIGHT,70.52,LOW,RUNNING,18.91,6.26,LIGHT,78.03,LOW,RUNNING,16.95,4.1,LIGHT,72.34,LOW,RUNNING,15.5,3.61,LIGHT,69.79,LOW,RUNNING,29.86,52.0,318.1,0.25,22.0,COOLING,0.25,22.0,COOLING,0.25,22.0,COOLING,0.25,22.0,COOLING,25.34,23.053,22.451,23.037,23.47,25.34,22.451,2.889,1119.23,150.82,148.55,142.13,255.0,340.0,255.0,340.0,216.53,345.22,437.7,345.57,-548.24,185.11,174.01,189.11,875.0,875.0,875.0,875.0,167.52,146.15,140.26,141.81,1560.73,1190.0,1345.02,3500.0,595.74,1.0,0.0,0.0,1.0,22.5,TARGETED_WEST_COMPUTE_COOL,20.75
1,Localized Heavy Compute,0,568,5680.0,14,3,4,3,4,92.67,83.74,HEAVY,286.45,VERY HIGH,HEAVY LOAD,88.01,78.6,HEAVY,272.91,VERY HIGH,HEAVY LOAD,90.2,82.22,HEAVY,281.08,VERY HIGH,HEAVY LOAD,89.42,81.29,HEAVY,278.71,VERY HIGH,HEAVY LOAD,16.79,5.34,LIGHT,74.0,LOW,RUNNING,18.6,5.86,LIGHT,77.04,LOW,RUNNING,15.35,4.05,LIGHT,70.26,LOW,RUNNING,18.78,6.19,LIGHT,77.76,LOW,RUNNING,16.91,4.12,LIGHT,72.32,LOW,RUNNING,15.58,3.69,LIGHT,70.01,LOW,RUNNING,29.87,52.0,318.3,0.25,22.0,COOLING,0.25,22.0,COOLING,0.25,22.0,COOLING,0.25,22.0,COOLING,25.343,23.056,22.454,23.04,23.473,25.343,22.454,2.889,1119.15,151.04,148.02,142.33,255.0,340.0,255.0,340.0,216.76,345.51,438.02,345.85,-548.24,185.11,174.01,189.11,875.0,875.0,875.0,875.0,167.67,146.66,140.05,142.29,1560.54,1190.0,1346.14,3500.0,596.67,1.0,0.0,0.0,1.0,22.5,TARGETED_WEST_COMPUTE_COOL,20.7769
1,Localized Heavy Compute,0,569,5690.0,14,3,4,3,4,92.5,83.64,HEAVY,286.09,VERY HIGH,HEAVY LOAD,87.88,78.63,HEAVY,272.79,VERY HIGH,HEAVY LOAD,90.24,82.34,HEAVY,281.31,VERY HIGH,HEAVY LOAD,89.59,81.4,HEAVY,279.09,VERY HIGH,HEAVY LOAD,16.9,5.38,LIGHT,74.19,LOW,RUNNING,18.59,5.81,LIGHT,76.95,LOW,RUNNING,15.24,3.96,LIGHT,69.99,LOW,RUNNING,18.66,6.14,LIGHT,77.53,LOW,RUNNING,16.9,4.15,LIGHT,72.35,LOW,RUNNING,15.69,3.78,LIGHT,70.28,LOW,RUNNING,29.87,52.0,318.5,0.25,22.0,COOLING,0.25,22.0,COOLING,0.25,22.0,COOLING,0.25,22.0,COOLING,25.346,23.059,22.457,23.043,23.476,25.346,22.457,2.889,1119.28,151.14,147.52,142.63,255.0,340.0,255.0,340.0,216.77,345.56,438.13,345.91,-548.24,185.11,174.01,189.11,875.0,875.0,875.0,875.0,167.81,146.81,139.66,142.65,1560.57,1190.0,1346.37,3500.0,596.93,1.0,0.0,0.0,1.0,22.5,TARGETED_WEST_COMPUTE_COOL,20.8042
1,Localized Heavy Compute,0,570,5700.0,14,3,4,3,4,92.32,83.56,HEAVY,285.74,VERY HIGH,HEAVY LOAD,87.79,78.68,HEAVY,272.76,VERY HIGH,HEAVY LOAD,90.31,82.48,HEAVY,281.61,VERY HIGH,HEAVY LOAD,89.77,81.49,HEAVY,279.45,VERY HIGH,HEAVY LOAD,16.99,5.4,LIGHT,74.34,LOW,RUNNING,18.55,5.75,LIGHT,76.81,LOW,RUNNING,15.11,3.87,LIGHT,69.69,LOW,RUNNING,18.56,6.11,LIGHT,77.37,LOW,RUNNING,16.92,4.21,LIGHT,72.47,LOW,RUNNING,15.81,3.87,LIGHT,70.57,LOW,RUNNING,29.88,52.0,318.8,0.25,22.0,COOLING,0.25,22.0,COOLING,0.25,22.0,COOLING,0.25,22.0,COOLING,25.349,23.062,22.46,23.046,23.479,25.349,22.46,2.889,1119.56,151.15,147.06,143.04,255.0,340.0,255.0,340.0,217.03,345.9,438.54,346.25,-548.24,185.11,174.01,189.11,875.0,875.0,875.0,875.0,168.35,147.16,139.61,143.4,1560.81,1190.0,1347.72,3500.0,598.52,1.0,0.0,0.0,1.0,22.5,TARGETED_WEST_COMPUTE_COOL,20.8322
1,Localized Heavy Compute,0,571,5710.0,14,3,4,3,4,92.14,83.52,HEAVY,285.45,VERY HIGH,HEAVY LOAD,87.72,78.76,HEAVY,272.79,VERY HIGH,HEAVY LOAD,90.42,82.61,HEAVY,281.94,VERY HIGH,HEAVY LOAD,89.95,81.56,HEAVY,279.78,VERY HIGH,HEAVY LOAD,17.06,5.4,LIGHT,74.42,LOW,RUNNING,18.49,5.68,LIGHT,76.63,LOW,RUNNING,14.97,3.79,LIGHT,69.4,LOW,RUNNING,18.48,6.1,LIGHT,77.25,LOW,RUNNING,16.97,4.27,LIGHT,72.62,LOW,RUNNING,15.94,3.96,LIGHT,70.86,LOW,RUNNING,29.88,52.0,319.0,0.25,22.0,COOLING,0.25,22.0,COOLING,0.25,22.0,COOLING,0.25,22.0,COOLING,25.352,23.065,22.463,23.049,23.482,25.352,22.463,2.889,1119.96,151.05,146.65,143.48,255.0,340.0,255.0,340.0,217.04,345.97,438.65,346.31,-548.24,185.11,174.01,189.11,875.0,875.0,875.0,875.0,168.76,147.13,139.31,143.9,1561.14,1190.0,1347.97,3500.0,599.1,1.0,0.0,0.0,1.0,22.5,TARGETED_WEST_COMPUTE_COOL,20.8605
1,Localized Heavy Compute,0,572,5720.0,14,3,4,3,4,91.98,83.5,HEAVY,285.23,VERY HIGH,HEAVY LOAD,87.7,78.87,HEAVY,272.93,VERY HIGH,HEAVY LOAD,90.55,82.74,HEAVY,282.3,VERY HIGH,HEAVY LOAD,90.12,81.59,HEAVY,280.04,VERY HIGH,HEAVY LOAD,17.09,5.38,LIGHT,74.43,LOW,RUNNING,18.4,5.59,LIGHT,76.39,LOW,RUNNING,14.84,3.72,LIGHT,69.13,LOW,RUNNING,18.43,6.11,LIGHT,77.2,LOW,RUNNING,17.04,4.35,LIGHT,72.83,LOW,RUNNING,16.08,4.03,LIGHT,71.14,LOW,RUNNING,29.88,52.0,319.2,0.25,22.0,COOLING,0.25,22.0,COOLING,0.25,22.0,COOLING,0.25,22.0,COOLING,25.355,23.068,22.466,23.052,23.485,25.355,22.466,2.889,1120.5,150.82,146.33,143.97,255.0,340.0,255.0,340.0,217.05,346.02,438.77,346.37,-548.24,185.11,174.01,189.11,875.0,875.0,875.0,875.0,169.31,146.95,139.11,144.45,1561.62,1190.0,1348.21,3500.0,599.82,1.0,0.0,0.0,1.0,22.5,TARGETED_WEST_COMPUTE_COOL,20.8892
1,Localized Heavy Compute,0,573,5730.0,14,3,4,3,4,91.84,83.51,HEAVY,285.07,VERY HIGH,HEAVY LOAD,87.72,78.99,HEAVY,273.13,VERY HIGH,HEAVY LOAD,90.71,82.86,HEAVY,282.68,VERY HIGH,HEAVY LOAD,90.27,81.6,HEAVY,280.24,VERY HIGH,HEAVY LOAD,17.1,5.34,LIGHT,74.39,LOW,RUNNING,18.29,5.5,LIGHT,76.11,LOW,RUNNING,14.72,3.67,LIGHT,68.91,LOW,RUNNING,18.4,6.14,LIGHT,77.21,LOW,RUNNING,17.14,4.44,LIGHT,73.08,LOW,RUNNING,16.21,4.1,LIGHT,71.41,LOW,RUNNING,29.89,52.0,319.4,0.25,22.0,COOLING,0.25,22.0,COOLING,0.25,22.0,COOLING,0.25,22.0,COOLING,25.358,23.071,22.469,23.055,23.488,25.358,22.469,2.889,1121.12,150.5,146.12,144.49,255.0,340.0,255.0,340.0,217.27,346.29,439.09,346.64,-548.24,185.11,174.01,189.11,875.0,875.0,875.0,875.0,170.15,146.9,139.22,145.24,1562.23,1190.0,1349.29,3500.0,601.51,1.0,0.0,0.0,1.0,22.5,TARGETED_WEST_COMPUTE_COOL,20.9184
1,Localized Heavy Compute,0,574,5740.0,14,3,4,3,4,91.73,83.55,HEAVY,284.99,VERY HIGH,HEAVY LOAD,87.77,79.12,HEAVY,273.39,VERY HIGH,HEAVY LOAD,90.89,82.95,HEAVY,283.04,VERY HIGH,HEAVY LOAD,90.41,81.58,HEAVY,280.38,VERY HIGH,HEAVY LOAD,17.08,5.28,LIGHT,74.27,LOW,RUNNING,18.17,5.41,LIGHT,75.83,LOW,RUNNING,14.61,3.62,LIGHT,68.69,LOW,RUNNING,18.41,6.18,LIGHT,77.28,LOW,RUNNING,17.25,4.53,LIGHT,73.36,LOW,RUNNING,16.33,4.15,LIGHT,71.64,LOW,RUNNING,29.89,52.0,319.6,0.25,22.0,COOLING,0.25,22.0,COOLING,0.25,22.0,COOLING,0.25,22.0,COOLING,25.361,23.074,22.472,23.058,23.491,25.361,22.472,2.889,1121.8,150.1,145.97,145.0,255.0,340.0,255.0,340.0,217.29,346.36,439.2,346.7,-548.24,185.11,174.01,189.11,875.0,875.0,875.0,875.0,170.85,146.57,139.18,145.81,1562.87,1190.0,1349.55,3500.0,602.41,1.0,0.0,0.0,1.0,22.5,TARGETED_WEST_COMPUTE_COOL,20.9477
1,Localized Heavy Compute,0,575,5750.0,14,3,4,3,4,91.65,83.62,HEAVY,284.99,VERY HIGH,HEAVY LOAD,87.86,79.25,HEAVY,273.7,VERY HIGH,HEAVY LOAD,91.07,83.03,HEAVY,283.38,VERY HIGH,HEAVY LOAD,90.51,81.52,HEAVY,280.42,VERY HIGH,HEAVY LOAD,17.02,5.21,LIGHT,74.09,LOW,RUNNING,18.04,5.33,LIGHT,75.55,LOW,RUNNING,14.52,3.6,LIGHT,68.55,LOW,RUNNING,18.44,6.24,LIGHT,77.41,LOW,RUNNING,17.38,4.62,LIGHT,73.66,LOW,RUNNING,16.43,4.19,LIGHT,71.82,LOW,RUNNING,29.9,52.0,319.8,0.25,22.0,COOLING,0.25,22.0,COOLING,0.25,22.0,COOLING,0.25,22.0,COOLING,25.365,23.077,22.475,23.061,23.495,25.365,22.475,2.89,1122.49,149.64,145.96,145.48,255.0,340.0,255.0,340.0,217.51,346.64,439.52,346.98,-548.24,185.11,174.01,189.11,875.0,875.0,875.0,875.0,171.76,146.39,139.49,146.57,1563.57,1190.0,1350.65,3500.0,604.21,1.0,0.0,0.0,1.0,22.5,TARGETED_WEST_COMPUTE_COOL,20.9949
1,Localized Heavy Compute,0,576,5760.0,14,3,4,3,4,91.61,83.72,HEAVY,285.09,VERY HIGH,HEAVY LOAD,87.99,79.38,HEAVY,274.06,VERY HIGH,HEAVY LOAD,91.24,83.08,HEAVY,283.67,VERY HIGH,HEAVY LOAD,90.57,81.44,HEAVY,280.37,VERY HIGH,HEAVY LOAD,16.94,5.13,LIGHT,73.87,LOW,RUNNING,17.9,5.25,LIGHT,75.25,LOW,RUNNING,14.45,3.6,LIGHT,68.46,LOW,RUNNING,18.5,6.32,LIGHT,77.61,LOW,RUNNING,17.51,4.7,LIGHT,73.94,LOW,RUNNING,16.51,4.2,LIGHT,71.94,LOW,RUNNING,29.9,52.0,320.0,0.25,22.0,COOLING,0.25,22.0,COOLING,0.25,22.0,COOLING,0.25,22.0,COOLING,25.369,23.08,22.478,23.064,23.498,25.369,22.478,2.891,1123.19,149.12,146.07,145.88,255.0,340.0,255.0,340.0,217.5,346.69,439.64,347.04,-548.47,185.22,174.03,189.22,875.0,875.0,875.0,875.0,172.22,146.03,139.74,147.14,1564.26,1190.0,1350.87,3500.0,605.13,1.0,0.0,0.0,1.0,22.5,TARGETED_WEST_COMPUTE_COOL,21.0415
1,Localized Heavy Compute,0,577,5770.0,14,3,4,3,4,91.6,83.83,HEAVY,285.25,VERY HIGH,HEAVY LOAD,88.14,79.5,HEAVY,274.43,VERY HIGH,HEAVY LOAD,91.41,83.1,HEAVY,283.91,VERY HIGH,HEAVY LOAD,90.6,81.34,HEAVY,280.26,VERY HIGH,HEAVY LOAD,16.84,5.04,LIGHT,73.61,LOW,RUNNING,17.77,5.19,LIGHT,75.0,LOW,RUNNING,14.41,3.62,LIGHT,68.44,LOW,RUNNING,18.59,6.4,LIGHT,77.84,LOW,RUNNING,17.65,4.77,LIGHT,74.22,LOW,RUNNING,16.57,4.19,LIGHT,72.0,LOW,RUNNING,29.9,52.0,320.2,0.25,22.0,COOLING,0.25,22.0,COOLING,0.25,22.0,COOLING,0.25,22.0,COOLING,25.373,23.083,22.481,23.067,23.501,25.373,22.481,2.892,1123.85,148.61,146.28,146.22,255.0,340.0,255.0,340.0,217.49,346.75,439.74,347.09,-548.71,185.33,174.04,189.33,875.0,875.0,875.0,875.0,172.63,145.69,140.06,147.64,1564.96,1190.0,1351.07,3500.0,606.02,1.0,0.0,0.0,1.0,22.5,TARGETED_WEST_COMPUTE_COOL,21.0884
1,Localized Heavy Compute,0,578,5780.0,14,3,4,3,4,91.64,83.96,HEAVY,285.49,VERY HIGH,HEAVY LOAD,88.31,79.61,HEAVY,274.8,VERY HIGH,HEAVY LOAD,91.55,83.09,HEAVY,284.07,VERY HIGH,HEAVY LOAD,90.59,81.23,HEAVY,280.08,VERY HIGH,HEAVY LOAD,16.73,4.95,LIGHT,73.34,LOW,RUNNING,17.65,5.14,LIGHT,74.77,LOW,RUNNING,14.4,3.66,LIGHT,68.49,LOW,RUNNING,18.7,6.49,LIGHT,78.11,LOW,RUNNING,17.77,4.83,LIGHT,74.46,LOW,RUNNING,16.6,4.17,LIGHT,72.0,LOW,RUNNING,29.91,52.0,320.4,0.25,22.0,COOLING,0.25,22.0,COOLING,0.25,22.0,COOLING,0.25,22.0,COOLING,25.377,23.086,22.484,23.07,23.504,25.377,22.484,2.893,1124.44,148.11,146.6,146.46,255.0,340.0,255.0,340.0,217.7,347.03,440.07,347.37,-548.94,185.44,174.06,189.44,875.0,875.0,875.0,875.0,173.2,145.58,140.73,148.27,1565.61,1190.0,1352.17,3500.0,607.78,1.0,0.0,0.0,1.0,22.5,TARGETED_WEST_COMPUTE_COOL,21.1357
1,Localized Heavy Compute,0,579,5790.0,14,3,4,3,4,91.72,84.09,HEAVY,285.78,VERY HIGH,HEAVY LOAD,88.48,79.7,HEAVY,275.15,VERY HIGH,HEAVY LOAD,91.66,83.05,HEAVY,284.15,VERY HIGH,HEAVY LOAD,90.53,81.1,HEAVY,279.81,VERY HIGH,HEAVY LOAD,16.6,4.87,LIGHT,73.06,LOW,RUNNING,17.55,5.11,LIGHT,74.6,LOW,RUNNING,14.42,3.71,LIGHT,68.59,LOW,RUNNING,18.82,6.58,LIGHT,78.4,LOW,RUNNING,17.89,4.87,LIGHT,74.67,LOW,RUNNING,16.6,4.12,LIGHT,71.93,LOW,RUNNING,29.91,52.0,320.6,0.25,22.0,COOLING,0.25,22.0,COOLING,0.25,22.0,COOLING,0.25,22.0,COOLING,25.381,23.089,22.487,23.073,23.508,25.381,22.487,2.894,1124.89,147.66,146.99,146.6,255.0,340.0,255.0,340.0,217.68,347.1,440.18,347.44,-549.17,185.55,174.07,189.55,875.0,875.0,875.0,875.0,173.4,145.31,141.24,148.59,1566.14,1190.0,1352.4,3500.0,608.54,1.0,0.0,0.0,1.0,22.5,TARGETED_WEST_COMPUTE_COOL,21.1827
1,Localized Heavy Compute,0,580,5800.0,14,3,4,3,4,91.83,84.22,HEAVY,286.12,VERY HIGH,HEAVY LOAD,88.66,79.76,HEAVY,275.47,VERY HIGH,HEAVY LOAD,91.75,82.98,HEAVY,284.16,VERY HIGH,HEAVY LOAD,90.44,80.96,HEAVY,279.49,VERY HIGH,HEAVY LOAD,16.46,4.79,LIGHT,72.76,LOW,RUNNING,17.48,5.1,LIGHT,74.5,LOW,RUNNING,14.47,3.78,LIGHT,68.76,LOW,RUNNING,18.95,6.66,LIGHT,78.68,LOW,RUNNING,17.98,4.9,LIGHT,74.82,LOW,RUNNING,16.56,4.06,LIGHT,71.79,LOW,RUNNING,29.92,52.0,320.8,0.25,22.0,COOLING,0.25,22.0,COOLING,0.25,22.0,COOLING,0.25,22.0,COOLING,25.385,23.092,22.49,23.076,23.511,25.385,22.49,2.895,1125.24,147.26,147.44,146.61,255.0,340.0,255.0,340.0,217.89,347.37,440.51,347.71,-549.41,185.66,174.09,189.66,875.0,875.0,875.0,875.0,173.72,145.29,142.04,148.98,1566.55,1190.0,1353.48,3500.0,610.03,1.0,0.0,0.0,1.0,22.5,TARGETED_WEST_COMPUTE_COOL,21.2301
1,Localized Heavy Compute,0,581,5810.0,14,3,4,3,4,91.97,84.35,HEAVY,286.49,VERY HIGH,HEAVY LOAD,88.83,79.79,HEAVY,275.72,VERY HIGH,HEAVY LOAD,91.79,82.89,HEAVY,284.07,VERY HIGH,HEAVY LOAD,90.32,80.83,HEAVY,279.14,VERY HIGH,HEAVY LOAD,16.33,4.72,LIGHT,72.49,LOW,RUNNING,17.42,5.11,LIGHT,74.44,LOW,RUNNING,14.55,3.86,LIGHT,68.98,LOW,RUNNING,19.09,6.74,LIGHT,78.97,LOW,RUNNING,18.05,4.9,LIGHT,74.91,LOW,RUNNING,16.5,3.99,LIGHT,71.61,LOW,RUNNING,29.92,52.0,321.0,0.25,22.0,COOLING,0.25,22.0,COOLING,0.25,22.0,COOLING,0.25,22.0,COOLING,25.389,23.095,22.493,23.079,23.514,25.389,22.493,2.896,1125.42,146.93,147.95,146.52,255.0,340.0,255.0,340.0,217.88,347.42,440.63,347.77,-549.65,185.77,174.11,189.77,875.0,875.0,875.0,875.0,173.65,145.12,142.69,149.06,1566.82,1190.0,1353.7,3500.0,610.52,1.0,0.0,0.0,1.0,22.5,TARGETED_WEST_COMPUTE_COOL,21.2772
1,Localized Heavy Compute,0,582,5820.0,14,3,4,3,4,92.13,84.46,HEAVY,286.85,VERY HIGH,HEAVY LOAD,88.99,79.8,HEAVY,275.94,VERY HIGH,HEAVY LOAD,91.8,82.78,HEAVY,283.92,VERY HIGH,HEAVY LOAD,90.18,80.71,HEAVY,278.79,VERY HIGH,HEAVY LOAD,16.21,4.66,LIGHT,72.25,LOW,RUNNING,17.4,5.14,LIGHT,74.46,LOW,RUNNING,14.65,3.95,LIGHT,69.24,LOW,RUNNING,19.22,6.81,LIGHT,79.24,LOW,RUNNING,18.09,4.88,LIGHT,74.93,LOW,RUNNING,16.42,3.91,LIGHT,71.39,LOW,RUNNING,29.93,52.0,321.2,0.25,22.0,COOLING,0.25,22.0,COOLING,0.25,22.0,COOLING,0.25,22.0,COOLING,25.393,23.098,22.496,23.082,23.517,25.393,22.496,2.897,1125.5,146.71,148.48,146.32,255.0,340.0,255.0,340.0,218.08,347.7,440.95,348.05,-549.88,185.88,174.12,189.88,875.0,875.0,875.0,875.0,173.7,145.29,143.55,149.25,1567.01,1190.0,1354.78,3500.0,611.79,1.0,0.0,0.0,1.0,22.5,TARGETED_WEST_COMPUTE_COOL,21.3247
1,Localized Heavy Compute,0,583,5830.0,14,3,4,3,4,92.3,84.56,HEAVY,287.22,VERY HIGH,HEAVY LOAD,89.12,79.77,HEAVY,276.06,VERY HIGH,HEAVY LOAD,91.76,82.66,HEAVY,283.69,VERY HIGH,HEAVY LOAD,90.01,80.6,HEAVY,278.41,VERY HIGH,HEAVY LOAD,16.1,4.62,LIGHT,72.06,LOW,RUNNING,17.41,5.19,LIGHT,74.55,LOW,RUNNING,14.76,4.04,LIGHT,69.51,LOW,RUNNING,19.34,6.86,LIGHT,79.47,LOW,RUNNING,18.1,4.85,LIGHT,74.9,LOW,RUNNING,16.31,3.82,LIGHT,71.12,LOW,RUNNING,29.93,52.0,321.5,0.25,22.0,COOLING,0.25,22.0,COOLING,0.25,22.0,COOLING,0.25,22.0,COOLING,25.397,23.101,22.499,23.085,23.52,25.397,22.499,2.898,1125.38,146.61,148.98,146.02,255.0,340.0,255.0,340.0,218.11,347.83,441.14,348.17,-550.12,185.99,174.14,189.99,875.0,875.0,875.0,875.0,173.37,145.43,144.26,149.18,1566.99,1190.0,1355.25,3500.0,612.24,1.0,0.0,0.0,1.0,22.5,TARGETED_WEST_COMPUTE_COOL,21.372
1,Localized Heavy Compute,0,584,5840.0,14,3,4,3,4,92.48,84.64,HEAVY,287.56,VERY HIGH,HEAVY LOAD,89.21,79.72,HEAVY,276.09,VERY HIGH,HEAVY LOAD,91.69,82.52,HEAVY,283.39,VERY HIGH,HEAVY LOAD,89.83,80.51,HEAVY,278.05,VERY HIGH,HEAVY LOAD,16.01,4.6,LIGHT,71.91,LOW,RUNNING,17.45,5.25,LIGHT,74.69,LOW,RUNNING,14.89,4.13,LIGHT,69.81,LOW,RUNNING,19.44,6.89,LIGHT,79.63,LOW,RUNNING,18.08,4.79,LIGHT,74.78,LOW,RUNNING,16.19,3.73,LIGHT,70.83,LOW,RUNNING,29.93,52.0,321.7,0.25,22.0,COOLING,0.25,22.0,COOLING,0.25,22.0,COOLING,0.25,22.0,COOLING,25.401,23.104,22.502,23.088,23.524,25.401,22.502,2.899,1125.09,146.6,149.44,145.61,255.0,340.0,255.0,340.0,218.1,347.88,441.26,348.23,-550.35,186.1,174.15,190.1,875.0,875.0,875.0,875.0,172.84,145.58,144.85,148.94,1566.74,1190.0,1355.47,3500.0,612.21,1.0,0.0,0.0,1.0,22.5,TARGETED_WEST_COMPUTE_COOL,21.4193
1,Localized Heavy Compute,0,585,5850.0,14,3,4,3,4,92.66,84.68,HEAVY,287.85,VERY HIGH,HEAVY LOAD,89.28,79.64,HEAVY,276.06,VERY HIGH,HEAVY LOAD,91.58,82.39,HEAVY,283.06,VERY HIGH,HEAVY LOAD,89.65,80.44,HEAVY,277.72,VERY HIGH,HEAVY LOAD,15.94,4.6,LIGHT,71.83,LOW,RUNNING,17.51,5.32,LIGHT,74.87,LOW,RUNNING,15.03,4.21,LIGHT,70.1,LOW,RUNNING,19.52,6.9,LIGHT,79.75,LOW,RUNNING,18.03,4.73,LIGHT,74.63,LOW,RUNNING,16.06,3.64,LIGHT,70.53,LOW,RUNNING,29.94,52.0,321.9,0.25,22.0,COOLING,0.25,22.0,COOLING,0.25,22.0,COOLING,0.25,22.0,COOLING,25.405,23.107,22.505,23.091,23.527,25.405,22.505,2.9,1124.69,146.7,149.85,145.16,255.0,340.0,255.0,340.0,218.3,348.16,441.58,348.51,-550.58,186.21,174.17,190.21,875.0,875.0,875.0,875.0,172.41,146.07,145.6,148.88,1566.4,1190.0,1356.55,3500.0,612.96,1.0,0.0,0.0,1.0,22.5,TARGETED_WEST_COMPUTE_COOL,21.4671
1,Localized Heavy Compute,0,586,5860.0,14,3,4,3,4,92.82,84.7,HEAVY,288.07,VERY HIGH,HEAVY LOAD,89.3,79.53,HEAVY,275.92,VERY HIGH,HEAVY LOAD,91.45,82.26,HEAVY,282.7,VERY HIGH,HEAVY LOAD,89.48,80.41,HEAVY,277.47,VERY HIGH,HEAVY LOAD,15.91,4.62,LIGHT,71.82,LOW,RUNNING,17.6,5.41,LIGHT,75.11,LOW,RUNNING,15.16,4.28,LIGHT,70.37,LOW,RUNNING,19.57,6.89,LIGHT,79.8,LOW,RUNNING,17.96,4.65,LIGHT,74.43,LOW,RUNNING,15.92,3.57,LIGHT,70.26,LOW,RUNNING,29.94,52.0,322.1,0.25,22.0,COOLING,0.25,22.0,COOLING,0.25,22.0,COOLING,0.25,22.0,COOLING,25.409,23.11,22.508,23.094,23.53,25.409,22.508,2.901,1124.16,146.93,150.17,144.69,255.0,340.0,255.0,340.0,218.29,348.22,441.69,348.56,-550.82,186.32,174.18,190.32,875.0,875.0,875.0,875.0,171.63,146.47,146.04,148.57,1565.95,1190.0,1356.76,3500.0,612.71,1.0,0.0,0.0,1.0,22.5,TARGETED_WEST_COMPUTE_COOL,21.5149
1,Localized Heavy Compute,0,587,5870.0,14,3,4,3,4,92.96,84.69,HEAVY,288.24,VERY HIGH,HEAVY LOAD,89.28,79.41,HEAVY,275.72,VERY HIGH,HEAVY LOAD,91.29,82.14,HEAVY,282.32,VERY HIGH,HEAVY LOAD,89.33,80.4,HEAVY,277.26,VERY HIGH,HEAVY LOAD,15.9,4.66,LIGHT,71.86,LOW,RUNNING,17.71,5.5,LIGHT,75.39,LOW,RUNNING,15.28,4.33,LIGHT,70.59,LOW,RUNNING,19.6,6.86,LIGHT,79.79,LOW,RUNNING,17.86,4.56,LIGHT,74.17,LOW,RUNNING,15.79,3.5,LIGHT,69.99,LOW,RUNNING,29.95,52.0,322.3,0.25,22.0,COOLING,0.25,22.0,COOLING,0.25,22.0,COOLING,0.25,22.0,COOLING,25.412,23.113,22.511,23.097,23.533,25.412,22.511,2.901,1123.54,147.25,150.38,144.16,255.0,340.0,255.0,340.0,218.49,348.5,442.01,348.84,-551.05,186.43,174.2,190.43,875.0,875.0,875.0,875.0,170.98,147.18,146.59,148.43,1565.33,1190.0,1357.84,3500.0,613.18,1.0,0.0,0.0,1.0,22.5,TARGETED_WEST_COMPUTE_COOL,21.5446
1,Localized Heavy Compute,0,588,5880.0,14,3,4,3,4,93.07,84.65,HEAVY,288.31,VERY HIGH,HEAVY LOAD,89.23,79.28,HEAVY,275.46,VERY HIGH,HEAVY LOAD,91.11,82.05,HEAVY,281.96,VERY HIGH,HEAVY LOAD,89.19,80.42,HEAVY,277.12,VERY HIGH,HEAVY LOAD,15.92,4.72,LIGHT,71.98,LOW,RUNNING,17.83,5.59,LIGHT,75.67,LOW,RUNNING,15.39,4.38,LIGHT,70.81,LOW,RUNNING,19.59,6.82,LIGHT,79.72,LOW,RUNNING,17.75,4.47,LIGHT,73.89,LOW,RUNNING,15.67,3.45,LIGHT,69.76,LOW,RUNNING,29.95,52.0,322.5,0.25,22.0,COOLING,0.25,22.0,COOLING,0.25,22.0,COOLING,0.25,22.0,COOLING,25.415,23.116,22.514,23.1,23.536,25.415,22.514,2.901,1122.85,147.65,150.53,143.65,255.0,340.0,255.0,340.0,218.51,348.56,442.13,348.9,-551.05,186.43,174.2,190.43,875.0,875.0,875.0,875.0,170.31,147.64,146.86,147.98,1564.68,1190.0,1358.1,3500.0,612.79,1.0,0.0,0.0,1.0,22.5,TARGETED_WEST_COMPUTE_COOL,21.5748
1,Localized Heavy Compute,0,589,5890.0,14,3,4,3,4,93.15,84.58,HEAVY,288.31,VERY HIGH,HEAVY LOAD,89.14,79.15,HEAVY,275.15,VERY HIGH,HEAVY LOAD,90.93,81.97,HEAVY,281.62,VERY HIGH,HEAVY LOAD,89.09,80.48,HEAVY,277.08,VERY HIGH,HEAVY LOAD,15.98,4.79,LIGHT,72.16,LOW,RUNNING,17.96,5.67,LIGHT,75.95,LOW,RUNNING,15.48,4.4,LIGHT,70.95,LOW,RUNNING,19.56,6.76,LIGHT,79.59,LOW,RUNNING,17.62,4.38,LIGHT,73.59,LOW,RUNNING,15.57,3.41,LIGHT,69.58,LOW,RUNNING,29.95,52.0,322.7,0.25,22.0,COOLING,0.25,22.0,COOLING,0.25,22.0,COOLING,0.25,22.0,COOLING,25.418,23.119,22.517,23.103,23.539,25.418,22.517,2.901,1122.16,148.11,150.54,143.17,255.0,340.0,255.0,340.0,218.51,348.62,442.23,348.96,-551.05,186.43,174.2,190.43,875.0,875.0,875.0,875.0,169.62,148.16,146.97,147.56,1563.98,1190.0,1358.32,3500.0,612.31,1.0,0.0,0.0,1.0,22.5,TARGETED_WEST_COMPUTE_COOL,21.6054
1,Localized Heavy Compute,0,590,5900.0,14,3,4,3,4,93.19,84.48,HEAVY,288.21,VERY HIGH,HEAVY LOAD,89.01,79.02,HEAVY,274.79,VERY HIGH,HEAVY LOAD,90.76,81.92,HEAVY,281.33,VERY HIGH,HEAVY LOAD,89.03,80.56,HEAVY,277.13,VERY HIGH,HEAVY LOAD,16.06,4.87,LIGHT,72.38,LOW,RUNNING,18.1,5.75,LIGHT,76.25,LOW,RUNNING,15.55,4.4,LIGHT,71.04,LOW,RUNNING,19.5,6.68,LIGHT,79.39,LOW,RUNNING,17.49,4.3,LIGHT,73.31,LOW,RUNNING,15.49,3.4,LIGHT,69.46,LOW,RUNNING,29.96,52.0,322.9,0.25,22.0,COOLING,0.25,22.0,COOLING,0.25,22.0,COOLING,0.25,22.0,COOLING,25.421,23.122,22.52,23.106,23.542,25.421,22.52,2.901,1121.46,148.63,150.43,142.77,255.0,340.0,255.0,340.0,218.74,348.89,442.56,349.24,-551.05,186.43,174.2,190.43,875.0,875.0,875.0,875.0,169.15,148.95,147.19,147.44,1563.29,1190.0,1359.43,3500.0,612.73,1.0,0.0,0.0,1.0,22.5,TARGETED_WEST_COMPUTE_COOL,21.6367
1,Localized Heavy Compute,0,591,5910.0,14,3,4,3,4,93.2,84.37,HEAVY,288.06,VERY HIGH,HEAVY LOAD,88.86,78.9,HEAVY,274.43,VERY HIGH,HEAVY LOAD,90.59,81.9,HEAVY,281.09,VERY HIGH,HEAVY LOAD,89.0,80.66,HEAVY,277.24,VERY HIGH,HEAVY LOAD,16.16,4.96,LIGHT,72.64,LOW,RUNNING,18.23,5.81,LIGHT,76.5,LOW,RUNNING,15.59,4.38,LIGHT,71.06,LOW,RUNNING,19.41,6.6,LIGHT,79.16,LOW,RUNNING,17.35,4.23,LIGHT,73.03,LOW,RUNNING,15.43,3.41,LIGHT,69.4,LOW,RUNNING,29.96,52.0,323.1,0.25,22.0,COOLING,0.25,22.0,COOLING,0.25,22.0,COOLING,0.25,22.0,COOLING,25.424,23.125,22.523,23.109,23.545,25.424,22.523,2.901,1120.82,149.14,150.22,142.43,255.0,340.0,255.0,340.0,218.75,348.96,442.67,349.3,-551.05,186.43,174.2,190.43,875.0,875.0,875.0,875.0,168.52,149.53,147.09,147.16,1562.61,1190.0,1359.68,3500.0,612.3,1.0,0.0,0.0,1.0,22.5,TARGETED_WEST_COMPUTE_COOL,21.6683
1,Localized Heavy Compute,0,592,5920.0,14,3,4,3,4,93.16,84.24,HEAVY,287.81,VERY HIGH,HEAVY LOAD,88.69,78.79,HEAVY,274.05,VERY HIGH,HEAVY LOAD,90.45,81.91,HEAVY,280.93,VERY HIGH,HEAVY LOAD,89.01,80.77,HEAVY,277.42,VERY HIGH,HEAVY LOAD,16.27,5.05,LIGHT,72.91,LOW,RUNNING,18.35,5.86,LIGHT,76.73,LOW,RUNNING,15.6,4.34,LIGHT,71.01,LOW,RUNNING,19.3,6.51,LIGHT,78.89,LOW,RUNNING,17.23,4.17,LIGHT,72.79,LOW,RUNNING,15.4,3.43,LIGHT,69.39,LOW,RUNNING,29.97,52.0,323.3,0.25,22.0,COOLING,0.25,22.0,COOLING,0.25,22.0,COOLING,0.25,22.0,COOLING,25.427,23.128,22.526,23.112,23.548,25.427,22.526,2.901,1120.21,149.64,149.9,142.18,255.0,340.0,255.0,340.0,218.98,349.23,443.0,349.57,-551.05,186.43,174.2,190.43,875.0,875.0,875.0,875.0,168.14,150.3,147.1,147.18,1561.93,1190.0,1360.78,3500.0,612.72,1.0,0.0,0.0,1.0,22.5,TARGETED_WEST_COMPUTE_COOL,21.7005
1,Localized Heavy Compute,0,593,5930.0,14,3,4,3,4,93.08,84.11,HEAVY,287.51,VERY HIGH,HEAVY LOAD,88.52,78.7,HEAVY,273.7,VERY HIGH,HEAVY LOAD,90.34,81.95,HEAVY,280.85,VERY HIGH,HEAVY LOAD,89.07,80.9,HEAVY,277.69,VERY HIGH,HEAVY LOAD,16.4,5.13,LIGHT,73.19,LOW,RUNNING,18.45,5.89,LIGHT,76.9,LOW,RUNNING,15.58,4.29,LIGHT,70.91,LOW,RUNNING,19.18,6.42,LIGHT,78.6,LOW,RUNNING,17.11,4.13,LIGHT,72.58,LOW,RUNNING,15.4,3.48,LIGHT,69.47,LOW,RUNNING,29.97,52.0,323.5,0.25,22.0,COOLING,0.25,22.0,COOLING,0.25,22.0,COOLING,0.25,22.0,COOLING,25.43,23.131,22.529,23.115,23.551,25.43,22.529,2.901,1119.75,150.09,149.51,142.05,255.0,340.0,255.0,340.0,218.98,349.29,443.11,349.64,-551.06,186.43,174.19,190.43,875.0,875.0,875.0,875.0,167.67,150.81,146.81,147.12,1561.4,1190.0,1361.02,3500.0,612.41,1.0,0.0,0.0,1.0,22.5,TARGETED_WEST_COMPUTE_COOL,21.7331
1,Localized Heavy Compute,0,594,5940.0,14,3,4,3,4,92.97,83.98,HEAVY,287.18,VERY HIGH,HEAVY LOAD,88.34,78.64,HEAVY,273.38,VERY HIGH,HEAVY LOAD,90.25,82.02,HEAVY,280.84,VERY HIGH,HEAVY LOAD,89.16,81.04,HEAVY,278.01,VERY HIGH,HEAVY LOAD,16.54,5.21,LIGHT,73.49,LOW,RUNNING,18.52,5.9,LIGHT,77.0,LOW,RUNNING,15.53,4.22,LIGHT,70.74,LOW,RUNNING,19.05,6.34,LIGHT,78.32,LOW,RUNNING,17.02,4.1,LIGHT,72.43,LOW,RUNNING,15.44,3.54,LIGHT,69.61,LOW,RUNNING,29.98,52.0,323.8,0.25,22.0,COOLING,0.25,22.0,COOLING,0.25,22.0,COOLING,0.25,22.0,COOLING,25.433,23.134,22.532,23.118,23.554,25.433,22.532,2.901,1119.41,150.49,149.06,142.04,255.0,340.0,255.0,340.0,219.25,349.63,443.52,349.98,-551.06,186.43,174.19,190.43,875.0,875.0,875.0,875.0,167.6,151.55,146.77,147.45,1561.0,1190.0,1362.38,3500.0,613.37,1.0,0.0,0.0,1.0,22.5,TARGETED_WEST_COMPUTE_COOL,21.7667
1,Localized Heavy Compute,0,595,5950.0,14,3,4,3,4,92.83,83.85,HEAVY,286.81,VERY HIGH,HEAVY LOAD,88.17,78.61,HEAVY,273.13,VERY HIGH,HEAVY LOAD,90.21,82.11,HEAVY,280.93,VERY HIGH,HEAVY LOAD,89.28,81.17,HEAVY,278.36,VERY HIGH,HEAVY LOAD,16.67,5.28,LIGHT,73.76,LOW,RUNNING,18.58,5.89,LIGHT,77.06,LOW,RUNNING,15.45,4.14,LIGHT,70.52,LOW,RUNNING,18.91,6.26,LIGHT,78.03,LOW,RUNNING,16.95,4.1,LIGHT,72.34,LOW,RUNNING,15.5,3.61,LIGHT,69.79,LOW,RUNNING,29.98,52.0,324.0,0.25,22.0,COOLING,0.25,22.0,COOLING,0.25,22.0,COOLING,0.25,22.0,COOLING,25.436,23.137,22.535,23.121,23.557,25.436,22.535,2.901,1119.23,150.82,148.55,142.13,255.0,340.0,255.0,340.0,219.26,349.69,443.63,350.03,-551.06,186.43,174.19,190.43,875.0,875.0,875.0,875.0,167.43,151.94,146.37,147.59,1560.73,1190.0,1362.61,3500.0,613.33,1.0,0.0,0.0,1.0,22.5,TARGETED_WEST_COMPUTE_COOL,21.8007
1,Localized Heavy Compute,0,596,5960.0,14,3,4,3,4,92.67,83.74,HEAVY,286.45,VERY HIGH,HEAVY LOAD,88.01,78.6,HEAVY,272.91,VERY HIGH,HEAVY LOAD,90.2,82.22,HEAVY,281.08,VERY HIGH,HEAVY LOAD,89.42,81.29,HEAVY,278.71,VERY HIGH,HEAVY LOAD,16.79,5.34,LIGHT,74.0,LOW,RUNNING,18.6,5.86,LIGHT,77.04,LOW,RUNNING,15.35,4.05,LIGHT,70.26,LOW,RUNNING,18.78,6.19,LIGHT,77.76,LOW,RUNNING,16.91,4.12,LIGHT,72.32,LOW,RUNNING,15.58,3.69,LIGHT,70.01,LOW,RUNNING,29.98,52.0,324.2,0.25,22.0,COOLING,0.25,22.0,COOLING,0.25,22.0,COOLING,0.25,22.0,COOLING,25.439,23.14,22.538,23.124,23.56,25.439,22.538,2.901,1119.15,151.04,148.02,142.33,255.0,340.0,255.0,340.0,219.27,349.74,443.74,350.09,-551.06,186.43,174.19,190.43,875.0,875.0,875.0,875.0,167.36,152.21,145.95,147.85,1560.54,1190.0,1362.84,3500.0,613.37,1.0,0.0,0.0,1.0,22.5,TARGETED_WEST_COMPUTE_COOL,21.8352
1,Localized Heavy Compute,0,597,5970.0,14,3,4,3,4,92.5,83.64,HEAVY,286.09,VERY HIGH,HEAVY LOAD,87.88,78.63,HEAVY,272.79,VERY HIGH,HEAVY LOAD,90.24,82.34,HEAVY,281.31,VERY HIGH,HEAVY LOAD,89.59,81.4,HEAVY,279.09,VERY HIGH,HEAVY LOAD,16.9,5.38,LIGHT,74.19,LOW,RUNNING,18.59,5.81,LIGHT,76.95,LOW,RUNNING,15.24,3.96,LIGHT,69.99,LOW,RUNNING,18.66,6.14,LIGHT,77.53,LOW,RUNNING,16.9,4.15,LIGHT,72.35,LOW,RUNNING,15.69,3.78,LIGHT,70.28,LOW,RUNNING,29.99,52.0,324.4,0.25,22.0,COOLING,0.25,22.0,COOLING,0.25,22.0,COOLING,0.25,22.0,COOLING,25.442,23.143,22.541,23.127,23.563,25.442,22.541,2.901,1119.28,151.14,147.52,142.63,255.0,340.0,255.0,340.0,219.5,350.02,444.07,350.37,-551.06,186.43,174.19,190.43,875.0,875.0,875.0,875.0,167.72,152.59,145.78,148.43,1560.57,1190.0,1363.96,3500.0,614.52,1.0,0.0,0.0,1.0,22.5,TARGETED_WEST_COMPUTE_COOL,21.8707
1,Localized Heavy Compute,0,598,5980.0,14,3,4,3,4,92.32,83.56,HEAVY,285.74,VERY HIGH,HEAVY LOAD,87.79,78.68,HEAVY,272.76,VERY HIGH,HEAVY LOAD,90.31,82.48,HEAVY,281.61,VERY HIGH,HEAVY LOAD,89.77,81.49,HEAVY,279.45,VERY HIGH,HEAVY LOAD,16.99,5.4,LIGHT,74.34,LOW,RUNNING,18.55,5.75,LIGHT,76.81,LOW,RUNNING,15.11,3.87,LIGHT,69.69,LOW,RUNNING,18.56,6.11,LIGHT,77.37,LOW,RUNNING,16.92,4.21,LIGHT,72.47,LOW,RUNNING,15.81,3.87,LIGHT,70.57,LOW,RUNNING,29.99,52.0,324.6,0.25,22.0,COOLING,0.25,22.0,COOLING,0.25,22.0,COOLING,0.25,22.0,COOLING,25.445,23.146,22.544,23.13,23.566,25.445,22.544,2.901,1119.56,151.15,147.06,143.04,255.0,340.0,255.0,340.0,219.5,350.09,444.17,350.43,-551.06,186.43,174.19,190.43,875.0,875.0,875.0,875.0,168.0,152.67,145.42,148.9,1560.81,1190.0,1364.19,3500.0,614.99,1.0,0.0,0.0,1.0,22.5,TARGETED_WEST_COMPUTE_COOL,21.9064
1,Localized Heavy Compute,0,599,5990.0,14,3,4,3,4,92.14,83.52,HEAVY,285.45,VERY HIGH,HEAVY LOAD,87.72,78.76,HEAVY,272.79,VERY HIGH,HEAVY LOAD,90.42,82.61,HEAVY,281.94,VERY HIGH,HEAVY LOAD,89.95,81.56,HEAVY,279.78,VERY HIGH,HEAVY LOAD,17.06,5.4,LIGHT,74.42,LOW,RUNNING,18.49,5.68,LIGHT,76.63,LOW,RUNNING,14.97,3.79,LIGHT,69.4,LOW,RUNNING,18.48,6.1,LIGHT,77.25,LOW,RUNNING,16.97,4.27,LIGHT,72.62,LOW,RUNNING,15.94,3.96,LIGHT,70.86,LOW,RUNNING,30.0,52.0,324.8,0.25,22.0,COOLING,0.25,22.0,COOLING,0.25,22.0,COOLING,0.25,22.0,COOLING,25.448,23.149,22.547,23.133,23.569,25.448,22.547,2.901,1119.96,151.05,146.65,143.48,255.0,340.0,255.0,340.0,219.73,350.36,444.5,350.71,-551.06,186.43,174.19,190.43,875.0,875.0,875.0,875.0,168.63,152.84,145.34,149.62,1561.14,1190.0,1365.3,3500.0,616.43,1.0,0.0,0.0,1.0,22.5,TARGETED_WEST_COMPUTE_COOL,21.9429
1,Localized Heavy Compute,0,600,6000.0,14,3,4,3,4,91.98,83.5,HEAVY,285.23,VERY HIGH,HEAVY LOAD,87.7,78.87,HEAVY,272.93,VERY HIGH,HEAVY LOAD,90.55,82.74,HEAVY,282.3,VERY HIGH,HEAVY LOAD,90.12,81.59,HEAVY,280.04,VERY HIGH,HEAVY LOAD,17.09,5.38,LIGHT,74.43,LOW,RUNNING,18.4,5.59,LIGHT,76.39,LOW,RUNNING,14.84,3.72,LIGHT,69.13,LOW,RUNNING,18.43,6.11,LIGHT,77.2,LOW,RUNNING,17.04,4.35,LIGHT,72.83,LOW,RUNNING,16.08,4.03,LIGHT,71.14,LOW,RUNNING,30.0,52.0,325.0,0.25,22.0,COOLING,0.25,22.0,COOLING,0.25,22.0,COOLING,0.25,22.0,COOLING,25.451,23.152,22.55,23.136,23.572,25.451,22.55,2.901,1120.5,150.82,146.33,143.97,255.0,340.0,255.0,340.0,219.75,350.42,444.62,350.76,-551.06,186.43,174.19,190.43,875.0,875.0,875.0,875.0,169.19,152.67,145.14,150.16,1561.62,1190.0,1365.55,3500.0,617.16,1.0,0.0,0.0,1.0,22.5,TARGETED_WEST_COMPUTE_COOL,21.9796
1,Localized Heavy Compute,0,601,6010.0,14,3,4,3,4,91.84,83.51,HEAVY,285.07,VERY HIGH,HEAVY LOAD,87.72,78.99,HEAVY,273.13,VERY HIGH,HEAVY LOAD,90.71,82.86,HEAVY,282.68,VERY HIGH,HEAVY LOAD,90.27,81.6,HEAVY,280.24,VERY HIGH,HEAVY LOAD,17.1,5.34,LIGHT,74.39,LOW,RUNNING,18.29,5.5,LIGHT,76.11,LOW,RUNNING,14.72,3.67,LIGHT,68.91,LOW,RUNNING,18.4,6.14,LIGHT,77.21,LOW,RUNNING,17.14,4.44,LIGHT,73.08,LOW,RUNNING,16.21,4.1,LIGHT,71.41,LOW,RUNNING,30.0,52.0,325.2,0.25,22.0,COOLING,0.25,22.0,COOLING,0.25,22.0,COOLING,0.25,22.0,COOLING,25.454,23.155,22.553,23.139,23.575,25.454,22.553,2.901,1121.12,150.5,146.12,144.49,255.0,340.0,255.0,340.0,219.75,350.48,444.72,350.83,-551.06,186.43,174.19,190.43,875.0,875.0,875.0,875.0,169.81,152.41,145.03,150.75,1562.23,1190.0,1365.78,3500.0,618.0,1.0,0.0,0.0,1.0,22.5,TARGETED_WEST_COMPUTE_COOL,22.0166
1,Localized Heavy Compute,0,602,6020.0,14,3,4,3,4,91.73,83.55,HEAVY,284.99,VERY HIGH,HEAVY LOAD,87.77,79.12,HEAVY,273.39,VERY HIGH,HEAVY LOAD,90.89,82.95,HEAVY,283.04,VERY HIGH,HEAVY LOAD,90.41,81.58,HEAVY,280.38,VERY HIGH,HEAVY LOAD,17.08,5.28,LIGHT,74.27,LOW,RUNNING,18.17,5.41,LIGHT,75.83,LOW,RUNNING,14.61,3.62,LIGHT,68.69,LOW,RUNNING,18.41,6.18,LIGHT,77.28,LOW,RUNNING,17.25,4.53,LIGHT,73.36,LOW,RUNNING,16.33,4.15,LIGHT,71.64,LOW,RUNNING,30.01,52.0,325.4,0.25,22.0,COOLING,0.25,22.0,COOLING,0.25,22.0,COOLING,0.25,22.0,COOLING,25.457,23.158,22.556,23.142,23.578,25.457,22.556,2.901,1121.8,150.1,145.97,145.0,255.0,340.0,255.0,340.0,219.97,350.76,445.05,351.11,-551.06,186.43,174.19,190.43,875.0,875.0,875.0,875.0,170.71,152.29,145.21,151.54,1562.87,1190.0,1366.89,3500.0,619.75,1.0,0.0,0.0,1.0,22.5,TARGETED_WEST_COMPUTE_COOL,22.0543
1,Localized Heavy Compute,0,603,6030.0,14,3,4,3,4,91.65,83.62,HEAVY,284.99,VERY HIGH,HEAVY LOAD,87.86,79.25,HEAVY,273.7,VERY HIGH,HEAVY LOAD,91.07,83.03,HEAVY,283.38,VERY HIGH,HEAVY LOAD,90.51,81.52,HEAVY,280.42,VERY HIGH,HEAVY LOAD,17.02,5.21,LIGHT,74.09,LOW,RUNNING,18.04,5.33,LIGHT,75.55,LOW,RUNNING,14.52,3.6,LIGHT,68.55,LOW,RUNNING,18.44,6.24,LIGHT,77.41,LOW,RUNNING,17.38,4.62,LIGHT,73.66,LOW,RUNNING,16.43,4.19,LIGHT,71.82,LOW,RUNNING,30.01,52.0,325.6,0.25,22.0,COOLING,0.25,22.0,COOLING,0.25,22.0,COOLING,0.25,22.0,COOLING,25.46,23.161,22.559,23.145,23.581,25.46,22.559,2.901,1122.49,149.64,145.96,145.48,255.0,340.0,255.0,340.0,219.99,350.82,445.16,351.16,-551.06,186.43,174.19,190.43,875.0,875.0,875.0,875.0,171.42,151.89,145.31,152.07,1563.57,1190.0,1367.13,3500.0,620.69,1.0,0.0,0.0,1.0,22.5,TARGETED_WEST_COMPUTE_COOL,22.0917
1,Localized Heavy Compute,0,604,6040.0,14,3,4,3,4,91.61,83.72,HEAVY,285.09,VERY HIGH,HEAVY LOAD,87.99,79.38,HEAVY,274.06,VERY HIGH,HEAVY LOAD,91.24,83.08,HEAVY,283.67,VERY HIGH,HEAVY LOAD,90.57,81.44,HEAVY,280.37,VERY HIGH,HEAVY LOAD,16.94,5.13,LIGHT,73.87,LOW,RUNNING,17.9,5.25,LIGHT,75.25,LOW,RUNNING,14.45,3.6,LIGHT,68.46,LOW,RUNNING,18.5,6.32,LIGHT,77.61,LOW,RUNNING,17.51,4.7,LIGHT,73.94,LOW,RUNNING,16.51,4.2,LIGHT,71.94,LOW,RUNNING,30.02,52.0,325.8,0.25,22.0,COOLING,0.25,22.0,COOLING,0.25,22.0,COOLING,0.25,22.0,COOLING,25.464,23.164,22.562,23.148,23.584,25.464,22.562,2.902,1123.19,149.12,146.07,145.88,255.0,340.0,255.0,340.0,220.21,351.09,445.48,351.43,-551.06,186.43,174.19,190.43,875.0,875.0,875.0,875.0,172.34,151.64,145.74,152.74,1564.26,1190.0,1368.21,3500.0,622.46,1.0,0.0,0.0,1.0,22.5,TARGETED_WEST_COMPUTE_COOL,22.1494
1,Localized Heavy Compute,0,605,6050.0,14,3,4,3,4,91.6,83.83,HEAVY,285.25,VERY HIGH,HEAVY LOAD,88.14,79.5,HEAVY,274.43,VERY HIGH,HEAVY LOAD,91.41,83.1,HEAVY,283.91,VERY HIGH,HEAVY LOAD,90.6,81.34,HEAVY,280.26,VERY HIGH,HEAVY LOAD,16.84,5.04,LIGHT,73.61,LOW,RUNNING,17.77,5.19,LIGHT,75.0,LOW,RUNNING,14.41,3.62,LIGHT,68.44,LOW,RUNNING,18.59,6.4,LIGHT,77.84,LOW,RUNNING,17.65,4.77,LIGHT,74.22,LOW,RUNNING,16.57,4.19,LIGHT,72.0,LOW,RUNNING,30.02,52.0,326.0,0.25,22.0,COOLING,0.25,22.0,COOLING,0.25,22.0,COOLING,0.25,22.0,COOLING,25.468,23.167,22.565,23.151,23.588,25.468,22.565,2.903,1123.85,148.61,146.28,146.22,255.0,340.0,255.0,340.0,220.2,351.15,445.6,351.5,-551.29,186.54,174.21,190.54,875.0,875.0,875.0,875.0,172.76,151.3,146.09,153.26,1564.96,1190.0,1368.45,3500.0,623.41,1.0,0.0,0.0,1.0,22.5,TARGETED_WEST_COMPUTE_COOL,22.2063
1,Localized Heavy Compute,0,606,6060.0,14,3,4,3,4,91.64,83.96,HEAVY,285.49,VERY HIGH,HEAVY LOAD,88.31,79.61,HEAVY,274.8,VERY HIGH,HEAVY LOAD,91.55,83.09,HEAVY,284.07,VERY HIGH,HEAVY LOAD,90.59,81.23,HEAVY,280.08,VERY HIGH,HEAVY LOAD,16.73,4.95,LIGHT,73.34,LOW,RUNNING,17.65,5.14,LIGHT,74.77,LOW,RUNNING,14.4,3.66,LIGHT,68.49,LOW,RUNNING,18.7,6.49,LIGHT,78.11,LOW,RUNNING,17.77,4.83,LIGHT,74.46,LOW,RUNNING,16.6,4.17,LIGHT,72.0,LOW,RUNNING,30.02,52.0,326.2,0.25,22.0,COOLING,0.25,22.0,COOLING,0.25,22.0,COOLING,0.25,22.0,COOLING,25.472,23.17,22.568,23.154,23.591,25.472,22.568,2.904,1124.44,148.11,146.6,146.46,255.0,340.0,255.0,340.0,220.19,351.22,445.7,351.56,-551.52,186.65,174.22,190.65,875.0,875.0,875.0,875.0,173.11,150.98,146.52,153.67,1565.61,1190.0,1368.67,3500.0,624.28,1.0,0.0,0.0,1.0,22.5,TARGETED_WEST_COMPUTE_COOL,22.2634
1,Localized Heavy Compute,0,607,6070.0,14,3,4,3,4,91.72,84.09,HEAVY,285.78,VERY HIGH,HEAVY LOAD,88.48,79.7,HEAVY,275.15,VERY HIGH,HEAVY LOAD,91.66,83.05,HEAVY,284.15,VERY HIGH,HEAVY LOAD,90.53,81.1,HEAVY,279.81,VERY HIGH,HEAVY LOAD,16.6,4.87,LIGHT,73.06,LOW,RUNNING,17.55,5.11,LIGHT,74.6,LOW,RUNNING,14.42,3.71,LIGHT,68.59,LOW,RUNNING,18.82,6.58,LIGHT,78.4,LOW,RUNNING,17.89,4.87,LIGHT,74.67,LOW,RUNNING,16.6,4.12,LIGHT,71.93,LOW,RUNNING,30.03,52.0,326.5,0.25,22.0,COOLING,0.25,22.0,COOLING,0.25,22.0,COOLING,0.25,22.0,COOLING,25.476,23.173,22.571,23.157,23.594,25.476,22.571,2.905,1124.89,147.66,146.99,146.6,255.0,340.0,255.0,340.0,220.44,351.55,446.12,351.89,-551.76,186.76,174.24,190.76,875.0,875.0,875.0,875.0,173.57,150.97,147.35,154.25,1566.14,1190.0,1370.0,3500.0,626.14,1.0,0.0,0.0,1.0,22.5,TARGETED_WEST_COMPUTE_COOL,22.3207
1,Localized Heavy Compute,0,608,6080.0,14,3,4,3,4,91.83,84.22,HEAVY,286.12,VERY HIGH,HEAVY LOAD,88.66,79.76,HEAVY,275.47,VERY HIGH,HEAVY LOAD,91.75,82.98,HEAVY,284.16,VERY HIGH,HEAVY LOAD,90.44,80.96,HEAVY,279.49,VERY HIGH,HEAVY LOAD,16.46,4.79,LIGHT,72.76,LOW,RUNNING,17.48,5.1,LIGHT,74.5,LOW,RUNNING,14.47,3.78,LIGHT,68.76,LOW,RUNNING,18.95,6.66,LIGHT,78.68,LOW,RUNNING,17.98,4.9,LIGHT,74.82,LOW,RUNNING,16.56,4.06,LIGHT,71.79,LOW,RUNNING,30.03,52.0,326.7,0.25,22.0,COOLING,0.25,22.0,COOLING,0.25,22.0,COOLING,0.25,22.0,COOLING,25.48,23.176,22.574,23.16,23.598,25.48,22.574,2.906,1125.24,147.26,147.44,146.61,255.0,340.0,255.0,340.0,220.42,351.62,446.23,351.96,-551.99,186.87,174.25,190.87,875.0,875.0,875.0,875.0,173.67,150.75,147.92,154.44,1566.55,1190.0,1370.23,3500.0,626.78,1.0,0.0,0.0,1.0,22.5,TARGETED_WEST_COMPUTE_COOL,22.3778
1,Localized Heavy Compute,0,609,6090.0,14,3,4,3,4,91.97,84.35,HEAVY,286.49,VERY HIGH,HEAVY LOAD,88.83,79.79,HEAVY,275.72,VERY HIGH,HEAVY LOAD,91.79,82.89,HEAVY,284.07,VERY HIGH,HEAVY LOAD,90.32,80.83,HEAVY,279.14,VERY HIGH,HEAVY LOAD,16.33,4.72,LIGHT,72.49,LOW,RUNNING,17.42,5.11,LIGHT,74.44,LOW,RUNNING,14.55,3.86,LIGHT,68.98,LOW,RUNNING,19.09,6.74,LIGHT,78.97,LOW,RUNNING,18.05,4.9,LIGHT,74.91,LOW,RUNNING,16.5,3.99,LIGHT,71.61,LOW,RUNNING,30.04,52.0,326.9,0.25,22.0,COOLING,0.25,22.0,COOLING,0.25,22.0,COOLING,0.25,22.0,COOLING,25.484,23.179,22.577,23.163,23.601,25.484,22.577,2.907,1125.42,146.93,147.95,146.52,255.0,340.0,255.0,340.0,220.63,351.89,446.56,352.23,-552.23,186.98,174.27,190.98,875.0,875.0,875.0,875.0,173.82,150.8,148.78,154.73,1566.82,1190.0,1371.31,3500.0,628.13,1.0,0.0,0.0,1.0,22.5,TARGETED_WEST_COMPUTE_COOL,22.4351
1,Localized Heavy Compute,0,610,6100.0,14,3,4,3,4,92.13,84.46,HEAVY,286.85,VERY HIGH,HEAVY LOAD,88.99,79.8,HEAVY,275.94,VERY HIGH,HEAVY LOAD,91.8,82.78,HEAVY,283.92,VERY HIGH,HEAVY LOAD,90.18,80.71,HEAVY,278.79,VERY HIGH,HEAVY LOAD,16.21,4.66,LIGHT,72.25,LOW,RUNNING,17.4,5.14,LIGHT,74.46,LOW,RUNNING,14.65,3.95,LIGHT,69.24,LOW,RUNNING,19.22,6.81,LIGHT,79.24,LOW,RUNNING,18.09,4.88,LIGHT,74.93,LOW,RUNNING,16.42,3.91,LIGHT,71.39,LOW,RUNNING,30.04,52.0,327.1,0.25,22.0,COOLING,0.25,22.0,COOLING,0.25,22.0,COOLING,0.25,22.0,COOLING,25.488,23.182,22.58,23.166,23.604,25.488,22.58,2.908,1125.5,146.71,148.48,146.32,255.0,340.0,255.0,340.0,220.61,351.95,446.66,352.3,-552.47,187.09,174.28,191.09,875.0,875.0,875.0,875.0,173.64,150.75,149.42,154.71,1567.01,1190.0,1371.52,3500.0,628.52,1.0,0.0,0.0,1.0,22.5,TARGETED_WEST_COMPUTE_COOL,22.4923
1,Localized Heavy Compute,0,611,6110.0,14,3,4,3,4,92.3,84.56,HEAVY,287.22,VERY HIGH,HEAVY LOAD,89.12,79.77,HEAVY,276.06,VERY HIGH,HEAVY LOAD,91.76,82.66,HEAVY,283.69,VERY HIGH,HEAVY LOAD,90.01,80.6,HEAVY,278.41,VERY HIGH,HEAVY LOAD,16.1,4.62,LIGHT,72.06,LOW,RUNNING,17.41,5.19,LIGHT,74.55,LOW,RUNNING,14.76,4.04,LIGHT,69.51,LOW,RUNNING,19.34,6.86,LIGHT,79.47,LOW,RUNNING,18.1,4.85,LIGHT,74.9,LOW,RUNNING,16.31,3.82,LIGHT,71.12,LOW,RUNNING,30.05,52.0,327.3,0.25,22.0,COOLING,0.25,22.0,COOLING,0.25,22.0,COOLING,0.25,22.0,COOLING,25.492,23.185,22.583,23.169,23.607,25.492,22.583,2.909,1125.38,146.61,148.98,146.02,255.0,340.0,255.0,340.0,220.82,352.22,447.0,352.57,-552.7,187.2,174.3,191.2,875.0,875.0,875.0,875.0,173.5,151.03,150.28,154.79,1566.99,1190.0,1372.61,3500.0,629.6,1.0,0.0,0.0,1.0,22.5,TARGETED_WEST_COMPUTE_COOL,22.5497
1,Localized Heavy Compute,0,612,6120.0,14,3,4,3,4,92.48,84.64,HEAVY,287.56,VERY HIGH,HEAVY LOAD,89.21,79.72,HEAVY,276.09,VERY HIGH,HEAVY LOAD,91.69,82.52,HEAVY,283.39,VERY HIGH,HEAVY LOAD,89.83,80.51,HEAVY,278.05,VERY HIGH,HEAVY LOAD,16.01,4.6,LIGHT,71.91,LOW,RUNNING,17.45,5.25,LIGHT,74.69,LOW,RUNNING,14.89,4.13,LIGHT,69.81,LOW,RUNNING,19.44,6.89,LIGHT,79.63,LOW,RUNNING,18.08,4.79,LIGHT,74.78,LOW,RUNNING,16.19,3.73,LIGHT,70.83,LOW,RUNNING,30.05,52.0,327.5,0.25,22.0,COOLING,0.25,22.0,COOLING,0.25,22.0,COOLING,0.25,22.0,COOLING,25.496,23.188,22.586,23.172,23.61,25.496,22.586,2.91,1125.09,146.6,149.44,145.61,255.0,340.0,255.0,340.0,220.81,352.29,447.1,352.63,-552.94,187.31,174.32,191.31,875.0,875.0,875.0,875.0,172.96,151.2,150.86,154.55,1566.74,1190.0,1372.83,3500.0,629.57,1.0,0.0,0.0,1.0,22.5,TARGETED_WEST_COMPUTE_COOL,22.6068
1,Localized Heavy Compute,0,613,6130.0,14,3,4,3,4,92.66,84.68,HEAVY,287.85,VERY HIGH,HEAVY LOAD,89.28,79.64,HEAVY,276.06,VERY HIGH,HEAVY LOAD,91.58,82.39,HEAVY,283.06,VERY HIGH,HEAVY LOAD,89.65,80.44,HEAVY,277.72,VERY HIGH,HEAVY LOAD,15.94,4.6,LIGHT,71.83,LOW,RUNNING,17.51,5.32,LIGHT,74.87,LOW,RUNNING,15.03,4.21,LIGHT,70.1,LOW,RUNNING,19.52,6.9,LIGHT,79.75,LOW,RUNNING,18.03,4.73,LIGHT,74.63,LOW,RUNNING,16.06,3.64,LIGHT,70.53,LOW,RUNNING,30.05,52.0,327.7,0.25,22.0,COOLING,0.25,22.0,COOLING,0.25,22.0,COOLING,0.25,22.0,COOLING,25.5,23.191,22.589,23.175,23.614,25.5,22.589,2.911,1124.69,146.7,149.85,145.16,255.0,340.0,255.0,340.0,220.8,352.34,447.22,352.69,-553.17,187.42,174.33,191.42,875.0,875.0,875.0,875.0,172.32,151.46,151.4,154.27,1566.4,1190.0,1373.05,3500.0,629.45,1.0,0.0,0.0,1.0,22.5,TARGETED_WEST_COMPUTE_COOL,22.6641
1,Localized Heavy Compute,0,614,6140.0,14,3,4,3,4,92.82,84.7,HEAVY,288.07,VERY HIGH,HEAVY LOAD,89.3,79.53,HEAVY,275.92,VERY HIGH,HEAVY LOAD,91.45,82.26,HEAVY,282.7,VERY HIGH,HEAVY LOAD,89.48,80.41,HEAVY,277.47,VERY HIGH,HEAVY LOAD,15.91,4.62,LIGHT,71.82,LOW,RUNNING,17.6,5.41,LIGHT,75.11,LOW,RUNNING,15.16,4.28,LIGHT,70.37,LOW,RUNNING,19.57,6.89,LIGHT,79.8,LOW,RUNNING,17.96,4.65,LIGHT,74.43,LOW,RUNNING,15.92,3.57,LIGHT,70.26,LOW,RUNNING,30.06,52.0,327.9,0.25,22.0,COOLING,0.25,22.0,COOLING,0.25,22.0,COOLING,0.25,22.0,COOLING,25.504,23.194,22.592,23.178,23.617,25.504,22.592,2.912,1124.16,146.93,150.17,144.69,255.0,340.0,255.0,340.0,221.0,352.62,447.54,352.97,-553.4,187.53,174.35,191.53,875.0,875.0,875.0,875.0,171.76,152.08,152.06,154.19,1565.95,1190.0,1374.13,3500.0,630.09,1.0,0.0,0.0,1.0,22.5,TARGETED_WEST_COMPUTE_COOL,22.722
1,Localized Heavy Compute,0,615,6150.0,14,3,4,3,4,92.96,84.69,HEAVY,288.24,VERY HIGH,HEAVY LOAD,89.28,79.41,HEAVY,275.72,VERY HIGH,HEAVY LOAD,91.29,82.14,HEAVY,282.32,VERY HIGH,HEAVY LOAD,89.33,80.4,HEAVY,277.26,VERY HIGH,HEAVY LOAD,15.9,4.66,LIGHT,71.86,LOW,RUNNING,17.71,5.5,LIGHT,75.39,LOW,RUNNING,15.28,4.33,LIGHT,70.59,LOW,RUNNING,19.6,6.86,LIGHT,79.79,LOW,RUNNING,17.86,4.56,LIGHT,74.17,LOW,RUNNING,15.79,3.5,LIGHT,69.99,LOW,RUNNING,30.06,52.0,328.1,0.25,22.0,COOLING,0.25,22.0,COOLING,0.25,22.0,COOLING,0.25,22.0,COOLING,25.507,23.197,22.595,23.181,23.62,25.507,22.595,2.912,1123.54,147.25,150.38,144.16,255.0,340.0,255.0,340.0,220.99,352.68,447.65,353.02,-553.64,187.64,174.36,191.64,875.0,875.0,875.0,875.0,170.89,152.57,152.39,153.82,1565.33,1190.0,1374.34,3500.0,629.67,1.0,0.0,0.0,1.0,22.5,TARGETED_WEST_COMPUTE_COOL,22.759
1,Localized Heavy Compute,0,616,6160.0,14,3,4,3,4,93.07,84.65,HEAVY,288.31,VERY HIGH,HEAVY LOAD,89.23,79.28,HEAVY,275.46,VERY HIGH,HEAVY LOAD,91.11,82.05,HEAVY,281.96,VERY HIGH,HEAVY LOAD,89.19,80.42,HEAVY,277.12,VERY HIGH,HEAVY LOAD,15.92,4.72,LIGHT,71.98,LOW,RUNNING,17.83,5.59,LIGHT,75.67,LOW,RUNNING,15.39,4.38,LIGHT,70.81,LOW,RUNNING,19.59,6.82,LIGHT,79.72,LOW,RUNNING,17.75,4.47,LIGHT,73.89,LOW,RUNNING,15.67,3.45,LIGHT,69.76,LOW,RUNNING,30.07,52.0,328.3,0.25,22.0,COOLING,0.25,22.0,COOLING,0.25,22.0,COOLING,0.25,22.0,COOLING,25.51,23.2,22.598,23.184,23.623,25.51,22.598,2.912,1122.85,147.65,150.53,143.65,255.0,340.0,255.0,340.0,221.21,352.96,447.97,353.3,-553.64,187.64,174.36,191.64,875.0,875.0,875.0,875.0,170.42,153.25,152.86,153.59,1564.68,1190.0,1375.44,3500.0,630.12,1.0,0.0,0.0,1.0,22.5,TARGETED_WEST_COMPUTE_COOL,22.7972
1,Localized Heavy Compute,0,617,6170.0,14,3,4,3,4,93.15,84.58,HEAVY,288.31,VERY HIGH,HEAVY LOAD,89.14,79.15,HEAVY,275.15,VERY HIGH,HEAVY LOAD,90.93,81.97,HEAVY,281.62,VERY HIGH,HEAVY LOAD,89.09,80.48,HEAVY,277.08,VERY HIGH,HEAVY LOAD,15.98,4.79,LIGHT,72.16,LOW,RUNNING,17.96,5.67,LIGHT,75.95,LOW,RUNNING,15.48,4.4,LIGHT,70.95,LOW,RUNNING,19.56,6.76,LIGHT,79.59,LOW,RUNNING,17.62,4.38,LIGHT,73.59,LOW,RUNNING,15.57,3.41,LIGHT,69.58,LOW,RUNNING,30.07,52.0,328.5,0.25,22.0,COOLING,0.25,22.0,COOLING,0.25,22.0,COOLING,0.25,22.0,COOLING,25.513,23.203,22.601,23.187,23.626,25.513,22.601,2.912,1122.16,148.11,150.54,143.17,255.0,340.0,255.0,340.0,221.23,353.02,448.09,353.36,-553.64,187.64,174.36,191.64,875.0,875.0,875.0,875.0,169.75,153.77,152.99,153.17,1563.98,1190.0,1375.7,3500.0,629.68,1.0,0.0,0.0,1.0,22.5,TARGETED_WEST_COMPUTE_COOL,22.8354
1,Localized Heavy Compute,0,618,6180.0,14,3,4,3,4,93.19,84.48,HEAVY,288.21,VERY HIGH,HEAVY LOAD,89.01,79.02,HEAVY,274.79,VERY HIGH,HEAVY LOAD,90.76,81.92,HEAVY,281.33,VERY HIGH,HEAVY LOAD,89.03,80.56,HEAVY,277.13,VERY HIGH,HEAVY LOAD,16.06,4.87,LIGHT,72.38,LOW,RUNNING,18.1,5.75,LIGHT,76.25,LOW,RUNNING,15.55,4.4,LIGHT,71.04,LOW,RUNNING,19.5,6.68,LIGHT,79.39,LOW,RUNNING,17.49,4.3,LIGHT,73.31,LOW,RUNNING,15.49,3.4,LIGHT,69.46,LOW,RUNNING,30.07,52.0,328.8,0.25,22.0,COOLING,0.25,22.0,COOLING,0.25,22.0,COOLING,0.25,22.0,COOLING,25.516,23.206,22.604,23.19,23.629,25.516,22.604,2.912,1121.46,148.63,150.43,142.77,255.0,340.0,255.0,340.0,221.28,353.14,448.28,353.48,-553.64,187.64,174.36,191.64,875.0,875.0,875.0,875.0,169.1,154.41,153.07,152.89,1563.29,1190.0,1376.18,3500.0,629.47,1.0,0.0,0.0,1.0,22.5,TARGETED_WEST_COMPUTE_COOL,22.8741
1,Localized Heavy Compute,0,619,6190.0,14,3,4,3,4,93.2,84.37,HEAVY,288.06,VERY HIGH,HEAVY LOAD,88.86,78.9,HEAVY,274.43,VERY HIGH,HEAVY LOAD,90.59,81.9,HEAVY,281.09,VERY HIGH,HEAVY LOAD,89.0,80.66,HEAVY,277.24,VERY HIGH,HEAVY LOAD,16.16,4.96,LIGHT,72.64,LOW,RUNNING,18.23,5.81,LIGHT,76.5,LOW,RUNNING,15.59,4.38,LIGHT,71.06,LOW,RUNNING,19.41,6.6,LIGHT,79.16,LOW,RUNNING,17.35,4.23,LIGHT,73.03,LOW,RUNNING,15.43,3.41,LIGHT,69.4,LOW,RUNNING,30.08,52.0,329.0,0.25,22.0,COOLING,0.25,22.0,COOLING,0.25,22.0,COOLING,0.25,22.0,COOLING,25.519,23.209,22.607,23.193,23.632,25.519,22.607,2.912,1120.82,149.14,150.22,142.43,255.0,340.0,255.0,340.0,221.51,353.41,448.61,353.75,-553.64,187.64,174.36,191.64,875.0,875.0,875.0,875.0,168.69,155.19,153.19,152.82,1562.61,1190.0,1377.28,3500.0,629.89,1.0,0.0,0.0,1.0,22.5,TARGETED_WEST_COMPUTE_COOL,22.9136
1,Localized Heavy Compute,0,620,6200.0,14,3,4,3,4,93.16,84.24,HEAVY,287.81,VERY HIGH,HEAVY LOAD,88.69,78.79,HEAVY,274.05,VERY HIGH,HEAVY LOAD,90.45,81.91,HEAVY,280.93,VERY HIGH,HEAVY LOAD,89.01,80.77,HEAVY,277.42,VERY HIGH,HEAVY LOAD,16.27,5.05,LIGHT,72.91,LOW,RUNNING,18.35,5.86,LIGHT,76.73,LOW,RUNNING,15.6,4.34,LIGHT,71.01,LOW,RUNNING,19.3,6.51,LIGHT,78.89,LOW,RUNNING,17.23,4.17,LIGHT,72.79,LOW,RUNNING,15.4,3.43,LIGHT,69.39,LOW,RUNNING,30.08,52.0,329.2,0.25,22.0,COOLING,0.25,22.0,COOLING,0.25,22.0,COOLING,0.25,22.0,COOLING,25.522,23.212,22.61,23.196,23.635,25.522,22.61,2.912,1120.21,149.64,149.9,142.18,255.0,340.0,255.0,340.0,221.51,353.48,448.72,353.82,-553.64,187.64,174.36,191.64,875.0,875.0,875.0,875.0,168.08,155.76,152.98,152.64,1561.93,1190.0,1377.53,3500.0,629.46,1.0,0.0,0.0,1.0,22.5,TARGETED_WEST_COMPUTE_COOL,22.9532
1,Localized Heavy Compute,0,621,6210.0,14,3,4,3,4,93.08,84.11,HEAVY,287.51,VERY HIGH,HEAVY LOAD,88.52,78.7,HEAVY,273.7,VERY HIGH,HEAVY LOAD,90.34,81.95,HEAVY,280.85,VERY HIGH,HEAVY LOAD,89.07,80.9,HEAVY,277.69,VERY HIGH,HEAVY LOAD,16.4,5.13,LIGHT,73.19,LOW,RUNNING,18.45,5.89,LIGHT,76.9,LOW,RUNNING,15.58,4.29,LIGHT,70.91,LOW,RUNNING,19.18,6.42,LIGHT,78.6,LOW,RUNNING,17.11,4.13,LIGHT,72.58,LOW,RUNNING,15.4,3.48,LIGHT,69.47,LOW,RUNNING,30.09,52.0,329.4,0.25,22.0,COOLING,0.25,22.0,COOLING,0.25,22.0,COOLING,0.25,22.0,COOLING,25.525,23.215,22.613,23.199,23.638,25.525,22.613,2.912,1119.75,150.09,149.51,142.05,255.0,340.0,255.0,340.0,221.73,353.76,449.04,354.1,-553.64,187.64,174.36,191.64,875.0,875.0,875.0,875.0,167.84,156.49,152.91,152.79,1561.4,1190.0,1378.63,3500.0,630.03,1.0,0.0,0.0,1.0,22.5,TARGETED_WEST_COMPUTE_COOL,22.9939
1,Localized Heavy Compute,0,622,6220.0,14,3,4,3,4,92.97,83.98,HEAVY,287.18,VERY HIGH,HEAVY LOAD,88.34,78.64,HEAVY,273.38,VERY HIGH,HEAVY LOAD,90.25,82.02,HEAVY,280.84,VERY HIGH,HEAVY LOAD,89.16,81.04,HEAVY,278.01,VERY HIGH,HEAVY LOAD,16.54,5.21,LIGHT,73.49,LOW,RUNNING,18.52,5.9,LIGHT,77.0,LOW,RUNNING,15.53,4.22,LIGHT,70.74,LOW,RUNNING,19.05,6.34,LIGHT,78.32,LOW,RUNNING,17.02,4.1,LIGHT,72.43,LOW,RUNNING,15.44,3.54,LIGHT,69.61,LOW,RUNNING,30.09,52.0,329.6,0.25,22.0,COOLING,0.25,22.0,COOLING,0.25,22.0,COOLING,0.25,22.0,COOLING,25.528,23.218,22.616,23.202,23.641,25.528,22.616,2.912,1119.41,150.49,149.06,142.04,255.0,340.0,255.0,340.0,221.75,353.81,449.16,354.16,-553.64,187.64,174.36,191.64,875.0,875.0,875.0,875.0,167.52,156.94,152.58,152.84,1561.0,1190.0,1378.88,3500.0,629.88,1.0,0.0,0.0,1.0,22.5,TARGETED_WEST_COMPUTE_COOL,23.0349
1,Localized Heavy Compute,0,623,6230.0,14,3,4,3,4,92.83,83.85,HEAVY,286.81,VERY HIGH,HEAVY LOAD,88.17,78.61,HEAVY,273.13,VERY HIGH,HEAVY LOAD,90.21,82.11,HEAVY,280.93,VERY HIGH,HEAVY LOAD,89.28,81.17,HEAVY,278.36,VERY HIGH,HEAVY LOAD,16.67,5.28,LIGHT,73.76,LOW,RUNNING,18.58,5.89,LIGHT,77.06,LOW,RUNNING,15.45,4.14,LIGHT,70.52,LOW,RUNNING,18.91,6.26,LIGHT,78.03,LOW,RUNNING,16.95,4.1,LIGHT,72.34,LOW,RUNNING,15.5,3.61,LIGHT,69.79,LOW,RUNNING,30.1,52.0,329.8,0.25,22.0,COOLING,0.25,22.0,COOLING,0.25,22.0,COOLING,0.25,22.0,COOLING,25.531,23.221,22.619,23.205,23.644,25.531,22.619,2.912,1119.23,150.82,148.55,142.13,255.0,340.0,255.0,340.0,221.97,354.08,449.48,354.43,-553.64,187.64,174.36,191.64,875.0,875.0,875.0,875.0,167.56,157.54,152.39,153.2,1560.73,1190.0,1379.96,3500.0,630.69,1.0,0.0,0.0,1.0,22.5,TARGETED_WEST_COMPUTE_COOL,23.077
1,Localized Heavy Compute,0,624,6240.0,14,3,4,3,4,92.67,83.74,HEAVY,286.45,VERY HIGH,HEAVY LOAD,88.01,78.6,HEAVY,272.91,VERY HIGH,HEAVY LOAD,90.2,82.22,HEAVY,281.08,VERY HIGH,HEAVY LOAD,89.42,81.29,HEAVY,278.71,VERY HIGH,HEAVY LOAD,16.79,5.34,LIGHT,74.0,LOW,RUNNING,18.6,5.86,LIGHT,77.04,LOW,RUNNING,15.35,4.05,LIGHT,70.26,LOW,RUNNING,18.78,6.19,LIGHT,77.76,LOW,RUNNING,16.91,4.12,LIGHT,72.32,LOW,RUNNING,15.58,3.69,LIGHT,70.01,LOW,RUNNING,30.1,52.0,330.0,0.25,22.0,COOLING,0.25,22.0,COOLING,0.25,22.0,COOLING,0.25,22.0,COOLING,25.534,23.224,22.622,23.208,23.647,25.534,22.622,2.912,1119.15,151.04,148.02,142.33,255.0,340.0,255.0,340.0,221.98,354.15,449.59,354.49,-553.64,187.64,174.36,191.64,875.0,875.0,875.0,875.0,167.49,157.83,151.97,153.46,1560.54,1190.0,1380.21,3500.0,630.75,1.0,0.0,0.0,1.0,22.5,TARGETED_WEST_COMPUTE_COOL,23.1192
1,Localized Heavy Compute,0,625,6250.0,14,3,4,3,4,92.5,83.64,HEAVY,286.09,VERY HIGH,HEAVY LOAD,87.88,78.63,HEAVY,272.79,VERY HIGH,HEAVY LOAD,90.24,82.34,HEAVY,281.31,VERY HIGH,HEAVY LOAD,89.59,81.4,HEAVY,279.09,VERY HIGH,HEAVY LOAD,16.9,5.38,LIGHT,74.19,LOW,RUNNING,18.59,5.81,LIGHT,76.95,LOW,RUNNING,15.24,3.96,LIGHT,69.99,LOW,RUNNING,18.66,6.14,LIGHT,77.53,LOW,RUNNING,16.9,4.15,LIGHT,72.35,LOW,RUNNING,15.69,3.78,LIGHT,70.28,LOW,RUNNING,30.1,52.0,330.2,0.25,22.0,COOLING,0.25,22.0,COOLING,0.25,22.0,COOLING,0.25,22.0,COOLING,25.537,23.227,22.625,23.211,23.65,25.537,22.625,2.912,1119.28,151.14,147.52,142.63,255.0,340.0,255.0,340.0,221.99,354.21,449.7,354.56,-553.64,187.64,174.36,191.64,875.0,875.0,875.0,875.0,167.63,157.99,151.58,153.83,1560.57,1190.0,1380.46,3500.0,631.03,1.0,0.0,0.0,1.0,22.5,TARGETED_WEST_COMPUTE_COOL,23.1622
1,Localized Heavy Compute,0,626,6260.0,14,3,4,3,4,92.32,83.56,HEAVY,285.74,VERY HIGH,HEAVY LOAD,87.79,78.68,HEAVY,272.76,VERY HIGH,HEAVY LOAD,90.31,82.48,HEAVY,281.61,VERY HIGH,HEAVY LOAD,89.77,81.49,HEAVY,279.45,VERY HIGH,HEAVY LOAD,16.99,5.4,LIGHT,74.34,LOW,RUNNING,18.55,5.75,LIGHT,76.81,LOW,RUNNING,15.11,3.87,LIGHT,69.69,LOW,RUNNING,18.56,6.11,LIGHT,77.37,LOW,RUNNING,16.92,4.21,LIGHT,72.47,LOW,RUNNING,15.81,3.87,LIGHT,70.57,LOW,RUNNING,30.11,52.0,330.4,0.25,22.0,COOLING,0.25,22.0,COOLING,0.25,22.0,COOLING,0.25,22.0,COOLING,25.54,23.23,22.628,23.214,23.653,25.54,22.628,2.912,1119.56,151.15,147.06,143.04,255.0,340.0,255.0,340.0,222.22,354.48,450.03,354.83,-553.64,187.64,174.36,191.64,875.0,875.0,875.0,875.0,168.14,158.27,151.45,154.51,1560.81,1190.0,1381.56,3500.0,632.37,1.0,0.0,0.0,1.0,22.5,TARGETED_WEST_COMPUTE_COOL,23.2063
1,Localized Heavy Compute,0,627,6270.0,14,3,4,3,4,92.14,83.52,HEAVY,285.45,VERY HIGH,HEAVY LOAD,87.72,78.76,HEAVY,272.79,VERY HIGH,HEAVY LOAD,90.42,82.61,HEAVY,281.94,VERY HIGH,HEAVY LOAD,89.95,81.56,HEAVY,279.78,VERY HIGH,HEAVY LOAD,17.06,5.4,LIGHT,74.42,LOW,RUNNING,18.49,5.68,LIGHT,76.63,LOW,RUNNING,14.97,3.79,LIGHT,69.4,LOW,RUNNING,18.48,6.1,LIGHT,77.25,LOW,RUNNING,16.97,4.27,LIGHT,72.62,LOW,RUNNING,15.94,3.96,LIGHT,70.86,LOW,RUNNING,30.11,52.0,330.6,0.25,22.0,COOLING,0.25,22.0,COOLING,0.25,22.0,COOLING,0.25,22.0,COOLING,25.543,23.233,22.631,23.217,23.656,25.543,22.631,2.912,1119.96,151.05,146.65,143.48,255.0,340.0,255.0,340.0,222.23,354.54,450.13,354.88,-553.64,187.64,174.36,191.64,875.0,875.0,875.0,875.0,168.55,158.23,151.14,155.0,1561.14,1190.0,1381.78,3500.0,632.92,1.0,0.0,0.0,1.0,22.5,TARGETED_WEST_COMPUTE_COOL,23.2504
1,Localized Heavy Compute,0,628,6280.0,14,3,4,3,4,91.98,83.5,HEAVY,285.23,VERY HIGH,HEAVY LOAD,87.7,78.87,HEAVY,272.93,VERY HIGH,HEAVY LOAD,90.55,82.74,HEAVY,282.3,VERY HIGH,HEAVY LOAD,90.12,81.59,HEAVY,280.04,VERY HIGH,HEAVY LOAD,17.09,5.38,LIGHT,74.43,LOW,RUNNING,18.4,5.59,LIGHT,76.39,LOW,RUNNING,14.84,3.72,LIGHT,69.13,LOW,RUNNING,18.43,6.11,LIGHT,77.2,LOW,RUNNING,17.04,4.35,LIGHT,72.83,LOW,RUNNING,16.08,4.03,LIGHT,71.14,LOW,RUNNING,30.12,52.0,330.8,0.25,22.0,COOLING,0.25,22.0,COOLING,0.25,22.0,COOLING,0.25,22.0,COOLING,25.546,23.236,22.634,23.22,23.659,25.546,22.634,2.912,1120.5,150.82,146.33,143.97,255.0,340.0,255.0,340.0,222.46,354.82,450.46,355.16,-553.64,187.64,174.36,191.64,875.0,875.0,875.0,875.0,169.32,158.28,151.15,155.77,1561.62,1190.0,1382.9,3500.0,634.52,1.0,0.0,0.0,1.0,22.5,TARGETED_WEST_COMPUTE_COOL,23.2954
1,Localized Heavy Compute,0,629,6290.0,14,3,4,3,4,91.84,83.51,HEAVY,285.07,VERY HIGH,HEAVY LOAD,87.72,78.99,HEAVY,273.13,VERY HIGH,HEAVY LOAD,90.71,82.86,HEAVY,282.68,VERY HIGH,HEAVY LOAD,90.27,81.6,HEAVY,280.24,VERY HIGH,HEAVY LOAD,17.1,5.34,LIGHT,74.39,LOW,RUNNING,18.29,5.5,LIGHT,76.11,LOW,RUNNING,14.72,3.67,LIGHT,68.91,LOW,RUNNING,18.4,6.14,LIGHT,77.21,LOW,RUNNING,17.14,4.44,LIGHT,73.08,LOW,RUNNING,16.21,4.1,LIGHT,71.41,LOW,RUNNING,30.12,52.0,331.0,0.25,22.0,COOLING,0.25,22.0,COOLING,0.25,22.0,COOLING,0.25,22.0,COOLING,25.549,23.239,22.637,23.223,23.662,25.549,22.637,2.912,1121.12,150.5,146.12,144.49,255.0,340.0,255.0,340.0,222.46,354.89,450.57,355.23,-553.64,187.64,174.36,191.64,875.0,875.0,875.0,875.0,169.94,158.03,151.05,156.36,1562.23,1190.0,1383.15,3500.0,635.38,1.0,0.0,0.0,1.0,22.5,TARGETED_WEST_COMPUTE_COOL,23.3404
1,Localized Heavy Compute,0,630,6300.0,14,3,4,3,4,91.73,83.55,HEAVY,284.99,VERY HIGH,HEAVY LOAD,87.77,79.12,HEAVY,273.39,VERY HIGH,HEAVY LOAD,90.89,82.95,HEAVY,283.04,VERY HIGH,HEAVY LOAD,90.41,81.58,HEAVY,280.38,VERY HIGH,HEAVY LOAD,17.08,5.28,LIGHT,74.27,LOW,RUNNING,18.17,5.41,LIGHT,75.83,LOW,RUNNING,14.61,3.62,LIGHT,68.69,LOW,RUNNING,18.41,6.18,LIGHT,77.28,LOW,RUNNING,17.25,4.53,LIGHT,73.36,LOW,RUNNING,16.33,4.15,LIGHT,71.64,LOW,RUNNING,30.12,52.0,331.2,0.25,22.0,COOLING,0.25,22.0,COOLING,0.25,22.0,COOLING,0.25,22.0,COOLING,25.552,23.242,22.64,23.226,23.665,25.552,22.64,2.912,1121.8,150.1,145.97,145.0,255.0,340.0,255.0,340.0,222.48,354.94,450.68,355.29,-553.64,187.64,174.36,191.64,875.0,875.0,875.0,875.0,170.64,157.68,151.01,156.93,1562.87,1190.0,1383.39,3500.0,636.26,1.0,0.0,0.0,1.0,22.5,TARGETED_WEST_COMPUTE_COOL,23.3857
1,Localized Heavy Compute,0,631,6310.0,14,3,4,3,4,91.65,83.62,HEAVY,284.99,VERY HIGH,HEAVY LOAD,87.86,79.25,HEAVY,273.7,VERY HIGH,HEAVY LOAD,91.07,83.03,HEAVY,283.38,VERY HIGH,HEAVY LOAD,90.51,81.52,HEAVY,280.42,VERY HIGH,HEAVY LOAD,17.02,5.21,LIGHT,74.09,LOW,RUNNING,18.04,5.33,LIGHT,75.55,LOW,RUNNING,14.52,3.6,LIGHT,68.55,LOW,RUNNING,18.44,6.24,LIGHT,77.41,LOW,RUNNING,17.38,4.62,LIGHT,73.66,LOW,RUNNING,16.43,4.19,LIGHT,71.82,LOW,RUNNING,30.13,52.0,331.5,0.25,22.0,COOLING,0.25,22.0,COOLING,0.25,22.0,COOLING,0.25,22.0,COOLING,25.556,23.245,22.643,23.229,23.668,25.556,22.643,2.913,1122.49,149.64,145.96,145.48,255.0,340.0,255.0,340.0,222.74,355.28,451.09,355.63,-553.64,187.64,174.36,191.64,875.0,875.0,875.0,875.0,171.59,157.56,151.41,157.75,1563.57,1190.0,1384.74,3500.0,638.31,1.0,0.0,0.0,1.0,22.5,TARGETED_WEST_COMPUTE_COOL,23.4533
1,Localized Heavy Compute,0,632,6320.0,14,3,4,3,4,91.61,83.72,HEAVY,285.09,VERY HIGH,HEAVY LOAD,87.99,79.38,HEAVY,274.06,VERY HIGH,HEAVY LOAD,91.24,83.08,HEAVY,283.67,VERY HIGH,HEAVY LOAD,90.57,81.44,HEAVY,280.37,VERY HIGH,HEAVY LOAD,16.94,5.13,LIGHT,73.87,LOW,RUNNING,17.9,5.25,LIGHT,75.25,LOW,RUNNING,14.45,3.6,LIGHT,68.46,LOW,RUNNING,18.5,6.32,LIGHT,77.61,LOW,RUNNING,17.51,4.7,LIGHT,73.94,LOW,RUNNING,16.51,4.2,LIGHT,71.94,LOW,RUNNING,30.13,52.0,331.7,0.25,22.0,COOLING,0.25,22.0,COOLING,0.25,22.0,COOLING,0.25,22.0,COOLING,25.56,23.248,22.646,23.232,23.672,25.56,22.646,2.914,1123.19,149.12,146.07,145.88,255.0,340.0,255.0,340.0,222.73,355.34,451.21,355.68,-553.88,187.75,174.37,191.75,875.0,875.0,875.0,875.0,172.04,157.21,151.65,158.31,1564.26,1190.0,1384.96,3500.0,639.21,1.0,0.0,0.0,1.0,22.5,TARGETED_WEST_COMPUTE_COOL,23.5202
1,Localized Heavy Compute,0,633,6330.0,14,3,4,3,4,91.6,83.83,HEAVY,285.25,VERY HIGH,HEAVY LOAD,88.14,79.5,HEAVY,274.43,VERY HIGH,HEAVY LOAD,91.41,83.1,HEAVY,283.91,VERY HIGH,HEAVY LOAD,90.6,81.34,HEAVY,280.26,VERY HIGH,HEAVY LOAD,16.84,5.04,LIGHT,73.61,LOW,RUNNING,17.77,5.19,LIGHT,75.0,LOW,RUNNING,14.41,3.62,LIGHT,68.44,LOW,RUNNING,18.59,6.4,LIGHT,77.84,LOW,RUNNING,17.65,4.77,LIGHT,74.22,LOW,RUNNING,16.57,4.19,LIGHT,72.0,LOW,RUNNING,30.14,52.0,331.9,0.25,22.0,COOLING,0.25,22.0,COOLING,0.25,22.0,COOLING,0.25,22.0,COOLING,25.564,23.251,22.649,23.235,23.675,25.564,22.649,2.915,1123.85,148.61,146.28,146.22,255.0,340.0,255.0,340.0,222.93,355.62,451.53,355.96,-554.11,187.86,174.39,191.86,875.0,875.0,875.0,875.0,172.67,157.09,152.2,159.04,1564.96,1190.0,1386.04,3500.0,641.0,1.0,0.0,0.0,1.0,22.5,TARGETED_WEST_COMPUTE_COOL,23.5877
1,Localized Heavy Compute,0,634,6340.0,14,3,4,3,4,91.64,83.96,HEAVY,285.49,VERY HIGH,HEAVY LOAD,88.31,79.61,HEAVY,274.8,VERY HIGH,HEAVY LOAD,91.55,83.09,HEAVY,284.07,VERY HIGH,HEAVY LOAD,90.59,81.23,HEAVY,280.08,VERY HIGH,HEAVY LOAD,16.73,4.95,LIGHT,73.34,LOW,RUNNING,17.65,5.14,LIGHT,74.77,LOW,RUNNING,14.4,3.66,LIGHT,68.49,LOW,RUNNING,18.7,6.49,LIGHT,78.11,LOW,RUNNING,17.77,4.83,LIGHT,74.46,LOW,RUNNING,16.6,4.17,LIGHT,72.0,LOW,RUNNING,30.14,52.0,332.1,0.25,22.0,COOLING,0.25,22.0,COOLING,0.25,22.0,COOLING,0.25,22.0,COOLING,25.568,23.254,22.652,23.238,23.678,25.568,22.652,2.916,1124.44,148.11,146.6,146.46,255.0,340.0,255.0,340.0,222.92,355.67,451.65,356.02,-554.34,187.97,174.4,191.97,875.0,875.0,875.0,875.0,173.02,156.75,152.65,159.45,1565.61,1190.0,1386.26,3500.0,641.87,1.0,0.0,0.0,1.0,22.5,TARGETED_WEST_COMPUTE_COOL,23.6548
1,Localized Heavy Compute,0,635,6350.0,14,3,4,3,4,91.72,84.09,HEAVY,285.78,VERY HIGH,HEAVY LOAD,88.48,79.7,HEAVY,275.15,VERY HIGH,HEAVY LOAD,91.66,83.05,HEAVY,284.15,VERY HIGH,HEAVY LOAD,90.53,81.1,HEAVY,279.81,VERY HIGH,HEAVY LOAD,16.6,4.87,LIGHT,73.06,LOW,RUNNING,17.55,5.11,LIGHT,74.6,LOW,RUNNING,14.42,3.71,LIGHT,68.59,LOW,RUNNING,18.82,6.58,LIGHT,78.4,LOW,RUNNING,17.89,4.87,LIGHT,74.67,LOW,RUNNING,16.6,4.12,LIGHT,71.93,LOW,RUNNING,30.15,52.0,332.3,0.25,22.0,COOLING,0.25,22.0,COOLING,0.25,22.0,COOLING,0.25,22.0,COOLING,25.572,23.257,22.655,23.241,23.681,25.572,22.655,2.917,1124.89,147.66,146.99,146.6,255.0,340.0,255.0,340.0,223.12,355.95,451.97,356.3,-554.58,188.08,174.42,192.08,875.0,875.0,875.0,875.0,173.43,156.69,153.38,159.98,1566.14,1190.0,1387.34,3500.0,643.48,1.0,0.0,0.0,1.0,22.5,TARGETED_WEST_COMPUTE_COOL,23.7223
1,Localized Heavy Compute,0,636,6360.0,14,3,4,3,4,91.83,84.22,HEAVY,286.12,VERY HIGH,HEAVY LOAD,88.66,79.76,HEAVY,275.47,VERY HIGH,HEAVY LOAD,91.75,82.98,HEAVY,284.16,VERY HIGH,HEAVY LOAD,90.44,80.96,HEAVY,279.49,VERY HIGH,HEAVY LOAD,16.46,4.79,LIGHT,72.76,LOW,RUNNING,17.48,5.1,LIGHT,74.5,LOW,RUNNING,14.47,3.78,LIGHT,68.76,LOW,RUNNING,18.95,6.66,LIGHT,78.68,LOW,RUNNING,17.98,4.9,LIGHT,74.82,LOW,RUNNING,16.56,4.06,LIGHT,71.79,LOW,RUNNING,30.15,52.0,332.5,0.25,22.0,COOLING,0.25,22.0,COOLING,0.25,22.0,COOLING,0.25,22.0,COOLING,25.576,23.26,22.658,23.244,23.684,25.576,22.658,2.918,1125.24,147.26,147.44,146.61,255.0,340.0,255.0,340.0,223.12,356.01,452.08,356.35,-554.81,188.19,174.43,192.19,875.0,875.0,875.0,875.0,173.55,156.46,153.95,160.15,1566.55,1190.0,1387.56,3500.0,644.11,1.0,0.0,0.0,1.0,22.5,TARGETED_WEST_COMPUTE_COOL,23.7895
1,Localized Heavy Compute,0,637,6370.0,14,3,4,3,4,91.97,84.35,HEAVY,286.49,VERY HIGH,HEAVY LOAD,88.83,79.79,HEAVY,275.72,VERY HIGH,HEAVY LOAD,91.79,82.89,HEAVY,284.07,VERY HIGH,HEAVY LOAD,90.32,80.83,HEAVY,279.14,VERY HIGH,HEAVY LOAD,16.33,4.72,LIGHT,72.49,LOW,RUNNING,17.42,5.11,LIGHT,74.44,LOW,RUNNING,14.55,3.86,LIGHT,68.98,LOW,RUNNING,19.09,6.74,LIGHT,78.97,LOW,RUNNING,18.05,4.9,LIGHT,74.91,LOW,RUNNING,16.5,3.99,LIGHT,71.61,LOW,RUNNING,30.15,52.0,332.7,0.25,22.0,COOLING,0.25,22.0,COOLING,0.25,22.0,COOLING,0.25,22.0,COOLING,25.58,23.263,22.661,23.247,23.688,25.58,22.661,2.919,1125.42,146.93,147.95,146.52,255.0,340.0,255.0,340.0,223.1,356.07,452.19,356.42,-555.05,188.3,174.45,192.3,875.0,875.0,875.0,875.0,173.47,156.3,154.59,160.24,1566.82,1190.0,1387.78,3500.0,644.6,1.0,0.0,0.0,1.0,22.5,TARGETED_WEST_COMPUTE_COOL,23.8565
1,Localized Heavy Compute,0,638,6380.0,14,3,4,3,4,92.13,84.46,HEAVY,286.85,VERY HIGH,HEAVY LOAD,88.99,79.8,HEAVY,275.94,VERY HIGH,HEAVY LOAD,91.8,82.78,HEAVY,283.92,VERY HIGH,HEAVY LOAD,90.18,80.71,HEAVY,278.79,VERY HIGH,HEAVY LOAD,16.21,4.66,LIGHT,72.25,LOW,RUNNING,17.4,5.14,LIGHT,74.46,LOW,RUNNING,14.65,3.95,LIGHT,69.24,LOW,RUNNING,19.22,6.81,LIGHT,79.24,LOW,RUNNING,18.09,4.88,LIGHT,74.93,LOW,RUNNING,16.42,3.91,LIGHT,71.39,LOW,RUNNING,30.16,52.0,332.9,0.25,22.0,COOLING,0.25,22.0,COOLING,0.25,22.0,COOLING,0.25,22.0,COOLING,25.584,23.266,22.664,23.25,23.691,25.584,22.664,2.92,1125.5,146.71,148.48,146.32,255.0,340.0,255.0,340.0,223.31,356.35,452.52,356.69,-555.28,188.41,174.46,192.41,875.0,875.0,875.0,875.0,173.53,156.47,155.46,160.42,1567.01,1190.0,1388.87,3500.0,645.88,1.0,0.0,0.0,1.0,22.5,TARGETED_WEST_COMPUTE_COOL,23.924
1,Localized Heavy Compute,0,639,6390.0,14,3,4,3,4,92.3,84.56,HEAVY,287.22,VERY HIGH,HEAVY LOAD,89.12,79.77,HEAVY,276.06,VERY HIGH,HEAVY LOAD,91.76,82.66,HEAVY,283.69,VERY HIGH,HEAVY LOAD,90.01,80.6,HEAVY,278.41,VERY HIGH,HEAVY LOAD,16.1,4.62,LIGHT,72.06,LOW,RUNNING,17.41,5.19,LIGHT,74.55,LOW,RUNNING,14.76,4.04,LIGHT,69.51,LOW,RUNNING,19.34,6.86,LIGHT,79.47,LOW,RUNNING,18.1,4.85,LIGHT,74.9,LOW,RUNNING,16.31,3.82,LIGHT,71.12,LOW,RUNNING,30.16,52.0,333.1,0.25,22.0,COOLING,0.25,22.0,COOLING,0.25,22.0,COOLING,0.25,22.0,COOLING,25.588,23.269,22.667,23.253,23.694,25.588,22.667,2.921,1125.38,146.61,148.98,146.02,255.0,340.0,255.0,340.0,223.29,356.41,452.62,356.75,-555.52,188.52,174.48,192.52,875.0,875.0,875.0,875.0,173.15,156.54,156.08,160.29,1566.99,1190.0,1389.07,3500.0,646.06,1.0,0.0,0.0,1.0,22.5,TARGETED_WEST_COMPUTE_COOL,23.991
1,Localized Heavy Compute,0,640,6400.0,14,3,4,3,4,92.48,84.64,HEAVY,287.56,VERY HIGH,HEAVY LOAD,89.21,79.72,HEAVY,276.09,VERY HIGH,HEAVY LOAD,91.69,82.52,HEAVY,283.39,VERY HIGH,HEAVY LOAD,89.83,80.51,HEAVY,278.05,VERY HIGH,HEAVY LOAD,16.01,4.6,LIGHT,71.91,LOW,RUNNING,17.45,5.25,LIGHT,74.69,LOW,RUNNING,14.89,4.13,LIGHT,69.81,LOW,RUNNING,19.44,6.89,LIGHT,79.63,LOW,RUNNING,18.08,4.79,LIGHT,74.78,LOW,RUNNING,16.19,3.73,LIGHT,70.83,LOW,RUNNING,30.17,52.0,333.3,0.25,22.0,COOLING,0.25,22.0,COOLING,0.25,22.0,COOLING,0.25,22.0,COOLING,25.592,23.272,22.67,23.256,23.697,25.592,22.67,2.922,1125.09,146.6,149.44,145.61,255.0,340.0,255.0,340.0,223.5,356.68,452.95,357.03,-555.76,188.63,174.49,192.63,875.0,875.0,875.0,875.0,172.83,156.91,156.88,160.27,1566.74,1190.0,1390.16,3500.0,646.89,1.0,0.0,0.0,1.0,22.5,TARGETED_WEST_COMPUTE_COOL,24.0584
1,Localized Heavy Compute,0,641,6410.0,14,3,4,3,4,92.66,84.68,HEAVY,287.85,VERY HIGH,HEAVY LOAD,89.28,79.64,HEAVY,276.06,VERY HIGH,HEAVY LOAD,91.58,82.39,HEAVY,283.06,VERY HIGH,HEAVY LOAD,89.65,80.44,HEAVY,277.72,VERY HIGH,HEAVY LOAD,15.94,4.6,LIGHT,71.83,LOW,RUNNING,17.51,5.32,LIGHT,74.87,LOW,RUNNING,15.03,4.21,LIGHT,70.1,LOW,RUNNING,19.52,6.9,LIGHT,79.75,LOW,RUNNING,18.03,4.73,LIGHT,74.63,LOW,RUNNING,16.06,3.64,LIGHT,70.53,LOW,RUNNING,30.17,52.0,333.5,0.25,22.0,COOLING,0.25,22.0,COOLING,0.25,22.0,COOLING,0.25,22.0,COOLING,25.596,23.275,22.673,23.259,23.701,25.596,22.673,2.923,1124.69,146.7,149.85,145.16,255.0,340.0,255.0,340.0,223.49,356.75,453.06,357.09,-555.99,188.74,174.51,192.74,875.0,875.0,875.0,875.0,172.19,157.19,157.42,159.99,1566.4,1190.0,1390.39,3500.0,646.79,1.0,0.0,0.0,1.0,22.5,TARGETED_WEST_COMPUTE_COOL,24.1256
1,Localized Heavy Compute,0,642,6420.0,14,3,4,3,4,92.82,84.7,HEAVY,288.07,VERY HIGH,HEAVY LOAD,89.3,79.53,HEAVY,275.92,VERY HIGH,HEAVY LOAD,91.45,82.26,HEAVY,282.7,VERY HIGH,HEAVY LOAD,89.48,80.41,HEAVY,277.47,VERY HIGH,HEAVY LOAD,15.91,4.62,LIGHT,71.82,LOW,RUNNING,17.6,5.41,LIGHT,75.11,LOW,RUNNING,15.16,4.28,LIGHT,70.37,LOW,RUNNING,19.57,6.89,LIGHT,79.8,LOW,RUNNING,17.96,4.65,LIGHT,74.43,LOW,RUNNING,15.92,3.57,LIGHT,70.26,LOW,RUNNING,30.18,52.0,333.8,0.25,22.0,COOLING,0.25,22.0,COOLING,0.25,22.0,COOLING,0.25,22.0,COOLING,25.6,23.278,22.676,23.262,23.704,25.6,22.676,2.924,1124.16,146.93,150.17,144.69,255.0,340.0,255.0,340.0,223.73,357.08,453.47,357.42,-556.23,188.85,174.53,192.85,875.0,875.0,875.0,875.0,171.66,157.86,158.17,159.96,1565.95,1190.0,1391.7,3500.0,647.65,1.0,0.0,0.0,1.0,22.5,TARGETED_WEST_COMPUTE_COOL,24.1934
1,Localized Heavy Compute,0,643,6430.0,14,3,4,3,4,92.96,84.69,HEAVY,288.24,VERY HIGH,HEAVY LOAD,89.28,79.41,HEAVY,275.72,VERY HIGH,HEAVY LOAD,91.29,82.14,HEAVY,282.32,VERY HIGH,HEAVY LOAD,89.33,80.4,HEAVY,277.26,VERY HIGH,HEAVY LOAD,15.9,4.66,LIGHT,71.86,LOW,RUNNING,17.71,5.5,LIGHT,75.39,LOW,RUNNING,15.28,4.33,LIGHT,70.59,LOW,RUNNING,19.6,6.86,LIGHT,79.79,LOW,RUNNING,17.86,4.56,LIGHT,74.17,LOW,RUNNING,15.79,3.5,LIGHT,69.99,LOW,RUNNING,30.18,52.0,334.0,0.25,22.0,COOLING,0.25,22.0,COOLING,0.25,22.0,COOLING,0.25,22.0,COOLING,25.603,23.281,22.679,23.265,23.707,25.603,22.679,2.924,1123.54,147.25,150.38,144.16,255.0,340.0,255.0,340.0,223.72,357.14,453.59,357.49,-556.46,188.96,174.54,192.96,875.0,875.0,875.0,875.0,170.8,158.35,158.51,159.61,1565.33,1190.0,1391.94,3500.0,647.27,1.0,0.0,0.0,1.0,22.5,TARGETED_WEST_COMPUTE_COOL,24.238
1,Localized Heavy Compute,0,644,6440.0,14,3,4,3,4,93.07,84.65,HEAVY,288.31,VERY HIGH,HEAVY LOAD,89.23,79.28,HEAVY,275.46,VERY HIGH,HEAVY LOAD,91.11,82.05,HEAVY,281.96,VERY HIGH,HEAVY LOAD,89.19,80.42,HEAVY,277.12,VERY HIGH,HEAVY LOAD,15.92,4.72,LIGHT,71.98,LOW,RUNNING,17.83,5.59,LIGHT,75.67,LOW,RUNNING,15.39,4.38,LIGHT,70.81,LOW,RUNNING,19.59,6.82,LIGHT,79.72,LOW,RUNNING,17.75,4.47,LIGHT,73.89,LOW,RUNNING,15.67,3.45,LIGHT,69.76,LOW,RUNNING,30.18,52.0,334.2,0.25,22.0,COOLING,0.25,22.0,COOLING,0.25,22.0,COOLING,0.25,22.0,COOLING,25.606,23.284,22.682,23.268,23.71,25.606,22.682,2.924,1122.85,147.65,150.53,143.65,255.0,340.0,255.0,340.0,223.73,357.21,453.69,357.55,-556.46,188.96,174.54,192.96,875.0,875.0,875.0,875.0,170.12,158.82,158.76,159.16,1564.68,1190.0,1392.18,3500.0,646.86,1.0,0.0,0.0,1.0,22.5,TARGETED_WEST_COMPUTE_COOL,24.2835
1,Localized Heavy Compute,0,645,6450.0,14,3,4,3,4,93.15,84.58,HEAVY,288.31,VERY HIGH,HEAVY LOAD,89.14,79.15,HEAVY,275.15,VERY HIGH,HEAVY LOAD,90.93,81.97,HEAVY,281.62,VERY HIGH,HEAVY LOAD,89.09,80.48,HEAVY,277.08,VERY HIGH,HEAVY LOAD,15.98,4.79,LIGHT,72.16,LOW,RUNNING,17.96,5.67,LIGHT,75.95,LOW,RUNNING,15.48,4.4,LIGHT,70.95,LOW,RUNNING,19.56,6.76,LIGHT,79.59,LOW,RUNNING,17.62,4.38,LIGHT,73.59,LOW,RUNNING,15.57,3.41,LIGHT,69.58,LOW,RUNNING,30.19,52.0,334.4,0.25,22.0,COOLING,0.25,22.0,COOLING,0.25,22.0,COOLING,0.25,22.0,COOLING,25.609,23.287,22.685,23.271,23.713,25.609,22.685,2.924,1122.16,148.11,150.54,143.17,255.0,340.0,255.0,340.0,223.96,357.48,454.02,357.82,-556.46,188.96,174.54,192.96,875.0,875.0,875.0,875.0,169.66,159.55,159.1,158.95,1563.98,1190.0,1393.28,3500.0,647.26,1.0,0.0,0.0,1.0,22.5,TARGETED_WEST_COMPUTE_COOL,24.3299
1,Localized Heavy Compute,0,646,6460.0,14,3,4,3,4,93.19,84.48,HEAVY,288.21,VERY HIGH,HEAVY LOAD,89.01,79.02,HEAVY,274.79,VERY HIGH,HEAVY LOAD,90.76,81.92,HEAVY,281.33,VERY HIGH,HEAVY LOAD,89.03,80.56,HEAVY,277.13,VERY HIGH,HEAVY LOAD,16.06,4.87,LIGHT,72.38,LOW,RUNNING,18.1,5.75,LIGHT,76.25,LOW,RUNNING,15.55,4.4,LIGHT,71.04,LOW,RUNNING,19.5,6.68,LIGHT,79.39,LOW,RUNNING,17.49,4.3,LIGHT,73.31,LOW,RUNNING,15.49,3.4,LIGHT,69.46,LOW,RUNNING,30.19,52.0,334.6,0.25,22.0,COOLING,0.25,22.0,COOLING,0.25,22.0,COOLING,0.25,22.0,COOLING,25.612,23.29,22.688,23.274,23.716,25.612,22.688,2.924,1121.46,148.63,150.43,142.77,255.0,340.0,255.0,340.0,223.96,357.53,454.13,357.88,-556.46,188.96,174.54,192.96,875.0,875.0,875.0,875.0,168.96,160.12,159.1,158.61,1563.29,1190.0,1393.5,3500.0,646.79,1.0,0.0,0.0,1.0,22.5,TARGETED_WEST_COMPUTE_COOL,24.3762
1,Localized Heavy Compute,0,647,6470.0,14,3,4,3,4,93.2,84.37,HEAVY,288.06,VERY HIGH,HEAVY LOAD,88.86,78.9,HEAVY,274.43,VERY HIGH,HEAVY LOAD,90.59,81.9,HEAVY,281.09,VERY HIGH,HEAVY LOAD,89.0,80.66,HEAVY,277.24,VERY HIGH,HEAVY LOAD,16.16,4.96,LIGHT,72.64,LOW,RUNNING,18.23,5.81,LIGHT,76.5,LOW,RUNNING,15.59,4.38,LIGHT,71.06,LOW,RUNNING,19.41,6.6,LIGHT,79.16,LOW,RUNNING,17.35,4.23,LIGHT,73.03,LOW,RUNNING,15.43,3.41,LIGHT,69.4,LOW,RUNNING,30.2,52.0,334.8,0.25,22.0,COOLING,0.25,22.0,COOLING,0.25,22.0,COOLING,0.25,22.0,COOLING,25.615,23.293,22.691,23.277,23.719,25.615,22.691,2.924,1120.82,149.14,150.22,142.43,255.0,340.0,255.0,340.0,224.19,357.81,454.46,358.16,-556.46,188.96,174.54,192.96,875.0,875.0,875.0,875.0,168.55,160.91,159.22,158.55,1562.61,1190.0,1394.62,3500.0,647.23,1.0,0.0,0.0,1.0,22.5,TARGETED_WEST_COMPUTE_COOL,24.4235
1,Localized Heavy Compute,0,648,6480.0,14,3,4,3,4,93.16,84.24,HEAVY,287.81,VERY HIGH,HEAVY LOAD,88.69,78.79,HEAVY,274.05,VERY HIGH,HEAVY LOAD,90.45,81.91,HEAVY,280.93,VERY HIGH,HEAVY LOAD,89.01,80.77,HEAVY,277.42,VERY HIGH,HEAVY LOAD,16.27,5.05,LIGHT,72.91,LOW,RUNNING,18.35,5.86,LIGHT,76.73,LOW,RUNNING,15.6,4.34,LIGHT,71.01,LOW,RUNNING,19.3,6.51,LIGHT,78.89,LOW,RUNNING,17.23,4.17,LIGHT,72.79,LOW,RUNNING,15.4,3.43,LIGHT,69.39,LOW,RUNNING,30.2,52.0,335.0,0.25,22.0,COOLING,0.25,22.0,COOLING,0.25,22.0,COOLING,0.25,22.0,COOLING,25.618,23.296,22.694,23.28,23.722,25.618,22.694,2.924,1120.21,149.64,149.9,142.18,255.0,340.0,255.0,340.0,224.2,357.88,454.56,358.22,-556.46,188.96,174.54,192.96,875.0,875.0,875.0,875.0,167.95,161.48,159.0,158.36,1561.93,1190.0,1394.86,3500.0,646.79,1.0,0.0,0.0,1.0,22.5,TARGETED_WEST_COMPUTE_COOL,24.4708
1,Localized Heavy Compute,0,649,6490.0,14,3,4,3,4,93.08,84.11,HEAVY,287.51,VERY HIGH,HEAVY LOAD,88.52,78.7,HEAVY,273.7,VERY HIGH,HEAVY LOAD,90.34,81.95,HEAVY,280.85,VERY HIGH,HEAVY LOAD,89.07,80.9,HEAVY,277.69,VERY HIGH,HEAVY LOAD,16.4,5.13,LIGHT,73.19,LOW,RUNNING,18.45,5.89,LIGHT,76.9,LOW,RUNNING,15.58,4.29,LIGHT,70.91,LOW,RUNNING,19.18,6.42,LIGHT,78.6,LOW,RUNNING,17.11,4.13,LIGHT,72.58,LOW,RUNNING,15.4,3.48,LIGHT,69.47,LOW,RUNNING,30.2,52.0,335.2,0.25,22.0,COOLING,0.25,22.0,COOLING,0.25,22.0,COOLING,0.25,22.0,COOLING,25.621,23.299,22.697,23.283,23.725,25.621,22.697,2.924,1119.75,150.09,149.51,142.05,255.0,340.0,255.0,340.0,224.21,357.94,454.68,358.28,-556.46,188.96,174.54,192.96,875.0,875.0,875.0,875.0,167.5,161.99,158.73,158.29,1561.4,1190.0,1395.11,3500.0,646.51,1.0,0.0,0.0,1.0,22.5,TARGETED_WEST_COMPUTE_COOL,24.5189
1,Localized Heavy Compute,0,650,6500.0,14,3,4,3,4,92.97,83.98,HEAVY,287.18,VERY HIGH,HEAVY LOAD,88.34,78.64,HEAVY,273.38,VERY HIGH,HEAVY LOAD,90.25,82.02,HEAVY,280.84,VERY HIGH,HEAVY LOAD,89.16,81.04,HEAVY,278.01,VERY HIGH,HEAVY LOAD,16.54,5.21,LIGHT,73.49,LOW,RUNNING,18.52,5.9,LIGHT,77.0,LOW,RUNNING,15.53,4.22,LIGHT,70.74,LOW,RUNNING,19.05,6.34,LIGHT,78.32,LOW,RUNNING,17.02,4.1,LIGHT,72.43,LOW,RUNNING,15.44,3.54,LIGHT,69.61,LOW,RUNNING,30.21,52.0,335.4,0.25,22.0,COOLING,0.25,22.0,COOLING,0.25,22.0,COOLING,0.25,22.0,COOLING,25.624,23.302,22.7,23.286,23.728,25.624,22.7,2.924,1119.41,150.49,149.06,142.04,255.0,340.0,255.0,340.0,224.43,358.21,455.0,358.55,-556.46,188.96,174.54,192.96,875.0,875.0,875.0,875.0,167.38,162.66,158.6,158.55,1561.0,1190.0,1396.19,3500.0,647.19,1.0,0.0,0.0,1.0,22.5,TARGETED_WEST_COMPUTE_COOL,24.568
1,Localized Heavy Compute,0,651,6510.0,14,3,4,3,4,92.83,83.85,HEAVY,286.81,VERY HIGH,HEAVY LOAD,88.17,78.61,HEAVY,273.13,VERY HIGH,HEAVY LOAD,90.21,82.11,HEAVY,280.93,VERY HIGH,HEAVY LOAD,89.28,81.17,HEAVY,278.36,VERY HIGH,HEAVY LOAD,16.67,5.28,LIGHT,73.76,LOW,RUNNING,18.58,5.89,LIGHT,77.06,LOW,RUNNING,15.45,4.14,LIGHT,70.52,LOW,RUNNING,18.91,6.26,LIGHT,78.03,LOW,RUNNING,16.95,4.1,LIGHT,72.34,LOW,RUNNING,15.5,3.61,LIGHT,69.79,LOW,RUNNING,30.21,52.0,335.6,0.25,22.0,COOLING,0.25,22.0,COOLING,0.25,22.0,COOLING,0.25,22.0,COOLING,25.627,23.305,22.703,23.289,23.731,25.627,22.703,2.924,1119.23,150.82,148.55,142.13,255.0,340.0,255.0,340.0,224.45,358.27,455.12,358.62,-556.46,188.96,174.54,192.96,875.0,875.0,875.0,875.0,167.22,163.05,158.21,158.71,1560.73,1190.0,1396.46,3500.0,647.19,1.0,0.0,0.0,1.0,22.5,TARGETED_WEST_COMPUTE_COOL,24.6176
1,Localized Heavy Compute,0,652,6520.0,14,3,4,3,4,92.67,83.74,HEAVY,286.45,VERY HIGH,HEAVY LOAD,88.01,78.6,HEAVY,272.91,VERY HIGH,HEAVY LOAD,90.2,82.22,HEAVY,281.08,VERY HIGH,HEAVY LOAD,89.42,81.29,HEAVY,278.71,VERY HIGH,HEAVY LOAD,16.79,5.34,LIGHT,74.0,LOW,RUNNING,18.6,5.86,LIGHT,77.04,LOW,RUNNING,15.35,4.05,LIGHT,70.26,LOW,RUNNING,18.78,6.19,LIGHT,77.76,LOW,RUNNING,16.91,4.12,LIGHT,72.32,LOW,RUNNING,15.58,3.69,LIGHT,70.01,LOW,RUNNING,30.22,52.0,335.8,0.25,22.0,COOLING,0.25,22.0,COOLING,0.25,22.0,COOLING,0.25,22.0,COOLING,25.63,23.308,22.706,23.292,23.734,25.63,22.706,2.924,1119.15,151.04,148.02,142.33,255.0,340.0,255.0,340.0,224.67,358.55,455.44,358.9,-556.46,188.96,174.54,192.96,875.0,875.0,875.0,875.0,167.36,163.55,158.0,159.19,1560.54,1190.0,1397.56,3500.0,648.1,1.0,0.0,0.0,1.0,22.5,TARGETED_WEST_COMPUTE_COOL,24.6681
1,Localized Heavy Compute,0,653,6530.0,14,3,4,3,4,92.5,83.64,HEAVY,286.09,VERY HIGH,HEAVY LOAD,87.88,78.63,HEAVY,272.79,VERY HIGH,HEAVY LOAD,90.24,82.34,HEAVY,281.31,VERY HIGH,HEAVY LOAD,89.59,81.4,HEAVY,279.09,VERY HIGH,HEAVY LOAD,16.9,5.38,LIGHT,74.19,LOW,RUNNING,18.59,5.81,LIGHT,76.95,LOW,RUNNING,15.24,3.96,LIGHT,69.99,LOW,RUNNING,18.66,6.14,LIGHT,77.53,LOW,RUNNING,16.9,4.15,LIGHT,72.35,LOW,RUNNING,15.69,3.78,LIGHT,70.28,LOW,RUNNING,30.22,52.0,336.0,0.25,22.0,COOLING,0.25,22.0,COOLING,0.25,22.0,COOLING,0.25,22.0,COOLING,25.633,23.311,22.709,23.295,23.737,25.633,22.709,2.924,1119.28,151.14,147.52,142.63,255.0,340.0,255.0,340.0,224.69,358.61,455.55,358.95,-556.46,188.96,174.54,192.96,875.0,875.0,875.0,875.0,167.51,163.71,157.61,159.54,1560.57,1190.0,1397.8,3500.0,648.37,1.0,0.0,0.0,1.0,22.5,TARGETED_WEST_COMPUTE_COOL,24.7191
1,Localized Heavy Compute,0,654,6540.0,14,3,4,3,4,92.32,83.56,HEAVY,285.74,VERY HIGH,HEAVY LOAD,87.79,78.68,HEAVY,272.76,VERY HIGH,HEAVY LOAD,90.31,82.48,HEAVY,281.61,VERY HIGH,HEAVY LOAD,89.77,81.49,HEAVY,279.45,VERY HIGH,HEAVY LOAD,16.99,5.4,LIGHT,74.34,LOW,RUNNING,18.55,5.75,LIGHT,76.81,LOW,RUNNING,15.11,3.87,LIGHT,69.69,LOW,RUNNING,18.56,6.11,LIGHT,77.37,LOW,RUNNING,16.92,4.21,LIGHT,72.47,LOW,RUNNING,15.81,3.87,LIGHT,70.57,LOW,RUNNING,30.23,52.0,336.2,0.25,22.0,COOLING,0.25,22.0,COOLING,0.25,22.0,COOLING,0.25,22.0,COOLING,25.636,23.314,22.712,23.298,23.74,25.636,22.712,2.924,1119.56,151.15,147.06,143.04,255.0,340.0,255.0,340.0,224.91,358.88,455.87,359.22,-556.46,188.96,174.54,192.96,875.0,875.0,875.0,875.0,168.01,163.99,157.47,160.22,1560.81,1190.0,1398.88,3500.0,649.69,1.0,0.0,0.0,1.0,22.5,TARGETED_WEST_COMPUTE_COOL,24.7711
1,Localized Heavy Compute,0,655,6550.0,14,3,4,3,4,92.14,83.52,HEAVY,285.45,VERY HIGH,HEAVY LOAD,87.72,78.76,HEAVY,272.79,VERY HIGH,HEAVY LOAD,90.42,82.61,HEAVY,281.94,VERY HIGH,HEAVY LOAD,89.95,81.56,HEAVY,279.78,VERY HIGH,HEAVY LOAD,17.06,5.4,LIGHT,74.42,LOW,RUNNING,18.49,5.68,LIGHT,76.63,LOW,RUNNING,14.97,3.79,LIGHT,69.4,LOW,RUNNING,18.48,6.1,LIGHT,77.25,LOW,RUNNING,16.97,4.27,LIGHT,72.62,LOW,RUNNING,15.94,3.96,LIGHT,70.86,LOW,RUNNING,30.23,52.0,336.5,0.25,22.0,COOLING,0.25,22.0,COOLING,0.25,22.0,COOLING,0.25,22.0,COOLING,25.639,23.317,22.715,23.301,23.743,25.639,22.715,2.924,1119.96,151.05,146.65,143.48,255.0,340.0,255.0,340.0,224.96,359.0,456.08,359.35,-556.46,188.96,174.54,192.96,875.0,875.0,875.0,875.0,168.46,164.01,157.27,160.79,1561.14,1190.0,1399.39,3500.0,650.53,1.0,0.0,0.0,1.0,22.5,TARGETED_WEST_COMPUTE_COOL,24.8232
1,Localized Heavy Compute,0,656,6560.0,14,3,4,3,4,91.98,83.5,HEAVY,285.23,VERY HIGH,HEAVY LOAD,87.7,78.87,HEAVY,272.93,VERY HIGH,HEAVY LOAD,90.55,82.74,HEAVY,282.3,VERY HIGH,HEAVY LOAD,90.12,81.59,HEAVY,280.04,VERY HIGH,HEAVY LOAD,17.09,5.38,LIGHT,74.43,LOW,RUNNING,18.4,5.59,LIGHT,76.39,LOW,RUNNING,14.84,3.72,LIGHT,69.13,LOW,RUNNING,18.43,6.11,LIGHT,77.2,LOW,RUNNING,17.04,4.35,LIGHT,72.83,LOW,RUNNING,16.08,4.03,LIGHT,71.14,LOW,RUNNING,30.23,52.0,336.7,0.25,22.0,COOLING,0.25,22.0,COOLING,0.25,22.0,COOLING,0.25,22.0,COOLING,25.642,23.32,22.718,23.304,23.746,25.642,22.718,2.924,1120.5,150.82,146.33,143.97,255.0,340.0,255.0,340.0,224.97,359.07,456.18,359.41,-556.46,188.96,174.54,192.96,875.0,875.0,875.0,875.0,169.01,163.85,157.05,161.34,1561.62,1190.0,1399.63,3500.0,651.25,1.0,0.0,0.0,1.0,22.5,TARGETED_WEST_COMPUTE_COOL,24.8759
1,Localized Heavy Compute,0,657,6570.0,14,3,4,3,4,91.84,83.51,HEAVY,285.07,VERY HIGH,HEAVY LOAD,87.72,78.99,HEAVY,273.13,VERY HIGH,HEAVY LOAD,90.71,82.86,HEAVY,282.68,VERY HIGH,HEAVY LOAD,90.27,81.6,HEAVY,280.24,VERY HIGH,HEAVY LOAD,17.1,5.34,LIGHT,74.39,LOW,RUNNING,18.29,5.5,LIGHT,76.11,LOW,RUNNING,14.72,3.67,LIGHT,68.91,LOW,RUNNING,18.4,6.14,LIGHT,77.21,LOW,RUNNING,17.14,4.44,LIGHT,73.08,LOW,RUNNING,16.21,4.1,LIGHT,71.41,LOW,RUNNING,30.24,52.0,336.9,0.25,22.0,COOLING,0.25,22.0,COOLING,0.25,22.0,COOLING,0.25,22.0,COOLING,25.645,23.323,22.721,23.307,23.749,25.645,22.721,2.924,1121.12,150.5,146.12,144.49,255.0,340.0,255.0,340.0,225.2,359.34,456.51,359.68,-556.46,188.96,174.54,192.96,875.0,875.0,875.0,875.0,169.86,163.8,157.17,162.13,1562.23,1190.0,1400.73,3500.0,652.96,1.0,0.0,0.0,1.0,22.5,TARGETED_WEST_COMPUTE_COOL,24.9293
1,Localized Heavy Compute,0,658,6580.0,14,3,4,3,4,91.73,83.55,HEAVY,284.99,VERY HIGH,HEAVY LOAD,87.77,79.12,HEAVY,273.39,VERY HIGH,HEAVY LOAD,90.89,82.95,HEAVY,283.04,VERY HIGH,HEAVY LOAD,90.41,81.58,HEAVY,280.38,VERY HIGH,HEAVY LOAD,17.08,5.28,LIGHT,74.27,LOW,RUNNING,18.17,5.41,LIGHT,75.83,LOW,RUNNING,14.61,3.62,LIGHT,68.69,LOW,RUNNING,18.41,6.18,LIGHT,77.28,LOW,RUNNING,17.25,4.53,LIGHT,73.36,LOW,RUNNING,16.33,4.15,LIGHT,71.64,LOW,RUNNING,30.24,52.0,337.1,0.25,22.0,COOLING,0.25,22.0,COOLING,0.25,22.0,COOLING,0.25,22.0,COOLING,25.648,23.326,22.724,23.31,23.752,25.648,22.724,2.924,1121.8,150.1,145.97,145.0,255.0,340.0,255.0,340.0,225.2,359.41,456.62,359.75,-556.46,188.96,174.54,192.96,875.0,875.0,875.0,875.0,170.54,163.47,157.13,162.71,1562.87,1190.0,1400.98,3500.0,653.85,1.0,0.0,0.0,1.0,22.5,TARGETED_WEST_COMPUTE_COOL,24.9827
1,Localized Heavy Compute,0,659,6590.0,14,3,4,3,4,91.65,83.62,HEAVY,284.99,VERY HIGH,HEAVY LOAD,87.86,79.25,HEAVY,273.7,VERY HIGH,HEAVY LOAD,91.07,83.03,HEAVY,283.38,VERY HIGH,HEAVY LOAD,90.51,81.52,HEAVY,280.42,VERY HIGH,HEAVY LOAD,17.02,5.21,LIGHT,74.09,LOW,RUNNING,18.04,5.33,LIGHT,75.55,LOW,RUNNING,14.52,3.6,LIGHT,68.55,LOW,RUNNING,18.44,6.24,LIGHT,77.41,LOW,RUNNING,17.38,4.62,LIGHT,73.66,LOW,RUNNING,16.43,4.19,LIGHT,71.82,LOW,RUNNING,30.25,52.0,337.3,0.25,22.0,COOLING,0.25,22.0,COOLING,0.25,22.0,COOLING,0.25,22.0,COOLING,25.651,23.329,22.727,23.313,23.755,25.651,22.727,2.924,1122.49,149.64,145.96,145.48,255.0,340.0,255.0,340.0,225.43,359.68,456.95,360.02,-556.46,188.96,174.54,192.96,875.0,875.0,875.0,875.0,171.46,163.28,157.45,163.46,1563.57,1190.0,1402.08,3500.0,655.65,1.0,0.0,0.0,1.0,22.5,TARGETED_WEST_COMPUTE_COOL,25.0366
1,Localized Heavy Compute,0,660,6600.0,14,3,4,3,4,91.61,83.72,HEAVY,285.09,VERY HIGH,HEAVY LOAD,87.99,79.38,HEAVY,274.06,VERY HIGH,HEAVY LOAD,91.24,83.08,HEAVY,283.67,VERY HIGH,HEAVY LOAD,90.57,81.44,HEAVY,280.37,VERY HIGH,HEAVY LOAD,16.94,5.13,LIGHT,73.87,LOW,RUNNING,17.9,5.25,LIGHT,75.25,LOW,RUNNING,14.45,3.6,LIGHT,68.46,LOW,RUNNING,18.5,6.32,LIGHT,77.61,LOW,RUNNING,17.51,4.7,LIGHT,73.94,LOW,RUNNING,16.51,4.2,LIGHT,71.94,LOW,RUNNING,30.25,52.0,337.5,0.25,22.0,COOLING,0.25,22.0,COOLING,0.25,22.0,COOLING,0.25,22.0,COOLING,25.655,23.332,22.73,23.316,23.758,25.655,22.73,2.925,1123.19,149.12,146.07,145.88,255.0,340.0,255.0,340.0,225.44,359.74,457.05,360.09,-556.46,188.96,174.54,192.96,875.0,875.0,875.0,875.0,172.17,162.82,157.66,163.93,1564.26,1190.0,1402.32,3500.0,656.58,1.0,0.0,0.0,1.0,22.5,TARGETED_WEST_COMPUTE_COOL,25.1143
1,Localized Heavy Compute,0,661,6610.0,14,3,4,3,4,91.6,83.83,HEAVY,285.25,VERY HIGH,HEAVY LOAD,88.14,79.5,HEAVY,274.43,VERY HIGH,HEAVY LOAD,91.41,83.1,HEAVY,283.91,VERY HIGH,HEAVY LOAD,90.6,81.34,HEAVY,280.26,VERY HIGH,HEAVY LOAD,16.84,5.04,LIGHT,73.61,LOW,RUNNING,17.77,5.19,LIGHT,75.0,LOW,RUNNING,14.41,3.62,LIGHT,68.44,LOW,RUNNING,18.59,6.4,LIGHT,77.84,LOW,RUNNING,17.65,4.77,LIGHT,74.22,LOW,RUNNING,16.57,4.19,LIGHT,72.0,LOW,RUNNING,30.25,52.0,337.7,0.25,22.0,COOLING,0.25,22.0,COOLING,0.25,22.0,COOLING,0.25,22.0,COOLING,25.659,23.335,22.733,23.319,23.761,25.659,22.733,2.926,1123.85,148.61,146.28,146.22,255.0,340.0,255.0,340.0,225.43,359.8,457.17,360.14,-556.7,189.07,174.55,193.07,875.0,875.0,875.0,875.0,172.58,162.48,158.0,164.43,1564.96,1190.0,1402.54,3500.0,657.49,1.0,0.0,0.0,1.0,22.5,TARGETED_WEST_COMPUTE_COOL,25.1913
1,Localized Heavy Compute,0,662,6620.0,14,3,4,3,4,91.64,83.96,HEAVY,285.49,VERY HIGH,HEAVY LOAD,88.31,79.61,HEAVY,274.8,VERY HIGH,HEAVY LOAD,91.55,83.09,HEAVY,284.07,VERY HIGH,HEAVY LOAD,90.59,81.23,HEAVY,280.08,VERY HIGH,HEAVY LOAD,16.73,4.95,LIGHT,73.34,LOW,RUNNING,17.65,5.14,LIGHT,74.77,LOW,RUNNING,14.4,3.66,LIGHT,68.49,LOW,RUNNING,18.7,6.49,LIGHT,78.11,LOW,RUNNING,17.77,4.83,LIGHT,74.46,LOW,RUNNING,16.6,4.17,LIGHT,72.0,LOW,RUNNING,30.26,52.0,337.9,0.25,22.0,COOLING,0.25,22.0,COOLING,0.25,22.0,COOLING,0.25,22.0,COOLING,25.663,23.338,22.736,23.322,23.765,25.663,22.736,2.927,1124.44,148.11,146.6,146.46,255.0,340.0,255.0,340.0,225.63,360.08,457.49,360.42,-556.93,189.18,174.57,193.18,875.0,875.0,875.0,875.0,173.14,162.37,158.66,165.06,1565.61,1190.0,1403.62,3500.0,659.23,1.0,0.0,0.0,1.0,22.5,TARGETED_WEST_COMPUTE_COOL,25.269
1,Localized Heavy Compute,0,663,6630.0,14,3,4,3,4,91.72,84.09,HEAVY,285.78,VERY HIGH,HEAVY LOAD,88.48,79.7,HEAVY,275.15,VERY HIGH,HEAVY LOAD,91.66,83.05,HEAVY,284.15,VERY HIGH,HEAVY LOAD,90.53,81.1,HEAVY,279.81,VERY HIGH,HEAVY LOAD,16.6,4.87,LIGHT,73.06,LOW,RUNNING,17.55,5.11,LIGHT,74.6,LOW,RUNNING,14.42,3.71,LIGHT,68.59,LOW,RUNNING,18.82,6.58,LIGHT,78.4,LOW,RUNNING,17.89,4.87,LIGHT,74.67,LOW,RUNNING,16.6,4.12,LIGHT,71.93,LOW,RUNNING,30.26,52.0,338.1,0.25,22.0,COOLING,0.25,22.0,COOLING,0.25,22.0,COOLING,0.25,22.0,COOLING,25.667,23.341,22.739,23.325,23.768,25.667,22.739,2.928,1124.89,147.66,146.99,146.6,255.0,340.0,255.0,340.0,225.63,360.13,457.61,360.48,-557.16,189.29,174.58,193.29,875.0,875.0,875.0,875.0,173.36,162.08,159.18,165.37,1566.14,1190.0,1403.85,3500.0,659.99,1.0,0.0,0.0,1.0,22.5,TARGETED_WEST_COMPUTE_COOL,25.3461
1,Localized Heavy Compute,0,664,6640.0,14,3,4,3,4,91.83,84.22,HEAVY,286.12,VERY HIGH,HEAVY LOAD,88.66,79.76,HEAVY,275.47,VERY HIGH,HEAVY LOAD,91.75,82.98,HEAVY,284.16,VERY HIGH,HEAVY LOAD,90.44,80.96,HEAVY,279.49,VERY HIGH,HEAVY LOAD,16.46,4.79,LIGHT,72.76,LOW,RUNNING,17.48,5.1,LIGHT,74.5,LOW,RUNNING,14.47,3.78,LIGHT,68.76,LOW,RUNNING,18.95,6.66,LIGHT,78.68,LOW,RUNNING,17.98,4.9,LIGHT,74.82,LOW,RUNNING,16.56,4.06,LIGHT,71.79,LOW,RUNNING,30.27,52.0,338.3,0.25,22.0,COOLING,0.25,22.0,COOLING,0.25,22.0,COOLING,0.25,22.0,COOLING,25.671,23.344,22.742,23.328,23.771,25.671,22.742,2.929,1125.24,147.26,147.44,146.61,255.0,340.0,255.0,340.0,225.82,360.41,457.93,360.76,-557.4,189.4,174.6,193.4,875.0,875.0,875.0,875.0,173.66,162.07,159.97,165.77,1566.55,1190.0,1404.92,3500.0,661.47,1.0,0.0,0.0,1.0,22.5,TARGETED_WEST_COMPUTE_COOL,25.4236
1,Localized Heavy Compute,0,665,6650.0,14,3,4,3,4,91.97,84.35,HEAVY,286.49,VERY HIGH,HEAVY LOAD,88.83,79.79,HEAVY,275.72,VERY HIGH,HEAVY LOAD,91.79,82.89,HEAVY,284.07,VERY HIGH,HEAVY LOAD,90.32,80.83,HEAVY,279.14,VERY HIGH,HEAVY LOAD,16.33,4.72,LIGHT,72.49,LOW,RUNNING,17.42,5.11,LIGHT,74.44,LOW,RUNNING,14.55,3.86,LIGHT,68.98,LOW,RUNNING,19.09,6.74,LIGHT,78.97,LOW,RUNNING,18.05,4.9,LIGHT,74.91,LOW,RUNNING,16.5,3.99,LIGHT,71.61,LOW,RUNNING,30.27,52.0,338.5,0.25,22.0,COOLING,0.25,22.0,COOLING,0.25,22.0,COOLING,0.25,22.0,COOLING,25.675,23.347,22.745,23.331,23.774,25.675,22.745,2.93,1125.42,146.93,147.95,146.52,255.0,340.0,255.0,340.0,225.82,360.47,458.04,360.81,-557.63,189.51,174.61,193.51,875.0,875.0,875.0,875.0,173.61,161.91,160.6,165.84,1566.82,1190.0,1405.14,3500.0,661.96,1.0,0.0,0.0,1.0,22.5,TARGETED_WEST_COMPUTE_COOL,25.5006
1,Localized Heavy Compute,0,666,6660.0,14,3,4,3,4,92.13,84.46,HEAVY,286.85,VERY HIGH,HEAVY LOAD,88.99,79.8,HEAVY,275.94,VERY HIGH,HEAVY LOAD,91.8,82.78,HEAVY,283.92,VERY HIGH,HEAVY LOAD,90.18,80.71,HEAVY,278.79,VERY HIGH,HEAVY LOAD,16.21,4.66,LIGHT,72.25,LOW,RUNNING,17.4,5.14,LIGHT,74.46,LOW,RUNNING,14.65,3.95,LIGHT,69.24,LOW,RUNNING,19.22,6.81,LIGHT,79.24,LOW,RUNNING,18.09,4.88,LIGHT,74.93,LOW,RUNNING,16.42,3.91,LIGHT,71.39,LOW,RUNNING,30.27,52.0,338.8,0.25,22.0,COOLING,0.25,22.0,COOLING,0.25,22.0,COOLING,0.25,22.0,COOLING,25.679,23.35,22.748,23.334,23.778,25.679,22.748,2.931,1125.5,146.71,148.48,146.32,255.0,340.0,255.0,340.0,225.84,360.59,458.24,360.94,-557.87,189.62,174.63,193.62,875.0,875.0,875.0,875.0,173.47,161.92,161.35,165.88,1567.01,1190.0,1405.61,3500.0,662.62,1.0,0.0,0.0,1.0,22.5,TARGETED_WEST_COMPUTE_COOL,25.5776
1,Localized Heavy Compute,0,667,6670.0,14,3,4,3,4,92.3,84.56,HEAVY,287.22,VERY HIGH,HEAVY LOAD,89.12,79.77,HEAVY,276.06,VERY HIGH,HEAVY LOAD,91.76,82.66,HEAVY,283.69,VERY HIGH,HEAVY LOAD,90.01,80.6,HEAVY,278.41,VERY HIGH,HEAVY LOAD,16.1,4.62,LIGHT,72.06,LOW,RUNNING,17.41,5.19,LIGHT,74.55,LOW,RUNNING,14.76,4.04,LIGHT,69.51,LOW,RUNNING,19.34,6.86,LIGHT,79.47,LOW,RUNNING,18.1,4.85,LIGHT,74.9,LOW,RUNNING,16.31,3.82,LIGHT,71.12,LOW,RUNNING,30.28,52.0,339.0,0.25,22.0,COOLING,0.25,22.0,COOLING,0.25,22.0,COOLING,0.25,22.0,COOLING,25.683,23.353,22.751,23.337,23.781,25.683,22.751,2.932,1125.38,146.61,148.98,146.02,255.0,340.0,255.0,340.0,226.04,360.88,458.56,361.22,-558.1,189.73,174.64,193.73,875.0,875.0,875.0,875.0,173.32,162.22,162.18,165.97,1566.99,1190.0,1406.7,3500.0,663.69,1.0,0.0,0.0,1.0,22.5,TARGETED_WEST_COMPUTE_COOL,25.655
1,Localized Heavy Compute,0,668,6680.0,14,3,4,3,4,92.48,84.64,HEAVY,287.56,VERY HIGH,HEAVY LOAD,89.21,79.72,HEAVY,276.09,VERY HIGH,HEAVY LOAD,91.69,82.52,HEAVY,283.39,VERY HIGH,HEAVY LOAD,89.83,80.51,HEAVY,278.05,VERY HIGH,HEAVY LOAD,16.01,4.6,LIGHT,71.91,LOW,RUNNING,17.45,5.25,LIGHT,74.69,LOW,RUNNING,14.89,4.13,LIGHT,69.81,LOW,RUNNING,19.44,6.89,LIGHT,79.63,LOW,RUNNING,18.08,4.79,LIGHT,74.78,LOW,RUNNING,16.19,3.73,LIGHT,70.83,LOW,RUNNING,30.28,52.0,339.2,0.25,22.0,COOLING,0.25,22.0,COOLING,0.25,22.0,COOLING,0.25,22.0,COOLING,25.687,23.356,22.754,23.34,23.784,25.687,22.754,2.933,1125.09,146.6,149.44,145.61,255.0,340.0,255.0,340.0,226.04,360.93,458.67,361.27,-558.34,189.84,174.66,193.84,875.0,875.0,875.0,875.0,172.79,162.37,162.77,165.72,1566.74,1190.0,1406.91,3500.0,663.65,1.0,0.0,0.0,1.0,22.5,TARGETED_WEST_COMPUTE_COOL,25.7318
1,Localized Heavy Compute,0,669,6690.0,14,3,4,3,4,92.66,84.68,HEAVY,287.85,VERY HIGH,HEAVY LOAD,89.28,79.64,HEAVY,276.06,VERY HIGH,HEAVY LOAD,91.58,82.39,HEAVY,283.06,VERY HIGH,HEAVY LOAD,89.65,80.44,HEAVY,277.72,VERY HIGH,HEAVY LOAD,15.94,4.6,LIGHT,71.83,LOW,RUNNING,17.51,5.32,LIGHT,74.87,LOW,RUNNING,15.03,4.21,LIGHT,70.1,LOW,RUNNING,19.52,6.9,LIGHT,79.75,LOW,RUNNING,18.03,4.73,LIGHT,74.63,LOW,RUNNING,16.06,3.64,LIGHT,70.53,LOW,RUNNING,30.29,52.0,339.4,0.25,22.0,COOLING,0.25,22.0,COOLING,0.25,22.0,COOLING,0.25,22.0,COOLING,25.691,23.359,22.757,23.343,23.788,25.691,22.757,2.934,1124.69,146.7,149.85,145.16,255.0,340.0,255.0,340.0,226.23,361.2,458.99,361.54,-558.58,189.95,174.67,193.95,875.0,875.0,875.0,875.0,172.34,162.85,163.51,165.65,1566.4,1190.0,1407.96,3500.0,664.35,1.0,0.0,0.0,1.0,22.5,TARGETED_WEST_COMPUTE_COOL,25.8092
1,Localized Heavy Compute,0,670,6700.0,14,3,4,3,4,92.82,84.7,HEAVY,288.07,VERY HIGH,HEAVY LOAD,89.3,79.53,HEAVY,275.92,VERY HIGH,HEAVY LOAD,91.45,82.26,HEAVY,282.7,VERY HIGH,HEAVY LOAD,89.48,80.41,HEAVY,277.47,VERY HIGH,HEAVY LOAD,15.91,4.62,LIGHT,71.82,LOW,RUNNING,17.6,5.41,LIGHT,75.11,LOW,RUNNING,15.16,4.28,LIGHT,70.37,LOW,RUNNING,19.57,6.89,LIGHT,79.8,LOW,RUNNING,17.96,4.65,LIGHT,74.43,LOW,RUNNING,15.92,3.57,LIGHT,70.26,LOW,RUNNING,30.29,52.0,339.6,0.25,22.0,COOLING,0.25,22.0,COOLING,0.25,22.0,COOLING,0.25,22.0,COOLING,25.695,23.362,22.76,23.346,23.791,25.695,22.76,2.935,1124.16,146.93,150.17,144.69,255.0,340.0,255.0,340.0,226.23,361.27,459.11,361.61,-558.81,190.06,174.69,194.06,875.0,875.0,875.0,875.0,171.58,163.26,163.97,165.36,1565.95,1190.0,1408.22,3500.0,664.17,1.0,0.0,0.0,1.0,22.5,TARGETED_WEST_COMPUTE_COOL,25.8862
1,Localized Heavy Compute,0,671,6710.0,14,3,4,3,4,92.96,84.69,HEAVY,288.24,VERY HIGH,HEAVY LOAD,89.28,79.41,HEAVY,275.72,VERY HIGH,HEAVY LOAD,91.29,82.14,HEAVY,282.32,VERY HIGH,HEAVY LOAD,89.33,80.4,HEAVY,277.26,VERY HIGH,HEAVY LOAD,15.9,4.66,LIGHT,71.86,LOW,RUNNING,17.71,5.5,LIGHT,75.39,LOW,RUNNING,15.28,4.33,LIGHT,70.59,LOW,RUNNING,19.6,6.86,LIGHT,79.79,LOW,RUNNING,17.86,4.56,LIGHT,74.17,LOW,RUNNING,15.79,3.5,LIGHT,69.99,LOW,RUNNING,30.3,52.0,339.8,0.25,22.0,COOLING,0.25,22.0,COOLING,0.25,22.0,COOLING,0.25,22.0,COOLING,25.698,23.365,22.763,23.349,23.794,25.698,22.763,2.935,1123.54,147.25,150.38,144.16,255.0,340.0,255.0,340.0,226.43,361.55,459.43,361.89,-559.05,190.17,174.7,194.17,875.0,875.0,875.0,875.0,170.92,163.97,164.51,165.22,1565.33,1190.0,1409.3,3500.0,664.62,1.0,0.0,0.0,1.0,22.5,TARGETED_WEST_COMPUTE_COOL,25.939
1,Localized Heavy Compute,0,672,6720.0,14,3,4,3,4,93.07,84.65,HEAVY,288.31,VERY HIGH,HEAVY LOAD,89.23,79.28,HEAVY,275.46,VERY HIGH,HEAVY LOAD,91.11,82.05,HEAVY,281.96,VERY HIGH,HEAVY LOAD,89.19,80.42,HEAVY,277.12,VERY HIGH,HEAVY LOAD,15.92,4.72,LIGHT,71.98,LOW,RUNNING,17.83,5.59,LIGHT,75.67,LOW,RUNNING,15.39,4.38,LIGHT,70.81,LOW,RUNNING,19.59,6.82,LIGHT,79.72,LOW,RUNNING,17.75,4.47,LIGHT,73.89,LOW,RUNNING,15.67,3.45,LIGHT,69.76,LOW,RUNNING,30.3,52.0,340.0,0.25,22.0,COOLING,0.25,22.0,COOLING,0.25,22.0,COOLING,0.25,22.0,COOLING,25.701,23.368,22.766,23.352,23.797,25.701,22.766,2.935,1122.85,147.65,150.53,143.65,255.0,340.0,255.0,340.0,226.44,361.6,459.55,361.95,-559.05,190.17,174.7,194.17,875.0,875.0,875.0,875.0,170.24,164.42,164.78,164.77,1564.68,1190.0,1409.54,3500.0,664.21,1.0,0.0,0.0,1.0,22.5,TARGETED_WEST_COMPUTE_COOL,25.9921
1,Localized Heavy Compute,0,673,6730.0,14,3,4,3,4,93.15,84.58,HEAVY,288.31,VERY HIGH,HEAVY LOAD,89.14,79.15,HEAVY,275.15,VERY HIGH,HEAVY LOAD,90.93,81.97,HEAVY,281.62,VERY HIGH,HEAVY LOAD,89.09,80.48,HEAVY,277.08,VERY HIGH,HEAVY LOAD,15.98,4.79,LIGHT,72.16,LOW,RUNNING,17.96,5.67,LIGHT,75.95,LOW,RUNNING,15.48,4.4,LIGHT,70.95,LOW,RUNNING,19.56,6.76,LIGHT,79.59,LOW,RUNNING,17.62,4.38,LIGHT,73.59,LOW,RUNNING,15.57,3.41,LIGHT,69.58,LOW,RUNNING,30.3,52.0,340.2,0.25,22.0,COOLING,0.25,22.0,COOLING,0.25,22.0,COOLING,0.25,22.0,COOLING,25.704,23.371,22.769,23.355,23.8,25.704,22.769,2.935,1122.16,148.11,150.54,143.17,255.0,340.0,255.0,340.0,226.45,361.66,459.65,362.0,-559.05,190.17,174.71,194.17,875.0,875.0,875.0,875.0,169.56,164.94,164.9,164.34,1563.98,1190.0,1409.76,3500.0,663.74,1.0,0.0,0.0,1.0,22.5,TARGETED_WEST_COMPUTE_COOL,26.0456
1,Localized Heavy Compute,0,674,6740.0,14,3,4,3,4,93.19,84.48,HEAVY,288.21,VERY HIGH,HEAVY LOAD,89.01,79.02,HEAVY,274.79,VERY HIGH,HEAVY LOAD,90.76,81.92,HEAVY,281.33,VERY HIGH,HEAVY LOAD,89.03,80.56,HEAVY,277.13,VERY HIGH,HEAVY LOAD,16.06,4.87,LIGHT,72.38,LOW,RUNNING,18.1,5.75,LIGHT,76.25,LOW,RUNNING,15.55,4.4,LIGHT,71.04,LOW,RUNNING,19.5,6.68,LIGHT,79.39,LOW,RUNNING,17.49,4.3,LIGHT,73.31,LOW,RUNNING,15.49,3.4,LIGHT,69.46,LOW,RUNNING,30.31,52.0,340.4,0.25,22.0,COOLING,0.25,22.0,COOLING,0.25,22.0,COOLING,0.25,22.0,COOLING,25.707,23.374,22.772,23.358,23.803,25.707,22.772,2.935,1121.46,148.63,150.43,142.77,255.0,340.0,255.0,340.0,226.68,361.94,459.98,362.28,-559.05,190.17,174.71,194.17,875.0,875.0,875.0,875.0,169.09,165.74,165.12,164.22,1563.29,1190.0,1410.88,3500.0,664.17,1.0,0.0,0.0,1.0,22.5,TARGETED_WEST_COMPUTE_COOL,26.1
1,Localized Heavy Compute,0,675,6750.0,14,3,4,3,4,93.2,84.37,HEAVY,288.06,VERY HIGH,HEAVY LOAD,88.86,78.9,HEAVY,274.43,VERY HIGH,HEAVY LOAD,90.59,81.9,HEAVY,281.09,VERY HIGH,HEAVY LOAD,89.0,80.66,HEAVY,277.24,VERY HIGH,HEAVY LOAD,16.16,4.96,LIGHT,72.64,LOW,RUNNING,18.23,5.81,LIGHT,76.5,LOW,RUNNING,15.59,4.38,LIGHT,71.06,LOW,RUNNING,19.41,6.6,LIGHT,79.16,LOW,RUNNING,17.35,4.23,LIGHT,73.03,LOW,RUNNING,15.43,3.41,LIGHT,69.4,LOW,RUNNING,30.31,52.0,340.6,0.25,22.0,COOLING,0.25,22.0,COOLING,0.25,22.0,COOLING,0.25,22.0,COOLING,25.71,23.377,22.775,23.361,23.806,25.71,22.775,2.935,1120.82,149.14,150.22,142.43,255.0,340.0,255.0,340.0,226.68,362.0,460.09,362.35,-559.05,190.17,174.71,194.17,875.0,875.0,875.0,875.0,168.45,166.31,165.02,163.95,1562.61,1190.0,1411.12,3500.0,663.73,1.0,0.0,0.0,1.0,22.5,TARGETED_WEST_COMPUTE_COOL,26.1545
1,Localized Heavy Compute,0,676,6760.0,14,3,4,3,4,93.16,84.24,HEAVY,287.81,VERY HIGH,HEAVY LOAD,88.69,78.79,HEAVY,274.05,VERY HIGH,HEAVY LOAD,90.45,81.91,HEAVY,280.93,VERY HIGH,HEAVY LOAD,89.01,80.77,HEAVY,277.42,VERY HIGH,HEAVY LOAD,16.27,5.05,LIGHT,72.91,LOW,RUNNING,18.35,5.86,LIGHT,76.73,LOW,RUNNING,15.6,4.34,LIGHT,71.01,LOW,RUNNING,19.3,6.51,LIGHT,78.89,LOW,RUNNING,17.23,4.17,LIGHT,72.79,LOW,RUNNING,15.4,3.43,LIGHT,69.39,LOW,RUNNING,30.32,52.0,340.8,0.25,22.0,COOLING,0.25,22.0,COOLING,0.25,22.0,COOLING,0.25,22.0,COOLING,25.713,23.38,22.778,23.364,23.809,25.713,22.778,2.935,1120.21,149.64,149.9,142.18,255.0,340.0,255.0,340.0,226.91,362.27,460.42,362.62,-559.05,190.17,174.71,194.17,875.0,875.0,875.0,875.0,168.07,167.08,165.03,163.97,1561.93,1190.0,1412.22,3500.0,664.15,1.0,0.0,0.0,1.0,22.5,TARGETED_WEST_COMPUTE_COOL,26.21
1,Localized Heavy Compute,0,677,6770.0,14,3,4,3,4,93.08,84.11,HEAVY,287.51,VERY HIGH,HEAVY LOAD,88.52,78.7,HEAVY,273.7,VERY HIGH,HEAVY LOAD,90.34,81.95,HEAVY,280.85,VERY HIGH,HEAVY LOAD,89.07,80.9,HEAVY,277.69,VERY HIGH,HEAVY LOAD,16.4,5.13,LIGHT,73.19,LOW,RUNNING,18.45,5.89,LIGHT,76.9,LOW,RUNNING,15.58,4.29,LIGHT,70.91,LOW,RUNNING,19.18,6.42,LIGHT,78.6,LOW,RUNNING,17.11,4.13,LIGHT,72.58,LOW,RUNNING,15.4,3.48,LIGHT,69.47,LOW,RUNNING,30.32,52.0,341.0,0.25,22.0,COOLING,0.25,22.0,COOLING,0.25,22.0,COOLING,0.25,22.0,COOLING,25.716,23.383,22.781,23.367,23.812,25.716,22.781,2.935,1119.75,150.09,149.51,142.05,255.0,340.0,255.0,340.0,226.93,362.33,460.53,362.67,-559.05,190.17,174.71,194.17,875.0,875.0,875.0,875.0,167.63,167.59,164.75,163.89,1561.4,1190.0,1412.46,3500.0,663.86,1.0,0.0,0.0,1.0,22.5,TARGETED_WEST_COMPUTE_COOL,26.2658
1,Localized Heavy Compute,0,678,6780.0,14,3,4,3,4,92.97,83.98,HEAVY,287.18,VERY HIGH,HEAVY LOAD,88.34,78.64,HEAVY,273.38,VERY HIGH,HEAVY LOAD,90.25,82.02,HEAVY,280.84,VERY HIGH,HEAVY LOAD,89.16,81.04,HEAVY,278.01,VERY HIGH,HEAVY LOAD,16.54,5.21,LIGHT,73.49,LOW,RUNNING,18.52,5.9,LIGHT,77.0,LOW,RUNNING,15.53,4.22,LIGHT,70.74,LOW,RUNNING,19.05,6.34,LIGHT,78.32,LOW,RUNNING,17.02,4.1,LIGHT,72.43,LOW,RUNNING,15.44,3.54,LIGHT,69.61,LOW,RUNNING,30.32,52.0,341.2,0.25,22.0,COOLING,0.25,22.0,COOLING,0.25,22.0,COOLING,0.25,22.0,COOLING,25.719,23.386,22.784,23.37,23.815,25.719,22.784,2.935,1119.41,150.49,149.06,142.04,255.0,340.0,255.0,340.0,226.94,362.4,460.64,362.74,-559.05,190.17,174.71,194.17,875.0,875.0,875.0,875.0,167.3,168.06,164.41,163.95,1561.0,1190.0,1412.72,3500.0,663.72,1.0,0.0,0.0,1.0,22.5,TARGETED_WEST_COMPUTE_COOL,26.3222
1,Localized Heavy Compute,0,679,6790.0,14,3,4,3,4,92.83,83.85,HEAVY,286.81,VERY HIGH,HEAVY LOAD,88.17,78.61,HEAVY,273.13,VERY HIGH,HEAVY LOAD,90.21,82.11,HEAVY,280.93,VERY HIGH,HEAVY LOAD,89.28,81.17,HEAVY,278.36,VERY HIGH,HEAVY LOAD,16.67,5.28,LIGHT,73.76,LOW,RUNNING,18.58,5.89,LIGHT,77.06,LOW,RUNNING,15.45,4.14,LIGHT,70.52,LOW,RUNNING,18.91,6.26,LIGHT,78.03,LOW,RUNNING,16.95,4.1,LIGHT,72.34,LOW,RUNNING,15.5,3.61,LIGHT,69.79,LOW,RUNNING,30.33,52.0,341.5,0.25,22.0,COOLING,0.25,22.0,COOLING,0.25,22.0,COOLING,0.25,22.0,COOLING,25.722,23.389,22.787,23.373,23.818,25.722,22.787,2.935,1119.23,150.82,148.55,142.13,255.0,340.0,255.0,340.0,227.2,362.74,461.05,363.08,-559.05,190.17,174.71,194.17,875.0,875.0,875.0,875.0,167.38,168.73,164.31,164.38,1560.73,1190.0,1414.07,3500.0,664.8,1.0,0.0,0.0,1.0,22.5,TARGETED_WEST_COMPUTE_COOL,26.3801
1,Localized Heavy Compute,0,680,6800.0,14,3,4,3,4,92.67,83.74,HEAVY,286.45,VERY HIGH,HEAVY LOAD,88.01,78.6,HEAVY,272.91,VERY HIGH,HEAVY LOAD,90.2,82.22,HEAVY,281.08,VERY HIGH,HEAVY LOAD,89.42,81.29,HEAVY,278.71,VERY HIGH,HEAVY LOAD,16.79,5.34,LIGHT,74.0,LOW,RUNNING,18.6,5.86,LIGHT,77.04,LOW,RUNNING,15.35,4.05,LIGHT,70.26,LOW,RUNNING,18.78,6.19,LIGHT,77.76,LOW,RUNNING,16.91,4.12,LIGHT,72.32,LOW,RUNNING,15.58,3.69,LIGHT,70.01,LOW,RUNNING,30.33,52.0,341.7,0.25,22.0,COOLING,0.25,22.0,COOLING,0.25,22.0,COOLING,0.25,22.0,COOLING,25.725,23.392,22.79,23.376,23.821,25.725,22.79,2.935,1119.15,151.04,148.02,142.33,255.0,340.0,255.0,340.0,227.21,362.79,461.16,363.14,-559.05,190.17,174.71,194.17,875.0,875.0,875.0,875.0,167.31,169.0,163.89,164.64,1560.54,1190.0,1414.3,3500.0,664.84,1.0,0.0,0.0,1.0,22.5,TARGETED_WEST_COMPUTE_COOL,26.438
1,Localized Heavy Compute,0,681,6810.0,14,3,4,3,4,92.5,83.64,HEAVY,286.09,VERY HIGH,HEAVY LOAD,87.88,78.63,HEAVY,272.79,VERY HIGH,HEAVY LOAD,90.24,82.34,HEAVY,281.31,VERY HIGH,HEAVY LOAD,89.59,81.4,HEAVY,279.09,VERY HIGH,HEAVY LOAD,16.9,5.38,LIGHT,74.19,LOW,RUNNING,18.59,5.81,LIGHT,76.95,LOW,RUNNING,15.24,3.96,LIGHT,69.99,LOW,RUNNING,18.66,6.14,LIGHT,77.53,LOW,RUNNING,16.9,4.15,LIGHT,72.35,LOW,RUNNING,15.69,3.78,LIGHT,70.28,LOW,RUNNING,30.34,52.0,341.9,0.25,22.0,COOLING,0.25,22.0,COOLING,0.25,22.0,COOLING,0.25,22.0,COOLING,25.728,23.395,22.793,23.379,23.824,25.728,22.793,2.935,1119.28,151.14,147.52,142.63,255.0,340.0,255.0,340.0,227.43,363.07,461.49,363.42,-559.05,190.17,174.71,194.17,875.0,875.0,875.0,875.0,167.66,169.38,163.72,165.22,1560.57,1190.0,1415.41,3500.0,665.98,1.0,0.0,0.0,1.0,22.5,TARGETED_WEST_COMPUTE_COOL,26.4972
1,Localized Heavy Compute,0,682,6820.0,14,3,4,3,4,92.32,83.56,HEAVY,285.74,VERY HIGH,HEAVY LOAD,87.79,78.68,HEAVY,272.76,VERY HIGH,HEAVY LOAD,90.31,82.48,HEAVY,281.61,VERY HIGH,HEAVY LOAD,89.77,81.49,HEAVY,279.45,VERY HIGH,HEAVY LOAD,16.99,5.4,LIGHT,74.34,LOW,RUNNING,18.55,5.75,LIGHT,76.81,LOW,RUNNING,15.11,3.87,LIGHT,69.69,LOW,RUNNING,18.56,6.11,LIGHT,77.37,LOW,RUNNING,16.92,4.21,LIGHT,72.47,LOW,RUNNING,15.81,3.87,LIGHT,70.57,LOW,RUNNING,30.34,52.0,342.1,0.25,22.0,COOLING,0.25,22.0,COOLING,0.25,22.0,COOLING,0.25,22.0,COOLING,25.731,23.398,22.796,23.382,23.827,25.731,22.796,2.935,1119.56,151.15,147.06,143.04,255.0,340.0,255.0,340.0,227.45,363.13,461.6,363.47,-559.05,190.17,174.71,194.17,875.0,875.0,875.0,875.0,167.96,169.45,163.37,165.68,1560.81,1190.0,1415.65,3500.0,666.46,1.0,0.0,0.0,1.0,22.5,TARGETED_WEST_COMPUTE_COOL,26.5567
1,Localized Heavy Compute,0,683,6830.0,14,3,4,3,4,92.14,83.52,HEAVY,285.45,VERY HIGH,HEAVY LOAD,87.72,78.76,HEAVY,272.79,VERY HIGH,HEAVY LOAD,90.42,82.61,HEAVY,281.94,VERY HIGH,HEAVY LOAD,89.95,81.56,HEAVY,279.78,VERY HIGH,HEAVY LOAD,17.06,5.4,LIGHT,74.42,LOW,RUNNING,18.49,5.68,LIGHT,76.63,LOW,RUNNING,14.97,3.79,LIGHT,69.4,LOW,RUNNING,18.48,6.1,LIGHT,77.25,LOW,RUNNING,16.97,4.27,LIGHT,72.62,LOW,RUNNING,15.94,3.96,LIGHT,70.86,LOW,RUNNING,30.35,52.0,342.3,0.25,22.0,COOLING,0.25,22.0,COOLING,0.25,22.0,COOLING,0.25,22.0,COOLING,25.734,23.401,22.799,23.385,23.83,25.734,22.799,2.935,1119.96,151.05,146.65,143.48,255.0,340.0,255.0,340.0,227.67,363.41,461.92,363.75,-559.05,190.17,174.71,194.17,875.0,875.0,875.0,875.0,168.58,169.63,163.28,166.4,1561.14,1190.0,1416.75,3500.0,667.89,1.0,0.0,0.0,1.0,22.5,TARGETED_WEST_COMPUTE_COOL,26.6172
1,Localized Heavy Compute,0,684,6840.0,14,3,4,3,4,91.98,83.5,HEAVY,285.23,VERY HIGH,HEAVY LOAD,87.7,78.87,HEAVY,272.93,VERY HIGH,HEAVY LOAD,90.55,82.74,HEAVY,282.3,VERY HIGH,HEAVY LOAD,90.12,81.59,HEAVY,280.04,VERY HIGH,HEAVY LOAD,17.09,5.38,LIGHT,74.43,LOW,RUNNING,18.4,5.59,LIGHT,76.39,LOW,RUNNING,14.84,3.72,LIGHT,69.13,LOW,RUNNING,18.43,6.11,LIGHT,77.2,LOW,RUNNING,17.04,4.35,LIGHT,72.83,LOW,RUNNING,16.08,4.03,LIGHT,71.14,LOW,RUNNING,30.35,52.0,342.5,0.25,22.0,COOLING,0.25,22.0,COOLING,0.25,22.0,COOLING,0.25,22.0,COOLING,25.737,23.404,22.802,23.388,23.833,25.737,22.802,2.935,1120.5,150.82,146.33,143.97,255.0,340.0,255.0,340.0,227.68,363.46,462.04,363.81,-559.05,190.17,174.71,194.17,875.0,875.0,875.0,875.0,169.13,169.45,163.08,166.95,1561.62,1190.0,1416.99,3500.0,668.61,1.0,0.0,0.0,1.0,22.5,TARGETED_WEST_COMPUTE_COOL,26.6778
1,Localized Heavy Compute,0,685,6850.0,14,3,4,3,4,91.84,83.51,HEAVY,285.07,VERY HIGH,HEAVY LOAD,87.72,78.99,HEAVY,273.13,VERY HIGH,HEAVY LOAD,90.71,82.86,HEAVY,282.68,VERY HIGH,HEAVY LOAD,90.27,81.6,HEAVY,280.24,VERY HIGH,HEAVY LOAD,17.1,5.34,LIGHT,74.39,LOW,RUNNING,18.29,5.5,LIGHT,76.11,LOW,RUNNING,14.72,3.67,LIGHT,68.91,LOW,RUNNING,18.4,6.14,LIGHT,77.21,LOW,RUNNING,17.14,4.44,LIGHT,73.08,LOW,RUNNING,16.21,4.1,LIGHT,71.41,LOW,RUNNING,30.35,52.0,342.7,0.25,22.0,COOLING,0.25,22.0,COOLING,0.25,22.0,COOLING,0.25,22.0,COOLING,25.74,23.407,22.805,23.391,23.836,25.74,22.805,2.935,1121.12,150.5,146.12,144.49,255.0,340.0,255.0,340.0,227.69,363.53,462.14,363.87,-559.04,190.17,174.71,194.17,875.0,875.0,875.0,875.0,169.77,169.2,162.97,167.53,1562.23,1190.0,1417.23,3500.0,669.47,1.0,0.0,0.0,1.0,22.5,TARGETED_WEST_COMPUTE_COOL,26.7388
1,Localized Heavy Compute,0,686,6860.0,14,3,4,3,4,91.73,83.55,HEAVY,284.99,VERY HIGH,HEAVY LOAD,87.77,79.12,HEAVY,273.39,VERY HIGH,HEAVY LOAD,90.89,82.95,HEAVY,283.04,VERY HIGH,HEAVY LOAD,90.41,81.58,HEAVY,280.38,VERY HIGH,HEAVY LOAD,17.08,5.28,LIGHT,74.27,LOW,RUNNING,18.17,5.41,LIGHT,75.83,LOW,RUNNING,14.61,3.62,LIGHT,68.69,LOW,RUNNING,18.41,6.18,LIGHT,77.28,LOW,RUNNING,17.25,4.53,LIGHT,73.36,LOW,RUNNING,16.33,4.15,LIGHT,71.64,LOW,RUNNING,30.36,52.0,342.9,0.25,22.0,COOLING,0.25,22.0,COOLING,0.25,22.0,COOLING,0.25,22.0,COOLING,25.743,23.41,22.808,23.394,23.839,25.743,22.808,2.935,1121.8,150.1,145.97,145.0,255.0,340.0,255.0,340.0,227.92,363.8,462.47,364.14,-559.04,190.17,174.7,194.17,875.0,875.0,875.0,875.0,170.68,169.07,163.14,168.31,1562.87,1190.0,1418.33,3500.0,671.2,1.0,0.0,0.0,1.0,22.5,TARGETED_WEST_COMPUTE_COOL,26.8006
1,Localized Heavy Compute,0,687,6870.0,14,3,4,3,4,91.65,83.62,HEAVY,284.99,VERY HIGH,HEAVY LOAD,87.86,79.25,HEAVY,273.7,VERY HIGH,HEAVY LOAD,91.07,83.03,HEAVY,283.38,VERY HIGH,HEAVY LOAD,90.51,81.52,HEAVY,280.42,VERY HIGH,HEAVY LOAD,17.02,5.21,LIGHT,74.09,LOW,RUNNING,18.04,5.33,LIGHT,75.55,LOW,RUNNING,14.52,3.6,LIGHT,68.55,LOW,RUNNING,18.44,6.24,LIGHT,77.41,LOW,RUNNING,17.38,4.62,LIGHT,73.66,LOW,RUNNING,16.43,4.19,LIGHT,71.82,LOW,RUNNING,30.36,52.0,343.1,0.25,22.0,COOLING,0.25,22.0,COOLING,0.25,22.0,COOLING,0.25,22.0,COOLING,25.746,23.413,22.811,23.397,23.842,25.746,22.811,2.935,1122.49,149.64,145.96,145.48,255.0,340.0,255.0,340.0,227.93,363.86,462.58,364.21,-559.04,190.17,174.7,194.17,875.0,875.0,875.0,875.0,171.38,168.67,163.24,168.86,1563.57,1190.0,1418.58,3500.0,672.15,1.0,0.0,0.0,1.0,22.5,TARGETED_WEST_COMPUTE_COOL,26.8621
1,Localized Heavy Compute,0,688,6880.0,14,3,4,3,4,91.61,83.72,HEAVY,285.09,VERY HIGH,HEAVY LOAD,87.99,79.38,HEAVY,274.06,VERY HIGH,HEAVY LOAD,91.24,83.08,HEAVY,283.67,VERY HIGH,HEAVY LOAD,90.57,81.44,HEAVY,280.37,VERY HIGH,HEAVY LOAD,16.94,5.13,LIGHT,73.87,LOW,RUNNING,17.9,5.25,LIGHT,75.25,LOW,RUNNING,14.45,3.6,LIGHT,68.46,LOW,RUNNING,18.5,6.32,LIGHT,77.61,LOW,RUNNING,17.51,4.7,LIGHT,73.94,LOW,RUNNING,16.51,4.2,LIGHT,71.94,LOW,RUNNING,30.37,52.0,343.3,0.25,22.0,COOLING,0.25,22.0,COOLING,0.25,22.0,COOLING,0.25,22.0,COOLING,25.75,23.416,22.814,23.4,23.845,25.75,22.814,2.936,1123.19,149.12,146.07,145.88,255.0,340.0,255.0,340.0,228.16,364.14,462.91,364.48,-559.04,190.17,174.7,194.17,875.0,875.0,875.0,875.0,172.31,168.43,163.68,169.53,1564.26,1190.0,1419.69,3500.0,673.95,1.0,0.0,0.0,1.0,22.5,TARGETED_WEST_COMPUTE_COOL,26.9504
1,Localized Heavy Compute,0,689,6890.0,14,3,4,3,4,91.6,83.83,HEAVY,285.25,VERY HIGH,HEAVY LOAD,88.14,79.5,HEAVY,274.43,VERY HIGH,HEAVY LOAD,91.41,83.1,HEAVY,283.91,VERY HIGH,HEAVY LOAD,90.6,81.34,HEAVY,280.26,VERY HIGH,HEAVY LOAD,16.84,5.04,LIGHT,73.61,LOW,RUNNING,17.77,5.19,LIGHT,75.0,LOW,RUNNING,14.41,3.62,LIGHT,68.44,LOW,RUNNING,18.59,6.4,LIGHT,77.84,LOW,RUNNING,17.65,4.77,LIGHT,74.22,LOW,RUNNING,16.57,4.19,LIGHT,72.0,LOW,RUNNING,30.37,52.0,343.5,0.25,22.0,COOLING,0.25,22.0,COOLING,0.25,22.0,COOLING,0.25,22.0,COOLING,25.754,23.419,22.817,23.403,23.848,25.754,22.817,2.937,1123.85,148.61,146.28,146.22,255.0,340.0,255.0,340.0,228.14,364.2,463.01,364.55,-559.28,190.28,174.72,194.28,875.0,875.0,875.0,875.0,172.71,168.09,164.01,170.05,1564.96,1190.0,1419.9,3500.0,674.86,1.0,0.0,0.0,1.0,22.5,TARGETED_WEST_COMPUTE_COOL,27.0375
1,Localized Heavy Compute,0,690,6900.0,14,3,4,3,4,91.64,83.96,HEAVY,285.49,VERY HIGH,HEAVY LOAD,88.31,79.61,HEAVY,274.8,VERY HIGH,HEAVY LOAD,91.55,83.09,HEAVY,284.07,VERY HIGH,HEAVY LOAD,90.59,81.23,HEAVY,280.08,VERY HIGH,HEAVY LOAD,16.73,4.95,LIGHT,73.34,LOW,RUNNING,17.65,5.14,LIGHT,74.77,LOW,RUNNING,14.4,3.66,LIGHT,68.49,LOW,RUNNING,18.7,6.49,LIGHT,78.11,LOW,RUNNING,17.77,4.83,LIGHT,74.46,LOW,RUNNING,16.6,4.17,LIGHT,72.0,LOW,RUNNING,30.38,52.0,343.8,0.25,22.0,COOLING,0.25,22.0,COOLING,0.25,22.0,COOLING,0.25,22.0,COOLING,25.758,23.422,22.82,23.406,23.852,25.758,22.82,2.938,1124.44,148.11,146.6,146.46,255.0,340.0,255.0,340.0,228.38,364.54,463.42,364.89,-559.52,190.39,174.73,194.39,875.0,875.0,875.0,875.0,173.3,168.04,164.75,170.74,1565.61,1190.0,1421.23,3500.0,676.83,1.0,0.0,0.0,1.0,22.5,TARGETED_WEST_COMPUTE_COOL,27.1253
1,Localized Heavy Compute,0,691,6910.0,14,3,4,3,4,91.72,84.09,HEAVY,285.78,VERY HIGH,HEAVY LOAD,88.48,79.7,HEAVY,275.15,VERY HIGH,HEAVY LOAD,91.66,83.05,HEAVY,284.15,VERY HIGH,HEAVY LOAD,90.53,81.1,HEAVY,279.81,VERY HIGH,HEAVY LOAD,16.6,4.87,LIGHT,73.06,LOW,RUNNING,17.55,5.11,LIGHT,74.6,LOW,RUNNING,14.42,3.71,LIGHT,68.59,LOW,RUNNING,18.82,6.58,LIGHT,78.4,LOW,RUNNING,17.89,4.87,LIGHT,74.67,LOW,RUNNING,16.6,4.12,LIGHT,71.93,LOW,RUNNING,30.38,52.0,344.0,0.25,22.0,COOLING,0.25,22.0,COOLING,0.25,22.0,COOLING,0.25,22.0,COOLING,25.762,23.425,22.823,23.409,23.855,25.762,22.823,2.939,1124.89,147.66,146.99,146.6,255.0,340.0,255.0,340.0,228.37,364.6,463.54,364.94,-559.75,190.5,174.75,194.5,875.0,875.0,875.0,875.0,173.51,167.76,165.28,171.04,1566.14,1190.0,1421.45,3500.0,677.59,1.0,0.0,0.0,1.0,22.5,TARGETED_WEST_COMPUTE_COOL,27.2123
1,Localized Heavy Compute,0,692,6920.0,14,3,4,3,4,91.83,84.22,HEAVY,286.12,VERY HIGH,HEAVY LOAD,88.66,79.76,HEAVY,275.47,VERY HIGH,HEAVY LOAD,91.75,82.98,HEAVY,284.16,VERY HIGH,HEAVY LOAD,90.44,80.96,HEAVY,279.49,VERY HIGH,HEAVY LOAD,16.46,4.79,LIGHT,72.76,LOW,RUNNING,17.48,5.1,LIGHT,74.5,LOW,RUNNING,14.47,3.78,LIGHT,68.76,LOW,RUNNING,18.95,6.66,LIGHT,78.68,LOW,RUNNING,17.98,4.9,LIGHT,74.82,LOW,RUNNING,16.56,4.06,LIGHT,71.79,LOW,RUNNING,30.38,52.0,344.2,0.25,22.0,COOLING,0.25,22.0,COOLING,0.25,22.0,COOLING,0.25,22.0,COOLING,25.766,23.428,22.826,23.412,23.858,25.766,22.826,2.94,1125.24,147.26,147.44,146.61,255.0,340.0,255.0,340.0,228.36,364.65,463.65,365.0,-559.99,190.61,174.76,194.61,875.0,875.0,875.0,875.0,173.61,167.52,165.85,171.22,1566.55,1190.0,1421.66,3500.0,678.2,1.0,0.0,0.0,1.0,22.5,TARGETED_WEST_COMPUTE_COOL,27.2994
1,Localized Heavy Compute,0,693,6930.0,14,3,4,3,4,91.97,84.35,HEAVY,286.49,VERY HIGH,HEAVY LOAD,88.83,79.79,HEAVY,275.72,VERY HIGH,HEAVY LOAD,91.79,82.89,HEAVY,284.07,VERY HIGH,HEAVY LOAD,90.32,80.83,HEAVY,279.14,VERY HIGH,HEAVY LOAD,16.33,4.72,LIGHT,72.49,LOW,RUNNING,17.42,5.11,LIGHT,74.44,LOW,RUNNING,14.55,3.86,LIGHT,68.98,LOW,RUNNING,19.09,6.74,LIGHT,78.97,LOW,RUNNING,18.05,4.9,LIGHT,74.91,LOW,RUNNING,16.5,3.99,LIGHT,71.61,LOW,RUNNING,30.39,52.0,344.4,0.25,22.0,COOLING,0.25,22.0,COOLING,0.25,22.0,COOLING,0.25,22.0,COOLING,25.77,23.431,22.829,23.415,23.861,25.77,22.829,2.941,1125.42,146.93,147.95,146.52,255.0,340.0,255.0,340.0,228.57,364.93,463.98,365.28,-560.22,190.72,174.78,194.72,875.0,875.0,875.0,875.0,173.77,167.58,166.71,171.52,1566.82,1190.0,1422.76,3500.0,679.58,1.0,0.0,0.0,1.0,22.5,TARGETED_WEST_COMPUTE_COOL,27.3868
1,Localized Heavy Compute,0,694,6940.0,14,3,4,3,4,92.13,84.46,HEAVY,286.85,VERY HIGH,HEAVY LOAD,88.99,79.8,HEAVY,275.94,VERY HIGH,HEAVY LOAD,91.8,82.78,HEAVY,283.92,VERY HIGH,HEAVY LOAD,90.18,80.71,HEAVY,278.79,VERY HIGH,HEAVY LOAD,16.21,4.66,LIGHT,72.25,LOW,RUNNING,17.4,5.14,LIGHT,74.46,LOW,RUNNING,14.65,3.95,LIGHT,69.24,LOW,RUNNING,19.22,6.81,LIGHT,79.24,LOW,RUNNING,18.09,4.88,LIGHT,74.93,LOW,RUNNING,16.42,3.91,LIGHT,71.39,LOW,RUNNING,30.39,52.0,344.6,0.25,22.0,COOLING,0.25,22.0,COOLING,0.25,22.0,COOLING,0.25,22.0,COOLING,25.774,23.434,22.832,23.418,23.864,25.774,22.832,2.942,1125.5,146.71,148.48,146.32,255.0,340.0,255.0,340.0,228.55,365.0,464.08,365.34,-560.45,190.83,174.79,194.83,875.0,875.0,875.0,875.0,173.6,167.54,167.35,171.49,1567.01,1190.0,1422.97,3500.0,679.98,1.0,0.0,0.0,1.0,22.5,TARGETED_WEST_COMPUTE_COOL,27.4738
1,Localized Heavy Compute,0,695,6950.0,14,3,4,3,4,92.3,84.56,HEAVY,287.22,VERY HIGH,HEAVY LOAD,89.12,79.77,HEAVY,276.06,VERY HIGH,HEAVY LOAD,91.76,82.66,HEAVY,283.69,VERY HIGH,HEAVY LOAD,90.01,80.6,HEAVY,278.41,VERY HIGH,HEAVY LOAD,16.1,4.62,LIGHT,72.06,LOW,RUNNING,17.41,5.19,LIGHT,74.55,LOW,RUNNING,14.76,4.04,LIGHT,69.51,LOW,RUNNING,19.34,6.86,LIGHT,79.47,LOW,RUNNING,18.1,4.85,LIGHT,74.9,LOW,RUNNING,16.31,3.82,LIGHT,71.12,LOW,RUNNING,30.4,52.0,344.8,0.25,22.0,COOLING,0.25,22.0,COOLING,0.25,22.0,COOLING,0.25,22.0,COOLING,25.778,23.437,22.835,23.422,23.868,25.778,22.835,2.943,1125.38,146.61,148.98,146.02,255.0,340.0,255.0,340.0,228.76,365.27,464.41,365.61,-560.69,190.94,174.81,194.94,875.0,875.0,875.0,875.0,173.45,167.82,168.2,171.57,1566.99,1190.0,1424.05,3500.0,681.04,1.0,0.0,0.0,1.0,22.5,TARGETED_WEST_COMPUTE_COOL,27.5627
1,Localized Heavy Compute,0,696,6960.0,14,3,4,3,4,92.48,84.64,HEAVY,287.56,VERY HIGH,HEAVY LOAD,89.21,79.72,HEAVY,276.09,VERY HIGH,HEAVY LOAD,91.69,82.52,HEAVY,283.39,VERY HIGH,HEAVY LOAD,89.83,80.51,HEAVY,278.05,VERY HIGH,HEAVY LOAD,16.01,4.6,LIGHT,71.91,LOW,RUNNING,17.45,5.25,LIGHT,74.69,LOW,RUNNING,14.89,4.13,LIGHT,69.81,LOW,RUNNING,19.44,6.89,LIGHT,79.63,LOW,RUNNING,18.08,4.79,LIGHT,74.78,LOW,RUNNING,16.19,3.73,LIGHT,70.83,LOW,RUNNING,30.4,52.0,345.0,0.25,22.0,COOLING,0.25,22.0,COOLING,0.25,22.0,COOLING,0.25,22.0,COOLING,25.782,23.44,22.838,23.425,23.871,25.782,22.838,2.944,1125.09,146.6,149.44,145.61,255.0,340.0,255.0,340.0,228.75,365.32,464.53,365.65,-560.81,191.06,174.93,194.81,875.0,875.0,875.0,875.0,173.03,167.98,168.9,171.07,1566.74,1190.0,1424.25,3500.0,680.98,1.0,0.0,0.0,1.0,22.5,TARGETED_WEST_COMPUTE_COOL,27.6495
1,Localized Heavy Compute,0,697,6970.0,14,3,4,3,4,92.66,84.68,HEAVY,287.85,VERY HIGH,HEAVY LOAD,89.28,79.64,HEAVY,276.06,VERY HIGH,HEAVY LOAD,91.58,82.39,HEAVY,283.06,VERY HIGH,HEAVY LOAD,89.65,80.44,HEAVY,277.72,VERY HIGH,HEAVY LOAD,15.94,4.6,LIGHT,71.83,LOW,RUNNING,17.51,5.32,LIGHT,74.87,LOW,RUNNING,15.03,4.21,LIGHT,70.1,LOW,RUNNING,19.52,6.9,LIGHT,79.75,LOW,RUNNING,18.03,4.73,LIGHT,74.63,LOW,RUNNING,16.06,3.64,LIGHT,70.53,LOW,RUNNING,30.4,52.0,345.2,0.25,22.0,COOLING,0.25,22.0,COOLING,0.25,22.0,COOLING,0.25,22.0,COOLING,25.786,23.443,22.841,23.428,23.875,25.786,22.841,2.945,1124.69,146.7,149.85,145.16,255.0,340.0,255.0,340.0,228.74,365.39,464.63,365.71,-561.05,191.17,174.95,194.92,875.0,875.0,875.0,875.0,172.38,168.26,169.43,170.79,1566.4,1190.0,1424.47,3500.0,680.86,1.0,0.0,0.0,1.0,22.5,TARGETED_WEST_COMPUTE_COOL,27.7362
1,Localized Heavy Compute,0,698,6980.0,14,3,4,3,4,92.82,84.7,HEAVY,288.07,VERY HIGH,HEAVY LOAD,89.3,79.53,HEAVY,275.92,VERY HIGH,HEAVY LOAD,91.45,82.26,HEAVY,282.7,VERY HIGH,HEAVY LOAD,89.48,80.41,HEAVY,277.47,VERY HIGH,HEAVY LOAD,15.91,4.62,LIGHT,71.82,LOW,RUNNING,17.6,5.41,LIGHT,75.11,LOW,RUNNING,15.16,4.28,LIGHT,70.37,LOW,RUNNING,19.57,6.89,LIGHT,79.8,LOW,RUNNING,17.96,4.65,LIGHT,74.43,LOW,RUNNING,15.92,3.57,LIGHT,70.26,LOW,RUNNING,30.41,52.0,345.4,0.25,22.0,COOLING,0.25,22.0,COOLING,0.25,22.0,COOLING,0.25,22.0,COOLING,25.79,23.446,22.844,23.431,23.878,25.79,22.844,2.946,1124.16,146.93,150.17,144.69,255.0,340.0,255.0,340.0,228.95,365.67,464.95,365.99,-561.29,191.28,174.97,195.04,875.0,875.0,875.0,875.0,171.82,168.88,170.09,170.72,1565.95,1190.0,1425.56,3500.0,681.51,1.0,0.0,0.0,1.0,22.5,TARGETED_WEST_COMPUTE_COOL,27.8235
1,Localized Heavy Compute,0,699,6990.0,14,3,4,3,4,92.96,84.69,HEAVY,288.24,VERY HIGH,HEAVY LOAD,89.28,79.41,HEAVY,275.72,VERY HIGH,HEAVY LOAD,91.29,82.14,HEAVY,282.32,VERY HIGH,HEAVY LOAD,89.33,80.4,HEAVY,277.26,VERY HIGH,HEAVY LOAD,15.9,4.66,LIGHT,71.86,LOW,RUNNING,17.71,5.5,LIGHT,75.39,LOW,RUNNING,15.28,4.33,LIGHT,70.59,LOW,RUNNING,19.6,6.86,LIGHT,79.79,LOW,RUNNING,17.86,4.56,LIGHT,74.17,LOW,RUNNING,15.79,3.5,LIGHT,69.99,LOW,RUNNING,30.41,52.0,345.6,0.25,22.0,COOLING,0.25,22.0,COOLING,0.25,22.0,COOLING,0.25,22.0,COOLING,25.793,23.449,22.847,23.434,23.881,25.793,22.847,2.946,1123.54,147.25,150.38,144.16,255.0,340.0,255.0,340.0,228.93,365.73,465.07,366.05,-561.52,191.39,174.98,195.14,875.0,875.0,875.0,875.0,170.95,169.37,170.43,170.35,1565.33,1190.0,1425.78,3500.0,681.1,1.0,0.0,0.0,1.0,22.5,TARGETED_WEST_COMPUTE_COOL,27.8833
1,Localized Heavy Compute,0,700,7000.0,14,3,4,3,4,93.07,84.65,HEAVY,288.31,VERY HIGH,HEAVY LOAD,89.23,79.28,HEAVY,275.46,VERY HIGH,HEAVY LOAD,91.11,82.05,HEAVY,281.96,VERY HIGH,HEAVY LOAD,89.19,80.42,HEAVY,277.12,VERY HIGH,HEAVY LOAD,15.92,4.72,LIGHT,71.98,LOW,RUNNING,17.83,5.59,LIGHT,75.67,LOW,RUNNING,15.39,4.38,LIGHT,70.81,LOW,RUNNING,19.59,6.82,LIGHT,79.72,LOW,RUNNING,17.75,4.47,LIGHT,73.89,LOW,RUNNING,15.67,3.45,LIGHT,69.76,LOW,RUNNING,30.42,52.0,345.8,0.25,22.0,COOLING,0.25,22.0,COOLING,0.25,22.0,COOLING,0.25,22.0,COOLING,25.796,23.452,22.85,23.437,23.884,25.796,22.85,2.946,1122.85,147.65,150.53,143.65,255.0,340.0,255.0,340.0,229.15,366.0,465.39,366.32,-561.52,191.39,174.98,195.14,875.0,875.0,875.0,875.0,170.48,170.04,170.9,170.11,1564.68,1190.0,1426.86,3500.0,681.53,1.0,0.0,0.0,1.0,22.5,TARGETED_WEST_COMPUTE_COOL,27.9446
1,Localized Heavy Compute,0,701,7010.0,14,3,4,3,4,93.15,84.58,HEAVY,288.31,VERY HIGH,HEAVY LOAD,89.14,79.15,HEAVY,275.15,VERY HIGH,HEAVY LOAD,90.93,81.97,HEAVY,281.62,VERY HIGH,HEAVY LOAD,89.09,80.48,HEAVY,277.08,VERY HIGH,HEAVY LOAD,15.98,4.79,LIGHT,72.16,LOW,RUNNING,17.96,5.67,LIGHT,75.95,LOW,RUNNING,15.48,4.4,LIGHT,70.95,LOW,RUNNING,19.56,6.76,LIGHT,79.59,LOW,RUNNING,17.62,4.38,LIGHT,73.59,LOW,RUNNING,15.57,3.41,LIGHT,69.58,LOW,RUNNING,30.42,52.0,346.0,0.25,22.0,COOLING,0.25,22.0,COOLING,0.25,22.0,COOLING,0.25,22.0,COOLING,25.799,23.455,22.853,23.44,23.887,25.799,22.853,2.946,1122.16,148.11,150.54,143.17,255.0,340.0,255.0,340.0,229.17,366.06,465.5,366.38,-561.52,191.39,174.98,195.14,875.0,875.0,875.0,875.0,169.81,170.56,171.02,169.69,1563.98,1190.0,1427.11,3500.0,681.08,1.0,0.0,0.0,1.0,22.5,TARGETED_WEST_COMPUTE_COOL,28.0058
1,Localized Heavy Compute,0,702,7020.0,14,3,4,3,4,93.19,84.48,HEAVY,288.21,VERY HIGH,HEAVY LOAD,89.01,79.02,HEAVY,274.79,VERY HIGH,HEAVY LOAD,90.76,81.92,HEAVY,281.33,VERY HIGH,HEAVY LOAD,89.03,80.56,HEAVY,277.13,VERY HIGH,HEAVY LOAD,16.06,4.87,LIGHT,72.38,LOW,RUNNING,18.1,5.75,LIGHT,76.25,LOW,RUNNING,15.55,4.4,LIGHT,71.04,LOW,RUNNING,19.5,6.68,LIGHT,79.39,LOW,RUNNING,17.49,4.3,LIGHT,73.31,LOW,RUNNING,15.49,3.4,LIGHT,69.46,LOW,RUNNING,30.43,52.0,346.2,0.25,22.0,COOLING,0.25,22.0,COOLING,0.25,22.0,COOLING,0.25,22.0,COOLING,25.802,23.458,22.856,23.443,23.89,25.802,22.856,2.946,1121.46,148.63,150.43,142.77,255.0,340.0,255.0,340.0,229.39,366.34,465.83,366.66,-561.52,191.4,174.98,195.14,875.0,875.0,875.0,875.0,169.33,171.37,171.24,169.57,1563.29,1190.0,1428.22,3500.0,681.51,1.0,0.0,0.0,1.0,22.5,TARGETED_WEST_COMPUTE_COOL,28.0679
1,Localized Heavy Compute,0,703,7030.0,14,3,4,3,4,93.2,84.37,HEAVY,288.06,VERY HIGH,HEAVY LOAD,88.86,78.9,HEAVY,274.43,VERY HIGH,HEAVY LOAD,90.59,81.9,HEAVY,281.09,VERY HIGH,HEAVY LOAD,89.0,80.66,HEAVY,277.24,VERY HIGH,HEAVY LOAD,16.16,4.96,LIGHT,72.64,LOW,RUNNING,18.23,5.81,LIGHT,76.5,LOW,RUNNING,15.59,4.38,LIGHT,71.06,LOW,RUNNING,19.41,6.6,LIGHT,79.16,LOW,RUNNING,17.35,4.23,LIGHT,73.03,LOW,RUNNING,15.43,3.41,LIGHT,69.4,LOW,RUNNING,30.43,52.0,346.5,0.25,22.0,COOLING,0.25,22.0,COOLING,0.25,22.0,COOLING,0.25,22.0,COOLING,25.805,23.462,22.859,23.446,23.893,25.805,22.859,2.946,1120.82,149.14,150.22,142.43,255.0,340.0,255.0,340.0,229.44,366.46,466.03,366.78,-561.52,191.4,174.98,195.14,875.0,875.0,875.0,875.0,168.74,172.0,171.23,169.35,1562.61,1190.0,1428.71,3500.0,681.32,1.0,0.0,0.0,1.0,22.5,TARGETED_WEST_COMPUTE_COOL,28.1318
1,Localized Heavy Compute,0,704,7040.0,14,3,4,3,4,93.16,84.24,HEAVY,287.81,VERY HIGH,HEAVY LOAD,88.69,78.79,HEAVY,274.05,VERY HIGH,HEAVY LOAD,90.45,81.91,HEAVY,280.93,VERY HIGH,HEAVY LOAD,89.01,80.77,HEAVY,277.42,VERY HIGH,HEAVY LOAD,16.27,5.05,LIGHT,72.91,LOW,RUNNING,18.35,5.86,LIGHT,76.73,LOW,RUNNING,15.6,4.34,LIGHT,71.01,LOW,RUNNING,19.3,6.51,LIGHT,78.89,LOW,RUNNING,17.23,4.17,LIGHT,72.79,LOW,RUNNING,15.4,3.43,LIGHT,69.39,LOW,RUNNING,30.43,52.0,346.7,0.25,22.0,COOLING,0.25,22.0,COOLING,0.25,22.0,COOLING,0.25,22.0,COOLING,25.808,23.466,22.862,23.449,23.896,25.808,22.862,2.946,1120.21,149.64,149.9,142.18,255.0,340.0,255.0,340.0,229.45,366.5,466.14,366.85,-561.41,191.16,175.09,195.16,875.0,875.0,875.0,875.0,168.25,172.3,171.13,169.19,1561.93,1190.0,1428.94,3500.0,680.87,1.0,0.0,0.0,1.0,22.5,TARGETED_WEST_COMPUTE_COOL,28.1964
1,Localized Heavy Compute,0,705,7050.0,14,3,4,3,4,93.08,84.11,HEAVY,287.51,VERY HIGH,HEAVY LOAD,88.52,78.7,HEAVY,273.7,VERY HIGH,HEAVY LOAD,90.34,81.95,HEAVY,280.85,VERY HIGH,HEAVY LOAD,89.07,80.9,HEAVY,277.69,VERY HIGH,HEAVY LOAD,16.4,5.13,LIGHT,73.19,LOW,RUNNING,18.45,5.89,LIGHT,76.9,LOW,RUNNING,15.58,4.29,LIGHT,70.91,LOW,RUNNING,19.18,6.42,LIGHT,78.6,LOW,RUNNING,17.11,4.13,LIGHT,72.58,LOW,RUNNING,15.4,3.48,LIGHT,69.47,LOW,RUNNING,30.44,52.0,346.9,0.25,22.0,COOLING,0.25,22.0,COOLING,0.25,22.0,COOLING,0.25,22.0,COOLING,25.811,23.47,22.865,23.452,23.899,25.811,22.865,2.946,1119.75,150.09,149.51,142.05,255.0,340.0,255.0,340.0,229.68,366.75,466.47,367.12,-561.3,190.92,175.2,195.17,875.0,875.0,875.0,875.0,168.13,172.76,171.18,169.34,1561.4,1190.0,1430.02,3500.0,681.41,1.0,0.0,0.0,1.0,22.5,TARGETED_WEST_COMPUTE_COOL,28.2624
1,Localized Heavy Compute,0,706,7060.0,14,3,4,3,4,92.97,83.98,HEAVY,287.18,VERY HIGH,HEAVY LOAD,88.34,78.64,HEAVY,273.38,VERY HIGH,HEAVY LOAD,90.25,82.02,HEAVY,280.84,VERY HIGH,HEAVY LOAD,89.16,81.04,HEAVY,278.01,VERY HIGH,HEAVY LOAD,16.54,5.21,LIGHT,73.49,LOW,RUNNING,18.52,5.9,LIGHT,77.0,LOW,RUNNING,15.53,4.22,LIGHT,70.74,LOW,RUNNING,19.05,6.34,LIGHT,78.32,LOW,RUNNING,17.02,4.1,LIGHT,72.43,LOW,RUNNING,15.44,3.54,LIGHT,69.61,LOW,RUNNING,30.44,52.0,347.1,0.25,22.0,COOLING,0.25,22.0,COOLING,0.25,22.0,COOLING,0.25,22.0,COOLING,25.814,23.474,22.868,23.455,23.903,25.814,22.868,2.946,1119.41,150.49,149.06,142.04,255.0,340.0,255.0,340.0,229.68,366.8,466.57,367.18,-561.19,190.69,175.31,195.19,875.0,875.0,875.0,875.0,167.9,172.98,170.94,169.41,1561.0,1190.0,1430.23,3500.0,681.23,1.0,0.0,0.0,1.0,22.5,TARGETED_WEST_COMPUTE_COOL,28.3286
1,Localized Heavy Compute,0,707,7070.0,14,3,4,3,4,92.83,83.85,HEAVY,286.81,VERY HIGH,HEAVY LOAD,88.17,78.61,HEAVY,273.13,VERY HIGH,HEAVY LOAD,90.21,82.11,HEAVY,280.93,VERY HIGH,HEAVY LOAD,89.28,81.17,HEAVY,278.36,VERY HIGH,HEAVY LOAD,16.67,5.28,LIGHT,73.76,LOW,RUNNING,18.58,5.89,LIGHT,77.06,LOW,RUNNING,15.45,4.14,LIGHT,70.52,LOW,RUNNING,18.91,6.26,LIGHT,78.03,LOW,RUNNING,16.95,4.1,LIGHT,72.34,LOW,RUNNING,15.5,3.61,LIGHT,69.79,LOW,RUNNING,30.45,52.0,347.3,0.25,22.0,COOLING,0.25,22.0,COOLING,0.25,22.0,COOLING,0.25,22.0,COOLING,25.817,23.478,22.871,23.458,23.906,25.817,22.871,2.946,1119.23,150.82,148.55,142.13,255.0,340.0,255.0,340.0,229.91,367.04,466.9,367.45,-561.08,190.45,175.42,195.21,875.0,875.0,875.0,875.0,168.06,173.31,170.87,169.79,1560.73,1190.0,1431.3,3500.0,682.03,1.0,0.0,0.0,1.0,22.5,TARGETED_WEST_COMPUTE_COOL,28.3962
1,Localized Heavy Compute,0,708,7080.0,14,3,4,3,4,92.67,83.74,HEAVY,286.45,VERY HIGH,HEAVY LOAD,88.01,78.6,HEAVY,272.91,VERY HIGH,HEAVY LOAD,90.2,82.22,HEAVY,281.08,VERY HIGH,HEAVY LOAD,89.42,81.29,HEAVY,278.71,VERY HIGH,HEAVY LOAD,16.79,5.34,LIGHT,74.0,LOW,RUNNING,18.6,5.86,LIGHT,77.04,LOW,RUNNING,15.35,4.05,LIGHT,70.26,LOW,RUNNING,18.78,6.19,LIGHT,77.76,LOW,RUNNING,16.91,4.12,LIGHT,72.32,LOW,RUNNING,15.58,3.69,LIGHT,70.01,LOW,RUNNING,30.45,52.0,347.5,0.25,22.0,COOLING,0.25,22.0,COOLING,0.25,22.0,COOLING,0.25,22.0,COOLING,25.82,23.482,22.874,23.461,23.909,25.82,22.874,2.946,1119.15,151.04,148.02,142.33,255.0,340.0,255.0,340.0,229.92,367.09,467.01,367.52,-560.97,190.22,175.53,195.22,875.0,875.0,875.0,875.0,168.1,173.35,170.56,170.07,1560.54,1190.0,1431.54,3500.0,682.08,1.0,0.0,0.0,1.0,22.5,TARGETED_WEST_COMPUTE_COOL,28.4639
1,Localized Heavy Compute,0,709,7090.0,14,3,4,3,4,92.5,83.64,HEAVY,286.09,VERY HIGH,HEAVY LOAD,87.88,78.63,HEAVY,272.79,VERY HIGH,HEAVY LOAD,90.24,82.34,HEAVY,281.31,VERY HIGH,HEAVY LOAD,89.59,81.4,HEAVY,279.09,VERY HIGH,HEAVY LOAD,16.9,5.38,LIGHT,74.19,LOW,RUNNING,18.59,5.81,LIGHT,76.95,LOW,RUNNING,15.24,3.96,LIGHT,69.99,LOW,RUNNING,18.66,6.14,LIGHT,77.53,LOW,RUNNING,16.9,4.15,LIGHT,72.35,LOW,RUNNING,15.69,3.78,LIGHT,70.28,LOW,RUNNING,30.45,52.0,347.7,0.25,22.0,COOLING,0.25,22.0,COOLING,0.25,22.0,COOLING,0.25,22.0,COOLING,25.823,23.486,22.877,23.464,23.913,25.823,22.877,2.946,1119.28,151.14,147.52,142.63,255.0,340.0,255.0,340.0,229.93,367.12,467.12,367.57,-560.86,189.99,175.64,195.24,875.0,875.0,875.0,875.0,168.35,173.25,170.28,170.44,1560.57,1190.0,1431.74,3500.0,682.32,1.0,0.0,0.0,1.0,22.5,TARGETED_WEST_COMPUTE_COOL,28.5326
1,Localized Heavy Compute,0,710,7100.0,14,3,4,3,4,92.32,83.56,HEAVY,285.74,VERY HIGH,HEAVY LOAD,87.79,78.68,HEAVY,272.76,VERY HIGH,HEAVY LOAD,90.31,82.48,HEAVY,281.61,VERY HIGH,HEAVY LOAD,89.77,81.49,HEAVY,279.45,VERY HIGH,HEAVY LOAD,16.99,5.4,LIGHT,74.34,LOW,RUNNING,18.55,5.75,LIGHT,76.81,LOW,RUNNING,15.11,3.87,LIGHT,69.69,LOW,RUNNING,18.56,6.11,LIGHT,77.37,LOW,RUNNING,16.92,4.21,LIGHT,72.47,LOW,RUNNING,15.81,3.87,LIGHT,70.57,LOW,RUNNING,30.46,52.0,347.9,0.25,22.0,COOLING,0.25,22.0,COOLING,0.25,22.0,COOLING,0.25,22.0,COOLING,25.826,23.49,22.88,23.467,23.916,25.826,22.88,2.946,1119.56,151.15,147.06,143.04,255.0,340.0,255.0,340.0,230.16,367.38,467.44,367.85,-560.75,189.75,175.75,195.25,875.0,875.0,875.0,875.0,168.97,173.28,170.25,171.14,1560.81,1190.0,1432.83,3500.0,683.64,1.0,0.0,0.0,1.0,22.5,TARGETED_WEST_COMPUTE_COOL,28.6025
1,Localized Heavy Compute,0,711,7110.0,14,3,4,3,4,92.14,83.52,HEAVY,285.45,VERY HIGH,HEAVY LOAD,87.72,78.76,HEAVY,272.79,VERY HIGH,HEAVY LOAD,90.42,82.61,HEAVY,281.94,VERY HIGH,HEAVY LOAD,89.95,81.56,HEAVY,279.78,VERY HIGH,HEAVY LOAD,17.06,5.4,LIGHT,74.42,LOW,RUNNING,18.49,5.68,LIGHT,76.63,LOW,RUNNING,14.97,3.79,LIGHT,69.4,LOW,RUNNING,18.48,6.1,LIGHT,77.25,LOW,RUNNING,16.97,4.27,LIGHT,72.62,LOW,RUNNING,15.94,3.96,LIGHT,70.86,LOW,RUNNING,30.46,52.0,348.1,0.25,22.0,COOLING,0.25,22.0,COOLING,0.25,22.0,COOLING,0.25,22.0,COOLING,25.829,23.494,22.883,23.471,23.919,25.829,22.883,2.946,1119.96,151.05,146.65,143.48,255.0,340.0,255.0,340.0,230.17,367.42,467.56,367.91,-560.64,189.52,175.86,195.27,875.0,875.0,875.0,875.0,169.49,172.99,170.07,171.66,1561.14,1190.0,1433.06,3500.0,684.21,1.0,0.0,0.0,1.0,22.5,TARGETED_WEST_COMPUTE_COOL,28.6743
1,Localized Heavy Compute,0,712,7120.0,14,3,4,3,4,91.98,83.5,HEAVY,285.23,VERY HIGH,HEAVY LOAD,87.7,78.87,HEAVY,272.93,VERY HIGH,HEAVY LOAD,90.55,82.74,HEAVY,282.3,VERY HIGH,HEAVY LOAD,90.12,81.59,HEAVY,280.04,VERY HIGH,HEAVY LOAD,17.09,5.38,LIGHT,74.43,LOW,RUNNING,18.4,5.59,LIGHT,76.39,LOW,RUNNING,14.84,3.72,LIGHT,69.13,LOW,RUNNING,18.43,6.11,LIGHT,77.2,LOW,RUNNING,17.04,4.35,LIGHT,72.83,LOW,RUNNING,16.08,4.03,LIGHT,71.14,LOW,RUNNING,30.47,52.0,348.3,0.25,22.0,COOLING,0.25,22.0,COOLING,0.25,22.0,COOLING,0.25,22.0,COOLING,25.832,23.498,22.886,23.475,23.923,25.832,22.886,2.946,1120.5,150.82,146.33,143.97,255.0,340.0,255.0,340.0,230.39,367.67,467.88,368.17,-560.42,189.3,176.08,195.04,875.0,875.0,875.0,875.0,170.47,172.79,170.29,172.18,1561.62,1190.0,1434.11,3500.0,685.73,1.0,0.0,0.0,1.0,22.5,TARGETED_WEST_COMPUTE_COOL,28.7474
1,Localized Heavy Compute,0,713,7130.0,14,3,4,3,4,91.84,83.51,HEAVY,285.07,VERY HIGH,HEAVY LOAD,87.72,78.99,HEAVY,273.13,VERY HIGH,HEAVY LOAD,90.71,82.86,HEAVY,282.68,VERY HIGH,HEAVY LOAD,90.27,81.6,HEAVY,280.24,VERY HIGH,HEAVY LOAD,17.1,5.34,LIGHT,74.39,LOW,RUNNING,18.29,5.5,LIGHT,76.11,LOW,RUNNING,14.72,3.67,LIGHT,68.91,LOW,RUNNING,18.4,6.14,LIGHT,77.21,LOW,RUNNING,17.14,4.44,LIGHT,73.08,LOW,RUNNING,16.21,4.1,LIGHT,71.41,LOW,RUNNING,30.47,52.0,348.5,0.25,22.0,COOLING,0.25,22.0,COOLING,0.25,22.0,COOLING,0.25,22.0,COOLING,25.835,23.502,22.889,23.479,23.926,25.835,22.889,2.946,1121.12,150.5,146.12,144.49,255.0,340.0,255.0,340.0,230.41,367.71,468.0,368.2,-560.2,189.07,176.3,194.82,875.0,875.0,875.0,875.0,171.33,172.28,170.42,172.51,1562.23,1190.0,1434.32,3500.0,686.54,1.0,0.0,0.0,1.0,22.5,TARGETED_WEST_COMPUTE_COOL,28.8205
1,Localized Heavy Compute,0,714,7140.0,14,3,4,3,4,91.73,83.55,HEAVY,284.99,VERY HIGH,HEAVY LOAD,87.77,79.12,HEAVY,273.39,VERY HIGH,HEAVY LOAD,90.89,82.95,HEAVY,283.04,VERY HIGH,HEAVY LOAD,90.41,81.58,HEAVY,280.38,VERY HIGH,HEAVY LOAD,17.08,5.28,LIGHT,74.27,LOW,RUNNING,18.17,5.41,LIGHT,75.83,LOW,RUNNING,14.61,3.62,LIGHT,68.69,LOW,RUNNING,18.41,6.18,LIGHT,77.28,LOW,RUNNING,17.25,4.53,LIGHT,73.36,LOW,RUNNING,16.33,4.15,LIGHT,71.64,LOW,RUNNING,30.48,52.0,348.8,0.25,22.0,COOLING,0.25,22.0,COOLING,0.25,22.0,COOLING,0.25,22.0,COOLING,25.839,23.506,22.892,23.483,23.93,25.839,22.892,2.947,1121.8,150.1,145.97,145.0,255.0,340.0,255.0,340.0,230.67,368.03,468.41,368.52,-559.98,188.86,176.52,194.61,875.0,875.0,875.0,875.0,172.49,171.99,170.9,173.13,1562.87,1190.0,1435.63,3500.0,688.51,1.0,0.0,0.0,1.0,22.5,TARGETED_WEST_COMPUTE_COOL,28.9228
1,Localized Heavy Compute,0,715,7150.0,14,3,4,3,4,91.65,83.62,HEAVY,284.99,VERY HIGH,HEAVY LOAD,87.86,79.25,HEAVY,273.7,VERY HIGH,HEAVY LOAD,91.07,83.03,HEAVY,283.38,VERY HIGH,HEAVY LOAD,90.51,81.52,HEAVY,280.42,VERY HIGH,HEAVY LOAD,17.02,5.21,LIGHT,74.09,LOW,RUNNING,18.04,5.33,LIGHT,75.55,LOW,RUNNING,14.52,3.6,LIGHT,68.55,LOW,RUNNING,18.44,6.24,LIGHT,77.41,LOW,RUNNING,17.38,4.62,LIGHT,73.66,LOW,RUNNING,16.43,4.19,LIGHT,71.82,LOW,RUNNING,30.48,52.0,349.0,0.25,22.0,COOLING,0.25,22.0,COOLING,0.25,22.0,COOLING,0.25,22.0,COOLING,25.843,23.509,22.895,23.487,23.933,25.843,22.895,2.948,1122.49,149.64,145.96,145.48,255.0,340.0,255.0,340.0,230.66,368.06,468.52,368.56,-559.99,188.74,176.76,194.49,875.0,875.0,875.0,875.0,173.16,171.44,171.24,173.53,1563.57,1190.0,1435.8,3500.0,689.37,1.0,0.0,0.0,1.0,22.5,TARGETED_WEST_COMPUTE_COOL,29.022
1,Localized Heavy Compute,0,716,7160.0,14,3,4,3,4,91.61,83.72,HEAVY,285.09,VERY HIGH,HEAVY LOAD,87.99,79.38,HEAVY,274.06,VERY HIGH,HEAVY LOAD,91.24,83.08,HEAVY,283.67,VERY HIGH,HEAVY LOAD,90.57,81.44,HEAVY,280.37,VERY HIGH,HEAVY LOAD,16.94,5.13,LIGHT,73.87,LOW,RUNNING,17.9,5.25,LIGHT,75.25,LOW,RUNNING,14.45,3.6,LIGHT,68.46,LOW,RUNNING,18.5,6.32,LIGHT,77.61,LOW,RUNNING,17.51,4.7,LIGHT,73.94,LOW,RUNNING,16.51,4.2,LIGHT,71.94,LOW,RUNNING,30.48,52.0,349.2,0.25,22.0,COOLING,0.25,22.0,COOLING,0.25,22.0,COOLING,0.25,22.0,COOLING,25.847,23.512,22.899,23.491,23.937,25.847,22.899,2.948,1123.19,149.12,146.07,145.88,255.0,340.0,255.0,340.0,230.65,368.13,468.63,368.6,-560.12,188.87,176.88,194.37,875.0,875.0,875.0,875.0,173.72,171.12,171.58,173.85,1564.26,1190.0,1436.01,3500.0,690.27,1.0,0.0,0.0,1.0,22.5,TARGETED_WEST_COMPUTE_COOL,29.1119
1,Localized Heavy Compute,0,717,7170.0,14,3,4,3,4,91.6,83.83,HEAVY,285.25,VERY HIGH,HEAVY LOAD,88.14,79.5,HEAVY,274.43,VERY HIGH,HEAVY LOAD,91.41,83.1,HEAVY,283.91,VERY HIGH,HEAVY LOAD,90.6,81.34,HEAVY,280.26,VERY HIGH,HEAVY LOAD,16.84,5.04,LIGHT,73.61,LOW,RUNNING,17.77,5.19,LIGHT,75.0,LOW,RUNNING,14.41,3.62,LIGHT,68.44,LOW,RUNNING,18.59,6.4,LIGHT,77.84,LOW,RUNNING,17.65,4.77,LIGHT,74.22,LOW,RUNNING,16.57,4.19,LIGHT,72.0,LOW,RUNNING,30.49,52.0,349.4,0.25,22.0,COOLING,0.25,22.0,COOLING,0.25,22.0,COOLING,0.25,22.0,COOLING,25.851,23.515,22.903,23.495,23.941,25.851,22.903,2.948,1123.85,148.61,146.28,146.22,255.0,340.0,255.0,340.0,230.85,368.41,468.93,368.86,-560.23,189.11,176.77,194.36,875.0,875.0,875.0,875.0,174.47,171.13,171.98,174.44,1564.96,1190.0,1437.05,3500.0,692.02,1.0,0.0,0.0,1.0,22.5,TARGETED_WEST_COMPUTE_COOL,29.203
1,Localized Heavy Compute,0,718,7180.0,14,3,4,3,4,91.64,83.96,HEAVY,285.49,VERY HIGH,HEAVY LOAD,88.31,79.61,HEAVY,274.8,VERY HIGH,HEAVY LOAD,91.55,83.09,HEAVY,284.07,VERY HIGH,HEAVY LOAD,90.59,81.23,HEAVY,280.08,VERY HIGH,HEAVY LOAD,16.73,4.95,LIGHT,73.34,LOW,RUNNING,17.65,5.14,LIGHT,74.77,LOW,RUNNING,14.4,3.66,LIGHT,68.49,LOW,RUNNING,18.7,6.49,LIGHT,78.11,LOW,RUNNING,17.77,4.83,LIGHT,74.46,LOW,RUNNING,16.6,4.17,LIGHT,72.0,LOW,RUNNING,30.49,52.0,349.6,0.25,22.0,COOLING,0.25,22.0,COOLING,0.25,22.0,COOLING,0.25,22.0,COOLING,25.855,23.518,22.907,23.499,23.945,25.855,22.907,2.948,1124.44,148.11,146.6,146.46,255.0,340.0,255.0,340.0,230.84,368.46,469.02,368.89,-560.34,189.34,176.66,194.34,875.0,875.0,875.0,875.0,174.94,170.91,172.28,174.69,1565.61,1190.0,1437.21,3500.0,692.82,1.0,0.0,0.0,1.0,22.5,TARGETED_WEST_COMPUTE_COOL,29.2935
1,Localized Heavy Compute,0,719,7190.0,14,3,4,3,4,91.72,84.09,HEAVY,285.78,VERY HIGH,HEAVY LOAD,88.48,79.7,HEAVY,275.15,VERY HIGH,HEAVY LOAD,91.66,83.05,HEAVY,284.15,VERY HIGH,HEAVY LOAD,90.53,81.1,HEAVY,279.81,VERY HIGH,HEAVY LOAD,16.6,4.87,LIGHT,73.06,LOW,RUNNING,17.55,5.11,LIGHT,74.6,LOW,RUNNING,14.42,3.71,LIGHT,68.59,LOW,RUNNING,18.82,6.58,LIGHT,78.4,LOW,RUNNING,17.89,4.87,LIGHT,74.67,LOW,RUNNING,16.6,4.12,LIGHT,71.93,LOW,RUNNING,30.5,52.0,349.8,0.25,22.0,COOLING,0.25,22.0,COOLING,0.25,22.0,COOLING,0.25,22.0,COOLING,25.859,23.521,22.911,23.503,23.949,25.859,22.911,2.948,1124.89,147.66,146.99,146.6,255.0,340.0,255.0,340.0,231.04,368.73,469.32,369.14,-560.45,189.57,176.55,194.33,875.0,875.0,875.0,875.0,175.48,170.96,172.86,175.07,1566.14,1190.0,1438.23,3500.0,694.37,1.0,0.0,0.0,1.0,22.5,TARGETED_WEST_COMPUTE_COOL,29.3845
